{
"type": "FeatureCollection",
"name": "sylhet_blocks",
"crs": { "type": "name", "properties": { "name": "urn:ogc:def:crs:EPSG::32646" } },
"features": [
{ "type": "Feature", "properties": { "area_km2": 68.458678605104978, "block_id": "SYL-B000", "loss_pixels": 10.0, "plantation_ha": 0.0, "split": "val" }, "geometry": { "type": "Polygon", "coordinates": [ [ [ 371493.895318248018157, 2730527.296354989055544 ], [ 371493.895318248018157, 2720697.501353626605123 ], [ 371475.609830308007076, 2720689.461612157989293 ], [ 371421.251247350359336, 2720664.582175508141518 ], [ 371378.261787968687713, 2720642.267850768286735 ], [ 371361.973182133107912, 2720634.809790644329041 ], [ 371344.926430463790894, 2720626.993273141793907 ], [ 371313.682824697461911, 2720613.048389995004982 ], [ 371279.61809063970577, 2720595.852207665797323 ], [ 371251.170612511166837, 2720581.158655602950603 ], [ 371228.469827827299014, 2720569.152675735298544 ], [ 371210.14246456528781, 2720559.926450912375003 ], [ 371194.266465493710712, 2720551.334339210297912 ], [ 371187.118269562954083, 2720547.427363738883287 ], [ 371181.394940094673075, 2720542.926890919916332 ], [ 371178.088860906311311, 2720540.373764376156032 ], [ 371156.716713910805993, 2720534.839140374679118 ], [ 371127.112530780374072, 2720527.296354989055544 ], [ 371108.588973477890249, 2720529.137771331705153 ], [ 371089.896574775862973, 2720528.982732964679599 ], [ 371075.705319491156843, 2720528.854632943868637 ], [ 371061.936266691773199, 2720528.029567333869636 ], [ 371054.142085503670387, 2720528.887010019272566 ], [ 371043.043259323749226, 2720530.129103787243366 ], [ 371030.925922772148624, 2720530.518221297767013 ], [ 371015.33695833850652, 2720532.233151665423065 ], [ 371012.501132706645876, 2720531.169839435257018 ], [ 370999.943646840867586, 2720531.443669226951897 ], [ 370993.697676721494645, 2720531.642249659635127 ], [ 370983.017092845868319, 2720532.000056833028793 ], [ 370968.958997658570297, 2720532.244060574565083 ], [ 370947.082018940127455, 2720537.971287990454584 ], [ 370929.282317315984983, 2720538.609475810546428 ], [ 370927.232679828768596, 2720539.216652636416256 ], [ 370916.055238665663637, 2720542.585535729769617 ], [ 370898.154996217053849, 2720544.350691373925656 ], [ 370889.627178457158152, 2720545.974326183088124 ], [ 370872.214594346180093, 2720550.041590597480536 ], [ 370855.2068785870797, 2720555.47532611945644 ], [ 370849.309748228581157, 2720557.354030606802553 ], [ 370826.393789740337525, 2720561.291169499047101 ], [ 370806.772979022178333, 2720567.281895306427032 ], [ 370800.688455836847425, 2720569.164573225658387 ], [ 370750.718648962734733, 2720582.192315749358386 ], [ 370723.811567018332426, 2720592.279611434321851 ], [ 370710.829301666934043, 2720596.000315386801958 ], [ 370687.985271540528629, 2720603.248783745802939 ], [ 370652.159230530494824, 2720614.21804890781641 ], [ 370639.202545048494358, 2720616.25063995923847 ], [ 370612.300791751942597, 2720623.712664172518998 ], [ 370586.330610534001607, 2720630.904277157969773 ], [ 370563.451248867728282, 2720636.528356470633298 ], [ 370540.570818317763042, 2720642.090131868142635 ], [ 370532.117664750257973, 2720644.27457975409925 ], [ 370518.132930697349366, 2720647.892149074934423 ], [ 370482.830880731635261, 2720657.099830068647861 ], [ 370471.908850134524982, 2720660.7132368395105 ], [ 370446.905593115487136, 2720666.38361275754869 ], [ 370422.991302621318027, 2720670.405246948823333 ], [ 370399.156298205023631, 2720680.925680472515523 ], [ 370356.36958535289159, 2720693.734355485066772 ], [ 370343.449655884585809, 2720697.453724805265665 ], [ 370317.579936789232306, 2720706.393446135334671 ], [ 370290.77463615994202, 2720715.415907030459493 ], [ 370266.844332213571761, 2720724.438235523644835 ], [ 370242.026957633846905, 2720730.04224880412221 ], [ 370215.22024943708675, 2720739.002188622020185 ], [ 370189.353357879328541, 2720748.066724773496389 ], [ 370164.383833441301249, 2720755.299221929162741 ], [ 370138.606441298034042, 2720762.736651230137795 ], [ 370116.725508261471987, 2720768.27664936427027 ], [ 370095.914673638762906, 2720774.168196619022638 ], [ 370057.854432966094464, 2720788.749070088844746 ], [ 369995.2847717263503, 2720802.989214385394007 ], [ 369966.239579078974202, 2720809.622843949589878 ], [ 369952.370203712955117, 2720812.800352737307549 ], [ 369945.45720260363305, 2720813.951223810669035 ], [ 369932.466647946159355, 2720817.297308586072177 ], [ 369920.684745241655037, 2720821.616917057428509 ], [ 369896.845329925708938, 2720829.074703928548843 ], [ 369877.963059598696418, 2720834.549213683698326 ], [ 369868.037768644397147, 2720838.015807200223207 ], [ 369860.888551213080063, 2720839.796883187722415 ], [ 369853.117256156634539, 2720841.716452328953892 ], [ 369844.168778736726381, 2720846.97441275510937 ], [ 369827.248852550052106, 2720850.718570525292307 ], [ 369813.329418199369684, 2720854.459856232162565 ], [ 369801.979470092395786, 2720858.520142246503383 ], [ 369795.218599076091778, 2720860.917606419418007 ], [ 369793.052278189570643, 2720861.902487101498991 ], [ 369784.524438257911243, 2720863.526040631812066 ], [ 369764.644082930404693, 2720869.084792764857411 ], [ 369743.563088934519328, 2720876.920091503765434 ], [ 369719.862314631580375, 2720884.999868161510676 ], [ 369701.125568825518712, 2720894.284085003659129 ], [ 369691.169253569212742, 2720899.189086306840181 ], [ 369658.381356046302244, 2720914.780122071504593 ], [ 369619.609496235032566, 2720934.00204181112349 ], [ 369581.86719267902663, 2720951.701251749414951 ], [ 369571.401565489242785, 2720956.179736359976232 ], [ 369549.232758396770805, 2720965.726213934831321 ], [ 369519.383841942064464, 2720981.378347913734615 ], [ 369464.861989736324176, 2721009.256871099118143 ], [ 369449.987876344646793, 2721017.956931293010712 ], [ 369417.846574802941177, 2721034.534058366436511 ], [ 369406.389488378365058, 2721042.284352459479123 ], [ 369395.794877201667987, 2721049.453436682466418 ], [ 369387.787456123740412, 2721054.878426894079894 ], [ 369357.880212874792051, 2721070.719308680389076 ], [ 369309.795414816937409, 2721089.956812347751111 ], [ 369293.443498010572512, 2721096.813952074851841 ], [ 369283.16236060904339, 2721101.163349006790668 ], [ 369278.451079456368461, 2721102.953759608790278 ], [ 369264.413255570747424, 2721107.010262557305396 ], [ 369247.467781768762507, 2721112.44256949564442 ], [ 369225.71991894202074, 2721121.229984912090003 ], [ 369200.822547431162093, 2721131.773609593044966 ], [ 369184.929560742806643, 2721136.745691027492285 ], [ 369159.094897006929386, 2721144.434396014548838 ], [ 369148.171428513829596, 2721147.985434123780578 ], [ 369143.111016777169425, 2721150.971073050517589 ], [ 369133.358408420870546, 2721156.621596733573824 ], [ 369120.71684922685381, 2721161.647717566695064 ], [ 369117.307896704354789, 2721162.972204591147602 ], [ 369093.874800513265654, 2721174.733935505151749 ], [ 369073.641158369195182, 2721181.300769495312124 ], [ 369067.463272215449251, 2721187.498417583759874 ], [ 369064.711515687929932, 2721187.433462144806981 ], [ 369062.461077934247442, 2721187.420057335868478 ], [ 369044.304076971660834, 2721194.629156800918281 ], [ 369028.070533182646614, 2721204.046294579282403 ], [ 369015.1477582056541, 2721207.640933765098453 ], [ 369000.234091660007834, 2721214.529101688414812 ], [ 368982.327111897524446, 2721221.732501625083387 ], [ 368971.536758009111509, 2721228.530981801450253 ], [ 368964.360285931499675, 2721231.937730950303376 ], [ 368960.58615620911587, 2721233.707700141239911 ], [ 368945.709269179787952, 2721242.282765151001513 ], [ 368929.79872796474956, 2721249.317721181549132 ], [ 368919.876120621920563, 2721252.909368351101875 ], [ 368901.037566396407783, 2721263.258556129410863 ], [ 368891.08924468816258, 2721268.538423923775554 ], [ 368872.610644372995012, 2721278.1920709265396 ], [ 368868.098940065829083, 2721280.540816525928676 ], [ 368857.296402611071244, 2721286.776890229433775 ], [ 368849.515705398924183, 2721291.134317923802882 ], [ 368833.837586153415032, 2721300.22706142719835 ], [ 368820.481616911361925, 2721306.893884100019932 ], [ 368812.442896753549576, 2721310.881971845868975 ], [ 368793.449304748268332, 2721319.859349527861923 ], [ 368777.356966109247878, 2721330.023702629376203 ], [ 368755.770873497938737, 2721340.495221422519535 ], [ 368737.153540308587253, 2721349.527058553416282 ], [ 368716.122890891390853, 2721359.673891755752265 ], [ 368703.504413671791553, 2721365.761964296456426 ], [ 368693.224835533823352, 2721370.174156673252583 ], [ 368672.644877744605765, 2721380.936242654453963 ], [ 368644.340145225462038, 2721395.742289440706372 ], [ 368620.477938168740366, 2721407.888674322050065 ], [ 368592.31135285156779, 2721417.566191583871841 ], [ 368565.391676865576301, 2721429.966673434711993 ], [ 368556.407535126665607, 2721433.600351432804018 ], [ 368539.616991249669809, 2721440.404635918326676 ], [ 368509.149645071825944, 2721453.507647687569261 ], [ 368499.182301467109937, 2721457.912945581134409 ], [ 368482.094283765880391, 2721465.411309433169663 ], [ 368454.390929818619043, 2721476.266128396149725 ], [ 368441.480316034925636, 2721480.423048825003207 ], [ 368423.355837884359062, 2721486.256273401435465 ], [ 368396.554253617068753, 2721498.341780843678862 ], [ 368367.652911454963032, 2721508.722895745187998 ], [ 368341.913156273949426, 2721517.910084980074316 ], [ 368316.165432233014144, 2721526.72228415729478 ], [ 368308.615673986379988, 2721530.199700905941427 ], [ 368293.328272710321471, 2721537.158760246355087 ], [ 368272.44531457364792, 2721542.614469943102449 ], [ 368246.836205199186224, 2721552.048800413962454 ], [ 368241.307056635501795, 2721553.60709364945069 ], [ 368232.813270815880969, 2721556.792460101190954 ], [ 368206.968792361905798, 2721564.044189330656081 ], [ 368199.284547138027847, 2721567.087133580818772 ], [ 368189.1215717617888, 2721571.121503730304539 ], [ 368152.717663364484906, 2721584.291583089157939 ], [ 368137.665433440299239, 2721590.557838429696858 ], [ 368111.730157267069444, 2721599.374199253506958 ], [ 368104.037639802205376, 2721602.04216145677492 ], [ 368096.219996218453161, 2721604.712863410357386 ], [ 368080.833673793298658, 2721609.98624762846157 ], [ 368069.996678735828027, 2721611.785370783414692 ], [ 368054.288645612658001, 2721619.503570285625756 ], [ 368046.951706461841241, 2721621.288719601463526 ], [ 368038.33297335577663, 2721624.476943591143936 ], [ 368015.915370279923081, 2721631.216358194127679 ], [ 368007.100848373374902, 2721634.033889250364155 ], [ 367997.62366167420987, 2721637.990804377477616 ], [ 367980.402357157319784, 2721645.11706680804491 ], [ 367965.703210135223344, 2721650.375542649999261 ], [ 367956.833156038192101, 2721653.506838482804596 ], [ 367948.823968365089968, 2721655.994154751766473 ], [ 367915.545099757262506, 2721666.283291555941105 ], [ 367906.038115366478451, 2721668.865795166697353 ], [ 367903.304060103546362, 2721669.613157897256315 ], [ 367881.06979628582485, 2721679.036341237369925 ], [ 367870.177657216787338, 2721684.024242148734629 ], [ 367849.270042449468747, 2721691.230938302818686 ], [ 367836.321550932596438, 2721696.513704306446016 ], [ 367815.862433097092435, 2721704.210703219752759 ], [ 367803.420580498990603, 2721709.794921660330147 ], [ 367800.454214906902052, 2721711.359752677381039 ], [ 367778.176598745514639, 2721718.783898980356753 ], [ 367747.760973110795021, 2721734.260903790127486 ], [ 367745.040665073436685, 2721735.632918255869299 ], [ 367712.050869879196398, 2721744.853277415502816 ], [ 367707.516039255366195, 2721746.139865631703287 ], [ 367688.464854652062058, 2721749.618004367686808 ], [ 367670.912087691249326, 2721753.0010857260786 ], [ 367662.88786268979311, 2721754.801168954465538 ], [ 367632.656553707260173, 2721761.523536557797343 ], [ 367615.963251563371159, 2721764.200453376863152 ], [ 367598.274460469023325, 2721767.086538346018642 ], [ 367593.105290526291355, 2721767.94914556061849 ], [ 367583.307561248482671, 2721771.53816170617938 ], [ 367557.551269198651426, 2721777.100338204298168 ], [ 367539.680119440192357, 2721777.365078242029995 ], [ 367513.889757138153072, 2721781.365507617592812 ], [ 367498.119993059604894, 2721783.397072135936469 ], [ 367474.922608304943424, 2721788.77823818102479 ], [ 367466.340170357259922, 2721790.778117530979216 ], [ 367451.533314068627078, 2721791.100977020338178 ], [ 367438.37255285133142, 2721792.388118114788085 ], [ 367427.767846416973043, 2721793.369523417204618 ], [ 367417.773021596716717, 2721793.649942745454609 ], [ 367403.5920953983441, 2721794.021717657800764 ], [ 367393.034906119806692, 2721794.314485560171306 ], [ 367376.174646921688691, 2721797.932459129020572 ], [ 367361.342052013613284, 2721799.9436284317635 ], [ 367346.483720385003835, 2721803.643138138577342 ], [ 367322.753597500617616, 2721807.535926238633692 ], [ 367311.82033767667599, 2721807.774415296502411 ], [ 367298.859225327149034, 2721809.619638398755342 ], [ 367294.570179369591642, 2721810.713197279255837 ], [ 367284.063376298698131, 2721813.317513367161155 ], [ 367256.608684319537133, 2721812.666204388719052 ], [ 367230.130874638911337, 2721813.806241648737341 ], [ 367208.370281594456173, 2721816.280882254708558 ], [ 367192.563434722076636, 2721816.625624110456556 ], [ 367180.77876835828647, 2721820.82052876194939 ], [ 367180.027354341233149, 2721815.023962278384715 ], [ 367169.287822359707206, 2721812.695259233471006 ], [ 367167.637592387618497, 2721811.543560713529587 ], [ 367133.312075094203465, 2721791.040062475949526 ], [ 367131.276309639913961, 2721792.272104201372713 ], [ 367097.310142914997414, 2721805.451457768213004 ], [ 367058.122296181041747, 2721825.683137310668826 ], [ 367054.165867903619073, 2721827.707125078886747 ], [ 367023.962064469698817, 2721841.429657036438584 ], [ 367012.702973562176339, 2721846.800749299116433 ], [ 367007.065295862499624, 2721849.111481237225235 ], [ 366991.306409069453366, 2721854.518136660102755 ], [ 366973.687123819254339, 2721860.590366784948856 ], [ 366958.115751073579304, 2721865.99316608114168 ], [ 366946.286658918601461, 2721876.752195957116783 ], [ 366930.001390881021507, 2721889.546017115470022 ], [ 366899.596475422673393, 2721902.647996462415904 ], [ 366884.507808877620846, 2721915.853513182606548 ], [ 366875.359516389144119, 2721923.42867250693962 ], [ 366867.576257649343461, 2721930.536707344464958 ], [ 366864.622293791733682, 2721932.663915921933949 ], [ 366852.685842749720905, 2721941.362520641181618 ], [ 366844.515269832802005, 2721947.916524900123477 ], [ 366834.359082717564888, 2721955.138525763526559 ], [ 366817.015563032531645, 2721962.392711581196636 ], [ 366808.250092877249699, 2721967.459378650877625 ], [ 366799.215683072805405, 2721971.656783214770257 ], [ 366789.082757130498067, 2721979.941041877958924 ], [ 366777.924482257920317, 2721989.935493175406009 ], [ 366768.879505056072958, 2721996.50832022447139 ], [ 366767.187372079701163, 2721999.170596211683005 ], [ 366762.656843940902036, 2722006.395102296490222 ], [ 366754.528740333276801, 2722017.761047964915633 ], [ 366753.631224067299627, 2722019.593389493878931 ], [ 366750.238894988666289, 2722027.418252324219793 ], [ 366746.955851468723267, 2722040.241199736017734 ], [ 366739.823072110186331, 2722048.522489983122796 ], [ 366728.029562757001258, 2722063.78135466016829 ], [ 366725.836245828773826, 2722066.39205979090184 ], [ 366719.646602925378829, 2722080.653590955305845 ], [ 366719.046774425718468, 2722087.542354872915894 ], [ 366717.226148267742246, 2722098.645623933989555 ], [ 366714.189337337622419, 2722117.026426895987242 ], [ 366710.184688508044928, 2722128.302440764848143 ], [ 366708.524674069311004, 2722143.902816573623568 ], [ 366713.783470653695986, 2722158.602125689852983 ], [ 366720.18548028729856, 2722171.276357281021774 ], [ 366722.961222577490844, 2722183.90466621844098 ], [ 366721.24766144779278, 2722191.317979394923896 ], [ 366723.142085728584789, 2722206.528159680310637 ], [ 366724.507787025417201, 2722217.562063353601843 ], [ 366726.85528775525745, 2722224.88656368246302 ], [ 366729.501694987062365, 2722234.454922068398446 ], [ 366732.208148125733715, 2722243.896891814190894 ], [ 366735.737619798688684, 2722256.696301211137325 ], [ 366742.416481361258775, 2722267.739170547109097 ], [ 366746.034267737937625, 2722278.849209713283926 ], [ 366752.534249019052368, 2722293.14636392891407 ], [ 366760.271221738308668, 2722301.103418530430645 ], [ 366761.233131962246262, 2722305.082843168638647 ], [ 366762.886500325170346, 2722312.110085798427463 ], [ 366770.505340226809494, 2722323.257605142425746 ], [ 366776.093942326959223, 2722335.887143379077315 ], [ 366780.776320854318328, 2722347.098532858304679 ], [ 366782.452562825812493, 2722349.437309501226991 ], [ 366786.450051180727314, 2722355.038235948886722 ], [ 366791.012089082272723, 2722369.315291291568428 ], [ 366793.759189319913276, 2722380.631472779903561 ], [ 366801.557519867317751, 2722414.340048537123948 ], [ 366806.772810322465375, 2722427.040062019601464 ], [ 366814.761578009347431, 2722446.555596389807761 ], [ 366820.108601204236038, 2722459.565346118528396 ], [ 366823.939330352237448, 2722468.982623171526939 ], [ 366837.406899001100101, 2722501.8173205293715 ], [ 366837.836334809020627, 2722504.308238108176738 ], [ 366841.019288166600745, 2722515.552589640486985 ], [ 366846.568931007641368, 2722534.996106378734112 ], [ 366859.43171733210329, 2722580.220355154015124 ], [ 366860.686655049270485, 2722597.632215295918286 ], [ 366868.069066282769199, 2722698.231787465978414 ], [ 366869.21661089459667, 2722713.583468199241906 ], [ 366858.883461637655273, 2722855.948972573503852 ], [ 366858.697653545939829, 2722858.890776799060404 ], [ 366859.16355334513355, 2722877.382489589974284 ], [ 366859.665092878218275, 2722900.373944740742445 ], [ 366857.067675389640499, 2722910.244210299570113 ], [ 366853.602446101489477, 2722923.321188427042216 ], [ 366851.105791262933053, 2722934.939380111638457 ], [ 366847.629457169794478, 2722944.641293757595122 ], [ 366843.22848924738355, 2722957.801097124349326 ], [ 366842.579103942145593, 2722971.004318963736296 ], [ 366831.646659485646524, 2722985.619307768531144 ], [ 366825.438244790944736, 2723001.881300051230937 ], [ 366819.965426054201089, 2723011.75183692574501 ], [ 366816.462265763548203, 2723023.079528510104865 ], [ 366812.808228421956301, 2723036.098079291637987 ], [ 366813.225664290133864, 2723040.90183986350894 ], [ 366812.124643778661266, 2723082.117850623093545 ], [ 366809.41228169738315, 2723098.178730089683086 ], [ 366805.694512254267465, 2723111.136206148192286 ], [ 366798.745336408959702, 2723119.226141094230115 ], [ 366796.790472779073752, 2723129.894781452137977 ], [ 366786.742356549715623, 2723144.928195517044514 ], [ 366775.964888968970627, 2723160.914976187981665 ], [ 366764.523450989334378, 2723177.978985269088298 ], [ 366760.498040906270035, 2723182.567104800604284 ], [ 366753.423916754312813, 2723190.660034426022321 ], [ 366745.635411793249659, 2723200.393402495421469 ], [ 366737.939629855332896, 2723214.375342326238751 ], [ 366724.156424788758159, 2723230.115060667973012 ], [ 366720.972425656509586, 2723241.748397661373019 ], [ 366713.820904051768593, 2723252.030446597374976 ], [ 366707.836346469179261, 2723264.224871889222413 ], [ 366704.108160224801395, 2723279.557789845857769 ], [ 366696.112451734719798, 2723296.984037443529814 ], [ 366691.994364205922466, 2723314.513257874175906 ], [ 366686.663277697109152, 2723330.881451790686697 ], [ 366680.870674999547191, 2723349.009714810643345 ], [ 366673.114407854329329, 2723368.806113352067769 ], [ 366664.502801260096021, 2723395.246658959425986 ], [ 366658.639146849396639, 2723410.126253311522305 ], [ 366650.844726967043243, 2723428.173258484806865 ], [ 366645.152694572578184, 2723448.049470324534923 ], [ 366637.387776387040503, 2723464.595730376429856 ], [ 366628.342830276000313, 2723488.358038063626736 ], [ 366623.36468163644895, 2723500.843008622061461 ], [ 366617.482327478763182, 2723517.723326503764838 ], [ 366616.225008848996367, 2723523.126247123815119 ], [ 366625.271807912678923, 2723536.680261369328946 ], [ 366631.907468354213051, 2723545.72406748123467 ], [ 366622.774741024011746, 2723559.737361358478665 ], [ 366615.976264647091739, 2723569.011681154835969 ], [ 366607.494172348757274, 2723584.198375793173909 ], [ 366601.958897515083663, 2723594.070178936701268 ], [ 366595.675929630640894, 2723609.771404795814306 ], [ 366590.456213626428507, 2723625.512060220818967 ], [ 366586.598389249062166, 2723634.909831813070923 ], [ 366580.738604379817843, 2723644.226121373474598 ], [ 366571.933716735045891, 2723664.670364955440164 ], [ 366570.111884818645194, 2723675.711350744124502 ], [ 366565.190656223101541, 2723685.069818751420826 ], [ 366556.537764324690215, 2723703.885554631240666 ], [ 366550.86257525975816, 2723713.072835841681808 ], [ 366547.000343835214153, 2723719.40791663620621 ], [ 366542.585957448347472, 2723731.943009492941201 ], [ 366533.590908124111593, 2723752.266506216488779 ], [ 366530.659064676030539, 2723758.26860908139497 ], [ 366523.900579965149518, 2723775.105554078705609 ], [ 366522.518280035234056, 2723777.635882121976465 ], [ 366515.04146514495369, 2723795.926038547419012 ], [ 366506.848896949668415, 2723812.919066362082958 ], [ 366505.452818244113587, 2723814.824884842149913 ], [ 366496.091602725326084, 2723841.281854069326073 ], [ 366485.758456022827886, 2723857.571554139256477 ], [ 366482.317166857654229, 2723863.147398336324841 ], [ 366471.330883576418273, 2723881.013958562165499 ], [ 366469.697180290473625, 2723883.487342089880258 ], [ 366461.630788044363726, 2723897.665083392523229 ], [ 366455.151857553864829, 2723910.120125855784863 ], [ 366447.73563874932006, 2723922.595906637143344 ], [ 366441.346209676703438, 2723933.424140707589686 ], [ 366432.428379622055218, 2723948.682601755019277 ], [ 366429.352391804161016, 2723953.812942709308118 ], [ 366426.734051871753763, 2723956.995406655129045 ], [ 366415.665873339632526, 2723971.113612377550453 ], [ 366411.286234367173165, 2723976.647206919733435 ], [ 366402.006670974893495, 2723989.663656387012452 ], [ 366397.025738338124938, 2723999.148366393987089 ], [ 366395.526533263735473, 2724002.056391236372292 ], [ 366391.731106245599221, 2724011.452749168965966 ], [ 366379.989416302531026, 2724026.210516538936645 ], [ 366376.201717587304302, 2724030.231319772079587 ], [ 366362.268424904090352, 2724050.537476670928299 ], [ 366353.700605938443914, 2724064.663404865190387 ], [ 366344.290895237529185, 2724080.308090665377676 ], [ 366335.973228029790334, 2724094.428639368154109 ], [ 366324.896710085740779, 2724105.29653322789818 ], [ 366318.557816867541987, 2724118.436310890130699 ], [ 366316.120042981463484, 2724121.302305898629129 ], [ 366307.221940998453647, 2724131.747588998638093 ], [ 366305.907407899561804, 2724134.526596825104207 ], [ 366299.753184658940881, 2724147.537356273271143 ], [ 366297.264237415511161, 2724153.779807765036821 ], [ 366294.753438292769715, 2724159.022706049960107 ], [ 366283.168494228622876, 2724180.965358392801136 ], [ 366279.451670833863318, 2724188.234882570337504 ], [ 366275.975191100966185, 2724195.061524390708655 ], [ 366265.963507617474534, 2724206.031211361289024 ], [ 366258.530297865509056, 2724223.445406473707408 ], [ 366247.21390907082241, 2724240.506640139035881 ], [ 366238.241911620367318, 2724259.017029349226505 ], [ 366237.099851533537731, 2724261.104620085097849 ], [ 366225.859473137708846, 2724278.789457066450268 ], [ 366217.733132956083864, 2724293.093321369495243 ], [ 366209.604294140008278, 2724307.272397368680686 ], [ 366202.944363273563795, 2724314.293475148733705 ], [ 366197.568919540499337, 2724320.036412411835045 ], [ 366195.731544453010429, 2724321.764323720708489 ], [ 366188.078649365110323, 2724329.119574265554547 ], [ 366183.642121645330917, 2724337.779906350187957 ], [ 366180.801208743534517, 2724342.217289280612022 ], [ 366179.785579817602411, 2724344.364694572519511 ], [ 366174.761021969025023, 2724354.72553397808224 ], [ 366170.128895092639141, 2724363.015070013236254 ], [ 366163.61993005668046, 2724374.095908175688237 ], [ 366156.138638056698255, 2724383.572657905519009 ], [ 366153.584328158060089, 2724389.691617786884308 ], [ 366152.225034927134402, 2724393.284220970235765 ], [ 366137.183343295706436, 2724414.364731461275369 ], [ 366135.424764099589083, 2724416.841025299392641 ], [ 366131.732571516069584, 2724425.234944897238165 ], [ 366126.937529484392144, 2724434.653196621220559 ], [ 366124.768802851438522, 2724438.388377494644374 ], [ 366120.864784100092947, 2724445.661970933899283 ], [ 366117.271511012688279, 2724452.866234751883894 ], [ 366108.133612138801254, 2724469.504943760111928 ], [ 366100.349565079901367, 2724482.301355208735913 ], [ 366091.787096607382409, 2724493.802036309614778 ], [ 366090.086851769825444, 2724496.089274522382766 ], [ 366080.681374245672487, 2724511.921310815494508 ], [ 366072.352415340370499, 2724522.66686137393117 ], [ 366063.757583823811729, 2724535.543534512165934 ], [ 366054.271278195315972, 2724544.814047748222947 ], [ 366047.670820593892131, 2724548.833461384288967 ], [ 366034.906410577357747, 2724565.426405808422714 ], [ 366019.303693495807238, 2724583.70665926579386 ], [ 366010.495384837733582, 2724595.400150487665087 ], [ 366006.831593305920251, 2724602.230784152634442 ], [ 365999.741626101080328, 2724615.324595004320145 ], [ 365994.671982746338472, 2724620.748368512839079 ], [ 365983.538605797686614, 2724634.742903196718544 ], [ 365972.429854592657648, 2724649.862127395346761 ], [ 365966.936759231146425, 2724658.795429416000843 ], [ 365960.296043620444834, 2724669.566658708266914 ], [ 365951.9627693684306, 2724677.249355093576014 ], [ 365941.178298096288927, 2724687.173391346354038 ], [ 365937.01597636815859, 2724694.077518017496914 ], [ 365928.448303502751514, 2724708.203652872703969 ], [ 365925.733660777506884, 2724712.700795794837177 ], [ 365914.799503654125147, 2724735.817184339743108 ], [ 365905.765610011876561, 2724745.765469848178327 ], [ 365894.656651537690777, 2724758.009293126408011 ], [ 365886.952293474110775, 2724751.551690509542823 ], [ 365881.75670805061236, 2724745.477033289149404 ], [ 365874.307784880278632, 2724739.263953437097371 ], [ 365867.67456339544151, 2724727.469817291945219 ], [ 365866.566017398843542, 2724725.368891033809632 ], [ 365862.903615816438105, 2724717.947986842598766 ], [ 365858.132761136395857, 2724708.425935371313244 ], [ 365852.060162580921315, 2724693.681813293602318 ], [ 365848.729071809793822, 2724684.253422796726227 ], [ 365845.062325622537173, 2724673.769804392941296 ], [ 365844.319191377493553, 2724671.223230533767492 ], [ 365841.489203660283238, 2724661.846382590010762 ], [ 365837.564082476310432, 2724648.117983011994511 ], [ 365837.516269082087092, 2724645.931296296883374 ], [ 365838.254404936218634, 2724636.78917039046064 ], [ 365839.078818929730915, 2724623.019622204359621 ], [ 365830.457155501295347, 2724594.579690708313137 ], [ 365828.808908316481393, 2724570.612826895900071 ], [ 365817.401045827195048, 2724537.670532734133303 ], [ 365809.860003994370345, 2724518.64548065373674 ], [ 365801.562370925908908, 2724499.324377365875989 ], [ 365775.966741396929137, 2724466.441879658959806 ], [ 365764.397672980267089, 2724451.880063309334219 ], [ 365744.791379313566722, 2724444.244653174653649 ], [ 365716.227059420663863, 2724447.180809982120991 ], [ 365700.153483826783486, 2724455.345156142953783 ], [ 365698.93796788121108, 2724456.934342551510781 ], [ 365689.416089165140875, 2724461.705123330932111 ], [ 365674.024701948976144, 2724475.355264584068209 ], [ 365665.248418869450688, 2724479.922278487123549 ], [ 365655.298493973270524, 2724485.140007285401225 ], [ 365649.226098805957008, 2724470.395847649313509 ], [ 365642.778621790930629, 2724438.470333078876138 ], [ 365641.407114722183906, 2724427.1865563262254 ], [ 365638.792813311913051, 2724413.367020462173969 ], [ 365635.94094278011471, 2724402.99054051283747 ], [ 365634.515814360696822, 2724397.833580635488033 ], [ 365628.873299826227594, 2724377.016902210656554 ], [ 365612.465839163516648, 2724358.435300572309643 ], [ 365583.089372668589931, 2724375.703355742618442 ], [ 365570.643506473163143, 2724383.975898148491979 ], [ 365547.076161700882949, 2724403.930045002605766 ], [ 365538.764491157722659, 2724409.737179579213262 ], [ 365533.592702075722627, 2724413.350415292195976 ], [ 365527.805795458261855, 2724417.414714199956506 ], [ 365524.824851083219983, 2724421.167704045772552 ], [ 365515.500098813674413, 2724429.247107128147036 ], [ 365507.408526167040691, 2724436.549626024439931 ], [ 365502.655287446454167, 2724442.15404381044209 ], [ 365495.403261087834835, 2724450.688334933016449 ], [ 365487.50037518911995, 2724458.049070947803557 ], [ 365482.380626018508337, 2724464.036479785572737 ], [ 365478.723247101996094, 2724468.304377129301429 ], [ 365457.54455116065219, 2724497.457449064590037 ], [ 365435.551945247047115, 2724538.004618698265404 ], [ 365418.785715493024327, 2724577.437714404426515 ], [ 365408.468424124177545, 2724605.916328414808959 ], [ 365403.553219875670038, 2724621.275268322788179 ], [ 365403.102409020939376, 2724623.535448071546853 ], [ 365397.928752614010591, 2724635.649832881521434 ], [ 365392.579312321264297, 2724656.894078654237092 ], [ 365390.464879010803998, 2724660.253077318426222 ], [ 365384.02339225797914, 2724665.831792600918561 ], [ 365380.481216007668991, 2724666.784210045821965 ], [ 365377.4941537596751, 2724661.661323447246104 ], [ 365374.1198613938177, 2724655.984321207273751 ], [ 365369.055301633081399, 2724644.468603717628866 ], [ 365360.836526781669818, 2724625.895768627990037 ], [ 365351.416097114328295, 2724612.41226398665458 ], [ 365342.066576585639268, 2724602.177574257832021 ], [ 365340.10667090798961, 2724601.157790532335639 ], [ 365326.511417467729189, 2724591.140855985227972 ], [ 365315.335139716044068, 2724580.258460709359497 ], [ 365306.362906216061674, 2724567.265378477983177 ], [ 365298.23848561255727, 2724555.878762500360608 ], [ 365292.547707231948152, 2724541.438715198077261 ], [ 365283.969433244899847, 2724529.312018276192248 ], [ 365277.230410940595903, 2724518.395325267221779 ], [ 365262.105975983082317, 2724495.597726289182901 ], [ 365254.020164474961348, 2724474.52185515826568 ], [ 365246.118367719755042, 2724461.880159526132047 ], [ 365244.812751432647929, 2724459.345925951376557 ], [ 365237.697233417653479, 2724445.499599575996399 ], [ 365234.746339305245783, 2724436.312968090176582 ], [ 365233.272355804685503, 2724431.782047744374722 ], [ 365223.928077825694345, 2724418.921974583994597 ], [ 365216.811420997837558, 2724407.88846522802487 ], [ 365195.768150824646, 2724385.970164212863892 ], [ 365184.514740893384442, 2724380.152463619597256 ], [ 365176.454187297495082, 2724368.827091100160033 ], [ 365169.464111744833644, 2724360.728663627523929 ], [ 365158.377580447704531, 2724351.09447370423004 ], [ 365144.35591244942043, 2724341.586865810677409 ], [ 365132.6757683577016, 2724333.403222747147083 ], [ 365130.398091568204109, 2724332.140341714955866 ], [ 365104.63881524046883, 2724323.263985889032483 ], [ 365069.37725948728621, 2724342.973397376481444 ], [ 365065.99838919728063, 2724348.547809554729611 ], [ 365053.441717259935103, 2724363.198629624675959 ], [ 365045.17632196273189, 2724371.129866027273238 ], [ 365038.487134348019026, 2724388.277873253915459 ], [ 365027.94641714671161, 2724406.510196205228567 ], [ 365021.806784433079883, 2724417.332973099779338 ], [ 365011.701670659764204, 2724446.932007406838238 ], [ 365003.221471844706684, 2724467.932244141586125 ], [ 364997.141970034688711, 2724481.504011495038867 ], [ 364992.354285352281295, 2724496.985369614791125 ], [ 364987.754065376590006, 2724512.462585330475122 ], [ 364982.727057750220411, 2724525.573825761210173 ], [ 364977.258924541529268, 2724541.382647095248103 ], [ 364971.918436386506073, 2724557.313611884601414 ], [ 364967.514687780058011, 2724567.473439481575042 ], [ 364958.427866419544443, 2724577.86046902788803 ], [ 364952.938533157866914, 2724584.106076092924923 ], [ 364950.813162718492094, 2724586.965312468353659 ], [ 364941.618694845587015, 2724595.292059746105224 ], [ 364935.036854485748336, 2724580.121399174910039 ], [ 364930.67923391709337, 2724575.21580079710111 ], [ 364928.907781349960715, 2724571.379006204660982 ], [ 364916.451862085727043, 2724527.64562890259549 ], [ 364914.352691117790528, 2724520.253072103485465 ], [ 364911.679035877343267, 2724497.996248923707753 ], [ 364907.426066296931822, 2724477.836589682847261 ], [ 364900.112064168439247, 2724446.304937086068094 ], [ 364897.354454870859627, 2724425.925092070363462 ], [ 364893.947718740091659, 2724407.309758778661489 ], [ 364893.698947477852926, 2724404.502364124637097 ], [ 364889.682178553834092, 2724383.712445077951998 ], [ 364883.881021470413543, 2724349.897439940832555 ], [ 364881.053016134654172, 2724332.019644087646157 ], [ 364873.666086121578701, 2724305.740077292080969 ], [ 364871.71439118613489, 2724290.780870953109115 ], [ 364868.088211855036207, 2724279.296086177229881 ], [ 364855.448177613201551, 2724272.946203146595508 ], [ 364846.582121768733487, 2724276.265093293506652 ], [ 364836.447590659256093, 2724281.611909683793783 ], [ 364831.319040848291479, 2724284.349267014767975 ], [ 364816.211435168341268, 2724296.680333181750029 ], [ 364803.492912748362869, 2724309.646964893210679 ], [ 364785.078457793104462, 2724327.988661915995181 ], [ 364757.205835410160944, 2724351.162223458755761 ], [ 364747.628198290418368, 2724359.122237863950431 ], [ 364739.236642718606163, 2724366.993755934759974 ], [ 364722.56854399596341, 2724382.296996935736388 ], [ 364714.41852105606813, 2724389.788293101359159 ], [ 364708.534727028454654, 2724389.416554534807801 ], [ 364702.714701839664485, 2724389.106109474785626 ], [ 364679.544806465040892, 2724372.859746267553419 ], [ 364655.862489524995908, 2724367.50091783516109 ], [ 364641.382658105692826, 2724368.504540524445474 ], [ 364623.706764967355411, 2724369.140450844541192 ], [ 364620.292390868766233, 2724370.215085066854954 ], [ 364607.438566110446118, 2724374.121163927018642 ], [ 364604.77107907977188, 2724375.054412122815847 ], [ 364592.924992845393717, 2724379.313526951242238 ], [ 364573.253081219852902, 2724385.868539112620056 ], [ 364546.054252495756373, 2724394.088268980383873 ], [ 364534.015625854954123, 2724400.976713757030666 ], [ 364529.509356558381114, 2724403.575447352603078 ], [ 364523.05060941982083, 2724385.464138978160918 ], [ 364518.712392284767702, 2724352.804880456998944 ], [ 364517.596608274965547, 2724344.640591652132571 ], [ 364511.826489000814036, 2724340.891066868323833 ], [ 364510.195891976356506, 2724332.05054708244279 ], [ 364509.558656243840232, 2724328.626607849262655 ], [ 364507.433249957393855, 2724317.171588080003858 ], [ 364507.358280702785123, 2724313.735307154245675 ], [ 364506.643494454270694, 2724309.625230473000556 ], [ 364504.126803104474675, 2724294.55338125070557 ], [ 364505.132447919924743, 2724286.21792182745412 ], [ 364504.897015425085556, 2724281.160001422744244 ], [ 364504.762430299306288, 2724277.850006260443479 ], [ 364502.212368705309927, 2724269.842113944236189 ], [ 364497.138175108761061, 2724255.013576113153249 ], [ 364491.71878389059566, 2724238.692344271577895 ], [ 364469.978666296694428, 2724202.037248996086419 ], [ 364459.626202245941386, 2724185.948701221495867 ], [ 364447.754349803959485, 2724189.020573921501637 ], [ 364438.411500347428955, 2724193.412476764060557 ], [ 364432.913041902531404, 2724204.971443333663046 ], [ 364429.852933798683807, 2724219.415041843429208 ], [ 364424.093363014108036, 2724227.604114721994847 ], [ 364416.986433258047327, 2724234.197624776512384 ], [ 364410.221488132956438, 2724239.28333157626912 ], [ 364407.327386506600305, 2724241.284383913036436 ], [ 364389.416795086115599, 2724245.488245578948408 ], [ 364380.163248407247011, 2724245.377635124139488 ], [ 364376.7866823792574, 2724245.326372222974896 ], [ 364369.096463729743846, 2724245.244168889243156 ], [ 364357.903456017083954, 2724245.050916686654091 ], [ 364313.762126920279115, 2724241.701258872170001 ], [ 364281.27315718412865, 2724250.973962811287493 ], [ 364243.160014474822674, 2724266.057586878538132 ], [ 364215.258701412414666, 2724290.794623008463532 ], [ 364184.547460250963923, 2724315.655392880085856 ], [ 364167.770451618242078, 2724328.835694204550236 ], [ 364160.019597236008849, 2724334.56809917697683 ], [ 364156.943364972423296, 2724336.822949383873492 ], [ 364126.3215966130374, 2724374.371141051407903 ], [ 364119.416599111980759, 2724378.772248861379921 ], [ 364101.600534900382627, 2724390.16259661084041 ], [ 364070.098817804711871, 2724401.726532763801515 ], [ 364058.417007547686808, 2724404.919390313792974 ], [ 364040.224178921082057, 2724410.504584814421833 ], [ 364013.04289658612106, 2724419.536475472617894 ], [ 364005.843194874876644, 2724421.881391349714249 ], [ 363970.522685037984047, 2724438.904390666168183 ], [ 363967.999228904489428, 2724440.709648652002215 ], [ 363963.413870493648574, 2724442.560096802189946 ], [ 363942.223842392559163, 2724451.148576342500746 ], [ 363913.427490572677925, 2724460.653322416823357 ], [ 363910.273749132349622, 2724462.22242714650929 ], [ 363877.931618383037858, 2724475.367408017162234 ], [ 363846.670308202737942, 2724486.488498767837882 ], [ 363820.096321954508312, 2724497.569986189715564 ], [ 363812.612764108052943, 2724501.233760762959719 ], [ 363806.860979778866749, 2724504.047165729105473 ], [ 363803.278023545630276, 2724506.000715114176273 ], [ 363798.089924879139289, 2724508.864204478450119 ], [ 363786.095695876458194, 2724512.064012723974884 ], [ 363770.785773978976067, 2724512.273050157818943 ], [ 363744.601977551123127, 2724512.594570241402835 ], [ 363732.440283105126582, 2724510.984809939749539 ], [ 363713.443803001602646, 2724508.399039055686444 ], [ 363692.87433337722905, 2724502.472198849543929 ], [ 363673.770043433993123, 2724494.950796435587108 ], [ 363654.345212023588829, 2724484.185811813920736 ], [ 363640.27976593922358, 2724472.678773830179125 ], [ 363629.649451957957353, 2724463.909584089647979 ], [ 363625.697920981561765, 2724460.432766082696617 ], [ 363605.901869761873968, 2724444.112747712060809 ], [ 363597.716360563761555, 2724435.665388026274741 ], [ 363586.143077919143252, 2724423.791296301409602 ], [ 363576.342202439438552, 2724407.190581211354584 ], [ 363558.943259653053246, 2724391.88078607711941 ], [ 363538.454920770192984, 2724366.762157592456788 ], [ 363528.148543156625237, 2724349.922328198328614 ], [ 363510.647958359622862, 2724321.363101988565177 ], [ 363507.720530740567483, 2724316.113731454126537 ], [ 363500.591526575968601, 2724304.517848036251962 ], [ 363496.533797294192482, 2724296.167826812248677 ], [ 363492.01552087807795, 2724286.7652897387743 ], [ 363483.674892998533323, 2724274.070549656637013 ], [ 363471.314346419647336, 2724251.899836270138621 ], [ 363462.003858907963149, 2724237.72620203346014 ], [ 363445.044674920965917, 2724233.970715412404388 ], [ 363420.413084294763394, 2724233.820723385550082 ], [ 363412.709296468645334, 2724233.113864139653742 ], [ 363412.445378469885327, 2724229.619178762193769 ], [ 363397.677447353373282, 2724231.754172601271421 ], [ 363393.689758133084979, 2724232.341330342460424 ], [ 363316.737620498519391, 2724243.584621641784906 ], [ 363258.880899340496399, 2724259.099193886388093 ], [ 363239.989762128912844, 2724264.199668726418167 ], [ 363230.482406419760082, 2724266.782420524396002 ], [ 363204.772943621966988, 2724274.53208278445527 ], [ 363176.332303232164122, 2724283.153813570272177 ], [ 363155.280334969633259, 2724289.489186629187316 ], [ 363153.355822280049324, 2724290.093780803028494 ], [ 363144.28983377548866, 2724292.854443103540689 ], [ 363117.094152393634431, 2724295.510803301353008 ], [ 363097.087231434765272, 2724295.322429913561791 ], [ 363060.682716388138942, 2724297.054557556286454 ], [ 363035.860982014448382, 2724296.78374298568815 ], [ 363014.960644932929426, 2724298.615132967475802 ], [ 362982.385732329217717, 2724295.387963938992471 ], [ 362966.097810447507072, 2724293.74329036148265 ], [ 362916.127437773975544, 2724283.957402869127691 ], [ 362895.638193748018239, 2724281.716811317950487 ], [ 362817.233255817438476, 2724272.239050505682826 ], [ 362717.099211580120027, 2724263.86068020761013 ], [ 362681.748204674688168, 2724262.31947515765205 ], [ 362623.620753274881281, 2724259.712585168890655 ], [ 362617.162528062821366, 2724261.666367958765477 ], [ 362585.937344618258066, 2724268.723726399242878 ], [ 362583.938208780018613, 2724271.642683611717075 ], [ 362577.178539737826213, 2724274.10306226555258 ], [ 362569.971001108002383, 2724281.823934047017246 ], [ 362558.951194009743631, 2724292.440922528039664 ], [ 362543.253621042473242, 2724303.534964041318744 ], [ 362528.289648516802117, 2724316.738402721006423 ], [ 362511.899608872015961, 2724330.472840571310371 ], [ 362497.5032021246152, 2724341.038520577829331 ], [ 362488.388904300285503, 2724350.176113046240062 ], [ 362473.542829476995394, 2724360.189169889315963 ], [ 362427.978609112382401, 2724383.311677190009505 ], [ 362425.987500790273771, 2724383.730190314352512 ], [ 362363.619306088774465, 2724393.030020437669009 ], [ 362353.58877999742981, 2724394.561742170713842 ], [ 362345.738345260033384, 2724395.733216098509729 ], [ 362319.725516448263079, 2724398.176106619182974 ], [ 362305.234400222310796, 2724398.680010083597153 ], [ 362298.551775551168248, 2724398.951039229054004 ], [ 362253.060491273296066, 2724402.506765320431441 ], [ 362249.689330915105529, 2724402.705385359469801 ], [ 362228.962652117013931, 2724403.907830083742738 ], [ 362220.40321038843831, 2724404.094589669723064 ], [ 362197.535725450376049, 2724404.593835288658738 ], [ 362190.413180987932719, 2724404.749215666204691 ], [ 362166.850692293723114, 2724407.763873819727451 ], [ 362137.841550114681013, 2724410.397383263800293 ], [ 362102.528891787165776, 2724413.480954749975353 ], [ 362088.096405689488165, 2724416.671520035713911 ], [ 362070.32130789780058, 2724418.497070497367531 ], [ 362057.397722776629962, 2724419.216839387081563 ], [ 362047.816753965453245, 2724421.30120137007907 ], [ 362005.888688889681362, 2724447.782390523701906 ], [ 361998.037043083342724, 2724451.766799055505544 ], [ 361984.24881313345395, 2724458.693704533856362 ], [ 361975.424448199919425, 2724461.074191879481077 ], [ 361950.939896661380772, 2724467.671867659315467 ], [ 361942.005842612008564, 2724473.61776974145323 ], [ 361939.206467824871652, 2724488.555996043141931 ], [ 361936.405688451253809, 2724500.556471505202353 ], [ 361933.032451998093165, 2724509.256271248683333 ], [ 361919.095220057643019, 2724566.631129398010671 ], [ 361916.072155505011324, 2724602.827280758414418 ], [ 361918.424014762393199, 2724624.654055656399578 ], [ 361916.387977315229364, 2724625.886140291579068 ], [ 361893.555753184016794, 2724639.449067111127079 ], [ 361846.672057832591236, 2724656.53715907363221 ], [ 361828.917950719827786, 2724667.926384869497269 ], [ 361825.280804490554146, 2724670.256015320308506 ], [ 361845.81496345193591, 2724717.502052472904325 ], [ 361811.171927815070376, 2724736.948531388770789 ], [ 361797.846350102045108, 2724739.302307581529021 ], [ 361768.78868396312464, 2724745.437293825671077 ], [ 361750.850277914782055, 2724745.516417046077549 ], [ 361740.003161589615047, 2724744.002874397207052 ], [ 361717.471986876509618, 2724736.993639725260437 ], [ 361713.221668252255768, 2724734.148511225823313 ], [ 361703.307372910669073, 2724729.551837026141584 ], [ 361686.797447700228076, 2724723.473718492779881 ], [ 361670.419545028591529, 2724723.456135516054928 ], [ 361657.418449246441014, 2724723.489830653183162 ], [ 361621.19356016186066, 2724719.154980535618961 ], [ 361609.691823898814619, 2724716.280559341888875 ], [ 361594.525920158135705, 2724705.922570833936334 ], [ 361584.708177429856732, 2724702.886327646207064 ], [ 361576.165247835800983, 2724692.383830625098199 ], [ 361575.90147513046395, 2724688.889150834642351 ], [ 361570.207647987408563, 2724688.638348483946174 ], [ 361519.029937825514935, 2724686.567632246762514 ], [ 361493.895318248018157, 2724729.247352906502783 ], [ 361494.113314973888919, 2724736.368601693306118 ], [ 361495.279881978989579, 2724749.720113134011626 ], [ 361505.964234546525404, 2724783.866896118503064 ], [ 361512.251328060519882, 2724811.296318655833602 ], [ 361513.578382817388047, 2724826.269346134271473 ], [ 361520.274424770148471, 2724855.252578430809081 ], [ 361532.078030845150352, 2724889.124750393908471 ], [ 361542.778407346922904, 2724921.145900479052216 ], [ 361547.829940360505134, 2724937.788150333799422 ], [ 361551.71273349376861, 2724946.704589334782213 ], [ 361555.413665883243084, 2724958.750555942766368 ], [ 361567.563723545172252, 2724979.863447673153132 ], [ 361574.080465366132557, 2724992.035567823331803 ], [ 361579.748119632247835, 2725002.538425262086093 ], [ 361593.242880043457262, 2725025.121959478128701 ], [ 361595.318585068162065, 2725028.577236458193511 ], [ 361615.014029298094101, 2725051.713231009431183 ], [ 361624.422824101056904, 2725067.510180660989136 ], [ 361625.952279412304051, 2725068.851934215053916 ], [ 361627.864814803586341, 2725070.560462868772447 ], [ 361639.630875761446077, 2725079.80486510368064 ], [ 361654.485038987710141, 2725084.481491766404361 ], [ 361670.866910898766946, 2725084.686278559267521 ], [ 361692.0039749519201, 2725085.099978841841221 ], [ 361737.645300904347096, 2725085.541252121794969 ], [ 361762.145371887600049, 2725085.38137005828321 ], [ 361775.204886472667567, 2725085.15877897106111 ], [ 361778.509444511553738, 2725084.774074083194137 ], [ 361791.574276811326854, 2725084.801419036462903 ], [ 361807.942539143550675, 2725084.381513173226267 ], [ 361820.999292540596798, 2725084.033950467593968 ], [ 361832.6001020630938, 2725082.843177007976919 ], [ 361845.699071658193134, 2725084.43231846485287 ], [ 361849.019985957769677, 2725084.797388246748596 ], [ 361860.049155104905367, 2725086.056893358938396 ], [ 361875.625419178919401, 2725100.906489303801209 ], [ 361883.97654388617957, 2725105.474932102952152 ], [ 361892.353519976139069, 2725114.105716516263783 ], [ 361914.957521571253892, 2725144.491802139207721 ], [ 361920.619440812035464, 2725151.869119693990797 ], [ 361922.870327681070194, 2725154.757852326147258 ], [ 361944.991995137766935, 2725183.091500191949308 ], [ 361957.715054643573239, 2725201.816451014019549 ], [ 361965.689791902375873, 2725220.645128519739956 ], [ 361980.475267098168842, 2725245.075758475344628 ], [ 361985.552812120062299, 2725251.465871219988912 ], [ 361988.435973949846812, 2725260.404184145852923 ], [ 361997.603173360461369, 2725279.456841599196196 ], [ 362003.061489503423218, 2725288.96402740245685 ], [ 362007.737426003091969, 2725296.98799756821245 ], [ 362013.0422058350523, 2725308.061341385357082 ], [ 362021.794939371524379, 2725322.434751584194601 ], [ 362039.237401958205737, 2725351.183097150176764 ], [ 362060.227129007223994, 2725387.792645314708352 ], [ 362072.367774738930166, 2725408.468092894181609 ], [ 362086.064490186865442, 2725425.984015855472535 ], [ 362099.633355169091374, 2725440.50231436919421 ], [ 362130.062998707813676, 2725462.84109863685444 ], [ 362146.629171617387328, 2725474.356075122952461 ], [ 362176.687037528085057, 2725502.578823879361153 ], [ 362183.595622822991572, 2725506.92869697837159 ], [ 362193.678301133739296, 2725513.521911173593253 ], [ 362206.951765281846747, 2725520.233147753402591 ], [ 362230.007058405317366, 2725525.48067002883181 ], [ 362259.067059852997772, 2725528.033905243035406 ], [ 362292.289731743279845, 2725529.433784923981875 ], [ 362295.230329352954868, 2725529.557066714856774 ], [ 362311.932625251356512, 2725530.129989647306502 ], [ 362328.260136622353457, 2725530.711072751320899 ], [ 362337.950958821806125, 2725527.936657370533794 ], [ 362355.905548188136891, 2725528.60721672931686 ], [ 362372.24132340750657, 2725529.563395291566849 ], [ 362381.754410651221406, 2725530.10576413013041 ], [ 362390.266516967618372, 2725530.607539659366012 ], [ 362404.585018116864376, 2725530.794811693020165 ], [ 362424.550122730841395, 2725531.921591061167419 ], [ 362438.006205209356267, 2725532.69036172889173 ], [ 362454.177477951219771, 2725534.712724617682397 ], [ 362480.781577769550495, 2725536.444654888473451 ], [ 362502.836302502313629, 2725547.402274053543806 ], [ 362516.881823368137702, 2725560.847456553950906 ], [ 362518.298784800223075, 2725562.754153373651206 ], [ 362533.7703396177385, 2725575.668141599744558 ], [ 362554.564283266081475, 2725597.59224963421002 ], [ 362576.209323249699082, 2725612.684170950669795 ], [ 362579.510157617973164, 2725614.987365533597767 ], [ 362604.083211315330118, 2725626.765085242688656 ], [ 362615.703647204791196, 2725635.075043222866952 ], [ 362627.61255187576171, 2725648.004276182968169 ], [ 362635.060603646328673, 2725657.030402146745473 ], [ 362644.045170455356129, 2725667.710757250897586 ], [ 362649.962285167654045, 2725675.332582368981093 ], [ 362659.90477129467763, 2725689.805021132342517 ], [ 362669.245162421546411, 2725702.477893058210611 ], [ 362678.716032946482301, 2725715.397793491836637 ], [ 362682.8401858714642, 2725721.058597098570317 ], [ 362684.516577060276177, 2725723.397347697988153 ], [ 362693.987318661529571, 2725736.317258513066918 ], [ 362716.05315897334367, 2725762.089149840176105 ], [ 362724.802799313212745, 2725773.462202634196728 ], [ 362734.583149236743338, 2725786.250384834595025 ], [ 362746.192022097297013, 2725799.748624717351049 ], [ 362761.85304362361785, 2725818.471924948971719 ], [ 362788.970737848256249, 2725852.321775111369789 ], [ 362815.925178792327642, 2725881.549840252846479 ], [ 362841.316247336624656, 2725910.749292627442628 ], [ 362871.529409318347462, 2725943.21898960089311 ], [ 362888.392541503184475, 2725962.603616202250123 ], [ 362907.674657778581604, 2725983.99775083642453 ], [ 362912.068182619055733, 2725993.403221948537976 ], [ 362925.5817208479275, 2726011.110532854218036 ], [ 362930.828357315331232, 2726022.372591700404882 ], [ 362934.61961440811865, 2726041.417199066374451 ], [ 362938.646781369461678, 2726068.395475316327065 ], [ 362942.541919471812434, 2726092.188650967553258 ], [ 362946.395898379036225, 2726111.232199911959469 ], [ 362948.659437270951457, 2726131.873109761159867 ], [ 362953.876266109698918, 2726144.635747865773737 ], [ 362959.128635842585936, 2726159.023025409784168 ], [ 362966.111983195587527, 2726178.24816200369969 ], [ 362973.258692407165654, 2726202.095243407413363 ], [ 362977.355526910745539, 2726232.260021306574345 ], [ 362984.5447597419261, 2726260.919298132415861 ], [ 362988.337427967577241, 2726280.02659096987918 ], [ 362995.326680862344801, 2726302.37694810051471 ], [ 363002.440597672190052, 2726324.72463986556977 ], [ 363003.581871164089534, 2726328.325315587688237 ], [ 362997.227452956838533, 2726335.027324964758009 ], [ 363001.671383017092012, 2726361.05888008326292 ], [ 362988.72914843459148, 2726363.779401651583612 ], [ 362969.475221160450019, 2726369.450619443785399 ], [ 362954.213454112061299, 2726374.722116483841091 ], [ 362710.328374241886195, 2726412.991121432278305 ], [ 362676.673976555466652, 2726426.165385194122791 ], [ 362625.727132097294088, 2726446.093184277880937 ], [ 362558.369520321430173, 2726487.382395799737424 ], [ 362505.00880449032411, 2726516.989449639804661 ], [ 362469.29526817437727, 2726530.333794654812664 ], [ 362464.42480269994121, 2726533.440690390765667 ], [ 362458.011553601827472, 2726537.456199029460549 ], [ 362437.02570992463734, 2726552.541631076019257 ], [ 362422.326518514193594, 2726563.551795077044517 ], [ 362412.79254508879967, 2726570.635879551526159 ], [ 362380.545455595827661, 2726599.594245491549373 ], [ 362374.630999760120176, 2726606.412046657409519 ], [ 362357.98639608360827, 2726625.653121089562774 ], [ 362342.09652970317984, 2726653.691633925307542 ], [ 362331.987223984440789, 2726680.228678576182574 ], [ 362333.030971353990026, 2726699.395965969190001 ], [ 362335.844036375521682, 2726713.711619589012116 ], [ 362336.480012836924288, 2726717.073261844925582 ], [ 362343.35262494313065, 2726728.362212746869773 ], [ 362351.721537946141325, 2726736.618061763234437 ], [ 362360.056350781698711, 2726743.312057609669864 ], [ 362375.02675151929725, 2726753.298885267693549 ], [ 362386.650005062110722, 2726761.733631940558553 ], [ 362405.785158976563253, 2726776.380465308669955 ], [ 362411.66045376774855, 2726784.940575718414038 ], [ 362423.9644979062723, 2726795.923391171731055 ], [ 362436.746140809962526, 2726814.459501267410815 ], [ 362445.093941417406313, 2726827.46643282007426 ], [ 362461.810810352792032, 2726848.729165227152407 ], [ 362476.964174263586756, 2726869.963747106492519 ], [ 362488.739695392665453, 2726891.08434599917382 ], [ 362503.907356068491936, 2726918.694626670330763 ], [ 362520.750618441146798, 2726954.331574058160186 ], [ 362527.081810891744681, 2726972.320857904851437 ], [ 362546.848943550605327, 2727130.348500601015985 ], [ 362542.965180049883202, 2727212.944682195317 ], [ 362533.021927644265816, 2727278.546136618591845 ], [ 362530.276038963289466, 2727307.360111373942345 ], [ 362526.886098985560238, 2727320.998644377104938 ], [ 362517.624838874908164, 2727363.45671594934538 ], [ 362508.224173617782071, 2727399.54213198646903 ], [ 362497.290472093038261, 2727436.973778388928622 ], [ 362483.0811205226928, 2727478.97747018514201 ], [ 362462.344728376250714, 2727525.499566411133856 ], [ 362446.506815378321335, 2727567.351415642537177 ], [ 362432.045548824244179, 2727592.108390363864601 ], [ 362419.135101522901095, 2727610.580531003884971 ], [ 362411.165478029521182, 2727629.194814349059016 ], [ 362406.40642971044872, 2727643.11320462403819 ], [ 362406.67813144705724, 2727655.546398367267102 ], [ 362406.765500634792261, 2727659.54500079434365 ], [ 362424.293517443991732, 2727695.042140762321651 ], [ 362431.028806651127525, 2727705.771392788738012 ], [ 362446.374551994493231, 2727721.500933996401727 ], [ 362456.615640569711104, 2727732.466176095884293 ], [ 362471.561910854768939, 2727747.0791902737692 ], [ 362484.258473568828776, 2727755.990454369224608 ], [ 362490.614351797266863, 2727760.789908936712891 ], [ 362506.188876453554258, 2727769.825773130171001 ], [ 362528.317972097138409, 2727787.031973984558135 ], [ 362535.50212311767973, 2727792.563426916487515 ], [ 362541.594447646231856, 2727796.743511638604105 ], [ 362553.488327944651246, 2727806.109892441425472 ], [ 362568.723136132350191, 2727813.903080555610359 ], [ 362582.303979314630851, 2727823.232640939299017 ], [ 362605.871367222513072, 2727840.470029751304537 ], [ 362631.618648788833525, 2727857.347436595242471 ], [ 362653.709300630434882, 2727872.804277199786156 ], [ 362684.303064533742145, 2727891.200825063977391 ], [ 362715.028824828797951, 2727912.782545158173889 ], [ 362759.329783240624238, 2727943.443688879720867 ], [ 362775.734898406022694, 2727956.149462207686156 ], [ 362784.955323171743657, 2727963.324015231337398 ], [ 362812.429790541995317, 2727987.727070302702487 ], [ 362828.394698998250533, 2728000.317410944029689 ], [ 362832.529535726411268, 2728003.602550324518234 ], [ 362840.721783274319023, 2728009.486807093955576 ], [ 362858.673905347415712, 2728024.346638988237828 ], [ 362895.370016484288499, 2728053.111267287749797 ], [ 362901.474239299190231, 2728057.853460853453726 ], [ 362945.832351312623359, 2728088.263177593238652 ], [ 362961.189869365422055, 2728098.804155598394573 ], [ 363006.59086813905742, 2728128.316178110893816 ], [ 363014.643220617785119, 2728133.515784554649144 ], [ 363058.087938334909268, 2728159.319918347988278 ], [ 363060.239433869486675, 2728160.52310250280425 ], [ 363066.595221855968703, 2728165.322358800563961 ], [ 363126.408853088971227, 2728210.771378207020462 ], [ 363200.376301491109189, 2728297.479195465799421 ], [ 363203.94533874647459, 2728294.900792243424803 ], [ 363215.438261328439694, 2728314.527293837163597 ], [ 363223.035078890447039, 2728327.488192027900368 ], [ 363238.954395301057957, 2728358.019436381757259 ], [ 363240.749223822844215, 2728362.918160408269614 ], [ 363249.125324132037349, 2728385.800765203312039 ], [ 363255.773386129643768, 2728403.970279994420707 ], [ 363264.720361659768969, 2728430.090830331202596 ], [ 363265.348220053361729, 2728433.077570023015141 ], [ 363277.510339710162953, 2728471.87943930644542 ], [ 363286.474559243535623, 2728504.500347847584635 ], [ 363303.280275620578323, 2728552.702012111898512 ], [ 363317.40996486437507, 2728587.147841522935778 ], [ 363330.570082199119497, 2728622.990091412328184 ], [ 363331.83231754694134, 2728626.400429850909859 ], [ 363347.753728721407242, 2728662.744708594400436 ], [ 363365.710997657617554, 2728697.856877044308931 ], [ 363372.89365812332835, 2728711.889369980897754 ], [ 363404.695601589395665, 2728759.825671958271414 ], [ 363421.640302935789805, 2728788.6465924247168 ], [ 363447.517718426068313, 2728825.773453411180526 ], [ 363469.819139736529905, 2728853.727158663794398 ], [ 363507.703737908392213, 2728905.406073551625013 ], [ 363512.342898164177313, 2728911.742819095496088 ], [ 363514.015130191342905, 2728913.894071948714554 ], [ 363543.811299551976845, 2728952.998088869731873 ], [ 363563.603798936586827, 2728977.693594387732446 ], [ 363569.184052165248431, 2728984.197542943991721 ], [ 363570.594036057067569, 2728985.791957235429436 ], [ 363585.087146104429848, 2729002.539865757338703 ], [ 363613.333652731962502, 2729030.801089606247842 ], [ 363639.832097947073635, 2729059.16326016979292 ], [ 363657.422052224865183, 2729077.468493382446468 ], [ 363668.116702852363233, 2729089.173687808681279 ], [ 363680.41041441843845, 2729102.53170823585242 ], [ 363701.809973475406878, 2729129.255033217836171 ], [ 363723.292026492301375, 2729154.038710635621101 ], [ 363740.677058000699617, 2729174.411176584661007 ], [ 363756.58286066702567, 2729192.878468540031463 ], [ 363774.189437971741427, 2729214.809106540400535 ], [ 363788.175344093760941, 2729228.379984070546925 ], [ 363798.328802148229443, 2729243.910053625237197 ], [ 363807.319283330638427, 2729257.715239028446376 ], [ 363809.134274750715122, 2729260.676067032385617 ], [ 363810.87718135828618, 2729263.20078681781888 ], [ 363829.197073830931913, 2729297.742408137768507 ], [ 363835.147844556020573, 2729321.177721328102052 ], [ 363843.229552916600369, 2729356.318042878527194 ], [ 363847.319898911053315, 2729374.73105931468308 ], [ 363851.602192813064903, 2729393.327265275176615 ], [ 363853.466596416896209, 2729401.41266325302422 ], [ 363853.913684104511049, 2729413.279380622319877 ], [ 363870.762477990065236, 2729477.731852819677442 ], [ 363878.829216156213079, 2729566.504502482712269 ], [ 363885.056347065372393, 2729585.433516985736787 ], [ 363895.830029623524752, 2729609.325946012977511 ], [ 363904.813541129406076, 2729631.382454706821591 ], [ 363925.714587423775811, 2729669.617899384349585 ], [ 363935.941848191665486, 2729688.521682590246201 ], [ 363944.673322642222047, 2729704.770506233908236 ], [ 363965.063508914434351, 2729731.077884515747428 ], [ 363990.395118351152632, 2729757.527486568782479 ], [ 364007.221630775602534, 2729775.224455162882805 ], [ 364027.279807644255925, 2729794.913272597361356 ], [ 364047.276620750431903, 2729814.666179462801665 ], [ 364073.834523491328582, 2729840.026159075088799 ], [ 364092.209836640569847, 2729859.939646065700799 ], [ 364111.209552203537896, 2729876.963774500414729 ], [ 364114.142295198747888, 2729879.587523646652699 ], [ 364126.884480809676461, 2729896.310978576075286 ], [ 364141.846383962081745, 2729914.486307018436491 ], [ 364148.570396236842498, 2729930.403796858154237 ], [ 364161.324274003854953, 2729953.377808360848576 ], [ 364162.715620151138864, 2729956.972791985608637 ], [ 364179.388268453069031, 2730033.367936141323298 ], [ 364179.877423101454042, 2730035.732518013101071 ], [ 364180.184574573184364, 2730046.91470583435148 ], [ 364178.155073244823143, 2730065.586593916639686 ], [ 364172.143019920913503, 2730082.220143013168126 ], [ 364159.759418862638995, 2730107.619235639460385 ], [ 364156.74167606048286, 2730109.685319105628878 ], [ 364128.290804990567267, 2730129.247554445639253 ], [ 364125.939854688826017, 2730130.361608133651316 ], [ 364115.07712445477955, 2730133.849717498291284 ], [ 364090.651890199980699, 2730131.695886297151446 ], [ 364069.846840684418567, 2730132.150907891336828 ], [ 364047.252547403215431, 2730130.832364255096763 ], [ 364026.347898251144215, 2730129.601747183129191 ], [ 363999.525276531407144, 2730126.43788807047531 ], [ 363977.895030301006045, 2730123.473060125019401 ], [ 363958.446412918914575, 2730120.210330063477159 ], [ 363947.153844346408732, 2730118.33207948692143 ], [ 363923.344816274708137, 2730112.914435271173716 ], [ 363908.20414472342236, 2730109.432668753899634 ], [ 363875.774353199580219, 2730104.266090129036456 ], [ 363845.566756187705323, 2730097.800900270696729 ], [ 363839.915015214122832, 2730096.61178864678368 ], [ 363833.684574868530035, 2730094.685414669569582 ], [ 363800.981630919035524, 2730088.462098087649792 ], [ 363761.683920050738379, 2730077.944945730734617 ], [ 363743.430114642600529, 2730072.155880208592862 ], [ 363730.526401040027849, 2730068.062576961703598 ], [ 363688.729297222336754, 2730054.724765194114298 ], [ 363681.380634922767058, 2730050.259756848681718 ], [ 363648.549063456826843, 2730035.288329168222845 ], [ 363616.800494383613113, 2730015.542336484417319 ], [ 363584.919517522095703, 2729989.736223531886935 ], [ 363567.090827186941169, 2729974.811594222672284 ], [ 363554.95590692688711, 2729960.13736810721457 ], [ 363535.926614759664517, 2729936.050216204486787 ], [ 363514.018892352236435, 2729908.963244480080903 ], [ 363500.798601546674035, 2729893.250331263523549 ], [ 363483.554307442740537, 2729870.74930821172893 ], [ 363467.359046082769055, 2729850.475673869252205 ], [ 363445.151751610450447, 2729818.269452591426671 ], [ 363436.570023305946961, 2729803.142601537983865 ], [ 363409.306786449742503, 2729754.10715528903529 ], [ 363401.887649218901061, 2729740.705074347089976 ], [ 363398.290452075190842, 2729724.844183317851275 ], [ 363397.458692589309067, 2729721.111850024666637 ], [ 363380.365621660777833, 2729648.350866623688489 ], [ 363339.246511711797211, 2729637.435868982691318 ], [ 363333.67497284815181, 2729637.057771783322096 ], [ 363319.817977938626427, 2729635.110331868752837 ], [ 363320.267122233402915, 2729641.351367005612701 ], [ 363322.014224400394596, 2729655.502460977062583 ], [ 363317.887776736170053, 2729675.47051149699837 ], [ 363316.847853337996639, 2729679.368792971130461 ], [ 363319.306656258937437, 2729746.073848308064044 ], [ 363317.617978137393948, 2729754.611940416041762 ], [ 363314.9277606025571, 2729768.797529585659504 ], [ 363311.292012503603473, 2729779.753740069456398 ], [ 363307.149978197237942, 2729796.158863365650177 ], [ 363304.681089760153554, 2729809.027064791414887 ], [ 363303.583208112919237, 2729827.42869603773579 ], [ 363303.315224258112721, 2729843.749160088133067 ], [ 363304.046580438269302, 2729860.047712080180645 ], [ 363304.489854511688463, 2729874.602609706111252 ], [ 363305.059608941315673, 2729889.217177248094231 ], [ 363309.550603813375346, 2729905.933580150827765 ], [ 363312.074894505902193, 2729912.754364080261439 ], [ 363314.644579062471166, 2729921.636732955928892 ], [ 363318.367837790225167, 2729934.682089890819043 ], [ 363327.459204124286771, 2729961.674547156319022 ], [ 363337.639802100020461, 2729987.017780603840947 ], [ 363347.529440118349157, 2730010.49224034557119 ], [ 363355.554783647065051, 2730028.756658949423581 ], [ 363358.275808156467974, 2730033.135143608320504 ], [ 363369.205755176837556, 2730055.586524087004364 ], [ 363383.007419198635034, 2730080.725686475634575 ], [ 363391.859723943751305, 2730096.78438874380663 ], [ 363392.16977587522706, 2730099.527943674009293 ], [ 363393.846413069288246, 2730113.305611351970583 ], [ 363404.645375025633257, 2730164.076181422919035 ], [ 363405.872070984914899, 2730185.864847909193486 ], [ 363404.788950852584094, 2730213.517117158509791 ], [ 363402.164895517635159, 2730253.579889618325979 ], [ 363402.012267062440515, 2730280.89937957841903 ], [ 363401.429699105792679, 2730322.855353828053921 ], [ 363401.985358154866844, 2730333.96966166049242 ], [ 363402.888272253447212, 2730352.389700869098306 ], [ 363403.336321404203773, 2730361.44370069867 ], [ 363403.707470147812273, 2730364.123414079193026 ], [ 363407.216517224209383, 2730390.237633350305259 ], [ 363412.506161321885884, 2730406.311690015718341 ], [ 363415.915311899734661, 2730416.425823215395212 ], [ 363419.991747310617939, 2730428.463292118627578 ], [ 363422.399399818154052, 2730435.661695273593068 ], [ 363431.575336745590903, 2730455.088604384567589 ], [ 363434.982880957890302, 2730462.265098283067346 ], [ 363435.967882112134248, 2730464.431294009555131 ], [ 363439.968988296983298, 2730473.032567599322647 ], [ 363449.52817100926768, 2730492.826079645659775 ], [ 363458.41323110536905, 2730510.383999542333186 ], [ 363460.243212270317599, 2730514.031978004612029 ], [ 363467.876533388509415, 2730527.296354989055544 ], [ 371493.895318248018157, 2730527.296354989055544 ] ] ] } },
{ "type": "Feature", "properties": { "area_km2": 67.26785343335392, "block_id": "SYL-B001", "loss_pixels": 20.0, "plantation_ha": 0.0, "split": "train" }, "geometry": { "type": "Polygon", "coordinates": [ [ [ 371493.895318248018157, 2740527.296354989055544 ], [ 371493.895318248018157, 2730527.296354989055544 ], [ 363467.876533388509415, 2730527.296354989055544 ], [ 363470.509910784428939, 2730531.872359323315322 ], [ 363471.573708875279408, 2730534.787037840578705 ], [ 363477.094460465828888, 2730541.417110292706639 ], [ 363489.00687586388085, 2730557.34630111604929 ], [ 363494.642126480408479, 2730566.34928126912564 ], [ 363507.84651129564736, 2730584.187705687247217 ], [ 363518.050576178415213, 2730602.029508600477129 ], [ 363520.301967362931464, 2730607.793305838946253 ], [ 363525.150703581573907, 2730618.001179216895252 ], [ 363531.047136934474111, 2730630.373974376358092 ], [ 363528.137334773666225, 2730637.376038067042828 ], [ 363530.176196680695284, 2730647.707679553888738 ], [ 363531.512189287808724, 2730654.491892120335251 ], [ 363530.897256021620706, 2730657.818255170248449 ], [ 363531.74126671202248, 2730670.676554318051785 ], [ 363531.886722146824468, 2730683.049971905071288 ], [ 363532.138935985974967, 2730688.85779589228332 ], [ 363532.036816320673097, 2730707.050044085364789 ], [ 363533.462570213421714, 2730735.08499373216182 ], [ 363533.684569435834419, 2730739.518205793574452 ], [ 363537.84131215850357, 2730763.805606060195714 ], [ 363538.686721478239633, 2730768.162580208852887 ], [ 363544.72574952209834, 2730789.908479951322079 ], [ 363545.800601088674739, 2730793.322779801208526 ], [ 363550.865864439401776, 2730807.713952405378222 ], [ 363560.659934920608066, 2730835.378439962398261 ], [ 363561.920826685556676, 2730838.726230893284082 ], [ 363571.260777735966258, 2730854.211614176165313 ], [ 363579.884564753971063, 2730868.399684815201908 ], [ 363582.535114329773933, 2730872.404878763481975 ], [ 363587.643580467964057, 2730883.044485499616712 ], [ 363599.525005755538587, 2730900.411876747850329 ], [ 363608.906753000919707, 2730914.958667650353163 ], [ 363617.121861556777731, 2730927.593009824398905 ], [ 363620.481304930406623, 2730932.582829839549959 ], [ 363627.784757602843456, 2730943.549532384146005 ], [ 363637.284679088043049, 2730957.781078125815839 ], [ 363638.771024817135185, 2730959.998843944165856 ], [ 363660.518677379121073, 2730988.339373765978962 ], [ 363676.808508969901595, 2731012.923701515421271 ], [ 363684.85900331439916, 2731023.749188507441431 ], [ 363696.967201617313549, 2731040.04896437143907 ], [ 363702.77455404761713, 2731048.360434036701918 ], [ 363708.477486151154153, 2731054.736717699095607 ], [ 363715.459644739225041, 2731062.459842195734382 ], [ 363721.395072457613423, 2731070.89366302266717 ], [ 363733.00595525035169, 2731087.329373767133802 ], [ 363738.328532910323702, 2731093.463639013469219 ], [ 363742.305903100059368, 2731098.127335447818041 ], [ 363754.914050131104887, 2731114.41615479066968 ], [ 363772.711649558506906, 2731130.779074941761792 ], [ 363781.264621456502937, 2731141.71840699063614 ], [ 363783.194986496469937, 2731144.238839201163501 ], [ 363791.030215585255064, 2731150.943429307546467 ], [ 363808.692006618133746, 2731166.809217699803412 ], [ 363817.375065244035795, 2731175.120191866066307 ], [ 363826.527702416584361, 2731182.046005357522517 ], [ 363835.094758727937005, 2731187.921746945474297 ], [ 363841.123310941155069, 2731192.040472725406289 ], [ 363849.50980068789795, 2731198.232759303878993 ], [ 363860.602017942932434, 2731205.241123077459633 ], [ 363869.65540056314785, 2731210.481143406126648 ], [ 363878.766932273982093, 2731215.53264815825969 ], [ 363887.923674407647923, 2731222.645634317304939 ], [ 363898.542194813489914, 2731230.851944011636078 ], [ 363903.687008847598918, 2731240.303118268493563 ], [ 363906.973387215170078, 2731244.794434214010835 ], [ 363919.867208484443836, 2731277.016517228446901 ], [ 363921.039076083397958, 2731284.866941786836833 ], [ 363921.463560161006171, 2731298.546736129559577 ], [ 363900.989850569982082, 2731319.872568531427532 ], [ 363877.908922459580936, 2731324.877955294214189 ], [ 363868.943786468124017, 2731329.387244081124663 ], [ 363865.708716365857981, 2731330.083182536065578 ], [ 363847.626381638459861, 2731337.854626866057515 ], [ 363836.53063482849393, 2731344.973405226599425 ], [ 363829.237013079808094, 2731354.446622787043452 ], [ 363828.173181237652898, 2731391.537182772066444 ], [ 363826.285299302253406, 2731402.392506369389594 ], [ 363835.262749933812302, 2731427.011772548314184 ], [ 363849.991331566940062, 2731465.944691682700068 ], [ 363864.25786637631245, 2731492.323461081832647 ], [ 363868.03724049217999, 2731499.366811740212142 ], [ 363878.867605582694523, 2731525.820734513457865 ], [ 363885.902652768068947, 2731541.668929635547101 ], [ 363891.668143726186827, 2731559.482631845399737 ], [ 363892.907252847333439, 2731561.830767965409905 ], [ 363896.095104318810627, 2731573.262602497823536 ], [ 363896.245887105236761, 2731583.010415859054774 ], [ 363886.682419985823799, 2731591.595809161663055 ], [ 363869.556324742152356, 2731617.348858723416924 ], [ 363866.046105170040391, 2731622.613807267975062 ], [ 363863.124911162303761, 2731626.240673435851932 ], [ 363829.225318920973223, 2731676.738972262013704 ], [ 363827.488449948024936, 2731688.778670300729573 ], [ 363830.681100978399627, 2731703.273146725725383 ], [ 363844.100132731371559, 2731730.920599822886288 ], [ 363852.434607350965962, 2731751.866026094183326 ], [ 363863.51931469689589, 2731772.813704329542816 ], [ 363873.348588127119001, 2731799.227162586990744 ], [ 363876.277624982816633, 2731804.538679686840624 ], [ 363880.783232971909456, 2731816.191604938358068 ], [ 363880.836588845471852, 2731818.628239270765334 ], [ 363881.319234273571055, 2731840.68307742709294 ], [ 363862.67904353805352, 2731880.096115471795201 ], [ 363860.109747679787688, 2731882.652632253244519 ], [ 363839.987669814727269, 2731902.908161305822432 ], [ 363837.776826603803784, 2731904.706702602561563 ], [ 363819.781072202022187, 2731919.289797321893275 ], [ 363813.830072365817614, 2731924.420793656725436 ], [ 363802.25246861029882, 2731932.362619404681027 ], [ 363784.018601711723022, 2731944.638201189693063 ], [ 363781.304978721775115, 2731946.32273930311203 ], [ 363764.292141481419094, 2731957.258961495477706 ], [ 363758.685787632246502, 2731961.007036758586764 ], [ 363752.810652779997326, 2731963.886003558989614 ], [ 363727.758879214059561, 2731978.811108342837542 ], [ 363722.166272723232396, 2731983.184164692182094 ], [ 363701.580318455118686, 2731996.511331967543811 ], [ 363672.951186422375031, 2732013.639834076166153 ], [ 363645.450917321490124, 2732030.931408449541777 ], [ 363616.820600559411105, 2732047.997691615950316 ], [ 363592.800651733065024, 2732058.649734834674746 ], [ 363573.687546459783334, 2732067.881745855789632 ], [ 363556.215909610269591, 2732072.139582125004381 ], [ 363543.587547521339729, 2732074.916178246960044 ], [ 363532.699878872139379, 2732074.404290737584233 ], [ 363516.933432955003809, 2732073.749367426149547 ], [ 363497.222522195952479, 2732072.805668729823083 ], [ 363487.565371016797144, 2732071.391679284162819 ], [ 363464.424816162500065, 2732067.960003772284836 ], [ 363449.595418489654548, 2732067.284413473680615 ], [ 363438.571424482914153, 2732063.400123600848019 ], [ 363417.85703060158994, 2732062.290648599620908 ], [ 363388.199635259923525, 2732061.002034351229668 ], [ 363376.313883784867357, 2732060.574526632204652 ], [ 363362.484152813616674, 2732059.87699856236577 ], [ 363355.050755670526996, 2732060.102075146511197 ], [ 363341.934384308289737, 2732060.576748083345592 ], [ 363336.937380515504628, 2732060.748589756898582 ], [ 363315.807843065587804, 2732063.523991334252059 ], [ 363303.653281292354222, 2732065.102531841024756 ], [ 363298.775716105068568, 2732065.021796301472932 ], [ 363292.916487325332128, 2732065.775087872520089 ], [ 363272.061759810312651, 2732063.981085676699877 ], [ 363260.109206986380741, 2732063.367602907586843 ], [ 363235.453159181284718, 2732062.094578088261187 ], [ 363215.681293201923836, 2732061.214454819448292 ], [ 363196.847714814764913, 2732060.376495226286352 ], [ 363182.97578701924067, 2732057.742123030591756 ], [ 363172.029630753328092, 2732057.419155969750136 ], [ 363163.831438100954983, 2732056.973504954949021 ], [ 363159.28143396100495, 2732057.573167032096535 ], [ 363156.522768192749936, 2732057.195796087849885 ], [ 363148.248202031827532, 2732056.126802787184715 ], [ 363137.964094860828482, 2732048.913457615301013 ], [ 363126.312735342304222, 2732036.354172497522086 ], [ 363121.62038500176277, 2732030.456030977424234 ], [ 363118.180621182313189, 2732016.091813487932086 ], [ 363117.574274132493883, 2732002.665750674903393 ], [ 363114.884922931261826, 2731974.033190613146871 ], [ 363111.925908878678456, 2731950.219699720852077 ], [ 363111.870394681114703, 2731941.969878831878304 ], [ 363111.884675295557827, 2731936.906347116921097 ], [ 363111.976954438840039, 2731918.276650872547179 ], [ 363111.410690781427547, 2731909.538013861048967 ], [ 363110.139118167455308, 2731888.562915958929807 ], [ 363109.567349196062423, 2731879.574137796647847 ], [ 363106.473377638845704, 2731861.014430393930525 ], [ 363102.401254112483002, 2731840.600812138058245 ], [ 363100.633294497383758, 2731834.076068404596299 ], [ 363099.3318222227972, 2731823.165471148211509 ], [ 363097.528298270655796, 2731815.016301622614264 ], [ 363091.938309241319075, 2731790.947796868626028 ], [ 363088.780387519393116, 2731780.890506010968238 ], [ 363084.004086190776434, 2731765.430496959015727 ], [ 363080.907665011996869, 2731749.621088946703821 ], [ 363082.222855036961846, 2731732.589924433268607 ], [ 363088.284519855165854, 2731703.953513419721276 ], [ 363090.418533428164665, 2731695.780656518880278 ], [ 363092.4348892152193, 2731690.798375168349594 ], [ 363096.521568056370597, 2731680.457489134278148 ], [ 363098.36127195530571, 2731675.97922659991309 ], [ 363099.555800076457672, 2731670.577321196906269 ], [ 363100.802274307643529, 2731658.986021126620471 ], [ 363102.734946112614125, 2731647.317177248187363 ], [ 363102.74558420595713, 2731636.377905710600317 ], [ 363052.768374998006038, 2731592.027788503095508 ], [ 363049.189506246068049, 2731591.293592640664428 ], [ 363045.359025628888048, 2731590.502184697892517 ], [ 363035.54616942058783, 2731593.404711900744587 ], [ 363023.855044508120045, 2731596.160988469142467 ], [ 363020.601098916609772, 2731590.293748154304922 ], [ 363009.990363171324134, 2731559.584131288342178 ], [ 363007.918086424877401, 2731553.441184621769935 ], [ 363007.408380356268026, 2731550.13940317183733 ], [ 363005.768634361913428, 2731538.048624398652464 ], [ 363001.372851717867889, 2731505.7029257430695 ], [ 362998.914697344065644, 2731487.629265619907528 ], [ 362998.554390510893427, 2731485.449287232011557 ], [ 362993.817757548124064, 2731471.801086406689137 ], [ 362991.957712185569108, 2731458.214854555670172 ], [ 362985.414935689710546, 2731447.73148805834353 ], [ 362979.9613530151546, 2731435.59929907694459 ], [ 362958.637507578241639, 2731429.502305384725332 ], [ 362883.847508675185964, 2731419.574673135764897 ], [ 362863.145306681282818, 2731419.027488540392369 ], [ 362854.963233380578458, 2731419.331429788377136 ], [ 362829.403096805210225, 2731422.453569233883172 ], [ 362810.121550836891402, 2731424.000642061233521 ], [ 362800.76125469407998, 2731427.580885842442513 ], [ 362771.708405607729219, 2731436.780255265068263 ], [ 362758.852930305583868, 2731437.749049052596092 ], [ 362743.056701281981077, 2731438.594882029574364 ], [ 362741.058663156349212, 2731438.701038838364184 ], [ 362731.45238848408917, 2731442.4742635586299 ], [ 362719.734258445212618, 2731446.856170233339071 ], [ 362709.239857441047207, 2731452.899156166240573 ], [ 362695.782181040209252, 2731460.632141577545553 ], [ 362686.625383576145396, 2731473.521754013840109 ], [ 362684.779468320659362, 2731492.002256409265101 ], [ 362684.13332181336591, 2731513.894328543450683 ], [ 362690.22733627690468, 2731549.57848993409425 ], [ 362694.823407516872976, 2731576.794182398822159 ], [ 362710.037245379411615, 2731683.601161113008857 ], [ 362713.433508774789516, 2731707.40517869964242 ], [ 362718.092225637170486, 2731734.619594120420516 ], [ 362720.676216152496636, 2731758.441287989262491 ], [ 362721.81936960935127, 2731764.97970806248486 ], [ 362722.113542758626863, 2731769.84903101157397 ], [ 362722.713927220669575, 2731780.149751508142799 ], [ 362721.969843852217309, 2731800.418902770616114 ], [ 362727.26725529495161, 2731822.556071417406201 ], [ 362729.499345887452364, 2731844.572727623861283 ], [ 362729.685902880388312, 2731847.381517589557916 ], [ 362730.357066160184331, 2731858.055891228839755 ], [ 362734.527256841189228, 2731880.092576215043664 ], [ 362740.527709368965589, 2731897.213774574920535 ], [ 362745.329752825549804, 2731910.98552224598825 ], [ 362751.614229625207372, 2731929.663237306289375 ], [ 362761.670170714729466, 2731955.009093862958252 ], [ 362764.276331463363022, 2731962.703281680587679 ], [ 362768.223861508595292, 2731974.556016767397523 ], [ 362773.754483036173042, 2731993.062550357077271 ], [ 362786.568984984536655, 2732035.913022559136152 ], [ 362790.346571813919581, 2732048.582159651909024 ], [ 362795.427913654653821, 2732077.975070490501821 ], [ 362798.213351525308099, 2732093.85385427903384 ], [ 362799.948901261901483, 2732101.754468732979149 ], [ 362803.987052594777197, 2732120.606158859096467 ], [ 362807.620595926069655, 2732132.403308657929301 ], [ 362811.915848231350537, 2732154.437335853930563 ], [ 362811.708739523775876, 2732167.818731051404029 ], [ 362816.248113526613452, 2732178.158354543149471 ], [ 362820.886920349672437, 2732190.183466173242778 ], [ 362825.524191414646339, 2732202.146128292195499 ], [ 362833.502654643030837, 2732221.099180459510535 ], [ 362836.876387287047692, 2732229.588985071051866 ], [ 362838.202423415612429, 2732233.060452667530626 ], [ 362845.780454261228442, 2732245.146325326059014 ], [ 362865.353941940004006, 2732254.094174930360168 ], [ 362867.7581741187023, 2732255.416742820758373 ], [ 362872.608860644046217, 2732257.123476093169302 ], [ 362882.245876640663482, 2732260.475450132973492 ], [ 362905.321953079197556, 2732266.658829398453236 ], [ 362915.426948388107121, 2732274.251226138323545 ], [ 362926.44107866496779, 2732274.82284127548337 ], [ 362963.112342349020764, 2732276.708107338286936 ], [ 362975.00385467975866, 2732277.385501451790333 ], [ 362982.38848669215804, 2732277.786463029682636 ], [ 362993.091445843921974, 2732278.427215123083442 ], [ 363022.564077008515596, 2732279.845040726475418 ], [ 363037.414944428543095, 2732278.644866135902703 ], [ 363065.839529854361899, 2732275.022365851793438 ], [ 363089.619681458279956, 2732276.252214847132564 ], [ 363100.468149237392936, 2732277.827494070399553 ], [ 363115.851565157645382, 2732278.115901627577841 ], [ 363126.121269777650014, 2732278.953746139537543 ], [ 363133.260100941522978, 2732279.547712416853756 ], [ 363137.135073535086121, 2732279.525420229882002 ], [ 363153.948849161504768, 2732279.470036344137043 ], [ 363182.638729275960941, 2732279.404606891330332 ], [ 363205.462544282549061, 2732279.780087357852608 ], [ 363220.113869579916354, 2732280.89719109935686 ], [ 363239.691324885585345, 2732278.593461011070758 ], [ 363249.378090020501986, 2732278.506469791289419 ], [ 363284.063231769192498, 2732278.184880598448217 ], [ 363287.299787010531873, 2732277.551464391406626 ], [ 363289.489429008914158, 2732277.62856244109571 ], [ 363301.690439594502095, 2732278.174154940061271 ], [ 363321.463711219490506, 2732279.116613646037877 ], [ 363335.918098247493617, 2732279.80040194420144 ], [ 363346.118440305814147, 2732280.327427237294614 ], [ 363355.446993335383013, 2732280.998281437437981 ], [ 363358.076395713433158, 2732281.190672813914716 ], [ 363370.798822340322658, 2732279.8497927733697 ], [ 363393.448902050266042, 2732280.854056250769645 ], [ 363411.219966675678734, 2732281.715355745051056 ], [ 363422.12824659072794, 2732283.164255792740732 ], [ 363434.183846193249337, 2732282.775405705906451 ], [ 363437.875433440436609, 2732282.944615828804672 ], [ 363448.684345704037696, 2732282.708048737142235 ], [ 363459.587023164378479, 2732283.907169868703932 ], [ 363468.910069229605142, 2732284.328290859237313 ], [ 363482.729530456417706, 2732290.276574531104416 ], [ 363488.61519887286704, 2732293.585701104719192 ], [ 363515.608689575921744, 2732293.119888727553189 ], [ 363536.789994351449423, 2732292.718960580881685 ], [ 363564.595699102967046, 2732292.235283710993826 ], [ 363569.219139590859413, 2732292.134090282488614 ], [ 363583.985868823714554, 2732292.811186389066279 ], [ 363594.379222854098771, 2732293.583810267969966 ], [ 363600.639304833195638, 2732294.009229086339474 ], [ 363621.465129364398308, 2732294.491209717467427 ], [ 363632.386997481575236, 2732296.564908054191619 ], [ 363644.149317988660187, 2732297.057520950213075 ], [ 363650.97022328193998, 2732297.408337186090648 ], [ 363659.918445789488032, 2732297.83759019523859 ], [ 363683.555807514756452, 2732298.25791124580428 ], [ 363694.18670851457864, 2732298.462870737537742 ], [ 363710.633451447065454, 2732298.790549060329795 ], [ 363742.157731790328398, 2732296.850474917329848 ], [ 363766.81618975661695, 2732295.373089026194066 ], [ 363802.508502927492373, 2732292.529208280146122 ], [ 363804.884160917019472, 2732292.539658204186708 ], [ 363836.27264384686714, 2732292.977709868457168 ], [ 363862.763525706774089, 2732292.39800362708047 ], [ 363882.100395643967204, 2732290.537132137455046 ], [ 363895.110910848015919, 2732290.939956769812852 ], [ 363910.580856865854003, 2732289.476253449451178 ], [ 363935.925573113025166, 2732290.7967464979738 ], [ 363950.975783863977995, 2732290.154798181727529 ], [ 363959.406373699137475, 2732289.782805761322379 ], [ 363966.844001959660091, 2732289.744958895258605 ], [ 363977.057896098820493, 2732290.896637720521539 ], [ 363989.946213184972294, 2732291.427231525070965 ], [ 364001.036259336280636, 2732292.622279279865324 ], [ 364013.87983230559621, 2732293.966273727826774 ], [ 364016.447001567808911, 2732294.160063920542598 ], [ 364027.488705935771577, 2732298.856563703622669 ], [ 364035.651910061365925, 2732300.553257721476257 ], [ 364055.057497105677612, 2732304.691426676698029 ], [ 364064.232548825093545, 2732306.928558735642582 ], [ 364073.535472956253216, 2732309.287713395897299 ], [ 364084.283400658518076, 2732311.990450127515942 ], [ 364086.546409714734182, 2732312.566015051677823 ], [ 364099.796687667956576, 2732318.21423819847405 ], [ 364109.448745043308008, 2732322.2534663756378 ], [ 364120.231079477351159, 2732326.517977124080062 ], [ 364134.421664706955198, 2732335.146177244838327 ], [ 364146.01379530801205, 2732342.143398341257125 ], [ 364155.527724105748348, 2732348.436095835641026 ], [ 364172.36011842021253, 2732357.818943214137107 ], [ 364188.972444529412314, 2732365.706229559611529 ], [ 364208.963912829756737, 2732373.769883991684765 ], [ 364231.492878829012625, 2732383.528078688774258 ], [ 364235.855673774552997, 2732385.807892269454896 ], [ 364257.489990076515824, 2732397.523392101284117 ], [ 364269.159643094113562, 2732405.206519375555217 ], [ 364288.12233079446014, 2732417.668117931578308 ], [ 364297.376531386631541, 2732423.528847303707153 ], [ 364308.884875696152449, 2732432.403088935185224 ], [ 364317.037814741488546, 2732439.350698001217097 ], [ 364330.761610496905632, 2732449.489030655473471 ], [ 364338.322244716226123, 2732455.074294082354754 ], [ 364349.236633277847432, 2732462.523981275502592 ], [ 364354.545041157572996, 2732465.157965888734907 ], [ 364358.344227652938571, 2732467.387619039509445 ], [ 364374.150707318913192, 2732472.729992709588259 ], [ 364394.471054643800016, 2732472.972738930955529 ], [ 364405.103195390780456, 2732473.240134548861533 ], [ 364416.66983214195352, 2732473.361951935570687 ], [ 364439.601476870884653, 2732470.109846440143883 ], [ 364453.9805619539693, 2732467.357256283983588 ], [ 364470.537432571174577, 2732458.431203092914075 ], [ 364472.86649376177229, 2732456.317505722865462 ], [ 364481.34162778116297, 2732446.568245164584368 ], [ 364489.404010302852839, 2732437.953163244761527 ], [ 364498.003828792832792, 2732425.325846792664379 ], [ 364509.991011395177338, 2732421.813101314939559 ], [ 364531.337425999576226, 2732417.533001753967255 ], [ 364558.115771502605639, 2732432.948963149916381 ], [ 364573.684811241808347, 2732450.297897487413138 ], [ 364579.363407163880765, 2732458.424543252680451 ], [ 364581.231243339309003, 2732460.946679511107504 ], [ 364588.331376384012401, 2732474.042846027761698 ], [ 364589.779076594510116, 2732491.638344109989703 ], [ 364595.621756705280859, 2732515.825898059178144 ], [ 364597.506698056240566, 2732541.975571814458817 ], [ 364598.067341697984375, 2732567.591382161714137 ], [ 364600.19875087228138, 2732579.296150897629559 ], [ 364601.98195647879038, 2732623.637585144024342 ], [ 364601.501895861933008, 2732647.401332961395383 ], [ 364604.302049046906177, 2732661.0916035650298 ], [ 364608.659297453705221, 2732680.248576979152858 ], [ 364615.729027116321959, 2732700.533904931042343 ], [ 364621.88649568206165, 2732730.527913173194975 ], [ 364622.870605512987822, 2732735.507021156605333 ], [ 364628.801242993562482, 2732749.441403561271727 ], [ 364633.212811243603937, 2732759.658633652608842 ], [ 364643.078497889684513, 2732764.880864748265594 ], [ 364654.846654643071815, 2732768.498748881742358 ], [ 364665.764738723635674, 2732773.260394924785942 ], [ 364705.749895203683991, 2732778.073318317532539 ], [ 364736.367855618649628, 2732811.845002702437341 ], [ 364729.029610479366966, 2732822.131811372935772 ], [ 364721.613529508875217, 2732828.857408720068634 ], [ 364720.179222083068453, 2732837.577592238783836 ], [ 364712.936174648697488, 2732840.799006443005055 ], [ 364704.268775342265144, 2732844.614012295845896 ], [ 364700.925022592884488, 2732846.062415502034128 ], [ 364689.678011451731436, 2732849.121451730839908 ], [ 364680.668044986086898, 2732851.569007451180369 ], [ 364666.12196597433649, 2732855.26287670340389 ], [ 364656.860732022556476, 2732857.65342571772635 ], [ 364635.257418375287671, 2732861.626651727128774 ], [ 364633.152406636043452, 2732862.547858876176178 ], [ 364613.579331648536026, 2732865.039005879312754 ], [ 364603.77317512279842, 2732865.378753842785954 ], [ 364598.276462377398275, 2732865.561571288853884 ], [ 364573.071468268986791, 2732870.613819944206625 ], [ 364551.867519460502081, 2732875.703670851886272 ], [ 364542.75278074783273, 2732876.215798169840127 ], [ 364538.579017919255421, 2732876.86971238674596 ], [ 364528.504213273758069, 2732879.215467808768153 ], [ 364519.049890882452019, 2732881.360128916800022 ], [ 364503.789711787016131, 2732886.694780774880201 ], [ 364484.281101736007258, 2732892.122695736121386 ], [ 364482.368820458301343, 2732893.289690185338259 ], [ 364467.264656602172181, 2732897.18304886110127 ], [ 364452.862669817171991, 2732901.748928675428033 ], [ 364440.400361951731611, 2732906.397421320900321 ], [ 364433.44126387918368, 2732908.299892270937562 ], [ 364431.32926873199176, 2732908.90853917831555 ], [ 364419.27565568452701, 2732912.235407466068864 ], [ 364406.972488479688764, 2732918.443018924910575 ], [ 364370.682713140617125, 2732931.113885280210525 ], [ 364356.772885193291586, 2732938.169249601196498 ], [ 364320.649965000688098, 2732958.462530208751559 ], [ 364307.089718927629292, 2732970.073300763964653 ], [ 364305.634142968687229, 2732972.105386512819678 ], [ 364292.328884674003348, 2732989.649022431578487 ], [ 364289.171696085017174, 2733002.469769350253046 ], [ 364289.648627494694665, 2733012.835507832001895 ], [ 364288.710327706648968, 2733032.796047005802393 ], [ 364285.912289983243681, 2733059.173202593345195 ], [ 364286.477209410979412, 2733084.976624551229179 ], [ 364285.343993333401158, 2733107.441798941697925 ], [ 364284.429958892287686, 2733125.651736123953015 ], [ 364284.221544648695271, 2733130.406815719790757 ], [ 364283.182205997989513, 2733137.180560299195349 ], [ 364281.31510674970923, 2733148.972731259185821 ], [ 364278.234780942962971, 2733159.603998172096908 ], [ 364272.553451166895684, 2733168.479683571960777 ], [ 364264.180457169772126, 2733171.475728559773415 ], [ 364256.736003122932743, 2733171.201181074138731 ], [ 364241.036045585875399, 2733170.732252402696759 ], [ 364237.794189948937856, 2733171.115756100974977 ], [ 364225.085119095863774, 2733170.206434812396765 ], [ 364201.628638648428023, 2733169.469735388178378 ], [ 364199.456821433326695, 2733170.204934749752283 ], [ 364194.18320457189111, 2733172.008180822245777 ], [ 364174.428576917387545, 2733203.31948763364926 ], [ 364170.062559862271883, 2733226.605487574357539 ], [ 364169.051575426594354, 2733231.815884745679796 ], [ 364168.666114451712929, 2733242.763121782336384 ], [ 364168.440527154249139, 2733249.58162559941411 ], [ 364168.473646547237877, 2733271.08368158666417 ], [ 364169.506529668171424, 2733284.000197501853108 ], [ 364169.583101364434697, 2733287.498856088612229 ], [ 364168.924124564800877, 2733303.077771145384759 ], [ 364175.270273854082916, 2733316.003031787928194 ], [ 364182.038446123071481, 2733333.919644905719906 ], [ 364184.181846914230846, 2733334.74791291821748 ], [ 364184.828077246085741, 2733341.421979242935777 ], [ 364197.769641534367111, 2733352.952688947785646 ], [ 364209.359090091311373, 2733359.825017087627202 ], [ 364218.369512251694687, 2733368.816435131710023 ], [ 364224.620038135326467, 2733377.368058899883181 ], [ 364227.44693697988987, 2733380.869239991530776 ], [ 364243.900883839523885, 2733401.51171812042594 ], [ 364250.436628094292246, 2733408.806925476994365 ], [ 364268.501202736515552, 2733428.789064136333764 ], [ 364278.106050691800192, 2733442.080399433150887 ], [ 364280.234833214315586, 2733445.096674153581262 ], [ 364290.422368307423312, 2733459.312984316144139 ], [ 364305.131604706752114, 2733483.05646380642429 ], [ 364313.1264885335695, 2733494.195334532763809 ], [ 364332.567918834334705, 2733528.524089610669762 ], [ 364337.015231321216561, 2733540.36587782856077 ], [ 364343.625593545148149, 2733556.785589450504631 ], [ 364345.079508980503306, 2733560.379307611379772 ], [ 364348.626481576357037, 2733573.928334592841566 ], [ 364352.310853651782963, 2733588.036990577355027 ], [ 364352.865245459252037, 2733590.525097958743572 ], [ 364355.026944979908876, 2733612.168240054976195 ], [ 364356.145085200434551, 2733623.269988205749542 ], [ 364358.145812220522203, 2733640.415847623720765 ], [ 364359.918416378903203, 2733658.566935043316334 ], [ 364359.215526568179484, 2733672.146589515730739 ], [ 364358.912331768427975, 2733678.278947367332876 ], [ 364360.106681464298163, 2733690.004275152459741 ], [ 364358.94251659855945, 2733713.907910187263042 ], [ 364358.366938668652438, 2733716.170614656992257 ], [ 364354.839037964702584, 2733737.750711503438652 ], [ 364351.771040483319666, 2733757.507937221322209 ], [ 364346.302293347835075, 2733778.942784517537802 ], [ 364340.745342417503707, 2733793.503837648779154 ], [ 364338.000944023136981, 2733805.19041163334623 ], [ 364334.229017206234857, 2733821.337615630123764 ], [ 364329.069147345318925, 2733831.201775452122092 ], [ 364318.820997259696014, 2733854.17905869660899 ], [ 364314.098293513990939, 2733861.158434652723372 ], [ 364309.167987260152586, 2733870.079937322530895 ], [ 364293.757363051641732, 2733894.232836051378399 ], [ 364286.740705016534775, 2733902.075203658081591 ], [ 364285.054084839415736, 2733904.987515637651086 ], [ 364278.573828189983033, 2733911.630144409835339 ], [ 364259.679850600776263, 2733930.858927407301962 ], [ 364251.635388847440481, 2733940.286205333191901 ], [ 364249.501871108077466, 2733942.770734339021146 ], [ 364237.648901773733087, 2733952.406443042680621 ], [ 364232.428593289689161, 2733956.646442209370434 ], [ 364223.063193495967425, 2733962.852083313744515 ], [ 364213.513119716662914, 2733969.187130290083587 ], [ 364203.843821159098297, 2733975.774655439890921 ], [ 364197.437778217426967, 2733980.103040672373027 ], [ 364183.133953380049206, 2733986.292090356815606 ], [ 364172.642611015005969, 2733992.45995959918946 ], [ 364158.852292542753275, 2733999.262901382055134 ], [ 364146.970117409480736, 2734004.711005153134465 ], [ 364133.704277524841018, 2734012.627678305841982 ], [ 364118.395280995871872, 2734018.588640672154725 ], [ 364108.869399159390014, 2734023.172824513167143 ], [ 364092.464136663416866, 2734027.595104792620987 ], [ 364076.081566728826147, 2734030.204123979434371 ], [ 364053.822002386034001, 2734032.754409167449921 ], [ 364038.318434729997534, 2734035.531726758927107 ], [ 364018.736839628545567, 2734034.772797489538789 ], [ 364006.099782433593646, 2734034.299609035719186 ], [ 363995.402341801906005, 2734033.908737676683813 ], [ 363984.662921627168544, 2734034.456602833233774 ], [ 363976.025750027154572, 2734033.958140124101192 ], [ 363960.555423789191991, 2734041.110041966661811 ], [ 363955.606510203622747, 2734043.468861885368824 ], [ 363950.906008412828669, 2734045.759567278902978 ], [ 363940.946898180816788, 2734050.540837544947863 ], [ 363929.884989136480726, 2734056.346351752988994 ], [ 363888.962207394884899, 2734077.245099817402661 ], [ 363878.576756189169828, 2734082.535647937562317 ], [ 363874.30550676106941, 2734084.441942471079528 ], [ 363869.044075695972424, 2734086.807519813999534 ], [ 363852.931504347652663, 2734096.036423339508474 ], [ 363839.599226478952914, 2734103.766980438493192 ], [ 363811.155202259193175, 2734120.766955181024969 ], [ 363790.786872483498883, 2734135.464870144147426 ], [ 363786.097309046483133, 2734138.255475924350321 ], [ 363773.265214832266793, 2734148.850296031218022 ], [ 363759.823106712894514, 2734160.14622556604445 ], [ 363756.526837141194846, 2734169.469657584559172 ], [ 363733.373491060570814, 2734196.855354468803853 ], [ 363730.875983639038168, 2734239.790549600962549 ], [ 363732.424688343540765, 2734259.134320960380137 ], [ 363738.706695581495296, 2734269.123021596577018 ], [ 363749.241530501982197, 2734287.769723400007933 ], [ 363757.298969035735354, 2734298.907225830480456 ], [ 363761.330867099575698, 2734303.19456585496664 ], [ 363773.866196165909059, 2734313.296239682938904 ], [ 363786.675264496356249, 2734318.766555053181946 ], [ 363800.610179444425739, 2734324.274547912180424 ], [ 363827.556333341170102, 2734310.24518545018509 ], [ 363848.06162197154481, 2734293.231514231767505 ], [ 363866.112114594609011, 2734284.022426134906709 ], [ 363878.545742407965008, 2734278.061938666272908 ], [ 363886.634700763621368, 2734273.509194662794471 ], [ 363893.51323166070506, 2734267.920158700086176 ], [ 363913.680411910172552, 2734252.60169784957543 ], [ 363920.89326136134332, 2734248.005635275039822 ], [ 363922.802662487782072, 2734246.713644901290536 ], [ 363943.074799379799515, 2734233.330641183070838 ], [ 363952.589097666437738, 2734225.371074407827109 ], [ 363961.42862032877747, 2734217.98908128682524 ], [ 364006.099705243716016, 2734211.259953201282769 ], [ 364040.715292598237284, 2734253.444999141618609 ], [ 364047.154380317078903, 2734267.743313328828663 ], [ 364054.28680305974558, 2734288.027337753679603 ], [ 364060.071152042131871, 2734309.528275401797146 ], [ 364060.771549372293521, 2734324.390041149221361 ], [ 364069.800337038352154, 2734354.196125281974673 ], [ 364073.403719049994834, 2734370.306751720607281 ], [ 364075.692648105905391, 2734380.633134790696204 ], [ 364078.335439385497011, 2734395.702009520027786 ], [ 364081.718566157389432, 2734410.317390744574368 ], [ 364082.720471877488308, 2734416.108688367065042 ], [ 364085.22746832377743, 2734430.680720298085362 ], [ 364094.372735082986765, 2734482.924527851399034 ], [ 364100.16610792663414, 2734527.678515246137977 ], [ 364107.264682169887237, 2734572.091426192317158 ], [ 364111.162913581705652, 2734590.258437227923423 ], [ 364119.651667598111089, 2734629.640074346680194 ], [ 364138.108135633636266, 2734636.111578216776252 ], [ 364153.377427637809888, 2734636.902276973705739 ], [ 364163.953947378962766, 2734637.483266872819513 ], [ 364182.905068963533267, 2734635.130337957758456 ], [ 364197.972763393656351, 2734632.425087444018573 ], [ 364210.240412696497515, 2734633.156444722320884 ], [ 364229.748570808791555, 2734633.416700872126967 ], [ 364233.162875834386796, 2734632.341925135347992 ], [ 364255.358566645416431, 2734629.730365948285908 ], [ 364275.750855324789882, 2734630.408874349668622 ], [ 364297.227478689106647, 2734632.063729311805218 ], [ 364311.844479591178242, 2734631.618542390875518 ], [ 364348.775574137864169, 2734636.810382480733097 ], [ 364352.055305878224317, 2734643.864481675438583 ], [ 364366.234541294397786, 2734680.496073833201081 ], [ 364366.924876234785188, 2734683.481359571218491 ], [ 364369.69504101696657, 2734695.797211028169841 ], [ 364376.622596258996055, 2734723.836554757785052 ], [ 364380.334484970837366, 2734747.758278489112854 ], [ 364381.276686372351833, 2734753.675883008167148 ], [ 364387.369146232260391, 2734774.982640409842134 ], [ 364390.68518627807498, 2734786.536474499385804 ], [ 364392.306846940889955, 2734794.939635931979865 ], [ 364395.82769002020359, 2734812.989789454266429 ], [ 364399.97449638042599, 2734831.088751331437379 ], [ 364400.458320435020141, 2734833.203421799000353 ], [ 364402.165081676328555, 2734854.043639200739563 ], [ 364405.442727517685853, 2734863.848035050090402 ], [ 364407.958057241514325, 2734878.794822935946286 ], [ 364412.435596367227845, 2734892.011021515354514 ], [ 364415.88978063542163, 2734918.438780229538679 ], [ 364418.310077442554757, 2734926.199280836619437 ], [ 364419.060156282386743, 2734929.058166467119008 ], [ 364420.907346434425563, 2734936.33108472591266 ], [ 364422.666790089104325, 2734948.169072239194065 ], [ 364423.553462872107048, 2734954.400437692180276 ], [ 364425.92963017069269, 2734965.849842442665249 ], [ 364428.470184334903024, 2734979.108371017500758 ], [ 364434.663001512060873, 2734990.72410446498543 ], [ 364433.565009792218916, 2735011.938547399826348 ], [ 364433.505766035872512, 2735014.940142634790391 ], [ 364433.422425334225409, 2735028.256137037184089 ], [ 364453.431348783080466, 2735025.692620287649333 ], [ 364471.210197483189404, 2735024.052938611246645 ], [ 364475.639207855798304, 2735023.643341539893299 ], [ 364507.516235480201431, 2735020.694666499271989 ], [ 364538.505112241720781, 2735020.015922017395496 ], [ 364568.493299776280764, 2735019.29641517624259 ], [ 364575.998641266487539, 2735019.507127628661692 ], [ 364578.750574604840949, 2735019.571819446980953 ], [ 364599.519095493713394, 2735020.304464383982122 ], [ 364606.588826740277, 2735020.587122321128845 ], [ 364613.534664679318666, 2735020.935010982677341 ], [ 364618.164986170362681, 2735021.146156008355319 ], [ 364625.610658010933548, 2735021.483074354473501 ], [ 364644.491451574722305, 2735021.632170781027526 ], [ 364667.332857713103294, 2735022.819468844681978 ], [ 364671.02438909758348, 2735022.988634118810296 ], [ 364691.461504657578189, 2735022.853345654904842 ], [ 364709.849248613347299, 2735023.325766937807202 ], [ 364726.269937793607824, 2735022.465880122501403 ], [ 364731.066984079428948, 2735021.735790971666574 ], [ 364739.550185748725198, 2735020.924855194985867 ], [ 364753.209719967911951, 2735019.562885515857488 ], [ 364772.601084263063967, 2735020.20080573996529 ], [ 364786.110007082810625, 2735020.52990292571485 ], [ 364814.189820988802239, 2735021.164925600867718 ], [ 364824.759499475185294, 2735021.433475684840232 ], [ 364842.210063056903891, 2735021.926292864140123 ], [ 364857.658448086702265, 2735022.337988235987723 ], [ 364866.850789355870802, 2735022.511578279547393 ], [ 364876.044650755007751, 2735022.747735998127609 ], [ 364888.991224124503788, 2735023.089285282883793 ], [ 364910.817913578939624, 2735023.611165614333004 ], [ 364921.623720661504194, 2735023.24950746120885 ], [ 364926.642534094979055, 2735024.077193378470838 ], [ 364939.901421147573274, 2735024.411757634952664 ], [ 364944.85914642579155, 2735025.303286585956812 ], [ 364950.569256805349141, 2735026.303331712726504 ], [ 364989.140384418074973, 2735029.333839755970985 ], [ 365012.394424337195233, 2735029.386877187527716 ], [ 365023.965067853918299, 2735029.695996584836394 ], [ 365039.412108757998794, 2735030.04521965701133 ], [ 365043.164916037232615, 2735030.150535014923662 ], [ 365063.151320374105126, 2735023.712043390143663 ], [ 365062.755775726749562, 2735014.219571521040052 ], [ 365062.521381376544014, 2735009.223940630443394 ], [ 365062.02231301763095, 2734997.85850874800235 ], [ 365059.055766389763448, 2734987.984722117427737 ], [ 365058.41079532681033, 2734981.373193362727761 ], [ 365051.978674446640071, 2734958.823738947976381 ], [ 365051.233794106170535, 2734956.214748949278146 ], [ 365039.394434326561168, 2734875.1516960314475 ], [ 365039.808929266175255, 2734837.01295507280156 ], [ 365037.964596812613308, 2734804.174343187361956 ], [ 365035.897650565835647, 2734781.154304860159755 ], [ 365035.396788859274238, 2734758.287468444090337 ], [ 365034.928745289624203, 2734736.920151937752962 ], [ 365034.371797862579115, 2734728.61864889645949 ], [ 365033.783454763120972, 2734718.880521378014237 ], [ 365033.884182226611301, 2734712.064919333904982 ], [ 365031.59840910625644, 2734687.611967323347926 ], [ 365032.499386197188869, 2734674.528165296185762 ], [ 365036.891544645070098, 2734672.431656622793525 ], [ 365075.120959391468205, 2734654.154719009529799 ], [ 365104.540461496915668, 2734641.758898610714823 ], [ 365130.150836323504336, 2734632.38428285298869 ], [ 365153.084670754440594, 2734626.381439581047744 ], [ 365176.854836262529716, 2734618.609832147601992 ], [ 365212.196915770240594, 2734611.209905021358281 ], [ 365241.524528847774491, 2734608.879765445832163 ], [ 365244.754114739072975, 2734607.933964837808162 ], [ 365276.245602896378841, 2734598.805564782582223 ], [ 365318.675968796829693, 2734589.687747759744525 ], [ 365335.411190160317346, 2734586.070760334376246 ], [ 365340.450034933222923, 2734584.96031600702554 ], [ 365364.278936749848071, 2734579.875261419452727 ], [ 365390.859343801625073, 2734571.979814655613154 ], [ 365415.667346916627139, 2734565.935840791556984 ], [ 365424.746673522866331, 2734563.799137812573463 ], [ 365428.237640401988756, 2734566.222982342354953 ], [ 365481.800429315189831, 2734551.673149189911783 ], [ 365522.579455949249677, 2734544.216707004234195 ], [ 365548.565408395021223, 2734532.02110093459487 ], [ 365568.155425067991018, 2734527.466520601883531 ], [ 365592.057810741011053, 2734522.880103270057589 ], [ 365607.274502295535058, 2734518.421277143992484 ], [ 365612.193832901597489, 2734517.563505797181278 ], [ 365633.989816032117233, 2734513.835670922882855 ], [ 365658.660092336242087, 2734504.356662514619529 ], [ 365669.35273820918519, 2734501.684712018817663 ], [ 365688.182490242295898, 2734499.522216718178242 ], [ 365698.431326792342588, 2734530.801335878204554 ], [ 365702.1819248861284, 2734542.220520136412233 ], [ 365703.519069840724114, 2734546.191723848693073 ], [ 365710.551870283554308, 2734579.041618158575147 ], [ 365713.335637081647292, 2734600.545604942366481 ], [ 365713.857665509742219, 2734604.409636019729078 ], [ 365715.951941157283727, 2734620.11556253535673 ], [ 365717.217565131722949, 2734635.089571220800281 ], [ 365717.62721202801913, 2734639.518652584403753 ], [ 365719.475191536941566, 2734661.105805343482643 ], [ 365720.966205042903312, 2734700.64027743646875 ], [ 365720.767918499768712, 2734708.708103326614946 ], [ 365720.589591011521406, 2734714.837535430677235 ], [ 365720.17381964973174, 2734730.098525401204824 ], [ 365719.836472483002581, 2734743.232383521273732 ], [ 365721.533869899343699, 2734757.947031198069453 ], [ 365723.905884952750057, 2734777.77232241211459 ], [ 365726.220803727512248, 2734789.285502099897712 ], [ 365726.453026540053543, 2734805.594815331045538 ], [ 365726.493296695174649, 2734810.28210166702047 ], [ 365728.867927418556064, 2734830.232299655210227 ], [ 365729.612770346109755, 2734849.968257240951061 ], [ 365729.695980970165692, 2734868.031149186193943 ], [ 365728.420503002940677, 2734883.998336964286864 ], [ 365728.134605901432224, 2734888.067674721125513 ], [ 365728.464963459642604, 2734897.43650438124314 ], [ 365727.234767367190216, 2734915.465610676445067 ], [ 365729.055842735629994, 2734930.11493530543521 ], [ 365730.072239794535562, 2734933.718112016562372 ], [ 365734.580764075159095, 2734945.495668008923531 ], [ 365746.07717795856297, 2734956.682630883064121 ], [ 365758.967687050520908, 2734963.026096798479557 ], [ 365769.19384076166898, 2734964.739721688441932 ], [ 365774.945018716854975, 2734967.614112546667457 ], [ 365785.971097725559957, 2734968.747731346637011 ], [ 365795.841615485958755, 2734971.344431785866618 ], [ 365801.375263039604761, 2734972.84836238110438 ], [ 365825.144425939070061, 2734976.453101725783199 ], [ 365847.454402555362321, 2734984.777850951068103 ], [ 365889.387636806059163, 2734992.922836481127888 ], [ 365897.796619362430647, 2735002.98984515434131 ], [ 365899.976497941883281, 2735002.629502719733864 ], [ 365905.7058564418694, 2735013.067676603328437 ], [ 365906.165520805981942, 2735016.933092023711652 ], [ 365906.772110901307315, 2735021.795424236916006 ], [ 365907.08222256670706, 2735024.538906793575734 ], [ 365907.89320593571756, 2735033.022143523674458 ], [ 365909.59393574972637, 2735050.736996724735945 ], [ 365908.426135770743713, 2735068.76458804262802 ], [ 365906.778968748345505, 2735079.17692597489804 ], [ 365904.704072420950979, 2735090.036089798435569 ], [ 365899.787714003003202, 2735099.582413041964173 ], [ 365896.431217294710223, 2735106.156719446647912 ], [ 365894.628214173892047, 2735109.446520606987178 ], [ 365890.269537439802662, 2735115.917672538664192 ], [ 365877.850370364496484, 2735133.941899970173836 ], [ 365874.232642554095946, 2735137.146495472639799 ], [ 365869.339710442523938, 2735142.066730311606079 ], [ 365862.79433258343488, 2735148.585869169328362 ], [ 365856.126149209798314, 2735152.357389518525451 ], [ 365847.424944324826356, 2735157.48618227429688 ], [ 365840.452634445508011, 2735161.639325082767755 ], [ 365829.568962404795457, 2735167.003466592170298 ], [ 365824.192157510609832, 2735169.809011039324105 ], [ 365798.666538199409842, 2735180.181781509891152 ], [ 365784.364189297659323, 2735186.433441193774343 ], [ 365769.216967912274413, 2735191.203214529901743 ], [ 365759.818980637355708, 2735195.909755483735353 ], [ 365734.079866525600664, 2735205.099537044297904 ], [ 365730.491646442445926, 2735206.803386932704598 ], [ 365726.645528925466351, 2735208.137713819742203 ], [ 365712.440855352208018, 2735213.137090712785721 ], [ 365692.584106511902064, 2735222.635637285653502 ], [ 365680.211300018010661, 2735225.656933922786266 ], [ 365670.892140301119071, 2735231.111805970780551 ], [ 365658.34521125734318, 2735231.886718433815986 ], [ 365646.876713749254122, 2735233.388141900766641 ], [ 365636.405138756555971, 2735234.742569052614272 ], [ 365613.270757715334184, 2735234.436816813889891 ], [ 365551.982806655520108, 2735241.592880339827389 ], [ 365546.088457545032725, 2735243.597157910931855 ], [ 365543.419718214601744, 2735244.46823047241196 ], [ 365532.088980044354685, 2735249.404570325277746 ], [ 365521.65302187029738, 2735252.383507840335369 ], [ 365513.041598740615882, 2735258.760406547226012 ], [ 365507.648196908005048, 2735266.504450813867152 ], [ 365505.898807768593542, 2735275.106349179986864 ], [ 365506.490057144546881, 2735284.969497265294194 ], [ 365514.686266295611858, 2735305.292441862169653 ], [ 365532.09265721810516, 2735326.601067129522562 ], [ 365555.166144655144308, 2735375.47653585486114 ], [ 365577.973677975242026, 2735426.482875992078334 ], [ 365604.605318929650821, 2735418.08586451690644 ], [ 365610.441140072303824, 2735416.270347448531538 ], [ 365631.609074876119848, 2735409.555824123322964 ], [ 365639.862868834869005, 2735409.687516338657588 ], [ 365655.999412186560221, 2735407.271266750991344 ], [ 365667.021520731388591, 2735408.217414702754468 ], [ 365667.088539832038805, 2735411.278792435768992 ], [ 365667.437586226733401, 2735427.210533194243908 ], [ 365649.216611181793269, 2735462.864019403234124 ], [ 365679.091334565309808, 2735508.339763531461358 ], [ 365685.159069175599143, 2735519.958201449364424 ], [ 365690.313758400618099, 2735529.846429757773876 ], [ 365697.708298254292458, 2735547.811525314114988 ], [ 365706.460036753560416, 2735567.809652113355696 ], [ 365707.131247314973734, 2735569.92021470842883 ], [ 365714.476507755694911, 2735594.199684337712824 ], [ 365709.694107850140426, 2735624.120515014976263 ], [ 365678.452931252773851, 2735681.749103710986674 ], [ 365647.602439124078956, 2735711.553572734817863 ], [ 365633.217117618012708, 2735725.432896483689547 ], [ 365609.466098810895346, 2735748.331041291356087 ], [ 365596.366985740838572, 2735760.994467908050865 ], [ 365586.756542036193423, 2735770.268628069665283 ], [ 365574.39069831778761, 2735782.166070981416851 ], [ 365572.186672065639868, 2735784.277181890327483 ], [ 365567.002104827435687, 2735790.141236697789282 ], [ 365547.059215976274572, 2735804.267435515765101 ], [ 365537.76943166682031, 2735813.909769574180245 ], [ 365526.601091567892581, 2735823.405438896268606 ], [ 365515.444303529104218, 2735836.276472598779947 ], [ 365502.409073994902428, 2735849.001068686135113 ], [ 365476.440739676298108, 2735876.260812052059919 ], [ 365467.179679389344528, 2735887.215030229184777 ], [ 365451.473952442640439, 2735906.436572651844472 ], [ 365439.482580461539328, 2735924.013774281833321 ], [ 365422.87676284450572, 2735944.942744458094239 ], [ 365409.948362754657865, 2735962.540490730665624 ], [ 365396.115481876768172, 2735981.658511785790324 ], [ 365381.445075838011689, 2736002.482338525820524 ], [ 365367.710396327427588, 2736023.223433995153755 ], [ 365350.734202396299224, 2736047.22323573473841 ], [ 365345.563189541106112, 2736053.712242730893195 ], [ 365340.048960887419526, 2736061.646504729986191 ], [ 365326.083945618011057, 2736077.579481962136924 ], [ 365315.959530136780813, 2736091.92787496605888 ], [ 365305.355434798286296, 2736104.349381222389638 ], [ 365300.931424342910759, 2736110.697017174679786 ], [ 365299.349553972831927, 2736112.669551864266396 ], [ 365289.896484718890861, 2736120.565070192795247 ], [ 365270.964263129513711, 2736135.169202327728271 ], [ 365247.073049606929999, 2736157.38284785207361 ], [ 365233.871291684161406, 2736173.92418864602223 ], [ 365214.997335001826286, 2736179.775999077130109 ], [ 365188.003468093054835, 2736183.055535111576319 ], [ 365156.970533189713024, 2736173.171716161537915 ], [ 365147.087746756733395, 2736170.012882255017757 ], [ 365141.422291767084971, 2736168.199296136852354 ], [ 365125.357208180124871, 2736168.176352899521589 ], [ 365117.17272070114268, 2736168.355648359749466 ], [ 365114.427312737330794, 2736165.727933256886899 ], [ 365098.005173095094506, 2736157.961867092177272 ], [ 365070.829552735784091, 2736155.807223480660468 ], [ 365054.329584064660594, 2736153.043541810009629 ], [ 365049.937400504248217, 2736155.139964334201068 ], [ 365039.679402326699346, 2736166.241110660601407 ], [ 365035.203168990206905, 2736175.902911441400647 ], [ 365032.698967971431557, 2736187.146562909707427 ], [ 365031.267399004776962, 2736201.679699242115021 ], [ 365021.824424110352993, 2736198.636282091960311 ], [ 365020.536497731984127, 2736211.166015860624611 ], [ 365017.510462014295626, 2736227.109213093761355 ], [ 365014.248699474323075, 2736237.994542953558266 ], [ 365013.347116239601746, 2736248.203077816870064 ], [ 365011.918631079315674, 2736265.736537268850952 ], [ 365010.596620688796975, 2736285.26786275813356 ], [ 365008.968767880927771, 2736296.555032909382135 ], [ 365008.377473839209415, 2736309.507042679004371 ], [ 365002.690363732923288, 2736323.820961579680443 ], [ 365002.475238150742371, 2736328.263664182275534 ], [ 365001.497176094795577, 2736334.973426361568272 ], [ 364997.030876988777891, 2736347.947937699500471 ], [ 364991.764504162129015, 2736367.190782268531621 ], [ 364987.54548321722541, 2736380.034743580501527 ], [ 364979.073313374537975, 2736389.909091868903488 ], [ 364962.223988696350716, 2736394.028922970872372 ], [ 364942.570770980208181, 2736409.961554781068116 ], [ 364928.268538093136158, 2736416.213201658800244 ], [ 364914.959537222166546, 2736425.006079885642976 ], [ 364913.66684155841358, 2736434.473064021673054 ], [ 364912.309564116352703, 2736455.2552894144319 ], [ 364911.755371387233026, 2736469.894300365354866 ], [ 364909.80584153777454, 2736475.062651365995407 ], [ 364906.380721565103158, 2736484.201234842650592 ], [ 364906.46697625995148, 2736488.137508952990174 ], [ 364901.738566904095933, 2736500.555195793975145 ], [ 364898.866435284726322, 2736503.555885665584356 ], [ 364894.466724367579445, 2736508.152842549141496 ], [ 364885.070571282936726, 2736515.797253479249775 ], [ 364868.968291429569945, 2736528.33914396353066 ], [ 364859.549506187438965, 2736537.79674254450947 ], [ 364856.114501543983351, 2736552.186441211029887 ], [ 364858.504000537563115, 2736569.948588001541793 ], [ 364860.784015942190308, 2736582.71276853652671 ], [ 364865.524326371843927, 2736613.612868858501315 ], [ 364867.06505715259118, 2736624.017765832599252 ], [ 364869.118385337293148, 2736637.849623118992895 ], [ 364870.475917620118707, 2736657.009494435507804 ], [ 364871.570500626636203, 2736664.17406978039071 ], [ 364868.659558237879537, 2736699.617158538196236 ], [ 364864.055189708829857, 2736737.660362762864679 ], [ 364859.570168973994441, 2736781.138925443869084 ], [ 364851.401082730968483, 2736821.948049780447036 ], [ 364850.836539376643486, 2736824.710807060822845 ], [ 364844.571892995154485, 2736829.786294232588261 ], [ 364841.095663276850246, 2736833.737751023843884 ], [ 364837.048860848066397, 2736837.327073552180082 ], [ 364833.125632905750535, 2736840.851063580717891 ], [ 364828.201348327216692, 2736844.334436712786555 ], [ 364825.961716272053309, 2736844.821035154629499 ], [ 364817.125445922603831, 2736846.639867198187858 ], [ 364810.576299174164888, 2736847.283518952317536 ], [ 364800.097888223943301, 2736848.325837095733732 ], [ 364776.70705507195089, 2736850.588777986355126 ], [ 364773.158143642009236, 2736851.229055748786777 ], [ 364762.376309844083153, 2736849.840303605888039 ], [ 364749.840184561093338, 2736851.115192050579935 ], [ 364743.228672681609169, 2736860.323729574680328 ], [ 364733.571121427172329, 2736864.598438408225775 ], [ 364723.788683617138304, 2736868.875814635306597 ], [ 364711.158198416000232, 2736874.403437328524888 ], [ 364691.572764639044181, 2736882.021111167501658 ], [ 364685.651731656806078, 2736885.651396138127893 ], [ 364673.062357342801988, 2736893.053293936420232 ], [ 364664.147382195806131, 2736902.687431535217911 ], [ 364662.314586488995701, 2736907.478120091371238 ], [ 364658.455736266623717, 2736913.938537423033267 ], [ 364649.216721585369669, 2736934.456102621275932 ], [ 364641.91136136231944, 2736951.931041685864329 ], [ 364633.566618748591281, 2736967.615826566703618 ], [ 364626.230251531058457, 2736986.528902793768793 ], [ 364619.814291273942217, 2736996.108287390321493 ], [ 364598.263814060599543, 2737005.332004537340254 ], [ 364592.980691506469157, 2737006.697796633467078 ], [ 364583.090441791573539, 2737008.914961161091924 ], [ 364580.291221586987376, 2737009.538763977587223 ], [ 364561.934605267015286, 2737007.628422057721764 ], [ 364544.37288997421274, 2737007.763504033442587 ], [ 364528.908017253736034, 2737006.602296839933842 ], [ 364518.225603746366687, 2737006.899014116730541 ], [ 364497.892853509867564, 2737006.094385958276689 ], [ 364487.132819102029316, 2737005.705205011647195 ], [ 364470.679371032863855, 2737005.065762221347541 ], [ 364466.183633495122194, 2737005.289428279269487 ], [ 364460.126108334166929, 2737005.547217669896781 ], [ 364448.214687384897843, 2737006.808407811913639 ], [ 364444.603331378428265, 2737007.450159778818488 ], [ 364443.911364714498632, 2737018.654286910779774 ], [ 364444.298085969639942, 2737039.148407115601003 ], [ 364444.197537381201982, 2737045.963937815278769 ], [ 364448.665861333080102, 2737104.373450625687838 ], [ 364459.57208915008232, 2737125.699658582452685 ], [ 364466.664237101271283, 2737129.857180120889097 ], [ 364488.264470369904302, 2737140.010039404034615 ], [ 364497.96962404117221, 2737143.6101463441737 ], [ 364506.665514502092265, 2737146.795061624143273 ], [ 364528.219462615379598, 2737149.135430903173983 ], [ 364533.921437472454272, 2737149.760433103889227 ], [ 364540.741220009280369, 2737150.048434242606163 ], [ 364556.316003579646349, 2737150.519673119299114 ], [ 364568.912430191645399, 2737151.993721209932119 ], [ 364592.097200806252658, 2737151.735421107616276 ], [ 364603.794136381300632, 2737152.10421478189528 ], [ 364622.380947431724053, 2737150.259079847019166 ], [ 364627.003048289800063, 2737150.095252083614469 ], [ 364639.559795070672408, 2737149.757465967908502 ], [ 364659.960284875938669, 2737150.810494302771986 ], [ 364668.594648203696124, 2737151.183595176786184 ], [ 364683.230976594612002, 2737151.612983716651797 ], [ 364689.812943296914455, 2737152.468787917401642 ], [ 364701.537455350451637, 2737154.086711884476244 ], [ 364720.129512015031651, 2737158.17990243434906 ], [ 364725.218792176456191, 2737159.380917004309595 ], [ 364751.257348481682129, 2737166.686033035628498 ], [ 364765.909624725289177, 2737173.553322978317738 ], [ 364779.049404124729335, 2737182.704000811092556 ], [ 364790.918824605992995, 2737196.633001837413758 ], [ 364814.540616401121952, 2737224.868630878161639 ], [ 364815.414393489481881, 2737227.662420677021146 ], [ 364820.008540938026272, 2737237.625374760478735 ], [ 364828.889904366922565, 2737274.935297396965325 ], [ 364844.469050207873806, 2737321.224514878354967 ], [ 364848.559043433750048, 2737345.262944572605193 ], [ 364854.754415853181854, 2737399.758947759401053 ], [ 364858.943021375860553, 2737442.54747219895944 ], [ 364857.89526761462912, 2737454.634326091967523 ], [ 364858.826042984495871, 2737471.42855331255123 ], [ 364864.130063690477982, 2737493.815071505494416 ], [ 364864.76111896825023, 2737505.4901361935772 ], [ 364865.503840346471407, 2737519.413213940802962 ], [ 364867.431379397516139, 2737527.497011298779398 ], [ 364869.702708290657029, 2737537.010733270086348 ], [ 364872.328492157161236, 2737554.142826625611633 ], [ 364872.909135932917707, 2737557.817880317568779 ], [ 364880.054652138496749, 2737578.664093497209251 ], [ 364883.158652607526165, 2737589.097260612994432 ], [ 364886.199040532170329, 2737599.469358834903687 ], [ 364897.335003002313897, 2737628.416340221185237 ], [ 364902.167701899074018, 2737643.562207233626395 ], [ 364910.563702123938128, 2737670.131344355177134 ], [ 364918.718923534557689, 2737680.016365473624319 ], [ 364924.938484058366157, 2737695.694501604884863 ], [ 364933.297228986164555, 2737697.761447275057435 ], [ 364944.941870228620246, 2737701.444140534847975 ], [ 364949.355166638153605, 2737703.16007875232026 ], [ 364957.614967039087787, 2737706.416959938593209 ], [ 364968.31987321737688, 2737709.995097843464464 ], [ 364977.359672680904623, 2737714.609877818729728 ], [ 364984.819725944544189, 2737718.446960487868637 ], [ 364999.504944598884322, 2737726.813322075642645 ], [ 365012.215086648007855, 2737733.473180840723217 ], [ 365022.924244457739405, 2737740.114248203579336 ], [ 365026.736001933342777, 2737742.905971418134868 ], [ 365063.966098581440747, 2737764.592416607309133 ], [ 365097.533776121563278, 2737790.297190804500133 ], [ 365121.020950103469659, 2737809.534522082656622 ], [ 365181.965517066244502, 2737832.326047465670854 ], [ 365194.996832824370358, 2737842.22905275085941 ], [ 365220.798444620566443, 2737847.288954971823841 ], [ 365233.433938446221873, 2737847.699387449305505 ], [ 365253.691218825406395, 2737845.067593902349472 ], [ 365266.196259816875681, 2737845.230792645830661 ], [ 365280.638973827590235, 2737842.538923984393477 ], [ 365299.783736502053216, 2737831.930274698883295 ], [ 365307.427766400855035, 2737824.199263294227421 ], [ 365323.725309435743839, 2737812.027925645466894 ], [ 365343.733968147775158, 2737795.212202871683985 ], [ 365350.81750125461258, 2737790.431313332635909 ], [ 365355.190461398335174, 2737787.460068216081709 ], [ 365369.477148060570471, 2737771.957578729372472 ], [ 365383.743232655629981, 2737761.206026297993958 ], [ 365398.079069255501963, 2737753.64056135667488 ], [ 365416.361094314779621, 2737749.302004820201546 ], [ 365431.799349254986737, 2737746.400595187209547 ], [ 365450.127271487493999, 2737746.998756886925548 ], [ 365460.411913633695804, 2737748.52352809952572 ], [ 365475.212784729781561, 2737750.761740731075406 ], [ 365488.914997386687901, 2737754.211785162333399 ], [ 365492.499612119107042, 2737755.195773047395051 ], [ 365508.221695379936136, 2737759.539042716380209 ], [ 365520.762408933602273, 2737761.326901908032596 ], [ 365559.523258910572622, 2737770.165490224026144 ], [ 365577.916780598112382, 2737773.762753760907799 ], [ 365599.285139643412549, 2737779.044743810780346 ], [ 365620.519791807746515, 2737781.079516103491187 ], [ 365643.73558024072554, 2737787.946363979019225 ], [ 365677.577500216779299, 2737791.954845291562378 ], [ 365690.214921190286987, 2737795.303226053714752 ], [ 365713.663533122453373, 2737798.539381343871355 ], [ 365725.733253380632959, 2737801.650196646805853 ], [ 365736.607532714144327, 2737804.412004528567195 ], [ 365747.062359747244045, 2737807.995703389402479 ], [ 365763.029483974445611, 2737814.959106046240777 ], [ 365772.597660844563507, 2737820.874837705865502 ], [ 365792.005717230553273, 2737830.825505910441279 ], [ 365804.585198729881085, 2737837.238024774938822 ], [ 365812.917660042177886, 2737843.806151075288653 ], [ 365819.279216330265626, 2737848.8547906097956 ], [ 365827.448006233025808, 2737859.364278247114271 ], [ 365827.74729376565665, 2737861.608035061042756 ], [ 365830.79418895195704, 2737863.729013534262776 ], [ 365837.821203000261448, 2737876.326339446008205 ], [ 365845.597431658417918, 2737886.032019684556872 ], [ 365840.908510131994262, 2737905.949644644279033 ], [ 365840.328973280964419, 2737908.025047766510397 ], [ 365835.996185698546469, 2737921.371801029425114 ], [ 365835.663720895536244, 2737937.568359103519469 ], [ 365834.911236934713088, 2737951.711500243283808 ], [ 365834.403900456498377, 2737962.786352755036205 ], [ 365834.525313329359051, 2737965.471530851442367 ], [ 365836.244109863881022, 2737975.435081356670707 ], [ 365836.705264288000762, 2737979.362844782881439 ], [ 365837.392096825758927, 2737985.036129186861217 ], [ 365837.627780595037621, 2737995.782145371194929 ], [ 365839.179141395376064, 2738003.8114382927306 ], [ 365843.158216443494894, 2738022.788995512761176 ], [ 365845.087616975419223, 2738033.810427543707192 ], [ 365846.370548289327417, 2738038.157846970483661 ], [ 365849.022345090808813, 2738047.913326038978994 ], [ 365853.776584443985485, 2738065.186053719371557 ], [ 365854.827436448773369, 2738070.351210976019502 ], [ 365857.757041736622341, 2738084.226066752802581 ], [ 365860.663867329712957, 2738099.914087852928787 ], [ 365867.454942393116653, 2738135.956940956413746 ], [ 365868.448576441267505, 2738147.061432561837137 ], [ 365870.345102763152681, 2738156.583456818480045 ], [ 365870.856232630903833, 2738165.635911498218775 ], [ 365873.340483909181785, 2738187.709054499398917 ], [ 365873.577167066046968, 2738189.95397314010188 ], [ 365875.421758697833866, 2738211.35361654497683 ], [ 365875.812514971825294, 2738223.471378966700286 ], [ 365875.372097181971185, 2738243.295871666632593 ], [ 365875.305408164393157, 2738263.049624195322394 ], [ 365874.969340958748944, 2738267.682651705108583 ], [ 365875.277766302810051, 2738281.739974713884294 ], [ 365875.429286429774947, 2738285.799549500923604 ], [ 365875.70898440037854, 2738292.85678752604872 ], [ 365874.496230192598887, 2738314.5109071447514 ], [ 365874.320346706081182, 2738317.890078162774444 ], [ 365874.592704613576643, 2738321.759644699748605 ], [ 365875.510767811560072, 2738335.116071869619191 ], [ 365875.025661520368885, 2738355.754162159748375 ], [ 365873.964713801397011, 2738375.779714028351009 ], [ 365873.688513336819597, 2738380.286344550549984 ], [ 365873.917068424751051, 2738410.659836892504245 ], [ 365875.069628173543606, 2738414.759988982230425 ], [ 365880.968414273462258, 2738435.758160810451955 ], [ 365890.528286195825785, 2738461.239080545026809 ], [ 365897.759395009488799, 2738468.893789118155837 ], [ 365899.979042740305886, 2738470.345309307798743 ], [ 365908.985233001410961, 2738476.273537293076515 ], [ 365933.211252590292133, 2738489.306141394656152 ], [ 365950.374138285464142, 2738499.493605975992978 ], [ 365967.86914752505254, 2738499.172343961894512 ], [ 365980.827941485447809, 2738500.075697798281908 ], [ 365993.814976317808032, 2738499.415819610934705 ], [ 366012.047097145230509, 2738504.204007698222995 ], [ 366042.6121216454776, 2738504.15883962623775 ], [ 366056.987434996641241, 2738504.093508997466415 ], [ 366075.112570347031578, 2738504.008501284290105 ], [ 366090.298617271590047, 2738503.862811690662056 ], [ 366093.494626939995214, 2738504.230368001852185 ], [ 366103.770935445325449, 2738505.380205761641264 ], [ 366115.051097718416713, 2738506.695437987335026 ], [ 366117.868032991769724, 2738506.883702169172466 ], [ 366126.504990294924937, 2738507.381794325076044 ], [ 366131.006190311221872, 2738507.408229317516088 ], [ 366137.911538230080623, 2738508.756736868992448 ], [ 366145.76229352678638, 2738510.459817660972476 ], [ 366149.028866012813523, 2738511.200943761970848 ], [ 366164.078035218757577, 2738519.059235516469926 ], [ 366170.703744219557848, 2738521.914180238265544 ], [ 366174.816887170367409, 2738524.199237206485122 ], [ 366188.987759469076991, 2738534.764699083287269 ], [ 366198.612298123305663, 2738543.242012840230018 ], [ 366203.111769033246674, 2738548.894046988338232 ], [ 366206.997962869994808, 2738557.935014272574335 ], [ 366210.750289759482257, 2738563.728290366474539 ], [ 366215.649103782139719, 2738576.184662986546755 ], [ 366219.221628975355998, 2738585.169856203254312 ], [ 366223.967688073695172, 2738602.067750727757812 ], [ 366224.163221850758418, 2738608.126574146095663 ], [ 366224.534707533777691, 2738619.369781221728772 ], [ 366224.660287388891447, 2738622.2424277048558 ], [ 366225.655943216697779, 2738636.284680789802223 ], [ 366225.941929357941262, 2738640.778885041363537 ], [ 366225.358838486194145, 2738645.542210894171149 ], [ 366224.209213977097534, 2738655.818622293416411 ], [ 366223.787341930787079, 2738659.390773635357618 ], [ 366223.424418913782574, 2738671.337509418372065 ], [ 366226.009530250681564, 2738680.906959610525519 ], [ 366221.890275359386578, 2738695.436385657638311 ], [ 366220.716433376073837, 2738707.463731155265123 ], [ 366220.424181832408067, 2738714.095776767469943 ], [ 366219.189268285001162, 2738726.18684366857633 ], [ 366218.919228204642422, 2738733.818567611277103 ], [ 366218.707436768512707, 2738741.261556109879166 ], [ 366218.446786202141084, 2738749.330670275259763 ], [ 366217.962736038956791, 2738752.90419914573431 ], [ 366217.28123031265568, 2738761.732620113994926 ], [ 366219.514122820924968, 2738775.185211652424186 ], [ 366220.301322310813703, 2738779.730942714959383 ], [ 366230.341996320872568, 2738784.386311491485685 ], [ 366233.247605530836154, 2738785.760252886917442 ], [ 366239.806851393776014, 2738788.429134257137775 ], [ 366248.219006749568507, 2738792.932693025562912 ], [ 366264.704308886779472, 2738803.572303647641093 ], [ 366275.811761798337102, 2738811.267017567064613 ], [ 366274.153555051540025, 2738818.304228966124356 ], [ 366271.392160523100756, 2738832.053759288974106 ], [ 366266.436932495969813, 2738856.915362020023167 ], [ 366261.99029351642821, 2738885.016164653468877 ], [ 366260.841701576777268, 2738886.791482036467642 ], [ 366251.964405796548817, 2738900.98780155973509 ], [ 366239.273009217227809, 2738926.519098457880318 ], [ 366237.511974325345363, 2738928.870506501290947 ], [ 366232.159117938601412, 2738935.613743242807686 ], [ 366221.144725148857106, 2738952.107208773493767 ], [ 366203.977012130781077, 2738973.04853436909616 ], [ 366191.221445800445508, 2738989.955374608282 ], [ 366188.003359365218785, 2738994.27637234935537 ], [ 366184.636881487793289, 2738997.538330574054271 ], [ 366174.219175917329267, 2739009.893255447503179 ], [ 366162.90417900972534, 2739024.080449105240405 ], [ 366154.812722857110202, 2739034.196566515602171 ], [ 366150.858557670842856, 2739039.15887968800962 ], [ 366147.488058175018523, 2739042.233157896902412 ], [ 366139.034815725812223, 2739050.107124831527472 ], [ 366133.631361127307173, 2739054.538558531086892 ], [ 366131.423364003305323, 2739056.462143864482641 ], [ 366120.79072346794419, 2739067.57165418099612 ], [ 366118.407592703821138, 2739070.061675641220063 ], [ 366114.624448505812325, 2739074.270209630485624 ], [ 366107.196193365380168, 2739086.121999841183424 ], [ 366102.744119497481734, 2739094.033010586164892 ], [ 366096.000302353641018, 2739105.744832726661116 ], [ 366095.930462781107053, 2739116.810019211377949 ], [ 366095.889117086248007, 2739120.624037881847471 ], [ 366097.213298634684179, 2739126.845822749659419 ], [ 366099.557791933068074, 2739128.294388230890036 ], [ 366112.924078412353992, 2739136.3772191144526 ], [ 366123.168334795511328, 2739138.902819574810565 ], [ 366130.709340011118911, 2739140.737569127231836 ], [ 366158.181811250862665, 2739147.885798964649439 ], [ 366158.47399725439027, 2739155.50522221904248 ], [ 366155.512304222269449, 2739165.82133980980143 ], [ 366151.376739951840136, 2739179.601155964657664 ], [ 366150.619360080454499, 2739182.118078136816621 ], [ 366146.595527723780833, 2739192.45754818059504 ], [ 366135.26368460454978, 2739197.33168479707092 ], [ 366122.177534882095642, 2739204.869520979002118 ], [ 366111.610481060110033, 2739210.41442543361336 ], [ 366094.321877210924868, 2739217.294447712600231 ], [ 366080.604920468758792, 2739221.72090859292075 ], [ 366071.194815341325011, 2739225.865333646070212 ], [ 366068.532893910247367, 2739227.048944773618132 ], [ 366057.423469489207491, 2739230.6681361598894 ], [ 366046.812071573454887, 2739231.338428792078048 ], [ 366041.970336075522937, 2739232.882180959451944 ], [ 366027.010672529344447, 2739237.648458495270461 ], [ 366009.926618038327433, 2739242.461253306828439 ], [ 365992.938954786979593, 2739245.959472955670208 ], [ 365975.093633701908402, 2739253.101553335785866 ], [ 365962.644777631387115, 2739255.499885675497353 ], [ 365954.318132940912619, 2739257.745300377253443 ], [ 365935.318640897748992, 2739260.724936638958752 ], [ 365905.358471140032634, 2739262.695025998633355 ], [ 365900.196147444890812, 2739263.870798538438976 ], [ 365886.204481826163828, 2739267.177954027429223 ], [ 365883.037344811484218, 2739268.122730563394725 ], [ 365869.20160837523872, 2739269.988910344894975 ], [ 365860.600380565039814, 2739271.115210028830916 ], [ 365841.623779287096113, 2739272.281586832832545 ], [ 365839.13559136656113, 2739272.836242550518364 ], [ 365821.871276734163985, 2739272.277418665587902 ], [ 365809.546828336664476, 2739271.797604045830667 ], [ 365796.277015399711672, 2739270.963809706270695 ], [ 365786.84781697881408, 2739268.545284318272024 ], [ 365768.746007271693088, 2739264.004265854600817 ], [ 365766.483191576669924, 2739263.428818967193365 ], [ 365764.349391733703669, 2739263.038188316393644 ], [ 365754.90865306451451, 2739257.244539901614189 ], [ 365744.208780127635691, 2739236.789423589129001 ], [ 365743.201628914510366, 2739233.623636474367231 ], [ 365740.513428889738861, 2739225.056482480838895 ], [ 365733.465374064282514, 2739202.958532553631812 ], [ 365729.148173155495897, 2739185.67616469040513 ], [ 365725.685046481434256, 2739173.125705073587596 ], [ 365721.279967824055348, 2739157.532872806768864 ], [ 365717.41229183669202, 2739146.491391676012427 ], [ 365715.135087571688928, 2739142.415903968270868 ], [ 365699.52110527898185, 2739114.505110122729093 ], [ 365691.880411990976427, 2739110.984762187581509 ], [ 365682.64807833940722, 2739114.687808025628328 ], [ 365678.310267163615208, 2739116.408098631072789 ], [ 365672.978447536472231, 2739118.400313371326774 ], [ 365661.940117590245791, 2739125.268239089753479 ], [ 365648.777523227618076, 2739137.870880907401443 ], [ 365640.437463529466186, 2739148.055085589643568 ], [ 365636.159168070182204, 2739155.337258433923125 ], [ 365627.908244255406316, 2739169.582544274628162 ], [ 365617.440930907148868, 2739185.37646343652159 ], [ 365607.224899971159175, 2739201.227425518911332 ], [ 365604.626132254023105, 2739205.285048785619438 ], [ 365595.51686336658895, 2739220.299143948126584 ], [ 365587.947052931878716, 2739231.40391605021432 ], [ 365582.039474477001932, 2739241.347218185197562 ], [ 365578.530729263846297, 2739252.362904294859618 ], [ 365571.711221534002107, 2739266.32684427453205 ], [ 365567.851619587047026, 2739275.600003076717257 ], [ 365560.124560232507065, 2739288.083561346400529 ], [ 365558.021784113545436, 2739300.506129790563136 ], [ 365556.738646751793567, 2739316.098623746074736 ], [ 365554.454539207275957, 2739331.650567572563887 ], [ 365554.600598482065834, 2739335.460338495671749 ], [ 365554.820720797521062, 2739342.643873338121921 ], [ 365551.776313009322621, 2739366.275923032779247 ], [ 365551.181505006854422, 2739373.352418044116348 ], [ 365550.276241817744449, 2739383.373585352674127 ], [ 365548.781535308226012, 2739400.720838095061481 ], [ 365547.460738000401761, 2739411.75103771686554 ], [ 365546.056358557776548, 2739424.658351541962475 ], [ 365545.741858431894798, 2739427.415665896609426 ], [ 365545.29993300663773, 2739452.865933326072991 ], [ 365547.36195210745791, 2739467.072367799468338 ], [ 365548.574219805712346, 2739490.986106018070132 ], [ 365549.724076978047378, 2739494.961331476457417 ], [ 365550.654149646288715, 2739500.316597619559616 ], [ 365551.390123697055969, 2739519.615374913904816 ], [ 365551.409691208042204, 2739529.053508344572037 ], [ 365551.798598729772493, 2739538.233535414561629 ], [ 365552.994024176499806, 2739552.834046821109951 ], [ 365557.621191167156212, 2739578.54813206102699 ], [ 365557.120658207451925, 2739581.37193658715114 ], [ 365557.702058022783604, 2739602.174167750868946 ], [ 365558.354969947366044, 2739606.285359881352633 ], [ 365562.595422187703662, 2739634.320756806991994 ], [ 365565.93322169786552, 2739658.250491946469992 ], [ 365569.397054996574298, 2739673.676225713454187 ], [ 365570.23053026816342, 2739677.470786136109382 ], [ 365573.093446807703003, 2739696.847901715431362 ], [ 365578.492513098870404, 2739717.856812713202089 ], [ 365584.736629068502225, 2739740.347608376760036 ], [ 365591.043309936881997, 2739762.836912075057626 ], [ 365594.691797449835576, 2739783.821978534571826 ], [ 365600.751145803078543, 2739806.441723219119012 ], [ 365601.069670099532232, 2739809.560036778915673 ], [ 365601.032299135113135, 2739819.249585511628538 ], [ 365602.638276453944854, 2739835.46623610984534 ], [ 365604.079424666590057, 2739849.873754707630724 ], [ 365604.896678658318706, 2739887.110304106026888 ], [ 365599.697050279704854, 2739912.227384407538921 ], [ 365589.024189291114453, 2739918.649835685268044 ], [ 365585.006951656250749, 2739920.738306160084903 ], [ 365563.93532630300615, 2739931.826880167704076 ], [ 365532.394378228229471, 2739935.831967851147056 ], [ 365526.828395781805739, 2739935.704026215244085 ], [ 365514.946745461726096, 2739935.464745965786278 ], [ 365503.941159834037535, 2739935.268564738333225 ], [ 365474.826068704714999, 2739933.032058904878795 ], [ 365463.887012271268759, 2739933.022216695826501 ], [ 365442.493771136156283, 2739932.303957821335644 ], [ 365433.794256159861106, 2739931.807391522917897 ], [ 365410.977684226119891, 2739931.745526424609125 ], [ 365403.610743631783407, 2739932.157156603876501 ], [ 365387.938515497371554, 2739932.938618199899793 ], [ 365384.564774380065501, 2739933.012670121155679 ], [ 365369.406074162165169, 2739934.407941633369774 ], [ 365355.242941343109123, 2739935.59384194528684 ], [ 365342.530369828222319, 2739937.372898459900171 ], [ 365325.267935526149813, 2739939.75194833567366 ], [ 365305.374667135707568, 2739941.876220226287842 ], [ 365282.536733609449584, 2739943.689972676802427 ], [ 365249.065788995241746, 2739948.049886798951775 ], [ 365243.994088572566397, 2739947.661064315121621 ], [ 365235.730626377044246, 2739947.092368498444557 ], [ 365210.785708485287614, 2739946.889658400788903 ], [ 365203.57734914222965, 2739945.985073998104781 ], [ 365197.512921084649861, 2739945.930793276522309 ], [ 365186.446159942657687, 2739945.798702573403716 ], [ 365171.415321131353267, 2739941.627825736068189 ], [ 365161.139616548200138, 2739937.665321603417397 ], [ 365150.014853979169857, 2739932.033718000631779 ], [ 365142.449418812757358, 2739971.829678823240101 ], [ 365144.020816086791456, 2739997.860893613658845 ], [ 365148.56874270690605, 2740014.263025777414441 ], [ 365147.039362124050967, 2740027.173183802515268 ], [ 365146.616312043974176, 2740030.682937327772379 ], [ 365153.022930612205528, 2740083.361340407282114 ], [ 365159.518738076789305, 2740120.160885802935809 ], [ 365156.981864128669258, 2740141.281527393497527 ], [ 365149.625704857055098, 2740167.821148207876831 ], [ 365134.456533229793422, 2740197.22028235392645 ], [ 365113.628438351792283, 2740210.866547819692641 ], [ 365102.569787447224371, 2740211.109142109751701 ], [ 365092.501308002742007, 2740210.892525570001453 ], [ 365090.24387990788091, 2740210.567007118836045 ], [ 365074.91360638954211, 2740209.840782456565648 ], [ 365062.580803236050997, 2740208.986298424657434 ], [ 365047.272519511287101, 2740209.259678250178695 ], [ 365045.030193201615475, 2740209.621478237211704 ], [ 365039.720817393506877, 2740209.800462134182453 ], [ 365032.03614443843253, 2740209.969081374350935 ], [ 365019.524776959326118, 2740212.36893232120201 ], [ 364999.982821434969082, 2740219.111285047139972 ], [ 364998.732867587474175, 2740230.515016807243228 ], [ 364997.747269298881292, 2740239.725314654409885 ], [ 364996.688919470179826, 2740251.312358787283301 ], [ 364989.475897428346798, 2740272.973244397435337 ], [ 364977.878967603028286, 2740277.165863401256502 ], [ 364973.939405751531012, 2740279.940337193664163 ], [ 364970.984327625948936, 2740282.005331602413207 ], [ 364962.30380545812659, 2740288.071477946359664 ], [ 364936.275725058163516, 2740298.331425304058939 ], [ 364926.191954981943127, 2740303.115801167208701 ], [ 364912.454293049988337, 2740306.605167316272855 ], [ 364909.602654404588975, 2740316.231324930675328 ], [ 364908.97617729997728, 2740327.559090708382428 ], [ 364905.77953542326577, 2740349.944548137485981 ], [ 364904.764863301650621, 2740369.219157719984651 ], [ 364903.810508218593895, 2740371.302935110405087 ], [ 364897.249208511668257, 2740385.636356378439814 ], [ 364893.529170436377171, 2740392.718648341484368 ], [ 364872.049090582295321, 2740419.3809106759727 ], [ 364859.291663514450192, 2740427.66189350001514 ], [ 364838.613977294764481, 2740433.928942210040987 ], [ 364828.899742159701418, 2740438.455267427954823 ], [ 364821.85206459328765, 2740439.172444690484554 ], [ 364818.4252942946041, 2740439.685198395978659 ], [ 364808.077430945588276, 2740440.974925542715937 ], [ 364797.870864113036077, 2740443.011764139868319 ], [ 364788.60403794812737, 2740445.152941748034209 ], [ 364786.112033858080395, 2740445.519997696857899 ], [ 364780.595335239777341, 2740447.641329697798938 ], [ 364771.886775949678849, 2740449.582681296393275 ], [ 364767.138490707147866, 2740449.686841906514019 ], [ 364749.166217905119993, 2740448.206125979777426 ], [ 364720.97720732394373, 2740445.44939830340445 ], [ 364700.097311245801393, 2740439.656804617028683 ], [ 364688.705828070815187, 2740438.969218381214887 ], [ 364684.425818252959289, 2740437.625567203853279 ], [ 364668.184547523385845, 2740432.418693942949176 ], [ 364659.936167150503024, 2740426.84904107125476 ], [ 364652.262585489894263, 2740421.829314122442156 ], [ 364648.901905095903203, 2740419.652760431170464 ], [ 364640.316092771710828, 2740410.090029324870557 ], [ 364637.96463295945432, 2740408.328785331919789 ], [ 364627.244276400306262, 2740395.499961846042424 ], [ 364625.162684698356315, 2740391.795195940881968 ], [ 364622.364878914668225, 2740386.793519666884094 ], [ 364615.314845439395867, 2740381.69748520385474 ], [ 364598.037040472088847, 2740369.137589067686349 ], [ 364591.853095433849376, 2740369.335837733931839 ], [ 364586.992766316107009, 2740372.88033907674253 ], [ 364581.274162131594494, 2740377.194031211547554 ], [ 364577.090059028821997, 2740380.22376451222226 ], [ 364566.067644176655449, 2740390.654405988287181 ], [ 364553.441345690866001, 2740396.369737483095378 ], [ 364545.150199936586432, 2740400.239605312235653 ], [ 364539.764905006508343, 2740399.795089385937899 ], [ 364532.438355682766996, 2740399.20590462256223 ], [ 364509.090962646470871, 2740394.905287231784314 ], [ 364486.620635448663961, 2740387.834749842528254 ], [ 364469.073449079005513, 2740380.093969763256609 ], [ 364451.323868802399375, 2740371.669950476381928 ], [ 364448.854221159184817, 2740370.22388831153512 ], [ 364439.596775637590326, 2740364.23884348385036 ], [ 364430.403121659881435, 2740358.314758924767375 ], [ 364426.97035964904353, 2740355.702253900468349 ], [ 364417.81583724275697, 2740343.02646011300385 ], [ 364416.092463816748932, 2740324.311923373956233 ], [ 364413.378793899668381, 2740317.433037020731717 ], [ 364411.958044497063383, 2740303.962581996340305 ], [ 364411.146343700995203, 2740292.603801148477942 ], [ 364411.061225100304, 2740288.730403011664748 ], [ 364410.869243809429463, 2740279.983364193234593 ], [ 364405.14931688766228, 2740258.606037484016269 ], [ 364404.961375547223724, 2740255.73476849636063 ], [ 364401.824979658762459, 2740240.989290411118418 ], [ 364397.936458151380066, 2740229.010557708796114 ], [ 364395.660030600964092, 2740222.122068525291979 ], [ 364394.105230519897304, 2740216.780623779632151 ], [ 364389.575028925435618, 2740201.190575871150941 ], [ 364377.891458541795146, 2740187.195151419844478 ], [ 364369.638552210992202, 2740172.874233340844512 ], [ 364364.582841962226667, 2740170.359956682659686 ], [ 364353.015038342098705, 2740164.488118743058294 ], [ 364349.54706162866205, 2740163.126407147850841 ], [ 364339.018774442258291, 2740159.044380651321262 ], [ 364317.137221423443407, 2740150.335888107307255 ], [ 364312.969761663873214, 2740154.115352478343993 ], [ 364301.752886337111704, 2740164.237774 ], [ 364297.723110557417385, 2740171.452087404672056 ], [ 364282.502614575321786, 2740189.975996785797179 ], [ 364277.122365319752134, 2740201.157887739129364 ], [ 364274.521705459686927, 2740216.529512747190893 ], [ 364273.444143473345321, 2740227.242085634265095 ], [ 364272.362417088472284, 2740237.767190303187817 ], [ 364272.696603810531087, 2740244.448238003998995 ], [ 364270.252000606851652, 2740258.378730170428753 ], [ 364268.928688482497819, 2740269.284106527920812 ], [ 364267.742472641635686, 2740286.437418137211353 ], [ 364266.559334392950404, 2740292.33902569161728 ], [ 364265.614352611242794, 2740300.548327043186873 ], [ 364265.324060558748897, 2740310.118479137308896 ], [ 364268.0206876876764, 2740324.748747784178704 ], [ 364269.74935272091534, 2740329.46137488167733 ], [ 364270.605403632565867, 2740331.442917049396783 ], [ 364272.892059865407646, 2740341.643992562312633 ], [ 364274.06795042444719, 2740346.806510792579502 ], [ 364278.318736422341317, 2740358.214588121511042 ], [ 364284.171367347706109, 2740371.400516656693071 ], [ 364285.812948099686764, 2740374.989829801023006 ], [ 364289.044401885650586, 2740382.669912426266819 ], [ 364291.289258485543542, 2740388.121309042908251 ], [ 364296.193262187996879, 2740397.952461208216846 ], [ 364309.409888244292233, 2740430.541720414999872 ], [ 364314.138640184304677, 2740446.627534478902817 ], [ 364315.088757982477546, 2740450.044546510092914 ], [ 364317.50226888852194, 2740463.180738524533808 ], [ 364317.698560753604397, 2740466.426944842562079 ], [ 364316.502946095657535, 2740477.454557558055967 ], [ 364315.153415377018973, 2740487.172887529246509 ], [ 364314.413231286744121, 2740493.315135506447405 ], [ 364312.026337968243752, 2740504.181332976557314 ], [ 364311.513300675374921, 2740506.442796242423356 ], [ 364301.18336780637037, 2740522.79662069119513 ], [ 364294.092115699546412, 2740515.826277738437057 ], [ 364281.466426797793247, 2740504.476840381976217 ], [ 364278.91662037972128, 2740502.220088378060609 ], [ 364272.541085125179961, 2740496.546876380220056 ], [ 364261.110814186977223, 2740485.546226882375777 ], [ 364258.555612811935134, 2740483.039444786030799 ], [ 364256.680577542516403, 2740480.205123644322157 ], [ 364250.030506597366184, 2740473.41277226107195 ], [ 364242.120152361050714, 2740466.147913684602827 ], [ 364235.908952041354496, 2740459.408407758455724 ], [ 364230.400069333263673, 2740453.340938342735171 ], [ 364225.152965357294306, 2740444.954996253363788 ], [ 364220.55230907141231, 2740437.554966349620372 ], [ 364218.81330132461153, 2740435.217935915105045 ], [ 364211.1435140396934, 2740421.821837902534753 ], [ 364206.409650808782317, 2740414.049873770680279 ], [ 364197.981843412620947, 2740400.295513682067394 ], [ 364190.715468052309006, 2740388.203376778867096 ], [ 364188.604410550207831, 2740385.999367998447269 ], [ 364184.634860120248049, 2740381.710922480095178 ], [ 364163.552994879195467, 2740352.48230214137584 ], [ 364160.599686919827946, 2740348.921509290579706 ], [ 364157.356504601310007, 2740343.554591602645814 ], [ 364150.402469932567328, 2740331.455637769307941 ], [ 364148.93135287752375, 2740329.925163893494755 ], [ 364137.202069669729099, 2740319.556305229663849 ], [ 364128.831119883689098, 2740311.238646279089153 ], [ 364118.20886952750152, 2740300.032793005462736 ], [ 364110.2579314900795, 2740288.080772528424859 ], [ 364106.676940491306596, 2740284.408759529702365 ], [ 364104.58090458373772, 2740282.892186537850648 ], [ 364082.913138229050674, 2740269.678411366418004 ], [ 364069.280191334546544, 2740260.8514378904365 ], [ 364065.347584702656604, 2740258.249913939274848 ], [ 364057.10605590546038, 2740252.992534057702869 ], [ 364050.576224462711252, 2740248.82278092391789 ], [ 364042.945118812553119, 2740245.739855200517923 ], [ 364029.448642255563755, 2740240.285198705736548 ], [ 363995.608323204447515, 2740233.526861113961786 ], [ 363976.962716149399057, 2740226.997748882975429 ], [ 363959.629583162721246, 2740223.315017132554203 ], [ 363945.379066322348081, 2740223.377743327524513 ], [ 363929.719674329855479, 2740221.908643870614469 ], [ 363912.027492016437463, 2740221.796841152012348 ], [ 363910.074291815632023, 2740221.089622823055834 ], [ 363900.493903711554594, 2740217.487026192713529 ], [ 363876.422320135287009, 2740205.826100844424218 ], [ 363874.274853194772732, 2740204.810573154594749 ], [ 363865.555342055740766, 2740200.563783172052354 ], [ 363862.68597987270914, 2740189.4377048201859 ], [ 363859.275449060252868, 2740176.448394044302404 ], [ 363847.708917686133645, 2740150.698817987926304 ], [ 363821.709214577102102, 2740148.018895633518696 ], [ 363782.273901688400656, 2740145.508957337588072 ], [ 363775.956634857226163, 2740145.334967460017651 ], [ 363756.755310995387845, 2740144.818575518671423 ], [ 363745.06016220105812, 2740147.388199027627707 ], [ 363731.273087338078767, 2740148.628339332528412 ], [ 363727.768617004621774, 2740148.455218789167702 ], [ 363724.27259456331376, 2740148.656924746464938 ], [ 363718.699812372738961, 2740148.216674275696278 ], [ 363705.95293690066319, 2740148.433943246025592 ], [ 363691.255926618294325, 2740150.944162799976766 ], [ 363677.488676185603254, 2740150.246153677813709 ], [ 363662.758110365597531, 2740154.070079237222672 ], [ 363652.968343341257423, 2740155.160007573664188 ], [ 363634.38689173955936, 2740157.255500528495759 ], [ 363613.740700210444629, 2740159.271377400960773 ], [ 363598.156745762680657, 2740161.23844047030434 ], [ 363595.352200230699964, 2740161.61255939444527 ], [ 363589.180571212316863, 2740162.372995531186461 ], [ 363577.42562546726549, 2740165.068840040359646 ], [ 363553.8024570599664, 2740173.838407855480909 ], [ 363539.974631863588002, 2740176.079602819867432 ], [ 363522.23478450026596, 2740182.344659003894776 ], [ 363509.765743362950161, 2740186.681264896411449 ], [ 363506.043136092601344, 2740187.950737284030765 ], [ 363490.721809978713281, 2740199.038418559357524 ], [ 363486.079713451908901, 2740201.140559114981443 ], [ 363482.910554867761675, 2740204.8355573117733 ], [ 363476.738942759227939, 2740219.848025543149561 ], [ 363472.689996831468306, 2740231.876031754072756 ], [ 363469.770329260616563, 2740241.253900559153408 ], [ 363466.863135192077607, 2740291.074563732836396 ], [ 363464.947952160029672, 2740303.493179095443338 ], [ 363463.739258063957095, 2740311.08316079666838 ], [ 363462.624737189733423, 2740320.108940553851426 ], [ 363460.84293410932878, 2740341.463370794896036 ], [ 363460.544779606687371, 2740344.970417438540608 ], [ 363459.452902097138576, 2740352.182786320801824 ], [ 363460.688208202074748, 2740394.223900155629963 ], [ 363462.794108111120295, 2740410.429863568395376 ], [ 363464.829729366349056, 2740434.825938946567476 ], [ 363466.867503701709211, 2740456.471697953995317 ], [ 363468.805446096346714, 2740467.868186999578029 ], [ 363470.025246896024328, 2740475.029921801295131 ], [ 363470.600593878771178, 2740478.455241337884218 ], [ 363473.043910018866882, 2740484.40230065304786 ], [ 363475.96899762947578, 2740495.214769261423498 ], [ 363478.861166409857105, 2740504.527482755016536 ], [ 363481.688303483300842, 2740513.716681484133005 ], [ 363484.331381384981796, 2740520.222195233218372 ], [ 363487.41832725610584, 2740527.296354989055544 ], [ 371493.895318248018157, 2740527.296354989055544 ] ] ] } },
{ "type": "Feature", "properties": { "area_km2": 66.162078395296248, "block_id": "SYL-B002", "loss_pixels": 3.0, "plantation_ha": 0.0, "split": "train" }, "geometry": { "type": "Polygon", "coordinates": [ [ [ 371493.895318248018157, 2750527.296354989055544 ], [ 371493.895318248018157, 2740527.296354989055544 ], [ 363487.41832725610584, 2740527.296354989055544 ], [ 363490.518430499476381, 2740534.400666667614132 ], [ 363494.001737360027619, 2740545.013137236237526 ], [ 363495.674694926710799, 2740550.039672166574746 ], [ 363499.679250548128039, 2740558.765360245946795 ], [ 363503.409918834688142, 2740569.247687956783921 ], [ 363504.343525831471197, 2740571.914889053441584 ], [ 363509.749931444646791, 2740581.860004300717264 ], [ 363515.256098620593548, 2740593.490840937942266 ], [ 363517.415226807817817, 2740597.88148867757991 ], [ 363523.759292962786276, 2740610.681502000894397 ], [ 363530.295267379144207, 2740623.664917778223753 ], [ 363535.655660783639178, 2740634.361200817860663 ], [ 363537.992538662627339, 2740638.310505197383463 ], [ 363541.994394965004176, 2740646.911186560522765 ], [ 363545.236338610353414, 2740652.215849481523037 ], [ 363561.127714622300118, 2740678.49566285405308 ], [ 363567.06280689034611, 2740689.742056736722589 ], [ 363572.932760084862821, 2740700.864716712385416 ], [ 363578.332345637085382, 2740710.497368367388844 ], [ 363582.114394251839258, 2740720.478145861066878 ], [ 363587.492741908296011, 2740731.986664626281708 ], [ 363589.079943939577788, 2740735.952568891923875 ], [ 363599.935206289519556, 2740763.467884608544409 ], [ 363602.408776411612052, 2740770.789590441156179 ], [ 363602.506152496556751, 2740775.225629212800413 ], [ 363607.322724652360193, 2740789.62179394857958 ], [ 363616.583737064094748, 2740824.235817613080144 ], [ 363619.156551003456116, 2740838.931130220647901 ], [ 363620.018739631224889, 2740844.038002508226782 ], [ 363622.849455292569473, 2740896.107852514367551 ], [ 363621.994304392719641, 2740911.25366051401943 ], [ 363622.684893202560488, 2740934.179228908848017 ], [ 363623.566424255957827, 2740940.160440943203866 ], [ 363624.449094737705309, 2740951.892652655486017 ], [ 363623.34259646711871, 2740961.293253919109702 ], [ 363621.428079646080732, 2740976.587409666739404 ], [ 363620.392516038729809, 2740986.361445772927254 ], [ 363615.591030744253658, 2740998.281003401149064 ], [ 363610.99061204562895, 2741005.13270456995815 ], [ 363606.136518244748004, 2741011.802724022883922 ], [ 363601.220971567556262, 2741018.536483077798039 ], [ 363594.954550127964467, 2741026.362565194256604 ], [ 363588.724335214705206, 2741033.0003228969872 ], [ 363581.304298267932609, 2741039.538963139988482 ], [ 363573.799247118760832, 2741047.892411259934306 ], [ 363565.665150250133593, 2741056.071985422633588 ], [ 363555.669165509287268, 2741064.855074389372021 ], [ 363543.7451776873786, 2741071.242615524679422 ], [ 363533.085931348265149, 2741078.290077733341604 ], [ 363529.01448093901854, 2741080.754740280564874 ], [ 363518.949582956149243, 2741097.790317025966942 ], [ 363504.218135706498288, 2741104.427358713466674 ], [ 363494.492744426883291, 2741108.453835759311914 ], [ 363484.003272492613178, 2741108.996501336805522 ], [ 363470.608855239406694, 2741111.040713123977184 ], [ 363458.063642238266766, 2741114.754170905333012 ], [ 363440.362066312984098, 2741122.768868613056839 ], [ 363423.633645511814393, 2741132.387468091677874 ], [ 363414.388447487086523, 2741141.216299585998058 ], [ 363409.874715549056418, 2741152.004493575077504 ], [ 363407.782318245095666, 2741167.739936450030655 ], [ 363406.022892494569533, 2741178.717544820625335 ], [ 363403.781605769589078, 2741196.20673565287143 ], [ 363405.028035942232236, 2741218.807515683583915 ], [ 363406.241944605135359, 2741237.09588027652353 ], [ 363404.277190178981982, 2741258.641998616047204 ], [ 363398.080056513892487, 2741286.719170104712248 ], [ 363398.893489835201763, 2741323.768842972815037 ], [ 363390.798880027316045, 2741376.453892563004047 ], [ 363381.756393080344424, 2741385.966114478651434 ], [ 363362.24665154016111, 2741391.332580458372831 ], [ 363358.9255321030505, 2741390.968031798955053 ], [ 363351.622555395122617, 2741391.44075364805758 ], [ 363338.950411012861878, 2741392.219110610429198 ], [ 363323.793573240749538, 2741390.864082735963166 ], [ 363313.519757697649766, 2741389.839438012801111 ], [ 363296.364118859521113, 2741391.403814760502428 ], [ 363268.719124423339963, 2741393.510942820925266 ], [ 363239.435231962706894, 2741392.153609573841095 ], [ 363236.623907187371515, 2741392.21532913390547 ], [ 363221.631121900631115, 2741389.793866469524801 ], [ 363202.564940246054903, 2741386.899616162292659 ], [ 363191.69225635600742, 2741387.075830407440662 ], [ 363177.576978562399745, 2741384.760358638130128 ], [ 363161.664984354632907, 2741383.171979524195194 ], [ 363128.182936766941566, 2741369.967536287382245 ], [ 363128.96369449532358, 2741337.195958170574158 ], [ 363129.29453086713329, 2741315.248297162819654 ], [ 363129.174582749372348, 2741306.93699748441577 ], [ 363127.406783835380338, 2741297.599693432450294 ], [ 363107.958786102070007, 2741300.089450280647725 ], [ 363092.04328322969377, 2741301.188905717805028 ], [ 363084.601330526638776, 2741301.039806433022022 ], [ 363068.041139934095554, 2741304.091225143056363 ], [ 363061.995712430798449, 2741304.911482532974333 ], [ 363055.714258303691167, 2741306.362181589473039 ], [ 363038.301144971628673, 2741310.432299684733152 ], [ 363033.309760308300611, 2741310.854584786575288 ], [ 363022.908738347003236, 2741312.583045227453113 ], [ 363003.352250004652888, 2741315.825177213642746 ], [ 362995.697446614853106, 2741317.368490691296756 ], [ 362985.556035528308712, 2741319.528903075493872 ], [ 362978.895549536740873, 2741320.800316161476076 ], [ 362972.03109943959862, 2741321.326149283908308 ], [ 362966.814514319878072, 2741322.878303637262434 ], [ 362948.504622025298886, 2741325.968265783973038 ], [ 362938.903459195862524, 2741327.116578016895801 ], [ 362932.169577996013686, 2741327.889451968017966 ], [ 362927.666984881740063, 2741327.800769634079188 ], [ 362921.599722764105536, 2741327.621396625414491 ], [ 362909.853637697116937, 2741327.879262253176421 ], [ 362888.621951721375808, 2741328.845521424897015 ], [ 362886.308791785035282, 2741328.833809704519808 ], [ 362875.286486638709903, 2741327.888130493462086 ], [ 362868.210100993164815, 2741327.293380292132497 ], [ 362844.352233589917887, 2741325.379300447180867 ], [ 362839.898428026819602, 2741324.664388007484376 ], [ 362836.760715008946136, 2741324.108194977976382 ], [ 362832.823061601957306, 2741324.132001539692283 ], [ 362802.579572455026209, 2741318.920260206330568 ], [ 362781.8262984235771, 2741316.062825465574861 ], [ 362780.054993426427245, 2741315.10155059909448 ], [ 362760.09901293279836, 2741305.851003937423229 ], [ 362756.307367867557332, 2741301.12103972164914 ], [ 362755.800078057101928, 2741292.255808250047266 ], [ 362756.883537010115106, 2741264.728136371821165 ], [ 362759.326803640928119, 2741245.046797087881714 ], [ 362753.804511598020326, 2741221.289657343644649 ], [ 362725.174103988858406, 2741226.918849281035364 ], [ 362710.609050816798117, 2741229.738996311090887 ], [ 362698.970815050939564, 2741232.05725537519902 ], [ 362680.209806708036922, 2741234.532036401797086 ], [ 362657.459982803324237, 2741237.531715907622129 ], [ 362635.763523505360354, 2741237.257961276452988 ], [ 362615.018389006901998, 2741240.463725342880934 ], [ 362593.430912093492225, 2741242.312933316454291 ], [ 362571.715723284403794, 2741244.039730413816869 ], [ 362554.007443178561516, 2741246.053767074365169 ], [ 362531.416154639213346, 2741247.737398212309927 ], [ 362505.793558277189732, 2741250.862713519949466 ], [ 362496.239909478696063, 2741251.322617411613464 ], [ 362493.991867876786273, 2741251.434480745345354 ], [ 362490.931827464606613, 2741251.564061314798892 ], [ 362470.433269881294109, 2741251.763981324620545 ], [ 362448.78200768789975, 2741253.55202836310491 ], [ 362435.950419039931148, 2741252.771126389037818 ], [ 362422.11796741996659, 2741251.949586023576558 ], [ 362406.595774717628956, 2741251.040220915805548 ], [ 362400.35882175603183, 2741251.677158166188747 ], [ 362394.452854673611, 2741250.306548603344709 ], [ 362376.233902081148699, 2741246.143350121565163 ], [ 362358.687781844404526, 2741244.153275574557483 ], [ 362347.845923057175241, 2741242.891110565979034 ], [ 362324.03531767136883, 2741240.288316971156746 ], [ 362316.393688935495447, 2741239.580967744346708 ], [ 362287.092627441626973, 2741234.598404353950173 ], [ 362278.767837837687694, 2741234.093591724988073 ], [ 362252.213076252490282, 2741228.925788724794984 ], [ 362243.222474019392394, 2741226.56016495404765 ], [ 362237.757909561623819, 2741225.36741503002122 ], [ 362218.664285417180508, 2741221.223440818954259 ], [ 362187.329481571679935, 2741214.722841888666153 ], [ 362158.031066491676029, 2741209.865232235752046 ], [ 362133.035902141069528, 2741218.790187572594732 ], [ 362128.290030131931417, 2741224.707653449848294 ], [ 362122.012333316204604, 2741232.034059866797179 ], [ 362112.774757478269748, 2741249.739457766991109 ], [ 362111.540103702689521, 2741256.142448327504098 ], [ 362110.694776768854354, 2741260.349011437036097 ], [ 362114.14518740598578, 2741275.150456324219704 ], [ 362115.001787720364518, 2741280.007455829996616 ], [ 362116.712624757783487, 2741289.596212585456669 ], [ 362119.070035073906183, 2741300.171009292826056 ], [ 362121.386226434609853, 2741314.559797132387757 ], [ 362123.61754744919017, 2741325.07482573390007 ], [ 362130.205412449024152, 2741346.120780599769205 ], [ 362137.000275817816146, 2741382.28940515499562 ], [ 362141.053254854108673, 2741381.825430143158883 ], [ 362144.050790254259482, 2741381.697058508172631 ], [ 362154.85561869078083, 2741381.2723801988177 ], [ 362160.153930495609529, 2741380.593522839713842 ], [ 362180.204049265594222, 2741385.591435368172824 ], [ 362201.715877657115925, 2741391.682808806654066 ], [ 362212.603541254997253, 2741397.882046104408801 ], [ 362220.931001030257903, 2741404.200300886295736 ], [ 362227.549284529464785, 2741415.244096975773573 ], [ 362236.138242188841105, 2741424.931964813731611 ], [ 362242.303568269126117, 2741432.422664362937212 ], [ 362242.962602248764597, 2741439.659366530831903 ], [ 362243.029729972942732, 2741442.720679739955813 ], [ 362246.292189575382508, 2741448.96252360008657 ], [ 362246.843201083596796, 2741459.827034462243319 ], [ 362247.597544772492256, 2741474.250017063226551 ], [ 362246.269514470594004, 2741487.781126441434026 ], [ 362247.795266392407939, 2741503.187359132803977 ], [ 362251.949943075189367, 2741527.287153064273298 ], [ 362257.087970104068518, 2741539.238640630152076 ], [ 362263.558860924676992, 2741546.410089962184429 ], [ 362287.216944848070852, 2741559.142648223787546 ], [ 362299.859511453891173, 2741559.865250635426491 ], [ 362310.500095171271823, 2741560.506695977412164 ], [ 362325.592671204940416, 2741558.925086697097868 ], [ 362328.145884092198685, 2741558.494052107911557 ], [ 362332.626627092366107, 2741557.583062280900776 ], [ 362355.529647917370312, 2741553.017069175839424 ], [ 362380.025543455092702, 2741546.978464104700834 ], [ 362389.809537600027397, 2741542.763070374727249 ], [ 362409.420412179257255, 2741539.144479463342577 ], [ 362425.047786528826691, 2741536.300897996872663 ], [ 362428.451560468645766, 2741543.289977168664336 ], [ 362434.777571128273848, 2741552.402294518426061 ], [ 362440.786817156826146, 2741567.022488551214337 ], [ 362442.179808042827062, 2741576.368226740509272 ], [ 362447.168597042036708, 2741601.449810183141381 ], [ 362449.416616909031291, 2741658.2835105904378 ], [ 362450.38879098650068, 2741688.329111874569207 ], [ 362451.559243509196676, 2741724.558614853303879 ], [ 362452.733007491799071, 2741738.159818027634174 ], [ 362456.003770912182517, 2741776.093446854501963 ], [ 362459.872606505523436, 2741784.322142431512475 ], [ 362467.694706148584373, 2741790.401231481228024 ], [ 362476.607083804905415, 2741794.893734287470579 ], [ 362483.259946362348273, 2741796.122915286570787 ], [ 362488.945525044517126, 2741795.997980443760753 ], [ 362524.58792838442605, 2741799.403527689166367 ], [ 362534.938841474009678, 2741798.238585148472339 ], [ 362537.13239742978476, 2741798.502952336333692 ], [ 362549.913770231185481, 2741799.847617188002914 ], [ 362555.735335950506851, 2741800.219872629269958 ], [ 362558.739829339145217, 2741800.403850570321083 ], [ 362564.169887503550854, 2741800.034612183924764 ], [ 362583.395536590542179, 2741798.799910475499928 ], [ 362610.769530781137291, 2741798.573817094787955 ], [ 362617.143756893812679, 2741798.4964674920775 ], [ 362636.222966160275973, 2741799.139957046601921 ], [ 362660.350162956339773, 2741796.234924659132957 ], [ 362665.837381541612558, 2741795.614405085798353 ], [ 362694.058428145945072, 2741794.119645363651216 ], [ 362697.183782031177543, 2741794.113611979410052 ], [ 362718.684771466185339, 2741794.016327775083482 ], [ 362735.717903697746806, 2741798.268138527404517 ], [ 362747.514007491874509, 2741803.134978451766074 ], [ 362746.764769238419831, 2741811.714985323604196 ], [ 362747.278039661119692, 2741829.39373122388497 ], [ 362749.645145354908891, 2741866.034532153978944 ], [ 362759.026893999136519, 2741891.894476956222206 ], [ 362760.091042306274176, 2741894.809097693301737 ], [ 362770.429988318937831, 2741895.957377869170159 ], [ 362780.21788380027283, 2741903.305978974793106 ], [ 362790.618066504481249, 2741904.390312709379941 ], [ 362807.292940495593939, 2741909.399903633166105 ], [ 362817.51815437769983, 2741911.050742932129651 ], [ 362822.614485832746141, 2741912.563903985545039 ], [ 362831.073199453181587, 2741916.316292088013142 ], [ 362850.70435614825692, 2741925.011575241107494 ], [ 362863.034511195321102, 2741931.429222888313234 ], [ 362866.264789454115089, 2741933.358652438037097 ], [ 362880.931168613140471, 2741940.8500552540645 ], [ 362893.329383059055544, 2741947.516255146358162 ], [ 362895.543532681942452, 2741948.717916752677411 ], [ 362911.376656940497924, 2741955.246149074751884 ], [ 362923.780853453907184, 2741959.349297821056098 ], [ 362925.563298096065409, 2741960.810541969724 ], [ 362943.699143050296698, 2741969.726021504029632 ], [ 362965.049285483080894, 2741977.008316877298057 ], [ 362976.846775284735486, 2741981.93735026428476 ], [ 363000.148561521666124, 2741981.300849711988121 ], [ 363002.871565840265248, 2741980.053194932173938 ], [ 363013.220423521415796, 2741975.950476113706827 ], [ 363020.585246279952116, 2741978.289051878266037 ], [ 363020.817998235812411, 2741974.65847085043788 ], [ 363019.573668736848049, 2741954.995689906645566 ], [ 363026.069702566601336, 2741909.221616191789508 ], [ 363032.16809824469965, 2741890.89761927863583 ], [ 363035.49366202444071, 2741874.384963515680283 ], [ 363041.451433920592535, 2741852.50110301328823 ], [ 363046.255284410319291, 2741832.142838943749666 ], [ 363056.187915471266024, 2741800.545334636699408 ], [ 363061.890553086239379, 2741761.352116304915398 ], [ 363066.590870646934491, 2741739.12078119860962 ], [ 363073.38912121753674, 2741715.65587140340358 ], [ 363075.593387916742358, 2741702.168142114765942 ], [ 363079.222319164022338, 2741676.709912513382733 ], [ 363079.06381746137049, 2741672.337821857072413 ], [ 363082.247231809073128, 2741652.202645810786635 ], [ 363084.778260875958949, 2741642.20815188344568 ], [ 363086.450233466573991, 2741635.795507606584579 ], [ 363087.505770858377218, 2741624.083185380790383 ], [ 363093.049241085769609, 2741620.335960926953703 ], [ 363096.098377499962226, 2741619.706441225018352 ], [ 363125.128991954727098, 2741618.06888539949432 ], [ 363137.578099109232426, 2741615.670280202757567 ], [ 363140.700529343099333, 2741615.539223580155522 ], [ 363142.823358757188544, 2741615.43025326076895 ], [ 363154.926963414705824, 2741617.22721684537828 ], [ 363157.56071090081241, 2741617.606939964462072 ], [ 363184.9076341772452, 2741624.695185027550906 ], [ 363220.252194214379415, 2741634.48295314097777 ], [ 363243.305915383505635, 2741642.478049323428422 ], [ 363252.062038478150498, 2741645.536189698148519 ], [ 363256.190308832854498, 2741674.136923908721656 ], [ 363253.408913174760528, 2741681.26150262914598 ], [ 363252.718165968777612, 2741683.964593335054815 ], [ 363250.424685367033817, 2741693.391177069861442 ], [ 363244.059226106444839, 2741708.09540817886591 ], [ 363241.857306990073994, 2741713.144549182150513 ], [ 363239.51855411316501, 2741720.509300008881837 ], [ 363231.251245522638783, 2741734.005296989809722 ], [ 363224.641897627036087, 2741746.151931236963719 ], [ 363215.034352378337644, 2741761.23993163369596 ], [ 363214.604531794670038, 2741764.437405520584434 ], [ 363213.248311057686806, 2741773.843420871533453 ], [ 363208.767325699795038, 2741797.507593352347612 ], [ 363207.693393450521398, 2741805.53234039247036 ], [ 363206.891948736156337, 2741811.738205646164715 ], [ 363210.388906011241488, 2741834.352045805193484 ], [ 363211.182466706144623, 2741842.023262310773134 ], [ 363211.240766846691258, 2741847.522737936116755 ], [ 363212.928899224265479, 2741853.23633703077212 ], [ 363217.585502067930065, 2741868.886293941177428 ], [ 363221.859853020112496, 2741881.356676124501973 ], [ 363225.585337867727503, 2741885.900562424678355 ], [ 363231.42988428066019, 2741893.023142984136939 ], [ 363243.369825508212671, 2741904.450177728198469 ], [ 363250.604176588531118, 2741912.229857727885246 ], [ 363273.686136107658967, 2741918.661595568992198 ], [ 363277.67517092206981, 2741918.136334504932165 ], [ 363290.828606803086586, 2741919.347742036450654 ], [ 363296.459703685017303, 2741919.599029403179884 ], [ 363311.791760135791264, 2741920.387625752948225 ], [ 363314.043668980593793, 2741920.463251035660505 ], [ 363342.124019628565293, 2741921.096610401757061 ], [ 363356.528344529215246, 2741922.343108427710831 ], [ 363368.026377258589491, 2741925.028518101666123 ], [ 363376.521286829374731, 2741927.592346725519747 ], [ 363378.534410188440233, 2741928.173288791906089 ], [ 363389.413628734881058, 2741933.997579560149461 ], [ 363400.459072700235993, 2741941.693678172770888 ], [ 363410.607157471822575, 2741951.22226154897362 ], [ 363418.900185571052134, 2741961.666541903279722 ], [ 363435.426304190943483, 2741988.369972995482385 ], [ 363452.986986708827317, 2742013.80035014078021 ], [ 363455.870098154526204, 2741999.922545575536788 ], [ 363462.263665362494066, 2741995.031587261240929 ], [ 363469.403454794199206, 2741992.8120086803101 ], [ 363482.302106311428361, 2741990.966025673784316 ], [ 363494.789536125143059, 2741990.316742699593306 ], [ 363515.618122271902394, 2741990.922100190073252 ], [ 363531.33163548365701, 2741992.014625243842602 ], [ 363553.93585381959565, 2741993.768539582844824 ], [ 363580.313814021588769, 2741999.440215240698308 ], [ 363593.199405710271094, 2741999.844921721145511 ], [ 363595.58602195471758, 2742000.355087673757225 ], [ 363605.130653872678522, 2742002.333196308929473 ], [ 363614.741295107407495, 2742007.310382097959518 ], [ 363617.553379654127639, 2742010.12406809348613 ], [ 363626.272241896716878, 2742017.183534367009997 ], [ 363634.892768281395547, 2742022.620068365242332 ], [ 363648.624099129694514, 2742033.069930865429342 ], [ 363666.088950671022758, 2742048.438521067146212 ], [ 363680.681677477201447, 2742061.119844845030457 ], [ 363690.448766614485066, 2742067.531268795020878 ], [ 363703.206513049546629, 2742079.190057647880167 ], [ 363712.964469630969688, 2742088.039441714994609 ], [ 363730.523423507867847, 2742104.843796841800213 ], [ 363745.385469830129296, 2742118.394288217648864 ], [ 363754.867616946052294, 2742126.062214640434831 ], [ 363760.149274799972773, 2742130.321744900196791 ], [ 363770.906356128514744, 2742141.962114103604108 ], [ 363773.778206436778419, 2742144.649531252682209 ], [ 363782.589512272155844, 2742153.082106954418123 ], [ 363786.802397145074792, 2742157.052591557614505 ], [ 363803.603052660939284, 2742173.498349392786622 ], [ 363821.537469180999324, 2742193.16979689989239 ], [ 363833.924972268810961, 2742207.899738538078964 ], [ 363836.106851063435897, 2742210.477121924515814 ], [ 363842.973191374039743, 2742218.577367105521262 ], [ 363846.002835946099367, 2742222.76144115999341 ], [ 363862.313490982167423, 2742245.343888011295348 ], [ 363878.179866998631041, 2742267.623382098041475 ], [ 363887.538792880950496, 2742283.920068310573697 ], [ 363891.048560599621851, 2742290.031228443607688 ], [ 363892.347566013457254, 2742292.253043345175683 ], [ 363906.403319344506599, 2742320.32313145743683 ], [ 363912.011519113788381, 2742333.764283739030361 ], [ 363916.073775684053544, 2742345.114088308997452 ], [ 363923.472645594796631, 2742371.767646157648414 ], [ 363926.112302851921413, 2742386.649085969198495 ], [ 363933.504914166696835, 2742410.177392296027392 ], [ 363935.734590218518861, 2742437.694614338688552 ], [ 363937.119178069406189, 2742446.665402901824564 ], [ 363936.35261951800203, 2742462.99697557464242 ], [ 363931.896622941945679, 2742482.097254494670779 ], [ 363929.386350614018738, 2742493.028924517799169 ], [ 363928.642719608149491, 2742496.170540800318122 ], [ 363923.953744151047431, 2742513.213387021329254 ], [ 363917.345994750969112, 2742531.11079891351983 ], [ 363911.251097006024793, 2742541.058508521877229 ], [ 363909.262028984958306, 2742544.415083550848067 ], [ 363898.472346045193262, 2742562.591956333257258 ], [ 363891.997055359650403, 2742572.297989610116929 ], [ 363888.496081958059222, 2742575.125213789287955 ], [ 363872.338914984255098, 2742587.981677598785609 ], [ 363864.249467629939318, 2742595.347741984762251 ], [ 363856.658028574311174, 2742599.765112059190869 ], [ 363846.722647618618794, 2742605.609320968855172 ], [ 363840.730812826892361, 2742608.866152787115425 ], [ 363825.755192607757635, 2742615.758542591240257 ], [ 363821.903507668990642, 2742616.843171302694827 ], [ 363807.553379624092486, 2742620.909005680587143 ], [ 363796.48643608938437, 2742626.465149438939989 ], [ 363783.444993910496123, 2742627.501655138097703 ], [ 363767.045378405600786, 2742632.174868545029312 ], [ 363748.064372784632724, 2742633.154486496001482 ], [ 363730.398096417018678, 2742634.230141018051654 ], [ 363719.414212063187733, 2742635.033862622454762 ], [ 363697.637489905231632, 2742639.63784128241241 ], [ 363679.593383232015185, 2742646.28490004548803 ], [ 363684.022759551298805, 2742682.880029296502471 ], [ 363706.709583811461926, 2742708.322649992536753 ], [ 363709.876640705799218, 2742713.066317497752607 ], [ 363718.481495916261338, 2742720.628339560236782 ], [ 363726.215532513102517, 2742728.39699262753129 ], [ 363730.115921280463226, 2742732.374414258636534 ], [ 363732.221627196238842, 2742734.328419296536595 ], [ 363746.686811387946364, 2742741.199101251084358 ], [ 363751.358256943291053, 2742743.284180258400738 ], [ 363779.203570547048002, 2742755.986995598301291 ], [ 363806.662368510267697, 2742759.634588528890163 ], [ 363820.100595307420008, 2742759.589329618960619 ], [ 363840.010431407950819, 2742758.214545805007219 ], [ 363856.458808933617547, 2742758.60315571539104 ], [ 363866.277554086758755, 2742758.82499797269702 ], [ 363866.463030992192216, 2742750.194814727175981 ], [ 363887.627874900004826, 2742749.042420397046953 ], [ 363893.856632650655229, 2742748.030403519514948 ], [ 363914.742851483286358, 2742739.883219109848142 ], [ 363933.63962164928671, 2742732.217192174401134 ], [ 363938.595280678127892, 2742730.170540906488895 ], [ 363947.835193409700878, 2742723.966864937916398 ], [ 363975.988399461610243, 2742705.158559245057404 ], [ 364008.105454468983226, 2742664.760342502500862 ], [ 364026.043043675483204, 2742650.427072907332331 ], [ 364045.865877796430141, 2742630.864080607425421 ], [ 364062.993579422472976, 2742613.798287779092789 ], [ 364070.334285046206787, 2742606.511152657680213 ], [ 364072.24106151307933, 2742605.094087630044669 ], [ 364082.083746499847621, 2742597.876918025314808 ], [ 364113.287418896215968, 2742584.18983077770099 ], [ 364153.893028231104836, 2742554.606761456932873 ], [ 364163.431736731901765, 2742542.083219678141177 ], [ 364165.904835897963494, 2742540.84124138392508 ], [ 364175.33841844741255, 2742532.070383816957474 ], [ 364188.590226148371585, 2742517.840030315797776 ], [ 364204.213493426330388, 2742497.74443292664364 ], [ 364224.756615915859584, 2742479.665864131879061 ], [ 364255.737083245185204, 2742458.670312155969441 ], [ 364259.433601211057976, 2742456.213737791869789 ], [ 364269.84904962067958, 2742446.608833690639585 ], [ 364278.610421270946972, 2742438.540320105385035 ], [ 364295.757048417231999, 2742422.349303483963013 ], [ 364311.474331604316831, 2742409.377411092631519 ], [ 364325.906985841109417, 2742397.683988723903894 ], [ 364340.174882104853168, 2742384.181451780721545 ], [ 364350.354853891534731, 2742372.393823761958629 ], [ 364359.907820096821524, 2742363.370407597161829 ], [ 364364.50182098953519, 2742359.081452603451908 ], [ 364374.265694439411163, 2742351.116132323164493 ], [ 364376.04739061393775, 2742349.701781516429037 ], [ 364380.652071536809672, 2742345.912569268140942 ], [ 364385.191844780871179, 2742341.999949400313199 ], [ 364388.994154356187209, 2742338.665962392929941 ], [ 364390.581532090785913, 2742336.943626539316028 ], [ 364406.280084445024841, 2742320.284086206462234 ], [ 364415.044358739047311, 2742312.340573515743017 ], [ 364422.154724384308793, 2742305.933649420272559 ], [ 364438.863974174601026, 2742289.752109171357006 ], [ 364440.077750196913257, 2742288.100232626311481 ], [ 364460.542771218926646, 2742272.148890799377114 ], [ 364477.723745910450816, 2742257.519780177157372 ], [ 364498.512694298056886, 2742239.248308388050646 ], [ 364523.144389531575143, 2742222.330382085870951 ], [ 364545.354454549029469, 2742206.153064767830074 ], [ 364564.503821530379355, 2742192.918456242419779 ], [ 364584.194759397010785, 2742178.73426239611581 ], [ 364586.978797822259367, 2742177.422974445857108 ], [ 364595.270901923184283, 2742170.739967246074229 ], [ 364602.886381830903701, 2742164.572078454308212 ], [ 364606.028808395494707, 2742162.502701875288039 ], [ 364617.244747549644671, 2742155.193077138159424 ], [ 364631.972484424069989, 2742145.55595493549481 ], [ 364640.169534578046296, 2742140.25027132499963 ], [ 364654.147532285947818, 2742130.629714991431683 ], [ 364657.22608072811272, 2742128.499285960569978 ], [ 364666.714668256812729, 2742122.227688608225435 ], [ 364679.469236470351461, 2742113.821512411814183 ], [ 364697.587881646933965, 2742102.047216983512044 ], [ 364709.228940628003329, 2742094.165552854537964 ], [ 364723.766443106811494, 2742084.407682329416275 ], [ 364726.233886290108785, 2742082.915781261399388 ], [ 364755.725097669754177, 2742065.266020314767957 ], [ 364781.165426971565466, 2742051.018083934672177 ], [ 364798.180322944768704, 2742040.205684651620686 ], [ 364801.571277680399362, 2742038.068466745316982 ], [ 364814.43714869779069, 2742029.034901073202491 ], [ 364824.944068018812686, 2742009.364085257984698 ], [ 364835.622334577608854, 2742003.191394610796124 ], [ 364848.512811406631954, 2741995.282347464002669 ], [ 364859.198626283090562, 2741992.29737293580547 ], [ 364873.137307327473536, 2741989.42855439055711 ], [ 364889.025207312777638, 2741981.391098312567919 ], [ 364897.565740261226892, 2741974.640291422605515 ], [ 364911.334259210270829, 2741969.712457215413451 ], [ 364921.890999073220883, 2741966.542725911363959 ], [ 364932.429278901137877, 2741959.68546300381422 ], [ 364945.026448057382368, 2741952.658004266675562 ], [ 364953.371086717874277, 2741945.536457170266658 ], [ 364983.922632623056415, 2741950.553846637252718 ], [ 365002.3665246500168, 2741953.586599711328745 ], [ 365019.735297150386032, 2741953.205208387691528 ], [ 365082.289718140324112, 2741955.332061762921512 ], [ 365093.104914905445185, 2741972.471739204600453 ], [ 365119.278753422026057, 2741977.397610313724726 ], [ 365159.385847819270566, 2741984.893044215161353 ], [ 365239.980610531463753, 2742014.377000017091632 ], [ 365259.34643998905085, 2742016.702115598134696 ], [ 365261.945884177461267, 2742015.519917258061469 ], [ 365278.450885217811447, 2742015.65752348350361 ], [ 365298.567358593572862, 2742015.153321948833764 ], [ 365312.718257048982196, 2742007.716653157956898 ], [ 365323.357340561109595, 2742002.607432467862964 ], [ 365331.83297285187291, 2741998.608371581882238 ], [ 365341.742426922312006, 2741991.577472712378949 ], [ 365350.339653344999533, 2741984.575322051066905 ], [ 365362.082989351823926, 2741972.816021328791976 ], [ 365381.688743542996235, 2741960.446595304645598 ], [ 365394.916213475051336, 2741953.655417109839618 ], [ 365417.959667786199134, 2741941.272925944067538 ], [ 365439.689805451547727, 2741928.85675192065537 ], [ 365503.714711124426685, 2741892.634205710608512 ], [ 365523.969236192933749, 2741878.500215993728489 ], [ 365535.815346594143193, 2741871.426912425551564 ], [ 365538.782107802690007, 2741867.048669901210815 ], [ 365542.556147989584133, 2741865.278058460913599 ], [ 365567.920226387679577, 2741850.406945714261383 ], [ 365653.704597504867706, 2741800.267537438310683 ], [ 365660.865463849331718, 2741801.860555556137115 ], [ 365675.101902675814927, 2741806.861050200182945 ], [ 365684.090333136147819, 2741811.97671313257888 ], [ 365696.732476461678743, 2741824.075532413553447 ], [ 365707.179184963577427, 2741827.284223450347781 ], [ 365723.4163534391555, 2741832.303304371424019 ], [ 365762.136523010791279, 2741827.890170549042523 ], [ 365903.213360975147225, 2741833.480914548970759 ], [ 366002.811609785887413, 2741837.419658610597253 ], [ 366005.31348348769825, 2741837.489753280300647 ], [ 366008.859385416901205, 2741842.412426902446896 ], [ 366011.054905119526666, 2741851.302823539357632 ], [ 366016.743544045952149, 2741865.554555183276534 ], [ 366021.137127481342759, 2741877.772094219457358 ], [ 366023.330630596261472, 2741883.724509779363871 ], [ 366032.585841869586147, 2741903.836155579891056 ], [ 366036.985788574442267, 2741913.490762623492628 ], [ 366041.021218427456915, 2741920.777970142196864 ], [ 366048.163155415968504, 2741935.747931853868067 ], [ 366053.080020057503134, 2741949.016455290839076 ], [ 366059.880969593767077, 2741962.681267230771482 ], [ 366065.110434177564457, 2741970.254833979997784 ], [ 366071.005647132114973, 2741979.689057809300721 ], [ 366072.98347732698312, 2741987.208873693365604 ], [ 366076.874090860597789, 2741996.437038519885391 ], [ 366081.445130673237145, 2742005.337749622762203 ], [ 366095.100257289479487, 2742035.10382961248979 ], [ 366096.017348416615278, 2742042.709577253554016 ], [ 366096.560242355568334, 2742047.510866398923099 ], [ 366098.16382872487884, 2742063.602442835923284 ], [ 366099.088937756081577, 2742077.271293319761753 ], [ 366099.346410284168087, 2742086.141503726132214 ], [ 366100.156910079182126, 2742097.437539492733777 ], [ 366102.672923718986567, 2742112.384145085699856 ], [ 366098.515837893122807, 2742145.104196354746819 ], [ 366079.661945892090444, 2742160.394882632419467 ], [ 366076.763953640882391, 2742162.208798507228494 ], [ 366054.950421447516419, 2742170.813796754926443 ], [ 366045.405719792412128, 2742174.523738795425743 ], [ 366039.146371902897954, 2742176.973990404047072 ], [ 366025.471118883579038, 2742186.150350282434374 ], [ 366013.512453362694941, 2742193.788849289063364 ], [ 366011.113507368951105, 2742204.09264195850119 ], [ 366010.478939014137723, 2742215.045400419272482 ], [ 366008.499291882733814, 2742230.215697858016938 ], [ 366011.479508886230178, 2742237.838642127346247 ], [ 366014.632750966935419, 2742253.333718369249254 ], [ 366016.242525966372341, 2742261.174301747232676 ], [ 366015.47981681197416, 2742263.441328834276646 ], [ 366015.312770692224149, 2742275.758929901290685 ], [ 366015.184154131507967, 2742284.137702630832791 ], [ 366014.8236653758795, 2742287.646048846188933 ], [ 366012.489961677696556, 2742292.385310889687389 ], [ 366010.957495097536594, 2742290.918826966080815 ], [ 366000.949174471490551, 2742304.82765783322975 ], [ 365969.60679522738792, 2742320.705414870753884 ], [ 365964.122554987086914, 2742321.4508589473553 ], [ 365949.328560815774836, 2742319.525424472987652 ], [ 365936.869458637898788, 2742318.611462470144033 ], [ 365931.137449787638616, 2742316.61204044194892 ], [ 365928.932854001759551, 2742315.847854467108846 ], [ 365919.671810477389954, 2742312.550863780546933 ], [ 365899.705988384783268, 2742305.675866367295384 ], [ 365874.456376730813645, 2742302.980058597400784 ], [ 365858.082558510068338, 2742300.276833123061806 ], [ 365845.274788977927528, 2742300.558065919671208 ], [ 365841.14995127369184, 2742300.58617188828066 ], [ 365837.901028653024696, 2742300.657493052538484 ], [ 365833.385946851631161, 2742317.071209638379514 ], [ 365832.652577505679801, 2742329.213793178554624 ], [ 365830.890936396433972, 2742360.006042674183846 ], [ 365808.340322816220578, 2742394.817791448440403 ], [ 365799.670227879076265, 2742398.508564193267375 ], [ 365789.337557801045477, 2742400.485833384096622 ], [ 365739.025510286563076, 2742389.401809739880264 ], [ 365726.437555160664488, 2742388.30300218379125 ], [ 365712.657437110086903, 2742384.167810154613107 ], [ 365695.770240409183316, 2742380.850649539846927 ], [ 365681.393012985237874, 2742377.978589638601989 ], [ 365656.906575773726217, 2742375.891007786151022 ], [ 365641.350336645264179, 2742384.796114776749164 ], [ 365639.313278165238444, 2742385.966016918420792 ], [ 365624.834149726200849, 2742395.535165305249393 ], [ 365616.333061802899465, 2742401.222439066972584 ], [ 365611.471423181006685, 2742404.704714896157384 ], [ 365598.113445142982528, 2742416.93695207638666 ], [ 365593.55450768454466, 2742425.663105907849967 ], [ 365592.803928542009089, 2742439.868813974317163 ], [ 365600.330855474225245, 2742469.519549479242414 ], [ 365608.5048302981304, 2742488.779894574545324 ], [ 365623.044147664564662, 2742493.336104630492628 ], [ 365633.936314268386923, 2742502.598038424737751 ], [ 365636.704554198891856, 2742503.412513530813158 ], [ 365652.125414451817051, 2742508.261762932408601 ], [ 365664.29398764052894, 2742510.182283968664706 ], [ 365676.746274612145498, 2742510.783949485048652 ], [ 365694.007030206616037, 2742514.030328066088259 ], [ 365706.694678170722909, 2742516.814492181874812 ], [ 365728.998987747356296, 2742522.01277535688132 ], [ 365746.852396617177874, 2742526.621285112574697 ], [ 365760.057687692111358, 2742530.206653042696416 ], [ 365773.455946869100444, 2742534.037917378824204 ], [ 365789.312695852480829, 2742538.815296488814056 ], [ 365799.50663791783154, 2742541.904211664572358 ], [ 365813.916938783950172, 2742546.275690255220979 ], [ 365827.514915151405148, 2742550.665265285409987 ], [ 365845.107341296388768, 2742554.779363991227001 ], [ 365860.781657129409723, 2742556.93535483116284 ], [ 365864.167695541633293, 2742557.423568838275969 ], [ 365880.64514028740814, 2742561.999869808554649 ], [ 365893.487345957313664, 2742563.28041486768052 ], [ 365906.328133314207662, 2742564.498519512824714 ], [ 365919.99540069088107, 2742569.198954096529633 ], [ 365924.214272171549965, 2742570.606450524181128 ], [ 365943.805287338444032, 2742577.489532426930964 ], [ 365963.578232996049337, 2742584.118574687279761 ], [ 365977.297619321790989, 2742591.19326201826334 ], [ 365988.930710824963171, 2742597.188519135583192 ], [ 366007.090092414524406, 2742604.352832778356969 ], [ 366010.620458331599366, 2742605.712986632715911 ], [ 366023.977305870037526, 2742613.358081090264022 ], [ 366028.155714228574652, 2742615.76656360598281 ], [ 366052.787459396175109, 2742624.476642554160208 ], [ 366064.173236070782878, 2742630.602502640336752 ], [ 366076.779799941403326, 2742635.388576765544713 ], [ 366087.873334140051156, 2742639.582838580477983 ], [ 366109.641888187616132, 2742648.855949799530208 ], [ 366111.593811553611886, 2742649.500558995176107 ], [ 366128.787313041626476, 2742655.373681294266135 ], [ 366131.996917150332592, 2742656.365833727177233 ], [ 366134.451426871237345, 2742657.124524961225688 ], [ 366142.010445522260852, 2742659.771286748815328 ], [ 366147.680011290824041, 2742661.772057329304516 ], [ 366175.650264480151236, 2742671.658879804424942 ], [ 366185.477774570113979, 2742675.130957700777799 ], [ 366194.343758895527571, 2742686.062418478541076 ], [ 366222.084757134725805, 2742702.580139396712184 ], [ 366246.614580812340137, 2742729.419501752592623 ], [ 366257.515771930571645, 2742736.243422890547663 ], [ 366256.758288922312204, 2742750.136690074112266 ], [ 366252.47116919211112, 2742759.85688792495057 ], [ 366246.638022961793467, 2742778.862161362078041 ], [ 366242.845322633977048, 2742788.321619008667767 ], [ 366235.633739855140448, 2742795.793358153663576 ], [ 366229.895720820873976, 2742804.920460593421012 ], [ 366225.64449644240085, 2742816.265100492164493 ], [ 366225.072484327014536, 2742821.528413233812898 ], [ 366218.817907867312897, 2742827.041267395019531 ], [ 366208.508362479624338, 2742835.768655576743186 ], [ 366201.942668487259652, 2742841.351096641737968 ], [ 366185.690940373751801, 2742855.584687298629433 ], [ 366176.366759377066046, 2742866.478228545747697 ], [ 366166.69626930099912, 2742878.692013456020504 ], [ 366150.27910009335028, 2742888.241199949756265 ], [ 366136.101644790265709, 2742885.927295414730906 ], [ 366123.641254963062238, 2742884.95085058035329 ], [ 366104.232802267244551, 2742880.689229796174914 ], [ 366087.953940748120658, 2742876.608715321868658 ], [ 366075.063849234255031, 2742873.141386140137911 ], [ 366062.80590554093942, 2742872.848163907416165 ], [ 366050.545331400469877, 2742872.429824557155371 ], [ 366041.927558930357918, 2742872.806708375457674 ], [ 366036.805716390605085, 2742872.981553064193577 ], [ 366023.857169860217255, 2742875.39129260648042 ], [ 366008.513886938919313, 2742876.915978758595884 ], [ 365991.601001208124217, 2742880.975377428345382 ], [ 365976.229527255869471, 2742884.063463447149843 ], [ 365965.796431809547357, 2742887.168087811674923 ], [ 365950.430627413908951, 2742890.505790738854557 ], [ 365943.279180196928792, 2742895.038439850322902 ], [ 365928.114374419441447, 2742904.685167332179844 ], [ 365856.656946921139024, 2742949.697305749636143 ], [ 365844.686713893315755, 2742965.337192440871149 ], [ 365837.204959900001995, 2742974.75255004921928 ], [ 365827.798263392061926, 2742987.585701347328722 ], [ 365819.653392272128258, 2743000.953729153610766 ], [ 365812.530948607600294, 2743012.486466072965413 ], [ 365803.762639365973882, 2743025.930672595277429 ], [ 365800.694282246637158, 2743037.061954675242305 ], [ 365799.325878878356889, 2743045.905674413312227 ], [ 365800.764131405332591, 2743057.312794102821499 ], [ 365801.96814636234194, 2743066.599895247723907 ], [ 365809.666429110395256, 2743084.120564236305654 ], [ 365812.584236986702308, 2743091.744740705471486 ], [ 365820.505075894645415, 2743102.321987867821008 ], [ 365826.440953797486145, 2743110.755143522750586 ], [ 365833.454151492216624, 2743119.852332777809352 ], [ 365841.071381559013389, 2743127.998247422743589 ], [ 365846.993683207081631, 2743135.806549988687038 ], [ 365855.671738592733163, 2743143.867071923799813 ], [ 365866.363441651628818, 2743155.383650624658912 ], [ 365904.602456760476343, 2743208.737198802176863 ], [ 365916.601682150736451, 2743265.54306081822142 ], [ 365932.335664395883214, 2743333.017835936509073 ], [ 365984.057238426583353, 2743413.953635710757226 ], [ 366002.559011094563175, 2743450.926595085766166 ], [ 366021.782393556670286, 2743495.134534249547869 ], [ 366033.646000998094678, 2743523.002075884491205 ], [ 366044.60936767840758, 2743569.641764223109931 ], [ 366053.613782906904817, 2743655.141498908400536 ], [ 366051.384130283782724, 2743715.822428171988577 ], [ 366049.625338589423336, 2743797.933178536128253 ], [ 366040.368737815180793, 2743865.957070030272007 ], [ 366048.600431721424684, 2743904.905729577410966 ], [ 366043.999736934667453, 2743920.258776088710874 ], [ 366038.743406394554768, 2743948.439903024584055 ], [ 366040.500199493370019, 2743957.277416669297963 ], [ 366042.678675690782256, 2743968.230807579588145 ], [ 366034.982835062604863, 2743990.652521311771125 ], [ 366031.740814051358029, 2744002.41255007032305 ], [ 366019.420379562012386, 2744024.873518628068268 ], [ 366012.772225795662962, 2744043.771694355178624 ], [ 366017.808160614280496, 2744076.665024051442742 ], [ 366013.825300286174752, 2744086.003606489859521 ], [ 366009.945562915585469, 2744100.027917956933379 ], [ 366008.126805196807254, 2744111.131756402552128 ], [ 366001.180219418252818, 2744124.973529936280102 ], [ 366000.350030424073339, 2744129.867125901393592 ], [ 365996.059754579502624, 2744142.27540918905288 ], [ 365994.470279108034447, 2744158.124780177138746 ], [ 365989.297732093371451, 2744167.364501805976033 ], [ 365985.387716871395241, 2744180.014421018306166 ], [ 365967.931207288987935, 2744176.397553405258805 ], [ 365941.498464375385083, 2744168.227466146461666 ], [ 365911.269900483603124, 2744160.828174637630582 ], [ 365907.247994029312395, 2744159.853950817603618 ], [ 365897.205627185292542, 2744155.136656409595162 ], [ 365882.632025549770333, 2744149.018487364053726 ], [ 365876.113165890332311, 2744145.348936360795051 ], [ 365859.831237165722996, 2744141.143638964276761 ], [ 365849.122276121401228, 2744137.378488126210868 ], [ 365838.103725109656807, 2744133.745274413842708 ], [ 365827.054062554962002, 2744131.550311103928834 ], [ 365819.360513279330917, 2744128.468799818307161 ], [ 365808.199012726196088, 2744124.026157528162003 ], [ 365788.07733287231531, 2744118.592453444376588 ], [ 365783.472494171583094, 2744116.693475984036922 ], [ 365759.614430316374637, 2744111.904752309434116 ], [ 365741.360133172303904, 2744106.117471656762064 ], [ 365704.292536794557236, 2744097.555988541804254 ], [ 365664.922951953718439, 2744089.482626070268452 ], [ 365615.261729897349142, 2744079.572577703278512 ], [ 365574.169570062367711, 2744069.911835234146565 ], [ 365537.608329007169232, 2744169.72716350061819 ], [ 365525.226634442922659, 2744203.628408583812416 ], [ 365523.266516018775292, 2744208.296922704670578 ], [ 365520.593706092331558, 2744214.669048904441297 ], [ 365503.075935450498946, 2744256.621476012747735 ], [ 365497.011451338010374, 2744279.3200504463166 ], [ 365483.899986913427711, 2744328.364119041711092 ], [ 365478.820864278590307, 2744347.540483252611011 ], [ 365462.692076470004395, 2744381.586656891275197 ], [ 365453.265342229919042, 2744407.734414617531002 ], [ 365429.868634010199457, 2744441.0026725968346 ], [ 365419.572957052732818, 2744456.04315213765949 ], [ 365396.502297173719853, 2744489.929083955008537 ], [ 365392.866231777472422, 2744500.822942121885717 ], [ 365380.447661935701035, 2744515.97277083620429 ], [ 365357.593152575660497, 2744539.790518188849092 ], [ 365317.876779305632226, 2744558.602912641130388 ], [ 365300.820407651364803, 2744564.666049734689295 ], [ 365292.870796431903727, 2744564.153217611368746 ], [ 365278.76295321341604, 2744565.025820552371442 ], [ 365262.429031445470173, 2744564.134679870679975 ], [ 365247.21950994967483, 2744563.218622215092182 ], [ 365232.945206699892879, 2744559.344460686668754 ], [ 365219.918286528845783, 2744512.687528379261494 ], [ 365212.72706334706163, 2744486.967378623317927 ], [ 365215.187835880089551, 2744468.098449944984168 ], [ 365215.053119009535294, 2744461.975630262400955 ], [ 365215.689718514215201, 2744459.648965626955032 ], [ 365236.902561036171392, 2744381.048113240860403 ], [ 365237.422352228895761, 2744379.098939402028918 ], [ 365234.71787615143694, 2744361.281032293103635 ], [ 365233.61876822845079, 2744353.92938155028969 ], [ 365228.367968171136454, 2744319.790551512967795 ], [ 365226.580245766846929, 2744312.391356233973056 ], [ 365179.334672226337716, 2744318.555347849614918 ], [ 365105.413518942019437, 2744328.243330338038504 ], [ 365088.143473202595487, 2744327.435294239781797 ], [ 365029.075495471362956, 2744324.670177857391536 ], [ 364962.322493537212722, 2744333.450956059619784 ], [ 364940.134067629347555, 2744336.376197977457196 ], [ 364890.365532790892757, 2744344.345843123737723 ], [ 364831.886347530176863, 2744345.631139190401882 ], [ 364728.623744795215316, 2744351.338397722691298 ], [ 364671.906795810093172, 2744356.022595895919949 ], [ 364618.589345415879507, 2744358.944663241971284 ], [ 364603.907038483477663, 2744359.267253886908293 ], [ 364580.891863961121999, 2744364.398704246617854 ], [ 364545.350295631098561, 2744365.554837782401592 ], [ 364507.032034269650467, 2744376.898323628585786 ], [ 364444.01923491677735, 2744390.909823281690478 ], [ 364432.834409104892984, 2744396.781240382231772 ], [ 364387.252855508239008, 2744421.786108408123255 ], [ 364385.723928574821912, 2744434.696373218670487 ], [ 364392.028607072425075, 2744474.125438421964645 ], [ 364399.265783308946993, 2744487.718314355704933 ], [ 364401.048146550776437, 2744494.867503425106406 ], [ 364408.65872683445923, 2744525.454253764357418 ], [ 364422.958007940789685, 2744547.517716459464282 ], [ 364442.606935777934268, 2744579.777795244473964 ], [ 364450.047913116286509, 2744605.492623256053776 ], [ 364453.374395488935988, 2744634.5481884079054 ], [ 364462.350691693136469, 2744701.672104172874242 ], [ 364462.841676143929362, 2744704.099155975971371 ], [ 364466.479029760928825, 2744727.397219429723918 ], [ 364463.458926118328236, 2744746.403309495188296 ], [ 364458.713278297800571, 2744763.697558243293315 ], [ 364454.020731345517561, 2744786.241134860087186 ], [ 364442.756163283251226, 2744822.618283283431083 ], [ 364424.544925559894182, 2744855.772916884161532 ], [ 364407.029375344980508, 2744889.28723598876968 ], [ 364372.946057645429391, 2744939.730185942258686 ], [ 364372.302816387847997, 2744941.744743203278631 ], [ 364353.727317527285777, 2745046.479026734363288 ], [ 364346.460007702000439, 2745077.017674950417131 ], [ 364340.576254958286881, 2745110.776477542705834 ], [ 364344.702004326158203, 2745136.37655687564984 ], [ 364378.944527062703855, 2745249.576095377095044 ], [ 364381.043367219914217, 2745251.217691837344319 ], [ 364387.121015288168564, 2745260.397789690643549 ], [ 364408.829598196549341, 2745255.54502455657348 ], [ 364423.248870342154987, 2745251.790203684475273 ], [ 364437.476807400002144, 2745247.851872567553073 ], [ 364449.355682167282794, 2745242.277509795967489 ], [ 364466.430093430331908, 2745237.026576249394566 ], [ 364485.094289311789908, 2745230.177892645355314 ], [ 364499.193081022007391, 2745226.055157851893455 ], [ 364526.149916362483054, 2745215.398681260179728 ], [ 364529.943117117276415, 2745214.502735667396337 ], [ 364540.451143861981109, 2745211.958808209281415 ], [ 364558.548224530532025, 2745207.748030672315508 ], [ 364573.835493896622211, 2745203.661552421748638 ], [ 364608.708318610442802, 2745194.831431239377707 ], [ 364613.69565393391531, 2745194.22161269094795 ], [ 364632.833553415024653, 2745191.863197071477771 ], [ 364650.796417068573646, 2745187.21770263556391 ], [ 364673.757401629467495, 2745182.46250510821119 ], [ 364701.943702523887623, 2745173.716829813551158 ], [ 364705.917494286550209, 2745172.504282779060304 ], [ 364715.850757486943621, 2745169.410465795081109 ], [ 364729.787382149719633, 2745163.603522960096598 ], [ 364740.436768947984092, 2745156.118529235478491 ], [ 364747.862595644313842, 2745147.01665460690856 ], [ 364757.445637447584886, 2745139.367578718811274 ], [ 364779.043837318546139, 2745143.705824912525713 ], [ 364793.132257380988449, 2745147.646772276144475 ], [ 364805.065473220834974, 2745153.072608691174537 ], [ 364811.749889450962655, 2745161.426672336179763 ], [ 364820.636824818851892, 2745167.607163353357464 ], [ 364829.096862617821898, 2745177.109875481110066 ], [ 364828.243562589283101, 2745186.62975352210924 ], [ 364826.913742761593312, 2745197.222987339831889 ], [ 364825.412992060417309, 2745208.569820052944124 ], [ 364825.632019078533631, 2745221.37917066225782 ], [ 364824.722228046215605, 2745234.025695904158056 ], [ 364822.778796971892007, 2745245.132428892888129 ], [ 364821.837542761699297, 2745256.341980512719601 ], [ 364820.982923915958963, 2745277.175837330054492 ], [ 364819.042623901041225, 2745291.282815156504512 ], [ 364818.134471682598814, 2745303.991903696209192 ], [ 364819.043491311545949, 2745316.911120262462646 ], [ 364812.260266023164149, 2745326.811417506076396 ], [ 364786.738556077762041, 2745340.18651014007628 ], [ 364779.758184874954168, 2745343.965601844247431 ], [ 364774.648198097827844, 2745347.515813492704183 ], [ 364757.542357727070339, 2745351.32972479518503 ], [ 364753.414736105070915, 2745356.9212965243496 ], [ 364737.27419937599916, 2745364.839476578403264 ], [ 364726.854201247275341, 2745371.381913822609931 ], [ 364717.170198729727417, 2745377.283061688300222 ], [ 364708.986301260476466, 2745386.026571026071906 ], [ 364701.633859352616128, 2745395.626714901067317 ], [ 364689.645966109936126, 2745421.831280136480927 ], [ 364682.010019269655459, 2745438.438775458838791 ], [ 364678.305337516940199, 2745446.208565392531455 ], [ 364664.463485278422013, 2745456.326723020989448 ], [ 364663.259231880656444, 2745458.415994238108397 ], [ 364658.803454909822904, 2745466.139886470045894 ], [ 364658.708103690878488, 2745470.329956341069192 ], [ 364656.569464948726818, 2745483.941289412323385 ], [ 364655.361888689454645, 2745494.406647927127779 ], [ 364656.034241109387949, 2745510.768941351212561 ], [ 364656.779901355621405, 2745521.941473469603807 ], [ 364657.705525507277343, 2745535.610347600188106 ], [ 364656.592721834836993, 2745550.386740325484425 ], [ 364661.165456254733726, 2745576.41445146035403 ], [ 364663.2520742258057, 2745594.558449538424611 ], [ 364663.985320432693698, 2745599.480462898965925 ], [ 364665.603030909085646, 2745610.50887345103547 ], [ 364665.048242780845612, 2745613.708971487358212 ], [ 364664.159749732236378, 2745618.791656689252704 ], [ 364666.499114252044819, 2745631.366786141414195 ], [ 364665.272355238965247, 2745640.957581082358956 ], [ 364667.644811219768599, 2745683.473244679626077 ], [ 364669.685395041829906, 2745696.680180944036692 ], [ 364668.86985147674568, 2745710.762428758665919 ], [ 364668.546534926223103, 2745721.645856817252934 ], [ 364669.968673962168396, 2745743.679936642292887 ], [ 364670.280353247304447, 2745746.485879517160356 ], [ 364671.118827276746742, 2745759.031657018698752 ], [ 364672.411028246511705, 2745766.629153421148658 ], [ 364673.969607064966112, 2745774.970865863841027 ], [ 364675.109370830585249, 2745781.321745521854609 ], [ 364674.315032409853302, 2745787.839906140696257 ], [ 364673.075095202948432, 2745799.681289410684258 ], [ 364671.43502359057311, 2745807.53095495980233 ], [ 364670.532232740079053, 2745814.801661964505911 ], [ 364669.824438502197154, 2745825.256028652191162 ], [ 364665.76698731421493, 2745834.033853365108371 ], [ 364664.189356459886767, 2745836.193798943888396 ], [ 364662.72080456657568, 2745840.476648155599833 ], [ 364664.569847672246397, 2745853.500169595703483 ], [ 364660.466828467498999, 2745865.904384406749159 ], [ 364654.618200311728287, 2745875.659274297300726 ], [ 364649.827463174937293, 2745885.203426184132695 ], [ 364647.379122695885599, 2745887.569952345918864 ], [ 364640.768944643728901, 2745893.966106690932065 ], [ 364629.71184861776419, 2745899.959899762179703 ], [ 364622.905055484035984, 2745903.110063822474331 ], [ 364602.674085654201917, 2745912.618636773899198 ], [ 364581.771648234105669, 2745920.016505268402398 ], [ 364571.777219280018471, 2745923.174185256939381 ], [ 364556.753796218661591, 2745927.880130400881171 ], [ 364533.970026619383134, 2745935.006923946551979 ], [ 364521.685914158064406, 2745939.215063894633204 ], [ 364510.951497681438923, 2745942.826407604850829 ], [ 364507.596909173298627, 2745943.775322081521153 ], [ 364493.345144243678078, 2745949.464473215397447 ], [ 364489.996146669145674, 2745950.663203649222851 ], [ 364480.041598571231589, 2745955.632757138926536 ], [ 364468.676103207748383, 2745961.82099340762943 ], [ 364462.623202444519848, 2745965.141927527729422 ], [ 364449.553153512766585, 2745976.243254149332643 ], [ 364445.773036832222715, 2745980.576874948572367 ], [ 364441.155048258951865, 2745986.616740245837718 ], [ 364431.361435231403448, 2745993.207885115873069 ], [ 364431.04084751859773, 2745998.528121254872531 ], [ 364430.53621103707701, 2746006.85277399700135 ], [ 364429.651928820298053, 2746017.811181752476841 ], [ 364430.804116334649734, 2746030.412466184236109 ], [ 364429.801189719699323, 2746044.498806022573262 ], [ 364429.888698726019356, 2746056.998472336679697 ], [ 364428.939324082282837, 2746067.833252236712724 ], [ 364432.210735886357725, 2746077.325148068368435 ], [ 364432.724524535937235, 2746083.627123077400029 ], [ 364433.558070056489669, 2746093.109981066081673 ], [ 364432.584668992494699, 2746105.695613926742226 ], [ 364431.743864818359725, 2746121.466074556577951 ], [ 364431.863437496474944, 2746132.589942255523056 ], [ 364430.928570032294374, 2746146.924927834887058 ], [ 364429.209589253179729, 2746159.714263610076159 ], [ 364430.207995108503383, 2746171.006258759647608 ], [ 364429.208480774657801, 2746182.404730204958469 ], [ 364428.953748992760666, 2746185.03570718690753 ], [ 364428.433364546042867, 2746201.174275429919362 ], [ 364427.22730941826012, 2746217.390359064564109 ], [ 364427.878206938621588, 2746224.251857538241893 ], [ 364427.984809333807789, 2746231.937973285093904 ], [ 364427.052603764459491, 2746246.397979394067079 ], [ 364426.244085754035041, 2746260.79253103537485 ], [ 364425.449973506503738, 2746278.687400057446212 ], [ 364425.652680981438607, 2746296.435241023078561 ], [ 364421.689238836930599, 2746312.336867341771722 ], [ 364420.759896304109134, 2746326.921781169250607 ], [ 364418.952341402182356, 2746332.837227521464229 ], [ 364416.790404354280327, 2746339.698364520911127 ], [ 364414.822879995394032, 2746352.555719121359289 ], [ 364412.880808899761178, 2746363.725005813874304 ], [ 364412.083778776228428, 2746381.494642294477671 ], [ 364412.197928856359795, 2746398.05671188980341 ], [ 364405.063467554049566, 2746414.715872904285789 ], [ 364400.03798592556268, 2746430.640914301387966 ], [ 364398.709739823359996, 2746446.984693740494549 ], [ 364393.77550662541762, 2746464.220420417375863 ], [ 364391.08294718794059, 2746472.530716213863343 ], [ 364390.048983372980729, 2746476.678971407469362 ], [ 364384.140669496846385, 2746492.248538094572723 ], [ 364377.842140422551893, 2746501.450677165295929 ], [ 364372.730727034446318, 2746510.626743306871504 ], [ 364368.623136365553364, 2746519.968264188617468 ], [ 364367.503344166441821, 2746523.055764781776816 ], [ 364359.121661441400647, 2746528.490976947359741 ], [ 364346.326922987296712, 2746532.210358105134219 ], [ 364341.064529111550655, 2746534.513818020466715 ], [ 364321.6831908847671, 2746542.878482762724161 ], [ 364316.34524179296568, 2746541.745698314160109 ], [ 364313.473611787310801, 2746556.123248685151339 ], [ 364309.330970199662261, 2746572.404035118874162 ], [ 364314.669012962142006, 2746610.479117368347943 ], [ 364316.619212896970566, 2746630.938815259840339 ], [ 364318.866073941928335, 2746664.893941747490317 ], [ 364324.190443015366327, 2746702.344274504110217 ], [ 364322.32927104504779, 2746754.141851565334946 ], [ 364326.265533437137492, 2746796.685921649914235 ], [ 364321.48515526810661, 2746852.173296053428203 ], [ 364314.709282111201901, 2746885.139243735000491 ], [ 364309.558584495738614, 2746920.944616884924471 ], [ 364310.646988443797454, 2746933.484954562503844 ], [ 364311.205470331362449, 2746950.349684848450124 ], [ 364311.68563887081109, 2746963.653363898862153 ], [ 364308.481638690223917, 2746985.664334933739156 ], [ 364306.038645633729175, 2747002.470228979364038 ], [ 364302.746073367190547, 2747017.607078406959772 ], [ 364302.674372856912669, 2747034.235900280065835 ], [ 364300.709542265045457, 2747052.906440535094589 ], [ 364300.1543139887508, 2747064.607697727624327 ], [ 364299.536636224074755, 2747076.310234518256038 ], [ 364298.308306305320002, 2747100.028016476891935 ], [ 364293.928293703647796, 2747116.876467648893595 ], [ 364292.560824026237242, 2747128.595580836292356 ], [ 364293.930266930139624, 2747145.380117553286254 ], [ 364294.350554118165746, 2747158.810319680720568 ], [ 364294.833593014860526, 2747172.239018120802939 ], [ 364295.32955335592851, 2747189.105144188273698 ], [ 364295.984996482497081, 2747207.530594082083553 ], [ 364299.576880988199264, 2747225.891691202297807 ], [ 364302.960446542419959, 2747237.631148177664727 ], [ 364306.366789229214191, 2747247.557627176865935 ], [ 364309.653416370565537, 2747257.736592327710241 ], [ 364316.069206817017402, 2747270.90973898395896 ], [ 364323.388871225644834, 2747282.562826424837112 ], [ 364331.805242233444005, 2747295.75438607018441 ], [ 364344.281184015213512, 2747308.794128695502877 ], [ 364364.493955087265931, 2747318.350865238346159 ], [ 364375.426167504978366, 2747318.047909292392433 ], [ 364392.821942089125514, 2747316.039840759243816 ], [ 364392.812033672293182, 2747304.226081266533583 ], [ 364392.710246453527361, 2747299.602660820353776 ], [ 364395.220088024390861, 2747282.982856837101281 ], [ 364396.041193131008185, 2747280.526945818215609 ], [ 364395.586330423131585, 2747265.534972924273461 ], [ 364395.062205549096689, 2747250.232012561988086 ], [ 364394.681572074769065, 2747238.613842806778848 ], [ 364395.196903098956682, 2747225.100783571135253 ], [ 364394.81342330086045, 2747213.357597918715328 ], [ 364394.491173112764955, 2747201.550678729079664 ], [ 364393.944560228963383, 2747188.06091582076624 ], [ 364392.354644298087806, 2747169.781225704587996 ], [ 364391.907493137405254, 2747157.976975711993873 ], [ 364391.3756546350196, 2747139.486074511427432 ], [ 364390.583664462668821, 2747117.688325529452413 ], [ 364390.063605102943256, 2747102.572616990189999 ], [ 364390.396221381728537, 2747080.750070757698268 ], [ 364389.776700997259468, 2747063.948961255140603 ], [ 364389.356310164846946, 2747050.518985373899341 ], [ 364388.913126258004922, 2747038.902208781335503 ], [ 364387.531560776405968, 2747027.243494817055762 ], [ 364386.900363771652337, 2747007.06741522019729 ], [ 364386.304753749864176, 2746988.515452964231372 ], [ 364384.848092108732089, 2746964.919467899482697 ], [ 364385.424704995122738, 2746962.719042369630188 ], [ 364385.593500424409285, 2746953.339177853893489 ], [ 364388.645005501050036, 2746941.457980261649936 ], [ 364389.844545993080828, 2746916.428370442707092 ], [ 364389.223605608916841, 2746899.564589702989906 ], [ 364388.731740124814678, 2746882.885942798107862 ], [ 364388.174675673886668, 2746866.083447190001607 ], [ 364388.792348566115834, 2746854.380922221578658 ], [ 364388.235285332833882, 2746837.578427142463624 ], [ 364387.851911677222233, 2746825.835245381575078 ], [ 364387.021493406035006, 2746802.287927998695523 ], [ 364386.566741592716426, 2746787.296072585508227 ], [ 364389.837351623282302, 2746765.47132575372234 ], [ 364404.111409580684267, 2746746.592348490841687 ], [ 364417.908637079817709, 2746742.976011152379215 ], [ 364430.002642852778081, 2746744.335229497868568 ], [ 364439.489957496058196, 2746755.065506122075021 ], [ 364442.564520069339778, 2746764.124065533280373 ], [ 364445.389813391142525, 2746770.37518311990425 ], [ 364450.05391152354423, 2746780.648840684443712 ], [ 364450.819127466413192, 2746804.072749074548483 ], [ 364450.339482937182765, 2746819.21024284651503 ], [ 364446.032269265444484, 2746839.370083276648074 ], [ 364444.763888213085011, 2746861.275803515687585 ], [ 364445.322407199302688, 2746878.140749856363982 ], [ 364445.49068744503893, 2746882.950138384010643 ], [ 364458.423602273338474, 2746882.665583482477814 ], [ 364469.354532752768137, 2746882.300156702287495 ], [ 364484.224237676186021, 2746881.973103715572506 ], [ 364489.839691453787964, 2746884.349893093109131 ], [ 364495.392795616877265, 2746886.72829435672611 ], [ 364495.83852895128075, 2746898.46997574204579 ], [ 364493.222855532134417, 2746910.278965245932341 ], [ 364493.5435888862703, 2746922.023426332511008 ], [ 364493.986579572665505, 2746933.640091023407876 ], [ 364493.410196337732486, 2746947.217088550329208 ], [ 364496.92775778262876, 2746962.204198882449418 ], [ 364501.344154793478083, 2746975.421334700658917 ], [ 364504.861700160021428, 2746990.408225347753614 ], [ 364519.210522668669, 2747003.344213735312223 ], [ 364530.280845732893795, 2747006.476258851122111 ], [ 364543.142402136523742, 2747008.631226294673979 ], [ 364556.316407262405846, 2747010.779258914291859 ], [ 364569.250620704493485, 2747010.55725520523265 ], [ 364584.291461959131993, 2747015.164485001470894 ], [ 364595.528664154291619, 2747023.043294795323163 ], [ 364598.775076303631067, 2747002.969350674655288 ], [ 364603.179136575199664, 2746984.370057296939194 ], [ 364602.758654502569698, 2746970.94019936490804 ], [ 364602.376681052614003, 2746959.259583762846887 ], [ 364606.790965399122797, 2746943.973141389898956 ], [ 364606.472868738346733, 2746932.353590185754001 ], [ 364607.987954057636671, 2746918.818553539924324 ], [ 364607.605885441298597, 2746907.137939652893692 ], [ 364607.283825684397016, 2746895.33080639410764 ], [ 364607.602866727625951, 2746878.571767244953662 ], [ 364610.182677286909893, 2746865.13836035458371 ], [ 364609.797969129867852, 2746853.332729069516063 ], [ 364609.377596827340312, 2746839.902650672011077 ], [ 364608.934605755086523, 2746828.286099649034441 ], [ 364610.476295680098701, 2746813.125120996963233 ], [ 364609.956288384506479, 2746798.009643724188209 ], [ 364610.365903556812555, 2746779.685946849174798 ], [ 364614.805731335713062, 2746762.710891752503812 ], [ 364614.362643418367952, 2746751.094121225178242 ], [ 364616.667829014360905, 2746730.85344469640404 ], [ 364620.381293022655882, 2746720.645325713790953 ], [ 364619.764407901267987, 2746703.969467837829143 ], [ 364619.31102984584868, 2746689.039852174930274 ], [ 364622.504622344917152, 2746663.716369865462184 ], [ 364625.020626414567232, 2746650.221796866506338 ], [ 364625.667333052959293, 2746645.519373299088329 ], [ 364626.639277414535172, 2746638.559751812834293 ], [ 364626.374850591411814, 2746629.376873595174402 ], [ 364625.412336091627367, 2746625.39754242869094 ], [ 364626.924709372920915, 2746617.425838514231145 ], [ 364628.663625710236374, 2746608.386322800535709 ], [ 364631.346541979932226, 2746599.638795990031213 ], [ 364631.279184754821472, 2746596.577374215237796 ], [ 364631.38424908882007, 2746592.824579159263521 ], [ 364631.736321624193806, 2746583.252984737511724 ], [ 364634.366973097552545, 2746566.443236558698118 ], [ 364634.455477200332098, 2746561.940451036207378 ], [ 364634.687297380296513, 2746549.746328922919929 ], [ 364637.340159166255035, 2746539.624280367977917 ], [ 364637.025582483736798, 2746531.005092151463032 ], [ 364636.821511542017106, 2746524.571261572185904 ], [ 364641.264116717560682, 2746507.721243519335985 ], [ 364641.431335487111937, 2746492.590607590507716 ], [ 364641.43677234230563, 2746487.152414235752076 ], [ 364641.425750236725435, 2746480.964340072125196 ], [ 364641.869679869967513, 2746464.202536531724036 ], [ 364645.075680331210606, 2746450.817936856299639 ], [ 364645.284009693306871, 2746420.496768573764712 ], [ 364646.001962925482076, 2746407.666897842194885 ], [ 364645.868093698343728, 2746404.419394520577043 ], [ 364645.924179971218109, 2746395.604517293628305 ], [ 364645.810932482709177, 2746393.294142977334559 ], [ 364645.371458731358871, 2746384.677843716926873 ], [ 364645.34329572331626, 2746380.55288737360388 ], [ 364645.202326909056865, 2746365.61655597994104 ], [ 364645.115041663171723, 2746358.805119222495705 ], [ 364644.83604074048344, 2746340.433926150668412 ], [ 364646.123092333902605, 2746327.904047090094537 ], [ 364645.943227655545343, 2746325.407702384982258 ], [ 364645.8985073986114, 2746320.532977370079607 ], [ 364645.201578297885135, 2746308.734295414760709 ], [ 364645.309107044653501, 2746293.729958114679903 ], [ 364644.557562659028918, 2746270.93104552058503 ], [ 364644.131845134776086, 2746268.62761537451297 ], [ 364644.498714486719109, 2746236.990440997295082 ], [ 364642.690025115967728, 2746200.213266258593649 ], [ 364645.724363390996587, 2746184.706827806308866 ], [ 364646.625192555482499, 2746180.186435176059604 ], [ 364651.255010461900383, 2746163.332603125832975 ], [ 364651.005054637789726, 2746157.649821633473039 ], [ 364655.290360770071857, 2746130.8021724158898 ], [ 364656.677220789133571, 2746125.646031646057963 ], [ 364659.502326739893761, 2746114.832516982685775 ], [ 364663.197212948929518, 2746100.936977982521057 ], [ 364668.757161689340137, 2746097.939282270614058 ], [ 364678.877111261244863, 2746097.654229072853923 ], [ 364691.868338485830463, 2746097.181076584383845 ], [ 364702.742312425631098, 2746097.067181346006691 ], [ 364706.32963336200919, 2746098.175764858257025 ], [ 364714.416718186694197, 2746099.248065836727619 ], [ 364722.519438282237388, 2746098.194693466182798 ], [ 364725.822616534831468, 2746097.747174208052456 ], [ 364738.929304350807797, 2746102.522007590625435 ], [ 364740.702094662003219, 2746103.545727673918009 ], [ 364748.151223497930914, 2746106.882405516691506 ], [ 364755.899315821938217, 2746109.587391425855458 ], [ 364765.958925651910249, 2746112.2414690842852 ], [ 364770.236281522898935, 2746113.460038614459336 ], [ 364775.96846459020162, 2746115.459240686614066 ], [ 364791.846052381733898, 2746121.173409559763968 ], [ 364795.376490650873166, 2746122.533547023311257 ], [ 364800.177028672536835, 2746124.803167717531323 ], [ 364813.098838802659884, 2746129.70725124841556 ], [ 364814.992466452764347, 2746130.540734757203609 ], [ 364830.586679006519262, 2746137.573730699252337 ], [ 364842.374339499976486, 2746142.065093815326691 ], [ 364850.620805556653067, 2746144.696577079128474 ], [ 364862.515597131568938, 2746148.373069659341127 ], [ 364884.959587530174758, 2746157.068123168312013 ], [ 364887.986008805572055, 2746158.251803328283131 ], [ 364898.572996224276721, 2746162.144599662162364 ], [ 364913.341889923089184, 2746171.445863351691514 ], [ 364922.249593393993564, 2746184.251734772697091 ], [ 364923.199862799490802, 2746187.668670371640474 ], [ 364926.290173885819968, 2746194.60164307942614 ], [ 364930.297118059359491, 2746206.26500791311264 ], [ 364931.769141322933137, 2746210.670759658329189 ], [ 364939.165938416437712, 2746237.198965809307992 ], [ 364942.401069241925143, 2746242.190848822705448 ], [ 364949.137116157216951, 2746250.043832379858941 ], [ 364951.124731975374743, 2746252.312810479663312 ], [ 364959.702006314764731, 2746258.625088498461992 ], [ 364967.328564454044681, 2746264.33309239288792 ], [ 364971.588757124671247, 2746267.614723928738385 ], [ 364974.07193986477796, 2746269.685582394711673 ], [ 364984.178463581716642, 2746274.463877431116998 ], [ 364997.44033070851583, 2746280.610579234547913 ], [ 365001.214939562429208, 2746281.715297567192465 ], [ 365010.156899028341286, 2746284.706442463677377 ], [ 365018.596284455328714, 2746287.583671482279897 ], [ 365022.132132399943657, 2746289.19356592791155 ], [ 365033.736494653450791, 2746293.876602415926754 ], [ 365039.956947857514024, 2746303.866065930575132 ], [ 365042.186971390037797, 2746314.318342619109899 ], [ 365042.464563312358223, 2746321.250625781714916 ], [ 365042.593793689040467, 2746332.811644986271858 ], [ 365042.606922163395211, 2746336.249278617091477 ], [ 365042.435494937584735, 2746351.192413038108498 ], [ 365042.967025262245443, 2746369.683166455011815 ], [ 365043.484206786204595, 2746384.6736103259027 ], [ 365043.904543550335802, 2746398.103561141062528 ], [ 365043.993822794640437, 2746402.164671723265201 ], [ 365044.664256375748664, 2746421.277181063313037 ], [ 365044.488107713987119, 2746438.845728808548301 ], [ 365044.364024741051253, 2746453.100383951328695 ], [ 365043.423592347069643, 2746467.185266396030784 ], [ 365042.670810543117113, 2746486.954316004645079 ], [ 365039.580944538931362, 2746514.150741204619408 ], [ 365037.326240869355388, 2746525.32663064263761 ], [ 365036.572156434471253, 2746545.033118152990937 ], [ 365037.362689657136798, 2746566.768602817319334 ], [ 365037.818851831485517, 2746581.822889245580882 ], [ 365038.310727474861778, 2746598.501620531082153 ], [ 365037.865317240357399, 2746615.201046251691878 ], [ 365038.245894738356583, 2746626.819085266906768 ], [ 365039.027553815045394, 2746645.304184030741453 ], [ 365038.893566524668131, 2746647.7450130591169 ], [ 365039.048242239514366, 2746651.929531673435122 ], [ 365039.256388334208168, 2746658.550829123239964 ], [ 365040.082635093014687, 2746681.910650422796607 ], [ 365040.064495347905904, 2746700.975857601501048 ], [ 365040.097656837955583, 2746713.85172426328063 ], [ 365039.607568199280649, 2746725.676541841588914 ], [ 365040.538044156739488, 2746731.031912622507662 ], [ 365040.556750594230834, 2746740.407469295430928 ], [ 365042.561105389497243, 2746760.490885838400573 ], [ 365043.092756904894486, 2746778.981646623462439 ], [ 365043.11978374060709, 2746788.732143057975918 ], [ 365045.057623428991064, 2746808.629587423522025 ], [ 365045.221262572100386, 2746827.440825601108372 ], [ 365044.819156941724941, 2746831.887861129827797 ], [ 365044.8558070352301, 2746859.140304246451706 ], [ 365045.31055339879822, 2746874.132253486197442 ], [ 365045.104409362829756, 2746896.014398045372218 ], [ 365046.52702281367965, 2746903.859293970279396 ], [ 365046.93631719390396, 2746911.100963559467345 ], [ 365046.178682524943724, 2746922.119106926489621 ], [ 365046.052458665915765, 2746927.747648465447128 ], [ 365041.743818540184293, 2746947.844917178619653 ], [ 365042.095586372190155, 2746958.150891079567373 ], [ 365042.301098087162245, 2746964.647283448837698 ], [ 365037.82420197193278, 2746979.935170179232955 ], [ 365037.988318212330341, 2746984.557085309177637 ], [ 365038.243245214340277, 2746993.302676192950457 ], [ 365038.97078659926774, 2747017.852220069617033 ], [ 365042.531156801385805, 2747051.840592029970139 ], [ 365042.773703940212727, 2747054.335772141348571 ], [ 365048.130040566669777, 2747079.033489333931357 ], [ 365050.823041467810981, 2747093.476106896530837 ], [ 365051.747355135914404, 2747101.394108472857624 ], [ 365054.35786308220122, 2747112.088100739754736 ], [ 365057.999061226379126, 2747127.009761033114046 ], [ 365062.469037770992145, 2747148.351715927943587 ], [ 365065.174290285212919, 2747163.356525836978108 ], [ 365069.162210820009932, 2747179.833467982709408 ], [ 365072.32210212922655, 2747192.765564927831292 ], [ 365074.082457066513598, 2747224.480682832654566 ], [ 365074.760822949116118, 2747226.903703572228551 ], [ 365074.509035986207891, 2747235.347793862689286 ], [ 365075.612555428582709, 2747248.575030160602182 ], [ 365076.257572399219498, 2747263.687840512953699 ], [ 365076.649663991527632, 2747267.304848078638315 ], [ 365080.670619676238857, 2747285.280999783426523 ], [ 365080.216360856487881, 2747298.730157406069338 ], [ 365080.943004292552359, 2747309.027923978399485 ], [ 365081.298717751051299, 2747313.833260266110301 ], [ 365082.65723710443126, 2747335.806090497411788 ], [ 365085.854776176041923, 2747353.300539808813483 ], [ 365084.901498691178858, 2747395.201795258093625 ], [ 365082.855654304323252, 2747404.497887868899852 ], [ 365079.56591432064306, 2747419.759644236415625 ], [ 365078.886435912456363, 2747422.962392068933696 ], [ 365077.735779463953804, 2747433.176642432808876 ], [ 365077.257640610681847, 2747448.376319481991231 ], [ 365075.483266038820148, 2747461.479664681013674 ], [ 365072.898642793530598, 2747477.538612865377218 ], [ 365071.359609668783378, 2747487.136099453549832 ], [ 365070.810311472450849, 2747490.586110982578248 ], [ 365066.859657556051388, 2747507.050070433411747 ], [ 365063.719514415541198, 2747517.745546445250511 ], [ 365060.863008249783888, 2747532.81024334859103 ], [ 365060.098974514985457, 2747535.014687809161842 ], [ 365054.754199983377475, 2747544.94615898327902 ], [ 365047.592722454690374, 2747557.54283260460943 ], [ 365038.413026065914892, 2747563.620440189726651 ], [ 365029.010440929792821, 2747570.953224389348179 ], [ 365016.828787036472932, 2747571.283749010413885 ], [ 365010.490928594197612, 2747570.173029378987849 ], [ 364995.671415982651524, 2747564.248083566315472 ], [ 364988.899059171322733, 2747563.272211904171854 ], [ 364977.861783108557574, 2747561.639699096791446 ], [ 364966.745513381843921, 2747559.258923347573727 ], [ 364957.302336046530399, 2747556.216273 ], [ 364954.281399512896314, 2747555.282627230975777 ], [ 364943.870158301782794, 2747548.010713002178818 ], [ 364941.723892922163941, 2747547.0577546749264 ], [ 364931.622929387260228, 2747542.529456994496286 ], [ 364927.331918667536229, 2747540.686217539943755 ], [ 364917.439096388116013, 2747537.09078480117023 ], [ 364914.604175248998217, 2747536.090420782100409 ], [ 364895.305839276988991, 2747522.638281569816172 ], [ 364892.719487291760743, 2747521.57002791389823 ], [ 364885.075984944123775, 2747517.925319774076343 ], [ 364876.399604523088783, 2747512.802951391320676 ], [ 364869.561416553275194, 2747508.827832666225731 ], [ 364858.456561260274611, 2747504.134101902134717 ], [ 364848.315935022081248, 2747497.793832391966134 ], [ 364835.09392060386017, 2747493.459132499992847 ], [ 364829.179637836292386, 2747491.714024110231549 ], [ 364810.808436628838535, 2747486.304898199159652 ], [ 364787.34206130693201, 2747479.445144868455827 ], [ 364766.229939956683666, 2747480.159781141206622 ], [ 364754.235743273980916, 2747480.486146669834852 ], [ 364733.581822628155351, 2747487.816585471387953 ], [ 364719.635047197167296, 2747495.999166826717556 ], [ 364705.034760307578836, 2747514.260266761761159 ], [ 364702.20697935402859, 2747519.260553224477917 ], [ 364689.63161594781559, 2747541.477731241844594 ], [ 364688.241395408054814, 2747549.321757761761546 ], [ 364687.176794310566038, 2747554.908359527587891 ], [ 364683.523150270455517, 2747564.990074115805328 ], [ 364682.312730323174037, 2747569.642215522937477 ], [ 364682.01039500720799, 2747592.83937735715881 ], [ 364674.968747296079528, 2747610.871463620569557 ], [ 364675.674125882796943, 2747617.356975445058197 ], [ 364675.720857703418005, 2747619.481048798188567 ], [ 364676.072679355856963, 2747635.475271018687636 ], [ 364679.951721877499949, 2747661.205800724215806 ], [ 364682.289897361362819, 2747679.406835928093642 ], [ 364693.24871058028657, 2747697.355428027454764 ], [ 364695.46851363487076, 2747710.183275951072574 ], [ 364702.793988115154207, 2747727.774474504869431 ], [ 364707.035340912523679, 2747741.557908937335014 ], [ 364710.663836372317746, 2747770.106669746339321 ], [ 364717.95018073549727, 2747788.761300446465611 ], [ 364718.493141788465437, 2747813.440063352696598 ], [ 364711.653009763569571, 2747849.157542296219617 ], [ 364710.264823578996584, 2747854.251354201696813 ], [ 364714.167057434737217, 2747863.979113125242293 ], [ 364714.73144020762993, 2747866.904633948579431 ], [ 364716.607436793157831, 2747883.990463875699788 ], [ 364717.186473820998799, 2747890.416080944705755 ], [ 364720.743201723031234, 2747904.339591340627521 ], [ 364724.96255320875207, 2747917.123557455372065 ], [ 364721.38515533786267, 2747927.828635148238391 ], [ 364721.870843285112642, 2747941.382022600620985 ], [ 364719.215415514656343, 2747951.379286699928343 ], [ 364719.601683879795019, 2747963.247270913328975 ], [ 364714.9483011183911, 2747973.350985763128847 ], [ 364715.495224033074919, 2747986.840641544666141 ], [ 364714.179474050062709, 2748003.746819865889847 ], [ 364709.738499921571929, 2748020.659096974413842 ], [ 364705.223276394826826, 2748034.197684233542532 ], [ 364700.73484734876547, 2748046.110325145535171 ], [ 364700.122721086372621, 2748058.062986447475851 ], [ 364695.785480035236105, 2748076.848365084733814 ], [ 364696.442350138444453, 2748095.336274897214025 ], [ 364696.926747922028881, 2748108.827322042547166 ], [ 364695.587000202562194, 2748127.484250627458096 ], [ 364696.490509432100225, 2748154.342718304600567 ], [ 364697.074639606988057, 2748169.51938874553889 ], [ 364695.5226029464975, 2748181.367535969708115 ], [ 364693.909344495972618, 2748193.279526977799833 ], [ 364691.074612491938751, 2748197.967451761476696 ], [ 364686.639724541862961, 2748206.628648851066828 ], [ 364684.910021156072617, 2748218.918358096852899 ], [ 364676.064092480577528, 2748240.178256332874298 ], [ 364669.261154493084177, 2748252.016959230881184 ], [ 364672.149389528029133, 2748275.331327379215509 ], [ 364670.391319239512086, 2748303.373684091027826 ], [ 364659.120468189124949, 2748322.374171492177993 ], [ 364654.279168828506954, 2748335.294868774246424 ], [ 364651.144451369880699, 2748346.240291840396821 ], [ 364649.008332915429492, 2748357.101033536717296 ], [ 364645.7501596219372, 2748368.1116889170371 ], [ 364636.162488648609724, 2748378.386534251272678 ], [ 364621.923122098261956, 2748378.949655313510448 ], [ 364616.251513840048574, 2748391.076097033452243 ], [ 364602.451133138616569, 2748403.068892479408532 ], [ 364583.873612765339203, 2748408.165765346493572 ], [ 364565.243558531510644, 2748410.888667296618223 ], [ 364520.874144266126677, 2748414.240385106764734 ], [ 364500.841285606496967, 2748412.868538709357381 ], [ 364469.414052437292412, 2748410.684770506806672 ], [ 364396.528754590719473, 2748393.598850303795189 ], [ 364341.394058487319853, 2748382.122997698839754 ], [ 364337.789750228461344, 2748394.45393647486344 ], [ 364338.347037430969067, 2748411.256349107716233 ], [ 364338.831493622506969, 2748424.747518111485988 ], [ 364339.315948645002209, 2748438.238576555624604 ], [ 364337.762637109495699, 2748450.024332584347576 ], [ 364338.286969102569856, 2748465.327312639914453 ], [ 364338.731451795436442, 2748477.006672920193523 ], [ 364339.113589682267047, 2748488.687201078049839 ], [ 364338.660887149628252, 2748502.199008125811815 ], [ 364336.110627959133126, 2748514.13158977823332 ], [ 364336.494092702749185, 2748525.874683021102101 ], [ 364334.04056743113324, 2748539.367984493728727 ], [ 364333.185810829920229, 2748563.014902106486261 ], [ 364332.944542200129945, 2748574.7716802097857 ], [ 364332.612670653034002, 2748588.093237460125238 ], [ 364333.186317967658397, 2748599.957177283242345 ], [ 364332.680155879701488, 2748616.720448408741504 ], [ 364332.200733153149486, 2748631.857878348790109 ], [ 364332.552942116453778, 2748653.540711670182645 ], [ 364342.157141573319677, 2748675.269653898198158 ], [ 364348.062800595827866, 2748685.140956812538207 ], [ 364350.970701573067345, 2748695.140799310989678 ], [ 364358.964707429346163, 2748703.340931608807296 ], [ 364365.8192986989161, 2748716.566803744062781 ], [ 364371.879195850575343, 2748724.934512358158827 ], [ 364378.784300762694329, 2748734.783913290593773 ], [ 364386.791394924744964, 2748746.421712635084987 ], [ 364395.847479298885446, 2748754.598448929842561 ], [ 364402.440339158172719, 2748764.454589243512601 ], [ 364408.246155097789597, 2748772.640513805206865 ], [ 364420.5735062804888, 2748787.43357427790761 ], [ 364428.255005569895729, 2748795.640694920904934 ], [ 364435.97239160182653, 2748805.472158112097532 ], [ 364446.686672473791987, 2748817.987895247992128 ], [ 364455.951752737164497, 2748829.972977268975228 ], [ 364463.545336470997427, 2748839.869689887389541 ], [ 364470.203500498610083, 2748849.84959597652778 ], [ 364472.206306541571394, 2748852.805814014747739 ], [ 364496.006277891923673, 2748877.660285279154778 ], [ 364517.52330856770277, 2748898.189269695896655 ], [ 364524.022160138294566, 2748906.609980980399996 ], [ 364530.908055205596611, 2748915.584548665676266 ], [ 364543.973344444937538, 2748932.674301696009934 ], [ 364567.34782166959485, 2748960.913365549407899 ], [ 364569.832639669068158, 2748963.046585293952376 ], [ 364573.327365415811073, 2748968.470427575986832 ], [ 364584.523888342780992, 2748985.851162162609398 ], [ 364592.485639637743589, 2748995.427221298683435 ], [ 364605.797868482535705, 2749006.698206107132137 ], [ 364616.826725365128368, 2749016.456780103500932 ], [ 364620.593885207083076, 2749020.061765408143401 ], [ 364637.665734285139479, 2749045.939419390633702 ], [ 364640.447037164936773, 2749050.191171830054373 ], [ 364647.117023639963008, 2749063.546127961482853 ], [ 364661.292293069302104, 2749077.110980262979865 ], [ 364671.543263294617645, 2749088.449208415579051 ], [ 364679.544829515507445, 2749099.837012485135347 ], [ 364681.974836337147281, 2749105.159254545811564 ], [ 364690.611511750495993, 2749114.157892458606511 ], [ 364694.245615658932365, 2749117.390841996762902 ], [ 364714.324984982027672, 2749135.076038313098252 ], [ 364719.105664531642105, 2749139.283908993471414 ], [ 364724.709547895530704, 2749143.973683146294206 ], [ 364736.303222114453092, 2749153.844751632772386 ], [ 364785.929346897639334, 2749196.195473527070135 ], [ 364790.661356011638418, 2749201.029398774262518 ], [ 364795.647388733690605, 2749206.045241542160511 ], [ 364806.771503657510038, 2749217.301889022346586 ], [ 364819.621194043778814, 2749230.270629541482776 ], [ 364822.237811251310632, 2749232.71338023012504 ], [ 364841.698316823458299, 2749247.849552804138511 ], [ 364846.340426252339967, 2749251.435263595543802 ], [ 364857.469317571260035, 2749260.066303048748523 ], [ 364871.466675482108258, 2749268.384448851458728 ], [ 364884.035765437525697, 2749288.485295093152672 ], [ 364884.891960624139756, 2749290.46663859160617 ], [ 364901.008964426582679, 2749326.929109183140099 ], [ 364916.123157837777399, 2749346.22384550049901 ], [ 364919.401699002366513, 2749350.339634156785905 ], [ 364923.03934791177744, 2749356.573002332821488 ], [ 364931.479054647788871, 2749370.826454949099571 ], [ 364952.141935070394538, 2749386.623600520193577 ], [ 364983.925863807962742, 2749402.176055298186839 ], [ 364986.549422300071456, 2749404.931100003886968 ], [ 364995.377595210680738, 2749414.112996803130955 ], [ 365012.844186920090578, 2749423.854709665291011 ], [ 365027.856762999901548, 2749430.025003367569298 ], [ 365031.297027973399963, 2749444.326073661912233 ], [ 365046.40061337815132, 2749454.61984987417236 ], [ 365048.976631728815846, 2749458.063613081816584 ], [ 365058.766359501576517, 2749471.162335630040616 ], [ 365067.395531537011266, 2749482.661370409652591 ], [ 365072.023012705089059, 2749482.746941212099046 ], [ 365085.217236235272139, 2749480.143691975623369 ], [ 365091.98706425295677, 2749466.805620526429266 ], [ 365094.95899620372802, 2749462.677069728262722 ], [ 365101.13780743686948, 2749453.727433532476425 ], [ 365104.830601774156094, 2749448.270497015677392 ], [ 365112.863355549168773, 2749444.030684057157487 ], [ 365119.753233360825107, 2749447.504417306277901 ], [ 365125.190334706334397, 2749453.135523473378271 ], [ 365129.733497533597983, 2749457.911042483989149 ], [ 365136.898755406029522, 2749465.379403193481266 ], [ 365140.986774872813839, 2749469.352189019322395 ], [ 365152.073414500860963, 2749467.54538529086858 ], [ 365187.117186124669388, 2749449.45938431750983 ], [ 365198.119950162246823, 2749443.841420273296535 ], [ 365214.192112660966814, 2749435.674179988447577 ], [ 365232.372761616134085, 2749429.585604027844965 ], [ 365257.403618177690078, 2749425.159153962507844 ], [ 365263.147310609463602, 2749424.845112510956824 ], [ 365282.017391786212102, 2749421.679257972631603 ], [ 365283.937694010091946, 2749420.887058744672686 ], [ 365306.841227434691973, 2749410.69415141781792 ], [ 365318.690610360703431, 2749412.308493074029684 ], [ 365342.767346188426018, 2749415.653902780264616 ], [ 365351.912709138530772, 2749422.20355344703421 ], [ 365384.311144098523073, 2749445.805659777019173 ], [ 365406.976398630184121, 2749473.060022825840861 ], [ 365419.462087316787802, 2749486.537114214617759 ], [ 365447.036350925453007, 2749515.308548666536808 ], [ 365465.743652497418225, 2749507.583247951697558 ], [ 365484.409950290923007, 2749489.482599086593837 ], [ 365496.43095346406335, 2749487.530162269249558 ], [ 365536.431547713465989, 2749487.337203109171242 ], [ 365534.765524272923358, 2749493.999743628781289 ], [ 365503.034445004421286, 2749546.142102760728449 ], [ 365493.401646353828255, 2749554.355086310300976 ], [ 365491.868453035072889, 2749555.701577207539231 ], [ 365477.706213404191658, 2749579.641270060557872 ], [ 365479.035749678732827, 2749588.925622173119336 ], [ 365482.047859340964351, 2749606.486427430529147 ], [ 365492.818290049559437, 2749635.753051733132452 ], [ 365516.542496672831476, 2749651.482653587590903 ], [ 365541.232268220977858, 2749657.12735018087551 ], [ 365548.205758148920722, 2749658.7240344225429 ], [ 365554.031345260387752, 2749659.283288512844592 ], [ 365568.644972902198788, 2749661.524415217805654 ], [ 365572.237784076947719, 2749662.882986424956471 ], [ 365575.726918100961484, 2749662.368571802973747 ], [ 365590.952962830779143, 2749664.033679596614093 ], [ 365606.688333419850096, 2749666.125007478054613 ], [ 365612.476974171819165, 2749670.68561153113842 ], [ 365632.185869982582517, 2749680.065387714654207 ], [ 365636.847067695634905, 2749684.525804306380451 ], [ 365648.046325162635185, 2749702.031442792154849 ], [ 365657.523957610945217, 2749726.513265930581838 ], [ 365661.16791417717468, 2749735.871627580374479 ], [ 365665.540212512016296, 2749747.089350887574255 ], [ 365674.806742016167846, 2749759.136738921981305 ], [ 365688.373592600401025, 2749767.776516668032855 ], [ 365691.958058391581289, 2749768.760288078803569 ], [ 365706.555889528070111, 2749767.438785374164581 ], [ 365710.651296916068532, 2749768.91121926670894 ], [ 365728.884794547106139, 2749762.384062120225281 ], [ 365745.865910680498928, 2749755.759492912329733 ], [ 365759.331332787289284, 2749751.274922354146838 ], [ 365777.200805697357282, 2749739.567651194985956 ], [ 365781.978264330595266, 2749732.274180304259062 ], [ 365800.911558568943292, 2749712.104977456852794 ], [ 365820.690690699324477, 2749690.604355518240482 ], [ 365832.421373598976061, 2749695.346709116362035 ], [ 365839.538777766400017, 2749706.316329364664853 ], [ 365843.78020859597018, 2749720.099606875795871 ], [ 365845.393917986541055, 2749725.25232766289264 ], [ 365853.535464898508508, 2749731.636299520730972 ], [ 365859.114369122660719, 2749729.513239696621895 ], [ 365868.661453835433349, 2749725.92764152167365 ], [ 365879.071856188122183, 2749724.635821343399584 ], [ 365882.542371098592412, 2749726.12203518813476 ], [ 365887.112385187298059, 2749729.27184336213395 ], [ 365898.035288645536639, 2749739.90759728802368 ], [ 365904.934222427546047, 2749746.631539158057421 ], [ 365913.072076182637829, 2749750.015302737709135 ], [ 365922.839666326995939, 2749747.925019680988044 ], [ 365925.452837061719038, 2749747.367389195598662 ], [ 365936.214476053544786, 2749745.00538676418364 ], [ 365939.889693895005621, 2749744.424238074105233 ], [ 365954.540179487725254, 2749742.664004061836749 ], [ 365969.120526641025208, 2749751.906553723849356 ], [ 365979.377701672492549, 2749752.180843364447355 ], [ 365997.127812045568135, 2749746.414444694295526 ], [ 366000.601856955094263, 2749745.212709309533238 ], [ 366006.353731111623347, 2749739.585470794234425 ], [ 366013.475798713159747, 2749733.7404451854527 ], [ 366019.138420162140392, 2749729.740315182134509 ], [ 366032.626486678782385, 2749729.130937182810158 ], [ 366039.93582920730114, 2749731.782762569375336 ], [ 366048.920345079037361, 2749736.71050543570891 ], [ 366055.724472751258872, 2749744.811698103323579 ], [ 366059.190388276882004, 2749748.923476390074939 ], [ 366071.012324960087426, 2749763.477475838270038 ], [ 366088.103040828544181, 2749770.352014972362667 ], [ 366112.259051402681507, 2749771.632904999889433 ], [ 366125.176841106207576, 2749770.660785893443972 ], [ 366129.90102089708671, 2749772.306985470466316 ], [ 366135.659938640426844, 2749772.680394834373146 ], [ 366142.168065065634437, 2749775.84987288992852 ], [ 366143.58376038930146, 2749777.693823209498078 ], [ 366145.864036686019972, 2749781.894234704785049 ], [ 366147.278518521576189, 2749783.675841419491917 ], [ 366151.465225801744964, 2749786.458869271911681 ], [ 366152.613937932648696, 2749790.371572752017528 ], [ 366157.614693895331584, 2749804.575731351971626 ], [ 366152.002618069062009, 2749833.577639508526772 ], [ 366151.897857678239234, 2749857.207829853985459 ], [ 366150.227651362423785, 2749863.682704715523869 ], [ 366142.075145247450564, 2749876.676249687559903 ], [ 366139.111065884761047, 2749883.99249495472759 ], [ 366136.068303895823192, 2749887.747364628594369 ], [ 366130.864927501592319, 2749892.737463781610131 ], [ 366125.345762896991801, 2749894.734236899763346 ], [ 366120.296156493132003, 2749895.345426872838289 ], [ 366102.463464588159695, 2749897.363491047173738 ], [ 366099.835345421452075, 2749897.233659914229065 ], [ 366083.994819513056427, 2749893.206901479512453 ], [ 366074.217505253793206, 2749894.859903947450221 ], [ 366061.389095694641583, 2749894.204641741234809 ], [ 366057.78816792316502, 2749898.159448110964149 ], [ 366052.849257283494808, 2749900.956025384832174 ], [ 366047.786755273817107, 2749909.505933391395956 ], [ 366047.890485001727939, 2749925.568126287311316 ], [ 366047.109781692328397, 2749941.212180790491402 ], [ 366046.79908204334788, 2749946.969656330533326 ], [ 366045.40701978339348, 2749971.753286386374384 ], [ 366043.931095295585692, 2749992.725724169053137 ], [ 366041.269045388849918, 2750002.41057040495798 ], [ 366041.770949045661837, 2750005.337183856405318 ], [ 366040.965823805890977, 2750011.355761140584946 ], [ 366041.874418288003653, 2750015.71127133211121 ], [ 366039.869747381191701, 2750021.193498753476888 ], [ 366042.634739629749674, 2750024.695510869845748 ], [ 366044.782290084578563, 2750039.900169629137963 ], [ 366053.07846348878229, 2750050.468775485176593 ], [ 366063.729662412079051, 2750065.798591021914035 ], [ 366067.896205687779002, 2750093.209884485695511 ], [ 366062.276852771057747, 2750144.589791686274111 ], [ 366062.431551639456302, 2750148.774431185331196 ], [ 366063.138680122036021, 2750166.698551303707063 ], [ 366068.05283558240626, 2750191.155790908727795 ], [ 366070.782345992629416, 2750198.721579117234796 ], [ 366079.712414195644669, 2750204.025431810412556 ], [ 366081.675432600546628, 2750205.169940613675863 ], [ 366090.830068549956195, 2750206.468440372031182 ], [ 366116.011445849086158, 2750245.793626451864839 ], [ 366116.976979888800997, 2750249.897945466917008 ], [ 366124.220348402217496, 2750263.739927732385695 ], [ 366127.577883128193207, 2750274.292362951673567 ], [ 366130.853224966325797, 2750286.784276010934263 ], [ 366132.981536814477295, 2750301.114047617185861 ], [ 366136.219851368106902, 2750311.919171467423439 ], [ 366138.290158659336157, 2750317.936584745999426 ], [ 366141.162483412772417, 2750326.311953228432685 ], [ 366143.583498140214942, 2750334.072029467206448 ], [ 366145.194506071391515, 2750339.099650827702135 ], [ 366149.683862583071459, 2750355.627682828344405 ], [ 366153.878535689902492, 2750381.475842553656548 ], [ 366154.52752885024529, 2750385.399607782717794 ], [ 366156.222370655857958, 2750394.23831389984116 ], [ 366156.858383457234595, 2750400.412551533430815 ], [ 366162.468869481643196, 2750428.104772944003344 ], [ 366167.19227932265494, 2750441.064735503401607 ], [ 366168.484823122038506, 2750454.350342700257897 ], [ 366169.310392336337827, 2750457.770111991092563 ], [ 366170.439532010233961, 2750469.309020271524787 ], [ 366172.191024056985043, 2750486.397634487133473 ], [ 366175.364980467944406, 2750499.954245541244745 ], [ 366177.729954062844627, 2750510.840967748779804 ], [ 366177.959826590260491, 2750521.274633181281388 ], [ 366180.484116974635981, 2750527.296354989055544 ], [ 366971.843513414612971, 2750527.296354989055544 ], [ 366962.21324243536219, 2750514.504327925853431 ], [ 366954.191983761847951, 2750496.553782527800649 ], [ 366953.395361745904665, 2750494.445933456998318 ], [ 366949.491942104010377, 2750484.655957585200667 ], [ 366945.734063816897105, 2750475.800241949036717 ], [ 366943.823198775411583, 2750471.341736786067486 ], [ 366939.554439794970676, 2750461.997211082838476 ], [ 366939.935888691572472, 2750456.613221496809274 ], [ 366938.487079665414058, 2750453.269882136024535 ], [ 366932.04578698327532, 2750436.097086656838655 ], [ 366920.758373310673051, 2750414.593295391183347 ], [ 366918.344990541052539, 2750410.020921202376485 ], [ 366915.611589086591266, 2750388.07857479667291 ], [ 366914.290234845539089, 2750379.169294436462224 ], [ 366916.2528643233818, 2750360.43644162453711 ], [ 366911.238218436716124, 2750339.919651475735009 ], [ 366912.071322107221931, 2750332.337884144857526 ], [ 366916.218692187685519, 2750316.307287663687021 ], [ 366922.065266728866845, 2750309.30271234922111 ], [ 366931.228866304154508, 2750299.662313209846616 ], [ 366933.850830146693625, 2750296.666825711727142 ], [ 366944.524080645409413, 2750284.617854208685458 ], [ 366955.000980054610409, 2750283.51214479887858 ], [ 366966.556825207313523, 2750280.319675259757787 ], [ 366977.613901139004156, 2750280.013793293386698 ], [ 366980.40341113274917, 2750278.952155759558082 ], [ 367003.807420478202403, 2750277.311665053945035 ], [ 367006.81721849553287, 2750277.74554580822587 ], [ 367026.192782054422423, 2750280.506688035093248 ], [ 367040.156663097615819, 2750281.636969862971455 ], [ 367044.53831759491004, 2750281.915619185660034 ], [ 367052.753790837421548, 2750271.795920313801616 ], [ 367060.664679623267148, 2750244.99379820143804 ], [ 367069.008509372361004, 2750232.183608878403902 ], [ 367073.151592662325129, 2750224.466448833234608 ], [ 367079.827057334536221, 2750209.692949404008687 ], [ 367085.661332045099698, 2750193.625198191031814 ], [ 367086.292164953425527, 2750191.048464304301888 ], [ 367097.993260487099178, 2750177.414310148451477 ], [ 367103.850139336951543, 2750173.722428881563246 ], [ 367123.645763697801158, 2750164.348131419625133 ], [ 367129.277710667403881, 2750161.786259317304939 ], [ 367145.368856134242378, 2750154.493742896709591 ], [ 367161.729652679292485, 2750159.4464639024809 ], [ 367180.275128133245744, 2750161.413524859119207 ], [ 367189.857319291506428, 2750162.265159388072789 ], [ 367193.65067563339835, 2750161.368876931723207 ], [ 367198.251767369103618, 2750160.267547310795635 ], [ 367210.598458327702247, 2750167.433739165775478 ], [ 367233.38034313893877, 2750180.121148393955082 ], [ 367246.89857729972573, 2750180.886018025223166 ], [ 367252.343674586154521, 2750181.203655254095793 ], [ 367269.697709062020294, 2750177.321128800977021 ], [ 367294.751282487413846, 2750173.956610315013677 ], [ 367312.585202982183546, 2750172.001314598601311 ], [ 367322.126168115530163, 2750170.978675325401127 ], [ 367330.697379081160761, 2750159.976107794325799 ], [ 367337.056581661920063, 2750150.710136890877038 ], [ 367345.475971060397569, 2750141.336266278289258 ], [ 367363.54619330202695, 2750124.561531034298241 ], [ 367390.874123550951481, 2750113.77137380419299 ], [ 367406.943997800000943, 2750108.354251140262932 ], [ 367410.729021704115439, 2750107.083313110284507 ], [ 367435.348214433703106, 2750109.541681743692607 ], [ 367437.969413405284286, 2750109.358835840597749 ], [ 367464.397925335215405, 2750111.652196215 ], [ 367472.361217129859142, 2750112.789414776489139 ], [ 367481.955997889454011, 2750114.203327784780413 ], [ 367491.049374729744159, 2750115.565698977094144 ], [ 367502.765561948763207, 2750116.808025407604873 ], [ 367516.047775824321434, 2750118.203196230344474 ], [ 367520.252927094348706, 2750118.985753030516207 ], [ 367525.917054220743012, 2750120.736009319778532 ], [ 367527.993949909927323, 2750121.378010021522641 ], [ 367539.383126875909511, 2750124.815035609528422 ], [ 367541.817118305014446, 2750124.636447311379015 ], [ 367554.422311293135863, 2750123.671320980880409 ], [ 367556.930917664198205, 2750124.053548527415842 ], [ 367562.076023914152756, 2750124.940377858933061 ], [ 367573.28201064793393, 2750128.569249857217073 ], [ 367580.589891067473218, 2750131.158417054452002 ], [ 367589.850793672958389, 2750134.454916732851416 ], [ 367605.752191407606006, 2750132.729582943953574 ], [ 367609.627135415095836, 2750132.70671554794535 ], [ 367621.896621851308737, 2750136.374574002809823 ], [ 367630.355204072315246, 2750140.126157236285508 ], [ 367644.619360313634388, 2750146.37528623174876 ], [ 367648.450441722059622, 2750150.041344602592289 ], [ 367657.896638644859195, 2750164.58488732110709 ], [ 367662.81565548927756, 2750177.915544531308115 ], [ 367671.62588116468396, 2750186.284936795476824 ], [ 367704.134874978568405, 2750189.381977207027376 ], [ 367709.451050971401855, 2750189.514853203203529 ], [ 367724.377660025493242, 2750194.624332647770643 ], [ 367737.949362398241647, 2750192.137717249337584 ], [ 367740.702260332065634, 2750192.264775287359953 ], [ 367751.087178901419975, 2750192.661078621633351 ], [ 367760.845930632320233, 2750193.008691583294421 ], [ 367773.873493211285677, 2750197.034670094028115 ], [ 367781.942625711497385, 2750202.982710534706712 ], [ 367783.91242741746828, 2750204.439498086925596 ], [ 367790.162341678049415, 2750207.239622721448541 ], [ 367804.112662416009698, 2750213.433223321568221 ], [ 367829.363897157018073, 2750221.877975398208946 ], [ 367840.168859585071914, 2750224.327927514910698 ], [ 367856.063462257967331, 2750227.978130025789142 ], [ 367883.977304059022572, 2750229.613756463397294 ], [ 367886.542884010239504, 2750229.744745286181569 ], [ 367917.587633034912869, 2750231.624068597797304 ], [ 367937.443168686178979, 2750227.811312067788094 ], [ 367952.852133694454096, 2750223.596664776094258 ], [ 367972.62774017767515, 2750230.349579116329551 ], [ 367975.238857113814447, 2750232.542081992607564 ], [ 367985.9426165985642, 2750241.744991120882332 ], [ 367991.459977321559563, 2750262.37555045587942 ], [ 367993.024860067758709, 2750268.154272273182869 ], [ 367995.192578523769043, 2750272.919338709209114 ], [ 368002.81663638970349, 2750289.878424790222198 ], [ 368004.251626190263778, 2750292.597112498246133 ], [ 368005.300232276902534, 2750297.636952385306358 ], [ 368009.141065939504188, 2750315.929375738371164 ], [ 368008.293858399381861, 2750331.38710997486487 ], [ 368007.992718670051545, 2750337.581892075482756 ], [ 368009.934697591175791, 2750346.290025614202023 ], [ 368011.669868541124742, 2750354.127610892057419 ], [ 368017.007102027884685, 2750372.26192740118131 ], [ 368021.148539116722532, 2750407.049383249599487 ], [ 368022.336250531603582, 2750418.39940128987655 ], [ 368023.534716010850389, 2750430.249377291183919 ], [ 368025.273061519605108, 2750443.899934169836342 ], [ 368025.781869635800831, 2750447.138972516637295 ], [ 368026.551091897534207, 2750467.874323800671846 ], [ 368026.006433691247366, 2750477.199840083252639 ], [ 368028.387515816604719, 2750511.525825573131442 ], [ 368027.129782456555404, 2750527.296354989055544 ], [ 371493.895318248018157, 2750527.296354989055544 ] ] ] } },
{ "type": "Feature", "properties": { "area_km2": 35.50561543680103, "block_id": "SYL-B003", "loss_pixels": 0.0, "plantation_ha": 0.0, "split": "train" }, "geometry": { "type": "MultiPolygon", "coordinates": [ [ [ [ 371493.895318248018157, 2760527.296354989055544 ], [ 371493.895318248018157, 2750527.296354989055544 ], [ 368027.129782456555404, 2750527.296354989055544 ], [ 368026.08537222124869, 2750540.392057831864804 ], [ 368025.353418273385614, 2750549.721586124505848 ], [ 368023.870148736692499, 2750559.005266735330224 ], [ 368022.849840685375966, 2750572.279126527253538 ], [ 368023.304836320108734, 2750581.582543773576617 ], [ 368023.845484766585287, 2750591.946731133386493 ], [ 368023.028709825826809, 2750594.589989720378071 ], [ 368022.076782213058323, 2750605.299648142885417 ], [ 368021.505668577970937, 2750621.938826818484813 ], [ 368028.145792796043679, 2750659.484065920580178 ], [ 368031.241736766125541, 2750680.855664222035557 ], [ 368032.199823049129918, 2750687.460131228901446 ], [ 368035.595996031712275, 2750699.761520935222507 ], [ 368040.384418367175385, 2750707.157049271278083 ], [ 368046.712653914117254, 2750713.518311717547476 ], [ 368050.120730630122125, 2750715.005977849476039 ], [ 368059.52749492629664, 2750719.236699861939996 ], [ 368073.956940718577243, 2750724.481980764307082 ], [ 368086.052052705199458, 2750725.903222959022969 ], [ 368097.564937775139697, 2750729.274921686854213 ], [ 368111.183385936252307, 2750728.91259993147105 ], [ 368128.502333514858037, 2750731.968964922707528 ], [ 368140.568726581695955, 2750737.766366738826036 ], [ 368113.954528252361342, 2750763.917666617315263 ], [ 368110.887862578965724, 2750797.8012366136536 ], [ 368111.967880554206204, 2750812.779092947952449 ], [ 368112.201679748483002, 2750817.711784215178341 ], [ 368120.483806957374327, 2750827.655456042848527 ], [ 368128.054001894255634, 2750830.801580871455371 ], [ 368165.011425981705543, 2750825.86211610538885 ], [ 368186.502557871164754, 2750822.513576194643974 ], [ 368195.099372941534966, 2750821.199086284730583 ], [ 368206.902401915634982, 2750817.87624880624935 ], [ 368223.971278984798118, 2750815.250156295020133 ], [ 368227.9587313067168, 2750814.662187011912465 ], [ 368239.950577052077278, 2750811.397710935678333 ], [ 368253.94534288207069, 2750811.089516107458621 ], [ 368263.373782752081752, 2750810.631776091177016 ], [ 368268.332682106178254, 2750811.585206343326718 ], [ 368274.781528942869045, 2750812.068286744412035 ], [ 368276.809706806961913, 2750813.336184641346335 ], [ 368283.084047590731643, 2750817.261001900304109 ], [ 368313.913327934453264, 2750806.518200346268713 ], [ 368325.882430126657709, 2750805.066973086912185 ], [ 368335.388369530905038, 2750805.295224584173411 ], [ 368338.45259380718926, 2750805.35274205962196 ], [ 368343.384075436159037, 2750805.056697794701904 ], [ 368353.647941088886, 2750805.643204069230705 ], [ 368361.269951232592575, 2750805.475269282702357 ], [ 368372.652985990047455, 2750805.787154813762754 ], [ 368381.54732756363228, 2750803.778491544071585 ], [ 368392.032308832975104, 2750803.047581166960299 ], [ 368398.666456181672402, 2750806.276898571290076 ], [ 368407.309691374422982, 2750809.899461535271257 ], [ 368414.009273811825551, 2750813.251984791830182 ], [ 368436.396801944007166, 2750810.883759974502027 ], [ 368445.69056644954253, 2750824.180475880391896 ], [ 368447.474839317263104, 2750837.079928674269468 ], [ 368447.735456323774997, 2750860.263956180773675 ], [ 368449.718165942758787, 2750873.659247122239321 ], [ 368450.157708309707232, 2750876.587403940036893 ], [ 368450.886637081042863, 2750884.13461486203596 ], [ 368450.933030457235873, 2750894.759706418029964 ], [ 368451.967604464152828, 2750907.675629925448447 ], [ 368456.664198392478283, 2750922.26107430877164 ], [ 368457.132260847720318, 2750935.002103612292558 ], [ 368462.533461188431829, 2750947.509468228556216 ], [ 368466.686912063392811, 2750957.294100354425609 ], [ 368471.64886846387526, 2750978.249321274925023 ], [ 368476.621447174984496, 2750988.328378289472312 ], [ 368482.050410779018421, 2750999.272283066995442 ], [ 368483.0981021586922, 2751001.437062197830528 ], [ 368485.969262512167916, 2751015.437672975473106 ], [ 368487.964066711254418, 2751037.896073712501675 ], [ 368488.048078124062158, 2751041.707026766147465 ], [ 368491.610393602284603, 2751050.191951903980225 ], [ 368494.39261065190658, 2751057.318830037023872 ], [ 368500.86862112977542, 2751067.552207469940186 ], [ 368502.360847583622672, 2751075.707705059088767 ], [ 368503.983555404818617, 2751084.110269429627806 ], [ 368508.359467633301392, 2751092.639810979831964 ], [ 368511.035277543123811, 2751097.768796275835484 ], [ 368519.264566498808563, 2751102.46305615734309 ], [ 368551.886034636816476, 2751104.994827963877469 ], [ 368563.427876463159919, 2751109.678625266999006 ], [ 368571.692860254785046, 2751115.997133261989802 ], [ 368571.943324995809235, 2751127.367872529197484 ], [ 368579.954001760808751, 2751142.005319778807461 ], [ 368581.474187869287562, 2751148.597466888371855 ], [ 368587.626380898698699, 2751161.150752780493349 ], [ 368602.627491776889656, 2751175.321738917380571 ], [ 368618.850705368560739, 2751188.215802890248597 ], [ 368615.94374278979376, 2751200.968457369599491 ], [ 368604.25136243540328, 2751206.476654722820967 ], [ 368595.342992112855427, 2751210.67318207770586 ], [ 368590.888709979655687, 2751212.77167047560215 ], [ 368577.49665118084522, 2751220.567383217159659 ], [ 368567.968117500888184, 2751222.152371624484658 ], [ 368548.723462067137007, 2751225.326597249601036 ], [ 368546.489091705414467, 2751228.876164723187685 ], [ 368535.189915398310404, 2751232.375330951530486 ], [ 368532.000608192000072, 2751240.821436820086092 ], [ 368531.577430849603843, 2751247.143851405475289 ], [ 368530.375362078659236, 2751260.671698527410626 ], [ 368530.011198355350643, 2751269.680585266556591 ], [ 368536.445217824308202, 2751289.353501805569977 ], [ 368536.343029975250829, 2751293.231026405934244 ], [ 368535.782517137355171, 2751313.182868198957294 ], [ 368534.534090760746039, 2751321.773574230726808 ], [ 368534.213003489072435, 2751324.218576296698302 ], [ 368530.781029584468342, 2751330.169801935553551 ], [ 368537.771978852222674, 2751349.58022366091609 ], [ 368536.684319721302018, 2751373.981716365087777 ], [ 368538.667897358420305, 2751390.252110362052917 ], [ 368534.878650367376395, 2751442.403371004387736 ], [ 368525.634804606204852, 2751465.421717809978873 ], [ 368515.340534446178935, 2751514.528466311749071 ], [ 368501.447412024834193, 2751550.65066001471132 ], [ 368488.953469577420037, 2751573.678065511398017 ], [ 368485.992332025198266, 2751586.807186214718968 ], [ 368483.074950965004973, 2751596.247512673959136 ], [ 368482.193832640303299, 2751601.642304089851677 ], [ 368453.00040162174264, 2751641.226849894039333 ], [ 368451.900089442962781, 2751645.189124942291528 ], [ 368432.24502469075378, 2751660.936223079450428 ], [ 368429.480405022040941, 2751663.122282663360238 ], [ 368418.605207927292213, 2751671.675271555315703 ], [ 368406.088627307617571, 2751682.327058770693839 ], [ 368392.448749716917519, 2751693.066025525797158 ], [ 368373.100439746165648, 2751708.55654109409079 ], [ 368359.088653282495216, 2751719.428686311468482 ], [ 368350.718014844402205, 2751728.176510902587324 ], [ 368335.456311340210959, 2751747.577188343275338 ], [ 368328.014783908380195, 2751761.617670784238726 ], [ 368320.643848133273423, 2751770.343432857654989 ], [ 368319.171525804325938, 2751774.43875577673316 ], [ 368304.848704990581609, 2751791.068465172313154 ], [ 368297.120656469662208, 2751809.115634210873395 ], [ 368291.173507442232221, 2751820.060172852128744 ], [ 368287.949805150332395, 2751835.445410099346191 ], [ 368280.363240287173539, 2751859.927463838364929 ], [ 368275.752037795493379, 2751877.593379071447998 ], [ 368271.83121359947836, 2751892.556231152731925 ], [ 368269.625213556108065, 2751900.230564569123089 ], [ 368264.777347633964382, 2751921.339595225639641 ], [ 368265.104841785505414, 2751936.208937665447593 ], [ 368263.520706447947305, 2751957.933528427034616 ], [ 368264.572552440862637, 2751982.975479211192578 ], [ 368262.847518136026338, 2752009.64111969480291 ], [ 368261.723019046359695, 2752023.854851993732154 ], [ 368259.408471492002718, 2752032.28181669395417 ], [ 368238.876075188396499, 2752025.233399071730673 ], [ 368229.70483822945971, 2752023.185218443628401 ], [ 368223.244328067870811, 2752019.327245587017387 ], [ 368219.128282317658886, 2752016.91753871133551 ], [ 368212.006586833740585, 2752014.261733275838196 ], [ 368194.638250862946734, 2752014.644449464976788 ], [ 368176.1643295881222, 2752001.737694765906781 ], [ 368170.029371470562182, 2752001.310271393507719 ], [ 368158.368070062890183, 2751996.879281349945813 ], [ 368130.439470536774024, 2751991.743998122867197 ], [ 368121.065043297829106, 2751986.137485100887716 ], [ 368093.121938458294608, 2751977.502314838580787 ], [ 368074.413528183591552, 2751970.976245224475861 ], [ 368059.368416804587469, 2751968.995031036902219 ], [ 368048.200939553789794, 2751967.115856793243438 ], [ 368040.791470811003819, 2751965.591386818792671 ], [ 368035.999230192450341, 2751963.696808945853263 ], [ 368013.866400321363471, 2751954.933622401207685 ], [ 368003.419679494807497, 2751951.725920526310802 ], [ 367994.147023250232451, 2751950.742563220672309 ], [ 367976.625953998998739, 2751944.190276273526251 ], [ 367973.356390698463656, 2751943.324645791202784 ], [ 367947.012296846718527, 2751936.342064770869911 ], [ 367944.68558092683088, 2751935.705736271571368 ], [ 367932.192189533961937, 2751933.23055823892355 ], [ 367929.936247053439729, 2751932.967685495037585 ], [ 367905.553039862075821, 2751929.879687625449151 ], [ 367880.103721347928513, 2751926.62764215329662 ], [ 367858.021717290976085, 2751920.175903592724353 ], [ 367827.507935107976664, 2751908.346945746336132 ], [ 367821.653823229658883, 2751897.974764614365995 ], [ 367817.794480786309578, 2751881.683126939926296 ], [ 367815.672143427073024, 2751864.790341357700527 ], [ 367813.9391101191286, 2751851.389709896873683 ], [ 367813.556647446705028, 2751848.210375441238284 ], [ 367807.359023267636076, 2751833.595345980953425 ], [ 367800.459036265674513, 2751832.497276637237519 ], [ 367791.259424007963389, 2751834.825167712755501 ], [ 367773.978120138635859, 2751836.331072909291834 ], [ 367759.125694705289789, 2751843.096369482111186 ], [ 367748.720063487358857, 2751850.264059799723327 ], [ 367738.839359662611969, 2751855.7322590155527 ], [ 367730.148182497592643, 2751864.112095175776631 ], [ 367720.707712521543726, 2751869.695691832806915 ], [ 367718.480434370110743, 2751870.744812 ], [ 367703.183542984887026, 2751885.708493288140744 ], [ 367689.444965325237717, 2751889.136607506778091 ], [ 367680.54798228177242, 2751891.02030316228047 ], [ 367677.125726090278476, 2751891.72074676072225 ], [ 367671.029240149189718, 2751893.042671157047153 ], [ 367661.71612469595857, 2751893.060491683427244 ], [ 367651.450949966325425, 2751898.099511614535004 ], [ 367638.665335437166505, 2751899.381365011446178 ], [ 367629.988868109998293, 2751902.760391274001449 ], [ 367626.228693370358087, 2751905.156005660071969 ], [ 367613.997878129186574, 2751908.925879375077784 ], [ 367605.854368321772199, 2751913.793224429246038 ], [ 367597.495794540503994, 2751917.415312172845006 ], [ 367594.784013011725619, 2751919.162780579179525 ], [ 367586.454847726388834, 2751921.283961183391511 ], [ 367573.903460502857342, 2751924.685925557743758 ], [ 367561.265685701277107, 2751929.839783769566566 ], [ 367552.71118907793425, 2751933.091203444637358 ], [ 367544.147330703330226, 2751935.905122335534543 ], [ 367525.847497368056793, 2751942.246456700842828 ], [ 367522.402711094473489, 2751944.760120069608092 ], [ 367517.029830851126462, 2751950.566629965789616 ], [ 367511.961440394166857, 2751955.991424447856843 ], [ 367510.814391471038107, 2751957.829279818572104 ], [ 367508.821356983506121, 2751960.998705641832203 ], [ 367506.397383800358512, 2751967.302687274292111 ], [ 367494.790351413597818, 2751976.684425016399473 ], [ 367490.667253886116669, 2751982.463513044174761 ], [ 367485.747793662361801, 2751986.13472541840747 ], [ 367477.996763221512083, 2751991.806113559752703 ], [ 367471.395700125605799, 2751995.764551704283804 ], [ 367468.600770964345429, 2751996.576074341312051 ], [ 367465.55875348020345, 2751997.518233567476273 ], [ 367455.945998947834596, 2752003.79324988136068 ], [ 367447.366412218601909, 2752008.7327905963175 ], [ 367433.111663815448992, 2752011.422086836304516 ], [ 367427.414795412390959, 2752013.860457879956812 ], [ 367424.980937865679152, 2752014.039083824492991 ], [ 367419.761727965262253, 2752015.466636827215552 ], [ 367414.17057702189777, 2752017.027582829352468 ], [ 367403.124681491404772, 2752017.833478307817131 ], [ 367395.378400077926926, 2752020.879511021543294 ], [ 367380.371684462879784, 2752020.647613696753979 ], [ 367368.990624011610635, 2752023.273609116207808 ], [ 367356.50723925314378, 2752026.923993125557899 ], [ 367345.435255852469709, 2752026.542993730399758 ], [ 367342.077890415501315, 2752027.367055168841034 ], [ 367328.215876899834257, 2752030.860307428985834 ], [ 367324.862947359099053, 2752031.871729536447674 ], [ 367308.140371139743365, 2752030.365157231688499 ], [ 367292.927788599627092, 2752032.13792088162154 ], [ 367289.672102210810408, 2752031.897202970460057 ], [ 367283.960488064796664, 2752030.835333917289972 ], [ 367270.540456899849232, 2752031.693593356292695 ], [ 367258.137909392709844, 2752033.342148676980287 ], [ 367248.15278626664076, 2752034.06217616610229 ], [ 367237.636090940737631, 2752033.356262779328972 ], [ 367227.66175495297648, 2752034.576264560688287 ], [ 367220.118650986813009, 2752035.492481738328934 ], [ 367216.192292369029019, 2752036.016601651441306 ], [ 367208.998624995409045, 2752038.61283294390887 ], [ 367205.094243812956847, 2752040.136538737919182 ], [ 367198.561345929047093, 2752044.343324268702418 ], [ 367196.464531106641516, 2752045.639699100051075 ], [ 367194.542900414206088, 2752046.369637831114233 ], [ 367179.349338528641965, 2752057.518066882155836 ], [ 367175.455009736237116, 2752065.167159170843661 ], [ 367172.918975671869703, 2752069.223611429333687 ], [ 367166.63759083696641, 2752079.175560121890157 ], [ 367157.730236988514662, 2752091.935729520395398 ], [ 367153.052714320889208, 2752100.914710226934403 ], [ 367141.549006969551556, 2752106.481440079864115 ], [ 367114.897394118073862, 2752102.568256822414696 ], [ 367098.977334210881963, 2752100.606180629692972 ], [ 367094.734322854084894, 2752100.949651579372585 ], [ 367090.050089070457034, 2752101.115414879284799 ], [ 367083.74114188546082, 2752101.316926099359989 ], [ 367075.370798088260926, 2752101.563945198897272 ], [ 367064.760063492925838, 2752113.611533966381103 ], [ 367063.356218521483243, 2752115.142570907250047 ], [ 367060.447088967775926, 2752124.957872440572828 ], [ 367058.145776472054422, 2752128.321404904127121 ], [ 367056.905519380583428, 2752131.599146966822445 ], [ 367054.545521423919126, 2752137.964295277837664 ], [ 367050.986222638748586, 2752149.481560081243515 ], [ 367052.237914077530149, 2752160.892738034017384 ], [ 367056.196819289238192, 2752164.680876466911286 ], [ 367060.985725077101961, 2752169.263311409391463 ], [ 367063.348358104471117, 2752171.523936024401337 ], [ 367068.767179125803523, 2752179.155493140686303 ], [ 367076.25616024970077, 2752192.804583926685154 ], [ 367078.01268009346677, 2752198.766556932590902 ], [ 367077.184609994816128, 2752209.411023487336934 ], [ 367077.042614208417945, 2752211.476779103279114 ], [ 367073.037152709206566, 2752219.753417960833758 ], [ 367060.39704229531344, 2752244.659812966827303 ], [ 367054.364014570426662, 2752254.543745067436248 ], [ 367049.202330579108093, 2752261.408241346944124 ], [ 367044.489324760739692, 2752265.9501658603549 ], [ 367024.770799751044251, 2752278.823586827609688 ], [ 367002.21672808623407, 2752293.509624637663364 ], [ 366974.51608201302588, 2752301.558462419547141 ], [ 366970.034958124510013, 2752305.282563517801464 ], [ 366966.660856679140124, 2752308.169717576820403 ], [ 366961.78853469225578, 2752311.152437792159617 ], [ 366954.802591677173041, 2752331.683658753056079 ], [ 366939.035766232118476, 2752365.034802636131644 ], [ 366936.478402912500314, 2752379.467708524782211 ], [ 366936.304179110506084, 2752382.909592715092003 ], [ 366933.095459473493975, 2752398.98201280971989 ], [ 366929.265660092700273, 2752418.068582457490265 ], [ 366924.422333871130832, 2752436.552368279546499 ], [ 366918.770459740422666, 2752458.054334987420589 ], [ 366915.085310958209448, 2752483.700932980515063 ], [ 366900.436850632890128, 2752528.091248967684805 ], [ 366895.533376362989657, 2752563.70331281516701 ], [ 366891.972174684982747, 2752572.282736145425588 ], [ 366886.100855353870429, 2752586.663782359100878 ], [ 366883.411789236357436, 2752600.786978601012379 ], [ 366882.796071010991, 2752604.051055475138128 ], [ 366879.602722355397418, 2752620.810814089141786 ], [ 366873.389194669551216, 2752653.701446711085737 ], [ 366862.206174138817005, 2752713.517091564368457 ], [ 366872.195397736737505, 2752721.485324690118432 ], [ 366875.364644142566249, 2752723.478272194974124 ], [ 366905.918987121258397, 2752742.807093223091215 ], [ 366904.143859711592086, 2752747.346784748136997 ], [ 366900.008566957432777, 2752766.752544291317463 ], [ 366886.640123677090742, 2752803.988954795990139 ], [ 366886.619836471742019, 2752808.739820720627904 ], [ 366886.204175700899214, 2752849.44113356154412 ], [ 366881.396083570667543, 2752889.364044557791203 ], [ 366880.644742764881812, 2752897.81925531104207 ], [ 366879.147813056595623, 2752914.979044875130057 ], [ 366880.575336111884099, 2752928.699228734243661 ], [ 366885.269421176286414, 2752974.350842838641256 ], [ 366884.667368273600005, 2752995.241546622943133 ], [ 366883.368722978048027, 2753012.89715741481632 ], [ 366883.075234747026116, 2753016.591506883967668 ], [ 366884.881725915707648, 2753030.49077118979767 ], [ 366884.278306032996625, 2753042.817921629175544 ], [ 366888.007329887128435, 2753058.862531157676131 ], [ 366892.461948077776469, 2753070.953315604478121 ], [ 366910.097116879827809, 2753108.193874684628099 ], [ 366921.621318930294365, 2753165.946304661221802 ], [ 366942.055836171086412, 2753185.560734748840332 ], [ 366955.184608613373712, 2753191.334450130350888 ], [ 366964.05273828888312, 2753196.639591677580029 ], [ 366970.196760129067115, 2753200.316950297914445 ], [ 366991.035822540929075, 2753218.422465761192143 ], [ 366989.73446115659317, 2753244.4539261511527 ], [ 366986.293240702827461, 2753255.656105739064515 ], [ 366981.100662726908922, 2753272.459785844665021 ], [ 366979.47159789968282, 2753283.621952010784298 ], [ 366974.448996686143801, 2753288.295731754973531 ], [ 366978.18773967056768, 2753296.276653472799808 ], [ 366979.366016938642133, 2753298.688601422589272 ], [ 366990.311381456151139, 2753324.512752446345985 ], [ 367001.16976615448948, 2753340.712696253787726 ], [ 367008.798303635441698, 2753352.170847607776523 ], [ 367013.072229611920193, 2753364.57796035753563 ], [ 367015.874748625676148, 2753375.454921029973775 ], [ 367017.170521024963818, 2753380.364508336875588 ], [ 367024.638627965236083, 2753395.889086289331317 ], [ 366996.666122833266854, 2753394.443064593244344 ], [ 366992.405817885766737, 2753391.161480912473053 ], [ 366984.583440399146639, 2753385.083319673780352 ], [ 366975.693538976483978, 2753378.778473235666752 ], [ 366971.095994630712084, 2753374.379415460862219 ], [ 366952.060412724735215, 2753364.36030449019745 ], [ 366940.772388689685613, 2753359.858652591239661 ], [ 366925.393170987663325, 2753354.071963684167713 ], [ 366917.679685303475708, 2753344.428312334232032 ], [ 366911.376601262949407, 2753336.379082958213985 ], [ 366908.868492790847085, 2753333.183786322828382 ], [ 366905.863134140498005, 2753330.124660898 ], [ 366899.311561615206301, 2753322.143299024086446 ], [ 366896.676890485920012, 2753318.888424417469651 ], [ 366889.140897226519883, 2753311.616245430428535 ], [ 366879.709197301999666, 2753306.261011000722647 ], [ 366866.468953427160159, 2753295.426552284974605 ], [ 366855.265471453196369, 2753291.923170090187341 ], [ 366853.309850502293557, 2753288.278399100061506 ], [ 366848.26757556758821, 2753286.389216703828424 ], [ 366843.940741185448132, 2753282.92158473841846 ], [ 366819.219305577105843, 2753284.341810831334442 ], [ 366791.085511425801087, 2753284.086836760863662 ], [ 366770.486903011566028, 2753288.228805740829557 ], [ 366760.029900729539804, 2753287.396688055247068 ], [ 366746.378192984033376, 2753286.260060494299978 ], [ 366733.120184511994012, 2753288.802502766251564 ], [ 366708.433318653085735, 2753283.283592623658478 ], [ 366692.661690991604701, 2753282.381109047681093 ], [ 366688.22016828879714, 2753282.228911677375436 ], [ 366675.648498839698732, 2753281.881099749356508 ], [ 366662.743808827130124, 2753280.602741329465061 ], [ 366646.401690877391957, 2753279.337799515575171 ], [ 366635.58084638469154, 2753279.01368965767324 ], [ 366616.056764537934214, 2753283.694710153155029 ], [ 366577.586573381209746, 2753290.918611281551421 ], [ 366568.406474206247367, 2753291.308406674768776 ], [ 366550.710834039258771, 2753296.698893351480365 ], [ 366533.886986409197561, 2753301.94537445018068 ], [ 366524.255324330180883, 2753304.533116288017482 ], [ 366516.177629586542025, 2753306.711373475845903 ], [ 366505.49067128560273, 2753309.634888238273561 ], [ 366495.916079287067987, 2753311.970900576096028 ], [ 366484.524200233630836, 2753314.097406342625618 ], [ 366481.770989185082726, 2753313.970524772070348 ], [ 366471.681006248807535, 2753318.443401601631194 ], [ 366463.376485176209826, 2753321.68937173159793 ], [ 366452.839556991821155, 2753325.734542914666235 ], [ 366441.093839687528089, 2753325.993622973095626 ], [ 366428.399164911359549, 2753331.398932877462357 ], [ 366406.672939473646693, 2753343.941668902989477 ], [ 366402.290773203596473, 2753346.476164061576128 ], [ 366399.881172204972245, 2753350.592256672680378 ], [ 366396.8219864560524, 2753353.597682281862944 ], [ 366387.960744294920005, 2753365.606965985614806 ], [ 366386.306915902940091, 2753367.143394680693746 ], [ 366376.446487250272185, 2753376.361806652508676 ], [ 366369.892199553258251, 2753382.444469056092203 ], [ 366366.880374492320698, 2753393.262212410569191 ], [ 366370.193899337318726, 2753404.628076976630837 ], [ 366375.018194688600488, 2753413.647609861567616 ], [ 366380.283538277959451, 2753425.657937419600785 ], [ 366382.435697239940055, 2753432.548896179068834 ], [ 366387.861336513014976, 2753440.492790287360549 ], [ 366390.453668393951375, 2753447.498867699876428 ], [ 366393.277787615661509, 2753453.687413562554866 ], [ 366398.387508785293903, 2753458.637861816212535 ], [ 366400.089422080549411, 2753467.788867281284183 ], [ 366410.191194965038449, 2753483.693034662399441 ], [ 366417.91884232906159, 2753499.649517320562154 ], [ 366421.784025257162284, 2753507.690324297174811 ], [ 366437.90443497907836, 2753515.898476681672037 ], [ 366442.520363053830806, 2753518.296921303495765 ], [ 366447.956196488405112, 2753523.865340720396489 ], [ 366450.03532549762167, 2753527.444952828343958 ], [ 366457.653639355441555, 2753532.777527420781553 ], [ 366474.766690721909981, 2753549.152349533513188 ], [ 366495.48032263724599, 2753561.572105259168893 ], [ 366503.930376882664859, 2753567.761524201836437 ], [ 366510.535372591170017, 2753572.491593311540782 ], [ 366525.919541233859491, 2753581.340851505752653 ], [ 366528.662525022868067, 2753583.843234130181372 ], [ 366541.65961790329311, 2753589.307374382857233 ], [ 366556.934164424426854, 2753598.846635263878852 ], [ 366572.171507946797647, 2753606.699340305756778 ], [ 366580.36560718587134, 2753606.956176979932934 ], [ 366598.008834493579343, 2753616.193496130406857 ], [ 366611.712625252897851, 2753628.205301911570132 ], [ 366625.469470509677194, 2753631.277114472351968 ], [ 366641.018317266483791, 2753636.247532558627427 ], [ 366657.374180946673732, 2753646.638205087278038 ], [ 366672.996126847807318, 2753654.919678889214993 ], [ 366686.417505758581683, 2753662.624868561513722 ], [ 366698.052328893216327, 2753668.681506777182221 ], [ 366711.125522989081219, 2753674.769063686486334 ], [ 366729.586793668509927, 2753681.425294660963118 ], [ 366763.047141822928097, 2753733.318735049571842 ], [ 366777.648555644147564, 2753749.186064735520631 ], [ 366779.762720671133138, 2753751.514719503931701 ], [ 366794.172700443596113, 2753767.198957002721727 ], [ 366811.207361236505676, 2753785.70045127440244 ], [ 366819.341678600758314, 2753794.584602321032435 ], [ 366857.378705917974003, 2753818.748889258597046 ], [ 366882.329698246787302, 2753830.575139707885683 ], [ 366907.434997671341989, 2753840.897860508877784 ], [ 366913.140717465896159, 2753844.522386099677533 ], [ 366933.066904313163832, 2753849.583752901758999 ], [ 367046.186137149459682, 2753877.093061520252377 ], [ 367062.679081532522105, 2753882.354951862245798 ], [ 367073.151137612585444, 2753883.874372047837824 ], [ 367115.312725523894187, 2753893.820865504443645 ], [ 367177.647677000320982, 2753900.197562003042549 ], [ 367235.195078905089758, 2753902.053855918813497 ], [ 367256.833605131250806, 2753896.888852351345122 ], [ 367270.135126179491635, 2753899.158272098749876 ], [ 367291.527821149677038, 2753894.186087992042303 ], [ 367354.096084503980819, 2753899.807409176137298 ], [ 367356.341142123332247, 2753899.570433366578072 ], [ 367419.035054938984104, 2753893.875094486400485 ], [ 367435.500795444881078, 2753886.573834543116391 ], [ 367439.192266323720105, 2753886.742356303147972 ], [ 367469.354438579990529, 2753879.764261513017118 ], [ 367475.98549256863771, 2753877.180180303752422 ], [ 367496.057649703172501, 2753874.674966043792665 ], [ 367504.909937836928293, 2753873.604677791707218 ], [ 367507.465986068127677, 2753873.298275567125529 ], [ 367517.991862497059628, 2753868.75317052565515 ], [ 367543.053141472511925, 2753868.575769712682813 ], [ 367550.816386468941346, 2753863.466540010645986 ], [ 367603.131111374590546, 2753854.812322963960469 ], [ 367611.841576117381919, 2753855.807854015380144 ], [ 367673.748753105930518, 2753862.631281439214945 ], [ 367681.867035050177947, 2753867.952930728439242 ], [ 367691.443995608540718, 2753874.242396109271795 ], [ 367691.083377300121356, 2753880.563615926075727 ], [ 367690.633559549227357, 2753888.511815305333585 ], [ 367670.949644663371146, 2753911.44828218081966 ], [ 367656.61716788407648, 2753930.45379933109507 ], [ 367641.43663941702107, 2753947.85289787966758 ], [ 367629.330344522662926, 2753962.933854458387941 ], [ 367618.325048666098155, 2753976.927890956401825 ], [ 367608.981909264810383, 2753989.760376513935626 ], [ 367593.104154353321064, 2754009.550167768262327 ], [ 367584.922176286345348, 2754026.857442981097847 ], [ 367577.367923332727514, 2754044.275635027792305 ], [ 367576.058279949240386, 2754047.242452264763415 ], [ 367571.628823672945146, 2754058.966361216269433 ], [ 367566.485209367820062, 2754072.331250042188913 ], [ 367561.22063931520097, 2754080.198152534198016 ], [ 367559.911825607530773, 2754094.540951655711979 ], [ 367560.89133376290556, 2754099.269994164351374 ], [ 367571.697558524436317, 2754118.783775041345507 ], [ 367572.601426456007175, 2754151.267493211664259 ], [ 367575.327407601522282, 2754155.832845729775727 ], [ 367605.118588523357175, 2754180.241129441652447 ], [ 367620.701221225026529, 2754198.087018432561308 ], [ 367638.949553895625286, 2754200.747390438336879 ], [ 367651.864955778117292, 2754211.026333738584071 ], [ 367664.430472352541983, 2754213.937060746829957 ], [ 367695.524029279244132, 2754206.688187280204147 ], [ 367701.556659968046006, 2754205.305027016904205 ], [ 367715.56984911323525, 2754202.995883979834616 ], [ 367778.975103698321618, 2754192.721707364544272 ], [ 367793.077686091884971, 2754194.473431783728302 ], [ 367826.486220364051405, 2754198.674815809354186 ], [ 367846.99682353134267, 2754221.725050308275968 ], [ 367850.643174360739067, 2754234.021014086902142 ], [ 367860.264064821065404, 2754253.623370230663568 ], [ 367870.87843708525179, 2754275.766560152173042 ], [ 367879.197205047123134, 2754293.022564116865396 ], [ 367888.396766402642243, 2754307.696355771273375 ], [ 367899.59458661545068, 2754319.450686381664127 ], [ 367910.256717988871969, 2754338.092555172741413 ], [ 367929.567213563015684, 2754371.920364028774202 ], [ 367951.711410035670269, 2754412.373750170692801 ], [ 367972.23372219922021, 2754472.802538794931024 ], [ 367990.539004013407975, 2754506.402728247456253 ], [ 368020.844430785218719, 2754520.110748774837703 ], [ 368046.078224082826637, 2754533.430600757710636 ], [ 368062.256892163830344, 2754541.449710400309414 ], [ 368066.026542515028268, 2754547.992423716466874 ], [ 368068.55997682211455, 2754549.499190891627222 ], [ 368094.420848770765588, 2754574.244011569302529 ], [ 368110.545515257515945, 2754588.32736207684502 ], [ 368116.28005059203133, 2754593.263873421121389 ], [ 368130.285684672708157, 2754610.456900205463171 ], [ 368139.937615952920169, 2754617.307347092311829 ], [ 368155.557619589613751, 2754628.338945057243109 ], [ 368157.642762150848284, 2754629.355614142026752 ], [ 368160.01496265217429, 2754632.053574008867145 ], [ 368176.974303923896514, 2754644.305833432357758 ], [ 368181.926455478882417, 2754653.447638092562556 ], [ 368185.028247433598153, 2754660.879844550509006 ], [ 368186.139971095253713, 2754663.10567520186305 ], [ 368187.430723458412103, 2754673.453296379651874 ], [ 368183.654441251303069, 2754697.78916310146451 ], [ 368182.596787542745005, 2754720.689802567940205 ], [ 368177.295068179431837, 2754752.372465520165861 ], [ 368175.027151611517183, 2754757.235590042546391 ], [ 368161.472916397848167, 2754763.347459056880325 ], [ 368154.236341734183952, 2754766.820096874143928 ], [ 368141.257751355064102, 2754776.35713062947616 ], [ 368122.533158986479975, 2754791.771771227940917 ], [ 368116.63878420914989, 2754796.589748887810856 ], [ 368117.512161879625637, 2754805.008791707921773 ], [ 368116.316787942661904, 2754821.662023270502687 ], [ 368116.873013423930388, 2754824.212490369565785 ], [ 368125.17408438376151, 2754840.656062293797731 ], [ 368131.436810057843104, 2754849.706411722116172 ], [ 368139.425275487476029, 2754866.156978528946638 ], [ 368142.971773019235115, 2754871.079274665098637 ], [ 368147.663883711909875, 2754882.602047576103359 ], [ 368149.084389457071666, 2754890.321401109453291 ], [ 368152.221464593196288, 2754902.191034192219377 ], [ 368150.639292729145382, 2754915.477225948590785 ], [ 368141.406567007885315, 2754933.307840211782604 ], [ 368134.416446237708442, 2754939.462523092981428 ], [ 368127.794584067771211, 2754945.296691447030753 ], [ 368118.76472655730322, 2754952.496673066634685 ], [ 368110.365825487766415, 2754957.119845523033291 ], [ 368107.518115888000466, 2754958.370372681412846 ], [ 368094.790913373813964, 2754959.46366714220494 ], [ 368078.813198126852512, 2754963.378904978279024 ], [ 368060.169495565933175, 2754968.290541023481637 ], [ 368039.708175925537944, 2754967.30428931536153 ], [ 368023.923811494198162, 2754968.652513420209289 ], [ 368014.627268248586915, 2754969.420089391991496 ], [ 368012.128200439619832, 2754969.475219806656241 ], [ 368005.366433121729642, 2754971.81200984865427 ], [ 368000.336263145611156, 2754973.29817308485508 ], [ 367988.932038347877096, 2754974.862306413706392 ], [ 367984.325185577094089, 2754975.713984443806112 ], [ 367976.600360978394747, 2754976.884477670304477 ], [ 367973.048810644715559, 2754977.400395724456757 ], [ 367967.051151382504031, 2754977.532682530581951 ], [ 367964.61459720908897, 2754977.586224093101919 ], [ 367961.365861854981631, 2754977.657982673030347 ], [ 367950.114578441600315, 2754977.656137800309807 ], [ 367942.550737450190354, 2754977.635360793210566 ], [ 367926.553223848284688, 2754974.988114767707884 ], [ 367922.074221076793037, 2754975.962077914737165 ], [ 367907.308169461088255, 2754972.474781036376953 ], [ 367892.505001294659451, 2754975.801685461774468 ], [ 367886.503213078482077, 2754975.746426190249622 ], [ 367878.375834043254144, 2754975.675614589359611 ], [ 367856.818096530041657, 2754978.838915109634399 ], [ 367834.863324481993914, 2754983.823467422276735 ], [ 367821.35608753253473, 2754983.559008330572397 ], [ 367808.764811914763413, 2754985.149222168605775 ], [ 367797.239808292360976, 2754986.903628394473344 ], [ 367780.499735438264906, 2754990.273327989503741 ], [ 367769.37066174542997, 2754990.143639601301402 ], [ 367754.491731775458902, 2754990.034327232278883 ], [ 367742.28068815509323, 2754991.866378491278738 ], [ 367729.188404807180632, 2754993.405224965885282 ], [ 367716.276024933671579, 2754997.440458587836474 ], [ 367711.992637027869932, 2754998.785081131383777 ], [ 367703.866573581239209, 2754998.776827224995941 ], [ 367701.44381693872856, 2754999.455280262511224 ], [ 367698.753282615332864, 2754999.32712731231004 ], [ 367684.423609378165565, 2755001.455858999397606 ], [ 367672.362481608055532, 2755004.409597977995872 ], [ 367668.87053762038704, 2755004.799091660883278 ], [ 367659.351179743534885, 2755009.634807771537453 ], [ 367645.034588578273542, 2755009.512998969759792 ], [ 367633.760782585770357, 2755011.324379154015332 ], [ 367623.448130696313456, 2755011.36426467448473 ], [ 367613.218067001318559, 2755015.152794299647212 ], [ 367598.402772910427302, 2755015.104508774820715 ], [ 367581.733440012438223, 2755018.847575754858553 ], [ 367562.357724971603602, 2755018.899881513789296 ], [ 367542.358274389524013, 2755019.028447648510337 ], [ 367527.361180008738302, 2755019.234294548630714 ], [ 367522.424259768857155, 2755019.280680502764881 ], [ 367507.363238862599246, 2755019.425363640766591 ], [ 367480.999092616490088, 2755014.381166718434542 ], [ 367445.008543928037398, 2755014.987647750414908 ], [ 367426.452955106971785, 2755015.396841885056347 ], [ 367400.711436482029967, 2755015.902106715831906 ], [ 367370.227086889033671, 2755016.761993917636573 ], [ 367356.855656705098227, 2755016.99442055914551 ], [ 367337.614323621848598, 2755017.481350412592292 ], [ 367323.376562704215758, 2755018.107939666137099 ], [ 367304.322570169111714, 2755018.590670433826745 ], [ 367288.470122428261675, 2755019.690426376182586 ], [ 367282.97913766966667, 2755020.124027860350907 ], [ 367275.407029093126766, 2755019.72856692224741 ], [ 367270.047828862559982, 2755020.471793751232326 ], [ 367264.108253197337035, 2755020.415319982916117 ], [ 367248.915432697627693, 2755020.250334223732352 ], [ 367235.98704738804372, 2755020.723037221003324 ], [ 367225.744966848404147, 2755021.136453269515187 ], [ 367219.868105657340493, 2755021.078506478574127 ], [ 367210.796553176012821, 2755020.715958382934332 ], [ 367201.931806530687027, 2755021.223956636153162 ], [ 367195.813258804613724, 2755021.546478816773742 ], [ 367192.815590475103818, 2755021.675026039592922 ], [ 367165.26628993160557, 2755022.407759392634034 ], [ 367150.517622013459913, 2755022.545605012215674 ], [ 367129.545320900855586, 2755021.070568065624684 ], [ 367116.574058484868146, 2755019.606556443031877 ], [ 367101.0435672076419, 2755021.136694757267833 ], [ 367085.32761499134358, 2755019.920665318612009 ], [ 367077.885868986370042, 2755019.772256992291659 ], [ 367059.334010838065296, 2755014.680745849385858 ], [ 367055.398119245248381, 2755014.767564399167895 ], [ 367044.463326325640082, 2755014.946258701849729 ], [ 367036.639829027932137, 2755014.493774517439306 ], [ 367024.88785536820069, 2755011.627721515018493 ], [ 367017.140794790000655, 2755011.798510798253119 ], [ 367010.662392610334791, 2755012.816494666971266 ], [ 366996.855157175508793, 2755013.121051575057209 ], [ 366990.295066415041219, 2755013.265745298005641 ], [ 366964.128851592657156, 2755020.031027332413942 ], [ 366945.22090037050657, 2755018.635407786816359 ], [ 366942.778896666597575, 2755018.439206242095679 ], [ 366936.248111968976445, 2755017.083112033549696 ], [ 366926.626727630267851, 2755017.295364996418357 ], [ 366914.373068749322556, 2755017.190552985761315 ], [ 366907.918725831317715, 2755016.457844923716038 ], [ 366903.656531038344838, 2755015.926855825353414 ], [ 366897.09969271911541, 2755013.383610935416073 ], [ 366883.611022907309234, 2755008.305526032112539 ], [ 366867.896333377575502, 2755007.151976258028299 ], [ 366859.069152597454377, 2755006.534101588651538 ], [ 366836.518348239129409, 2755004.343479841947556 ], [ 366821.624914168263786, 2755006.422318219207227 ], [ 366818.447070536611136, 2755006.867574704810977 ], [ 366806.952545699547045, 2755015.684587691444904 ], [ 366801.216641549952328, 2755027.687404276803136 ], [ 366798.570915499760304, 2755049.435754646547139 ], [ 366798.644032472977415, 2755052.747112273238599 ], [ 366798.111077683279291, 2755076.76155042508617 ], [ 366796.393995266291313, 2755092.426008218433708 ], [ 366796.026885873172432, 2755104.123143651522696 ], [ 366799.010084873298183, 2755123.184456513263285 ], [ 366796.691199963213876, 2755142.737767886836082 ], [ 366799.635310490732081, 2755162.862724176608026 ], [ 366800.577559395460412, 2755174.405728873796761 ], [ 366801.988613895489834, 2755178.875144719611853 ], [ 366804.983512210077606, 2755195.623525382485241 ], [ 366809.324226613913197, 2755199.715764668304473 ], [ 366808.735235175525304, 2755209.854823077563196 ], [ 366810.351394282304682, 2755217.945101308636367 ], [ 366838.852256732294336, 2755223.504685046616942 ], [ 366844.850030851783231, 2755223.372341541107744 ], [ 366870.952760001760907, 2755222.234079964458942 ], [ 366873.514303233823739, 2755222.177469388116151 ], [ 366888.966780551243573, 2755222.774342951830477 ], [ 366903.263015000382438, 2755221.958881289232522 ], [ 366913.539477929356508, 2755223.107437401078641 ], [ 366923.545388553349767, 2755223.324057697318494 ], [ 366925.727914477756713, 2755223.088490784168243 ], [ 366935.131200310192071, 2755224.31862067244947 ], [ 366938.761633208836429, 2755224.551154616754502 ], [ 366949.150701061822474, 2755225.134673797991127 ], [ 366964.6490235067904, 2755224.980258365627378 ], [ 366970.210814931662753, 2755224.920085469260812 ], [ 366976.84169666597154, 2755225.14893760625273 ], [ 366980.652804504614323, 2755225.064852091483772 ], [ 367000.334186177467927, 2755224.693205791525543 ], [ 367003.145783578336705, 2755224.631208054255694 ], [ 367007.269156239461154, 2755224.540230329148471 ], [ 367017.669766820734367, 2755222.810649252962321 ], [ 367030.507755743339658, 2755223.902598423417658 ], [ 367036.436910043936223, 2755226.334684829227626 ], [ 367045.399658599111717, 2755221.761411952320486 ], [ 367047.68652476882562, 2755220.585749889723957 ], [ 367058.786241252208129, 2755222.216211957391351 ], [ 367070.589151693566237, 2755218.892937481869012 ], [ 367073.665636880148668, 2755219.512755766045302 ], [ 367083.332581467577256, 2755221.362222416792065 ], [ 367099.689886281907093, 2755223.314212184399366 ], [ 367106.467883619188797, 2755224.539841355290264 ], [ 367110.609212542418391, 2755225.261009319219738 ], [ 367129.902559235692024, 2755221.460071820300072 ], [ 367141.470289524120744, 2755221.642473049927503 ], [ 367145.660412609577179, 2755221.737626849208027 ], [ 367149.389637139742263, 2755220.780178980901837 ], [ 367169.237147411098704, 2755216.592050135135651 ], [ 367187.529736244818196, 2755218.438819999340922 ], [ 367194.045365497819148, 2755219.107597556430846 ], [ 367210.740211841941345, 2755219.364428830333054 ], [ 367228.194696197519079, 2755220.041790766641498 ], [ 367230.826921586296521, 2755220.358920605387539 ], [ 367241.059797530528158, 2755225.196331724058837 ], [ 367249.786267547460739, 2755221.253468384500593 ], [ 367253.813754277653061, 2755222.477284482680261 ], [ 367261.239656163146719, 2755224.751130001153797 ], [ 367270.270741043728776, 2755226.11466885311529 ], [ 367296.959760051220655, 2755231.714183877687901 ], [ 367308.316333602590021, 2755233.651374559383839 ], [ 367317.037660403526388, 2755235.146634544245899 ], [ 367352.677342782611959, 2755241.298762436024845 ], [ 367369.116431555768941, 2755244.123926316387951 ], [ 367392.645728160860017, 2755248.167876592837274 ], [ 367414.794979595288169, 2755251.992375812027603 ], [ 367418.684914579614997, 2755252.656585396267474 ], [ 367447.42202912888024, 2755257.585815687663853 ], [ 367450.935772578406613, 2755258.195849305484444 ], [ 367474.257017459371127, 2755261.306828121189028 ], [ 367567.726282446121331, 2755273.621654699090868 ], [ 367628.925531948218122, 2755271.021468252874911 ], [ 367656.030086640967056, 2755272.798786867409945 ], [ 367707.795818039681762, 2755276.094906323123723 ], [ 367747.47986908571329, 2755315.411383939441293 ], [ 367780.839927428867668, 2755320.238533574622124 ], [ 367802.559485915815458, 2755318.759345894213766 ], [ 367814.334055271116085, 2755319.812301621306688 ], [ 367821.544567950302735, 2755323.653500241227448 ], [ 367829.504730594460852, 2755327.478518365416676 ], [ 367842.769608956412412, 2755333.749061181675643 ], [ 367853.175491670845076, 2755340.770246436353773 ], [ 367877.457507349085063, 2755359.11149013787508 ], [ 367887.886157660512254, 2755372.820605054032058 ], [ 367904.484155190060847, 2755380.017742914613336 ], [ 367920.942874246451538, 2755380.904686772730201 ], [ 367929.052303925273009, 2755380.16328647499904 ], [ 367941.932107378845103, 2755380.316571293398738 ], [ 367945.745978209481109, 2755380.357436164282262 ], [ 367952.779953355027828, 2755376.202139949426055 ], [ 367959.319764958810993, 2755372.307444376405329 ], [ 367967.649306883569807, 2755367.373159525450319 ], [ 367984.1467853502254, 2755361.50866527017206 ], [ 368021.088979032880161, 2755347.379828595556319 ], [ 368023.820124895428307, 2755346.506968898698688 ], [ 368033.94265604467364, 2755346.346146440599114 ], [ 368038.254825606883969, 2755346.313581643160433 ], [ 368051.689926937862765, 2755346.142326587811112 ], [ 368058.624813011963852, 2755345.989325754344463 ], [ 368071.541748703108169, 2755347.829414227511734 ], [ 368075.333040107565466, 2755349.683610046748072 ], [ 368076.455402477644384, 2755380.724528099875897 ], [ 368077.976841329538729, 2755424.195651209913194 ], [ 368078.985701101541054, 2755452.926292055752128 ], [ 368076.880194078665227, 2755473.662451473530382 ], [ 368076.103124027489685, 2755480.930311625357717 ], [ 368071.422565211367328, 2755526.600926220417023 ], [ 368072.723969676299021, 2755540.261162109673023 ], [ 368079.992276585951913, 2755563.728253348730505 ], [ 368085.002919721300714, 2755581.182038436643779 ], [ 368105.074205177952535, 2755598.491085026878864 ], [ 368135.811638869112357, 2755611.939467275049537 ], [ 368139.783075037645176, 2755616.28983055613935 ], [ 368151.516197015764192, 2755632.470197326503694 ], [ 368153.023997221025638, 2755641.312780121341348 ], [ 368156.90759926487226, 2755647.352800286840647 ], [ 368160.578537734108977, 2755663.585976803209633 ], [ 368162.999492577451747, 2755674.158666527830064 ], [ 368169.763151193852536, 2755694.574214896187186 ], [ 368171.060927617363632, 2755696.733132421039045 ], [ 368187.226692401978653, 2755724.004407642874867 ], [ 368191.202202633954585, 2755728.542144003789872 ], [ 368223.065990677569062, 2755764.71801257552579 ], [ 368220.130951736820862, 2755773.346164316870272 ], [ 368207.485953623079695, 2755781.001018164679408 ], [ 368199.29040412773611, 2755791.995233826804906 ], [ 368187.880211525247432, 2755804.623391216620803 ], [ 368189.957195054506883, 2755847.769664762541652 ], [ 368186.480591528932564, 2755865.848197311162949 ], [ 368186.431479003163986, 2755869.287203882820904 ], [ 368186.206899120705202, 2755884.606048015411943 ], [ 368178.437525600311346, 2755903.592010206542909 ], [ 368166.95810225920286, 2755915.909078713972121 ], [ 368163.85256722784834, 2755922.478266057092696 ], [ 368146.2362659558421, 2755937.118344475049525 ], [ 368142.30812753806822, 2755940.392907913308591 ], [ 368116.34786189335864, 2755945.153614339884371 ], [ 368105.951742128818296, 2755947.070741103496403 ], [ 368101.46168499358464, 2755947.544816210865974 ], [ 368051.33458160457667, 2755950.525996565818787 ], [ 368037.736538135912269, 2755954.638891587033868 ], [ 368033.637940543354489, 2755955.854395491536707 ], [ 367997.372374277561903, 2755966.655656954739243 ], [ 367992.962845476868097, 2755967.940726527012885 ], [ 367968.675641702546272, 2755972.03937319945544 ], [ 367964.760157009179238, 2755973.063412373419851 ], [ 367935.363437988911755, 2755980.712692855391651 ], [ 367924.428318997786846, 2755983.704273420386016 ], [ 367908.51430445688311, 2755996.181626174133271 ], [ 367900.661158214439638, 2756008.543801454827189 ], [ 367891.050246704253368, 2756057.385968327987939 ], [ 367891.423344083828852, 2756068.629016736987978 ], [ 367891.038128168089315, 2756090.827288458123803 ], [ 367890.502593268058263, 2756123.217694746796042 ], [ 367890.050236625538673, 2756148.042756973300129 ], [ 367891.023948921007104, 2756163.835324756801128 ], [ 367892.118256374611519, 2756204.940642470028251 ], [ 367893.063051422766875, 2756227.922128334641457 ], [ 367896.080565571261104, 2756259.859145179390907 ], [ 367895.95376417360967, 2756279.613977179396898 ], [ 367895.895552267611492, 2756288.303592594340444 ], [ 367899.496855586883612, 2756324.040693374350667 ], [ 367898.914432234247215, 2756328.803834771737456 ], [ 367894.315343532012776, 2756344.156932381913066 ], [ 367882.889410708739888, 2756350.409854339435697 ], [ 367864.77934219269082, 2756353.997184184379876 ], [ 367853.970961878076196, 2756354.235656389035285 ], [ 367825.794459559372626, 2756352.044626979157329 ], [ 367781.395392813719809, 2756348.336436033248901 ], [ 367772.33632974739885, 2756348.536309006158262 ], [ 367741.703219869523309, 2756342.649132150691003 ], [ 367715.965363845287357, 2756337.653964907862246 ], [ 367693.353236305410974, 2756335.52766530495137 ], [ 367642.744272010517307, 2756330.831333658657968 ], [ 367595.012362366367597, 2756331.884501195512712 ], [ 367581.801729625207372, 2756325.237805336713791 ], [ 367578.135339986882173, 2756323.381110034417361 ], [ 367546.7219513686141, 2756307.635033131577075 ], [ 367530.406902536051348, 2756301.931849444285035 ], [ 367501.430676610325463, 2756291.820022984407842 ], [ 367488.382843413914088, 2756247.22810356458649 ], [ 367487.75566514628008, 2756244.303981889039278 ], [ 367471.184952704352327, 2756212.853661519940943 ], [ 367464.206542711704969, 2756199.69380658166483 ], [ 367462.285212775983382, 2756197.610856715589762 ], [ 367448.82150498428382, 2756193.657551311422139 ], [ 367442.928017048514448, 2756192.849986123852432 ], [ 367440.359703792200889, 2756192.594121631700546 ], [ 367413.864649964554701, 2756190.115887655876577 ], [ 367401.46265390876215, 2756188.951858567539603 ], [ 367386.743383151013404, 2756187.588927206583321 ], [ 367370.875564845278859, 2756179.500669992994517 ], [ 367349.836707831243984, 2756169.338845189195126 ], [ 367344.889912519836798, 2756168.947924525011331 ], [ 367323.287442024098709, 2756167.236881744582206 ], [ 367316.080531652783975, 2756166.395652968902141 ], [ 367310.958810620591976, 2756166.57118232967332 ], [ 367296.340632535226177, 2756166.956326266285032 ], [ 367288.718152776011266, 2756169.937349944375455 ], [ 367282.28395507123787, 2756172.954629623796791 ], [ 367272.860759478004184, 2756201.978205977473408 ], [ 367267.056867431267165, 2756213.732637861743569 ], [ 367264.03165323054418, 2756232.42636004416272 ], [ 367271.461609121994115, 2756243.388667496852577 ], [ 367296.994624661048874, 2756281.579524185974151 ], [ 367304.817731711373199, 2756293.345685037784278 ], [ 367339.394156862050295, 2756350.464133596047759 ], [ 367350.854269951640163, 2756365.587985883466899 ], [ 367375.048577959532849, 2756396.9326366414316 ], [ 367399.44028852757765, 2756425.89769690670073 ], [ 367415.499671258032322, 2756434.169197601731867 ], [ 367441.310828118643258, 2756450.976606151554734 ], [ 367508.517415595706552, 2756485.497344032861292 ], [ 367532.389442157233134, 2756490.908726427704096 ], [ 367556.198836944531649, 2756496.321307241916656 ], [ 367564.03455820819363, 2756497.336123116780072 ], [ 367567.231816553976387, 2756497.765588261187077 ], [ 367578.076262841350399, 2756499.151444786693901 ], [ 367591.701611619559117, 2756499.100783158093691 ], [ 367608.260134684620425, 2756501.673251584172249 ], [ 367621.612781223491766, 2756506.254094447009265 ], [ 367623.703434357186779, 2756507.520595841575414 ], [ 367638.735357676283456, 2756514.564769697841257 ], [ 367645.200268083834089, 2756518.609962875954807 ], [ 367653.565883537288755, 2756523.800888130441308 ], [ 367662.226284796139225, 2756533.860932202544063 ], [ 367673.935271365742665, 2756546.103848984930664 ], [ 367690.317956775426865, 2756563.369397164788097 ], [ 367697.563293936895207, 2756565.959505654871464 ], [ 367704.808834441064391, 2756568.550058892928064 ], [ 367715.171171455876902, 2756570.759044727310538 ], [ 367717.531442245352082, 2756570.081955078057945 ], [ 367725.860212918487377, 2756570.773242249153554 ], [ 367730.994163844967261, 2756571.159941381309181 ], [ 367738.25940437085228, 2756571.812305880710483 ], [ 367747.269330836483277, 2756575.051309102680534 ], [ 367756.548413058684673, 2756579.159489406272769 ], [ 367761.599758471769746, 2756584.298667647410184 ], [ 367765.879667381523177, 2756588.454561183229089 ], [ 367777.132318598334678, 2756597.01974623138085 ], [ 367782.966840602457523, 2756600.828846947290003 ], [ 367792.254452375869732, 2756605.31187830073759 ], [ 367801.751224365259986, 2756610.790484705939889 ], [ 367805.916153057478368, 2756612.573654663283378 ], [ 367806.569954668870196, 2756622.372846334706992 ], [ 367791.237796673085541, 2756652.714340514969081 ], [ 367790.376845870574471, 2756661.859371689613909 ], [ 367788.606100439210422, 2756675.08733945665881 ], [ 367786.779415530152619, 2756691.441946825943887 ], [ 367783.208252188051119, 2756702.396922247018665 ], [ 367781.318327686632983, 2756713.064686672296375 ], [ 367780.002042386040557, 2756724.21990400692448 ], [ 367779.304723640263546, 2756726.610541292931885 ], [ 367772.864809523627628, 2756749.192671841941774 ], [ 367769.383670607232489, 2756761.395897238980979 ], [ 367764.167543073999695, 2756771.449660729151219 ], [ 367762.464686352817807, 2756784.926183930598199 ], [ 367757.751138419960625, 2756795.093619353603572 ], [ 367752.210672914981842, 2756810.280088013038039 ], [ 367743.72596152650658, 2756822.343680629041046 ], [ 367740.947712833993137, 2756832.405978836119175 ], [ 367733.424047960550524, 2756842.698074429295957 ], [ 367729.77385151037015, 2756852.904785647056997 ], [ 367722.186292181024328, 2756863.135923731606454 ], [ 367717.5365176507039, 2756873.364453899674118 ], [ 367714.831318396143615, 2756886.73833931889385 ], [ 367714.970130646426696, 2756895.861121395137161 ], [ 367715.028139208618086, 2756898.485048238188028 ], [ 367714.223964798671659, 2756910.191562675870955 ], [ 367714.356772665283643, 2756921.877418933901936 ], [ 367714.613283508457243, 2756933.498066052328795 ], [ 367714.988073191547301, 2756961.805476773064584 ], [ 367715.401325597020332, 2756983.361022841185331 ], [ 367714.746113798231818, 2757001.815050926990807 ], [ 367712.066088530700654, 2757013.500436502508819 ], [ 367706.637366008828394, 2757033.747320275288075 ], [ 367700.085263848188333, 2757045.580782894510776 ], [ 367691.48764631873928, 2757052.521359318401664 ], [ 367682.816709287697449, 2757056.150585191790015 ], [ 367671.334358846128453, 2757059.841806706506759 ], [ 367661.760810021718498, 2757065.053708778228611 ], [ 367649.268469221889973, 2757065.454363043885678 ], [ 367643.359405851108022, 2757066.772632566746324 ], [ 367635.959187408094294, 2757068.498690439388156 ], [ 367626.429265532759018, 2757070.021561286877841 ], [ 367623.881570625351742, 2757070.702805228065699 ], [ 367621.961242322227918, 2757071.495180010329932 ], [ 367616.883686711662449, 2757073.670008209533989 ], [ 367603.513865124899894, 2757073.96508775325492 ], [ 367588.620510735432617, 2757076.043991005513817 ], [ 367571.172618186916225, 2757078.491897067986429 ], [ 367563.591849629767239, 2757080.534396059811115 ], [ 367554.033124112640508, 2757080.745462645310909 ], [ 367551.128340716240928, 2757082.247217150870711 ], [ 367538.758121270104311, 2757091.021211501210928 ], [ 367530.22019122162601, 2757097.835499761626124 ], [ 367528.169520681723952, 2757098.380718980450183 ], [ 367516.801165623008274, 2757101.56957875797525 ], [ 367496.601380774576683, 2757103.952878458425403 ], [ 367491.244271128729451, 2757110.446860359515995 ], [ 367488.079590094683226, 2757114.329857778269798 ], [ 367482.253879723371938, 2757125.084412185940892 ], [ 367478.836938752559945, 2757134.535921749658883 ], [ 367474.552974305232055, 2757150.007119444198906 ], [ 367473.280581037281081, 2757154.660771454218775 ], [ 367468.691992751788348, 2757164.82568300049752 ], [ 367466.240853185183369, 2757178.381263089366257 ], [ 367466.98041538905818, 2757180.740327212493867 ], [ 367468.5289944166434, 2757185.769011108204722 ], [ 367473.014577427587938, 2757216.23594477865845 ], [ 367484.335446864715777, 2757233.550326749682426 ], [ 367487.164454658690374, 2757237.113302234560251 ], [ 367494.713377683307044, 2757233.633773921523243 ], [ 367498.881412644521333, 2757232.729304402135313 ], [ 367508.180178486043587, 2757226.39840874215588 ], [ 367520.699305777205154, 2757224.371895196381956 ], [ 367536.064486972696614, 2757223.84515023464337 ], [ 367545.698973145917989, 2757218.569431620184332 ], [ 367556.268009969149716, 2757213.148139853030443 ], [ 367559.554440873733256, 2757211.950384150724858 ], [ 367566.810319816519041, 2757209.352467668242753 ], [ 367574.527544428245164, 2757204.994169226847589 ], [ 367589.239857251523063, 2757206.044533608481288 ], [ 367612.294225798221305, 2757211.223757131956518 ], [ 367628.001761044666637, 2757231.879442336503416 ], [ 367632.489040123298764, 2757239.781180793885142 ], [ 367634.311390599701554, 2757243.053852639626712 ], [ 367635.663471246487461, 2757244.836842691060156 ], [ 367643.005136228166521, 2757254.613302920479327 ], [ 367647.52644299028907, 2757258.38892448367551 ], [ 367650.647066956153139, 2757261.007577666081488 ], [ 367665.264824032725301, 2757263.435303509235382 ], [ 367683.861799992853776, 2757253.586307130753994 ], [ 367704.558823535917327, 2757239.75300908787176 ], [ 367710.661231905920431, 2757235.867887737229466 ], [ 367738.457476356532425, 2757218.002470907289535 ], [ 367765.070452340762131, 2757211.66442217072472 ], [ 367793.600263914093375, 2757207.221725559327751 ], [ 367801.415102684870362, 2757218.612856767140329 ], [ 367809.336052418802865, 2757234.815007463563234 ], [ 367816.398397498298436, 2757246.097763256635517 ], [ 367820.489814477739856, 2757255.883460834156722 ], [ 367828.693758928216994, 2757273.579326825216413 ], [ 367835.729304656444583, 2757286.487811498809606 ], [ 367841.862416758085601, 2757300.979059557896107 ], [ 367845.088426159112714, 2757314.034210023470223 ], [ 367849.151832631963771, 2757325.383290822152048 ], [ 367852.324781996780075, 2757358.691996734589338 ], [ 367856.555079134879634, 2757377.600375388283283 ], [ 367857.320839717751369, 2757381.146514284424484 ], [ 367860.789700259105302, 2757396.696667305659503 ], [ 367864.415884248097427, 2757416.556170861702412 ], [ 367875.380162890825886, 2757423.377329895272851 ], [ 367887.170161276706494, 2757430.805579770356417 ], [ 367899.164362539770082, 2757438.979036967735738 ], [ 367907.257184049696662, 2757448.801336781587452 ], [ 367911.458800804801285, 2757463.585322677623481 ], [ 367913.291928794118576, 2757470.170539160259068 ], [ 367916.455138521094341, 2757486.039965416304767 ], [ 367916.704552132054232, 2757497.348128134850413 ], [ 367909.215582641656511, 2757509.202256536111236 ], [ 367901.296744542196393, 2757515.752743851859123 ], [ 367899.270989707263652, 2757517.422624468803406 ], [ 367891.290966191096231, 2757524.036949017085135 ], [ 367889.325418404710945, 2757531.26877551805228 ], [ 367892.229761155438609, 2757541.080647937487811 ], [ 367907.983639457845129, 2757577.986809007357806 ], [ 367910.819213643553667, 2757584.674794908147305 ], [ 367876.836596300825477, 2757602.614407060667872 ], [ 367869.699545141425915, 2757627.586943949107081 ], [ 367873.674455795320682, 2757654.752249618992209 ], [ 367893.539929491700605, 2757659.876766766421497 ], [ 367899.050588784797583, 2757657.504923035390675 ], [ 367912.045521587249823, 2757657.218028126750141 ], [ 367913.838057419285178, 2757656.303426229394972 ], [ 367919.048891604994424, 2757654.500663776416332 ], [ 367932.558337208814919, 2757649.201867540832609 ], [ 367935.099090237752534, 2757648.208187320735306 ], [ 367942.985047709080391, 2757648.659171084873378 ], [ 367963.761669248575345, 2757649.763089108280838 ], [ 367969.489732346031815, 2757651.5744489277713 ], [ 367977.623982435208745, 2757651.957385100889951 ], [ 367986.913742519798689, 2757659.378085279837251 ], [ 368005.136691605555825, 2757663.726320322137326 ], [ 368023.359525872627273, 2757668.074469281360507 ], [ 368034.815393811266404, 2757674.509791327640414 ], [ 368063.610211496416014, 2757690.563306658528745 ], [ 368065.521692599868402, 2757692.208824155386537 ], [ 368099.432585471775383, 2757738.965194803662598 ], [ 368110.133836381253786, 2757759.356161471921951 ], [ 368115.351147808367386, 2757769.179513357579708 ], [ 368104.343844469520263, 2757791.549784288741648 ], [ 368099.235149263346102, 2757797.975910468026996 ], [ 368066.923749877489172, 2757809.502934047020972 ], [ 368062.811425062012859, 2757810.09359517134726 ], [ 368023.1147256558761, 2757824.033900224138051 ], [ 368000.22460845898604, 2757846.103992579970509 ], [ 368006.583216386439744, 2757876.466975052841008 ], [ 368010.523285601520911, 2757904.882975438609719 ], [ 368010.815804853802547, 2757918.127747026272118 ], [ 368006.157880484999623, 2757927.981811335776001 ], [ 367998.090702876332216, 2757933.472857892978936 ], [ 367995.122254651330877, 2757934.913559072650969 ], [ 367984.819154858239926, 2757935.391132099088281 ], [ 367972.108912375406362, 2757934.421469465829432 ], [ 367968.256499450770207, 2757932.631385673303157 ], [ 367959.288364883861504, 2757928.45399480080232 ], [ 367939.859590273932554, 2757909.130864684935659 ], [ 367924.351051539939363, 2757903.160160598345101 ], [ 367911.553903424646705, 2757898.254547298885882 ], [ 367886.457340147113428, 2757902.496560261584818 ], [ 367870.601898091728799, 2757906.284582333173603 ], [ 367861.351767087238841, 2757911.989454051479697 ], [ 367860.323445139802061, 2757939.014766551554203 ], [ 367866.489534161519259, 2757974.820140465162694 ], [ 367866.047131710220128, 2757980.267975403461605 ], [ 367867.153055320610292, 2757985.056629943661392 ], [ 367867.438467743690126, 2757997.989142101723701 ], [ 367867.506690782727674, 2758026.553049830719829 ], [ 367869.593328734394163, 2758036.133226346224546 ], [ 367900.319963159272447, 2758040.580199944786727 ], [ 367918.751282661687583, 2758043.048634475562721 ], [ 367925.481126133177895, 2758050.58829032164067 ], [ 367931.733415420050733, 2758064.826671883929521 ], [ 367934.984869572741445, 2758076.193777450360358 ], [ 367935.228044405463152, 2758084.376900397241116 ], [ 367933.420602979022078, 2758101.605977106839418 ], [ 367918.023971323331352, 2758120.510471126530319 ], [ 367914.05717940418981, 2758122.035674549639225 ], [ 367899.377511779195629, 2758125.297784165013582 ], [ 367891.415244673844427, 2758127.036124768666923 ], [ 367830.415945498272777, 2758130.195671857334673 ], [ 367798.17178510670783, 2758136.283149318769574 ], [ 367786.452114048530348, 2758140.542469201143831 ], [ 367782.110541518137325, 2758142.075975003652275 ], [ 367773.546293960651383, 2758147.702981600072235 ], [ 367766.708088982850313, 2758152.229605640284717 ], [ 367761.170703885611147, 2758156.227238061837852 ], [ 367753.400388238660526, 2758163.837235818151385 ], [ 367751.93261691997759, 2758165.307278965599835 ], [ 367747.174302992527373, 2758167.78757387958467 ], [ 367737.274266452644952, 2758175.194270680192858 ], [ 367725.584155946504325, 2758186.453624816145748 ], [ 367722.647417420172133, 2758189.331373441033065 ], [ 367714.386810816358775, 2758197.389592243358493 ], [ 367712.849157694145106, 2758212.67521517444402 ], [ 367711.927784359781072, 2758219.071325324475765 ], [ 367710.365968829253688, 2758238.920357353053987 ], [ 367710.164320469484664, 2758241.112514935433865 ], [ 367710.448932084080297, 2758251.169910752214491 ], [ 367711.899082232324872, 2758265.889446972869337 ], [ 367711.425290741666686, 2758278.401213609613478 ], [ 367722.385904784197919, 2758330.352396365720779 ], [ 367722.277075623220298, 2758333.917706548701972 ], [ 367724.395611421554349, 2758344.934628127142787 ], [ 367723.777478685369715, 2758356.574580991175026 ], [ 367725.038905097346287, 2758371.235797816421837 ], [ 367724.574680983205326, 2758384.184961889404804 ], [ 367724.916052640241105, 2758405.304633526131511 ], [ 367725.060548980836757, 2758414.677354871295393 ], [ 367725.366704837942962, 2758420.046324421186 ], [ 367728.66162979893852, 2758436.225239526480436 ], [ 367729.115348390536383, 2758448.2790576829575 ], [ 367737.383319108630531, 2758477.349623426795006 ], [ 367741.36409381730482, 2758493.451044788584113 ], [ 367741.009600456804037, 2758497.209225219674408 ], [ 367741.931113715167157, 2758499.31413296610117 ], [ 367747.909864251036197, 2758506.807887714356184 ], [ 367754.476524512865581, 2758518.289199511054903 ], [ 367760.253763690008782, 2758525.162227356340736 ], [ 367767.415073462296277, 2758535.255236725322902 ], [ 367771.193621617101599, 2758539.35989855369553 ], [ 367774.525008926750161, 2758543.036698577459902 ], [ 367787.637929953983985, 2758553.748303216416389 ], [ 367798.691915631818119, 2758564.630389580503106 ], [ 367800.361620759125799, 2758569.468986336141825 ], [ 367799.595427603810094, 2758597.051351526286453 ], [ 367799.449163671699353, 2758601.742642301134765 ], [ 367789.59546591702383, 2758625.400204386096448 ], [ 367791.170512798125856, 2758640.116994793061167 ], [ 367798.380895289825276, 2758666.585697481874377 ], [ 367803.912700780318119, 2758701.967332839500159 ], [ 367806.663178165035788, 2758721.783776522614062 ], [ 367811.820553008001298, 2758734.546191258821636 ], [ 367816.069763826322742, 2758748.641344383824617 ], [ 367860.302136510959826, 2758792.919355362188071 ], [ 367889.891552152635995, 2758827.957203015685081 ], [ 367901.967624006676488, 2758837.004024538677186 ], [ 367910.468330512172543, 2758839.816567827016115 ], [ 367939.212133780238219, 2758833.743578472174704 ], [ 367971.855484659899957, 2758811.770550091285259 ], [ 368016.254224215866998, 2758787.162344156764448 ], [ 368063.276433337305207, 2758776.62294585397467 ], [ 368088.176936253090389, 2758763.509235389064997 ], [ 368091.823120404384099, 2758761.616009717807174 ], [ 368101.399213213415351, 2758756.528917734045535 ], [ 368110.049325746367685, 2758751.962541975080967 ], [ 368145.170223746681586, 2758734.622560049872845 ], [ 368168.472932806937024, 2758719.918946273624897 ], [ 368189.460050871013664, 2758713.579696126282215 ], [ 368210.758268683392089, 2758707.171368714887649 ], [ 368248.533702542772517, 2758688.335205960087478 ], [ 368250.6469537866069, 2758687.788594798650593 ], [ 368255.679987901356071, 2758686.427239130716771 ], [ 368269.287346437573433, 2758685.564130454789847 ], [ 368283.703008254175074, 2758681.682912807445973 ], [ 368294.379625542555004, 2758681.134607734624296 ], [ 368302.135309939738363, 2758678.525596406310797 ], [ 368305.982607536483556, 2758677.252951273228973 ], [ 368319.495810604770668, 2758674.954396248329431 ], [ 368336.907556241494603, 2758670.881996729876846 ], [ 368357.954973044455983, 2758661.60384382493794 ], [ 368368.595517017063685, 2758659.431035791989416 ], [ 368379.297255536192097, 2758657.194407121278346 ], [ 368397.72940354491584, 2758654.037223596125841 ], [ 368416.345949591719545, 2758653.563586133997887 ], [ 368441.609941003494896, 2758651.255448825191706 ], [ 368456.51702097535599, 2758649.800918576307595 ], [ 368474.797567813599017, 2758648.27208377700299 ], [ 368512.174651394947432, 2758648.196867486461997 ], [ 368544.375501514761709, 2758642.985186911653727 ], [ 368567.169549372571055, 2758642.044204757548869 ], [ 368576.898868131509516, 2758643.892107974272221 ], [ 368590.793223527027294, 2758644.710511432029307 ], [ 368602.600825602654368, 2758647.262538592331111 ], [ 368620.315633046673611, 2758651.246676410548389 ], [ 368635.818913911585696, 2758654.154750965535641 ], [ 368653.832329224736895, 2758657.507197180762887 ], [ 368665.508217703434639, 2758656.936877901200205 ], [ 368682.263937825220637, 2758659.941997658926994 ], [ 368686.15535073238425, 2758660.668633413966745 ], [ 368709.015634441340808, 2758662.726753793656826 ], [ 368711.708949170075357, 2758662.979750768747181 ], [ 368719.351714032702148, 2758663.748577188700438 ], [ 368725.50327345833648, 2758664.925416446756572 ], [ 368730.129289842501748, 2758664.948156110942364 ], [ 368745.380278553231619, 2758664.924057271331549 ], [ 368755.152313362341374, 2758668.708471089135855 ], [ 368766.923458248085808, 2758672.448957522865385 ], [ 368778.742137251771055, 2758675.500759546644986 ], [ 368781.125973080750555, 2758675.885650618001819 ], [ 368789.434853756916709, 2758678.514940654858947 ], [ 368793.328862655325793, 2758679.366514455061406 ], [ 368805.516426617337856, 2758684.973058816511184 ], [ 368818.092980884830467, 2758688.383141258265823 ], [ 368820.511340229480993, 2758690.329925847705454 ], [ 368828.330060015374329, 2758693.407504653558135 ], [ 368830.327395614644047, 2758696.113785149995238 ], [ 368838.976441564853303, 2758699.985748470295221 ], [ 368846.299387636128813, 2758703.261789992917329 ], [ 368862.902957202342805, 2758710.708354563452303 ], [ 368869.900406050146557, 2758719.054617689922452 ], [ 368916.69963110552635, 2758774.83926575165242 ], [ 368922.364025078597479, 2758785.090118626598269 ], [ 368925.635072583099827, 2758794.518994275480509 ], [ 368931.942179701698478, 2758805.568242356181145 ], [ 368939.156938823405653, 2758818.097605868708342 ], [ 368948.474718865531031, 2758835.268499013967812 ], [ 368953.302031076978892, 2758844.412820437923074 ], [ 368960.083894269424491, 2758857.139377240557224 ], [ 368970.402469081745949, 2758874.350673537235707 ], [ 368975.680676017364021, 2758886.922808203380555 ], [ 368987.225968449609354, 2758908.732625120319426 ], [ 368993.567485337029211, 2758921.343674565199763 ], [ 369000.806209751928691, 2758932.122335167601705 ], [ 369004.077375687716994, 2758941.551225320901722 ], [ 369015.080575358762871, 2758967.123311615549028 ], [ 369016.374329113517888, 2758969.094711335841566 ], [ 369021.55475107091479, 2758985.732104579452425 ], [ 369027.650229713588487, 2759001.349003735929728 ], [ 369036.228862964606378, 2759021.849027476739138 ], [ 369042.602287131419871, 2759035.897185527253896 ], [ 369049.702867724117823, 2759051.741846933029592 ], [ 369053.474940646032337, 2759061.222007197793573 ], [ 369060.690961830376182, 2759076.626644430682063 ], [ 369064.889458291116171, 2759085.597355841659009 ], [ 369083.383887258125469, 2759124.880256242118776 ], [ 369087.973456617619377, 2759137.405062249861658 ], [ 369095.957764221937396, 2759159.293470665346831 ], [ 369102.276477952837013, 2759176.530513065401465 ], [ 369103.073151891934685, 2759178.638242275454104 ], [ 369113.647443808265962, 2759193.281079551205039 ], [ 369119.522988376556896, 2759204.589923669584095 ], [ 369136.79429633624386, 2759222.460211248602718 ], [ 369158.398126362124458, 2759224.233082076534629 ], [ 369172.522625932469964, 2759226.984091692604125 ], [ 369177.023653816897422, 2759227.009493089281023 ], [ 369183.775300132692792, 2759227.047984600998461 ], [ 369195.431851550762076, 2759225.602969187777489 ], [ 369223.606123280420434, 2759222.042725033126771 ], [ 369291.168678659887519, 2759218.925361141096801 ], [ 369325.039224962703884, 2759215.73944512475282 ], [ 369327.908874680404551, 2759215.48848689859733 ], [ 369336.139150229806546, 2759214.556475964840502 ], [ 369340.49855569715146, 2759213.835122958291322 ], [ 369375.371714808687102, 2759207.939436598215252 ], [ 369405.76039532024879, 2759202.767801726702601 ], [ 369411.55829085141886, 2759202.077076848130673 ], [ 369416.431186002329923, 2759201.969542549923062 ], [ 369466.279840917210095, 2759200.55591085832566 ], [ 369572.45227794488892, 2759196.585637766867876 ], [ 369701.639150361646898, 2759212.983952065464109 ], [ 369713.297411939362064, 2759220.102016458287835 ], [ 369723.230521434918046, 2759222.695483750663698 ], [ 369737.402007265540306, 2759227.570367373991758 ], [ 369756.822128971223719, 2759238.017390931025147 ], [ 369763.192924860224593, 2759240.626995427533984 ], [ 369773.67969777242979, 2759245.645779013633728 ], [ 369782.903063757636119, 2759250.067519092466682 ], [ 369787.01794195570983, 2759252.414353983476758 ], [ 369797.536515402956866, 2759258.870132460258901 ], [ 369810.7176657289383, 2759267.017248863354325 ], [ 369849.83896714070579, 2759292.155564559157938 ], [ 369879.524821165134199, 2759320.25252513634041 ], [ 369882.063799811527133, 2759322.009057994000614 ], [ 369889.558370022510644, 2759330.219281200319529 ], [ 369908.700179771170951, 2759345.047881012782454 ], [ 369926.840942563954741, 2759359.83604924660176 ], [ 369936.58836085756775, 2759370.996619262732565 ], [ 369950.609864147962071, 2759386.063448794651777 ], [ 369953.225217447441537, 2759388.443378844298422 ], [ 369969.936018308799248, 2759403.575654969550669 ], [ 369976.027230507053901, 2759410.504269903991371 ], [ 369982.374907686142251, 2759417.739686114247888 ], [ 370001.015849000541493, 2759441.017511288169771 ], [ 370008.189419095229823, 2759451.672670360188931 ], [ 370021.951388970424887, 2759466.307419922202826 ], [ 370028.031044553034008, 2759475.54896862572059 ], [ 370033.336277024471201, 2759483.682547860313207 ], [ 370038.876079273526557, 2759491.123453968670219 ], [ 370049.086656973755453, 2759506.274226520676166 ], [ 370055.191681463853456, 2759513.827515694778413 ], [ 370068.531174768169876, 2759531.972064848989248 ], [ 370074.76236314419657, 2759539.585192843805999 ], [ 370082.940700525708962, 2759553.280750007368624 ], [ 370091.177630910184234, 2759563.974716412834823 ], [ 370101.452093323227018, 2759579.186609110794961 ], [ 370114.699004276888445, 2759593.145283419638872 ], [ 370118.230474565643817, 2759597.380252760369331 ], [ 370120.991890416305978, 2759606.382469312287867 ], [ 370130.435648971761111, 2759626.425665035378188 ], [ 370133.70399377529975, 2759635.729322512168437 ], [ 370137.971817218756769, 2759645.010999746154994 ], [ 370137.34419619635446, 2759656.213360140565783 ], [ 370137.948466282046866, 2759675.076663699932396 ], [ 370138.389494167291559, 2759689.380699530243874 ], [ 370133.891245894017629, 2759700.793605049606413 ], [ 370126.388994144857861, 2759709.210112126078457 ], [ 370116.984473892836832, 2759719.231330557260662 ], [ 370107.290112766553648, 2759727.446105230599642 ], [ 370055.516517502896022, 2759757.717575194314122 ], [ 370031.158760040183552, 2759775.569802864454687 ], [ 370016.630300319986418, 2759782.828903429210186 ], [ 370007.1567108547315, 2759789.726325222291052 ], [ 369994.583717381465249, 2759792.12942654453218 ], [ 369986.012722742045298, 2759797.444132398348302 ], [ 369974.595707150932867, 2759804.07192991534248 ], [ 369944.655089862470049, 2759812.546509203966707 ], [ 369927.511431370978244, 2759817.425782005768269 ], [ 369914.767774598265532, 2759817.769852632191032 ], [ 369902.16020549822133, 2759818.610934886150062 ], [ 369889.551236872910522, 2759819.389575730543584 ], [ 369876.879876761580817, 2759820.169484875164926 ], [ 369866.203457698691636, 2759820.717931203078479 ], [ 369860.400109701906331, 2759821.158663611859083 ], [ 369851.663243239163421, 2759821.789278979878873 ], [ 369840.98962674109498, 2759822.462651181500405 ], [ 369826.443910586764105, 2759823.283991124480963 ], [ 369812.839477959729265, 2759824.272178999148309 ], [ 369796.4236083724536, 2759825.322408725507557 ], [ 369780.943619256839156, 2759826.289452750235796 ], [ 369770.27130576845957, 2759827.025223586708307 ], [ 369753.862104201456532, 2759831.200754340738058 ], [ 369736.579522382235155, 2759835.457812425680459 ], [ 369723.095781200099736, 2759836.255772375036031 ], [ 369712.438792243774515, 2759837.678905847016722 ], [ 369656.166322369361296, 2759851.048253948800266 ], [ 369466.232012192253023, 2759860.495104601141065 ], [ 369376.572074471565429, 2759867.788896856829524 ], [ 369302.896775554516353, 2759879.98016741219908 ], [ 369260.215450197458267, 2759908.7383500225842 ], [ 369254.72652481298428, 2759914.922598618548363 ], [ 369247.544541671872139, 2759926.520036186557263 ], [ 369240.301480641879607, 2759938.181081137619913 ], [ 369234.188056191895157, 2759952.880033390130848 ], [ 369227.943282482214272, 2759964.456694210879505 ], [ 369222.802845283644274, 2759980.759316412266344 ], [ 369217.088176498422399, 2760005.012852043844759 ], [ 369212.980514779104851, 2760022.792863852344453 ], [ 369209.776947155420203, 2760039.052872995380312 ], [ 369210.343030621414073, 2760053.354193088598549 ], [ 369210.946309290942736, 2760069.342308945488185 ], [ 369211.380722883273847, 2760080.521447749808431 ], [ 369214.719593712245114, 2760093.011369074694812 ], [ 369218.124857946007978, 2760105.687282070051879 ], [ 369224.603231435874477, 2760124.483513184357435 ], [ 369229.308254710165784, 2760136.568218007218093 ], [ 369233.08747367822798, 2760146.36079308623448 ], [ 369236.393128014693502, 2760157.351284848991781 ], [ 369243.568077863834333, 2760168.068851118907332 ], [ 369247.846865506202448, 2760180.662896708119661 ], [ 369250.927638511988334, 2760189.970933182630688 ], [ 369255.198532312526368, 2760199.377490314655006 ], [ 369259.34153072279878, 2760208.661775019019842 ], [ 369264.484067742188927, 2760217.924013361334801 ], [ 369272.568415205169003, 2760230.184172779321671 ], [ 369282.61444018187467, 2760240.713117997162044 ], [ 369288.732694676378742, 2760251.704158893786371 ], [ 369291.914807337685488, 2760262.759856786578894 ], [ 369297.127970618894324, 2760275.208333213347942 ], [ 369303.215582465694752, 2760287.637509621214122 ], [ 369305.434124703693669, 2760300.339817277155817 ], [ 369311.57108596683247, 2760317.83086304506287 ], [ 369316.791983342438471, 2760333.467058902606368 ], [ 369319.910266163176857, 2760344.461679431609809 ], [ 369328.139318505884148, 2760363.28168869484216 ], [ 369332.30377434840193, 2760379.1912274165079 ], [ 369339.424320196325425, 2760393.097695767413825 ], [ 369340.770669229561463, 2760405.944219459313899 ], [ 369345.855006629717536, 2760415.395324054174125 ], [ 369352.700004177982919, 2760433.808549575507641 ], [ 369369.335648105945438, 2760496.446928570512682 ], [ 369382.473330390697811, 2760527.296354989055544 ], [ 371493.895318248018157, 2760527.296354989055544 ] ] ], [ [ [ 366180.484116974635981, 2750527.296354989055544 ], [ 366181.984119588392787, 2750530.874627325218171 ], [ 366184.883343935420271, 2750543.31217156490311 ], [ 366185.677151560666971, 2750545.29507690295577 ], [ 366187.714568709256127, 2750555.501286522485316 ], [ 366186.530162709765136, 2750569.841674647759646 ], [ 366188.133942384971306, 2750583.057915248442441 ], [ 366189.165489719831385, 2750604.350087356753647 ], [ 366191.674096702598035, 2750633.110816932749003 ], [ 366190.551586904039141, 2750650.262374660931528 ], [ 366190.412114874576218, 2750660.95448251394555 ], [ 366190.306049100589007, 2750670.332806749735028 ], [ 366189.497534439549781, 2750687.540013736579567 ], [ 366189.168272391078062, 2750695.298371455166489 ], [ 366188.730186320492066, 2750706.621814548503608 ], [ 366188.2096098162001, 2750719.884849073830992 ], [ 366186.847126694978215, 2750743.167443367652595 ], [ 366186.625576818711124, 2750747.297928301151842 ], [ 366186.381133622024208, 2750761.742485519032925 ], [ 366186.202832308597863, 2750779.185902575962245 ], [ 366184.259929582418408, 2750795.980721085332334 ], [ 366184.382337772869505, 2750815.730373857542872 ], [ 366184.552649673598353, 2750831.978553796187043 ], [ 366184.863738554879092, 2750846.098400687333196 ], [ 366187.918521147570573, 2750851.406710566952825 ], [ 366189.770125450391788, 2750853.178529689554125 ], [ 366197.18149827036541, 2750860.453824484720826 ], [ 366193.945690218592063, 2750863.962922694627196 ], [ 366195.601263201679103, 2750868.176942601799965 ], [ 366197.661022776563186, 2750885.071069177705795 ], [ 366202.190840432129335, 2750894.910037436988205 ], [ 366203.402229391620494, 2750904.509362034499645 ], [ 366203.6923407666618, 2750912.00408049300313 ], [ 366199.868926009046845, 2750925.714675911236554 ], [ 366194.873670858913101, 2750931.637869973666966 ], [ 366183.599000762915239, 2750944.762806920800358 ], [ 366170.747350569174159, 2750948.733793394640088 ], [ 366157.734076072112657, 2750956.708877395372838 ], [ 366146.456800400512293, 2750961.20783578325063 ], [ 366134.935849081957713, 2750968.837266255635768 ], [ 366129.164952183375135, 2750973.590137859806418 ], [ 366126.891786371183116, 2750975.390333804301918 ], [ 366120.089877696882468, 2750984.416141472291201 ], [ 366113.214319534890819, 2750992.943712135776877 ], [ 366123.510046296403743, 2751037.534744301345199 ], [ 366128.843796910136007, 2751046.980658709071577 ], [ 366133.901054445654154, 2751063.746384891215712 ], [ 366137.112016521743499, 2751073.301889617461711 ], [ 366144.961215490824543, 2751083.442592095118016 ], [ 366146.424184672243427, 2751093.099054992198944 ], [ 366146.930290764255915, 2751096.213253263849765 ], [ 366138.043011618370656, 2751104.222550147678703 ], [ 366120.565426443587057, 2751108.170367789454758 ], [ 366099.629639905877411, 2751111.194257985334843 ], [ 366084.011155250482261, 2751114.413752363063395 ], [ 366018.654898030683398, 2751121.291612097062171 ], [ 366005.163453707355075, 2751124.589061174541712 ], [ 365917.720466321101412, 2751147.517678717616946 ], [ 365898.340101653942838, 2751161.571252369787544 ], [ 365891.012179427139927, 2751197.799460972193629 ], [ 365893.735684765852056, 2751207.928182081319392 ], [ 365923.654665431473404, 2751289.216543904971331 ], [ 365949.10968341602711, 2751329.598225389141589 ], [ 365959.79421387903858, 2751346.427365847397596 ], [ 365963.682324203604367, 2751349.842102156486362 ], [ 365988.487975203839596, 2751380.611746733542532 ], [ 366003.09397037117742, 2751393.85430722637102 ], [ 366023.312180681270547, 2751412.161065361928195 ], [ 366040.998417313036043, 2751420.522536416072398 ], [ 366050.96617694129236, 2751424.678431333042681 ], [ 366118.883857467328198, 2751417.744154463987797 ], [ 366145.525526831625029, 2751409.843640197534114 ], [ 366154.42037409497425, 2751405.022384382784367 ], [ 366188.091634542332031, 2751381.402698699384928 ], [ 366190.655042264552321, 2751378.596011598128825 ], [ 366194.92654592206236, 2751373.876343241892755 ], [ 366203.963704554305878, 2751358.488021152559668 ], [ 366219.85709776787553, 2751333.697498836088926 ], [ 366236.261124860902783, 2751332.086001499556005 ], [ 366255.659688673098572, 2751344.410132874269038 ], [ 366266.075215390417725, 2751351.869015210773796 ], [ 366270.392571801960003, 2751354.899435274302959 ], [ 366279.659070722525939, 2751366.946722737047821 ], [ 366289.375203166913707, 2751379.546639983542264 ], [ 366299.764250281383283, 2751394.319488030858338 ], [ 366305.276400405971799, 2751400.511256120167673 ], [ 366311.558737575309351, 2751407.62390252482146 ], [ 366315.084389728843234, 2751411.609105320647359 ], [ 366321.108604178531095, 2751418.352232997771353 ], [ 366330.320123200188391, 2751427.900424922350794 ], [ 366332.735527093580458, 2751429.722381623461843 ], [ 366342.484608938510064, 2751429.632658138405532 ], [ 366358.184530134138186, 2751421.598292028065771 ], [ 366366.77243877062574, 2751417.033679510466754 ], [ 366370.67409385368228, 2751415.385056629776955 ], [ 366380.915513346088119, 2751412.096588556654751 ], [ 366387.556310896528885, 2751409.950102192349732 ], [ 366396.106464184413198, 2751406.511159742251039 ], [ 366390.095532091334462, 2751374.827654773835093 ], [ 366390.001936849323101, 2751370.579065484926105 ], [ 366389.608257672633044, 2751352.710696374531835 ], [ 366389.254296363098547, 2751345.155015464406461 ], [ 366388.458442728035152, 2751326.045429729856551 ], [ 366389.023287040530704, 2751311.968799467198551 ], [ 366382.328973291441798, 2751294.676741315051913 ], [ 366380.639137412421405, 2751288.900928499177098 ], [ 366376.86685069615487, 2751282.233149599749595 ], [ 366371.55360009544529, 2751268.035949196666479 ], [ 366370.092288604239002, 2751264.130253493320197 ], [ 366364.713865653029643, 2751249.809530376922339 ], [ 366363.176269871764816, 2751245.28024284588173 ], [ 366372.626899511262309, 2751231.632998842746019 ], [ 366383.980495823547244, 2751219.256598102860153 ], [ 366395.232120872300584, 2751210.757778884377331 ], [ 366397.013713170890696, 2751209.343400951009244 ], [ 366414.032198763336055, 2751195.904476996976882 ], [ 366429.273261797963642, 2751184.067419117316604 ], [ 366431.914444651745725, 2751181.94649472925812 ], [ 366435.331964178476483, 2751178.183272969909012 ], [ 366440.407923305290751, 2751170.258126873522997 ], [ 366444.470051173993852, 2751164.542885237373412 ], [ 366446.410149811534211, 2751161.812520712148398 ], [ 366451.201247964869253, 2751155.143683442380279 ], [ 366454.727271661977284, 2751150.627933063078672 ], [ 366469.464319544378668, 2751138.614286916796118 ], [ 366480.502622550819069, 2751134.620852645952255 ], [ 366494.888897742494009, 2751135.053991437889636 ], [ 366508.811295705439989, 2751142.810859677847475 ], [ 366515.384061465971172, 2751148.916553348302841 ], [ 366522.229601106140763, 2751173.081175164319575 ], [ 366535.377521238755435, 2751208.108113540802151 ], [ 366535.667355415935162, 2751224.103596058674157 ], [ 366536.907594967400655, 2751243.516104503534734 ], [ 366537.83921194128925, 2751257.434664296917617 ], [ 366537.926799918466713, 2751264.246098211966455 ], [ 366537.953772965236567, 2751268.308375143446028 ], [ 366538.131776605499908, 2751282.056038048118353 ], [ 366543.13289625843754, 2751301.948194178752601 ], [ 366547.682442610617727, 2751309.848723885137588 ], [ 366563.614731749985367, 2751320.874164617620409 ], [ 366566.178824295522645, 2751320.942666677758098 ], [ 366577.246482816524804, 2751323.949364832602441 ], [ 366590.252719008829445, 2751324.162943094037473 ], [ 366602.730836182832718, 2751320.262519411277026 ], [ 366612.76104343845509, 2751315.916120355948806 ], [ 366622.191742433351465, 2751304.207041009329259 ], [ 366627.791975096566603, 2751291.707305063027889 ], [ 366634.546386008732952, 2751277.681905286386609 ], [ 366640.009883685503155, 2751247.620671512559056 ], [ 366639.109677333151922, 2751206.760697686113417 ], [ 366634.192492119735107, 2751162.301427718251944 ], [ 366630.225778271211311, 2751149.637469039764255 ], [ 366625.989537413814105, 2751136.104251054581255 ], [ 366621.472641178639606, 2751124.014803022611886 ], [ 366616.721262023318559, 2751112.618083043955266 ], [ 366613.371123191143852, 2751105.253372734412551 ], [ 366611.854035017429851, 2751095.973419971298426 ], [ 366615.077259223675355, 2751091.901902404613793 ], [ 366627.443379286734853, 2751085.753917323425412 ], [ 366664.275183494377416, 2751100.631830998230726 ], [ 366666.579565573949367, 2751103.081358769442886 ], [ 366669.288727087492589, 2751106.897129275370389 ], [ 366683.873600538936444, 2751127.7032431056723 ], [ 366688.741803592769429, 2751138.72228045668453 ], [ 366693.326681561302394, 2751136.871098718140274 ], [ 366695.371767650125548, 2751136.075883354526013 ], [ 366704.045714163105004, 2751132.572152076754719 ], [ 366707.811315224796999, 2751130.426436486188322 ], [ 366715.956662997661624, 2751131.309567479416728 ], [ 366721.086630215053447, 2751131.509081768803298 ], [ 366736.051406951970421, 2751126.991497485432774 ], [ 366739.149913784873206, 2751128.610981761012226 ], [ 366741.866216535563581, 2751132.739028390496969 ], [ 366756.28021274425555, 2751154.299011642578989 ], [ 366759.529165910091251, 2751159.915449940599501 ], [ 366765.141936313360929, 2751176.356344693806022 ], [ 366773.516399083717261, 2751198.986911255866289 ], [ 366784.617810451774858, 2751220.557394817937165 ], [ 366795.402850206126459, 2751233.446229515597224 ], [ 366801.306367266224697, 2751240.379564698319882 ], [ 366808.963839205564, 2751250.337065817322582 ], [ 366818.129326734109782, 2751260.636387818492949 ], [ 366821.660972829558887, 2751262.058759299572557 ], [ 366826.686254559492227, 2751266.01107566524297 ], [ 366829.934399515623227, 2751254.563122066203505 ], [ 366831.834488811087795, 2751250.020789427682757 ], [ 366835.694578702677973, 2751240.809726514387876 ], [ 366838.606039278907701, 2751233.932283351197839 ], [ 366841.874327659606934, 2751226.234561806079 ], [ 366841.55501420260407, 2751211.739790343213826 ], [ 366844.59199109126348, 2751207.735033535398543 ], [ 366853.960495851293672, 2751201.715385092422366 ], [ 366864.808147101197392, 2751200.413817975670099 ], [ 366866.803215514053591, 2751200.182528133038431 ], [ 366874.599116700701416, 2751199.385749600827694 ], [ 366879.117960068106186, 2751200.223650802858174 ], [ 366889.813939430052415, 2751200.550577506888658 ], [ 366892.514212994952686, 2751201.116226415615529 ], [ 366898.542296082130633, 2751202.358524875715375 ], [ 366894.095911355514545, 2751184.954685826320201 ], [ 366887.203180703625549, 2751175.667679644189775 ], [ 366875.238899280142505, 2751157.491835844237357 ], [ 366856.641031962819397, 2751147.462829635478556 ], [ 366841.269112516078167, 2751139.175391940400004 ], [ 366830.245504745631479, 2751132.479873417876661 ], [ 366816.43151099793613, 2751123.970824981108308 ], [ 366802.949694941285998, 2751113.516576922032982 ], [ 366799.133663411601447, 2751110.537736783269793 ], [ 366794.633665569126606, 2751104.88632844761014 ], [ 366793.570076362113468, 2751090.658041995484382 ], [ 366794.978964769048616, 2751078.000488489866257 ], [ 366798.24793138296809, 2751067.489769074134529 ], [ 366801.402941157226451, 2751057.481657423544675 ], [ 366803.504736604110803, 2751050.747169037349522 ], [ 366800.463282142998651, 2751034.68740395270288 ], [ 366805.753959035442676, 2751022.319454308599234 ], [ 366808.075699594279286, 2751019.892911267466843 ], [ 366835.333788228104822, 2751025.793466147966683 ], [ 366855.755032726679929, 2751033.469518596306443 ], [ 366858.955095594283193, 2751034.024013995658606 ], [ 366867.638626641361043, 2751030.957453412003815 ], [ 366879.062482732988428, 2751035.956337181851268 ], [ 366877.094592263340019, 2751003.370897955261171 ], [ 366876.417818983201869, 2750992.509729447774589 ], [ 366886.131591932149604, 2750982.294657268095762 ], [ 366901.627613169024698, 2750979.203094877302647 ], [ 366918.834501917939633, 2750988.512416915036738 ], [ 366941.006434509297833, 2750990.524548941291869 ], [ 366943.574819297762588, 2750990.780482190661132 ], [ 366954.990504876535852, 2750995.404488148167729 ], [ 366960.719826749584172, 2750997.278579139150679 ], [ 366971.180141107761301, 2750995.422972115688026 ], [ 366982.709965264424682, 2750991.043649546336383 ], [ 366986.467760824074503, 2750980.022215858567506 ], [ 366986.671384628629312, 2750975.079533617477864 ], [ 366986.415694363764487, 2750969.147034391295165 ], [ 366995.503832064743619, 2750961.758604066446424 ], [ 366997.419645850080997, 2750949.402535936795175 ], [ 366997.207935406593606, 2750945.46908965241164 ], [ 366996.230890719511081, 2750929.488912671338767 ], [ 366994.67864308739081, 2750915.771612757351249 ], [ 366994.055196024943143, 2750887.469628192018718 ], [ 366995.973443967057392, 2750875.238581471145153 ], [ 366997.175892206956632, 2750867.398617522791028 ], [ 366997.612414000323042, 2750864.513746734708548 ], [ 366998.422922652331181, 2750858.745163391344249 ], [ 366998.85409841168439, 2750855.610257391817868 ], [ 367001.02834042860195, 2750840.810854861978441 ], [ 367001.121935778472107, 2750830.870156089309603 ], [ 367001.217245556181297, 2750812.491054696030915 ], [ 367002.167048000439536, 2750804.531591465696692 ], [ 367002.431304415862542, 2750802.338174080010504 ], [ 367003.011353994894307, 2750797.449781353119761 ], [ 367003.48812265903689, 2750793.563842156901956 ], [ 366998.744735790067352, 2750762.664908834733069 ], [ 367001.147650145343505, 2750749.735628433525562 ], [ 367002.401556884986348, 2750741.39455274771899 ], [ 367003.049388843821362, 2750736.754706419538707 ], [ 367003.317881939816289, 2750734.748536685947329 ], [ 367006.404754948569462, 2750710.302890711463988 ], [ 366997.794117893092334, 2750696.803431642241776 ], [ 366990.887016014195979, 2750675.515769054647535 ], [ 366989.356025524670258, 2750645.733448921702802 ], [ 366994.6101264753961, 2750628.866045612376183 ], [ 366992.259538571583107, 2750615.791317021008581 ], [ 366992.017571034957655, 2750610.483572512399405 ], [ 366991.911060681624804, 2750608.485678595956415 ], [ 366987.005728385294788, 2750595.77975797187537 ], [ 366982.938954562880099, 2750575.742108981125057 ], [ 366982.342043065698817, 2750554.315385346766561 ], [ 366981.979640168661717, 2750540.696904372889549 ], [ 366972.258082702406682, 2750527.847033319994807 ], [ 366971.843513414612971, 2750527.296354989055544 ], [ 366180.484116974635981, 2750527.296354989055544 ] ] ] ] } },
{ "type": "Feature", "properties": { "area_km2": 38.049564008488112, "block_id": "SYL-B004", "loss_pixels": 16.874509803921569, "plantation_ha": 0.0, "split": "val" }, "geometry": { "type": "Polygon", "coordinates": [ [ [ 371493.895318248018157, 2770527.296354989055544 ], [ 371493.895318248018157, 2760527.296354989055544 ], [ 369382.473330390697811, 2760527.296354989055544 ], [ 369413.902456319017801, 2760601.097082294523716 ], [ 369430.343416675459594, 2760632.29932283051312 ], [ 369435.480884867080022, 2760649.812451359350234 ], [ 369439.859333508764394, 2760664.092083144467324 ], [ 369445.077942609903403, 2760676.790531656239182 ], [ 369456.731160253693815, 2760703.47314027370885 ], [ 369467.056403378315736, 2760723.809333678334951 ], [ 369471.336748393136077, 2760736.465889104641974 ], [ 369478.453357071732171, 2760747.372290353290737 ], [ 369480.170959327311721, 2760768.523891336750239 ], [ 369505.861837960896082, 2760782.707484039943665 ], [ 369511.066902440041304, 2760791.968208862934262 ], [ 369515.212679587712046, 2760801.377686928492039 ], [ 369523.424564972461667, 2760813.759919383563101 ], [ 369528.568623380037025, 2760823.084583282005042 ], [ 369534.788299606472719, 2760835.823371510952711 ], [ 369541.827785548695829, 2760843.230970688629895 ], [ 369556.12075765512418, 2760864.917120454832911 ], [ 369562.264474464114755, 2760874.219876333139837 ], [ 369569.414294620044529, 2760886.625531541183591 ], [ 369579.967730276228394, 2760891.830103679094464 ], [ 369587.860758518916555, 2760901.094183018431067 ], [ 369595.68998688220745, 2760910.297071501612663 ], [ 369638.430654913419858, 2760960.607175482902676 ], [ 369641.733036439283751, 2760965.784739310387522 ], [ 369658.6300324088661, 2760992.163875984493643 ], [ 369674.556827587191947, 2761017.064247340429574 ], [ 369691.197048556699883, 2761043.136518825776875 ], [ 369701.712226205854677, 2761055.092684763018042 ], [ 369707.762826554069761, 2761065.834995790850371 ], [ 369717.847677812678739, 2761078.113245052285492 ], [ 369726.867543057829607, 2761090.290203942451626 ], [ 369733.911099989374634, 2761097.884920032694936 ], [ 369739.992312020913232, 2761107.189004867803305 ], [ 369754.984327354934067, 2761123.734368359670043 ], [ 369761.00452812446747, 2761133.102061558980495 ], [ 369771.085080223565456, 2761145.192987196147442 ], [ 369782.031040863192175, 2761154.014369614887983 ], [ 369790.007523470441811, 2761161.401328755076975 ], [ 369796.088769513415173, 2761170.705213828012347 ], [ 369814.042337652761489, 2761185.497359327506274 ], [ 369823.930384101870004, 2761194.529623648151755 ], [ 369840.856559291947633, 2761210.907067493069917 ], [ 369847.836106518807355, 2761218.440864097792655 ], [ 369861.784724566270597, 2761230.196292808745056 ], [ 369872.75872599624563, 2761237.454484697896987 ], [ 369887.583196362073068, 2761249.252790035679936 ], [ 369897.558902657823637, 2761256.595682606566697 ], [ 369909.512507130159065, 2761268.582527666818351 ], [ 369916.55187368177576, 2761275.990080095361918 ], [ 369924.476674441015348, 2761286.690982134081423 ], [ 369930.520561817917041, 2761294.30812682537362 ], [ 369937.534834823280107, 2761303.403961383271962 ], [ 369945.352176495827734, 2761317.732603639364243 ], [ 369957.830415718955919, 2761342.146550680976361 ], [ 369959.697397405630909, 2761344.605339948553592 ], [ 369960.172447297431063, 2761366.096824791748077 ], [ 369982.148710129375104, 2761435.617354240268469 ], [ 369991.926789433869999, 2761482.092988738790154 ], [ 369991.336446674133185, 2761520.422096808440983 ], [ 370002.817526280530728, 2761547.795971137005836 ], [ 370007.700782640953548, 2761567.939931692555547 ], [ 370009.439051484805532, 2761590.028483137488365 ], [ 370009.867614827991929, 2761617.896533295977861 ], [ 370010.859291303844657, 2761651.440257037058473 ], [ 370007.435355147521477, 2761677.518380729015917 ], [ 370004.204488073126413, 2761703.842325716279447 ], [ 370000.677325296099298, 2761722.421690625138581 ], [ 369993.564093566150405, 2761754.0820517311804 ], [ 369987.058516593824606, 2761776.477879484649748 ], [ 369982.13335368729895, 2761808.152265035081655 ], [ 369977.083775088074617, 2761834.203746987972409 ], [ 369972.345603611785918, 2761880.000217866618186 ], [ 369970.788516871922184, 2761900.036395041272044 ], [ 369969.978225113416556, 2761919.931248366832733 ], [ 369965.806335350498557, 2761943.275614293292165 ], [ 369965.892069343768526, 2761947.149163525551558 ], [ 369961.346891919965856, 2761956.437903203535825 ], [ 369949.852068717416842, 2761976.50628801016137 ], [ 369940.273720278113615, 2761989.96926294406876 ], [ 369932.56600608502049, 2762000.390839634463191 ], [ 369923.046319733606651, 2762010.852110032457858 ], [ 369915.427673340425827, 2762019.646396797150373 ], [ 369903.883977075456642, 2762029.027314122300595 ], [ 369896.754244201292749, 2762034.498047668486834 ], [ 369891.530835231300443, 2762038.551384875085205 ], [ 369880.973313069320284, 2762044.472788745071739 ], [ 369868.622800654149614, 2762054.121790012344718 ], [ 369856.25773216894595, 2762060.270821960642934 ], [ 369843.22361848683795, 2762064.434270808007568 ], [ 369841.330916738021187, 2762066.476325167808682 ], [ 369832.378444798057899, 2762071.4870541007258 ], [ 369821.951340784609783, 2762077.65580425132066 ], [ 369807.621649982989766, 2762082.5980339278467 ], [ 369789.693134826375172, 2762091.557726525701582 ], [ 369778.397026998456568, 2762097.995713900774717 ], [ 369763.076072969590314, 2762103.334841046482325 ], [ 369747.080034115817398, 2762112.064232368022203 ], [ 369727.281250059313606, 2762121.252896381076425 ], [ 369716.786442604381591, 2762124.36018393188715 ], [ 369704.41749419667758, 2762127.508897037710994 ], [ 369682.693045380408876, 2762137.240154773462564 ], [ 369668.466096586722415, 2762143.992757726460695 ], [ 369660.06605233787559, 2762148.553995178081095 ], [ 369642.998618426499888, 2762154.056854012887925 ], [ 369634.890363931772299, 2762157.673901717644185 ], [ 369631.60939198709093, 2762159.121479444671422 ], [ 369616.550617104338016, 2762167.83037138544023 ], [ 369597.56264455022756, 2762176.938526365440339 ], [ 369588.19759682577569, 2762183.083620816934854 ], [ 369572.175132610660512, 2762193.438829999417067 ], [ 369560.853681092965417, 2762201.564844307489693 ], [ 369529.34750872530276, 2762218.388096272479743 ], [ 369516.95701045950409, 2762226.225400480441749 ], [ 369508.436045411101077, 2762233.789388327859342 ], [ 369489.119189715886023, 2762242.154669838957489 ], [ 369485.920073063287418, 2762244.475705326069146 ], [ 369473.678233267390169, 2762253.372349738609046 ], [ 369458.997294431668706, 2762259.385004121344537 ], [ 369439.320646442531142, 2762268.445795017760247 ], [ 369418.488655987079255, 2762278.969868815504014 ], [ 369403.415042216365691, 2762284.178803490009159 ], [ 369385.22233120247256, 2762295.332005996722728 ], [ 369368.959769724926446, 2762303.317243507131934 ], [ 369348.604371537163388, 2762312.768194741103798 ], [ 369334.327526726643555, 2762317.271953699178994 ], [ 369321.845241394359618, 2762326.611294258851558 ], [ 369312.462584327789955, 2762329.131364292930812 ], [ 369299.425872241437901, 2762330.357339818030596 ], [ 369283.702576458570547, 2762334.45529907848686 ], [ 369272.642266162903979, 2762340.263045573141426 ], [ 369254.086492528556846, 2762346.298845971934497 ], [ 369235.685186212416738, 2762348.018342800904065 ], [ 369065.444808527594432, 2762490.546400244347751 ], [ 368947.379100907593966, 2762587.041568525135517 ], [ 368933.362287167808972, 2762600.477806246839464 ], [ 368927.029251167492475, 2762608.056139166932553 ], [ 368916.948957090266049, 2762615.779768007807434 ], [ 368905.909497151267715, 2762622.524635667912662 ], [ 368893.078593384590931, 2762633.059369915165007 ], [ 368886.662432727171108, 2762639.701960267964751 ], [ 368878.30670584528707, 2762646.262334693223238 ], [ 368876.036865924717858, 2762645.374974777456373 ], [ 368831.279515295929741, 2762681.99323819950223 ], [ 368741.520872984197922, 2762803.553032918367535 ], [ 368732.53983300505206, 2762815.752705042716116 ], [ 368729.687519820407033, 2762819.628736146725714 ], [ 368718.702877420815639, 2762834.498147399164736 ], [ 368715.786201400740538, 2762843.938559859525412 ], [ 368710.882688575482462, 2762856.798368077259511 ], [ 368711.623799562919885, 2762859.219718361273408 ], [ 368711.526901313336566, 2762868.972901517990977 ], [ 368711.303550851647742, 2762881.479162645991892 ], [ 368713.145608786959201, 2762896.939888015389442 ], [ 368712.013004412001465, 2762907.903605722822249 ], [ 368711.730904501979239, 2762923.411388637963682 ], [ 368717.489005188108422, 2762943.53609034512192 ], [ 368725.496256293146871, 2762949.484612951055169 ], [ 368734.382117108034436, 2762958.41404603375122 ], [ 368745.43629995721858, 2762957.982130038086325 ], [ 368758.41102911561029, 2762965.258326640818268 ], [ 368771.437780082400423, 2762966.407963078469038 ], [ 368782.505105343298055, 2762972.226292931009084 ], [ 368798.554291204782203, 2762971.558712827041745 ], [ 368816.607191908347886, 2762971.03443651786074 ], [ 368836.802444768487476, 2762965.649811237119138 ], [ 368857.842059821821749, 2762961.684121330734342 ], [ 368868.879468000261113, 2762960.50253114849329 ], [ 368912.008088261645753, 2762963.299000791274011 ], [ 369140.919008856406435, 2762958.236227695830166 ], [ 369172.594198458536994, 2762957.535735038109124 ], [ 369181.940292695187964, 2762973.143107441719621 ], [ 369180.500554220168851, 2762984.363556110300124 ], [ 369211.352376179420389, 2763025.560301174875349 ], [ 369208.507778145838529, 2763049.56308222329244 ], [ 369209.251599784649443, 2763052.109362371265888 ], [ 369212.179956048203167, 2763062.983173622749746 ], [ 369217.196429959556554, 2763072.185659400187433 ], [ 369223.196511015703436, 2763089.117101117968559 ], [ 369223.191228517855052, 2763100.180858966894448 ], [ 369228.183726720046252, 2763113.94675273494795 ], [ 369229.601767342013773, 2763121.541197941638529 ], [ 369230.139252555032726, 2763145.844168631825596 ], [ 369231.563859533169307, 2763210.25651678070426 ], [ 369240.347901571949478, 2763251.316306207794696 ], [ 369239.728063244256191, 2763257.205511140171438 ], [ 369236.671873660874553, 2763274.462239829823375 ], [ 369236.484284973412286, 2763288.593043509405106 ], [ 369234.413269596174359, 2763299.514716837089509 ], [ 369234.33859197050333, 2763310.267470476683229 ], [ 369234.191809794865549, 2763320.584199177101254 ], [ 369156.43355141003849, 2763453.37958367401734 ], [ 369105.031669366289862, 2763494.770528211724013 ], [ 369036.316211466619279, 2763541.857716284226626 ], [ 369031.85118012240855, 2763557.583044013939798 ], [ 369017.916770550771616, 2763566.267114221584052 ], [ 369005.347395942080766, 2763574.483370713889599 ], [ 368993.928925539832562, 2763581.04909247206524 ], [ 368983.538010421034414, 2763586.029474200215191 ], [ 368972.120964813278988, 2763592.657668546307832 ], [ 368956.553943093516864, 2763601.002787726465613 ], [ 368944.076354742865078, 2763607.717027085833251 ], [ 368934.718206028803252, 2763614.17458336846903 ], [ 368921.176959299657028, 2763620.84996286034584 ], [ 368910.788806966040283, 2763625.955088869202882 ], [ 368898.313870739657432, 2763632.794170177076012 ], [ 368887.868467834836338, 2763640.963620555121452 ], [ 368870.978531915228814, 2763648.838059227913618 ], [ 368855.921278700581752, 2763654.796589500736445 ], [ 368842.475929823238403, 2763660.157112397253513 ], [ 368827.667194377165288, 2763666.047836822923273 ], [ 368731.377350750146434, 2763704.243960964959115 ], [ 368727.915948168025352, 2763706.008284353185445 ], [ 368720.063542957417667, 2763707.057028109673411 ], [ 368703.826482750358991, 2763707.728764402680099 ], [ 368679.445450887316838, 2763710.393518665339798 ], [ 368669.336759128374979, 2763713.992297243326902 ], [ 368661.080766155384481, 2763722.238283438142389 ], [ 368650.971888734435197, 2763725.837410394102335 ], [ 368640.872193790739402, 2763732.686400606762618 ], [ 368630.764733558055013, 2763736.347775085829198 ], [ 368619.693468687240966, 2763741.655839271377772 ], [ 368609.621901391306892, 2763746.941580716986209 ], [ 368597.576244890049566, 2763750.583372547756881 ], [ 368588.565248344442807, 2763755.783192224800587 ], [ 368576.586201512021944, 2763759.611211015377194 ], [ 368563.642149908817373, 2763765.023028562776744 ], [ 368550.800592854560819, 2763772.245306729339063 ], [ 368539.821056041226257, 2763776.05113511485979 ], [ 368527.937688174424693, 2763781.377044321969151 ], [ 368513.06759131513536, 2763790.144299848470837 ], [ 368504.148319479951169, 2763793.842095661442727 ], [ 368491.232111369958147, 2763797.690824137534946 ], [ 368481.350666146085132, 2763803.097336031030864 ], [ 368469.506057112943381, 2763810.172667169943452 ], [ 368460.607951547193807, 2763811.994617514312267 ], [ 368458.617125768214464, 2763812.413691753987223 ], [ 368456.267643301514909, 2763813.590690311044455 ], [ 368435.306943452800624, 2763823.93050322169438 ], [ 368425.358740074676462, 2763829.151184484828264 ], [ 368396.382369851577096, 2763844.481073101516813 ], [ 368356.503000277967658, 2763861.427600536495447 ], [ 368316.536696130526252, 2763874.438000068534166 ], [ 368232.965489415160846, 2763922.479276677127928 ], [ 368216.547364731959533, 2763931.905939979478717 ], [ 368185.376930285361595, 2763949.784905478358269 ], [ 368155.11964338744292, 2763960.89297639252618 ], [ 368152.949577879800927, 2763961.69095177622512 ], [ 368144.432925750676077, 2763966.62991684069857 ], [ 368137.253247216809541, 2763969.851674797013402 ], [ 368123.309310529381037, 2763978.098426993470639 ], [ 368101.480499241733924, 2763988.769890589639544 ], [ 368083.577120191184804, 2763996.041853410657495 ], [ 368067.671393716067541, 2764003.206976971123368 ], [ 368054.728553266089875, 2764008.681312741711736 ], [ 368044.80975759512512, 2764012.401241327170283 ], [ 368031.893557008705102, 2764016.249868186656386 ], [ 368008.064216991653666, 2764026.90322939818725 ], [ 367991.197563157649711, 2764035.839640490710735 ], [ 367975.355607001984026, 2764043.065842784941196 ], [ 367963.202706494950689, 2764050.335558500140905 ], [ 367938.647284097736701, 2764059.254834314342588 ], [ 367926.698570984532125, 2764064.457210514228791 ], [ 367913.822341128718108, 2764070.117669495288283 ], [ 367903.874294703709893, 2764075.338306937366724 ], [ 367890.028942674282007, 2764082.395378883462399 ], [ 367876.147531177906785, 2764087.827891682740301 ], [ 367855.185628171253484, 2764095.292504915501922 ], [ 367834.255185956601053, 2764104.194036243483424 ], [ 367821.536112834699452, 2764108.475910789798945 ], [ 367806.521775851608254, 2764113.558700932189822 ], [ 367804.039286909275688, 2764114.363628087565303 ], [ 367764.315320282708853, 2764132.681976187508553 ], [ 367683.6076152138412, 2764143.468561165966094 ], [ 367674.064948848332278, 2764147.24272737139836 ], [ 367661.147345478995703, 2764151.028820288367569 ], [ 367643.209186883992516, 2764156.738710335921496 ], [ 367618.33879303233698, 2764162.727218758780509 ], [ 367605.419804334058426, 2764166.450801311060786 ], [ 367589.573986445728224, 2764170.676753134466708 ], [ 367556.691124932956882, 2764181.780479331035167 ], [ 367541.800381679553539, 2764186.798023669049144 ], [ 367538.884847964858636, 2764187.800131116062403 ], [ 367529.828206637874246, 2764190.9383799075149 ], [ 367509.764565931516699, 2764196.63291578181088 ], [ 367493.885186503175646, 2764202.172227415256202 ], [ 367483.963734890101478, 2764205.767226972617209 ], [ 367450.147573268681299, 2764217.079064899124205 ], [ 367432.206748770549893, 2764222.664110907353461 ], [ 367415.291840806370601, 2764226.601137557066977 ], [ 367405.128707937779836, 2764230.576442684512585 ], [ 367399.473892831592821, 2764232.076835865620524 ], [ 367376.480511036585085, 2764238.148733957204968 ], [ 367365.498290310031734, 2764241.829527460038662 ], [ 367347.618484852369875, 2764247.350743362680078 ], [ 367324.720829158904962, 2764254.92068700492382 ], [ 367309.803887526853941, 2764258.751092222519219 ], [ 367300.820812693331391, 2764262.387748294509947 ], [ 367283.93919847602956, 2764267.824389291461557 ], [ 367267.992233570665121, 2764270.302509747911245 ], [ 367256.944662722758949, 2764273.859757038298994 ], [ 367242.065014893654734, 2764279.377048927359283 ], [ 367229.053050894988701, 2764281.727729277685285 ], [ 367211.138705114368349, 2764285.687005134299397 ], [ 367193.225478195236064, 2764289.70865075243637 ], [ 367175.249991354125086, 2764293.731810683850199 ], [ 367156.26683155214414, 2764294.589350555557758 ], [ 367138.28984463296365, 2764298.550107134040445 ], [ 367123.308039510622621, 2764299.444054519757628 ], [ 367108.389676626538858, 2764303.212231408338994 ], [ 367091.34316588845104, 2764304.027023322880268 ], [ 367074.357813890906982, 2764304.777889104560018 ], [ 367061.404120716266334, 2764306.939655945636332 ], [ 367045.451769483915996, 2764309.167890710290521 ], [ 367030.401746101677418, 2764309.813509056344628 ], [ 367021.482552170869894, 2764313.51109362160787 ], [ 367008.600820818042848, 2764318.921736084856093 ], [ 366996.689325017970987, 2764325.810993901453912 ], [ 366985.734967990487348, 2764327.928594728931785 ], [ 366972.817183124832809, 2764331.714805235620588 ], [ 366959.735854010446928, 2764333.754526922013611 ], [ 366944.813527065096423, 2764334.522162449080497 ], [ 366924.874627956887707, 2764340.214042130392045 ], [ 366913.856402600882575, 2764342.270519838202745 ], [ 366889.857856705493759, 2764348.114680985920131 ], [ 366881.009184987517074, 2764354.998843791894615 ], [ 366872.08449586329516, 2764358.446602529846132 ], [ 366861.868322064110544, 2764362.860445735510439 ], [ 366858.220998878998216, 2764364.691424096468836 ], [ 366849.254476726870053, 2764369.077946370467544 ], [ 366839.307719673146494, 2764374.361072413157672 ], [ 366827.42272562510334, 2764379.624633364379406 ], [ 366814.4491422038991, 2764386.537351624574512 ], [ 366810.676887560286559, 2764388.371109796687961 ], [ 366803.563919073552825, 2764391.778910918161273 ], [ 366792.617445736192167, 2764397.084318298846483 ], [ 366778.700120640918612, 2764400.892741681542248 ], [ 366765.691991938860156, 2764406.24349340191111 ], [ 366752.856119833886623, 2764410.903112660162151 ], [ 366743.822936930577271, 2764415.10339729487896 ], [ 366733.841558110958431, 2764418.824589532800019 ], [ 366712.972390671493486, 2764427.662403573747724 ], [ 366701.018195505836047, 2764429.802160306833684 ], [ 366697.522211856557988, 2764430.004564178176224 ], [ 366688.031277280242648, 2764430.464618468191475 ], [ 366675.013752408907749, 2764432.565247448626906 ], [ 366660.022079346061219, 2764433.02209190139547 ], [ 366654.515874438278843, 2764432.768830222543329 ], [ 366648.039058260153979, 2764433.849694089964032 ], [ 366614.470461759134196, 2764439.405603152234107 ], [ 366554.686547365272418, 2764460.793429686222225 ], [ 366530.499189779453445, 2764466.579165228642523 ], [ 366526.084157385630533, 2764467.614395253360271 ], [ 366517.411934703588486, 2764471.181655277032405 ], [ 366507.876150362193584, 2764475.268271545879543 ], [ 366496.543982848525047, 2764480.082156604155898 ], [ 366478.698583942372352, 2764487.165233352221549 ], [ 366466.654143440304324, 2764490.869652122724801 ], [ 366452.744672189874109, 2764497.865737305488437 ], [ 366437.827779178856872, 2764501.696234550327063 ], [ 366424.916760236374103, 2764508.60784325003624 ], [ 366415.03221715305699, 2764513.889467237982899 ], [ 366397.060440117376857, 2764520.913082795683295 ], [ 366389.082253009546548, 2764527.590164678636938 ], [ 366376.19912039488554, 2764532.93853109376505 ], [ 366358.560108357574791, 2764543.705012665130198 ], [ 366350.267053447780199, 2764547.451542808208615 ], [ 366348.346854314790107, 2764548.244163231458515 ], [ 366335.398345035151578, 2764553.468716416042298 ], [ 366332.428493950690608, 2764554.847090911585838 ], [ 366319.585693982196972, 2764559.194197861477733 ], [ 366294.729894693475217, 2764571.495710351038724 ], [ 366287.069511984707788, 2764578.416077573318034 ], [ 366258.774188942043111, 2764596.294161251280457 ], [ 366256.862308229436167, 2764597.461630429141223 ], [ 366248.113879692857154, 2764600.405581429600716 ], [ 366236.102619634242728, 2764605.609554226975888 ], [ 366225.217261106765363, 2764610.850933020934463 ], [ 366219.724524703749921, 2764614.035209998488426 ], [ 366213.30567362846341, 2764617.740357201546431 ], [ 366202.359280129370745, 2764623.045594913419336 ], [ 366189.51586923294235, 2764633.018578995019197 ], [ 366177.760012409300543, 2764638.46687791030854 ], [ 366168.236445029324386, 2764645.92853851756081 ], [ 366149.44919735158328, 2764658.470695125870407 ], [ 366127.163222789997235, 2764671.090302946511656 ], [ 366123.932284374255687, 2764671.97441802546382 ], [ 366108.163497038767673, 2764682.511953324545175 ], [ 366103.308092057006434, 2764686.24505417002365 ], [ 366097.28632307134103, 2764690.941315966658294 ], [ 366085.409227413008921, 2764699.392546098679304 ], [ 366075.133035548322368, 2764709.558606985025108 ], [ 366060.697091893525794, 2764721.004555729683489 ], [ 366051.720570317993406, 2764727.766606412362307 ], [ 366041.833379126852378, 2764732.923386798705906 ], [ 366028.541638677241281, 2764742.406277565285563 ], [ 366016.150656927493401, 2764753.056616058107466 ], [ 365965.259839052683674, 2764797.8132688337937 ], [ 365915.910401071887463, 2764838.785254824440926 ], [ 365863.100892420508899, 2764881.58409181330353 ], [ 365823.012130814604461, 2764920.163443209603429 ], [ 365801.53064776759129, 2764940.891339909285307 ], [ 365780.415624815970659, 2764961.236110363155603 ], [ 365773.866059335472528, 2764967.506821379996836 ], [ 365769.036821243353188, 2764972.426794457715005 ], [ 365748.539888589293696, 2764992.44535369426012 ], [ 365733.255417015752755, 2765005.097640428226441 ], [ 365721.029524274752475, 2765017.557224274612963 ], [ 365712.147294839553069, 2765025.754910837858915 ], [ 365703.098472456797026, 2765034.893581926822662 ], [ 365660.417733866721392, 2765086.282104432582855 ], [ 365634.455832991749048, 2765110.734684604220092 ], [ 365625.893948870012537, 2765122.113153611309826 ], [ 365613.048522691242397, 2765137.649380451068282 ], [ 365608.688563975621946, 2765143.99669486656785 ], [ 365602.030448050354607, 2765153.832664918154478 ], [ 365589.981815398787148, 2765171.476578779984266 ], [ 365586.95333376515191, 2765175.856596444733441 ], [ 365571.8098588946159, 2765194.881635791622102 ], [ 365560.028686919948086, 2765204.831100860144943 ], [ 365546.10053531860467, 2765219.453648823313415 ], [ 365529.531378982122988, 2765236.197613081429154 ], [ 365523.585709778242745, 2765244.33002491760999 ], [ 365508.253783126245253, 2765260.484029601328075 ], [ 365506.756781574105844, 2765263.455004615243524 ], [ 365492.168820247752592, 2765282.155035061761737 ], [ 365482.322766628582031, 2765291.999379427637905 ], [ 365476.571162404725328, 2765303.253079244866967 ], [ 365472.433161131571978, 2765311.158076286781579 ], [ 365469.794896010833327, 2765316.217225076630712 ], [ 365463.088839137926698, 2765332.367654294706881 ], [ 365457.237417915952392, 2765341.935824117157608 ], [ 365451.685507210204378, 2765339.620855578687042 ], [ 365436.927500790974591, 2765364.763244472909719 ], [ 365436.031835670117289, 2765366.658274678047746 ], [ 365432.803258633124642, 2765373.293021499644965 ], [ 365427.955524744233117, 2765383.026664606295526 ], [ 365423.176984852645546, 2765395.884020915720612 ], [ 365416.680018536513671, 2765404.528964713215828 ], [ 365414.599258383968845, 2765415.013694501947612 ], [ 365394.390423052129336, 2765442.402014144230634 ], [ 365379.463759237667546, 2765459.922174538485706 ], [ 365375.998938915436156, 2765484.126924366224557 ], [ 365364.738792441843543, 2765520.443218153435737 ], [ 365353.719529517518822, 2765564.817732930183411 ], [ 365355.347353090357501, 2765638.353599927388132 ], [ 365366.174544448149391, 2765647.427710266318172 ], [ 365387.901557596516795, 2765660.385971532203257 ], [ 365420.192071544006467, 2765667.672156704124063 ], [ 365444.38598373736022, 2765667.824123253580183 ], [ 365455.643189442926086, 2765665.262190773617476 ], [ 365467.711138503742404, 2765662.619747000280768 ], [ 365472.068024144507945, 2765661.773121021687984 ], [ 365490.801878113183193, 2765655.29524786118418 ], [ 365516.533386406430509, 2765648.66232065949589 ], [ 365520.262672309181653, 2765647.704698066692799 ], [ 365530.5814869744936, 2765645.100884079001844 ], [ 365543.502055644174106, 2765641.439565252512693 ], [ 365555.496189231751487, 2765641.111564210616052 ], [ 365562.365955212037079, 2765640.834489771164954 ], [ 365568.612276880012359, 2765640.633656041696668 ], [ 365579.604206497897394, 2765640.202773310709745 ], [ 365591.562494627665728, 2765638.250437710434198 ], [ 365604.580071052594576, 2765636.149478336796165 ], [ 365615.413667935761623, 2765634.222059018909931 ], [ 365626.557259369816165, 2765632.162569429725409 ], [ 365643.171874289575499, 2765631.607281025964767 ], [ 365654.591762388008647, 2765627.916506133973598 ], [ 365667.542861738125794, 2765622.816806831397116 ], [ 365682.526593474904075, 2765619.17213339637965 ], [ 365692.44690331351012, 2765615.514612871687859 ], [ 365703.396054812939838, 2765610.334036579355597 ], [ 365716.31669195566792, 2765606.672663179691881 ], [ 365728.236249190347735, 2765602.970955212134868 ], [ 365746.173492740374058, 2765594.385441661812365 ], [ 365755.67991186841391, 2765591.799632925540209 ], [ 365759.985581992834341, 2765588.641407808288932 ], [ 365763.698252777452581, 2765586.93395954137668 ], [ 365767.011161333415657, 2765584.110333929769695 ], [ 365781.885663342196494, 2765575.530115079134703 ], [ 365797.726467539207079, 2765565.428357806056738 ], [ 365810.641749989066739, 2765558.70410266565159 ], [ 365826.515871598559897, 2765550.101613976061344 ], [ 365851.277368106879294, 2765536.364388796500862 ], [ 365867.154177401564084, 2765527.88685953989625 ], [ 365884.993017629894894, 2765517.6783412178047 ], [ 365899.903265769593418, 2765510.722403603605926 ], [ 365914.849639915977605, 2765505.391066655050963 ], [ 365928.725856043281965, 2765496.895232755225152 ], [ 365948.562504534143955, 2765486.580055547412485 ], [ 365959.450598666386213, 2765481.463537277653813 ], [ 365972.430937774654012, 2765477.675677772145718 ], [ 365989.305937391589396, 2765469.113646196667105 ], [ 366008.142990617314354, 2765458.820425383280963 ], [ 366018.093918329046573, 2765453.72465467825532 ], [ 366027.979546733084135, 2765448.505260195583105 ], [ 366043.214840836822987, 2765442.10452650859952 ], [ 366054.49738681607414, 2765435.041633737273514 ], [ 366079.957187726162374, 2765421.789002790581435 ], [ 366086.64251564303413, 2765418.82822348177433 ], [ 366101.436239556525834, 2765412.249904624652117 ], [ 366112.515800299588591, 2765407.316718148533255 ], [ 366119.36928380955942, 2765403.477103582583368 ], [ 366128.323344623437151, 2765398.528181807138026 ], [ 366146.132704792835284, 2765389.820646587759256 ], [ 366158.04832378111314, 2765383.118371530901641 ], [ 366188.705010249977931, 2765367.438237484078854 ], [ 366203.579485623515211, 2765358.857953038066626 ], [ 366225.646709187771194, 2765353.30625640321523 ], [ 366250.383140674093738, 2765341.257335119880736 ], [ 366252.174234249512665, 2765340.280214291065931 ], [ 366260.267412374611013, 2765335.975553235970438 ], [ 366281.199294548016042, 2765327.136223692446947 ], [ 366301.170315619150642, 2765320.068371590226889 ], [ 366312.057038628088776, 2765314.889251998160034 ], [ 366327.839314756158274, 2765307.789273589849472 ], [ 366331.471627637627535, 2765305.271025803405792 ], [ 366350.734490267699584, 2765297.281128252390772 ], [ 366373.569868029735517, 2765286.899650221690536 ], [ 366404.458053730311804, 2765276.027219939045608 ], [ 366419.404345178336371, 2765270.695796457584947 ], [ 366438.311834884341806, 2765263.589028788264841 ], [ 366463.213021105097141, 2765256.162172872573137 ], [ 366476.094772669253871, 2765250.751283166930079 ], [ 366494.688559015630744, 2765243.589067250024527 ], [ 366498.447067897766829, 2765241.130441336426884 ], [ 366514.902693124604411, 2765233.390471023973078 ], [ 366524.786931899026968, 2765228.108558718580753 ], [ 366540.695555620652158, 2765221.068190003745258 ], [ 366560.501423673355021, 2765212.191226670984179 ], [ 366586.360981596633792, 2765200.055124137084931 ], [ 366602.306805275613442, 2765194.701535856351256 ], [ 366624.1465398829896, 2765187.342382598668337 ], [ 366646.014157830039039, 2765178.419753798749298 ], [ 366665.982420565094799, 2765171.227106022182852 ], [ 366706.774843327817507, 2765161.635700814891607 ], [ 366717.697439374576788, 2765158.081170010846108 ], [ 366730.712243973393925, 2765155.855301468167454 ], [ 366776.691474491264671, 2765149.024404691532254 ], [ 366795.633474026690237, 2765143.47961391042918 ], [ 366818.503483974607661, 2765134.659931124188006 ], [ 366839.352937788760755, 2765130.573039634618908 ], [ 366860.352600280893967, 2765124.795326990075409 ], [ 366882.362603840243537, 2765122.307962550316006 ], [ 366904.240993391838856, 2765116.697985264472663 ], [ 366927.24656552716624, 2765114.000980374868959 ], [ 366950.22152020939393, 2765109.929806030355394 ], [ 366979.089046127977781, 2765103.7902362938039 ], [ 366992.106558207073249, 2765101.68941937526688 ], [ 367013.080932081968058, 2765097.599590090103447 ], [ 367043.055923009291291, 2765096.311223526019603 ], [ 367062.039080755843315, 2765095.453575678169727 ], [ 367085.009846538188867, 2765091.194716011639684 ], [ 367107.994330435700249, 2765090.37346590263769 ], [ 367124.042583505157381, 2765089.643207836896181 ], [ 367144.032315199496225, 2765089.075720362365246 ], [ 367157.18307689181529, 2765087.347022677771747 ], [ 367165.892513524973765, 2765085.466633832547814 ], [ 367171.252991213230416, 2765084.785375783219934 ], [ 367193.007555111544207, 2765082.05378575483337 ], [ 367195.99948094994761, 2765081.674970819149166 ], [ 367202.461065896903165, 2765079.906803208403289 ], [ 367214.077751424279995, 2765076.649308178108186 ], [ 367235.840612615807913, 2765074.292511377483606 ], [ 367255.93617716897279, 2765070.034818645101041 ], [ 367269.729825243528467, 2765069.104427541140467 ], [ 367279.777376762998756, 2765068.381952354218811 ], [ 367307.743503056641202, 2765063.887614525854588 ], [ 367325.041436753585003, 2765060.316942051518708 ], [ 367336.615076716989279, 2765057.935622026212513 ], [ 367359.593113199109212, 2765051.176250169519335 ], [ 367362.471012137364596, 2765051.29997812025249 ], [ 367395.370587741024792, 2765040.945873287506402 ], [ 367424.203380250663031, 2765033.244363063946366 ], [ 367452.263065674866084, 2765024.49754192493856 ], [ 367476.035026068508159, 2765019.72088621603325 ], [ 367497.943732854211703, 2765015.485646935645491 ], [ 367523.842808724148199, 2765007.974248553160578 ], [ 367544.752142809215002, 2765003.761056413408369 ], [ 367565.662596266251057, 2764999.61024266295135 ], [ 367586.704524213913828, 2764998.582109242212027 ], [ 367599.757999377150554, 2764998.105683120433241 ], [ 367617.645822921884246, 2764995.772049667779356 ], [ 367638.68775527109392, 2764994.743885857984424 ], [ 367653.720579557353631, 2764998.974059871863574 ], [ 367664.806612833694089, 2764999.978948946110904 ], [ 367675.798209347412921, 2764999.548233755864203 ], [ 367690.789573003305122, 2765001.904165008105338 ], [ 367701.846358407754451, 2765001.596999597735703 ], [ 367716.803232449979987, 2765002.391056332737207 ], [ 367731.851772431342397, 2765001.683034572284669 ], [ 367745.846137615037151, 2765004.185892237350345 ], [ 367755.971264783351216, 2765006.962296109180897 ], [ 367775.071488181361929, 2765014.227808335330337 ], [ 367788.19926127087092, 2765019.938094248529524 ], [ 367801.328430625144392, 2765025.71051371563226 ], [ 367811.391159791557584, 2765028.48822460975498 ], [ 367822.453282070462592, 2765031.243772321846336 ], [ 367830.115381210227497, 2765032.886828661896288 ], [ 367834.512377808103338, 2765033.852137326262891 ], [ 367848.571977253013756, 2765036.478737114463001 ], [ 367861.558808701753151, 2765035.816244014073163 ], [ 367879.579410523409024, 2765036.667500077281147 ], [ 367892.600705279619433, 2765037.56716032139957 ], [ 367907.589454255299643, 2765036.985395655035973 ], [ 367926.643299843883142, 2765039.313990172464401 ], [ 367936.700243250816129, 2765041.841645890381187 ], [ 367947.763834336423315, 2765044.659635237418115 ], [ 367971.855330571183003, 2765051.502216584049165 ], [ 367990.364649738534354, 2765054.655315153766423 ], [ 367999.889672737335786, 2765058.570180327165872 ], [ 368007.143560269672889, 2765061.534954021219164 ], [ 368060.30324202060001, 2765082.610728768166155 ], [ 368128.712083759659436, 2765109.224672357551754 ], [ 368182.679985963157378, 2765127.28239411721006 ], [ 368228.773188398161437, 2765142.576343073043972 ], [ 368270.227111661050003, 2765154.410302928648889 ], [ 368305.676177159883082, 2765166.064499570056796 ], [ 368334.6497595795081, 2765181.674887726083398 ], [ 368343.666402436152566, 2765188.038625575136393 ], [ 368351.773888183874078, 2765195.672422177623957 ], [ 368361.913638244790491, 2765204.761513853445649 ], [ 368375.149105062533636, 2765215.344738841988146 ], [ 368384.390339869598392, 2765226.203864538110793 ], [ 368394.531553793582134, 2765235.355320631526411 ], [ 368408.809405494481325, 2765250.665972156450152 ], [ 368419.014360941655468, 2765259.878634296357632 ], [ 368433.390637282223906, 2765276.812175736296922 ], [ 368446.668823088868521, 2765292.144881479907781 ], [ 368458.049015636497643, 2765309.269848472904414 ], [ 368467.814175298495684, 2765329.680793971754611 ], [ 368467.936863891663961, 2765340.866658496204764 ], [ 368468.042239202593919, 2765356.92867044871673 ], [ 368463.342784074193332, 2765373.347001380752772 ], [ 368463.622093977523036, 2765385.966997346840799 ], [ 368457.910618473426439, 2765399.032469428610057 ], [ 368449.204362483462319, 2765412.351358972489834 ], [ 368444.466125415056013, 2765427.020328043494374 ], [ 368438.942489315057173, 2765437.268662956077605 ], [ 368437.034688035608269, 2765438.623519729357213 ], [ 368427.369748190511018, 2765445.337991850450635 ], [ 368379.224505911930464, 2765492.658602009527385 ], [ 368375.886730585480109, 2765494.357727102935314 ], [ 368362.277433574665338, 2765503.597370742354542 ], [ 368359.61582573747728, 2765504.781395338941365 ], [ 368346.002505806798581, 2765511.020898474846035 ], [ 368340.273907899623737, 2765512.022787364199758 ], [ 368326.35820947564207, 2765515.893683441448957 ], [ 368315.473005759296939, 2765521.13517303019762 ], [ 368304.561572837643325, 2765528.002400293480605 ], [ 368289.680654905852862, 2765533.457376898266375 ], [ 368277.800041452632286, 2765538.908288790844381 ], [ 368265.013948094216175, 2765545.817192746326327 ], [ 368246.182971957256086, 2765556.359913490712643 ], [ 368228.244884740444832, 2765562.070129871368408 ], [ 368218.359411380602978, 2765567.289444216527045 ], [ 368203.506401235004887, 2765571.18112976802513 ], [ 368190.659415782894939, 2765578.153825558256358 ], [ 368181.740301943849772, 2765581.851573413703591 ], [ 368167.857633149949834, 2765587.221975403372198 ], [ 368137.00208665151149, 2765596.718457881826907 ], [ 368121.087102042976767, 2765600.633542694151402 ], [ 368110.201935581048019, 2765605.875092825852334 ], [ 368093.288519317109603, 2765609.87493136478588 ], [ 368082.404878451139666, 2765615.17873565480113 ], [ 368061.766263400786556, 2765623.136575791984797 ], [ 368038.660573771689087, 2765629.773540956899524 ], [ 368024.436661444371566, 2765633.838785781525075 ], [ 368018.720622770837508, 2765635.403119180351496 ], [ 368011.593957831093576, 2765638.186108714900911 ], [ 367997.081102102180012, 2765643.3203234388493 ], [ 367977.989105234039016, 2765650.55629347357899 ], [ 367966.95541864761617, 2765654.738449437078089 ], [ 367923.098123430565465, 2765678.336775579024106 ], [ 367866.799528579926118, 2765701.835353096015751 ], [ 367825.223844291933347, 2765735.321902731433511 ], [ 367773.756375891854987, 2765762.464095258153975 ], [ 367738.254755677073263, 2765779.50173611054197 ], [ 367721.976574243220966, 2765789.61316884169355 ], [ 367712.190913105907384, 2765796.5180798554793 ], [ 367704.314106212812476, 2765804.943292474839836 ], [ 367695.534618531761225, 2765814.951219983398914 ], [ 367684.656080174143426, 2765823.317982736509293 ], [ 367680.190337795531377, 2765833.355409143492579 ], [ 367667.907867061207071, 2765846.066286001820117 ], [ 367665.401426049415022, 2765851.434819424524903 ], [ 367657.457980008795857, 2765859.674080795608461 ], [ 367647.713314649299718, 2765871.266025622840971 ], [ 367640.834616440464742, 2765879.606638647150248 ], [ 367633.11611825088039, 2765889.52869724156335 ], [ 367625.405367965227924, 2765902.638294763863087 ], [ 367618.559987664688379, 2765912.478480322286487 ], [ 367610.456749870092608, 2765921.97143646562472 ], [ 367595.321125567774288, 2765935.682902047876269 ], [ 367561.946201675746124, 2765986.677405570633709 ], [ 367556.257263233186677, 2765995.116751391906291 ], [ 367552.722107316600159, 2765999.195418496616185 ], [ 367546.161191884428263, 2766010.591919282451272 ], [ 367541.830344456830062, 2766018.251232553273439 ], [ 367538.324148200917989, 2766026.454799065366387 ], [ 367530.271679915720597, 2766041.07219493156299 ], [ 367520.632295275048818, 2766057.412300836294889 ], [ 367515.850099277449772, 2766067.269334146287292 ], [ 367511.001107107149437, 2766076.940278969705105 ], [ 367508.277610462391749, 2766086.626630879938602 ], [ 367504.000998895033263, 2766093.909632474184036 ], [ 367501.532109947060235, 2766098.15220759017393 ], [ 367496.78435331012588, 2766109.571044814772904 ], [ 367487.10893450549338, 2766124.286933227907866 ], [ 367482.334864464239217, 2766137.331514496356249 ], [ 367476.515463959134649, 2766145.523846117779613 ], [ 367471.803776301036123, 2766158.567163303494453 ], [ 367463.162554013659246, 2766174.822664368432015 ], [ 367457.416655419510789, 2766186.326176090631634 ], [ 367452.63283925113501, 2766196.120786248706281 ], [ 367443.990454694605432, 2766212.313846518285573 ], [ 367436.245360447792336, 2766223.861668258439749 ], [ 367429.572869012481533, 2766238.698464698623866 ], [ 367419.03770770621486, 2766259.746581063605845 ], [ 367410.399344046600163, 2766276.127142360433936 ], [ 367403.702638515911531, 2766284.21382659021765 ], [ 367403.208205674309283, 2766287.287612152751535 ], [ 367397.842436935286969, 2766299.032798795029521 ], [ 367392.861825965577736, 2766308.393954498227686 ], [ 367388.334920301334932, 2766318.49544909549877 ], [ 367378.695612647512462, 2766334.83556896680966 ], [ 367364.096869456931017, 2766353.035910454578698 ], [ 367359.314495528407861, 2766362.892904819454998 ], [ 367348.05469711573096, 2766382.26936054462567 ], [ 367347.597806423378643, 2766384.217262715566903 ], [ 367336.117436830536462, 2766402.098422534763813 ], [ 367324.478750946000218, 2766418.482906860299408 ], [ 367312.012316633772571, 2766439.823880411684513 ], [ 367300.339258473366499, 2766454.646481339354068 ], [ 367292.599325569288339, 2766469.257032116875052 ], [ 367284.791746759961825, 2766480.806118346750736 ], [ 367278.044625077513047, 2766492.269379914272577 ], [ 367270.359170382842422, 2766503.690915833227336 ], [ 367265.57409233355429, 2766513.42282103234902 ], [ 367258.730101983703207, 2766523.325568024534732 ], [ 367254.018265487975441, 2766536.368875402025878 ], [ 367246.366085904708598, 2766549.289768604096025 ], [ 367234.667803970864043, 2766565.800633979495615 ], [ 367228.912518419965636, 2766574.054052185732871 ], [ 367220.238133206847124, 2766588.810292303096503 ], [ 367206.193080185097642, 2766612.248965513426811 ], [ 367204.535205246764235, 2766613.598261549137533 ], [ 367199.959859199239872, 2766621.513055579271168 ], [ 367177.609069839585572, 2766650.948688369709998 ], [ 367163.902019985835068, 2766664.253642376046628 ], [ 367158.082944155554287, 2766672.445912698283792 ], [ 367150.232482639374211, 2766679.245646873954684 ], [ 367133.570679641910829, 2766697.429109518881887 ], [ 367125.749344031675719, 2766705.540727678220719 ], [ 367111.08152259606868, 2766720.617239910177886 ], [ 367091.415538696921431, 2766735.804379726760089 ], [ 367073.853959266562015, 2766755.695590129122138 ], [ 367061.145275455026422, 2766768.915859697386622 ], [ 367050.743018070235848, 2766776.20964074973017 ], [ 367033.718928206129931, 2766792.150920470710844 ], [ 367023.817707769747358, 2766802.308820055797696 ], [ 367013.098852363298647, 2766812.234778513200581 ], [ 367006.215980441891588, 2766820.388294103555381 ], [ 366990.580482714518439, 2766836.92374623939395 ], [ 366980.898353223630693, 2766848.514643407892436 ], [ 366969.118747432192322, 2766858.526498141232878 ], [ 366960.301975999842398, 2766866.847716534510255 ], [ 366951.485216382308863, 2766875.169051930308342 ], [ 366945.66737009579083, 2766883.423660716973245 ], [ 366935.885540536954068, 2766893.328938423190266 ], [ 366928.065549123391975, 2766901.503249374218285 ], [ 366918.152220213669352, 2766908.285885476972908 ], [ 366908.371640931174625, 2766918.25352992862463 ], [ 366895.662968151271343, 2766931.474083488341421 ], [ 366876.196408874820918, 2766952.845030004624277 ], [ 366866.3562658088631, 2766962.939220595639199 ], [ 366851.680107398133259, 2766977.640878561418504 ], [ 366836.083212231169455, 2766995.925803029444069 ], [ 366828.325797646306455, 2767004.098572128918022 ], [ 366819.447959554265253, 2767012.483619677834213 ], [ 366813.627322101267055, 2767020.613496163859963 ], [ 366800.781171704293229, 2767033.274498309008777 ], [ 366790.661141340737231, 2767036.373878737445921 ], [ 366760.171055581071414, 2767056.739086284302175 ], [ 366738.877140801341739, 2767080.27588864043355 ], [ 366704.928966884792317, 2767113.843997130170465 ], [ 366687.693813187303022, 2767131.54034660756588 ], [ 366661.163303746958263, 2767152.880401608068496 ], [ 366643.519323791260831, 2767160.584524492267519 ], [ 366603.883468673448078, 2767188.528041879180819 ], [ 366560.08094771776814, 2767217.438961582258344 ], [ 366533.888177404180169, 2767234.271110587753356 ], [ 366531.669428594759665, 2767235.695418631192297 ], [ 366505.442462056525983, 2767245.339846996124834 ], [ 366490.500282338936813, 2767250.858890633098781 ], [ 366477.672697618370876, 2767255.893661282490939 ], [ 366467.687330445973203, 2767259.427592203486711 ], [ 366448.80643513367977, 2767264.908957383595407 ], [ 366435.888666008715518, 2767268.695515677332878 ], [ 366414.114372552779969, 2767276.178475089836866 ], [ 366411.8721429494326, 2767276.540748348925263 ], [ 366395.132000614074059, 2767282.724744086619467 ], [ 366374.192054653656669, 2767288.376751011703163 ], [ 366364.267875896301121, 2767291.846919057890773 ], [ 366351.347414434188977, 2767295.508429165929556 ], [ 366339.387796000752132, 2767297.39849905623123 ], [ 366321.51591139449738, 2767306.107762818224728 ], [ 366302.696167359594256, 2767311.525274016428739 ], [ 366284.71640155185014, 2767315.361491257790476 ], [ 366269.800856870308053, 2767319.254810612183064 ], [ 366250.889369499403983, 2767326.174403900746256 ], [ 366241.023245112446602, 2767329.455807087942958 ], [ 366237.859150196250994, 2767330.526017144322395 ], [ 366220.1208205865114, 2767336.794654611498117 ], [ 366202.274110382888466, 2767343.815652502235025 ], [ 366189.350897424388677, 2767347.352522877976298 ], [ 366161.528204146074131, 2767361.157845735549927 ], [ 366138.886958949791733, 2767374.660841824486852 ], [ 366128.900131396134384, 2767378.132355007808656 ], [ 366118.112099333200604, 2767384.934593432117254 ], [ 366103.16290792170912, 2767390.141475007403642 ], [ 366098.524276332755107, 2767392.369303049985319 ], [ 366092.276338126568589, 2767395.320424599573016 ], [ 366083.236246577871498, 2767399.208786573726684 ], [ 366080.326168012805283, 2767400.460848501417786 ], [ 366062.548767134314403, 2767410.605860954616219 ], [ 366038.774814730742946, 2767420.94612087868154 ], [ 366026.863326202263124, 2767427.835759236477315 ], [ 366016.940440965699963, 2767431.36853470467031 ], [ 366008.183309968328103, 2767439.563353500328958 ], [ 365994.303122064215131, 2767447.871757494751364 ], [ 365983.381845993164461, 2767451.489108955487609 ], [ 365980.549460454843938, 2767453.427024846896529 ], [ 365973.52807011466939, 2767458.14574356470257 ], [ 365963.711734983487986, 2767466.489095665514469 ], [ 365952.761096260976046, 2767471.607320194132626 ], [ 365944.909344738116488, 2767478.344580038450658 ], [ 365937.052019865252078, 2767484.831806299742311 ], [ 365925.236371412174776, 2767493.219608461018652 ], [ 365918.230236672679894, 2767498.625355637166649 ], [ 365910.363197199418209, 2767504.675418445840478 ], [ 365872.094793678144924, 2767532.276288649067283 ], [ 365849.707192506815773, 2767551.587050073780119 ], [ 365841.180583185865544, 2767558.901849972549826 ], [ 365823.023660841048695, 2767574.49349899077788 ], [ 365782.698276245966554, 2767613.641396381892264 ], [ 365777.22747196117416, 2767620.638592244125903 ], [ 365762.358389876608271, 2767635.09466397901997 ], [ 365749.488595097791404, 2767646.693584522232413 ], [ 365739.769303158624098, 2767656.597528608050197 ], [ 365714.213124909845646, 2767679.604009376838803 ], [ 365701.493520377203822, 2767689.512099450454116 ], [ 365689.649850804416928, 2767699.463097356259823 ], [ 365674.930955056508537, 2767709.41533973487094 ], [ 365656.196469240472652, 2767724.332186870276928 ], [ 365635.559790367027745, 2767740.853830750100315 ], [ 365626.705691578914411, 2767747.488283736631274 ], [ 365613.9594066789723, 2767759.022112568374723 ], [ 365608.138789658085443, 2767767.152012284379452 ], [ 365599.590750332805328, 2767784.78117276635021 ], [ 365596.778432146355044, 2767796.094943972770125 ], [ 365597.023428224725649, 2767807.153365281876177 ], [ 365588.508545054181013, 2767826.281885797157884 ], [ 365585.793439467961434, 2767839.15596287092194 ], [ 365586.138183556846343, 2767851.900041269604117 ], [ 365586.455109550384805, 2767866.207423790358007 ], [ 365585.700515919539612, 2767877.287971959449351 ], [ 365591.075354119297117, 2767891.358204356394708 ], [ 365596.379586459894199, 2767902.242044018115848 ], [ 365604.657628685119562, 2767914.747834280598909 ], [ 365613.99638605536893, 2767927.167439056094736 ], [ 365624.269526010903064, 2767939.441517434548587 ], [ 365640.736116071522702, 2767954.766259531490505 ], [ 365648.946647421922535, 2767961.397750815842301 ], [ 365633.200929453363642, 2768001.188867480494082 ], [ 365609.052897108369507, 2768062.356715245638043 ], [ 365604.821079999383073, 2768082.953094949945807 ], [ 365605.13951824704418, 2768097.32282310212031 ], [ 365605.59325769089628, 2768117.815306249074638 ], [ 365605.892295743105933, 2768131.310340573545545 ], [ 365608.534210836689454, 2768157.442638370674103 ], [ 365612.853618358378299, 2768174.66172370640561 ], [ 365616.257095296052285, 2768187.212909033987671 ], [ 365621.116354866244365, 2768209.045558522455394 ], [ 365625.340255789458752, 2768221.953517583198845 ], [ 365641.572652813745663, 2768271.850311597809196 ], [ 365643.851892354956362, 2768278.800510293804109 ], [ 365646.105029625003226, 2768284.563961923588067 ], [ 365655.986221097875386, 2768304.535004589240998 ], [ 365662.432621743064374, 2768321.831987135112286 ], [ 365669.71110711270012, 2768334.359816951677203 ], [ 365675.014007703633979, 2768345.181225274223834 ], [ 365681.395371032063849, 2768362.354361541569233 ], [ 365705.909075751900673, 2768396.690802266355604 ], [ 365715.521210770937614, 2768410.166850972454995 ], [ 365718.957572838873602, 2768410.090657573193312 ], [ 365727.71548041747883, 2768410.396785885095596 ], [ 365740.705208913132083, 2768407.046274188440293 ], [ 365945.561260455520824, 2768354.251115947961807 ], [ 366033.171986857487354, 2768333.370187836233526 ], [ 366036.902579922927544, 2768332.474898200947791 ], [ 366069.943460827576928, 2768328.492298572324216 ], [ 366088.996137502486818, 2768327.94526092056185 ], [ 366114.909085634979419, 2768323.870590422768146 ], [ 366129.838292617117986, 2768323.414964000694454 ], [ 366150.815577974892221, 2768319.449748775456101 ], [ 366178.661175968707539, 2768315.144719825591892 ], [ 366194.583268568560015, 2768311.541645330376923 ], [ 366233.418942907359451, 2768309.556056641507894 ], [ 366262.608441489865072, 2768306.65896821860224 ], [ 366309.760557694302406, 2768301.98881817329675 ], [ 366335.415269355289638, 2768297.545060199685395 ], [ 366362.190314561477862, 2768292.888813172932714 ], [ 366392.230565450387076, 2768291.723259694408625 ], [ 366431.13978386472445, 2768290.236042711418122 ], [ 366466.114404811058193, 2768288.898589871823788 ], [ 366511.083989420207217, 2768287.277171013876796 ], [ 366551.992448014265392, 2768285.745736507233232 ], [ 366595.959530017338693, 2768284.021304325200617 ], [ 366645.863185575581156, 2768282.22810923261568 ], [ 366678.510716891265474, 2768283.067502271384001 ], [ 366694.896123696642462, 2768283.454561966937035 ], [ 366739.77247275726404, 2768283.273006310220808 ], [ 366786.843374674674124, 2768286.230363389477134 ], [ 366825.863594185211696, 2768286.92856571264565 ], [ 366864.833445657917764, 2768291.003287287428975 ], [ 366883.372295007109642, 2768292.655163066461682 ], [ 366917.34006948210299, 2768310.779847918078303 ], [ 366923.536554693593644, 2768353.46006474038586 ], [ 366923.834813017514534, 2768355.641205260995775 ], [ 366923.281574118416756, 2768364.52964099496603 ], [ 366922.464510313584469, 2768375.611448214389384 ], [ 366922.780054507951718, 2768389.856117982883006 ], [ 366922.032272135082167, 2768404.061746326740831 ], [ 366922.688050514319912, 2768416.736203137785196 ], [ 366921.283679176995065, 2768429.518778830301017 ], [ 366919.934787204139866, 2768441.987700517755002 ], [ 366918.681777233723551, 2768453.141761338803917 ], [ 366917.650415312498808, 2768471.479228497482836 ], [ 366911.657982703647576, 2768516.992313583847135 ], [ 366913.298866529075895, 2768540.271380376536399 ], [ 366913.493152398965321, 2768543.392211774829775 ], [ 366913.119499692926183, 2768546.275792969856411 ], [ 366912.115257874480449, 2768554.549153298605233 ], [ 366909.43860927678179, 2768571.985349980648607 ], [ 366905.686613813973963, 2768583.194771409966052 ], [ 366903.932296806829982, 2768594.29745525168255 ], [ 366903.185874795017298, 2768608.565655226353556 ], [ 366898.77579272876028, 2768618.289574407972395 ], [ 366898.409125194186345, 2768621.485538163688034 ], [ 366893.95967594650574, 2768637.898658299818635 ], [ 366890.852742989780381, 2768658.469754121731967 ], [ 366886.813612866215408, 2768684.937412782106549 ], [ 366881.964787877048366, 2768694.608574616257101 ], [ 366874.4260298696463, 2768715.465533802751452 ], [ 366869.750407426501624, 2768732.946146259084344 ], [ 366866.900779206189327, 2768742.572912812698632 ], [ 366862.03077697311528, 2768756.932476874440908 ], [ 366857.980616130225826, 2768765.960777595639229 ], [ 366851.652798158291262, 2768779.415037559811026 ], [ 366848.865745790651999, 2768789.040313691832125 ], [ 366846.146482378826477, 2768801.727181630209088 ], [ 366842.333374705747701, 2768813.000357959419489 ], [ 366841.086339818546548, 2768815.966000170446932 ], [ 366837.580369386007078, 2768824.169723993632942 ], [ 366834.97525876731379, 2768830.728210147470236 ], [ 366831.835605983098503, 2768838.548574129119515 ], [ 366820.370351413963363, 2768862.743017300032079 ], [ 366813.665055252320599, 2768878.893410598859191 ], [ 366811.880185775400605, 2768891.434503416530788 ], [ 366806.188645546557382, 2768902.561864530667663 ], [ 366801.379930497263558, 2768914.044794587418437 ], [ 366791.671574350970332, 2768930.074185511562973 ], [ 366779.0136375608854, 2768954.045164372771978 ], [ 366769.830156177631579, 2768968.37529247161001 ], [ 366763.366710883216001, 2768978.519801486749202 ], [ 366760.027349044685252, 2768982.969204184599221 ], [ 366750.9963298754883, 2769001.359156543388963 ], [ 366735.148984672152437, 2769033.713936899323016 ], [ 366688.056086219614372, 2769114.392059263773263 ], [ 366668.974070234806277, 2769141.818291515111923 ], [ 366664.550173520168755, 2769150.91732424357906 ], [ 366658.490552312228829, 2769162.365568824112415 ], [ 366650.810698144952767, 2769176.849801894742996 ], [ 366644.131679976824671, 2769191.374553321395069 ], [ 366634.42615294404095, 2769207.529211988206953 ], [ 366629.67579920910066, 2769218.823360971175134 ], [ 366621.887877850269433, 2769228.434512631036341 ], [ 366615.136928214516956, 2769239.710435537621379 ], [ 366605.139856847934425, 2769253.996366488281637 ], [ 366583.148489713086747, 2769271.423064580652863 ], [ 366581.428158382768743, 2769272.773846981115639 ], [ 366575.039678584551439, 2769280.666450584772974 ], [ 366567.29061798210023, 2769292.027024675626308 ], [ 366560.478714807482902, 2769303.366818362381309 ], [ 366555.010630637581926, 2769313.301803184207529 ], [ 366547.360236334963702, 2769320.659603355452418 ], [ 366541.057782965246588, 2769332.425725485663861 ], [ 366533.33780898374971, 2769342.285479119047523 ], [ 366523.526887199725024, 2769353.691706112585962 ], [ 366515.740438039938454, 2769363.3654924640432 ], [ 366508.020500467857346, 2769373.225262377876788 ], [ 366501.137988851056434, 2769381.378809358458966 ], [ 366494.082876744447276, 2769393.036571829579771 ], [ 366483.708113713131752, 2769407.205683102365583 ], [ 366474.030338125943672, 2769421.796958135906607 ], [ 366464.387127896479797, 2769437.950045290403068 ], [ 366461.534920993377455, 2769447.451907027047127 ], [ 366454.331579654477537, 2769458.050407137721777 ], [ 366447.069509134162217, 2769471.65049559250474 ], [ 366437.39161846821662, 2769486.241692744195461 ], [ 366429.545393091742881, 2769496.041722348425537 ], [ 366420.823179837199859, 2769505.798711563460529 ], [ 366413.010111195850186, 2769517.098212953656912 ], [ 366405.25950420089066, 2769528.396333361044526 ], [ 366397.111929013510235, 2769538.703174454160035 ], [ 366387.630256808479317, 2769548.039534956682473 ], [ 366375.911812516627833, 2769557.987800602801144 ], [ 366363.200580178934615, 2769571.08370097912848 ], [ 366356.380301752826199, 2769579.235838002990931 ], [ 366343.160790111753158, 2769594.780738431029022 ], [ 366335.890714667446446, 2769605.193115125410259 ], [ 366323.311035830527544, 2769621.411391888279468 ], [ 366313.50161147583276, 2769632.880136772058904 ], [ 366305.776201757020317, 2769642.490111339837313 ], [ 366288.830122358165681, 2769659.117673357017338 ], [ 366274.366684286738746, 2769672.127375396434218 ], [ 366261.591485961689614, 2769685.162095435429364 ], [ 366248.942726144799963, 2769698.256397231947631 ], [ 366234.266787519736681, 2769712.958630651701242 ], [ 366224.517012495663948, 2769724.301041977480054 ], [ 366215.69756669155322, 2769732.497543216217309 ], [ 366203.987227262638044, 2769745.633536936715245 ], [ 366196.200730122742243, 2769755.307424391619861 ], [ 366188.450140878150705, 2769766.605688157957047 ], [ 366176.501571271219291, 2769771.808496603742242 ], [ 366165.684283513226546, 2769780.11189082171768 ], [ 366149.072966834763065, 2769794.919365839567035 ], [ 366145.161747008329257, 2769798.943919660523534 ], [ 366136.360248279524967, 2769807.952719285618514 ], [ 366123.612969212932512, 2769819.424280214123428 ], [ 366115.757093174557667, 2769825.974167400971055 ], [ 366099.111094476887956, 2769839.219683634117246 ], [ 366084.336705169756897, 2769852.298671590629965 ], [ 366076.554412217170466, 2769862.159999509342015 ], [ 366066.775400790502317, 2769875.003388410434127 ], [ 366062.087612500414252, 2769886.29617199767381 ], [ 366054.519764725293498, 2769908.654235301539302 ], [ 366043.586174207739532, 2769934.274613737594336 ], [ 366040.139799055294134, 2769942.35207780636847 ], [ 366050.266509799519554, 2769945.190505208913237 ], [ 366059.30316657962976, 2769949.615733430720866 ], [ 366075.403801829903387, 2769956.884754744824022 ], [ 366085.081682426913176, 2769964.858631610870361 ], [ 366095.677480219281279, 2769971.93721941113472 ], [ 366104.783483180915937, 2769979.486307841259986 ], [ 366116.958907267719042, 2769990.155180925503373 ], [ 366126.46471672289772, 2769998.820579106453806 ], [ 366130.258540184120648, 2770009.237815062515438 ], [ 366133.361261436482891, 2770016.670005167368799 ], [ 366154.493504392914474, 2770019.701875852420926 ], [ 366165.364486801496241, 2770019.460855657234788 ], [ 366205.537154121091589, 2770018.570288337301463 ], [ 366262.385151693597436, 2770025.498566044028848 ], [ 366322.842729871801566, 2770011.969232150353491 ], [ 366419.885754356277175, 2770013.380777897778898 ], [ 366429.553165488643572, 2770009.603582493495196 ], [ 366450.262761164340191, 2769999.205766922794282 ], [ 366462.150285743409768, 2769994.066588456276804 ], [ 366471.038785759592429, 2769988.994074396789074 ], [ 366482.793167862400878, 2769980.669906356371939 ], [ 366492.717493397998624, 2769977.199595270678401 ], [ 366508.46764593559783, 2769968.661826487630606 ], [ 366523.381860169756692, 2769961.892981606535614 ], [ 366536.172002052364405, 2769955.171164916828275 ], [ 366553.955937507562339, 2769948.151126863900572 ], [ 366572.731395580922253, 2769937.921270156744868 ], [ 366589.484023504250217, 2769929.486446372698992 ], [ 366605.333999068767298, 2769922.634234026074409 ], [ 366620.541126805008389, 2769917.796598456799984 ], [ 366638.154564918484539, 2769905.904844154138118 ], [ 366653.782343257567845, 2769900.307764247525483 ], [ 366668.67018876306247, 2769895.164507209323347 ], [ 366675.473301443038508, 2769891.888402890414 ], [ 366814.415448430459946, 2769899.809533808846027 ], [ 366980.415856257197447, 2769896.129759002476931 ], [ 367098.549324460851494, 2769918.451309982221574 ], [ 367107.94421714253258, 2769922.118464529979974 ], [ 367121.013865057379007, 2769928.016981250140816 ], [ 367140.146579345338978, 2769936.718848026823252 ], [ 367158.283566153608263, 2769945.630457429680973 ], [ 367167.319006587436888, 2769949.993167425505817 ], [ 367190.483184537966736, 2769960.105823582503945 ], [ 367201.736964734154753, 2769965.856934988405555 ], [ 367204.962045386550017, 2769967.535791815724224 ], [ 367221.147348537459038, 2769975.803018053993583 ], [ 367231.001519205514342, 2769980.460066599305719 ], [ 367250.774104720214382, 2769989.83536265976727 ], [ 367268.966716729162727, 2769998.433013673871756 ], [ 367280.463546200538985, 2770003.866383823100477 ], [ 367319.375699819298461, 2770022.255794024094939 ], [ 367345.841244824230671, 2770037.483346492983401 ], [ 367495.767390453722328, 2770123.607250087894499 ], [ 367550.789405898423865, 2770149.703028327319771 ], [ 367552.999724772642367, 2770150.716734611429274 ], [ 367572.431848747190088, 2770167.287760860286653 ], [ 367584.382246580498759, 2770179.086689222138375 ], [ 367601.72725937271025, 2770203.017399881500751 ], [ 367613.074779870570637, 2770218.642475211061537 ], [ 367615.589062323793769, 2770222.087269648909569 ], [ 367675.162616093293764, 2770346.342957435175776 ], [ 367705.577525718836114, 2770455.118271838873625 ], [ 367716.656256874208339, 2770527.296354989055544 ], [ 371493.895318248018157, 2770527.296354989055544 ] ] ] } },
{ "type": "Feature", "properties": { "area_km2": 10.249550924836091, "block_id": "SYL-B005", "loss_pixels": 42.886274509803926, "plantation_ha": 0.0, "split": "val" }, "geometry": { "type": "MultiPolygon", "coordinates": [ [ [ [ 371493.895318248018157, 2770527.296354989055544 ], [ 367716.656256874208339, 2770527.296354989055544 ], [ 367719.82453437166987, 2770547.937725688330829 ], [ 367714.254005900933407, 2770615.256271093618125 ], [ 367711.929429238720331, 2770623.183624639175832 ], [ 367703.615200638538226, 2770637.2445676936768 ], [ 367696.924166038283147, 2770645.581407297868282 ], [ 367650.389170084148645, 2770703.431955938227475 ], [ 367640.447983142570592, 2770714.591231621801853 ], [ 367633.67792941222433, 2770722.179703254718333 ], [ 367607.514339763438329, 2770751.575537720229477 ], [ 367593.49558596406132, 2770762.075183183420449 ], [ 367589.376141420681961, 2770765.16687100334093 ], [ 367585.162299464340322, 2770769.635760647244751 ], [ 367568.587270960561, 2770786.067535534966737 ], [ 367559.708387101942208, 2770794.390347224194556 ], [ 367547.994221831904724, 2770804.526325946673751 ], [ 367532.149695358122699, 2770814.441120304632932 ], [ 367522.11589426395949, 2770821.41438828362152 ], [ 367517.130152107565664, 2770819.274744442198426 ], [ 367481.49122024141252, 2770844.192811516579241 ], [ 367472.504035240155645, 2770850.455299090128392 ], [ 367464.00972872111015, 2770856.394244150724262 ], [ 367451.293279979086947, 2770866.427404125221074 ], [ 367444.534441473311745, 2770871.702901076991111 ], [ 367425.854903051746078, 2770883.430788336321712 ], [ 367413.006672187941149, 2770890.341432643588632 ], [ 367403.216995683731511, 2770897.059340221807361 ], [ 367399.037918783782516, 2770900.277380783576518 ], [ 367384.424522077781148, 2770917.790842731017619 ], [ 367341.207072311779484, 2770958.941293260548264 ], [ 367335.451933225209359, 2770964.382092863321304 ], [ 367333.617887769476511, 2770966.235522014088929 ], [ 367301.949353929259814, 2770998.253902593627572 ], [ 367290.891894778935239, 2771009.812858123797923 ], [ 367268.846638341841754, 2771030.429081145208329 ], [ 367244.847329056123272, 2771058.777029754593968 ], [ 367242.810169564734679, 2771068.385665453504771 ], [ 367239.211079949745908, 2771078.029210100416094 ], [ 367237.467980314977467, 2771092.444460424594581 ], [ 367237.82404443109408, 2771108.500893130898476 ], [ 367234.145692117977887, 2771123.021805051714182 ], [ 367231.405778884538449, 2771137.584316823631525 ], [ 367227.616463523998391, 2771147.106885962653905 ], [ 367224.940619896282442, 2771161.730358642525971 ], [ 367223.189240588224493, 2771172.957948506809771 ], [ 367220.341301091015339, 2771182.647136427927762 ], [ 367220.562781908665784, 2771195.456217703409493 ], [ 367220.845490625244565, 2771208.20146024832502 ], [ 367220.175470652291551, 2771225.905889134854078 ], [ 367221.606441458046902, 2771236.875463568139821 ], [ 367222.609728093200829, 2771248.292012477293611 ], [ 367222.863148853299208, 2771262.537988782394677 ], [ 367222.112955615157261, 2771273.806013875175267 ], [ 367226.326231899787672, 2771283.400918093975633 ], [ 367225.653386312886141, 2771300.980550626292825 ], [ 367227.935286365100183, 2771313.681534160859883 ], [ 367228.191635182942264, 2771328.05241869809106 ], [ 367227.378902732976712, 2771339.32171739032492 ], [ 367229.696777382050641, 2771353.646849354729056 ], [ 367230.991481953766197, 2771369.745104087516665 ], [ 367234.454637786373496, 2771390.608146159909666 ], [ 367238.008198136463761, 2771409.906507294625044 ], [ 367240.267761331168003, 2771424.420719697605819 ], [ 367241.55555516120512, 2771437.393653634004295 ], [ 367244.975705809891224, 2771453.507007677108049 ], [ 367250.675262805190869, 2771479.383609853219241 ], [ 367254.059517983812839, 2771493.872816961724311 ], [ 367254.374123022775166, 2771505.242129362653941 ], [ 367257.856988285377156, 2771521.354100861120969 ], [ 367261.134401306742802, 2771531.032657796517015 ], [ 367261.449101391248405, 2771542.401858841534704 ], [ 367266.795094960078131, 2771555.159877583384514 ], [ 367267.91812278656289, 2771560.698076312430203 ], [ 367275.238495561876334, 2771572.287106623873115 ], [ 367316.59289191220887, 2771661.317710928153247 ], [ 367332.188045650254935, 2771702.163851708173752 ], [ 367333.05016364378389, 2771704.395010493230075 ], [ 367342.03916724678129, 2771717.947105638217181 ], [ 367353.470413382281549, 2771731.695319345686585 ], [ 367361.719520350801758, 2771745.701419475022703 ], [ 367379.299336721654981, 2771771.751994324848056 ], [ 367395.778350559528917, 2771793.263873935677111 ], [ 367412.237804028671235, 2771819.526955366600305 ], [ 367419.477605879714247, 2771830.305085090920329 ], [ 367430.749259267468005, 2771842.493984693661332 ], [ 367460.279890417470597, 2771874.717527261935174 ], [ 367466.453662963933311, 2771882.518873288296163 ], [ 367476.631176571478136, 2771893.294521883130074 ], [ 367493.925439863582142, 2771912.100617780350149 ], [ 367502.134432127000764, 2771921.482010564301163 ], [ 367510.310188701667357, 2771929.364058209583163 ], [ 367525.594083822797984, 2771944.901841952931136 ], [ 367538.838488364592195, 2771955.859192267991602 ], [ 367555.112359319580719, 2771968.124555533286184 ], [ 367563.311924595502205, 2771974.256082164589316 ], [ 367571.387715961027425, 2771980.45250101108104 ], [ 367582.691358780255541, 2771991.265581415500492 ], [ 367601.025660272513051, 2772003.42261203750968 ], [ 367609.224980414612219, 2772009.554055865854025 ], [ 367619.298605370917358, 2772015.643836501985788 ], [ 367630.462363846134394, 2772020.146730402018875 ], [ 367637.023617998813279, 2772022.876515096519142 ], [ 367640.620867020217702, 2772024.421697698533535 ], [ 367652.782791584962979, 2772028.840163171757013 ], [ 367668.011409409402404, 2772036.25293497601524 ], [ 367679.071011897351127, 2772038.883063145447522 ], [ 367699.296246883575805, 2772046.122693261597306 ], [ 367717.548888777848333, 2772051.781017077155411 ], [ 367728.608264321519528, 2772054.411075667478144 ], [ 367744.799262526386883, 2772060.11489777918905 ], [ 367755.922675782057922, 2772062.806049604900181 ], [ 367768.083107301150449, 2772067.161717723123729 ], [ 367773.228427643480245, 2772068.047757433261722 ], [ 367795.376764631655533, 2772071.806905887555331 ], [ 367807.180498494533822, 2772074.170305978041142 ], [ 367809.930829546414316, 2772074.171789068263024 ], [ 367826.936645662877709, 2772074.357129759155214 ], [ 367858.54976117995102, 2772073.655704389326274 ], [ 367886.913961120997556, 2772073.026351603679359 ], [ 367894.949601434811484, 2772074.598396935034543 ], [ 367902.445302672917023, 2772074.36964666377753 ], [ 367914.43672811833676, 2772073.915950502734631 ], [ 367925.489390965609346, 2772073.42084718355909 ], [ 367937.483439573436044, 2772073.092192297801375 ], [ 367950.471630391431972, 2772072.491427833680063 ], [ 367966.354386757593602, 2772072.764235880225897 ], [ 367980.546114406897686, 2772072.887067095376551 ], [ 367995.570889108174015, 2772073.928900955244899 ], [ 368008.626833025657106, 2772076.389564882032573 ], [ 368023.554583556833677, 2772075.871005918364972 ], [ 368037.615883063524961, 2772075.74639449827373 ], [ 368051.145397759391926, 2772077.00887403730303 ], [ 368057.659450348641258, 2772077.614410792477429 ], [ 368089.731724707293324, 2772080.715847515035421 ], [ 368126.12765975005459, 2772075.845372301060706 ], [ 368158.219806737848558, 2772062.944846599828452 ], [ 368190.668800153711345, 2772057.661793464794755 ], [ 368233.348191879340447, 2772057.09002023562789 ], [ 368247.283116809441708, 2772056.905929374042898 ], [ 368279.735830246354453, 2772060.249025294091552 ], [ 368297.882887655636296, 2772058.346329608932137 ], [ 368308.605255314905662, 2772059.858566178008914 ], [ 368324.532399649382569, 2772059.317732155323029 ], [ 368337.592603416822385, 2772059.153141068294644 ], [ 368348.638422541203909, 2772058.345555584412068 ], [ 368373.039906483143568, 2772062.24194283830002 ], [ 368441.798382726614363, 2772056.653633954003453 ], [ 368518.768658268323634, 2772054.946248918771744 ], [ 368563.122076791129075, 2772056.587497563567013 ], [ 368579.267275764839724, 2772060.22963825520128 ], [ 368593.27141321299132, 2772063.16939064534381 ], [ 368600.360240591340698, 2772064.324769247323275 ], [ 368619.307008406321984, 2772067.467367928475142 ], [ 368631.410409688251093, 2772072.07420959090814 ], [ 368668.513749950914644, 2772079.377017022110522 ], [ 368682.945806247531436, 2772079.056781985796988 ], [ 368686.506892163073644, 2772078.977758793625981 ], [ 368709.434117492521182, 2772078.406658426392823 ], [ 368718.54002874501748, 2772083.142769127618521 ], [ 368725.620684945140965, 2772083.923373944591731 ], [ 368730.507516761077568, 2772084.439999873749912 ], [ 368748.750339877675287, 2772089.660836637020111 ], [ 368767.524862468475476, 2772087.869025873951614 ], [ 368785.531969529925846, 2772088.094771480653435 ], [ 368803.634403411764652, 2772092.631216196808964 ], [ 368819.62252010917291, 2772092.026464892551303 ], [ 368825.996553683537059, 2772091.947565877810121 ], [ 368864.331133746309206, 2772104.035991779528558 ], [ 368888.814469153061509, 2772111.61864182446152 ], [ 368941.930465356330387, 2772130.692289337981492 ], [ 369000.771328549133614, 2772168.328481286298484 ], [ 369063.898626609065104, 2772190.680363727267832 ], [ 369123.179001665557735, 2772208.679540408309549 ], [ 369175.380072409752756, 2772225.960806059651077 ], [ 369196.235492375912145, 2772233.436345214489847 ], [ 369216.629653170472011, 2772251.110721580684185 ], [ 369231.874676757026464, 2772262.086113256402314 ], [ 369248.020661311573349, 2772271.41654716571793 ], [ 369263.159000270999968, 2772277.581336560659111 ], [ 369276.335537696781103, 2772285.477259361650795 ], [ 369295.55255274794763, 2772297.989633196033537 ], [ 369319.831407768710051, 2772310.452321834396571 ], [ 369334.980615298263729, 2772319.929741664789617 ], [ 369346.193874095566571, 2772329.494383701123297 ], [ 369354.368071348115336, 2772337.313909014221281 ], [ 369372.652227909769863, 2772350.034572321455926 ], [ 369391.870565109944437, 2772362.609417205676436 ], [ 369397.931974751700182, 2772365.350123759359121 ], [ 369405.260743629653007, 2772371.688299348577857 ], [ 369418.673293196363375, 2772378.953762153163552 ], [ 369421.293043076759204, 2772381.521083297207952 ], [ 369439.545147412281949, 2772395.617528659757227 ], [ 369450.786183132906444, 2772403.618858410976827 ], [ 369461.899729364085943, 2772411.498143318574876 ], [ 369478.084602932503913, 2772422.577660146169364 ], [ 369491.39424274477642, 2772433.658454322256148 ], [ 369498.571545384125784, 2772441.625047768466175 ], [ 369509.791784414672293, 2772454.314891285263002 ], [ 369527.191120702191256, 2772475.055881693027914 ], [ 369534.467032390355598, 2772484.64536988036707 ], [ 369545.680317183607258, 2772494.210162797011435 ], [ 369558.905291033152025, 2772507.105486667715013 ], [ 369573.111774517572485, 2772516.35370627976954 ], [ 369588.395727475523017, 2772529.078294913284481 ], [ 369602.546654115896672, 2772538.64029746176675 ], [ 369617.862348557100631, 2772552.801917563192546 ], [ 369624.104107918043155, 2772560.851721471175551 ], [ 369631.217628802871332, 2772568.757074253167957 ], [ 369640.873180018737912, 2772581.356529321521521 ], [ 369645.788957656011917, 2772588.810843719169497 ], [ 369648.322665623214561, 2772593.129886648152024 ], [ 369659.567500397912227, 2772612.569963454734534 ], [ 369663.5211759977974, 2772618.920361252035946 ], [ 369673.791497259866446, 2772639.507021757308394 ], [ 369687.265897506324109, 2772663.647863511927426 ], [ 369695.685734438302461, 2772679.712587590329349 ], [ 369705.017624441941734, 2772697.444811948575079 ], [ 369710.862075941287912, 2772710.128898102790117 ], [ 369715.883083644905128, 2772725.143886549863964 ], [ 369719.159295383491553, 2772734.759707510937005 ], [ 369722.116183980542701, 2772741.257202635984868 ], [ 369723.533664090442471, 2772745.976122751832008 ], [ 369730.825696610496379, 2772770.379296319559216 ], [ 369736.95471992471721, 2772784.619700733106583 ], [ 369742.275811922911089, 2772799.065526464954019 ], [ 369746.565381468040869, 2772812.096527696587145 ], [ 369757.203277906693984, 2772837.987909776624292 ], [ 369762.387110792275053, 2772849.061591495759785 ], [ 369768.603718615602702, 2772858.799641876015812 ], [ 369782.924080781114753, 2772873.170736153144389 ], [ 369793.06287353404332, 2772879.383916964754462 ], [ 369812.209110385854729, 2772888.710023947060108 ], [ 369822.349380539322738, 2772894.98556784261018 ], [ 369850.553202781826258, 2772904.048170784022659 ], [ 369867.91126267920481, 2772911.663596118334681 ], [ 369894.070078115619253, 2772915.896159939933568 ], [ 369915.307643820764497, 2772915.237357665784657 ], [ 370016.997949185257312, 2772909.292859943117946 ], [ 370037.059607366390992, 2772900.721849865745753 ], [ 370057.301574143813923, 2772900.272786173038185 ], [ 370125.787929107609671, 2772905.003461764194071 ], [ 370136.117232240969315, 2772905.711858173832297 ], [ 370149.227258985862136, 2772904.983397988602519 ], [ 370151.512531183194369, 2772903.745077373459935 ], [ 370162.634543981170282, 2772897.935390520840883 ], [ 370214.581567852234002, 2772864.342020562384278 ], [ 370231.754248240729794, 2772852.334966596681625 ], [ 370254.898259479086846, 2772836.194694265723228 ], [ 370289.554567061422858, 2772814.923885609023273 ], [ 370318.050632920116186, 2772797.72748146392405 ], [ 370354.238238804624416, 2772775.047629319131374 ], [ 370372.649200300453231, 2772765.325553218368441 ], [ 370381.112697928212583, 2772760.824893170967698 ], [ 370407.852550138137303, 2772743.355084954760969 ], [ 370426.878405467607081, 2772735.99457512749359 ], [ 370452.164452994707972, 2772723.432491392828524 ], [ 370464.69719046796672, 2772716.403850291389972 ], [ 370477.796339206106495, 2772709.549934188835323 ], [ 370502.798955668578856, 2772703.932254998013377 ], [ 370514.472296666703187, 2772694.797461748123169 ], [ 370518.880270354158711, 2772693.449451649095863 ], [ 370547.025014456594363, 2772680.136282507330179 ], [ 370569.199640986102168, 2772671.018611141480505 ], [ 370600.820760980132036, 2772656.628127017524093 ], [ 370626.239951796131209, 2772650.063409140333533 ], [ 370663.152836361143272, 2772648.806888868566602 ], [ 370719.224762228957843, 2772646.187739245593548 ], [ 370761.043864735285752, 2772649.135073769371957 ], [ 370798.198025975085329, 2772658.749127185437828 ], [ 370838.352432768326253, 2772665.546218978241086 ], [ 370874.022466734633781, 2772673.068035148549825 ], [ 370892.360730743966997, 2772676.974068337120116 ], [ 370917.669747243344318, 2772682.35035547753796 ], [ 370959.731538148014806, 2772693.418046164792031 ], [ 371011.542015455255751, 2772707.207229548599571 ], [ 371053.53990877175238, 2772718.214003356173635 ], [ 371098.918153498263564, 2772732.270774398930371 ], [ 371134.511668093909975, 2772741.981876138132066 ], [ 371157.304832747322507, 2772752.289576152339578 ], [ 371189.745389636023901, 2772763.570792532525957 ], [ 371227.450117162428796, 2772786.736132049001753 ], [ 371231.930682985810563, 2772780.198695483617485 ], [ 371249.829964671749622, 2772786.86453625606373 ], [ 371266.057906531146728, 2772794.255131879355758 ], [ 371298.465144631802104, 2772804.036927766166627 ], [ 371327.688954577199183, 2772814.014414100907743 ], [ 371355.155426578305196, 2772820.842987751588225 ], [ 371406.733980481687468, 2772829.824193795677274 ], [ 371445.197470788611099, 2772828.033147858921438 ], [ 371485.785276910406537, 2772826.194946952629834 ], [ 371493.277909873984754, 2772825.841139889322221 ], [ 371493.895318248018157, 2772825.761162864044309 ], [ 371493.895318248018157, 2770527.296354989055544 ] ] ], [ [ [ 371493.895318248018157, 2774653.424178011715412 ], [ 371481.001216867240146, 2774666.268257651943713 ], [ 371439.042682443745434, 2774702.077897389419377 ], [ 371408.111604185949545, 2774739.080255003646016 ], [ 371396.555024018511176, 2774750.650371151976287 ], [ 371370.748534690181259, 2774776.350519734434783 ], [ 371339.442657237639651, 2774802.110396970063448 ], [ 371297.371662664052565, 2774841.297800617758185 ], [ 371272.432770265731961, 2774866.666218825150281 ], [ 371236.524713723512832, 2774899.091466704849154 ], [ 371208.437183439324144, 2774926.217363618314266 ], [ 371192.718292148550972, 2774941.755138322710991 ], [ 371189.969155779806897, 2774950.254516140557826 ], [ 371178.587629153742455, 2774961.258210468105972 ], [ 371148.065957553393673, 2775005.439659947995096 ], [ 371105.072819743072614, 2775065.024475077167153 ], [ 371094.608668063301593, 2775083.571021194104105 ], [ 371071.706403023097664, 2775121.832927864044905 ], [ 371039.60071059409529, 2775173.487959851510823 ], [ 371010.471539906342514, 2775218.451172904577106 ], [ 370975.48495366203133, 2775278.295944202691317 ], [ 370949.675269106577616, 2775326.373286722227931 ], [ 370941.33812854916323, 2775339.371916937176138 ], [ 370925.029039103712421, 2775378.987820481415838 ], [ 370911.089800098910928, 2775412.737720707897097 ], [ 370907.105216437485069, 2775421.889614185784012 ], [ 370901.940559493610635, 2775434.192893147002906 ], [ 370875.043507628899533, 2775498.045970282983035 ], [ 370873.91627085901564, 2775500.758699301164597 ], [ 370870.370416435704101, 2775512.776070092339069 ], [ 370866.11625796201406, 2775532.309750261716545 ], [ 370861.152740240911953, 2775553.671789250802249 ], [ 370860.472447355743498, 2775556.812238268554211 ], [ 370848.568620154983364, 2775586.516890027094632 ], [ 370830.857113418751396, 2775638.977306358981878 ], [ 370800.688030964287464, 2775701.840425475966185 ], [ 370794.972057601902634, 2775723.094228881411254 ], [ 370790.748630616581067, 2775746.815295869484544 ], [ 370788.188346969487611, 2775763.811216018628329 ], [ 370785.522624596371315, 2775781.684563801623881 ], [ 370778.388974594359752, 2775809.470476639922708 ], [ 370774.670947116799653, 2775827.804595699999481 ], [ 370775.863087704638019, 2775881.470609224867076 ], [ 370777.048232116154395, 2775934.824023071676493 ], [ 370815.079265881679021, 2776037.363353042863309 ], [ 370824.154743962688372, 2776046.350224405527115 ], [ 370839.133130469708703, 2776065.019169370178133 ], [ 370854.175496131298132, 2776083.749325255397707 ], [ 370875.75549041928025, 2776106.959358954802155 ], [ 370889.037634191918187, 2776122.415623607579619 ], [ 370912.716597377788275, 2776150.079762657172978 ], [ 370937.345519466442056, 2776178.285181233659387 ], [ 370955.77670366584789, 2776203.252878877334297 ], [ 370974.31491985952016, 2776233.031344666145742 ], [ 370987.939742330112495, 2776258.293377525638789 ], [ 370994.925593190302607, 2776277.327267240732908 ], [ 370995.372588726866525, 2776291.818565143737942 ], [ 370991.905782206798904, 2776335.524629730265588 ], [ 370977.952682911010925, 2776402.402991903480142 ], [ 370967.509482659283094, 2776430.324845843017101 ], [ 370964.196919467824046, 2776441.586961972061545 ], [ 370952.879127553896978, 2776466.715610932093114 ], [ 370940.951944004977122, 2776486.919885317794979 ], [ 370931.401603555481415, 2776507.19634260982275 ], [ 370921.9012109299656, 2776518.470825606491417 ], [ 370907.998520161316264, 2776534.156223052181304 ], [ 370885.374198850942776, 2776562.411388557869941 ], [ 370857.257641034026165, 2776588.225856280419976 ], [ 370838.263851099531166, 2776608.274522768333554 ], [ 370829.322993871639483, 2776616.599052628967911 ], [ 370813.340604128956329, 2776631.517906590830535 ], [ 370788.415739240241237, 2776654.698778313118964 ], [ 370754.515396319387946, 2776684.642041194718331 ], [ 370717.948109705932438, 2776721.145325686316937 ], [ 370707.078888868563809, 2776752.389673521742225 ], [ 370699.08621693594614, 2776780.882293501868844 ], [ 370694.033972648903728, 2776809.49718446098268 ], [ 370694.395033026114106, 2776814.489604087080806 ], [ 370693.83677159040235, 2776820.315014889463782 ], [ 370694.261604586499743, 2776833.806837857700884 ], [ 370698.026793083990924, 2776851.349809936713427 ], [ 370705.085004737309646, 2776873.632411225698888 ], [ 370721.92820687830681, 2776900.260730159468949 ], [ 370742.018678984197322, 2776926.754126499872655 ], [ 370768.539821392041631, 2776952.917257422581315 ], [ 370781.580405886983499, 2776965.941119096241891 ], [ 370793.340997548948508, 2776977.618360740598291 ], [ 370813.055082552542444, 2776992.806594979483634 ], [ 370831.109084705472924, 2777006.406719730235636 ], [ 370845.944764840882272, 2777018.640738708432764 ], [ 370867.247307788813487, 2777032.168668611906469 ], [ 370888.656641734647565, 2777050.507051351014525 ], [ 370904.248776372463908, 2777063.036656941752881 ], [ 370913.349294784828089, 2777070.335150734521449 ], [ 370933.099684502580203, 2777087.147688084281981 ], [ 370937.300708937109448, 2777090.554648230783641 ], [ 370959.389011203951668, 2777108.503031811211258 ], [ 370982.862865652830806, 2777129.733365019317716 ], [ 370984.977351671957877, 2777132.061394040472806 ], [ 371017.193379642325453, 2777166.973706326913089 ], [ 371085.433790083450731, 2777228.150276177097112 ], [ 371103.351606723037548, 2777246.878672759979963 ], [ 371131.480388865456916, 2777277.88141324184835 ], [ 371141.605605873162858, 2777291.907524851616472 ], [ 371168.512811298249289, 2777332.625722617842257 ], [ 371185.078185726306401, 2777349.571520175319165 ], [ 371201.381370848044753, 2777371.586100867018104 ], [ 371223.564085813297424, 2777399.408153116237372 ], [ 371241.691509573196527, 2777416.319188927300274 ], [ 371261.646059216116555, 2777439.502791818697006 ], [ 371267.587989443447441, 2777448.121592230163515 ], [ 371276.760699038626626, 2777461.481289301998913 ], [ 371300.987144568003714, 2777496.883553155232221 ], [ 371307.766194692288991, 2777509.42148265009746 ], [ 371347.660034450120293, 2777594.479605420026928 ], [ 371348.908081704459619, 2777600.015002392232418 ], [ 371351.028202547226101, 2777633.533197728917003 ], [ 371338.189144326199312, 2777640.819252742920071 ], [ 371327.199133921123575, 2777641.313450649846345 ], [ 371311.080783563607838, 2777638.859146766364574 ], [ 371299.149443250033073, 2777636.373910519760102 ], [ 371291.9120975228725, 2777634.159625426866114 ], [ 371288.834096172940917, 2777633.477887266781181 ], [ 371275.309159459313378, 2777626.778010243084282 ], [ 371267.959359333268367, 2777625.128669004887342 ], [ 371248.192250873544253, 2777610.379052767064422 ], [ 371240.950704773771577, 2777605.16462518228218 ], [ 371226.441238480503671, 2777593.548706276342273 ], [ 371217.672754145984072, 2777587.117884057573974 ], [ 371193.249278110684827, 2777565.346268276683986 ], [ 371178.342898767441511, 2777549.926297725178301 ], [ 371160.151446919131558, 2777532.954151746816933 ], [ 371141.989306983421557, 2777514.481092266738415 ], [ 371127.020401310990565, 2777499.062318555545062 ], [ 371103.914460731146391, 2777477.511521198786795 ], [ 371085.76207442273153, 2777462.28851692378521 ], [ 371046.261165949457791, 2777428.66331019019708 ], [ 371029.631888831208926, 2777411.656478245276958 ], [ 371012.790012217126787, 2777399.154652525205165 ], [ 371011.137827138300054, 2777397.941227368544787 ], [ 371004.675292609783355, 2777394.021936715114862 ], [ 370988.773281640722416, 2777384.437013466376811 ], [ 370972.159245745337103, 2777382.181062431074679 ], [ 370957.999735966441222, 2777386.308545073494315 ], [ 370955.192431377712637, 2777389.371253268327564 ], [ 370942.607409911113791, 2777399.651825598906726 ], [ 370931.913140962074976, 2777416.265897556208074 ], [ 370921.361805667984299, 2777439.314990122336894 ], [ 370912.471089511993341, 2777463.952231487259269 ], [ 370907.975803113484289, 2777483.866500430740416 ], [ 370902.230904235155322, 2777509.433969483245164 ], [ 370898.787895604677033, 2777526.074448473751545 ], [ 370892.673865997698158, 2777551.900058341212571 ], [ 370889.509923144010827, 2777575.472451945301145 ], [ 370888.760201397817582, 2777581.114707778673619 ], [ 370889.064453224476893, 2777600.422033097594976 ], [ 370888.335649218934122, 2777618.252453350927681 ], [ 370887.229183558083605, 2777635.96617330564186 ], [ 370884.698222769540735, 2777657.086699005682021 ], [ 370882.104997866787016, 2777689.459721864201128 ], [ 370881.866409453563392, 2777692.777747394051403 ], [ 370879.013445259770378, 2777733.157385807018727 ], [ 370876.331279202655423, 2777755.90660839388147 ], [ 370874.601631616533268, 2777782.134787387214601 ], [ 370874.235190849867649, 2777788.143563475925475 ], [ 370873.604986169259064, 2777810.409578060731292 ], [ 370873.183018984796945, 2777825.17020478239283 ], [ 370874.471499367675278, 2777849.393718898762017 ], [ 370874.888090636697598, 2777862.510716036427766 ], [ 370875.128320250660181, 2777870.50594173418358 ], [ 370875.982191581744701, 2777897.676974978297949 ], [ 370877.671940456493758, 2777906.202713780105114 ], [ 370879.78362269711215, 2777916.844247758854181 ], [ 370880.605702506611124, 2777942.57827681908384 ], [ 370886.245262261247262, 2777971.330502077937126 ], [ 370887.729461419396102, 2777987.486430474091321 ], [ 370897.417374397045933, 2778024.024423302616924 ], [ 370911.512050644727424, 2778061.964462846983224 ], [ 370931.783273597597145, 2778096.579458143096417 ], [ 370943.612082574341912, 2778116.943446978460997 ], [ 370963.702673538587987, 2778143.436649009585381 ], [ 370972.239741433179006, 2778159.123326810542494 ], [ 370991.995736861717887, 2778187.436723564285785 ], [ 370998.24059908289928, 2778195.611053082626313 ], [ 371005.536243752925657, 2778206.074871830642223 ], [ 371032.456165611336473, 2778241.72957224631682 ], [ 371040.88629779254552, 2778252.605640842579305 ], [ 371060.743603478302248, 2778274.228714689612389 ], [ 371082.358884118089918, 2778299.000291197560728 ], [ 371094.29299503727816, 2778312.861349202692509 ], [ 371102.37713105865987, 2778322.24483210220933 ], [ 371124.163040389306843, 2778351.888203595299274 ], [ 371144.460637232521549, 2778376.439202904701233 ], [ 371152.424083289806731, 2778386.012919209431857 ], [ 371170.916859801043756, 2778410.916640476789325 ], [ 371189.219446088129189, 2778432.886655250564218 ], [ 371205.851857442117762, 2778452.831231510732323 ], [ 371224.112594460777473, 2778472.926995269488543 ], [ 371250.740885701612569, 2778503.900112047791481 ], [ 371275.639362213842105, 2778530.161494586616755 ], [ 371300.574080322578084, 2778558.0470623774454 ], [ 371323.899441089190077, 2778581.030571350362152 ], [ 371341.307905038411263, 2778602.145203593187034 ], [ 371359.589435633446556, 2778620.365471184719354 ], [ 371378.42519084806554, 2778638.198185521177948 ], [ 371403.287452758930158, 2778662.834971549455076 ], [ 371428.138591098831967, 2778684.159356739837676 ], [ 371460.977092253626324, 2778713.306908456142992 ], [ 371480.826145832659677, 2778731.742116825189441 ], [ 371493.895318248018157, 2778744.507511817384511 ], [ 371493.895318248018157, 2774653.424178011715412 ] ] ], [ [ [ 371493.895318248018157, 2780527.296354989055544 ], [ 371493.895318248018157, 2779911.207719432190061 ], [ 371476.508844029565807, 2779912.001679358072579 ], [ 371460.808182323118672, 2779911.475782193243504 ], [ 371453.176753281499259, 2779911.207891419064254 ], [ 371436.336211360292509, 2779910.019831494893879 ], [ 371398.2754028046038, 2779907.42878645658493 ], [ 371357.219841205514967, 2779905.091680223122239 ], [ 371329.997624436335173, 2779900.821766450535506 ], [ 371283.263651245913934, 2779893.297868467401713 ], [ 371241.309719310840592, 2779887.105592380743474 ], [ 371212.290980122692417, 2779883.563212568871677 ], [ 371188.14506800356321, 2779879.912490523420274 ], [ 371157.295093793130945, 2779875.535509672947228 ], [ 371131.669312745973002, 2779872.79283672850579 ], [ 371097.877414196147583, 2779871.044248931109905 ], [ 371077.012145825778134, 2779868.758178764488548 ], [ 371052.837231645069551, 2779866.608188702259213 ], [ 371039.974485000420827, 2779867.206753196660429 ], [ 371019.219224783009849, 2779869.856000984553248 ], [ 370996.562927040096838, 2779874.172837115358561 ], [ 370920.495504760823678, 2779891.116303798276931 ], [ 370916.390258635452483, 2779892.020071798935533 ], [ 370903.086098052735906, 2779898.066616799216717 ], [ 370882.075372096092906, 2779906.097147832624614 ], [ 370864.597790583153255, 2779915.611660773400217 ], [ 370848.90462319139624, 2779937.900286230724305 ], [ 370846.607289523642976, 2779949.827517675235868 ], [ 370842.21064591279719, 2779962.926354008261114 ], [ 370835.941405740391929, 2779978.94230005890131 ], [ 370833.281392366276123, 2779985.814646884333342 ], [ 370824.353669589734636, 2780008.765179520938545 ], [ 370805.986595605150796, 2780040.114158861804754 ], [ 370798.546945186564699, 2780059.718743074685335 ], [ 370783.597008130629547, 2780095.74219205789268 ], [ 370781.86994027311448, 2780102.406211138702929 ], [ 370776.399157776497304, 2780123.404715020209551 ], [ 370774.079810338560492, 2780154.021656640339643 ], [ 370774.292440093471669, 2780160.767590690404177 ], [ 370784.37841501890216, 2780203.922226028516889 ], [ 370794.595459737814963, 2780283.889608312863857 ], [ 370829.364566309028305, 2780329.557874500751495 ], [ 370889.801163013791665, 2780382.655684863682836 ], [ 370893.644058135105297, 2780384.007881380151957 ], [ 370951.565326321404427, 2780397.095670705195516 ], [ 370972.465439655759837, 2780398.130716161802411 ], [ 370987.08443648647517, 2780397.805582537315786 ], [ 370996.697316082892939, 2780402.842258446384221 ], [ 371014.91228495631367, 2780412.437771575525403 ], [ 371019.660581967094913, 2780417.95777705591172 ], [ 371025.967118897824548, 2780440.131907543167472 ], [ 371026.431041686213575, 2780460.998472371604294 ], [ 371027.190159222984221, 2780497.922305400948972 ], [ 371027.628066354198381, 2780520.414496872574091 ], [ 371027.781160329061095, 2780527.296354989055544 ], [ 371493.895318248018157, 2780527.296354989055544 ] ] ] ] } },
{ "type": "Feature", "properties": { "area_km2": 63.397521930681158, "block_id": "SYL-B006", "loss_pixels": 1.0, "plantation_ha": 0.0, "split": "val" }, "geometry": { "type": "Polygon", "coordinates": [ [ [ 371493.895318248018157, 2730527.296354989055544 ], [ 381493.895318248018157, 2730527.296354989055544 ], [ 381493.895318248018157, 2727103.152474227827042 ], [ 381484.485601775057148, 2727103.43518087733537 ], [ 381460.18890777125489, 2727104.153490617405623 ], [ 381447.076709707616828, 2727101.877525631338358 ], [ 381418.845068759284914, 2727096.994349246844649 ], [ 381411.602310359128751, 2727094.465118318796158 ], [ 381390.504257647262421, 2727087.113607501611114 ], [ 381352.125536211940926, 2727072.639673030935228 ], [ 381331.977841809624806, 2727063.017357394099236 ], [ 381323.768042110081296, 2727059.134242709726095 ], [ 381292.319528064574115, 2727044.321323776617646 ], [ 381258.712796952109784, 2727027.993179668206722 ], [ 381225.168620676267892, 2727011.66347115766257 ], [ 381180.292860314366408, 2726994.456581417005509 ], [ 381149.747969301766716, 2726986.686498576309532 ], [ 381130.443997390684672, 2726981.358211236074567 ], [ 381117.225659651565365, 2726977.084476971998811 ], [ 381093.890812484722119, 2726970.344253766816109 ], [ 381089.555946644512005, 2726969.31396228261292 ], [ 381076.739696327887941, 2726966.281508949585259 ], [ 381053.402119089732878, 2726959.416342084761709 ], [ 381034.260048160329461, 2726955.772033939138055 ], [ 380985.894708975683898, 2726933.328721981029958 ], [ 380978.891328632365912, 2726921.73181005846709 ], [ 380965.832331511424854, 2726910.454547499772161 ], [ 380957.753998964210041, 2726904.005948980338871 ], [ 380940.728166193643119, 2726891.377905148547143 ], [ 380927.772703585098498, 2726881.973515375051647 ], [ 380919.657416454632767, 2726873.8382468810305 ], [ 380901.667484247474931, 2726862.856343322899193 ], [ 380887.672848506423179, 2726851.66203122260049 ], [ 380878.636001249309629, 2726847.109370563179255 ], [ 380866.616075295256451, 2726837.622040772810578 ], [ 380854.693008980888408, 2726829.694978693500161 ], [ 380836.704310381959658, 2726818.775494343601167 ], [ 380820.673730531067122, 2726805.938160927500576 ], [ 380812.72044650116004, 2726799.486797008197755 ], [ 380793.820408807951026, 2726786.899689434096217 ], [ 380784.746551860473119, 2726780.660506851971149 ], [ 380765.732822775258683, 2726771.450862619560212 ], [ 380755.783062441041693, 2726765.168267954140902 ], [ 380741.826695420080796, 2726755.723012817557901 ], [ 380724.776430392870679, 2726744.845560496672988 ], [ 380713.825771662930492, 2726738.522189761977643 ], [ 380702.041269678040408, 2726731.217234950978309 ], [ 380698.868388179689646, 2726729.036394125781953 ], [ 380691.268380412715487, 2726724.452468445524573 ], [ 380680.879935749573633, 2726718.116876577958465 ], [ 380672.447119850665331, 2726712.613600489683449 ], [ 380668.89287279441487, 2726710.128827937878668 ], [ 380663.574438300682232, 2726706.995052587240934 ], [ 380650.722338093852159, 2726699.463081249035895 ], [ 380639.710618747398257, 2726693.203748067375273 ], [ 380629.695611473114695, 2726686.797540796454996 ], [ 380611.671537345624529, 2726674.253755724057555 ], [ 380601.5982039195369, 2726668.036227585747838 ], [ 380583.484613058390096, 2726657.119343731086701 ], [ 380564.372921097208746, 2726646.286808941978961 ], [ 380530.056826156680472, 2726626.098932048305869 ], [ 380501.685075134504586, 2726609.093513825442642 ], [ 380474.499151989875827, 2726591.99987743422389 ], [ 380435.432186404825188, 2726568.91584002552554 ], [ 380410.658212386711966, 2726553.519262672867626 ], [ 380387.920222645159811, 2726539.765860239509493 ], [ 380370.248008564172778, 2726529.026845080312341 ], [ 380339.996534653415438, 2726508.937662371899933 ], [ 380317.594998026208486, 2726493.427017460111529 ], [ 380298.163865372480359, 2726479.413711831439286 ], [ 380275.952548981877044, 2726464.023867470212281 ], [ 380253.864813792286441, 2726448.568758615292609 ], [ 380237.572443062905222, 2726438.049478201195598 ], [ 380213.637515414389782, 2726421.009825947228819 ], [ 380200.186236559180543, 2726411.803599199280143 ], [ 380185.913302319066133, 2726399.30276266625151 ], [ 380166.771466749545652, 2726387.09574685851112 ], [ 380150.686715329065919, 2726374.634593807626516 ], [ 380125.818811752600595, 2726357.802471202332526 ], [ 380110.585722365009133, 2726347.13520920323208 ], [ 380089.660705476184376, 2726333.404839706141502 ], [ 380072.477017043624073, 2726319.280082151293755 ], [ 380058.23934165504761, 2726308.40350254997611 ], [ 380033.39712375390809, 2726289.883305424358696 ], [ 380019.135222703393083, 2726280.757441787049174 ], [ 380002.887153056275565, 2726266.549492615740746 ], [ 379984.719310839078389, 2726256.008913469966501 ], [ 379976.08676680031931, 2726249.947489332407713 ], [ 379970.69651011924725, 2726246.377575911581516 ], [ 379967.526502150227316, 2726244.32179002976045 ], [ 379950.213876830239315, 2726232.887338742613792 ], [ 379943.003730444703251, 2726228.982302977703512 ], [ 379939.953299910994247, 2726226.673983585089445 ], [ 379929.976174404553603, 2726219.141735882963985 ], [ 379902.917745356331579, 2726202.170205093920231 ], [ 379875.738515126577113, 2726185.388591696508229 ], [ 379867.9994016859564, 2726177.307566996663809 ], [ 379853.384274320153054, 2726166.314173692371696 ], [ 379837.796409936621785, 2726153.717054604087025 ], [ 379810.323540398385376, 2726134.941880594938993 ], [ 379797.555417634139303, 2726125.53331601107493 ], [ 379777.786244315328076, 2726113.214946120046079 ], [ 379757.887900540605187, 2726100.711885998025537 ], [ 379736.929069831385277, 2726088.294551906175911 ], [ 379713.996654424932785, 2726074.23278063070029 ], [ 379700.014488448621705, 2726066.475523795001209 ], [ 379678.80443536886014, 2726054.001085728872567 ], [ 379672.046462567173876, 2726050.773697762750089 ], [ 379662.637226900842506, 2726046.354250751435757 ], [ 379652.501460118277464, 2726040.138022104278207 ], [ 379640.302659034263343, 2726033.904441137332469 ], [ 379627.005066541139968, 2726026.007102368399501 ], [ 379614.87003311375156, 2726019.834676800761372 ], [ 379598.562603689555544, 2726008.628158748149872 ], [ 379578.197334833384957, 2725997.635437380056828 ], [ 379562.055764415592421, 2725988.300370707176626 ], [ 379548.808056069421582, 2725976.964520717971027 ], [ 379531.604426728561521, 2725967.652531239204109 ], [ 379521.552487513748929, 2725959.559496386442333 ], [ 379500.275807919737417, 2725946.898951824288815 ], [ 379482.125296423328109, 2725934.295288336463273 ], [ 379472.107591875828803, 2725927.764081160537899 ], [ 379454.905402085394599, 2725918.514741238672286 ], [ 379433.752228762255982, 2725905.788988717831671 ], [ 379424.687367214821279, 2725894.236905884929001 ], [ 379405.495035523665138, 2725879.718356773722917 ], [ 379375.351979584433138, 2725858.876239769626409 ], [ 379355.226665608584881, 2725844.565637310966849 ], [ 379335.199304036097601, 2725831.877768500708044 ], [ 379312.098293340066448, 2725815.819649368524551 ], [ 379289.134946047619451, 2725803.196087132673711 ], [ 379267.984342812909745, 2725790.595140572171658 ], [ 379246.252585594367702, 2725777.132118983194232 ], [ 379243.217011639208067, 2725775.510779983829707 ], [ 379234.55631033598911, 2725771.012457293923944 ], [ 379223.555411041365005, 2725765.252563987392932 ], [ 379199.84768757596612, 2725752.895088061224669 ], [ 379188.670074091525748, 2725744.764214361552149 ], [ 379168.703701453690883, 2725732.012583828996867 ], [ 379150.624147595837712, 2725722.657153894659132 ], [ 379132.381503320473712, 2725711.555458707734942 ], [ 379122.369178971857764, 2725705.273956077173352 ], [ 379104.186224255186971, 2725694.045857133343816 ], [ 379089.015746289340314, 2725686.252002053428441 ], [ 379063.712149936414789, 2725672.36690708855167 ], [ 379035.047128617472481, 2725656.242654841393232 ], [ 379032.389273937325925, 2725654.73834565281868 ], [ 379030.415785597171634, 2725653.093747023958713 ], [ 379000.561367379967123, 2725639.745494545903057 ], [ 378974.980868444079533, 2725627.491393321193755 ], [ 378963.680937659693882, 2725619.488117347005755 ], [ 378954.47802849044092, 2725613.064018648583442 ], [ 378943.182132165064104, 2725605.247886420693249 ], [ 378927.909659498487599, 2725595.643811023794115 ], [ 378909.505221658502705, 2725582.858113370835781 ], [ 378881.131354377896059, 2725560.039708339143544 ], [ 378874.317429861810524, 2725554.25092139467597 ], [ 378865.782560955616646, 2725546.937183291651309 ], [ 378845.672109227860346, 2725530.438663232605904 ], [ 378825.602331510803197, 2725515.813996138982475 ], [ 378809.438451758236624, 2725502.604228608775884 ], [ 378774.363712998805568, 2725476.307255420368165 ], [ 378764.839018503727857, 2725469.452613136265427 ], [ 378753.898800522554666, 2725460.753856420982629 ], [ 378746.393521688180044, 2725454.792629947885871 ], [ 378727.10455304721836, 2725438.713706768583506 ], [ 378721.572704540332779, 2725434.396830263081938 ], [ 378702.686591643840075, 2725425.309019931592047 ], [ 378680.094594101770781, 2725409.677037965506315 ], [ 378649.4240528253722, 2725396.158979731146246 ], [ 378614.535507756925654, 2725372.670425868127495 ], [ 378594.162453168013599, 2725367.052608978003263 ], [ 378557.318578027770855, 2725345.606944014318287 ], [ 378518.67767975886818, 2725336.325417080894113 ], [ 378510.573849654640071, 2725334.439735060092062 ], [ 378498.480608552985359, 2725338.766522075049579 ], [ 378454.677402821485884, 2725342.098022575024515 ], [ 378441.992747696698643, 2725339.374738310463727 ], [ 378436.01981471083127, 2725337.755096754059196 ], [ 378412.996413725486491, 2725339.570387901272625 ], [ 378398.194836784678046, 2725340.081097518093884 ], [ 378382.199525971082039, 2725340.305346792098135 ], [ 378371.163671478396282, 2725341.546319201122969 ], [ 378353.102190659963526, 2725350.190987713169307 ], [ 378350.612889991491102, 2725350.682884527835995 ], [ 378333.77892386727035, 2725358.300511157605797 ], [ 378313.080596856074408, 2725375.002936899662018 ], [ 378300.472072907665279, 2725387.215881546027958 ], [ 378295.617635363014415, 2725393.884507523383945 ], [ 378290.826643336098641, 2725397.739145101979375 ], [ 378278.765287507267203, 2725423.565528824925423 ], [ 378272.927174457814544, 2725439.568507984746248 ], [ 378264.152885492891073, 2725455.635399376042187 ], [ 378259.260631522512995, 2725466.305023219902068 ], [ 378253.65044204890728, 2725492.74056043010205 ], [ 378248.7734014444286, 2725506.972257852554321 ], [ 378244.933014995302074, 2725522.868834275286645 ], [ 378241.819919489382301, 2725531.999666072893888 ], [ 378242.624651002464816, 2725568.857782177161425 ], [ 378241.825432153651491, 2725589.500743260141462 ], [ 378241.574742074706592, 2725595.193823009729385 ], [ 378241.763357446528971, 2725621.002604187931865 ], [ 378241.937764674425125, 2725640.436757817864418 ], [ 378242.818175885186065, 2725657.855433489196002 ], [ 378243.342717398423702, 2725661.843962730374187 ], [ 378244.123204534756951, 2725671.827132531907409 ], [ 378249.670511831820477, 2725708.331865518819541 ], [ 378248.16323445586022, 2725750.928250074852258 ], [ 378245.508605943468865, 2725795.36202208744362 ], [ 378250.445949883200228, 2725869.755710105411708 ], [ 378247.319242255063727, 2725881.136841420084238 ], [ 378243.433100907248445, 2725900.659604077227414 ], [ 378237.67269906506408, 2725920.223256612662226 ], [ 378230.877358351659495, 2725938.184484637808055 ], [ 378222.066959999850951, 2725961.189987594727427 ], [ 378214.286041708255652, 2725982.673001329880208 ], [ 378208.439136508502997, 2726003.988574222661555 ], [ 378203.147338163340464, 2726024.979448672849685 ], [ 378197.765977951756213, 2726044.722539815120399 ], [ 378191.945780672831461, 2726064.412443643435836 ], [ 378187.067783583537675, 2726078.581954100634903 ], [ 378184.32766858843388, 2726084.766864114440978 ], [ 378179.268656233209185, 2726096.377695250324905 ], [ 378173.407593593234196, 2726114.193450147751719 ], [ 378167.572346959495917, 2726130.32140635792166 ], [ 378157.864529717946425, 2726155.15884829685092 ], [ 378151.925755830307025, 2726169.413866730872542 ], [ 378142.48858775338158, 2726183.745399984531105 ], [ 378139.765962437377311, 2726187.867378106806427 ], [ 378135.031049479846843, 2726194.283417831175029 ], [ 378127.308929588762112, 2726207.014906838070601 ], [ 378120.557874000165612, 2726218.412457392085344 ], [ 378115.184699211386032, 2726227.092693160753697 ], [ 378095.698995165992528, 2726253.518874504603446 ], [ 378086.229159948357847, 2726266.350991270504892 ], [ 378084.528888016706333, 2726268.63800549088046 ], [ 378070.128138846252114, 2726284.640454087406397 ], [ 378048.241700695827603, 2726301.306509167421609 ], [ 378034.325390665384475, 2726313.735675605479628 ], [ 378010.042759486474097, 2726312.265910970978439 ], [ 377987.759223624656443, 2726310.752617976162583 ], [ 377970.113765673653688, 2726312.700610627885908 ], [ 377967.931418007938191, 2726312.93583571864292 ], [ 377965.795009591733105, 2726312.41989736398682 ], [ 377934.247299982584082, 2726304.546355431899428 ], [ 377929.408339495654218, 2726303.339494618587196 ], [ 377849.275435498915613, 2726297.33963752631098 ], [ 377840.891944786882959, 2726296.960228573065251 ], [ 377824.975440083770081, 2726297.932917432393879 ], [ 377812.265564016939607, 2726302.648190955165774 ], [ 377801.157842247281224, 2726303.453388649504632 ], [ 377791.114831139100716, 2726304.360316326841712 ], [ 377781.014915532665327, 2726305.518263667356223 ], [ 377770.221941435826011, 2726303.566525886300951 ], [ 377751.678152827196755, 2726298.721434635575861 ], [ 377738.766437089361716, 2726294.190866249613464 ], [ 377736.461924951407127, 2726294.55367631977424 ], [ 377727.040612276294269, 2726292.446822129189968 ], [ 377714.477986456593499, 2726289.596243927255273 ], [ 377699.439730968791991, 2726287.862199250143021 ], [ 377688.624978027888574, 2726284.910881397780031 ], [ 377683.863478307786863, 2726284.38972902437672 ], [ 377675.876270403561648, 2726282.12665130244568 ], [ 377669.038267289288342, 2726280.963383471593261 ], [ 377660.82450627576327, 2726279.767925826832652 ], [ 377638.74982207629364, 2726276.375061666592956 ], [ 377626.767201431677677, 2726274.324041347019374 ], [ 377615.098343088524416, 2726272.328854905907065 ], [ 377604.495555931294803, 2726270.497945758048445 ], [ 377572.835375274880789, 2726266.064374464098364 ], [ 377559.982341684051789, 2726264.21997921122238 ], [ 377555.208487778145354, 2726263.136710790451616 ], [ 377549.554619805538096, 2726261.822643248364329 ], [ 377527.820613194140606, 2726256.859865522943437 ], [ 377497.947342016443145, 2726248.387129584793001 ], [ 377479.426355951523874, 2726241.72891238424927 ], [ 377472.559542689938098, 2726239.253848937805742 ], [ 377441.107796750147827, 2726227.190400330349803 ], [ 377436.89220907271374, 2726225.907444149721414 ], [ 377428.963480395090301, 2726223.4554956657812 ], [ 377412.415939384954982, 2726218.441853903699666 ], [ 377371.188158419739921, 2726202.341825623996556 ], [ 377355.664568031497765, 2726195.5558847845532 ], [ 377351.499154043500312, 2726193.709245643112808 ], [ 377346.179254291055258, 2726190.512693679891527 ], [ 377343.282216377207078, 2726189.513498279731721 ], [ 377317.143540078715887, 2726180.334067226853222 ], [ 377283.664001419499982, 2726167.002514365129173 ], [ 377279.998198988731019, 2726165.145062638446689 ], [ 377276.342126946838107, 2726163.724981477018446 ], [ 377248.54503871826455, 2726153.019140919670463 ], [ 377209.010495724971406, 2726134.319540021941066 ], [ 377194.731018071121071, 2726130.131348633207381 ], [ 377166.691753544320818, 2726088.304992648307234 ], [ 377159.730077761807479, 2726087.206962744705379 ], [ 377149.104123332421295, 2726084.31407655403018 ], [ 377138.415620113606565, 2726081.422415471170098 ], [ 377118.986294138419908, 2726076.096570980735123 ], [ 377086.578454059781507, 2726066.053973825182766 ], [ 377058.118987275112886, 2726059.362777502276003 ], [ 377050.383062865177635, 2726057.156743966508657 ], [ 377038.245388973853551, 2726053.734309013467282 ], [ 377012.590448705712333, 2726046.669322989881039 ], [ 376999.228969496733043, 2726041.586000191513449 ], [ 376977.024315410119016, 2726029.383063852321357 ], [ 376952.147515027434565, 2726023.613812079653144 ], [ 376933.689998138113879, 2726014.141506539192051 ], [ 376914.800814301939681, 2726004.928763512056321 ], [ 376898.931936966953799, 2725996.650046754162759 ], [ 376883.494734123989474, 2725985.237000737804919 ], [ 376879.114601060282439, 2725982.144817898515612 ], [ 376874.101466381689534, 2725978.691775270737708 ], [ 376865.544720709091052, 2725970.378359286114573 ], [ 376844.226630391844083, 2725955.843496761284769 ], [ 376829.909810146316886, 2725944.218245526775718 ], [ 376809.041476304759271, 2725933.11120993969962 ], [ 376793.051045044732746, 2725916.397424870636314 ], [ 376785.106940748402849, 2725910.383189634419978 ], [ 376779.89405738923233, 2725906.372004840523005 ], [ 376771.694716999365482, 2725900.113180359359831 ], [ 376751.460082375502679, 2725883.679591876920313 ], [ 376733.635086154215969, 2725868.818560741841793 ], [ 376726.633526002755389, 2725863.033667225856334 ], [ 376722.767778629087843, 2725857.742933220695704 ], [ 376716.943293062213343, 2725848.619840261992067 ], [ 376709.966076326672919, 2725841.084359756670892 ], [ 376701.957797985873185, 2725832.13402153365314 ], [ 376693.604565864836331, 2725821.691199625842273 ], [ 376673.843666082713753, 2725801.18461686372757 ], [ 376666.337914446601644, 2725792.348119735717773 ], [ 376657.77284611214418, 2725783.659790098667145 ], [ 376649.11668306181673, 2725773.661122580524534 ], [ 376640.550432244490366, 2725764.910461728461087 ], [ 376631.826242595794611, 2725754.663001945242286 ], [ 376619.88748288131319, 2725743.173340436536819 ], [ 376610.260418272344396, 2725734.508303689304739 ], [ 376603.724586310680024, 2725727.150804123375565 ], [ 376595.18378736556042, 2725716.712025765329599 ], [ 376584.520356511173304, 2725706.381907169241458 ], [ 376579.920098337752279, 2725701.794667661655694 ], [ 376558.828663118358236, 2725671.879335660953075 ], [ 376548.999900381313637, 2725656.843439927324653 ], [ 376532.297062847879715, 2725633.269958030432463 ], [ 376516.076608458184637, 2725611.748477483633906 ], [ 376512.323419224878307, 2725605.892532998230308 ], [ 376504.560842179518659, 2725593.87415508273989 ], [ 376502.935107184632216, 2725590.972141860052943 ], [ 376496.792693283234257, 2725581.605981913860887 ], [ 376489.745831804466434, 2725570.884432485327125 ], [ 376482.54564441164257, 2725561.728902481961995 ], [ 376474.186933398479596, 2725551.036066886968911 ], [ 376471.726870902115479, 2725547.152151472400874 ], [ 376467.899326385348104, 2725540.735493998043239 ], [ 376459.658422789245378, 2725526.852506469003856 ], [ 376447.964503427036107, 2725506.5445596287027 ], [ 376439.678386250103358, 2725487.725038197357208 ], [ 376434.39945556485327, 2725474.96487445756793 ], [ 376431.998020742728841, 2725470.891950356308371 ], [ 376425.414608425344341, 2725449.910116063896567 ], [ 376424.559936539328191, 2725430.802964913193136 ], [ 376423.668311691202689, 2725410.009221630170941 ], [ 376421.801394112058915, 2725387.486833329312503 ], [ 376422.899731354031246, 2725383.400090468116105 ], [ 376426.183491483447142, 2725367.765345962718129 ], [ 376425.851240567222703, 2725358.272280998062342 ], [ 376426.513531565899029, 2725354.257855598349124 ], [ 376430.273074152239133, 2725343.237761497031897 ], [ 376431.260179161152337, 2725339.778733663726598 ], [ 376434.392146014142781, 2725328.647377376444638 ], [ 376437.350431609083898, 2725318.144844490103424 ], [ 376439.186243603064213, 2725313.479646979365498 ], [ 376443.636902442376595, 2725302.632166347466409 ], [ 376451.039818689518142, 2725286.719961587805301 ], [ 376453.187763241818175, 2725282.047785453032702 ], [ 376457.302318513276987, 2725275.832913573365659 ], [ 376465.875423695950303, 2725256.269912655465305 ], [ 376472.448787195433397, 2725242.438522898592055 ], [ 376479.499790391186252, 2725227.596413605380803 ], [ 376484.43618297460489, 2725210.363201358821243 ], [ 376486.122368818498217, 2725204.576019627507776 ], [ 376489.887957598548383, 2725185.243228586390615 ], [ 376491.834405624307692, 2725174.200496356468648 ], [ 376494.559982691775076, 2725158.765430665574968 ], [ 376494.725042830512393, 2725152.011523350607604 ], [ 376495.160833993460983, 2725134.751500376500189 ], [ 376495.722402782354038, 2725128.988925599027425 ], [ 376493.994183120608795, 2725092.775364873930812 ], [ 376493.730810196720995, 2725077.843169970903546 ], [ 376493.134169254801236, 2725044.792505500838161 ], [ 376491.478310664126184, 2725026.203137891832739 ], [ 376489.39822274207836, 2725002.497749804053456 ], [ 376487.054550876724534, 2724963.859949574340135 ], [ 376486.978240031981841, 2724960.36175317177549 ], [ 376484.113245991524309, 2724849.170561780687422 ], [ 376489.054775132273789, 2724800.686012842692435 ], [ 376491.880590323067736, 2724795.561404886655509 ], [ 376515.318874347314704, 2724752.610892224591225 ], [ 376518.346962922019884, 2724748.169806282967329 ], [ 376521.345661088009365, 2724748.104317031335086 ], [ 376532.403148789249826, 2724733.549862230196595 ], [ 376534.81958911055699, 2724723.99663879070431 ], [ 376550.437106769648381, 2724700.717512013856322 ], [ 376560.062254669552203, 2724689.257033544592559 ], [ 376581.748678861185908, 2724663.407676669303328 ], [ 376585.790020806831308, 2724659.569392831064761 ], [ 376595.632578593504149, 2724649.479185363743454 ], [ 376612.016512575559318, 2724632.683523506391793 ], [ 376621.368390241637826, 2724617.291516203433275 ], [ 376631.377789140911773, 2724606.260047843214124 ], [ 376636.281178769189864, 2724598.965324027463794 ], [ 376636.863788357644808, 2724597.015085887629539 ], [ 376646.485681837890297, 2724579.679397996515036 ], [ 376649.40658133069519, 2724576.053074263036251 ], [ 376650.933268777560443, 2724562.956623637117445 ], [ 376654.073502534767613, 2724552.200487224385142 ], [ 376655.12024568207562, 2724548.614813346881419 ], [ 376658.286316400161013, 2724536.170424285344779 ], [ 376661.282571623625699, 2724524.542095314711332 ], [ 376669.969307362509426, 2724498.726640947628766 ], [ 376671.33767281123437, 2724492.69656197540462 ], [ 376673.731077939795796, 2724482.081390210893005 ], [ 376676.527189469896257, 2724464.144959178287536 ], [ 376679.938075968064368, 2724442.882183605805039 ], [ 376683.258268462552223, 2724423.184089669026434 ], [ 376686.663726552040316, 2724401.671628701966256 ], [ 376686.932910300791264, 2724388.227840556297451 ], [ 376687.440511283231899, 2724385.716555594000965 ], [ 376686.805818903143518, 2724350.917002005968243 ], [ 376687.191106061509345, 2724328.470237774774432 ], [ 376683.76061821100302, 2724300.169251521117985 ], [ 376679.453095105593093, 2724271.762190198060125 ], [ 376672.42228730203351, 2724241.727235925849527 ], [ 376662.836357600463089, 2724206.310308787971735 ], [ 376656.338675794773735, 2724183.513901750557125 ], [ 376651.153567777946591, 2724169.314099435228854 ], [ 376637.10971382947173, 2724141.557290118187666 ], [ 376634.301087259314954, 2724138.868526302278042 ], [ 376626.867485322058201, 2724130.467951285652816 ], [ 376614.452489338174928, 2724122.926101902965456 ], [ 376604.255321602104232, 2724116.773424100596458 ], [ 376597.033880901755765, 2724112.368439772166312 ], [ 376596.159083641250618, 2724109.512469850946218 ], [ 376595.417268577613868, 2724107.02854219218716 ], [ 376587.269770824932493, 2724103.143653443548828 ], [ 376580.874218416051008, 2724099.345672790426761 ], [ 376578.34118917764863, 2724097.838484471663833 ], [ 376571.946994605415966, 2724094.1028469116427 ], [ 376566.187054102309048, 2724090.79106776881963 ], [ 376556.393391573394183, 2724085.94211605982855 ], [ 376553.234283171943389, 2724084.385887131094933 ], [ 376541.924922590958886, 2724078.820117325987667 ], [ 376536.246515658975113, 2724076.381430292502046 ], [ 376532.643225927313324, 2724074.522484868299216 ], [ 376524.995498167292681, 2724070.626773183699697 ], [ 376521.897571625071578, 2724069.006881651934236 ], [ 376517.789113978738897, 2724066.908887039404362 ], [ 376514.755000729812309, 2724065.350117543246597 ], [ 376510.216107272310182, 2724063.574124459177256 ], [ 376503.41736616846174, 2724061.347507951315492 ], [ 376498.632658055110369, 2724059.764297803398222 ], [ 376492.211345257761423, 2724057.654388030990958 ], [ 376489.620041045243852, 2724056.33589357463643 ], [ 376474.570456344576087, 2724051.226653501857072 ], [ 376467.517603349348065, 2724048.81802450818941 ], [ 376462.870169223984703, 2724047.794326163828373 ], [ 376458.913990177446976, 2724046.94324019132182 ], [ 376453.692014780477621, 2724045.369575151707977 ], [ 376446.788618358201347, 2724044.082727783359587 ], [ 376434.801789338467643, 2724041.844286850187927 ], [ 376430.722069780051243, 2724041.058428965508938 ], [ 376425.763639589247759, 2724040.104064065497369 ], [ 376422.248803836060688, 2724039.43058553757146 ], [ 376416.711535667825956, 2724037.739018327090889 ], [ 376413.062347195693292, 2724036.631162185687572 ], [ 376403.66535457217833, 2724035.648557780776173 ], [ 376391.18699104944244, 2724033.795936550013721 ], [ 376378.260779848089442, 2724034.328061257954687 ], [ 376370.393440089479554, 2724034.687228250782937 ], [ 376367.447584386682138, 2724034.314041571225971 ], [ 376362.326262053567916, 2724034.488342482596636 ], [ 376346.838555377617013, 2724035.076368629466742 ], [ 376338.818913568218704, 2724034.188994713127613 ], [ 376325.01262433710508, 2724034.490105581935495 ], [ 376314.670812722295523, 2724036.028394632507116 ], [ 376308.173600874608383, 2724036.170313140377402 ], [ 376295.119905185420066, 2724039.45519108697772 ], [ 376288.529193146387115, 2724041.036571072414517 ], [ 376279.871335348230787, 2724042.413063766434789 ], [ 376277.691676296992227, 2724042.7732152803801 ], [ 376269.780903880833648, 2724044.008402158971876 ], [ 376248.8787028855877, 2724048.527187019120902 ], [ 376234.126225846412126, 2724054.161917204968631 ], [ 376219.420923390309326, 2724056.232914965599775 ], [ 376197.822033440170344, 2724060.329489927273244 ], [ 376167.372299040376674, 2724065.556636122521013 ], [ 376160.497763892984949, 2724065.581820057239383 ], [ 376097.016400272841565, 2724069.404794001486152 ], [ 376087.174438650836237, 2724070.932269917801023 ], [ 376064.42648628418101, 2724073.928701674100012 ], [ 376052.596228572539985, 2724075.999522991944104 ], [ 376040.889407388283871, 2724078.005131622776389 ], [ 376032.037606806494296, 2724079.073412862140685 ], [ 376013.202046299353242, 2724078.046913085971028 ], [ 375988.712988633546047, 2724081.456570323556662 ], [ 375933.343124496284872, 2724081.789980313740671 ], [ 375901.90719924896257, 2724081.913580743595958 ], [ 375893.357887632329948, 2724082.537698895204812 ], [ 375874.887882316019386, 2724083.940827737562358 ], [ 375873.925974457524717, 2724079.961685847956687 ], [ 375854.573186382302083, 2724083.884160435758531 ], [ 375790.033336883760057, 2724082.167711014859378 ], [ 375773.204925723199267, 2724078.597444695886225 ], [ 375752.588799615507014, 2724079.047411946114153 ], [ 375734.957579484209418, 2724075.93200498400256 ], [ 375721.215027360536624, 2724076.294392096810043 ], [ 375706.521462095552124, 2724073.177481849212199 ], [ 375689.851434172829613, 2724068.291092618368566 ], [ 375677.829475122038275, 2724067.303409825079143 ], [ 375674.366410303045996, 2724066.128961579874158 ], [ 375623.685800916515291, 2724049.359440732747316 ], [ 375585.188427694840357, 2724012.323034154251218 ], [ 375566.315335658262484, 2723969.483212811406702 ], [ 375561.967910251230933, 2723953.577384336385876 ], [ 375557.043559623882174, 2723939.871975414920598 ], [ 375556.906712989322841, 2723927.87435999000445 ], [ 375556.838665846444201, 2723910.437707283068448 ], [ 375556.822820406814571, 2723898.249962362460792 ], [ 375555.69542857381748, 2723880.961329555138946 ], [ 375555.693941238394473, 2723863.710804773494601 ], [ 375554.729771310579963, 2723848.168769277632236 ], [ 375555.625980156590231, 2723829.085745220072567 ], [ 375557.11845926969545, 2723797.239592616446316 ], [ 375557.615240761195309, 2723794.228325692471117 ], [ 375570.600923816906288, 2723756.318592158611864 ], [ 375572.448904817458242, 2723752.215668347664177 ], [ 375573.872035557287745, 2723748.684351220726967 ], [ 375583.624008445360232, 2723725.845752809662372 ], [ 375584.141327794990502, 2723723.771901513449848 ], [ 375592.932177184207831, 2723708.4543128865771 ], [ 375597.687727941200137, 2723700.100123516749591 ], [ 375597.910795376054011, 2723687.407449484802783 ], [ 375598.083724100375548, 2723675.27815886773169 ], [ 375596.45782663585851, 2723658.062981355469674 ], [ 375596.290550515404902, 2723638.940744365099818 ], [ 375596.189833928714506, 2723620.004634969402105 ], [ 375595.308213184354827, 2723599.648067536298186 ], [ 375595.061933003249578, 2723594.090801319107413 ], [ 375593.37717408570461, 2723585.627281811088324 ], [ 375589.874633886967786, 2723568.32787744468078 ], [ 375589.842687996162567, 2723561.14080236107111 ], [ 375589.798816377937328, 2723556.266596275381744 ], [ 375587.281432335614227, 2723546.883665115106851 ], [ 375585.648558870423585, 2723540.79391050292179 ], [ 375585.195946286374237, 2723537.241266033612192 ], [ 375583.001480084378272, 2723525.476126868277788 ], [ 375579.014242224046029, 2723508.875008191913366 ], [ 375578.713899946538731, 2723506.568917622789741 ], [ 375576.356696209521033, 2723495.932433024514467 ], [ 375575.311995889234822, 2723491.017558387480676 ], [ 375570.180026878253557, 2723479.254094186238945 ], [ 375568.32439121697098, 2723474.419341978617013 ], [ 375566.142802402377129, 2723468.966647488065064 ], [ 375558.072056218748912, 2723457.142300467938185 ], [ 375547.968063442152925, 2723443.799832629505545 ], [ 375540.846705404750537, 2723435.392348528373986 ], [ 375522.694173009018414, 2723416.975268721114844 ], [ 375507.981569685856812, 2723395.795387523714453 ], [ 375501.869612991227768, 2723390.678426056634635 ], [ 375500.659215524210595, 2723386.767201825976372 ], [ 375499.720430839108303, 2723383.850064028054476 ], [ 375496.466443922545295, 2723383.671183151658624 ], [ 375494.813594356295653, 2723382.394527956377715 ], [ 375492.462499713990837, 2723380.633280863054097 ], [ 375485.154021421738435, 2723375.104965993203223 ], [ 375476.062197752005886, 2723365.1780587695539 ], [ 375460.833942417288199, 2723351.884812502656132 ], [ 375438.623402984114364, 2723333.681227202992886 ], [ 375428.468023308727425, 2723323.714914769865572 ], [ 375424.713965810660738, 2723320.671693295706064 ], [ 375412.116665521461982, 2723310.508517369162291 ], [ 375409.891926245880313, 2723308.806953270919621 ], [ 375394.890715283690952, 2723297.321373760234565 ], [ 375381.578989867295604, 2723285.923791197594255 ], [ 375376.108115302049555, 2723281.542935758363456 ], [ 375369.237023289198987, 2723276.005224071443081 ], [ 375361.220900373358745, 2723269.554678096435964 ], [ 375349.979074410919566, 2723261.362261090427637 ], [ 375332.564471300807782, 2723248.116631214972585 ], [ 375312.143814058799762, 2723231.749031096696854 ], [ 375299.287248327047564, 2723221.154137524310499 ], [ 375293.578828872879967, 2723217.340922714676708 ], [ 375271.565105332236271, 2723199.570398951414973 ], [ 375259.35479275288526, 2723187.086246802471578 ], [ 375250.883679957769345, 2723179.833475859835744 ], [ 375236.227292412775569, 2723166.965147436130792 ], [ 375227.187107866164297, 2723159.412045266479254 ], [ 375221.372552376124077, 2723153.601017406210303 ], [ 375204.313384647190105, 2723136.59763828990981 ], [ 375190.567001679562964, 2723125.33447219338268 ], [ 375169.689964008459356, 2723105.226522755809128 ], [ 375155.779349029879086, 2723095.029598864726722 ], [ 375142.956417939974926, 2723083.121389854233712 ], [ 375125.73436678951839, 2723067.246538563631475 ], [ 375114.87541502690874, 2723056.545395627152175 ], [ 375111.390323758590966, 2723054.371320992242545 ], [ 375096.779102499538567, 2723043.564752630423754 ], [ 375082.40524136525346, 2723032.190142855979502 ], [ 375064.015082913276274, 2723017.215819999109954 ], [ 375044.92455825349316, 2723004.506858098786324 ], [ 375034.107885171601083, 2722995.742278076708317 ], [ 375013.789614210720174, 2722984.060164139606059 ], [ 374997.957304196897894, 2722974.592643216252327 ], [ 374977.237116999225691, 2722961.669040367472917 ], [ 374957.986180870328099, 2722950.213423999492079 ], [ 374940.123361474717967, 2722939.352709645405412 ], [ 374935.08863769803429, 2722934.899986703880131 ], [ 374930.303631515300367, 2722930.441588890273124 ], [ 374911.961581435054541, 2722920.52868230920285 ], [ 374899.45390614902135, 2722908.738453773315996 ], [ 374882.417979650082998, 2722895.672015682794154 ], [ 374866.927803642873187, 2722884.69703808054328 ], [ 374862.601896013598889, 2722881.228727217763662 ], [ 374853.930034156190231, 2722876.230171545874327 ], [ 374844.659128760977183, 2722869.557168503291905 ], [ 374829.448791415779851, 2722859.951005768496543 ], [ 374815.049197896791156, 2722850.26480691274628 ], [ 374799.591835808183532, 2722840.788921562023461 ], [ 374786.919984429143369, 2722832.940151448361576 ], [ 374772.12408856919501, 2722825.137519352603704 ], [ 374758.705368431517854, 2722817.429829482454807 ], [ 374740.234414408914745, 2722807.33223781734705 ], [ 374729.922989217797294, 2722801.682019398547709 ], [ 374708.970652751217131, 2722792.4512531128712 ], [ 374691.238592306850478, 2722784.712558275088668 ], [ 374687.624434169614688, 2722782.353797737509012 ], [ 374664.458198091480881, 2722771.921240405645221 ], [ 374651.775795225810725, 2722766.447690650820732 ], [ 374634.361341223004274, 2722758.952289663255215 ], [ 374610.093574965721928, 2722743.85580303426832 ], [ 374586.851047304808162, 2722729.924613204784691 ], [ 374560.200863686739467, 2722714.505239155609161 ], [ 374543.158300579118077, 2722704.001646816730499 ], [ 374515.535957439453341, 2722689.85342902271077 ], [ 374497.404393614269793, 2722680.998677066061646 ], [ 374490.31597146455897, 2722676.965637232642621 ], [ 374473.330572301871143, 2722666.210542601533234 ], [ 374460.146751029998995, 2722657.810155833605677 ], [ 374427.390506062598433, 2722640.398772731423378 ], [ 374411.647597551462241, 2722629.304173041135073 ], [ 374396.793006548890844, 2722618.815236606635153 ], [ 374382.559152230562177, 2722608.125353796873242 ], [ 374371.068723657517694, 2722597.125331968069077 ], [ 374366.60012876993278, 2722592.847548900637776 ], [ 374356.34287657646928, 2722583.945957512129098 ], [ 374348.667589983087964, 2722575.925449290312827 ], [ 374335.123407020932063, 2722562.470188463572413 ], [ 374327.643249957181979, 2722549.070292950142175 ], [ 374321.68082854145905, 2722545.075014586094767 ], [ 374315.275604068767279, 2722540.83964473567903 ], [ 374306.99575979297515, 2722530.894702943973243 ], [ 374298.776987322489731, 2722520.885865862015635 ], [ 374291.621769911551382, 2722510.91649334738031 ], [ 374284.592732619843446, 2722501.007007590960711 ], [ 374232.050033138948493, 2722467.651315782219172 ], [ 374176.515810360608157, 2722420.360382388345897 ], [ 374143.249241867219098, 2722393.896960570011288 ], [ 374139.254939429229125, 2722391.296570723876357 ], [ 374132.162539361277595, 2722387.075907066930085 ], [ 374116.866714847681578, 2722379.284208959899843 ], [ 374105.69298424909357, 2722371.339970283675939 ], [ 374076.988806839566678, 2722350.590079752262682 ], [ 374055.924689727835357, 2722336.236120360903442 ], [ 374051.357021218223963, 2722333.148217267822474 ], [ 374043.202373965643346, 2722326.075669959187508 ], [ 374032.880011993343942, 2722317.050516296178102 ], [ 374010.40731789462734, 2722301.164634988177568 ], [ 373976.769345384032931, 2722280.584721554536372 ], [ 373971.716692343296017, 2722275.319696777965873 ], [ 373958.157530178199522, 2722261.177378427702934 ], [ 373947.327134150371421, 2722251.787976408842951 ], [ 373939.681890239065979, 2722245.14179891673848 ], [ 373922.175810264772736, 2722230.58537813462317 ], [ 373897.561013373022433, 2722208.183534715790302 ], [ 373882.919245998258702, 2722190.252060358412564 ], [ 373874.60529996175319, 2722178.745324198156595 ], [ 373867.330390239309054, 2722169.028411634266376 ], [ 373857.017303192988038, 2722157.565152651164681 ], [ 373851.805525155854411, 2722147.865775283426046 ], [ 373845.463758456753567, 2722137.941072120331228 ], [ 373839.113602477358654, 2722124.766404525376856 ], [ 373827.536945810890757, 2722106.955509000923485 ], [ 373823.31801433255896, 2722096.921986781060696 ], [ 373811.737388772715349, 2722078.923529712948948 ], [ 373808.315616845851764, 2722071.060337474569678 ], [ 373807.197780554532073, 2722068.522018448449671 ], [ 373799.584027598146349, 2722048.999602294992656 ], [ 373794.623590575996786, 2722039.357105935923755 ], [ 373786.249777939228807, 2722027.97665882203728 ], [ 373780.836829758423846, 2722014.781449231784791 ], [ 373768.208615317824297, 2721991.743133474141359 ], [ 373760.797974831308238, 2721978.654082086868584 ], [ 373752.349213731999043, 2721963.837676524184644 ], [ 373745.038934595184401, 2721952.496451164130121 ], [ 373737.660879913601093, 2721940.906658079009503 ], [ 373727.079798900580499, 2721922.886354165151715 ], [ 373715.598539872444235, 2721906.57344270311296 ], [ 373704.952194434416015, 2721888.429816965013742 ], [ 373693.434017071791459, 2721870.429882744792849 ], [ 373682.818919725541491, 2721850.847689524292946 ], [ 373672.161525409668684, 2721829.329106224235147 ], [ 373661.406247906095814, 2721806.187392567750067 ], [ 373648.654723400075454, 2721783.214302259497344 ], [ 373637.965965453069657, 2721760.258502226788551 ], [ 373629.245455609634519, 2721738.697457449045032 ], [ 373619.404336552601308, 2721717.348480239510536 ], [ 373611.034131453488953, 2721697.53000535722822 ], [ 373605.619830766052473, 2721684.272292781155556 ], [ 373593.821121802262496, 2721656.277872459497303 ], [ 373586.274244346306659, 2721639.816608243621886 ], [ 373580.896675341296941, 2721628.245722785126418 ], [ 373574.747174195246771, 2721609.941431119572371 ], [ 373570.851731692964677, 2721603.27590957749635 ], [ 373553.978257347131148, 2721563.266775276977569 ], [ 373552.697358894685749, 2721558.981778691988438 ], [ 373542.885474869981408, 2721467.315741868223995 ], [ 373540.878792595700361, 2721375.292022289708257 ], [ 373539.675929385470226, 2721320.127621720544994 ], [ 373531.05828005366493, 2721274.625391212757677 ], [ 373526.601222564524505, 2721256.534118514042348 ], [ 373520.933468778908718, 2721231.656390127725899 ], [ 373519.080440932302736, 2721224.071393879596144 ], [ 373516.540127612592187, 2721213.626229016575962 ], [ 373503.875350742833689, 2721188.900962288491428 ], [ 373495.531444069987629, 2721176.01962980395183 ], [ 373487.145432496850844, 2721161.201682090293616 ], [ 373475.762089508236386, 2721146.511517978273332 ], [ 373467.449712985660881, 2721135.067105213180184 ], [ 373462.584467296139337, 2721129.79788061324507 ], [ 373465.194943570764735, 2721111.927506280597299 ], [ 373426.498887588852085, 2721085.832099107094109 ], [ 373391.262682380736805, 2721069.349498351104558 ], [ 373297.869455372449011, 2721025.758040707092732 ], [ 373282.517082475940697, 2721023.967630099970847 ], [ 373261.205224872508552, 2721021.182205332908779 ], [ 373243.981010650517419, 2721016.682439630385488 ], [ 373229.863293062779121, 2721017.052756651770324 ], [ 373216.711055786348879, 2721015.839338348712772 ], [ 373204.592518275370821, 2721016.16612839512527 ], [ 373186.415247878525406, 2721016.687393561005592 ], [ 373175.360194997047074, 2721017.053481019567698 ], [ 373160.86620555765694, 2721017.369481844361871 ], [ 373157.102940974000376, 2721016.764052937738597 ], [ 373130.871736355184112, 2721014.835734112653881 ], [ 373114.969342876924202, 2721013.619876310229301 ], [ 373099.505579385906458, 2721012.45696670608595 ], [ 373079.29376479779603, 2721011.397460781503469 ], [ 373055.055292796925642, 2721011.988397377543151 ], [ 373037.876273683039472, 2721012.425451761111617 ], [ 373019.009219520434272, 2721012.836823124904186 ], [ 372990.529215745918918, 2721013.832775784656405 ], [ 372987.594336939859204, 2721013.959314133040607 ], [ 372984.595511386636645, 2721014.024637919384986 ], [ 372971.289826817112043, 2721014.377293357625604 ], [ 372950.052836034621578, 2721015.027765844482929 ], [ 372927.877289437805302, 2721015.636328692082316 ], [ 372914.886789245472755, 2721016.106991146691144 ], [ 372890.514899857284036, 2721013.450710313860327 ], [ 372869.368635742051993, 2721012.536697334609926 ], [ 372841.033939575194381, 2721011.591855001635849 ], [ 372827.979589018097613, 2721012.001493689138442 ], [ 372804.868232869717758, 2721012.69288485031575 ], [ 372784.632052714412566, 2721013.384089082013816 ], [ 372760.456029682594817, 2721013.973639451432973 ], [ 372737.284868770802859, 2721014.791389698628336 ], [ 372715.797906748426612, 2721015.447382219601423 ], [ 372695.203203482844401, 2721016.896416942123324 ], [ 372669.861935382359661, 2721018.511457780841738 ], [ 372647.750123715319205, 2721019.18112907698378 ], [ 372622.57840144232614, 2721019.980033711530268 ], [ 372598.470065622590482, 2721020.818101166281849 ], [ 372573.00249301828444, 2721022.373340188991278 ], [ 372549.168860475707334, 2721027.205819121561944 ], [ 372541.985755019180942, 2721027.424914524424821 ], [ 372524.056949409947265, 2721027.878322654869407 ], [ 372503.13494544220157, 2721028.646980903111398 ], [ 372497.995525067206472, 2721028.008913861587644 ], [ 372475.712906747998204, 2721029.432300717569888 ], [ 372465.663994918868411, 2721030.088988901581615 ], [ 372431.524624066543765, 2721032.395893945358694 ], [ 372429.035294092260301, 2721032.887709988746792 ], [ 372416.570373730850406, 2721034.534505670890212 ], [ 372393.408911523874849, 2721038.664706791285425 ], [ 372383.728188091947231, 2721039.000785079784691 ], [ 372370.362807314610109, 2721039.479820542037487 ], [ 372353.247637113905512, 2721039.977827248629183 ], [ 372333.19738996878732, 2721040.602533544879407 ], [ 372315.015966664359439, 2721040.936480356846005 ], [ 372296.372576853551436, 2721037.28016871213913 ], [ 372221.045740944275167, 2721033.984672965016216 ], [ 372215.575223255553283, 2721032.478810805827379 ], [ 372202.016758259327617, 2721029.836749552283436 ], [ 372193.58932856132742, 2721027.457844333723187 ], [ 372170.257269739406183, 2721020.903529120143503 ], [ 372142.685454164573457, 2721014.816757830325514 ], [ 372137.849051214114297, 2721013.73459367826581 ], [ 372119.384659660281613, 2721009.699436942115426 ], [ 372098.880737273313571, 2721006.708678452298045 ], [ 372086.991297587926965, 2721003.217682424467057 ], [ 372069.421968632901553, 2720997.225289807189256 ], [ 372053.21896231075516, 2720990.828207353129983 ], [ 372050.255520130507648, 2720989.64260013634339 ], [ 372038.127057599893305, 2720986.656753709539771 ], [ 372027.92575434705941, 2720980.316329101566225 ], [ 372016.81553014414385, 2720972.432989051099867 ], [ 371999.874763127998449, 2720960.863975377753377 ], [ 371986.292775971465744, 2720951.409565784037113 ], [ 371980.263562914216891, 2720947.228118381928653 ], [ 371966.018642813665792, 2720936.037946563679725 ], [ 371957.946936184482183, 2720929.901051710359752 ], [ 371946.734933251864277, 2720920.20727653009817 ], [ 371929.49663822731236, 2720909.332376740407199 ], [ 371915.137476560950745, 2720895.769493413623422 ], [ 371884.249290029285476, 2720875.191418274771422 ], [ 371881.064406942750793, 2720872.448303204029799 ], [ 371864.58666524279397, 2720862.056774671655148 ], [ 371855.384944387595169, 2720855.694429432041943 ], [ 371841.115626203245483, 2720846.254889732226729 ], [ 371818.841300763422623, 2720833.739496830385178 ], [ 371805.669559396454133, 2720825.901193153578788 ], [ 371785.469242060731631, 2720816.778417137917131 ], [ 371762.16829612798756, 2720805.910656302236021 ], [ 371733.801264185225591, 2720792.027996833436191 ], [ 371706.993303618219215, 2720780.861574785318226 ], [ 371700.379136903444305, 2720778.505578007549047 ], [ 371668.069273084984161, 2720764.396650610957295 ], [ 371639.835455658030696, 2720753.761239228304476 ], [ 371616.633651622396428, 2720744.578853077720851 ], [ 371593.437561102735344, 2720735.646413759328425 ], [ 371565.196792615402956, 2720724.698675686027855 ], [ 371511.061135684954934, 2720704.314844701439142 ], [ 371498.771038978477009, 2720699.645104686263949 ], [ 371493.895318248018157, 2720697.501353626605123 ], [ 371493.895318248018157, 2730527.296354989055544 ] ] ] } },
{ "type": "Feature", "properties": { "area_km2": 100.0, "block_id": "SYL-B007", "loss_pixels": 12.0, "plantation_ha": 0.0, "split": "test" }, "geometry": { "type": "Polygon", "coordinates": [ [ [ 371493.895318248018157, 2730527.296354989055544 ], [ 371493.895318248018157, 2740527.296354989055544 ], [ 381493.895318248018157, 2740527.296354989055544 ], [ 381493.895318248018157, 2730527.296354989055544 ], [ 371493.895318248018157, 2730527.296354989055544 ] ] ] } },
{ "type": "Feature", "properties": { "area_km2": 100.0, "block_id": "SYL-B008", "loss_pixels": 19.0, "plantation_ha": 0.0, "split": "train" }, "geometry": { "type": "Polygon", "coordinates": [ [ [ 371493.895318248018157, 2740527.296354989055544 ], [ 371493.895318248018157, 2750527.296354989055544 ], [ 381493.895318248018157, 2750527.296354989055544 ], [ 381493.895318248018157, 2740527.296354989055544 ], [ 371493.895318248018157, 2740527.296354989055544 ] ] ] } },
{ "type": "Feature", "properties": { "area_km2": 100.0, "block_id": "SYL-B009", "loss_pixels": 12.0, "plantation_ha": 0.0, "split": "train" }, "geometry": { "type": "Polygon", "coordinates": [ [ [ 371493.895318248018157, 2750527.296354989055544 ], [ 371493.895318248018157, 2760527.296354989055544 ], [ 381493.895318248018157, 2760527.296354989055544 ], [ 381493.895318248018157, 2750527.296354989055544 ], [ 371493.895318248018157, 2750527.296354989055544 ] ] ] } },
{ "type": "Feature", "properties": { "area_km2": 100.0, "block_id": "SYL-B010", "loss_pixels": 33.0, "plantation_ha": 0.0, "split": "train" }, "geometry": { "type": "Polygon", "coordinates": [ [ [ 371493.895318248018157, 2760527.296354989055544 ], [ 371493.895318248018157, 2770527.296354989055544 ], [ 381493.895318248018157, 2770527.296354989055544 ], [ 381493.895318248018157, 2760527.296354989055544 ], [ 371493.895318248018157, 2760527.296354989055544 ] ] ] } },
{ "type": "Feature", "properties": { "area_km2": 98.664208094253681, "block_id": "SYL-B011", "loss_pixels": 521.0980392156863, "plantation_ha": 0.0, "split": "train" }, "geometry": { "type": "Polygon", "coordinates": [ [ [ 371493.895318248018157, 2780527.296354989055544 ], [ 381493.895318248018157, 2780527.296354989055544 ], [ 381493.895318248018157, 2770527.296354989055544 ], [ 371493.895318248018157, 2770527.296354989055544 ], [ 371493.895318248018157, 2772825.761162864044309 ], [ 371535.784227749449201, 2772820.33501298353076 ], [ 371538.526290142792277, 2772819.961629230994731 ], [ 371550.824064342596103, 2772819.251256533898413 ], [ 371610.026347626175266, 2772811.249382188543677 ], [ 371621.420274023956154, 2772809.246409144252539 ], [ 371686.191415281733498, 2772793.057905125897378 ], [ 371727.499875013716519, 2772784.265644769184291 ], [ 371762.97861634392757, 2772777.540335688740015 ], [ 371788.568176859116647, 2772773.034725387115031 ], [ 371827.938328358519357, 2772764.223007638473064 ], [ 371869.202131067111623, 2772753.431446780450642 ], [ 371891.648700059566181, 2772748.120565551798791 ], [ 371896.678605037624948, 2772746.633702759165317 ], [ 371912.575085879361723, 2772741.905713551677763 ], [ 371958.754907148366328, 2772730.130042194854468 ], [ 372004.764292252424639, 2772713.482941148802638 ], [ 372025.4184082680149, 2772709.086791853420436 ], [ 372033.442849524668418, 2772707.34605044638738 ], [ 372065.915885200549383, 2772697.562403073068708 ], [ 372071.70377970096888, 2772696.433772842865437 ], [ 372163.881445806706324, 2772678.762269177939743 ], [ 372170.042761269374751, 2772677.562952194362879 ], [ 372281.872276567912195, 2772694.833030480891466 ], [ 372319.459250107989646, 2772701.437074832152575 ], [ 372326.98653949261643, 2772705.457852049730718 ], [ 372338.302264585101511, 2772714.019971167203039 ], [ 372373.235447002458386, 2772744.684748838655651 ], [ 372378.474634196783882, 2772749.818692659959197 ], [ 372380.139246159757022, 2772751.594494948163629 ], [ 372409.195689612242859, 2772782.202151343692094 ], [ 372397.800914030754939, 2772851.772907195612788 ], [ 372393.960438812559005, 2772867.421877788379788 ], [ 372382.627335755212698, 2772920.052401167340577 ], [ 372381.551354682422243, 2772925.07653635321185 ], [ 372377.813412279356271, 2772942.535981364082545 ], [ 372376.033165136759635, 2772952.45107858767733 ], [ 372371.940253902692348, 2772962.35525691928342 ], [ 372369.240918116469402, 2772978.728874129708856 ], [ 372361.597837511799298, 2772992.024647830985487 ], [ 372352.86071923194686, 2773003.906778712756932 ], [ 372340.704279746627435, 2773016.615050055552274 ], [ 372284.89170083636418, 2773056.231664421036839 ], [ 372266.726765897241421, 2773060.134964810218662 ], [ 372242.760011758771725, 2773070.167652030475438 ], [ 372233.706770385615528, 2773076.244079769123346 ], [ 372205.508584934985265, 2773081.495237867813557 ], [ 372143.455944650573656, 2773099.061116615775973 ], [ 372137.182194197375793, 2773100.825484305620193 ], [ 372100.644278322171886, 2773110.512015397660434 ], [ 372067.328419307421427, 2773121.752131253946573 ], [ 371973.000284025096335, 2773141.097031814511865 ], [ 371871.042229617014527, 2773143.359698325395584 ], [ 371861.040667637949809, 2773148.957189663313329 ], [ 371845.503444128145929, 2773164.240683970041573 ], [ 371834.575703719863668, 2773175.98405464598909 ], [ 371828.860857789753936, 2773197.300116344820708 ], [ 371821.142552974517457, 2773215.660524849314243 ], [ 371819.945270455093123, 2773234.938620304688811 ], [ 371812.245898635301273, 2773273.862665298394859 ], [ 371812.820025624590926, 2773299.727110552601516 ], [ 371821.761805514164735, 2773316.779928047675639 ], [ 371822.403732823033351, 2773345.705503053963184 ], [ 371825.759080333984457, 2773356.069391916971654 ], [ 371849.510673881741241, 2773395.482968474272639 ], [ 371871.36891877243761, 2773419.999948171433061 ], [ 371899.076290408032946, 2773443.32442012289539 ], [ 371924.808330510975793, 2773462.129785879980773 ], [ 371963.592720655957237, 2773494.521564171649516 ], [ 372033.267416165326722, 2773527.477864428423345 ], [ 372085.410533836053219, 2773547.822276689112186 ], [ 372194.200351344479714, 2773597.099191006738693 ], [ 372264.35165586869698, 2773651.546400258783251 ], [ 372308.830199282150716, 2773715.189285478554666 ], [ 372353.691703430376947, 2773796.074770150706172 ], [ 372356.222153501585126, 2773921.340764045249671 ], [ 372301.535673541482538, 2774020.124956828076392 ], [ 372289.651417752262205, 2774033.827158837579191 ], [ 372267.85314809292322, 2774054.25018190452829 ], [ 372254.382021532277577, 2774066.862709702458233 ], [ 372249.606093909766059, 2774071.344168370123953 ], [ 372227.5621123961173, 2774091.960067747626454 ], [ 372218.31566386873601, 2774100.603490827139467 ], [ 372149.815201949502807, 2774154.315887481439859 ], [ 372139.524758829560596, 2774166.607860452495515 ], [ 372124.40312787721632, 2774169.631278106477112 ], [ 372118.554083249473479, 2774173.636410070117563 ], [ 372113.949075859272853, 2774171.738487323746085 ], [ 372108.056873503490351, 2774179.43234738567844 ], [ 372104.145848177315202, 2774183.456959825009108 ], [ 372102.052400957327336, 2774184.878564646933228 ], [ 372064.967179528379347, 2774209.328864703886211 ], [ 372060.717469709110446, 2774212.173231032676995 ], [ 372055.430698443786241, 2774216.16602614056319 ], [ 372023.233725786849391, 2774238.382560514379293 ], [ 371988.608802973118145, 2774261.028125446289778 ], [ 371960.192156038945541, 2774281.785424795001745 ], [ 371946.168556626536883, 2774292.035158602055162 ], [ 371938.842495603952557, 2774297.07321539754048 ], [ 371910.142638068413362, 2774316.336960465181619 ], [ 371901.391952289850451, 2774321.969015863258392 ], [ 371873.351898294175044, 2774339.967999567743391 ], [ 371865.918760773027316, 2774345.821059195324779 ], [ 371853.838842902507167, 2774353.527361015789211 ], [ 371808.286156495683827, 2774385.103841178119183 ], [ 371700.313514186418615, 2774468.38270917814225 ], [ 371595.546404575987253, 2774558.091006811708212 ], [ 371528.243880553403869, 2774617.902896802872419 ], [ 371518.61019722832134, 2774628.805178630631417 ], [ 371493.895318248018157, 2774653.424178011715412 ], [ 371493.895318248018157, 2778744.507511817384511 ], [ 371504.977547761285678, 2778755.332148040179163 ], [ 371520.821442503773142, 2778773.543959312140942 ], [ 371590.451134007540531, 2778869.066497034858912 ], [ 371604.258641980704851, 2778919.388819731306285 ], [ 371626.719806165609043, 2778982.207154328469187 ], [ 371629.302180802100338, 2778988.712626406922936 ], [ 371630.106109262269456, 2778993.945326931308955 ], [ 371634.0158633213141, 2779017.985420667566359 ], [ 371634.943796426290646, 2779048.467307704966515 ], [ 371636.043828762893099, 2779083.883385503664613 ], [ 371634.074355619959533, 2779127.430700570810586 ], [ 371635.174397664144635, 2779162.846892255358398 ], [ 371639.387330538826063, 2779194.880958586465567 ], [ 371644.313296893204097, 2779214.022836498916149 ], [ 371645.279592663049698, 2779218.126934045925736 ], [ 371651.832605924108066, 2779234.544988165143877 ], [ 371652.352304688538425, 2779252.284826849587262 ], [ 371661.167138433957007, 2779277.653374953195453 ], [ 371665.07429745933041, 2779301.568568598479033 ], [ 371675.377370155940298, 2779323.591375111602247 ], [ 371684.228318380948622, 2779350.584302475675941 ], [ 371694.739702657505404, 2779379.165567353367805 ], [ 371706.497659294866025, 2779396.342968048062176 ], [ 371733.785086513962597, 2779395.111055898014456 ], [ 371756.442641676345374, 2779402.107856898102909 ], [ 371757.06627856742125, 2779413.282318693585694 ], [ 371757.442902502720244, 2779435.838262055069208 ], [ 371758.024876174749807, 2779453.576960666105151 ], [ 371755.598472881596535, 2779479.383052967954427 ], [ 371751.792261027148925, 2779513.407876638695598 ], [ 371752.275647922942881, 2779523.898181650321931 ], [ 371753.18529263039818, 2779542.316947058774531 ], [ 371753.687038339034189, 2779564.870163675863296 ], [ 371754.366532671556342, 2779595.420085844118148 ], [ 371754.473500088148285, 2779600.230510748457164 ], [ 371755.340401275956538, 2779630.776341049931943 ], [ 371756.403086448437534, 2779664.505612635519356 ], [ 371760.969927705358714, 2779698.406855859793723 ], [ 371766.121078375726938, 2779722.044304992537946 ], [ 371768.396861854474992, 2779742.870363821741194 ], [ 371769.084502835816238, 2779765.3570387782529 ], [ 371768.868311256752349, 2779778.112961256410927 ], [ 371767.121889586618636, 2779789.52752525312826 ], [ 371764.986068585247267, 2779828.39079808909446 ], [ 371760.957566819153726, 2779849.607251082547009 ], [ 371735.574547260010149, 2779891.487854400184005 ], [ 371719.326024874404538, 2779905.662854784633964 ], [ 371712.410741318075452, 2779909.504493235144764 ], [ 371693.429941089299973, 2779916.052260457072407 ], [ 371681.286364922183566, 2779918.072544381488115 ], [ 371639.116036318184342, 2779919.010588681790978 ], [ 371627.808140576642472, 2779916.449392340146005 ], [ 371614.695447638398036, 2779917.05354009475559 ], [ 371597.087322042905726, 2779917.882676110137254 ], [ 371568.104899807309266, 2779915.964687493629754 ], [ 371543.91473570879316, 2779913.127499255817384 ], [ 371508.541585034923628, 2779910.538892115931958 ], [ 371493.895318248018157, 2779911.207719432190061 ], [ 371493.895318248018157, 2780527.296354989055544 ] ] ] } },
{ "type": "Feature", "properties": { "area_km2": 32.058647767299192, "block_id": "SYL-B012", "loss_pixels": 53.89411764705882, "plantation_ha": 0.0, "split": "val" }, "geometry": { "type": "Polygon", "coordinates": [ [ [ 381493.895318248018157, 2780527.296354989055544 ], [ 371493.895318248018157, 2780527.296354989055544 ], [ 371493.895318248018157, 2782340.991372863762081 ], [ 371625.140544779831544, 2782325.471266764681786 ], [ 371662.242756539606489, 2782320.963184538763016 ], [ 371834.936379250721075, 2782299.980208921711892 ], [ 371837.730496323783882, 2782299.343903969507664 ], [ 372021.977550089359283, 2782261.387874295935035 ], [ 372161.41677589120809, 2782225.761321240570396 ], [ 372166.280311724287458, 2782224.518705993890762 ], [ 372169.058260654215701, 2782223.88616719795391 ], [ 372260.575109165278263, 2782200.563431903719902 ], [ 372285.366703399107791, 2782194.26602273248136 ], [ 372251.404132305120584, 2782127.77884986391291 ], [ 372233.234741356049199, 2782096.318425994832069 ], [ 372208.225154655403458, 2782053.839797529857606 ], [ 372169.760182154481299, 2781993.181482213549316 ], [ 372161.54904365359107, 2781961.065912865102291 ], [ 372190.199072082119528, 2781945.970204016193748 ], [ 372248.391308564459905, 2781927.637756179086864 ], [ 372260.176973104884382, 2781926.338185349944979 ], [ 372277.203349808230996, 2781952.26119123538956 ], [ 372354.239042256085668, 2782070.058928136713803 ], [ 372389.135588931036182, 2782110.630164645146579 ], [ 372431.466064863314386, 2782123.187889616936445 ], [ 372474.774487684655469, 2782131.917518764268607 ], [ 372538.162446520407684, 2782136.073762319982052 ], [ 372557.098559584352188, 2782058.697869983967394 ], [ 372572.526312567526475, 2781969.281209591776133 ], [ 372574.499308154976461, 2781914.15512879518792 ], [ 372576.16923505673185, 2781867.494681337382644 ], [ 372584.921382426051423, 2781697.655393628869206 ], [ 372591.648571860278025, 2781682.721639913506806 ], [ 372598.152996112825349, 2781655.122828819323331 ], [ 372624.212848707626108, 2781480.547757669351995 ], [ 372608.192882002447732, 2781449.871589450631291 ], [ 372620.589041010534856, 2781435.516154090873897 ], [ 372633.801530010241549, 2781454.324480353388935 ], [ 372744.760181288816966, 2781389.180235477630049 ], [ 372753.158355000661686, 2781384.24952741432935 ], [ 372753.558537376578897, 2781382.552405851427466 ], [ 372758.813230359868612, 2781360.273138458374888 ], [ 372744.109095506370068, 2781347.715430856216699 ], [ 372755.006741343066096, 2781325.510476957540959 ], [ 372802.353790494147688, 2781336.422480868641287 ], [ 372836.480348133889493, 2781332.419440256431699 ], [ 372858.610109418863431, 2781329.803087973967195 ], [ 372871.689114682027139, 2781316.3362154699862 ], [ 372889.561803123739082, 2781297.962262404151261 ], [ 372906.419105777167715, 2781300.65507280593738 ], [ 372938.89752762648277, 2781305.842869560234249 ], [ 372965.137670909054577, 2781291.166967814322561 ], [ 372966.257784015790094, 2781289.864842944778502 ], [ 372977.50071477831807, 2781276.794919033534825 ], [ 373041.49108196637826, 2781307.898161621764302 ], [ 373079.175023697549477, 2781290.522422843612731 ], [ 373115.5049978804891, 2781235.741216307971627 ], [ 373127.389116704289336, 2781228.417301359120756 ], [ 373160.85528542404063, 2781211.877637397032231 ], [ 373178.841989826702047, 2781223.40921950340271 ], [ 373216.340777374862228, 2781235.199500204063952 ], [ 373251.823487815388944, 2781246.400512929540128 ], [ 373286.354317807301413, 2781210.745903517585248 ], [ 373296.203153305337764, 2781182.714852426201105 ], [ 373433.265328230103478, 2781140.667250805068761 ], [ 373572.690912288904656, 2781091.763814989477396 ], [ 373674.578878406318836, 2781077.409537499770522 ], [ 373702.285573372617364, 2781073.506153000984341 ], [ 373750.442780693760142, 2781066.939871019218117 ], [ 373755.332058642467018, 2781066.273221220355481 ], [ 373765.339520734269172, 2781085.027725558262318 ], [ 373770.833279024460353, 2781095.323092498350888 ], [ 373715.166734575410374, 2781194.930948131717741 ], [ 373695.999436906073242, 2781229.228612679522485 ], [ 373583.061025580100249, 2781296.841897609643638 ], [ 373470.4575411954429, 2781355.200391900725663 ], [ 373446.096200139145367, 2781379.115018802229315 ], [ 373383.333786572678946, 2781432.07602570950985 ], [ 373241.103592945029959, 2781538.156799172516912 ], [ 373239.105387235351373, 2781587.653597440570593 ], [ 373238.903846275701653, 2781592.645658305846155 ], [ 373255.871784516551998, 2781629.527370107825845 ], [ 373307.944938574684784, 2781690.682448144070804 ], [ 373335.847289545868989, 2781710.387706583831459 ], [ 373397.205332417448517, 2781766.249731224961579 ], [ 373403.696558137948159, 2781818.299548946321011 ], [ 373397.998513975180686, 2781863.597189236432314 ], [ 373401.654964568442665, 2781884.962136846035719 ], [ 373407.039888905943371, 2781916.4274618816562 ], [ 373377.845860520785209, 2782050.434117401950061 ], [ 373365.609222614904866, 2782106.603667322080582 ], [ 373364.363369321567006, 2782173.117553199175745 ], [ 373363.685598642332479, 2782209.303827552590519 ], [ 373362.583516763406806, 2782268.135566248558462 ], [ 373402.889710501302034, 2782360.156204724218696 ], [ 373468.979862565523945, 2782511.721590067725629 ], [ 373544.054888873186428, 2782627.21747390460223 ], [ 373545.054178273421712, 2782627.053332035895437 ], [ 373553.758155089453794, 2782643.432650341652334 ], [ 373577.963045708369464, 2782670.209488616324961 ], [ 373614.564933754736558, 2782696.688040530309081 ], [ 373671.656976571597625, 2782719.796585775446147 ], [ 373815.048290692968294, 2782798.782947449013591 ], [ 373870.151180425600614, 2782839.765423554927111 ], [ 373872.082248450140469, 2782841.201736540067941 ], [ 373890.309647425543517, 2782867.876656752079725 ], [ 373901.142527921299916, 2782883.72980192117393 ], [ 373903.396516980719753, 2782887.028276166878641 ], [ 373908.797367588384077, 2782897.158737889956683 ], [ 373926.437068012135569, 2782930.24503468349576 ], [ 373930.149952981621027, 2782937.209554244764149 ], [ 373933.099470967310481, 2782942.114205024205148 ], [ 373946.199843181937467, 2782978.6135612600483 ], [ 373956.672062886995263, 2783007.790556537453085 ], [ 373965.138903977232985, 2783031.380291706416756 ], [ 373968.928760268725455, 2783050.978427979629487 ], [ 373978.206513342156541, 2783098.95508088124916 ], [ 373993.374847896629944, 2783177.393305453471839 ], [ 373992.424486569827422, 2783180.556052322033793 ], [ 373975.795817371457815, 2783265.222056973725557 ], [ 373946.062635914655402, 2783334.860552257858217 ], [ 373945.28508161928039, 2783337.44864086760208 ], [ 373922.731553314486519, 2783381.891126363538206 ], [ 373911.784127808001358, 2783403.467766028363258 ], [ 373909.193209735734854, 2783407.732618104666471 ], [ 373908.503580117016099, 2783408.867529974784702 ], [ 373837.435175020771567, 2783538.782685195095837 ], [ 373799.373889465525281, 2783588.502913561183959 ], [ 373798.124632297898643, 2783590.559331083670259 ], [ 373763.362654949480202, 2783649.347085586283356 ], [ 373724.971311039174907, 2783706.95457729883492 ], [ 373691.603911109559704, 2783763.921356067992747 ], [ 373662.495713848504238, 2783825.683506077621132 ], [ 373661.853799613309093, 2783829.634224527981132 ], [ 373656.148393415787723, 2783864.750206530559808 ], [ 373645.97347615507897, 2783915.217603981494904 ], [ 373635.033644813171122, 2783936.917063926812261 ], [ 373600.825240415812004, 2783961.910446150694042 ], [ 373479.841800367459655, 2784164.946161520667374 ], [ 373474.508622714551166, 2784259.316881277598441 ], [ 373482.874714880541433, 2784329.651190164498985 ], [ 373498.312440339184832, 2784404.155975265894085 ], [ 373551.877796355169266, 2784494.066474920138717 ], [ 373638.348143943934701, 2784573.073137783445418 ], [ 373642.433042478514835, 2784573.988732786849141 ], [ 373660.208414693013765, 2784601.266049076337367 ], [ 373685.980045356263872, 2784686.153055122122169 ], [ 373708.318631045520306, 2784748.847281217575073 ], [ 373710.094524590531364, 2784754.766043734736741 ], [ 373757.200411644298583, 2784814.554317291360348 ], [ 373813.517091889050789, 2784841.490406939294189 ], [ 373840.898047281953041, 2784854.758146590553224 ], [ 373866.090314194734674, 2784861.610260095447302 ], [ 373894.890480504254811, 2784875.515061513986439 ], [ 373905.074438270647079, 2784874.198444268666208 ], [ 373971.201881824003067, 2784895.228565255180001 ], [ 374072.704034041904379, 2784939.930777383968234 ], [ 374146.272683485818561, 2784986.163799626287073 ], [ 374198.597136038006283, 2785019.046473388094455 ], [ 374193.873855541343801, 2785019.863902621902525 ], [ 374307.14691285288427, 2785074.552004741504788 ], [ 374399.624115369399078, 2785122.740289317443967 ], [ 374557.988822128798347, 2785181.164738257415593 ], [ 374638.153896448959131, 2785192.576308210846037 ], [ 374653.186388312547933, 2785173.368660002015531 ], [ 374655.860185059311334, 2785169.952125306706876 ], [ 374678.776151707861573, 2785092.910695725586265 ], [ 374675.439367708459031, 2785077.046050068922341 ], [ 374638.359051277860999, 2785006.153029192239046 ], [ 374598.520604309102055, 2784929.986836167983711 ], [ 374551.81146209774306, 2784842.439576308708638 ], [ 374551.585768993070815, 2784812.069979541935027 ], [ 374521.962878111051396, 2784750.341373119037598 ], [ 374513.553008048795164, 2784718.604276028927416 ], [ 374513.26149700966198, 2784679.41224075620994 ], [ 374503.106206843978725, 2784676.632426769472659 ], [ 374412.014651219884399, 2784651.598310515284538 ], [ 374529.543906171398703, 2784525.218851916491985 ], [ 374603.971409756690264, 2784512.751107677817345 ], [ 374677.79490147047909, 2784500.384828155394644 ], [ 374680.129835618543439, 2784496.908969831652939 ], [ 374694.903553260490298, 2784474.91538967564702 ], [ 374721.832115646800958, 2784417.594239882659167 ], [ 374729.279656763654202, 2784412.220008106902242 ], [ 374744.621125207981095, 2784401.149675946682692 ], [ 374750.840324942953885, 2784396.661996071226895 ], [ 374767.239898222731426, 2784356.917499897070229 ], [ 374795.231989966589026, 2784334.585683335084468 ], [ 374804.490461295994464, 2784308.369105759076774 ], [ 374806.479200081725139, 2784305.239370774012059 ], [ 374825.16688654536847, 2784275.833761129528284 ], [ 374841.452691511483863, 2784247.95640462776646 ], [ 374868.121321027399972, 2784200.095792632550001 ], [ 374882.668587633175775, 2784181.885795454960316 ], [ 374902.087742174102459, 2784176.899189025629312 ], [ 374927.837512374680955, 2784170.287068669684231 ], [ 374980.69598133454565, 2784165.067399255931377 ], [ 375019.242578486038838, 2784155.529361574910581 ], [ 375018.885315892403014, 2784148.539776652120054 ], [ 375017.360957353492267, 2784118.736214840784669 ], [ 375061.689631988585461, 2784102.317008107434958 ], [ 375093.187037995434366, 2784091.623748647980392 ], [ 375133.523223105818033, 2784079.256797931157053 ], [ 375147.92254427773878, 2784074.587640511803329 ], [ 375169.988753137178719, 2784067.432607721537352 ], [ 375245.886854711570777, 2784042.822143447585404 ], [ 375381.751175574027002, 2783947.885078697931021 ], [ 375432.385455076408107, 2784049.482263130135834 ], [ 375539.947379247052595, 2784070.607564331497997 ], [ 375664.700341759540606, 2784077.525179592426866 ], [ 375663.685913370980415, 2784049.173402099870145 ], [ 375670.061841793940403, 2784041.081037189345807 ], [ 375700.169383117405232, 2784005.659752419684082 ], [ 375753.422695198561996, 2783945.125684602651745 ], [ 375776.324760832998436, 2783941.537472740747035 ], [ 375819.564130357990507, 2783941.015302625950426 ], [ 375832.820726485922933, 2783938.502924164757133 ], [ 375861.762038817454595, 2783935.673244202043861 ], [ 375904.323606659949291, 2783925.09972205478698 ], [ 375930.709065842907876, 2783902.981011800467968 ], [ 375982.089105746592395, 2783915.270077944267541 ], [ 376016.871386141574476, 2783883.999659970868379 ], [ 376024.374062771617901, 2783877.138659827411175 ], [ 376064.223848447902128, 2783853.512048301286995 ], [ 376109.562233263626695, 2783837.688565828371793 ], [ 376127.992091411375441, 2783827.696509995497763 ], [ 376158.208981528820004, 2783806.956792139913887 ], [ 376165.019073994830251, 2783822.461852154694498 ], [ 376178.525117354351096, 2783797.558869530912489 ], [ 376187.371693820750806, 2783797.090876358095556 ], [ 376195.635771676665172, 2783799.442858374677598 ], [ 376203.33033099793829, 2783806.425788052845746 ], [ 376212.583042007463519, 2783806.55773136112839 ], [ 376217.016847958380822, 2783807.731974738650024 ], [ 376216.97481687401887, 2783811.192615820560604 ], [ 376216.767345542204566, 2783828.248366719577461 ], [ 376234.969725969131105, 2783841.790657489560544 ], [ 376246.978244676603936, 2783822.452519631944597 ], [ 376259.813800424628425, 2783801.7825404596515 ], [ 376335.060268125962466, 2783708.140755725093186 ], [ 376336.074045529239811, 2783707.282905573025346 ], [ 376364.649172575271223, 2783672.482142649125308 ], [ 376375.031663175555877, 2783662.146393683273345 ], [ 376432.209905571537092, 2783615.664068241603673 ], [ 376443.213362528767902, 2783607.737660171464086 ], [ 376460.008032920653932, 2783599.345226157456636 ], [ 376489.941282614367083, 2783589.490263256244361 ], [ 376617.685813510499429, 2783592.967460413463414 ], [ 376708.60937967087375, 2783648.809725870378315 ], [ 376789.634863848914392, 2783698.893118825275451 ], [ 376922.883349206822459, 2783766.490072340238839 ], [ 376988.450728445197456, 2783820.509676304645836 ], [ 376995.032380909775384, 2783825.638645481783897 ], [ 377076.654089950898197, 2783889.244694216176867 ], [ 377149.851734669937287, 2783904.912713930010796 ], [ 377246.477564487839118, 2783925.595631470438093 ], [ 377334.121493893209845, 2783946.063104469329119 ], [ 377414.1257191154873, 2783966.989751382730901 ], [ 377473.325267540058121, 2783976.003507616464049 ], [ 377552.641086605959572, 2783985.471030252519995 ], [ 377659.094687587290537, 2783992.927204228471965 ], [ 377759.508672366268001, 2783999.623755658045411 ], [ 377764.526064684148878, 2783998.178955126553774 ], [ 377799.34256808902137, 2784016.075572161469609 ], [ 377846.296124981250614, 2784040.211038158275187 ], [ 377883.756689287954941, 2784046.972811329178512 ], [ 377905.599427024135366, 2784045.800255131907761 ], [ 377907.302070961799473, 2784045.891378680709749 ], [ 377971.596727187221404, 2784049.333180238492787 ], [ 378005.797371243068483, 2784050.486448710318655 ], [ 378010.80894426611485, 2784048.236817788332701 ], [ 378019.869667004211806, 2784049.577950589824468 ], [ 378032.94251218996942, 2784049.480762186925858 ], [ 378042.419745634018909, 2784046.696276520378888 ], [ 378049.848683309508488, 2784041.31502938317135 ], [ 378067.969956973043736, 2784044.61825208645314 ], [ 378082.677181447157636, 2784056.955171404406428 ], [ 378089.793767048104201, 2784061.878044825978577 ], [ 378097.68851511599496, 2784064.492094841320068 ], [ 378120.503414266044274, 2784060.515565364155918 ], [ 378136.236181926447898, 2784064.804340049158782 ], [ 378171.685462587862276, 2784071.580964627210051 ], [ 378199.102306582732126, 2784073.362445191945881 ], [ 378213.220650722796563, 2784075.701869781129062 ], [ 378237.144870414456818, 2784074.317903771530837 ], [ 378270.240113150095567, 2784071.653584963176399 ], [ 378274.041880811215378, 2784069.010974735952914 ], [ 378280.625042628904339, 2784061.721144553739578 ], [ 378303.722380456165411, 2784057.325397773180157 ], [ 378319.109123695583548, 2784070.888185509014875 ], [ 378323.991177239862736, 2784078.294636229984462 ], [ 378336.551561988773756, 2784090.470195703208447 ], [ 378343.666794494143687, 2784095.581272325478494 ], [ 378354.575080104637891, 2784097.380878251511604 ], [ 378398.774111854843795, 2784098.881362550891936 ], [ 378412.589314601384103, 2784099.647541725542396 ], [ 378479.078446909144986, 2784097.864559012465179 ], [ 378548.108723993238527, 2784103.586900236550719 ], [ 378583.296215227223001, 2784109.117048270069063 ], [ 378637.519227795477491, 2784127.878086847253144 ], [ 378640.999342829571106, 2784129.647640372626483 ], [ 378659.772810964263044, 2784139.193535889964551 ], [ 378676.770655710366555, 2784149.494065422099084 ], [ 378697.92987089138478, 2784154.969020093325526 ], [ 378720.811158972210251, 2784158.21328752906993 ], [ 378733.931683412578423, 2784164.552241606637836 ], [ 378746.234367594181094, 2784169.087215415202081 ], [ 378766.8419212695444, 2784181.361727113835514 ], [ 378784.700805177621078, 2784193.343940494116396 ], [ 378798.317154044227209, 2784185.197563101071864 ], [ 378850.521966278669424, 2784171.627287766896188 ], [ 378946.465253192698583, 2784146.68747354997322 ], [ 378953.661188277590554, 2784167.752694565337151 ], [ 379034.213956965482794, 2784152.81530428212136 ], [ 379035.337338951649144, 2784152.660868752282113 ], [ 379067.080363448068965, 2784142.481491163838655 ], [ 379103.963347095123027, 2784121.383659958373755 ], [ 379106.288665268046316, 2784109.499600694980472 ], [ 379247.913698913471308, 2784113.47583840880543 ], [ 379336.492542217019945, 2784124.483882561326027 ], [ 379474.16474600933725, 2784110.790928476024419 ], [ 379584.736714581784327, 2784104.136903116945177 ], [ 379592.291203637665603, 2784092.214318350423127 ], [ 379700.289388705510646, 2784118.162945629563183 ], [ 379716.620170983776916, 2784123.472266360651702 ], [ 379729.644107666914351, 2784143.890670106746256 ], [ 379735.788474736735225, 2784162.821230391971767 ], [ 379741.171099431114271, 2784179.404438974801451 ], [ 379753.266923380841035, 2784210.28848217241466 ], [ 379770.076751355838496, 2784253.00473838346079 ], [ 379771.947035858989693, 2784288.188620843458921 ], [ 379702.294993392017204, 2784334.160215441137552 ], [ 379671.603126850794069, 2784345.048036212101579 ], [ 379639.718723419704475, 2784344.374347386881709 ], [ 379636.39982299861731, 2784344.304207627661526 ], [ 379624.411475222499575, 2784327.900114518590271 ], [ 379619.862935809942428, 2784311.240104428958148 ], [ 379618.298325056734029, 2784290.133610378485173 ], [ 379617.026790252537467, 2784285.594727322459221 ], [ 379609.414219321566634, 2784258.420869967900217 ], [ 379535.257168304233346, 2784293.565539625938982 ], [ 379521.385015691514127, 2784321.425113720353693 ], [ 379521.157861082465388, 2784323.654419649858028 ], [ 379505.68118305754615, 2784328.978024458978325 ], [ 379483.221761246037204, 2784328.345307284034789 ], [ 379449.73336782847764, 2784341.868638386484236 ], [ 379428.020577092189342, 2784370.187815498095006 ], [ 379426.104888261528686, 2784383.073721286840737 ], [ 379442.022056110901758, 2784413.929889960214496 ], [ 379460.283154748205561, 2784462.467955567874014 ], [ 379466.256260762631427, 2784508.481728586368263 ], [ 379468.897711289289873, 2784512.082076979335397 ], [ 379486.621666240680497, 2784515.370295357890427 ], [ 379517.488208753580693, 2784511.444885425269604 ], [ 379552.128051931387745, 2784507.039717360399663 ], [ 379555.854985801037401, 2784496.191053009126335 ], [ 379559.788035644683987, 2784496.030002250801772 ], [ 379604.956582495651674, 2784497.797532088588923 ], [ 379665.873029418638907, 2784494.328295374289155 ], [ 379738.250352350412868, 2784490.371799446176738 ], [ 379774.438277609995566, 2784488.292528493329883 ], [ 379812.440636849729344, 2784486.803894313517958 ], [ 379861.491186080384068, 2784483.423116332385689 ], [ 379897.865326788101811, 2784479.331767098046839 ], [ 379939.093026504502632, 2784478.824151393026114 ], [ 380009.2953035174869, 2784479.912312150001526 ], [ 380053.748409374966286, 2784480.386950545012951 ], [ 380114.0599539806135, 2784476.720182067714632 ], [ 380160.104287161899265, 2784474.769422020297498 ], [ 380204.341286045440938, 2784473.234817346557975 ], [ 380251.788760342169553, 2784470.669810128863901 ], [ 380326.379684262385126, 2784466.897954172920436 ], [ 380376.44162547623273, 2784464.313545287121087 ], [ 380431.342397171771154, 2784463.302499507553875 ], [ 380468.133698839577846, 2784461.219881127588451 ], [ 380511.365082777163479, 2784459.691592074465007 ], [ 380575.701870511169545, 2784456.398252380546182 ], [ 380638.023124810541049, 2784452.516781635582447 ], [ 380691.095725206308998, 2784449.105529849883169 ], [ 380723.864657502097543, 2784447.052319874987006 ], [ 380771.681429794582073, 2784440.060018278192729 ], [ 380844.103319124318659, 2784442.136663630604744 ], [ 380886.512969775765669, 2784538.551398816984147 ], [ 380900.363491334253922, 2784570.039390383288264 ], [ 380928.167308075353503, 2784603.622174398042262 ], [ 380947.084213765396271, 2784616.502701241988689 ], [ 380990.46795766899595, 2784646.042737865820527 ], [ 380992.451440362725407, 2784647.39327801624313 ], [ 381065.120161112747155, 2784713.301507877651602 ], [ 381074.055851984536275, 2784721.405766400042921 ], [ 381149.212589114671573, 2784793.856713499408215 ], [ 381244.503564812010154, 2784869.175933903083205 ], [ 381284.266111995733809, 2784915.140234481077641 ], [ 381295.165230397251435, 2784938.552470706403255 ], [ 381305.726993360905908, 2784961.240339036099613 ], [ 381385.612539456633385, 2785047.534785320982337 ], [ 381391.102372695982922, 2785055.538444546516985 ], [ 381414.81378345383564, 2785050.737220053095371 ], [ 381460.186757019546349, 2785041.549970215186477 ], [ 381493.895318248018157, 2785025.528856802266091 ], [ 381493.895318248018157, 2780527.296354989055544 ] ] ] } },
{ "type": "Feature", "properties": { "area_km2": 35.464890240712826, "block_id": "SYL-B013", "loss_pixels": 2.0, "plantation_ha": 0.0, "split": "train" }, "geometry": { "type": "Polygon", "coordinates": [ [ [ 381493.895318248018157, 2730527.296354989055544 ], [ 391493.895318248018157, 2730527.296354989055544 ], [ 391493.895318248018157, 2727423.56144606275484 ], [ 391487.542616871418431, 2727413.465904264245182 ], [ 391475.24416199803818, 2727394.048701528925449 ], [ 391458.985718823736534, 2727359.281677685212344 ], [ 391452.976228751125745, 2727341.664447157643735 ], [ 391446.998379604774527, 2727328.358639251440763 ], [ 391443.976185842358973, 2727321.612639700993896 ], [ 391441.458276629215106, 2727306.481450465507805 ], [ 391439.700047170452308, 2727297.520463385619223 ], [ 391438.015240278444253, 2727289.058132311794907 ], [ 391434.536320212879218, 2727278.572257421445101 ], [ 391430.054856572067365, 2727265.108917124103755 ], [ 391427.409358345437795, 2727249.855248717591166 ], [ 391420.531095853133593, 2727235.381613209377974 ], [ 391417.342251176713035, 2727221.015034897252917 ], [ 391409.637835061876103, 2727200.18501033494249 ], [ 391395.490620016353205, 2727161.934635017998517 ], [ 391389.3188519779942, 2727151.195282580330968 ], [ 391381.909863122564275, 2727138.17067540762946 ], [ 391372.018445381312631, 2727125.950199936050922 ], [ 391364.722210786421783, 2727112.36070562293753 ], [ 391362.106424896395765, 2727109.918118274305016 ], [ 391357.347557886736467, 2727103.772648920305073 ], [ 391354.85813771490939, 2727101.38965139631182 ], [ 391348.104127372906078, 2727092.600399990566075 ], [ 391346.432255949184764, 2727090.449552691075951 ], [ 391336.555752632440999, 2727076.041477276477963 ], [ 391331.392188830068335, 2727071.404842013027519 ], [ 391324.504001263878308, 2727065.055764704942703 ], [ 391313.595952414907515, 2727054.919818878173828 ], [ 391304.048273283697199, 2727044.129381697624922 ], [ 391296.373764382093213, 2727036.110261103603989 ], [ 391289.863052921369672, 2727029.877849735319614 ], [ 391286.359254226787016, 2727026.829702058807015 ], [ 391273.638219939137343, 2727016.670868162065744 ], [ 391265.07129125087522, 2727007.858848371077329 ], [ 391253.086158292600885, 2726997.0590526945889 ], [ 391241.390629430359695, 2726988.065212362445891 ], [ 391232.332173278729897, 2726979.638788871467113 ], [ 391222.570456482586451, 2726973.352668208535761 ], [ 391220.594571908703074, 2726971.583509083837271 ], [ 391212.877927727997303, 2726964.502533 ], [ 391194.173609493242111, 2726952.224689487367868 ], [ 391180.378679033601657, 2726944.401718384586275 ], [ 391173.112946528941393, 2726937.935953908599913 ], [ 391167.532720282499213, 2726934.245614946354181 ], [ 391163.846962257579435, 2726931.45152588840574 ], [ 391154.435848359833471, 2726926.907350871246308 ], [ 391140.593281038920395, 2726916.898058290593326 ], [ 391116.667963826563209, 2726908.796463607810438 ], [ 391109.306264991988428, 2726906.520006068516523 ], [ 391102.322180334303994, 2726904.360306937247515 ], [ 391088.094718521635514, 2726902.483727764803916 ], [ 391078.939166202966589, 2726901.058892608154565 ], [ 391074.175534383277409, 2726900.413161489181221 ], [ 391049.532486604643054, 2726896.639384950045496 ], [ 391037.040414032468107, 2726894.099967401940376 ], [ 391032.908135419536848, 2726893.752736641094089 ], [ 391012.497985163878184, 2726892.073878561146557 ], [ 391005.188069434196223, 2726892.171179268043488 ], [ 390992.503453507495578, 2726892.260690966621041 ], [ 390980.278948160412256, 2726901.964532456826419 ], [ 390968.457213569781743, 2726907.222544896882027 ], [ 390959.282305150409229, 2726913.484951171092689 ], [ 390938.632706076081377, 2726920.87329080933705 ], [ 390923.722826781799085, 2726924.948586266022176 ], [ 390918.752768191741779, 2726926.307096335571259 ], [ 390911.801774648251012, 2726928.521364212501794 ], [ 390901.708576522767544, 2726932.804064743686467 ], [ 390887.470906543021556, 2726936.177438572514802 ], [ 390872.747063424962107, 2726940.186323457863182 ], [ 390870.38680885208305, 2726940.86289138533175 ], [ 390859.250628424459137, 2726943.168520787730813 ], [ 390852.656652353296522, 2726944.562509613111615 ], [ 390848.243324448179919, 2726945.658863412216306 ], [ 390834.987335892044939, 2726948.198327942285687 ], [ 390826.97705677797785, 2726950.560717375483364 ], [ 390821.948581928154454, 2726952.107985159847885 ], [ 390805.02210491464939, 2726955.415080043952912 ], [ 390794.095171419205144, 2726958.716028743423522 ], [ 390785.991038382868282, 2726959.643062350805849 ], [ 390781.067123701504897, 2726960.250643001869321 ], [ 390764.260130359558389, 2726963.305240962188691 ], [ 390761.646036525140516, 2726963.79965693783015 ], [ 390751.301430984342005, 2726965.150637513957918 ], [ 390738.705469354637899, 2726969.30063984496519 ], [ 390730.814579883823171, 2726971.41042816825211 ], [ 390728.018690707103815, 2726972.158995842561126 ], [ 390721.010512315668166, 2726974.624312341678888 ], [ 390717.167736211791635, 2726976.083336323965341 ], [ 390704.020585349586327, 2726980.745241178199649 ], [ 390693.473609033913817, 2726984.287914822343737 ], [ 390680.745998959580902, 2726988.128150487784296 ], [ 390678.212274314893875, 2726989.433476659934968 ], [ 390670.370119846658781, 2726990.917217717971653 ], [ 390666.210968121245969, 2726992.195464958902448 ], [ 390658.823789657675661, 2726994.481733442284167 ], [ 390654.850746477721259, 2726995.693513753358275 ], [ 390646.408475003496278, 2726998.315225548576564 ], [ 390641.702229598304257, 2727000.292920245788991 ], [ 390636.008531582541764, 2727002.854805281851441 ], [ 390626.453045118367299, 2727006.000688469503075 ], [ 390619.796377935272176, 2727007.396058788523078 ], [ 390613.947870423435234, 2727008.58628756692633 ], [ 390611.151891981542576, 2727009.334769362583756 ], [ 390602.700324089964852, 2727011.519256569445133 ], [ 390589.953529730439186, 2727014.485189262311906 ], [ 390585.629919499624521, 2727016.829552362207323 ], [ 390575.165800470043905, 2727018.433105442672968 ], [ 390565.888826615759172, 2727022.885380982421339 ], [ 390554.886933764093556, 2727025.625534016173333 ], [ 390546.337831441604067, 2727031.937007993459702 ], [ 390544.614683283260092, 2727033.162110100500286 ], [ 390529.364645196532365, 2727041.682099269237369 ], [ 390524.556296520866454, 2727044.724550079554319 ], [ 390520.86567644320894, 2727047.430065521039069 ], [ 390511.169122029212303, 2727052.703966743778437 ], [ 390504.979991991596762, 2727055.463943701703101 ], [ 390500.895328343729489, 2727057.303123691584915 ], [ 390491.461970199889038, 2727060.321450375020504 ], [ 390479.924241350730881, 2727067.135703274980187 ], [ 390471.885511065251194, 2727071.061115657910705 ], [ 390460.51426967169391, 2727074.059298750944436 ], [ 390452.178404787322506, 2727078.678656932432204 ], [ 390446.221401735907421, 2727080.621206966694444 ], [ 390442.621502851019613, 2727081.762222912162542 ], [ 390430.60587786330143, 2727089.586832170840353 ], [ 390421.175260412390344, 2727092.730105199851096 ], [ 390406.640007762121968, 2727108.23416554229334 ], [ 390397.975265310029499, 2727112.110738218296319 ], [ 390390.858473700121976, 2727115.328477506060153 ], [ 390388.258049865893554, 2727116.447671777568758 ], [ 390380.39074869826436, 2727122.494183860719204 ], [ 390370.832899229659233, 2727128.390136236790568 ], [ 390368.132168306037784, 2727130.636607085820287 ], [ 390360.792917216662318, 2727135.109067773912102 ], [ 390351.529728209774476, 2727143.060874945484102 ], [ 390345.620479099976365, 2727147.189720986876637 ], [ 390340.264925348979887, 2727150.931582355871797 ], [ 390334.161461447132751, 2727154.752216912340373 ], [ 390329.969619662268087, 2727157.40603770269081 ], [ 390321.530087963852566, 2727157.278064248152077 ], [ 390309.71012621850241, 2727154.036648522596806 ], [ 390304.96504923584871, 2727151.390346738509834 ], [ 390298.359759881976061, 2727149.410012121777982 ], [ 390288.560131971025839, 2727144.249430394265801 ], [ 390284.514566958881915, 2727142.150444057770073 ], [ 390276.233119245618582, 2727137.831716678105295 ], [ 390273.976338832057081, 2727137.506119458470494 ], [ 390259.875128578336444, 2727135.689197498839349 ], [ 390243.277920423832256, 2727134.052136794663966 ], [ 390237.723914883565158, 2727134.423469462431967 ], [ 390222.484244573221076, 2727140.568392678163946 ], [ 390197.954577642609365, 2727144.854256978258491 ], [ 390189.930456870177295, 2727146.591876033693552 ], [ 390187.878831844893284, 2727147.074206106364727 ], [ 390178.463041875336785, 2727150.904694000724703 ], [ 390166.388989222992677, 2727158.918045761529356 ], [ 390160.102178725239355, 2727162.930133093614131 ], [ 390151.453780382173136, 2727167.556357435882092 ], [ 390138.981417225324549, 2727171.641158621758223 ], [ 390125.007113294384908, 2727175.633636405691504 ], [ 390116.289376494532917, 2727179.948910468257964 ], [ 390097.109092945524026, 2727185.930115562397987 ], [ 390075.250649310008157, 2727192.344718742650002 ], [ 390064.7579764862312, 2727195.511370391119272 ], [ 390054.743314090417698, 2727197.667590288445354 ], [ 390050.389842877164483, 2727198.637704528402537 ], [ 390038.02333510236349, 2727201.845005429815501 ], [ 390025.494938356569037, 2727203.368968829512596 ], [ 390018.684740881668404, 2727203.455200089607388 ], [ 390012.99896952137351, 2727203.516809908673167 ], [ 389988.944346682925243, 2727206.6673822728917 ], [ 389976.407826126436703, 2727207.816255679354072 ], [ 389973.478817189286929, 2727208.192716855090111 ], [ 389960.97743212786736, 2727208.090810434892774 ], [ 389954.774515826604329, 2727210.226224464830011 ], [ 389950.407403263670858, 2727210.571663644164801 ], [ 389934.062974533881061, 2727211.928695448674262 ], [ 389926.203135169867892, 2727212.600370019674301 ], [ 389921.571127729665022, 2727212.264185967389494 ], [ 389911.001208068453707, 2727214.74495800351724 ], [ 389898.503841221565381, 2727214.830564959906042 ], [ 389886.949327373411506, 2727218.02027355087921 ], [ 389871.975786467839498, 2727224.909563343506306 ], [ 389862.135233542416245, 2727229.311863407958299 ], [ 389849.651850821042899, 2727232.896900274325162 ], [ 389847.473668641294353, 2727233.319375914055854 ], [ 389835.279794155154377, 2727238.710573575459421 ], [ 389826.597502275137231, 2727241.775127479340881 ], [ 389815.170401573006529, 2727245.087034319061786 ], [ 389802.616374461445957, 2727248.298693769145757 ], [ 389788.01172741438495, 2727249.180303474422544 ], [ 389782.255200761312153, 2727248.868588622659445 ], [ 389777.999311727820896, 2727248.586613418068737 ], [ 389774.627649616508279, 2727248.722770666237921 ], [ 389765.44917776400689, 2727249.110861536581069 ], [ 389762.016285493678879, 2727249.310852883383632 ], [ 389743.850762838614173, 2727250.270259007345885 ], [ 389730.688136188895442, 2727251.370281354058534 ], [ 389715.532475076965056, 2727255.638670906890184 ], [ 389699.003868222003803, 2727259.999703450594097 ], [ 389690.140487074968405, 2727271.942436361685395 ], [ 389681.543934662244283, 2727278.942452483344823 ], [ 389678.476919763139449, 2727284.446505373809487 ], [ 389681.028397332003806, 2727295.390090038068593 ], [ 389681.295570264221169, 2727304.758651377167553 ], [ 389681.532807875308208, 2727312.753122081514448 ], [ 389681.201600069762208, 2727314.760100258514285 ], [ 389701.673369131633081, 2727342.123477473389357 ], [ 389702.772466081310995, 2727346.661554512567818 ], [ 389706.215925285185222, 2727355.523281676694751 ], [ 389709.078234277083538, 2727366.397625378798693 ], [ 389710.239964138774667, 2727370.934430636931211 ], [ 389712.189169618824963, 2727377.203882410656661 ], [ 389716.244391988380812, 2727391.177000998985022 ], [ 389718.363663414027542, 2727399.505156686529517 ], [ 389720.617544207838364, 2727408.267799057532102 ], [ 389723.388014447584283, 2727420.643893305212259 ], [ 389723.102845715882722, 2727433.336821974255145 ], [ 389726.480759116646368, 2727450.636851999443024 ], [ 389730.442219048505649, 2727466.049388886895031 ], [ 389732.969119501358364, 2727475.868354142643511 ], [ 389733.781501155928709, 2727478.725405520759523 ], [ 389737.687100062496029, 2727491.576776703819633 ], [ 389740.022232717601582, 2727498.33797210175544 ], [ 389740.776295915187802, 2727501.383640022017062 ], [ 389743.521923590567894, 2727512.635444353800267 ], [ 389748.553312487958465, 2727525.52461916115135 ], [ 389748.864236825786065, 2727536.892089754343033 ], [ 389751.280770619108807, 2727544.526186703238636 ], [ 389754.098218209517654, 2727553.339069847017527 ], [ 389755.168279003351927, 2727565.127434304915369 ], [ 389757.459520194213837, 2727578.451537393499166 ], [ 389760.492981200455688, 2727588.572029814124107 ], [ 389763.642341771337669, 2727604.002203485928476 ], [ 389764.505671989405528, 2727612.04530886374414 ], [ 389765.197430873115081, 2727617.967263002414256 ], [ 389766.628040732291993, 2727623.373270309530199 ], [ 389768.005996665800922, 2727632.092702060937881 ], [ 389769.967939499183558, 2727641.79909951845184 ], [ 389770.431623650365509, 2727645.851295900065452 ], [ 389770.99003966350574, 2727648.526308107189834 ], [ 389774.038206165365409, 2727656.459278234280646 ], [ 389774.930880255647935, 2727660.126891949214041 ], [ 389778.018950041034259, 2727672.746106261853129 ], [ 389781.98428385326406, 2727685.471099203452468 ], [ 389786.931491855997592, 2727700.237061894033104 ], [ 389792.897296885494143, 2727724.417569134384394 ], [ 389795.812904769321904, 2727737.727977098897099 ], [ 389800.440123031148687, 2727755.000838809646666 ], [ 389803.568791498313658, 2727766.61905669933185 ], [ 389806.987720293691382, 2727785.793005183339119 ], [ 389810.52541701507289, 2727798.964814567007124 ], [ 389811.537517223565374, 2727802.380095188971609 ], [ 389814.2046725214459, 2727815.758369642775506 ], [ 389820.944560584030114, 2727829.610333815682679 ], [ 389824.081535117235035, 2727841.603467938955873 ], [ 389824.924234609818086, 2727848.709406541194767 ], [ 389831.385776623210404, 2727864.129608302842826 ], [ 389834.244519683416001, 2727877.691419605631381 ], [ 389834.289843969221693, 2727894.064286753535271 ], [ 389834.147774597571697, 2727910.441298031713814 ], [ 389833.25416404614225, 2727921.022630728315562 ], [ 389833.050730862189084, 2727923.151961666531861 ], [ 389829.88486079237191, 2727929.845827762503177 ], [ 389823.882834174029995, 2727932.601661016233265 ], [ 389814.388702500727959, 2727938.558773826342076 ], [ 389804.862308883515652, 2727948.76638054009527 ], [ 389799.207777762901969, 2727958.826889770105481 ], [ 389787.817972951859701, 2727966.70019601797685 ], [ 389777.493713359348476, 2727980.425060086883605 ], [ 389763.376295634312555, 2727992.170365353580564 ], [ 389753.900968464149628, 2727996.127342695835978 ], [ 389741.549291476723738, 2728000.021992864087224 ], [ 389729.320778427936602, 2728009.538688127882779 ], [ 389718.863195045269094, 2728011.454617806710303 ], [ 389709.449016125523485, 2728015.34757442958653 ], [ 389697.198177201615181, 2728020.990108149126172 ], [ 389685.864863969967701, 2728022.862628046423197 ], [ 389673.575760144041851, 2728026.756068624090403 ], [ 389660.344168101320975, 2728030.420014499220997 ], [ 389650.996263267064933, 2728034.498978192452341 ], [ 389648.755783800501376, 2728034.923093671444803 ], [ 389641.504614654346369, 2728037.706318945158273 ], [ 389637.782571429386735, 2728038.975109323393553 ], [ 389629.400113783311099, 2728041.470756558235735 ], [ 389620.019941132515669, 2728046.92532484093681 ], [ 389607.750996904913336, 2728048.880871216766536 ], [ 389598.392266622337047, 2728052.460281858220696 ], [ 389592.391463383683003, 2728052.403872578404844 ], [ 389588.134584869199898, 2728054.93431188352406 ], [ 389577.887659731146414, 2728057.908161491621286 ], [ 389561.015614084433764, 2728063.714021685533226 ], [ 389540.390194954001345, 2728069.35206893645227 ], [ 389533.713010168226901, 2728069.810374051798135 ], [ 389526.850043842219748, 2728070.335387856699526 ], [ 389517.961139749153517, 2728072.529700206592679 ], [ 389513.857494062045589, 2728073.494356345385313 ], [ 389505.688402069965377, 2728077.172455947380513 ], [ 389494.414768987917341, 2728078.918855712749064 ], [ 389483.917549698613584, 2728079.023291417397559 ], [ 389472.73922626755666, 2728082.267425155732781 ], [ 389457.69623378716642, 2728085.971009066328406 ], [ 389447.297043917700648, 2728087.698307699523866 ], [ 389430.999112434801646, 2728091.179345988668501 ], [ 389420.872866327175871, 2728091.088182855863124 ], [ 389403.649828980211169, 2728092.277132627554238 ], [ 389398.754287103191018, 2728091.321628136560321 ], [ 389391.521775389730465, 2728092.104694698005915 ], [ 389388.268238634744193, 2728091.925834537483752 ], [ 389384.452118381566834, 2728091.759206793271005 ], [ 389379.998014780401718, 2728090.981481539551169 ], [ 389377.191146099299658, 2728091.230303710326552 ], [ 389365.385101727792062, 2728091.488443527836353 ], [ 389360.07537127454998, 2728091.604486244730651 ], [ 389347.766761255566962, 2728091.748479961417615 ], [ 389330.719282490492333, 2728095.245906704105437 ], [ 389318.409368529624771, 2728095.327588177286088 ], [ 389311.975282057537697, 2728095.468111644499004 ], [ 389303.166113779414445, 2728095.598216407001019 ], [ 389286.553148338454776, 2728098.961225686594844 ], [ 389281.513967458158731, 2728100.008713275194168 ], [ 389257.563620499102399, 2728102.219586420804262 ], [ 389254.081991042243317, 2728103.045694121159613 ], [ 389250.919457458134275, 2728104.177348299883306 ], [ 389237.340308598708361, 2728109.098761806730181 ], [ 389232.549447639496066, 2728110.0783949829638 ], [ 389220.378444186528213, 2728113.656680896412581 ], [ 389207.772589241852984, 2728114.494765600655228 ], [ 389195.339032248186413, 2728114.641552957240492 ], [ 389183.884802959917579, 2728116.704161045607179 ], [ 389181.333197881001979, 2728117.197392133064568 ], [ 389168.116592575213872, 2728121.548752593342215 ], [ 389160.794767302984837, 2728123.958484662696719 ], [ 389158.554210777627304, 2728124.382459670770913 ], [ 389141.317904559255112, 2728127.821495562326163 ], [ 389117.126222492777742, 2728133.287421668414026 ], [ 389114.327720053785015, 2728133.911099008284509 ], [ 389105.457729957357515, 2728136.979963397607207 ], [ 389093.449788108002394, 2728142.304490271490067 ], [ 389089.364004069007933, 2728144.08121691364795 ], [ 389083.34428405505605, 2728146.025215962901711 ], [ 389066.356430645799264, 2728149.396249090787023 ], [ 389059.83304522826802, 2728151.163878773804754 ], [ 389041.714624112064485, 2728148.559921010397375 ], [ 389035.639033078041393, 2728147.942768554203212 ], [ 389021.260790133033879, 2728147.757068011444062 ], [ 389020.278823281289078, 2728145.71626000944525 ], [ 389011.752935491094831, 2728141.652849754784256 ], [ 388999.6283252928406, 2728135.918168385978788 ], [ 388988.80517642875202, 2728123.968000588007271 ], [ 388984.888944086385891, 2728102.054821595083922 ], [ 388984.832348264171742, 2728093.744270053692162 ], [ 388984.497835737012792, 2728089.87666250159964 ], [ 388984.15617273945827, 2728082.82212177105248 ], [ 388983.429344305768609, 2728069.588708523660898 ], [ 388983.162588379520457, 2728051.658067548181862 ], [ 388982.761516009806655, 2728047.604499210603535 ], [ 388982.131458032876253, 2728035.931581737007946 ], [ 388981.862096094817389, 2728032.187819272745401 ], [ 388981.012016877764836, 2728021.894426056183875 ], [ 388980.497352917562239, 2728009.781376150902361 ], [ 388982.914739029249176, 2728000.291565852705389 ], [ 388985.088146291847806, 2727993.932001528795809 ], [ 388987.436561927723233, 2727987.005912762600929 ], [ 388988.560525810462423, 2727984.106735384091735 ], [ 388995.390606978908181, 2727967.77080387249589 ], [ 388996.522828839719296, 2727965.246097452007234 ], [ 389000.707953688630369, 2727950.842965452000499 ], [ 389001.149013613932766, 2727936.709176976233721 ], [ 389001.091929007321596, 2727925.523607549257576 ], [ 389007.606879171798937, 2727909.069713554810733 ], [ 389010.800876059161965, 2727897.938018469605595 ], [ 389010.295609223365318, 2727883.387420956045389 ], [ 389011.852602480154019, 2727868.854458016809076 ], [ 389012.622132294694893, 2727864.025190345011652 ], [ 389015.429097509768326, 2727840.902910040691495 ], [ 389019.711296190391295, 2727810.935946610756218 ], [ 389019.706874527502805, 2727807.873801451176405 ], [ 389019.64175500231795, 2727796.313319609500468 ], [ 389023.343742164433934, 2727774.108717337716371 ], [ 389025.736539310892113, 2727763.494512315373868 ], [ 389029.836993579869159, 2727745.218583015259355 ], [ 389033.029297366854735, 2727719.712793957907706 ], [ 389033.183584801910911, 2727715.334851447958499 ], [ 389033.678873440949246, 2727700.824772010557353 ], [ 389035.28336552757537, 2727682.728252371773124 ], [ 389035.045766724622808, 2727671.859195564873517 ], [ 389036.34377825690899, 2727645.4572275551036 ], [ 389037.25654997152742, 2727635.750433307141066 ], [ 389037.910114842350595, 2727628.486726371571422 ], [ 389038.93052413337864, 2727620.839684693608433 ], [ 389040.69160218606703, 2727607.052070204168558 ], [ 389040.438333316706121, 2727589.746261397842318 ], [ 389043.114181888115127, 2727572.063678697682917 ], [ 389042.936222202377394, 2727558.193430738057941 ], [ 389042.69802017119946, 2727530.137815072666854 ], [ 389042.546956965350546, 2727514.642075769137591 ], [ 389042.449969748733565, 2727498.770040206145495 ], [ 389042.317750061803963, 2727481.274005791172385 ], [ 389042.715099870576523, 2727465.141319219488651 ], [ 389042.80827171402052, 2727460.827101218048483 ], [ 389042.842180392937735, 2727448.077109505888075 ], [ 389039.12421242299024, 2727438.096326836384833 ], [ 389040.103384092391934, 2727425.700698217842728 ], [ 389040.073061870993115, 2727410.014735342003405 ], [ 389039.96396432997426, 2727382.143811019603163 ], [ 389037.088577525340952, 2727364.957617295440286 ], [ 389037.036796147527639, 2727351.147052639164031 ], [ 389037.009194465703331, 2727335.586209878325462 ], [ 389035.1248076891643, 2727315.128482279367745 ], [ 389032.267862146254629, 2727293.067308909259737 ], [ 389032.257054337533191, 2727281.130757833831012 ], [ 389029.338973466365132, 2727259.133308375254273 ], [ 389029.321706196526065, 2727249.759311276488006 ], [ 389029.340447508438956, 2727247.759016888216138 ], [ 389024.577005125698633, 2727227.11431178310886 ], [ 389019.281253704801202, 2727204.981475005857646 ], [ 389014.404722925857641, 2727179.151984725613147 ], [ 389008.653584054089151, 2727153.341662987135351 ], [ 389003.386816138925496, 2727123.958422229159623 ], [ 388997.858007555478252, 2727094.018684493377805 ], [ 388994.04321146896109, 2727068.165992303751409 ], [ 388988.582136349170469, 2727038.474558770656586 ], [ 388990.578210825158749, 2727023.994251798372716 ], [ 388988.113463228510227, 2727011.298885239288211 ], [ 388982.674959423369728, 2726999.793405288364738 ], [ 388976.793657527014147, 2726988.04760644165799 ], [ 388972.00557262491202, 2726977.715470400173217 ], [ 388967.059689131390769, 2726963.011876022443175 ], [ 388962.183570977649651, 2726954.368957516737282 ], [ 388957.274820407270454, 2726944.226608191616833 ], [ 388953.180455566558521, 2726931.317020505201072 ], [ 388949.211555418442003, 2726921.279237307142466 ], [ 388945.148092508665286, 2726906.931396052241325 ], [ 388940.215045180346351, 2726898.539663237519562 ], [ 388935.311699735349976, 2726888.647337119095027 ], [ 388932.250919989484828, 2726877.277362226974219 ], [ 388929.255695304367691, 2726868.905917937401682 ], [ 388925.322109728702344, 2726860.492359865922481 ], [ 388922.46413577219937, 2726852.680183836724609 ], [ 388910.80444152711425, 2726839.623202666640282 ], [ 388896.633975574630313, 2726826.058605583384633 ], [ 388880.818469439866021, 2726808.717740165535361 ], [ 388864.981795854109805, 2726796.126864324323833 ], [ 388847.676803636190016, 2726779.255979822948575 ], [ 388829.247202373109758, 2726762.409614094998688 ], [ 388813.484709433163516, 2726744.630071189720184 ], [ 388790.695671077992301, 2726722.754197685047984 ], [ 388774.376290176063776, 2726705.236852110829204 ], [ 388759.474682212574407, 2726686.813367336522788 ], [ 388743.205905330483802, 2726671.607318117748946 ], [ 388728.84245274355635, 2726657.796911451034248 ], [ 388713.506639449857175, 2726642.382868959568441 ], [ 388708.476244479301386, 2726638.117974677123129 ], [ 388705.674484171671793, 2726635.741694267839193 ], [ 388699.431271865265444, 2726630.31595069123432 ], [ 388697.024793128890451, 2726628.868638215120882 ], [ 388682.180799714289606, 2726615.943645464256406 ], [ 388676.522988291690126, 2726611.567505378741771 ], [ 388667.116861962422263, 2726604.398415395990014 ], [ 388663.944395426660776, 2726602.217917049769312 ], [ 388659.245509746426251, 2726598.820720529649407 ], [ 388652.006992445793003, 2726593.604190747719258 ], [ 388645.558944158081431, 2726590.245262907352298 ], [ 388642.770771780691575, 2726588.493813369423151 ], [ 388634.597998098819517, 2726583.422652625478804 ], [ 388626.36136805039132, 2726578.290212959051132 ], [ 388623.467107454547659, 2726574.541353964246809 ], [ 388603.062473323894665, 2726564.55019295681268 ], [ 388585.098118535475805, 2726554.693103496916592 ], [ 388565.22431256523123, 2726543.252975807525218 ], [ 388547.250322608451825, 2726532.958571690134704 ], [ 388527.446229811001103, 2726524.704261074773967 ], [ 388510.503158920269925, 2726515.824916563928127 ], [ 388494.559575789491646, 2726506.923731552902609 ], [ 388482.529780891898554, 2726499.812018456868827 ], [ 388470.584599112684373, 2726493.698325398378074 ], [ 388468.24595491355285, 2726492.499458740465343 ], [ 388462.790565188799519, 2726488.806174433324486 ], [ 388450.887127132387832, 2726481.754272001795471 ], [ 388440.191178426379338, 2726475.613192787393928 ], [ 388429.493606388452463, 2726469.409785579424351 ], [ 388419.731990674859844, 2726463.123346281703562 ], [ 388409.998811491648667, 2726458.148779802024364 ], [ 388400.262900930829346, 2726453.049211821518838 ], [ 388392.43754849571269, 2726446.720557370688766 ], [ 388381.764749402238522, 2726441.641591320745647 ], [ 388373.745206063846126, 2726435.004533581901342 ], [ 388364.040226233715657, 2726428.466841455549002 ], [ 388351.274237337464001, 2726419.121240384876728 ], [ 388343.470938895305153, 2726413.792009979486465 ], [ 388331.730589317157865, 2726408.486323990859091 ], [ 388322.990197377745062, 2726403.177588971797377 ], [ 388311.37622048985213, 2726397.931591987144202 ], [ 388298.91897364531178, 2726394.141354536637664 ], [ 388290.176061619422399, 2726391.582543940749019 ], [ 388281.494043676299043, 2726386.084989257156849 ], [ 388269.00418112333864, 2726380.795565936714411 ], [ 388260.165581308538094, 2726373.864039943087846 ], [ 388250.421682474086992, 2726368.389767796266824 ], [ 388234.840575252776034, 2726358.918057506904006 ], [ 388225.252819000394084, 2726354.877567935269326 ], [ 388214.608651490416378, 2726351.110589693766087 ], [ 388204.77068326738663, 2726344.200754404533654 ], [ 388197.599082699161954, 2726342.045097227673978 ], [ 388192.188579184759874, 2726340.413274429738522 ], [ 388182.637541980540846, 2726338.05959255900234 ], [ 388167.19551450246945, 2726332.084797443822026 ], [ 388160.189764934941195, 2726331.800395978614688 ], [ 388148.062676446221303, 2726328.815400355029851 ], [ 388143.601463480445091, 2726327.725470356177539 ], [ 388127.130514486110769, 2726326.147784219123423 ], [ 388119.95323510223534, 2726323.742151733022183 ], [ 388107.250449876533821, 2726320.144868817646056 ], [ 388084.900014819926582, 2726312.633599479217082 ], [ 388072.044761822209693, 2726307.789600248448551 ], [ 388061.548714501666836, 2726305.081585573963821 ], [ 388042.007974552572705, 2726297.446429468225688 ], [ 388029.394746385281906, 2726295.09691263595596 ], [ 388023.858112539513968, 2726293.405370999593288 ], [ 388021.53050354734296, 2726292.706275606527925 ], [ 388013.727284245076589, 2726290.252027221489698 ], [ 387999.147632299223915, 2726286.570621615275741 ], [ 387990.404588034492917, 2726284.011773661244661 ], [ 387972.863221555948257, 2726279.207612846978009 ], [ 387963.123468852078076, 2726276.795686320401728 ], [ 387951.636220502550714, 2726277.359037400223315 ], [ 387942.836479171121027, 2726275.05128959659487 ], [ 387931.254158782248851, 2726274.116834283806384 ], [ 387918.756068065413274, 2726268.45280205225572 ], [ 387903.409009241382591, 2726263.975672436412424 ], [ 387882.647834019735456, 2726260.554421856068075 ], [ 387863.175129201728851, 2726256.042499914765358 ], [ 387850.432691427413374, 2726250.633659153245389 ], [ 387828.263255555531941, 2726245.680628596339375 ], [ 387824.480932021280751, 2726244.200817421078682 ], [ 387809.788826016709208, 2726241.084311812650412 ], [ 387797.131936380814295, 2726236.736089401412755 ], [ 387786.434605666843709, 2726233.407409047242254 ], [ 387771.97990392963402, 2726229.723455809056759 ], [ 387764.073652558843605, 2726228.271081577520818 ], [ 387759.850099291128572, 2726226.613561260513961 ], [ 387757.5931920480798, 2726226.287921269889921 ], [ 387748.941306060703937, 2726225.039364406373352 ], [ 387737.35868519480573, 2726221.230151322670281 ], [ 387725.122018201684114, 2726221.809816871304065 ], [ 387710.698524700943381, 2726219.562579996418208 ], [ 387698.1802075568703, 2726215.836151564493775 ], [ 387684.81877415656345, 2726213.565522455610335 ], [ 387680.124306154088117, 2726213.23068283777684 ], [ 387672.425777652359102, 2726212.711473559960723 ], [ 387661.001217644719873, 2726213.273448753170669 ], [ 387650.357222488091793, 2726212.380923397373408 ], [ 387638.060839725949336, 2726213.087064082268625 ], [ 387633.154432440991513, 2726214.506591264624149 ], [ 387625.827157231746241, 2726216.666632395237684 ], [ 387614.435164418653585, 2726218.727749024052173 ], [ 387604.200721975066699, 2726225.138520981185138 ], [ 387589.804205650114454, 2726232.702576952055097 ], [ 387588.028163542971015, 2726234.366472748573869 ], [ 387580.862396387849003, 2726238.210317036602646 ], [ 387572.439050004875753, 2726241.706520209554583 ], [ 387566.857026107492857, 2726246.515658124815673 ], [ 387561.456761584966443, 2726251.071053073741496 ], [ 387551.776325434213504, 2726257.094653364270926 ], [ 387550.502634340082295, 2726258.872433841228485 ], [ 387544.564806886308361, 2726264.564433308318257 ], [ 387539.496349609340541, 2726272.862081828527153 ], [ 387536.999273985507898, 2726275.85410394705832 ], [ 387530.419343944406137, 2726283.62244383757934 ], [ 387528.215830154775176, 2726288.607815457973629 ], [ 387525.834409177885391, 2726294.034503124188632 ], [ 387523.024113227031194, 2726299.845621439162642 ], [ 387521.340470572700724, 2726302.88234039908275 ], [ 387515.863868752494454, 2726318.251333809923381 ], [ 387507.103927114396356, 2726334.941830803640187 ], [ 387506.798344539594837, 2726346.697927326429635 ], [ 387503.063449812179897, 2726367.403445221949369 ], [ 387499.885600902664009, 2726379.284781301394105 ], [ 387500.484127805102617, 2726389.521238323766738 ], [ 387498.617622913501691, 2726395.624178695492446 ], [ 387497.73922205233248, 2726398.33079034788534 ], [ 387498.809506381454412, 2726412.994087882339954 ], [ 387497.468804406758863, 2726423.147897861432284 ], [ 387497.130746839859057, 2726436.279814194422215 ], [ 387497.662688150187023, 2726446.330095753539354 ], [ 387498.169410931470338, 2726460.943357825279236 ], [ 387497.265060379926581, 2726473.899898211006075 ], [ 387497.891007122874726, 2726485.385662394110113 ], [ 387498.421735847601667, 2726495.373715986963362 ], [ 387499.171430747024715, 2726509.669058953411877 ], [ 387500.270978232088964, 2726519.957056293264031 ], [ 387500.831070661370177, 2726525.569475343450904 ], [ 387500.206337396695744, 2726537.020178103353828 ], [ 387499.638579428661615, 2726548.219584111589938 ], [ 387499.280722471070476, 2726554.727048020809889 ], [ 387497.484435831895098, 2726569.765492869075388 ], [ 387497.056972236023284, 2726573.087184677366167 ], [ 387493.981038692232687, 2726598.215825370978564 ], [ 387493.343242237344384, 2726614.791329598519951 ], [ 387490.498003295855597, 2726624.727969730272889 ], [ 387489.51475132862106, 2726636.936520965304226 ], [ 387487.250385773018934, 2726644.860555131919682 ], [ 387487.478344108792953, 2726655.292487980797887 ], [ 387487.719861872843467, 2726666.34924152167514 ], [ 387487.930013683973812, 2726675.969230482820421 ], [ 387487.98728174273856, 2726678.592854156624526 ], [ 387488.096556252625305, 2726683.590194137766957 ], [ 387483.229036880133208, 2726703.945533961988986 ], [ 387482.27212916163262, 2726708.778743435163051 ], [ 387481.432101422105916, 2726713.234254627488554 ], [ 387480.003707337251399, 2726727.952335140202194 ], [ 387479.697082207771018, 2726731.084009742364287 ], [ 387478.508434524061158, 2726739.609540631994605 ], [ 387478.711612501065247, 2726748.917177188210189 ], [ 387477.411157278635073, 2726752.320247329771519 ], [ 387473.748315821343567, 2726762.024859106633812 ], [ 387473.825410416931845, 2726771.272828795481473 ], [ 387473.405337750213221, 2726780.656498529482633 ], [ 387472.591025495843496, 2726783.424169441219419 ], [ 387472.011382361757569, 2726785.499117241241038 ], [ 387470.328014080470894, 2726791.410768953617662 ], [ 387470.060341556556523, 2726802.041072865948081 ], [ 387470.566100673808251, 2726808.029798944480717 ], [ 387471.135711400886066, 2726814.079471254255623 ], [ 387472.324511031678412, 2726831.30266736773774 ], [ 387472.087807057774626, 2726840.494926824234426 ], [ 387472.456447465461679, 2726845.924064510501921 ], [ 387473.430214009713382, 2726859.027096511330456 ], [ 387473.720926219131798, 2726872.332783658988774 ], [ 387473.804101978370454, 2726876.143267209175974 ], [ 387474.136208396754228, 2726882.760545061901212 ], [ 387474.990464878501371, 2726896.116377841215581 ], [ 387473.085286152781919, 2726909.032304262276739 ], [ 387470.273016767925583, 2726923.342981075868011 ], [ 387468.792549933888949, 2726944.24944304022938 ], [ 387469.546023307659198, 2726955.857438669074327 ], [ 387467.518519035424106, 2726968.901049416512251 ], [ 387464.01148379908409, 2726985.726933486294001 ], [ 387460.25825564772822, 2726999.870700727682561 ], [ 387457.118361117842142, 2727010.626261576078832 ], [ 387455.660596050263848, 2727029.71976956166327 ], [ 387451.946346837154124, 2727039.925486253108829 ], [ 387449.999516828800552, 2727045.217669295147061 ], [ 387444.981313342344947, 2727052.952055295463651 ], [ 387438.26330201770179, 2727065.848164445254952 ], [ 387431.205802421318367, 2727077.501817137002945 ], [ 387428.069477270008065, 2727082.695109216496348 ], [ 387421.88265730405692, 2727097.017079018987715 ], [ 387417.392917266115546, 2727106.052430101204664 ], [ 387413.671531319851056, 2727115.945586514659226 ], [ 387411.012145604239777, 2727122.940929127857089 ], [ 387403.102079863718245, 2727138.488082324154675 ], [ 387399.936455590999685, 2727148.056689494289458 ], [ 387390.384871573129203, 2727177.139048707205802 ], [ 387379.69667377776932, 2727194.246860081795603 ], [ 387375.057101417100057, 2727199.285457238089293 ], [ 387371.766116477490868, 2727205.982045538723469 ], [ 387368.397415082494263, 2727211.992870522197336 ], [ 387364.966585803835187, 2727218.005086004734039 ], [ 387358.831072124303319, 2727228.951184894423932 ], [ 387356.605617395427544, 2727232.937086878344417 ], [ 387353.651397358975373, 2727237.876426204107702 ], [ 387352.330272527178749, 2727240.34256148384884 ], [ 387346.984866513579618, 2727250.271497447509319 ], [ 387336.319399174884893, 2727262.691350718494505 ], [ 387331.689282094361261, 2727268.167328616138548 ], [ 387328.70480876090005, 2727271.732469717506319 ], [ 387321.310097484616563, 2727279.393595450557768 ], [ 387303.10162919620052, 2727298.415652981027961 ], [ 387298.547299147990998, 2727301.640036027878523 ], [ 387287.982219782774337, 2727315.807772596366704 ], [ 387278.431561106815934, 2727327.766021250747144 ], [ 387267.199301812681369, 2727337.135865983553231 ], [ 387261.920333040528931, 2727344.37586750369519 ], [ 387255.046694448799826, 2727350.150812917854637 ], [ 387249.953676647564862, 2727354.449597548693419 ], [ 387236.213411866570823, 2727366.311747668776661 ], [ 387232.768449615396094, 2727368.824367315042764 ], [ 387226.063199142343365, 2727373.720754437148571 ], [ 387212.078346779977437, 2727382.963370681740344 ], [ 387202.836510101566091, 2727389.039964386262 ], [ 387193.627499046968296, 2727396.615890147164464 ], [ 387180.411079865181819, 2727403.841845850925893 ], [ 387174.023706017469522, 2727408.981310562696308 ], [ 387170.138587500434369, 2727411.378470260184258 ], [ 387163.787924182368442, 2727415.329574295785278 ], [ 387154.393709151481744, 2727420.159680708777159 ], [ 387141.88158933626255, 2727422.433106404729187 ], [ 387129.670974937209394, 2727427.074582262896001 ], [ 387115.150344990193844, 2727428.954370525665581 ], [ 387109.105919501744211, 2727429.773924654815346 ], [ 387102.728859244845808, 2727429.663271527271718 ], [ 387087.192169949586969, 2727430.815225017722696 ], [ 387072.718984553474002, 2727432.006505587603897 ], [ 387061.988178507017437, 2727432.865937915164977 ], [ 387050.382894938986283, 2727433.744447011966258 ], [ 387039.747358814580366, 2727436.101829105056822 ], [ 387027.331750220386311, 2727439.935409581288695 ], [ 387021.281759739445988, 2727440.505207748617977 ], [ 387015.669412560411729, 2727441.065359199885279 ], [ 387002.128995408420451, 2727442.048682112712413 ], [ 386990.495444759319071, 2727444.490410604979843 ], [ 386979.826982822385617, 2727445.348514067474753 ], [ 386968.227184645598754, 2727446.47688777372241 ], [ 386952.694775028852746, 2727447.816338113043457 ], [ 386938.107386923045851, 2727449.509919582866132 ], [ 386933.171070875250734, 2727449.555400271434337 ], [ 386925.37364882894326, 2727450.2255077669397 ], [ 386912.834007484372705, 2727451.24961311975494 ], [ 386900.111120163754094, 2727452.465037702117115 ], [ 386896.120028256380465, 2727452.864751853514463 ], [ 386887.453507334750611, 2727453.804087466094643 ], [ 386876.724040976143442, 2727454.726113223936409 ], [ 386863.316821118351072, 2727456.081476162653416 ], [ 386854.144851816294249, 2727456.781863451935351 ], [ 386851.716935632284731, 2727457.209948658477515 ], [ 386834.571102814399637, 2727459.084498762153089 ], [ 386823.786103700462263, 2727460.320203984621912 ], [ 386807.928869223862421, 2727461.104199003428221 ], [ 386795.905096796224825, 2727459.991929901763797 ], [ 386785.049104335950688, 2727457.979436870664358 ], [ 386774.902088051952887, 2727456.951011526864022 ], [ 386763.863810881448444, 2727452.317474396899343 ], [ 386753.740983454859816, 2727449.538879026658833 ], [ 386742.467868429142982, 2727445.597876285202801 ], [ 386732.317741910577752, 2727441.569764335639775 ], [ 386715.938177146948874, 2727435.615538701415062 ], [ 386706.722411238937639, 2727431.442061104346067 ], [ 386693.408064620045479, 2727425.608389180153608 ], [ 386684.13532824430149, 2727421.686005868483335 ], [ 386673.422958035662305, 2727417.670383184216917 ], [ 386665.816140875336714, 2727412.774268551263958 ], [ 386652.506862285314128, 2727404.315610043238848 ], [ 386627.696450539282523, 2727392.920593792572618 ], [ 386613.869974613306113, 2727386.535566776525229 ], [ 386611.972802271600813, 2727385.514586724806577 ], [ 386601.917621919594239, 2727380.109566456638277 ], [ 386592.731537053536158, 2727374.435548984445632 ], [ 386588.928862913628109, 2727372.018680809997022 ], [ 386574.158237727126107, 2727362.466787342913449 ], [ 386560.332098716287874, 2727358.956743015442044 ], [ 386552.56266873003915, 2727355.18895369861275 ], [ 386547.192633333150297, 2727352.55642573395744 ], [ 386538.942605099291541, 2727349.674428195692599 ], [ 386533.519773523963522, 2727347.480553514324129 ], [ 386528.472051249118522, 2727345.278412881772965 ], [ 386520.457945196540095, 2727341.766133556608111 ], [ 386507.923494882648811, 2727340.165131400339305 ], [ 386499.733041508356109, 2727337.156753056682646 ], [ 386489.576667294022627, 2727335.691276157740504 ], [ 386481.384784940746613, 2727332.620349178090692 ], [ 386468.029943614033982, 2727330.662287420593202 ], [ 386459.815418678394053, 2727329.404339681845158 ], [ 386454.752861763932742, 2727329.38988858833909 ], [ 386446.428089817869477, 2727328.822014496661723 ], [ 386443.618446079140995, 2727328.945862067397684 ], [ 386430.44735563499853, 2727329.671121288556606 ], [ 386419.390602865314577, 2727329.912765155546367 ], [ 386407.709100521053188, 2727330.167941255029291 ], [ 386390.993781492870767, 2727331.720680002123117 ], [ 386363.986260398174636, 2727334.185748245567083 ], [ 386347.205468001135159, 2727335.614930514246225 ], [ 386316.202876879950054, 2727338.292173577006906 ], [ 386307.408637030690443, 2727327.672256596852094 ], [ 386296.355634429259226, 2727313.789344689343125 ], [ 386292.523166988685261, 2727312.873280660714954 ], [ 386281.467569880594965, 2727310.302325756754726 ], [ 386271.416710387449712, 2727307.959486299660057 ], [ 386258.413550641445909, 2727304.931275309529155 ], [ 386233.303545720584225, 2727299.855174190830439 ], [ 386230.227697781927418, 2727299.234934143722057 ], [ 386227.131324202229735, 2727297.677628741599619 ], [ 386212.324063377804123, 2727300.751102576497942 ], [ 386201.300002536794636, 2727302.491915842052549 ], [ 386190.275842854753137, 2727304.232738791033626 ], [ 386180.261167305521667, 2727309.263839784543961 ], [ 386163.3997600490693, 2727315.569670375436544 ], [ 386131.957121242419817, 2727332.443556805606931 ], [ 386126.055927560199052, 2727336.947292474098504 ], [ 386115.685679360642098, 2727345.736163556575775 ], [ 386105.660750893061049, 2727356.017269690986723 ], [ 386103.625227577169426, 2727357.249268150888383 ], [ 386087.445974890957586, 2727369.039785964414477 ], [ 386077.247012799023651, 2727377.074882943183184 ], [ 386059.258450164285023, 2727386.155056832823902 ], [ 386047.23389379697619, 2727390.730411954689771 ], [ 386043.203541983093601, 2727392.193401995580643 ], [ 386035.560966554970946, 2727394.235201698262244 ], [ 386029.348376218636986, 2727395.933374676853418 ], [ 386027.157899974146858, 2727395.793750253040344 ], [ 386022.403461792506278, 2727395.585120245814323 ], [ 386016.125391309848055, 2727394.284972696565092 ], [ 386013.814012596034445, 2727394.335494512226433 ], [ 385995.365789329400286, 2727396.675929510965943 ], [ 385993.194430731295142, 2727397.41092832852155 ], [ 385990.38622292020591, 2727397.597205999772996 ], [ 385974.81963099562563, 2727400.249805567786098 ], [ 385958.517158376635052, 2727403.543363203294575 ], [ 385938.571150774601847, 2727405.979336177930236 ], [ 385925.865954730892554, 2727408.006716332864016 ], [ 385910.946323531738017, 2727414.520075970329344 ], [ 385905.046680724772159, 2727421.961299534887075 ], [ 385902.032077469339129, 2727424.152114002965391 ], [ 385896.616935924161226, 2727428.02027227403596 ], [ 385889.258873422106262, 2727437.368215913884342 ], [ 385871.939223185996525, 2727451.308843918144703 ], [ 385868.290758956281934, 2727455.950676890555769 ], [ 385861.893042361421976, 2727466.34028010815382 ], [ 385860.626189468137454, 2727468.430256746243685 ], [ 385843.611957338522188, 2727482.051573391072452 ], [ 385824.492582154052798, 2727493.719058267772198 ], [ 385801.684980252524838, 2727505.342018277384341 ], [ 385799.768978340493049, 2727506.321468635462224 ], [ 385779.09942159766797, 2727512.835279718972743 ], [ 385756.677569075953215, 2727513.512754555791616 ], [ 385734.346690591715742, 2727512.625796542037278 ], [ 385718.453315395570826, 2727508.910655412822962 ], [ 385702.520908695179969, 2727506.259006320964545 ], [ 385694.471808340400457, 2727503.997465007472783 ], [ 385683.341374253446702, 2727500.865903346799314 ], [ 385671.593012605735566, 2727498.06026316434145 ], [ 385657.905337213538587, 2727495.171916685532779 ], [ 385645.237666621920653, 2727493.198803644627333 ], [ 385631.64244903146755, 2727491.683515242766589 ], [ 385614.001486543100327, 2727488.069145411252975 ], [ 385595.775872334896121, 2727489.154762948397547 ], [ 385583.613649256411009, 2727490.295574147254229 ], [ 385570.524189317016862, 2727491.894100212492049 ], [ 385557.499609953316394, 2727493.616028252523392 ], [ 385544.609678154054563, 2727495.772752612363547 ], [ 385530.793634789297357, 2727498.449647002853453 ], [ 385507.426176988112275, 2727495.897787966299802 ], [ 385506.462486703996547, 2727500.418816651683301 ], [ 385496.77989303949289, 2727500.630387760233134 ], [ 385482.216472850530408, 2727497.698597019072622 ], [ 385479.970292420883197, 2727497.87270580464974 ], [ 385473.792735689436086, 2727498.320308993570507 ], [ 385460.802079469314776, 2727498.729164364747703 ], [ 385444.875094752525911, 2727496.327161197550595 ], [ 385431.458098651899491, 2727497.245332155376673 ], [ 385421.035468068439513, 2727497.910579069051892 ], [ 385401.184153617941774, 2727498.969436251558363 ], [ 385372.781688609102275, 2727500.527665409725159 ], [ 385357.32606237125583, 2727499.677844378165901 ], [ 385354.448514309013262, 2727499.553186825010926 ], [ 385318.531866925070062, 2727497.588036586996168 ], [ 385312.400234290107619, 2727497.284590517170727 ], [ 385299.07274035026785, 2727496.575967342127115 ], [ 385284.727756920794491, 2727495.076951079536229 ], [ 385279.591794065199792, 2727494.564186180476099 ], [ 385276.822700561024249, 2727493.687242463696748 ], [ 385261.21328393049771, 2727488.653400640003383 ], [ 385243.350380257004872, 2727480.606644379906356 ], [ 385234.416748524236027, 2727475.052017289679497 ], [ 385225.673366742732469, 2727469.618308532983065 ], [ 385210.554780646343715, 2727458.448942934628576 ], [ 385202.237439919321332, 2727449.631117453798652 ], [ 385200.253053740423638, 2727447.486981105059385 ], [ 385195.326972109032795, 2727442.282227175775915 ], [ 385189.888773901388049, 2727436.526207576971501 ], [ 385181.263889200170524, 2727422.215198575984687 ], [ 385176.455552978732157, 2727413.820455859880894 ], [ 385166.514255463262089, 2727396.475833312608302 ], [ 385157.147965007461607, 2727382.555915127508342 ], [ 385152.596373261301778, 2727374.468037335202098 ], [ 385151.326201987918466, 2727370.683514473028481 ], [ 385145.015280704130419, 2727356.446870353072882 ], [ 385138.969176131940912, 2727342.891781451646239 ], [ 385136.998249866301194, 2727338.497529390733689 ], [ 385134.239461038843729, 2727332.370534709189087 ], [ 385130.607506577507593, 2727326.325068228878081 ], [ 385127.300162380503025, 2727320.834964919835329 ], [ 385124.334218912525102, 2727308.087668162304908 ], [ 385118.764706283807755, 2727293.459733399096876 ], [ 385115.317203424638137, 2727284.410440049134195 ], [ 385114.004588527372107, 2727278.689224704634398 ], [ 385111.730568346683867, 2727271.864074638113379 ], [ 385110.255589034117293, 2727258.709204422775656 ], [ 385108.614090885850601, 2727249.370554944965988 ], [ 385107.426931509107817, 2727246.521479411982 ], [ 385104.971366511192173, 2727231.388167368248105 ], [ 385102.374794575793203, 2727218.382774565368891 ], [ 385100.75766274437774, 2727210.168321694713086 ], [ 385099.640516705811024, 2727201.942979709710926 ], [ 385097.909627118671779, 2727194.231033215299249 ], [ 385094.523843475850299, 2727179.430451542604715 ], [ 385092.244003364816308, 2727169.480562728364021 ], [ 385091.374004268320277, 2727149.687602472491562 ], [ 385090.726905281248037, 2727131.514775368850678 ], [ 385087.816601063415874, 2727118.453838085290045 ], [ 385082.782077198091429, 2727102.564311532769352 ], [ 385079.674472974380478, 2727086.195162312593311 ], [ 385076.87584824860096, 2727075.381544020958245 ], [ 385075.136382337252144, 2727064.420071736443788 ], [ 385074.335674448520876, 2727056.375177298206836 ], [ 385072.952241085586138, 2727047.405837826896459 ], [ 385071.970114057359751, 2727045.364728285931051 ], [ 385063.780130959290545, 2727022.356900785118341 ], [ 385061.090136778599117, 2727010.79098010296002 ], [ 385059.502860000589862, 2727001.076018352527171 ], [ 385053.831362791010179, 2726984.637931560631841 ], [ 385050.003423208661843, 2726975.346829948481172 ], [ 385042.33976726338733, 2726959.264658176805824 ], [ 385035.401750878547318, 2726947.791687536519021 ], [ 385032.742311655892991, 2726943.349874793551862 ], [ 385023.748597821919248, 2726920.73455268656835 ], [ 385018.195572471420746, 2726906.856262050103396 ], [ 385014.529089298506733, 2726896.374207223765552 ], [ 385013.297097955131903, 2726894.338712259195745 ], [ 385005.29006041388493, 2726879.701635227538645 ], [ 385003.729356416035444, 2726876.923212510999292 ], [ 384996.480207530432381, 2726862.644553744699806 ], [ 384992.432447120198049, 2726854.733177837915719 ], [ 384984.033099390915595, 2726842.167083344422281 ], [ 384974.634444283728953, 2726829.622884883545339 ], [ 384967.332505149533972, 2726818.657733069732785 ], [ 384966.104581282124855, 2726816.809589218348265 ], [ 384957.713866076024715, 2726807.493147938046604 ], [ 384937.858602109132335, 2726785.489830045960844 ], [ 384923.955115309916437, 2726769.856725171208382 ], [ 384921.648815625754651, 2726767.282163891009986 ], [ 384908.64155504113296, 2726752.629390527959913 ], [ 384902.117052537447307, 2726745.772131918929517 ], [ 384887.788366026361473, 2726730.710483044851571 ], [ 384877.022058681934141, 2726718.508688534609973 ], [ 384875.230647926509846, 2726716.610289190895855 ], [ 384867.451245926436968, 2726709.530430918559432 ], [ 384860.627887892187573, 2726703.304588342551142 ], [ 384848.337830353528261, 2726690.011083573102951 ], [ 384834.902850322017912, 2726675.805008826777339 ], [ 384812.472233545791823, 2726658.920579150319099 ], [ 384802.213135647121817, 2726652.769858215935528 ], [ 384784.997910133213736, 2726642.896174328867346 ], [ 384772.244147144956514, 2726636.987421107944101 ], [ 384768.506635083933361, 2726634.694190773181617 ], [ 384758.563973056152463, 2726628.72393935546279 ], [ 384740.443415299989283, 2726623.182420242577791 ], [ 384716.154280146467499, 2726612.775983460247517 ], [ 384702.965947418648284, 2726607.001796377357095 ], [ 384687.774592384696007, 2726601.08365629799664 ], [ 384682.85829802689841, 2726599.191157727502286 ], [ 384680.719385305128526, 2726598.550520506221801 ], [ 384654.552019502501935, 2726587.997305655386299 ], [ 384650.263258574937936, 2726586.216225984506309 ], [ 384644.271516785258427, 2726583.722125381231308 ], [ 384618.075492133386433, 2726571.857213663402945 ], [ 384602.76745682785986, 2726566.316776757594198 ], [ 384584.571660261193756, 2726557.339427017141134 ], [ 384564.254891027114354, 2726548.533538133837283 ], [ 384542.841912795323879, 2726538.189115045126528 ], [ 384535.322192626947071, 2726534.415905016474426 ], [ 384516.428553040314, 2726524.953834786545485 ], [ 384511.370981065381784, 2726522.31459354609251 ], [ 384501.0033153379336, 2726516.916172940749675 ], [ 384473.568483063892927, 2726502.703269287478179 ], [ 384468.644148600753397, 2726500.43603704450652 ], [ 384426.913028569542803, 2726481.223055627662688 ], [ 384373.387065607821569, 2726459.955401428509504 ], [ 384366.332125522661954, 2726457.42208491358906 ], [ 384320.034161566873081, 2726440.871293127536774 ], [ 384297.043328694358934, 2726432.68627881584689 ], [ 384284.255844783445355, 2726428.090681183617562 ], [ 384272.477288635855075, 2726423.910629732534289 ], [ 384260.196352009195834, 2726419.616494302637875 ], [ 384252.635931115655694, 2726416.844244843814522 ], [ 384235.184805480646901, 2726410.475503223016858 ], [ 384228.782837858889252, 2726409.240402407478541 ], [ 384215.699376475880854, 2726405.401286274194717 ], [ 384210.863378424895927, 2726404.319490910042077 ], [ 384198.832158290024381, 2726400.01989501575008 ], [ 384187.629508676240221, 2726396.452190153766423 ], [ 384180.826914816687349, 2726394.038461150601506 ], [ 384177.738678651687223, 2726392.855956160929054 ], [ 384171.059727613523137, 2726390.376747746020555 ], [ 384154.674385390535463, 2726384.17231935961172 ], [ 384144.939749560784549, 2726379.135114036966115 ], [ 384139.071466971654445, 2726376.57585102180019 ], [ 384128.660330730839632, 2726372.053502769675106 ], [ 384111.748317672172561, 2726364.610615295358002 ], [ 384077.774577277363278, 2726351.477810909040272 ], [ 384074.990534919779748, 2726349.913820024114102 ], [ 384066.256606078881305, 2726344.917272510938346 ], [ 384051.661007091053762, 2726337.673750051297247 ], [ 384021.117164080031216, 2726329.903458090499043 ], [ 384009.799047410429921, 2726326.775961450301111 ], [ 383982.962492721504532, 2726319.924686025828123 ], [ 383979.193942824087571, 2726319.069506233558059 ], [ 383962.364798656199127, 2726315.437302224338055 ], [ 383951.311761406774167, 2726312.991272275801748 ], [ 383946.602016833145171, 2726311.969201090745628 ], [ 383913.271751502179541, 2726308.259744249284267 ], [ 383910.383075348334387, 2726307.635449602268636 ], [ 383880.926952172070742, 2726301.02884025638923 ], [ 383869.337433665699791, 2726299.782079310156405 ], [ 383849.883329748583492, 2726296.144692693836987 ], [ 383833.926209853030741, 2726292.368252663407475 ], [ 383819.028293995535932, 2726288.443882339634001 ], [ 383791.865486539958511, 2726278.099785237573087 ], [ 383776.297874541021883, 2726272.127499954309314 ], [ 383725.723663194803521, 2726245.795329263433814 ], [ 383704.792177736235317, 2726231.752757974434644 ], [ 383671.517489649006166, 2726213.417326678521931 ], [ 383638.120396832411643, 2726195.209799484815449 ], [ 383609.831521398271434, 2726181.952888294588774 ], [ 383562.890507881180383, 2726161.728618225548416 ], [ 383549.392593348457012, 2726156.086099289357662 ], [ 383539.300752923358232, 2726151.869042815174907 ], [ 383515.123993089073338, 2726140.897331327199936 ], [ 383507.311026518756989, 2726138.005436732899398 ], [ 383470.137497690564487, 2726124.317799604032189 ], [ 383467.611601672135293, 2726123.122981505934149 ], [ 383441.587772496044636, 2726110.566597616299987 ], [ 383432.586465871427208, 2726107.638303355779499 ], [ 383429.691153907449916, 2726106.701525876764208 ], [ 383392.174395298759919, 2726094.458545796573162 ], [ 383382.745320194750093, 2726091.977185969706625 ], [ 383380.823629856808111, 2726092.706618118099868 ], [ 383377.78035158792045, 2726090.710590281058103 ], [ 383367.472394532291219, 2726088.060858916956931 ], [ 383338.475098120165057, 2726079.569390760269016 ], [ 383335.287883588578552, 2726079.576531942933798 ], [ 383311.732309696963057, 2726074.153409676626325 ], [ 383293.118518581031822, 2726068.935254333075136 ], [ 383276.65777587716002, 2726067.857222675345838 ], [ 383265.079059416370001, 2726067.110105133615434 ], [ 383259.273663440370001, 2726067.424416402820498 ], [ 383243.855977977975272, 2726068.323671167250723 ], [ 383236.115349262719974, 2726068.742729199584574 ], [ 383233.99412976030726, 2726068.914147844538093 ], [ 383219.208029744622763, 2726070.112123380415142 ], [ 383208.276237987971399, 2726073.22564734518528 ], [ 383204.11522710614372, 2726074.441594542004168 ], [ 383167.762743338709697, 2726092.610216432716697 ], [ 383147.605838625109755, 2726108.300205056555569 ], [ 383137.206335711292922, 2726124.339674283750355 ], [ 383128.303461904404685, 2726140.221494884230196 ], [ 383125.508442266145721, 2726152.469789419323206 ], [ 383123.629725428647362, 2726160.885550076141953 ], [ 383120.859351265360601, 2726174.25837471568957 ], [ 383121.098302559461445, 2726188.065608017146587 ], [ 383122.60117725667078, 2726208.219918586779386 ], [ 383122.749920466099866, 2726215.029099998995662 ], [ 383122.895790892362129, 2726221.713273455854505 ], [ 383122.538493326108437, 2726245.408265790902078 ], [ 383128.153961742063984, 2726273.597507453989238 ], [ 383131.514219594420865, 2726290.086573699489236 ], [ 383132.934678748541046, 2726303.617643229663372 ], [ 383133.172489943099208, 2726317.36231637513265 ], [ 383133.668830926297233, 2726337.22618779540062 ], [ 383133.902434322284535, 2726350.783293197862804 ], [ 383131.215450651943684, 2726367.966851851902902 ], [ 383129.4954385010642, 2726386.503904078621417 ], [ 383126.845019392902032, 2726405.37426144303754 ], [ 383124.087020761275198, 2726419.309134123846889 ], [ 383119.375322750187479, 2726438.224289330188185 ], [ 383114.478319340036251, 2726451.518543188925833 ], [ 383111.585145269520581, 2726459.269062061328441 ], [ 383107.075025377678685, 2726470.242596303112805 ], [ 383103.753931345767342, 2726478.439921014942229 ], [ 383092.019282223365735, 2726504.883409771602601 ], [ 383085.115569000365213, 2726520.721555828116834 ], [ 383074.294078854960389, 2726540.332551504019648 ], [ 383063.306776374578476, 2726558.07223748229444 ], [ 383052.785421401902568, 2726577.114263068884611 ], [ 383049.417977921490092, 2726583.187886056955904 ], [ 383035.515370431181509, 2726604.803761446848512 ], [ 383027.5357564042788, 2726617.16526546375826 ], [ 383014.099447943095583, 2726631.521162570919842 ], [ 383006.298658803803846, 2726640.629007779993117 ], [ 382991.386181966692675, 2726656.079342582263052 ], [ 382974.191487608477473, 2726672.892369253560901 ], [ 382962.064097659371328, 2726684.219694582745433 ], [ 382946.016445198794827, 2726699.195127568673342 ], [ 382940.977122081909329, 2726703.117553384974599 ], [ 382935.817137458536308, 2726707.230262407567352 ], [ 382926.663252342143096, 2726714.492673837114125 ], [ 382910.481012685107999, 2726726.158531291875988 ], [ 382879.140830375486985, 2726744.905536786653101 ], [ 382867.317067642696202, 2726750.1011510072276 ], [ 382864.287650834303349, 2726751.604697408154607 ], [ 382839.828008236829191, 2726764.88907331135124 ], [ 382827.352512075041886, 2726771.723943403922021 ], [ 382824.79888372134883, 2726766.404738520272076 ], [ 382801.429034071275964, 2726783.790119592566043 ], [ 382795.500657515542116, 2726792.794597061816603 ], [ 382789.512826352671254, 2726801.925165009684861 ], [ 382779.331002073071431, 2726807.897629258222878 ], [ 382772.342047237965744, 2726816.987698770128191 ], [ 382764.333711285260506, 2726828.037496075965464 ], [ 382761.445497971901204, 2726833.162935896776617 ], [ 382757.617592714901548, 2726835.30914666922763 ], [ 382747.748622326471377, 2726847.02461887570098 ], [ 382738.913027813076042, 2726857.405084833968431 ], [ 382737.08536399184959, 2726859.56986568775028 ], [ 382720.975412315980066, 2726874.546773216687143 ], [ 382713.13476542767603, 2726881.842998045030981 ], [ 382710.439372496039141, 2726884.339259209576994 ], [ 382706.826142812031321, 2726887.730564890895039 ], [ 382690.986940629140008, 2726897.951556415762752 ], [ 382686.179925159551203, 2726901.056586829479784 ], [ 382676.932296623243019, 2726906.883589908480644 ], [ 382663.276863847160712, 2726916.931801770813763 ], [ 382647.753189656010363, 2726927.270784960594028 ], [ 382637.637760153855197, 2726933.429186572786421 ], [ 382621.697024112043437, 2726944.714837450999767 ], [ 382618.31167755642673, 2726947.101436577737331 ], [ 382586.753278576012235, 2726967.290582720190287 ], [ 382568.252136426395737, 2726975.819638235494494 ], [ 382543.740703994873911, 2726986.730166187509894 ], [ 382533.319657864398323, 2726990.332881743554026 ], [ 382515.206964880926535, 2726996.603380204644054 ], [ 382483.089927534689195, 2727002.680114727467299 ], [ 382478.616662609332707, 2727003.902813282329589 ], [ 382448.853507173596881, 2727011.865557976998389 ], [ 382443.075165814952925, 2727013.429219778161496 ], [ 382423.662811483314727, 2727020.290812575258315 ], [ 382399.053516373794992, 2727029.578449283260852 ], [ 382372.347131398739293, 2727037.286806915421039 ], [ 382348.781764952815138, 2727042.864225531928241 ], [ 382333.972705275285989, 2727045.875202166382223 ], [ 382300.558896153757814, 2727052.66769380774349 ], [ 382276.992136296350509, 2727058.18245546054095 ], [ 382247.192025907337666, 2727064.458624632097781 ], [ 382234.414345900178887, 2727066.050227800849825 ], [ 382229.427834148227703, 2727066.659171304199845 ], [ 382218.583912417932879, 2727068.0835663061589 ], [ 382166.253211570845451, 2727067.226987108122557 ], [ 382150.546976782032289, 2727063.507735021412373 ], [ 382142.244719262700528, 2727058.251565938349813 ], [ 382137.506612978118937, 2727058.792652572505176 ], [ 382128.302773292642087, 2727066.618639678694308 ], [ 382116.052295152156148, 2727069.448788371868432 ], [ 382108.948636546265334, 2727073.291366983670741 ], [ 382104.870739894045983, 2727075.442987656686455 ], [ 382100.567115677520633, 2727075.849610034842044 ], [ 382093.707650416763499, 2727076.561981100589037 ], [ 382089.432866880844813, 2727078.280264740344137 ], [ 382076.544142604805529, 2727083.374427285045385 ], [ 382065.339327556663193, 2727085.431709750555456 ], [ 382054.369218156731222, 2727086.796394618693739 ], [ 382051.999449933297001, 2727087.035673221107572 ], [ 382035.971251369453967, 2727094.323384226299822 ], [ 382020.519704180187546, 2727096.535802519414574 ], [ 382006.295747078256682, 2727097.721606127917767 ], [ 381993.135051406745333, 2727098.946681692730635 ], [ 381972.795821925101336, 2727100.578481954522431 ], [ 381963.202814514399506, 2727102.038193740881979 ], [ 381946.486806568573229, 2727103.590864515863359 ], [ 381892.40340447955532, 2727108.335046471562237 ], [ 381867.693671989953145, 2727107.312338733579963 ], [ 381841.122464695363306, 2727109.767991699744016 ], [ 381837.044158162549138, 2727109.044495020061731 ], [ 381821.686330154421739, 2727112.692611926235259 ], [ 381810.668772248318419, 2727114.745852423366159 ], [ 381804.609337431669701, 2727114.878229232039303 ], [ 381791.446084091789089, 2727115.978375478181988 ], [ 381779.966530209989287, 2727116.916697536129504 ], [ 381755.223896138893906, 2727114.394739580340683 ], [ 381750.575208840949927, 2727113.308774574659765 ], [ 381742.838477219222113, 2727113.915380257647485 ], [ 381729.73497736803256, 2727114.889157780911773 ], [ 381710.285927413613535, 2727111.50159949529916 ], [ 381706.396465154946782, 2727110.83655816083774 ], [ 381695.353879545640666, 2727108.890268538147211 ], [ 381671.195610597962514, 2727107.355663241352886 ], [ 381657.941033990704454, 2727107.145252050831914 ], [ 381653.17148822103627, 2727106.249503484927118 ], [ 381627.714958703145385, 2727105.368248357903212 ], [ 381601.199084817082621, 2727104.635051447898149 ], [ 381594.381548209581524, 2727104.409067983273417 ], [ 381575.27639673120575, 2727102.451385031454265 ], [ 381549.082075518730562, 2727099.273804665543139 ], [ 381530.423977681668475, 2727100.618935856502503 ], [ 381510.692919213848654, 2727101.487505026627332 ], [ 381499.725639192271046, 2727102.977307366672903 ], [ 381493.895318248018157, 2727103.152474227827042 ], [ 381493.895318248018157, 2730527.296354989055544 ] ] ] } },
{ "type": "Feature", "properties": { "area_km2": 100.0, "block_id": "SYL-B014", "loss_pixels": 4.0, "plantation_ha": 0.0, "split": "train" }, "geometry": { "type": "Polygon", "coordinates": [ [ [ 381493.895318248018157, 2730527.296354989055544 ], [ 381493.895318248018157, 2740527.296354989055544 ], [ 391493.895318248018157, 2740527.296354989055544 ], [ 391493.895318248018157, 2730527.296354989055544 ], [ 381493.895318248018157, 2730527.296354989055544 ] ] ] } },
{ "type": "Feature", "properties": { "area_km2": 100.0, "block_id": "SYL-B015", "loss_pixels": 45.0, "plantation_ha": 0.0, "split": "test" }, "geometry": { "type": "Polygon", "coordinates": [ [ [ 381493.895318248018157, 2740527.296354989055544 ], [ 381493.895318248018157, 2750527.296354989055544 ], [ 391493.895318248018157, 2750527.296354989055544 ], [ 391493.895318248018157, 2740527.296354989055544 ], [ 381493.895318248018157, 2740527.296354989055544 ] ] ] } },
{ "type": "Feature", "properties": { "area_km2": 100.0, "block_id": "SYL-B016", "loss_pixels": 637.28627450980389, "plantation_ha": 581.31354632318494, "split": "test" }, "geometry": { "type": "Polygon", "coordinates": [ [ [ 381493.895318248018157, 2750527.296354989055544 ], [ 381493.895318248018157, 2760527.296354989055544 ], [ 391493.895318248018157, 2760527.296354989055544 ], [ 391493.895318248018157, 2750527.296354989055544 ], [ 381493.895318248018157, 2750527.296354989055544 ] ] ] } },
{ "type": "Feature", "properties": { "area_km2": 100.0, "block_id": "SYL-B017", "loss_pixels": 357.62352941176471, "plantation_ha": 0.0, "split": "train" }, "geometry": { "type": "Polygon", "coordinates": [ [ [ 381493.895318248018157, 2760527.296354989055544 ], [ 381493.895318248018157, 2770527.296354989055544 ], [ 391493.895318248018157, 2770527.296354989055544 ], [ 391493.895318248018157, 2760527.296354989055544 ], [ 381493.895318248018157, 2760527.296354989055544 ] ] ] } },
{ "type": "Feature", "properties": { "area_km2": 100.0, "block_id": "SYL-B018", "loss_pixels": 531.37647058823529, "plantation_ha": 0.0, "split": "train" }, "geometry": { "type": "Polygon", "coordinates": [ [ [ 381493.895318248018157, 2770527.296354989055544 ], [ 381493.895318248018157, 2780527.296354989055544 ], [ 391493.895318248018157, 2780527.296354989055544 ], [ 391493.895318248018157, 2770527.296354989055544 ], [ 381493.895318248018157, 2770527.296354989055544 ] ] ] } },
{ "type": "Feature", "properties": { "area_km2": 44.782495639832185, "block_id": "SYL-B019", "loss_pixels": 174.74901960784314, "plantation_ha": 0.0, "split": "test" }, "geometry": { "type": "Polygon", "coordinates": [ [ [ 391493.895318248018157, 2780527.296354989055544 ], [ 381493.895318248018157, 2780527.296354989055544 ], [ 381493.895318248018157, 2785025.528856802266091 ], [ 381549.173880910384469, 2784999.255883722566068 ], [ 381604.4954673392931, 2784973.70413746451959 ], [ 381639.948827517277095, 2784981.083119111601263 ], [ 381694.694760929385666, 2784986.308266909327358 ], [ 381749.011322587670293, 2784987.917030495591462 ], [ 381751.018743601278402, 2785007.077240771614015 ], [ 381755.938413332158234, 2785054.035832129884511 ], [ 381755.846442082663998, 2785068.718810352031142 ], [ 381750.453214834793471, 2785127.891240645200014 ], [ 381747.512481750978623, 2785138.1707465024665 ], [ 381744.77445001952583, 2785148.648841839283705 ], [ 381797.385653843812179, 2785164.348424986470491 ], [ 381808.391863122291397, 2785166.474068486597389 ], [ 381815.232892485393677, 2785166.825714800041169 ], [ 381820.053581159096211, 2785165.985188489314169 ], [ 381824.877377026423346, 2785165.547672622837126 ], [ 381832.92202423181152, 2785165.487581891939044 ], [ 381846.998738097085152, 2785165.181925864890218 ], [ 381851.216469544451684, 2785164.345774905756116 ], [ 381860.095327040122356, 2785160.027124475222081 ], [ 381868.851951067801565, 2785155.767911903560162 ], [ 381879.640419594943523, 2785146.033478672150522 ], [ 381887.03406483028084, 2785139.542589223012328 ], [ 381905.285048324672971, 2785132.569014088716358 ], [ 381906.329581711674109, 2785133.738019189331681 ], [ 381917.586647296906449, 2785154.4058583015576 ], [ 381930.306321548763663, 2785160.948419663123786 ], [ 381942.274783824221231, 2785157.233577374368906 ], [ 381945.449164413963445, 2785151.377947652712464 ], [ 381947.162882819771767, 2785148.675026877317578 ], [ 381951.21448458195664, 2785142.284464927390218 ], [ 381954.88693709828658, 2785139.647681772243232 ], [ 381969.045034801296424, 2785123.251146339811385 ], [ 381972.040022445726208, 2785128.111915132030845 ], [ 381976.278380676696543, 2785149.344007132109255 ], [ 381978.170321143581532, 2785151.476299072615802 ], [ 381979.879334539640695, 2785157.849531284999102 ], [ 381986.64137516496703, 2785163.547072541899979 ], [ 381993.865291939349845, 2785161.281119446735829 ], [ 381994.630781850893982, 2785156.045965375844389 ], [ 381995.305180185125209, 2785150.105876112822443 ], [ 381998.972799618495628, 2785117.799244734458625 ], [ 382009.018184823333286, 2785116.316276590805501 ], [ 382023.081528795999475, 2785114.201083545107394 ], [ 382028.896049351606052, 2785111.744502312969416 ], [ 382035.018552702560555, 2785096.614051707088947 ], [ 382039.257061716984026, 2785098.59360114717856 ], [ 382042.729761833325028, 2785105.809190549887717 ], [ 382046.382758410240058, 2785110.206728038843721 ], [ 382061.93157702498138, 2785118.538201611023396 ], [ 382067.990147329226602, 2785123.798435800243169 ], [ 382072.633985786233097, 2785124.29180277697742 ], [ 382084.069202259590384, 2785120.385023451875895 ], [ 382090.208367070066743, 2785107.467218193225563 ], [ 382109.458767562813591, 2785099.68116367328912 ], [ 382113.790868655371014, 2785087.179558464791626 ], [ 382115.345975709031336, 2785079.927029567304999 ], [ 382118.700670857855584, 2785071.254169615916908 ], [ 382138.949289151933044, 2785062.455057370476425 ], [ 382144.555753940599971, 2785086.146125735715032 ], [ 382154.723737973894458, 2785101.155415067914873 ], [ 382165.718382650229614, 2785119.175479219760746 ], [ 382209.350331178226043, 2785117.44324209401384 ], [ 382219.757670443097595, 2785110.528331120498478 ], [ 382227.277650664327666, 2785103.628631089348346 ], [ 382237.889135790232103, 2785086.2889808206819 ], [ 382245.633932434720919, 2785074.132822175044566 ], [ 382254.633428807428572, 2785067.227278056088835 ], [ 382259.078621900174767, 2785072.65665019210428 ], [ 382258.715621870360337, 2785084.891289202030748 ], [ 382255.159796727180947, 2785093.566520320251584 ], [ 382252.804624934215099, 2785101.427811354864389 ], [ 382248.383400680380873, 2785129.015327289700508 ], [ 382248.721950707491487, 2785137.866868726909161 ], [ 382250.193993463530205, 2785146.505118415225297 ], [ 382256.528645016660448, 2785159.93294361885637 ], [ 382267.785271795641165, 2785159.044929155148566 ], [ 382276.289209148497321, 2785142.735335038043559 ], [ 382279.406369664007798, 2785135.62311434186995 ], [ 382282.391627394303214, 2785121.728667099028826 ], [ 382291.474194079171866, 2785098.933275092858821 ], [ 382301.693910944508389, 2785093.82956167915836 ], [ 382305.540564189315774, 2785097.219835845753551 ], [ 382307.644334404321853, 2785109.673967549577355 ], [ 382308.651819060090929, 2785137.020444038789719 ], [ 382308.70078604365699, 2785139.679784878622741 ], [ 382308.98892520746449, 2785155.319897047244012 ], [ 382309.423970794305205, 2785159.742199663072824 ], [ 382322.080852419603616, 2785157.837100746110082 ], [ 382327.629728855972644, 2785160.923881554976106 ], [ 382332.784951922483742, 2785163.791572662536055 ], [ 382335.816679404466413, 2785165.781011999584734 ], [ 382347.494846048241016, 2785167.503764300607145 ], [ 382359.471382784133311, 2785182.298820437863469 ], [ 382443.352962259668857, 2785156.735644550062716 ], [ 382522.448305999860168, 2785136.639182433020324 ], [ 382581.463064954441506, 2785120.915076581761241 ], [ 382633.853068402328063, 2785106.849704977590591 ], [ 382713.490841571532656, 2785105.654102118685842 ], [ 382792.92755785852205, 2785104.461035906337202 ], [ 382891.553265864029527, 2785087.236293534748256 ], [ 382986.980735782010015, 2785072.64988847495988 ], [ 383063.65936804912053, 2785052.168467881623656 ], [ 383176.882032053952571, 2785050.523309892043471 ], [ 383178.044361250067595, 2785054.558925257530063 ], [ 383183.103533020650502, 2785053.604642070364207 ], [ 383228.859182332525961, 2785035.053380131721497 ], [ 383266.987784384051338, 2785023.506842998322099 ], [ 383315.961637552478351, 2785009.868602933827788 ], [ 383418.727084003156051, 2784981.350040969438851 ], [ 383474.78689610020956, 2784919.791449900250882 ], [ 383515.283389554009773, 2784875.041572301182896 ], [ 383561.965341265895404, 2784823.607817437499762 ], [ 383596.668801472871564, 2784811.282803243026137 ], [ 383749.115474754478782, 2784756.047770016361028 ], [ 383903.767051756556612, 2784699.790559853427112 ], [ 383991.884041389042977, 2784668.938336073886603 ], [ 384085.114413056347985, 2784636.296004606876522 ], [ 384162.600929768639617, 2784643.363377982284874 ], [ 384244.313821070245467, 2784650.801718654576689 ], [ 384377.416153729893267, 2784617.834605447016656 ], [ 384559.256830972095486, 2784566.605068012606353 ], [ 384623.549568567716051, 2784557.478760018479079 ], [ 384667.152848507685121, 2784551.926243849098682 ], [ 384759.228548221231904, 2784573.567372030578554 ], [ 384800.769157983828336, 2784582.867981618735939 ], [ 384841.827827175089624, 2784592.060611763969064 ], [ 384892.3070951483096, 2784597.55803394690156 ], [ 384909.259775297949091, 2784599.404171914793551 ], [ 384939.353202946425881, 2784604.533398920670152 ], [ 384968.063205227896105, 2784609.426661734469235 ], [ 384973.637469457346015, 2784608.259702930692583 ], [ 385066.663040550542064, 2784588.782351142261177 ], [ 385169.663674495008308, 2784564.888920445926487 ], [ 385217.452832819079049, 2784554.276456862688065 ], [ 385263.43510659749154, 2784544.079147503711283 ], [ 385318.275035512109753, 2784602.589811265468597 ], [ 385348.988260136800818, 2784635.358895641285926 ], [ 385431.284749803890008, 2784721.432994289789349 ], [ 385556.170922506018542, 2784855.05987844709307 ], [ 385575.637799720745534, 2784852.046494865790009 ], [ 385642.15405587683199, 2784841.750297967344522 ], [ 385765.285309994593263, 2784820.321214814204723 ], [ 385838.796227599552367, 2784806.701458900235593 ], [ 385929.171134265721776, 2784788.935303691308945 ], [ 385981.393918086483609, 2784779.497008114587516 ], [ 386129.16033282270655, 2784752.31749719241634 ], [ 386172.208103275857866, 2784745.095238611102104 ], [ 386211.377773456741124, 2784738.368580151349306 ], [ 386277.312410000362433, 2784782.419712837785482 ], [ 386416.469455426791683, 2784875.818332747556269 ], [ 386490.769180825096555, 2784925.591362165752798 ], [ 386541.184597240120638, 2784959.364541799761355 ], [ 386676.407782362599391, 2785048.20366430375725 ], [ 386719.231523224967532, 2785076.578882137779146 ], [ 386724.573754594137426, 2785080.090774387586862 ], [ 386734.758368490380235, 2784961.954757472034544 ], [ 386741.14771657116944, 2784874.417611537501216 ], [ 386844.843613771081436, 2784781.733063999563456 ], [ 386901.585548260482028, 2784730.829689652658999 ], [ 386959.927114944614004, 2784678.707600154448301 ], [ 387080.40871256927494, 2784625.520083690062165 ], [ 387191.866828219091985, 2784576.020536418538541 ], [ 387218.086916744417977, 2784621.816925134509802 ], [ 387257.684005028742831, 2784690.977525470312685 ], [ 387290.49338436027756, 2784748.658187574706972 ], [ 387322.484955972700845, 2784804.534244456328452 ], [ 387381.817690948140807, 2784858.799930442590266 ], [ 387443.174885921820533, 2784914.860531479120255 ], [ 387585.461751178489067, 2785035.483730390202254 ], [ 387588.412370820413344, 2785034.848156132269651 ], [ 387611.566123354015872, 2785029.860354483127594 ], [ 387876.478418366634287, 2784970.264914326835424 ], [ 387966.523509861319326, 2784944.76301607163623 ], [ 388101.969668693258427, 2784929.67842288967222 ], [ 388239.240785407891963, 2784916.592086846940219 ], [ 388372.680203860392794, 2784902.125251700170338 ], [ 388430.464148447674233, 2784910.344091887120157 ], [ 388497.910350332676899, 2784919.698619461152703 ], [ 388613.063811970409006, 2784934.531882282812148 ], [ 388601.517085877247155, 2784968.23278292780742 ], [ 388576.448234076902736, 2785041.399757540319115 ], [ 388533.352784263901412, 2785169.433981287293136 ], [ 388573.746209764620289, 2785165.258683442138135 ], [ 388610.927222237689421, 2785161.415552634280175 ], [ 388707.795317821903154, 2785151.445243999827653 ], [ 388883.849775780865457, 2785133.846601988188922 ], [ 388889.522270168643445, 2785195.786185792181641 ], [ 388895.887781897792593, 2785265.292646886315197 ], [ 388915.093558780266903, 2785281.96735158469528 ], [ 388999.936650812043808, 2785355.629010666161776 ], [ 389082.364838862558827, 2785351.195225123781711 ], [ 389161.370887651108205, 2785346.384546319022775 ], [ 389256.057894675643183, 2785340.653570732567459 ], [ 389350.748021457286086, 2785335.324376408476382 ], [ 389464.728185341169592, 2785327.639487255364656 ], [ 389560.010994954151101, 2785320.898392979055643 ], [ 389620.866529692546465, 2785310.37773345131427 ], [ 389653.614666056178976, 2785304.715989953372627 ], [ 389744.413216961896978, 2785289.963359654415399 ], [ 389845.054455922567286, 2785273.528306758962572 ], [ 389897.073780737235211, 2785263.890459185000509 ], [ 389975.712327915825881, 2785290.860248247161508 ], [ 390081.78604795888532, 2785328.889889362733811 ], [ 390149.512318686756771, 2785348.901174654718488 ], [ 390208.770819393219426, 2785366.159473098814487 ], [ 390249.894955145078711, 2785378.927208098582923 ], [ 390291.415299525775481, 2785390.887916579376906 ], [ 390352.935395723790862, 2785414.766312550287694 ], [ 390479.57905284705339, 2785460.285779795609415 ], [ 390622.107128725561779, 2785478.13304849062115 ], [ 390707.923929793061689, 2785469.65178953204304 ], [ 390787.061242216499522, 2785482.53913156548515 ], [ 390904.238980968599208, 2785445.064681135118008 ], [ 391005.609983896370977, 2785445.719495499972254 ], [ 391107.183597257710062, 2785446.574342697393149 ], [ 391244.679238949320279, 2785463.854505327530205 ], [ 391347.316141807590611, 2785445.394182320684195 ], [ 391406.842766109621152, 2785390.44718364905566 ], [ 391493.895318248018157, 2785380.138495529070497 ], [ 391493.895318248018157, 2780527.296354989055544 ] ] ] } },
{ "type": "Feature", "properties": { "area_km2": 39.76329019937463, "block_id": "SYL-B020", "loss_pixels": 1713.1803921568633, "plantation_ha": 0.0, "split": "val" }, "geometry": { "type": "Polygon", "coordinates": [ [ [ 391493.895318248018157, 2730527.296354989055544 ], [ 401493.895318248018157, 2730527.296354989055544 ], [ 401493.895318248018157, 2726781.444931191392243 ], [ 401493.824528891360387, 2726781.43451777799055 ], [ 401484.669703941675834, 2726780.009845711756498 ], [ 401475.953476831957232, 2726778.638104791287333 ], [ 401463.54158388543874, 2726779.721639306284487 ], [ 401459.424680793425068, 2726780.061561036854982 ], [ 401448.54282883706037, 2726779.674493653234094 ], [ 401441.289229197776876, 2726779.457936983555555 ], [ 401430.312244979548268, 2726777.572920723352581 ], [ 401419.677623810886871, 2726777.055553962476552 ], [ 401396.133931603573728, 2726777.757318237330765 ], [ 401391.513184272276703, 2726777.920772033277899 ], [ 401383.102906695159618, 2726779.104447482153773 ], [ 401374.04611067136284, 2726779.302372084930539 ], [ 401366.664728267409373, 2726778.963729392271489 ], [ 401362.473102841642685, 2726778.742871519643813 ], [ 401351.484078019449953, 2726779.17035455070436 ], [ 401340.344881335506216, 2726784.163042041473091 ], [ 401334.875676574534737, 2726785.532178702298552 ], [ 401321.946676432155073, 2726788.689454514998943 ], [ 401306.43242914089933, 2726793.652546335011721 ], [ 401299.104378548043314, 2726795.749831080902368 ], [ 401293.822690047090873, 2726797.115105660632253 ], [ 401280.93308877304662, 2726802.083618293516338 ], [ 401271.333533441706095, 2726806.042747883591801 ], [ 401262.909811967576388, 2726809.4763775896281 ], [ 401255.277729302586522, 2726811.955239635892212 ], [ 401249.513878788624424, 2726814.14331902936101 ], [ 401242.149353166401852, 2726817.428797137457877 ], [ 401233.109121666988358, 2726821.250649431254715 ], [ 401217.934612605022267, 2726827.456252367701381 ], [ 401210.375719157105777, 2726830.433501481544226 ], [ 401198.511286316846963, 2726833.692407005466521 ], [ 401173.763802065630443, 2726839.357266676146537 ], [ 401145.684408912551589, 2726846.969637101981789 ], [ 401124.10837947629625, 2726849.065816163085401 ], [ 401089.398231981904246, 2726853.511368063744158 ], [ 401073.200792703486513, 2726855.802458269055933 ], [ 401066.224266903474927, 2726856.829615133348852 ], [ 401051.384857015393209, 2726861.215782009530813 ], [ 401039.814828534144908, 2726863.655803401488811 ], [ 401019.534526337287389, 2726867.84830306423828 ], [ 400998.47898949496448, 2726873.744879682548344 ], [ 400989.233489358215593, 2726873.884602428413928 ], [ 400981.81566621438833, 2726874.733997385483235 ], [ 400968.94226522493409, 2726877.577376122120768 ], [ 400965.20813800545875, 2726878.283813861198723 ], [ 400949.429144565830939, 2726882.565493555273861 ], [ 400947.252622434636578, 2726883.050541192293167 ], [ 400933.948422164598014, 2726883.341151418630034 ], [ 400922.334829999599606, 2726883.782399259041995 ], [ 400912.598443053022493, 2726878.621130961924791 ], [ 400911.376118272542953, 2726877.023012466728687 ], [ 400896.37575401639333, 2726862.602909492794424 ], [ 400889.448266016726848, 2726840.132726804818958 ], [ 400894.603401424479671, 2726821.522707712836564 ], [ 400898.863379226066172, 2726813.43081655818969 ], [ 400904.095954570744652, 2726806.942479801829904 ], [ 400913.526392570987809, 2726798.112638294696808 ], [ 400916.098133952880744, 2726795.681840947829187 ], [ 400928.915149292733986, 2726787.403050849679857 ], [ 400937.932174097804818, 2726782.519170454703271 ], [ 400940.582528353435919, 2726780.836528546642512 ], [ 400952.485997335927095, 2726773.639997322577983 ], [ 400967.063230230414774, 2726768.697246617637575 ], [ 400980.368116552068386, 2726762.719854673370719 ], [ 400991.291674662032165, 2726759.294268942903727 ], [ 401003.420653846638743, 2726753.842430332675576 ], [ 401011.295793099678122, 2726751.045758525840938 ], [ 401012.553004539047834, 2726748.518696458078921 ], [ 401003.755636508751195, 2726737.712477507535368 ], [ 400985.647610684682149, 2726726.922309776302427 ], [ 400981.975843989290297, 2726724.752942178864032 ], [ 400977.552992134471424, 2726722.537432376295328 ], [ 400964.852373870380688, 2726716.128276946488768 ], [ 400954.815917362167966, 2726711.535990238189697 ], [ 400943.034902622457594, 2726695.733122514095157 ], [ 400940.69757449417375, 2726691.722289412748069 ], [ 400935.181017427938059, 2726682.344194608274847 ], [ 400933.213422830507625, 2726680.9499417594634 ], [ 400925.853269493905827, 2726675.861534029245377 ], [ 400914.651992499129847, 2726672.294388860464096 ], [ 400905.916637831076514, 2726670.048071927856654 ], [ 400897.887561975920107, 2726668.661158598959446 ], [ 400892.359625505923759, 2726667.34467577887699 ], [ 400883.063701271254104, 2726665.173132504336536 ], [ 400874.476603486691602, 2726678.296333039179444 ], [ 400870.061580261273775, 2726685.016716714017093 ], [ 400860.235457188508008, 2726701.479038192890584 ], [ 400848.88575009588385, 2726719.724403262138367 ], [ 400842.769538365246262, 2726728.669068324845284 ], [ 400837.50070252479054, 2726736.345590838696808 ], [ 400822.779402591229882, 2726754.727103305514902 ], [ 400808.093818732886575, 2726774.7325977277942 ], [ 400790.101782542245928, 2726794.99769668886438 ], [ 400780.361829582892824, 2726806.833760067820549 ], [ 400770.58505878422875, 2726816.983527997042984 ], [ 400756.154396567901131, 2726834.358635642100126 ], [ 400748.236096492328215, 2726840.905744059477001 ], [ 400739.121541125408839, 2726847.04147543432191 ], [ 400731.32590332836844, 2726856.335503374226391 ], [ 400722.089300507039297, 2726865.473608488216996 ], [ 400718.602799419080839, 2726868.924246797803789 ], [ 400715.284402245830279, 2726871.496294197626412 ], [ 400701.592130428063683, 2726885.480986577924341 ], [ 400699.828422733640764, 2726887.706610692664981 ], [ 400690.638111124513671, 2726896.093813935760409 ], [ 400687.023839785950258, 2726899.422231270466 ], [ 400675.851121004787274, 2726908.602554136887193 ], [ 400665.415615968930069, 2726917.204428636468947 ], [ 400662.95951037487248, 2726919.195365747436881 ], [ 400653.008664787164889, 2726927.099115681834519 ], [ 400648.893377367523499, 2726930.376087399665266 ], [ 400625.853672111523338, 2726945.564869947265834 ], [ 400611.720884489652235, 2726956.559401191305369 ], [ 400596.765515788807534, 2726967.072243800852448 ], [ 400594.303795477841049, 2726968.813294354826212 ], [ 400578.706176960607991, 2726981.402250146958977 ], [ 400555.380485273257364, 2727000.659347524866462 ], [ 400545.773130630492233, 2727007.118225199170411 ], [ 400536.72080178395845, 2727013.252878185361624 ], [ 400534.131614445592277, 2727014.871709698811173 ], [ 400510.328877073479816, 2727029.452104775235057 ], [ 400505.704271404421888, 2727032.302765162661672 ], [ 400489.177496436226647, 2727042.412481703329831 ], [ 400485.601197314215824, 2727044.615234583616257 ], [ 400465.7637010270264, 2727051.922716784756631 ], [ 400459.879167105827946, 2727054.301030597649515 ], [ 400448.3555622237036, 2727058.86477066623047 ], [ 400431.839472107007168, 2727066.599554967600852 ], [ 400427.051181309507228, 2727061.954769372474402 ], [ 400425.633364270324819, 2727059.986227756831795 ], [ 400416.418893477588426, 2727047.25194003013894 ], [ 400407.65807281609159, 2727023.821586632635444 ], [ 400406.396433343994431, 2727008.976424566935748 ], [ 400406.542521796713118, 2727004.223862190265208 ], [ 400405.653125029057264, 2726992.12005607271567 ], [ 400404.508097039535642, 2726976.89721114281565 ], [ 400405.137919076427352, 2726974.258971611969173 ], [ 400404.899949113489129, 2726971.951972241513431 ], [ 400403.846543955209199, 2726960.914105630479753 ], [ 400402.969727633404545, 2726952.246910812798887 ], [ 400403.963801084784791, 2726929.103572786320001 ], [ 400404.421549321210478, 2726918.595066774170846 ], [ 400404.713731551950332, 2726909.090164531953633 ], [ 400405.255853077047504, 2726899.579595509450883 ], [ 400407.690683874767274, 2726888.02814962901175 ], [ 400408.182244068419095, 2726876.206581247504801 ], [ 400408.344382857554592, 2726869.329028527718037 ], [ 400409.569774019008037, 2726862.490700157824904 ], [ 400409.441833099466749, 2726859.494110730476677 ], [ 400409.867498072911985, 2726853.235698992852122 ], [ 400411.454727413831279, 2726851.513616904616356 ], [ 400414.040607045404613, 2726844.020702982787043 ], [ 400415.794109218055382, 2726838.483217750210315 ], [ 400416.994052931433544, 2726833.332748050801456 ], [ 400422.181728905707132, 2726827.657704560086131 ], [ 400426.294381964020431, 2726824.255769544281065 ], [ 400442.378050967876334, 2726811.031283781863749 ], [ 400452.628921209310647, 2726802.558467485941947 ], [ 400454.984800991136581, 2726801.694656412582844 ], [ 400462.486565884610172, 2726798.968557806685567 ], [ 400473.741137348988559, 2726793.536129966378212 ], [ 400485.174733498133719, 2726784.849890855606645 ], [ 400496.579859738354571, 2726777.726625790819526 ], [ 400506.44398723699851, 2726771.574515339452773 ], [ 400515.649086315825116, 2726760.999862843658775 ], [ 400521.009992677078117, 2726748.94700070656836 ], [ 400522.053809697856195, 2726745.237277292646468 ], [ 400522.493805301957764, 2726733.916853616014123 ], [ 400521.633019303204492, 2726723.124666326679289 ], [ 400519.010987162124366, 2726708.934077420737594 ], [ 400517.793239381280728, 2726698.962147929705679 ], [ 400516.639948381052818, 2726694.800495453178883 ], [ 400515.11127837758977, 2726684.897899880539626 ], [ 400509.655928396852687, 2726664.019972159992903 ], [ 400507.81520544399973, 2726656.998845424968749 ], [ 400506.755779784405604, 2726654.272484673652798 ], [ 400501.787318356567994, 2726641.382943694479764 ], [ 400498.262699865736067, 2726631.648676284123212 ], [ 400484.238322864344809, 2726627.580828767735511 ], [ 400472.533796339179389, 2726629.58629790507257 ], [ 400459.911206178891007, 2726629.612011560704559 ], [ 400442.789061067160219, 2726632.485854940023273 ], [ 400433.141652702412102, 2726634.258909587748349 ], [ 400425.360073955787811, 2726635.61606565490365 ], [ 400422.496330386842601, 2726636.11608401639387 ], [ 400412.159114812500775, 2726637.779257907532156 ], [ 400401.981036387151107, 2726641.001180417835712 ], [ 400395.589955595438369, 2726643.077944132965058 ], [ 400382.200600613025017, 2726648.057410978712142 ], [ 400370.113497104204725, 2726652.570865988265723 ], [ 400364.473214096389711, 2726654.693867796566337 ], [ 400357.730425122776069, 2726657.840591782703996 ], [ 400344.569467410561629, 2726664.689851406030357 ], [ 400337.446437288133893, 2726667.594908954575658 ], [ 400331.313373122888152, 2726670.041053162887692 ], [ 400318.309649037488271, 2726675.512050522956997 ], [ 400305.173011337523349, 2726680.61093122838065 ], [ 400302.384145865798928, 2726681.671445976011455 ], [ 400289.32082721486222, 2726687.268810108304024 ], [ 400281.309729806671385, 2726689.568430298008025 ], [ 400274.189545168308541, 2726692.59863704489544 ], [ 400261.765750647697132, 2726698.869167712517083 ], [ 400257.059717534517404, 2726700.846753884572536 ], [ 400252.735193566652015, 2726703.128353373613209 ], [ 400236.75662657833891, 2726709.72662668954581 ], [ 400229.935044440673664, 2726712.125268309377134 ], [ 400218.339165657176636, 2726716.253170621581376 ], [ 400208.925763066275977, 2726720.145705900620669 ], [ 400205.896484887925908, 2726721.64904370624572 ], [ 400180.585637850221246, 2726730.138496857602149 ], [ 400167.14623421151191, 2726735.681317587383091 ], [ 400148.999274347850587, 2726743.139329479075968 ], [ 400120.273442416335456, 2726752.640675171278417 ], [ 400114.862578320491593, 2726753.821286722552031 ], [ 400105.144806064316072, 2726758.095476983115077 ], [ 400103.097438699740451, 2726758.765107507817447 ], [ 400089.174845338624436, 2726767.943195287603885 ], [ 400083.87411948654335, 2726771.308369590435177 ], [ 400068.773039523686748, 2726780.886970100924373 ], [ 400066.615667047852185, 2726782.246642564423382 ], [ 400057.553961847734172, 2726787.943699399475008 ], [ 400052.572328364243731, 2726791.614559734240174 ], [ 400047.148010146862362, 2726795.0450882720761 ], [ 400040.491013653285336, 2726799.25246573984623 ], [ 400030.891363081696909, 2726803.211580869276077 ], [ 400018.45917197514791, 2726806.232845149934292 ], [ 400016.22148721117992, 2726806.781711805146188 ], [ 400007.608969084511045, 2726810.156898087821901 ], [ 400003.44995789573295, 2726811.435191015247256 ], [ 399991.962628922075965, 2726811.936216536909342 ], [ 399986.220071008894593, 2726812.249071514699608 ], [ 399965.620208994601853, 2726813.261532119940966 ], [ 399961.111889892432373, 2726812.859990056138486 ], [ 399958.294506842619739, 2726812.609066251665354 ], [ 399942.45351187401684, 2726811.205513333436102 ], [ 399939.631843521900009, 2726810.767141320277005 ], [ 399914.420405427226797, 2726809.505831081420183 ], [ 399908.227196449821349, 2726809.203701936174184 ], [ 399863.228096604871098, 2726800.375718094408512 ], [ 399853.554447483678814, 2726809.523439486976713 ], [ 399854.197258273081388, 2726838.94265398196876 ], [ 399862.930494350148365, 2726861.12363726971671 ], [ 399866.822489088226575, 2726876.224013617262244 ], [ 399873.904401407460682, 2726894.316861336585134 ], [ 399877.043670507904608, 2726917.869801695924252 ], [ 399877.349506002734415, 2726920.425360972993076 ], [ 399877.1905777285574, 2726933.176891570910811 ], [ 399872.246252921002451, 2726941.408713061828166 ], [ 399856.66583147959318, 2726951.935293276328593 ], [ 399834.893851860600989, 2726962.222133035771549 ], [ 399826.252686395717319, 2726964.285707158967853 ], [ 399774.376189914124552, 2726958.170122831128538 ], [ 399751.007210143376142, 2726955.431295068003237 ], [ 399665.783015098539181, 2726924.610379181336612 ], [ 399617.848665597033687, 2726907.285261063370854 ], [ 399615.39207761734724, 2726906.401690159924328 ], [ 399587.439455154817551, 2726908.387191029265523 ], [ 399584.07056130078854, 2726908.648182253353298 ], [ 399581.644141002325341, 2726909.138794981874526 ], [ 399556.381838658300694, 2726914.127462389413267 ], [ 399539.747947388445027, 2726916.490836601238698 ], [ 399529.0904661816312, 2726917.786015968769789 ], [ 399511.996478865272366, 2726919.096842423081398 ], [ 399498.299552564043552, 2726918.58370824996382 ], [ 399486.380415400722995, 2726919.344088168349117 ], [ 399462.968430821958464, 2726923.230195146054029 ], [ 399460.721243577718269, 2726923.341798043809831 ], [ 399445.274284999235533, 2726922.804499269463122 ], [ 399429.964356339944061, 2726922.826460618060082 ], [ 399419.97684914857382, 2726920.482383531983942 ], [ 399416.397487529320642, 2726919.685708905104548 ], [ 399406.561046203016303, 2726918.526021701283753 ], [ 399386.036837768333498, 2726905.851092597469687 ], [ 399374.760317801614292, 2726898.848457979504019 ], [ 399356.124104589922354, 2726889.631939572747797 ], [ 399347.75320860161446, 2726881.191254199016839 ], [ 399343.880266766413115, 2726878.401074569206685 ], [ 399337.881285199488048, 2726878.407201689202338 ], [ 399329.096244394197129, 2726882.47364597953856 ], [ 399315.665625060151797, 2726894.140627305489033 ], [ 399285.601253808417823, 2726908.170636855065823 ], [ 399265.08236325357575, 2726918.617627787869424 ], [ 399261.93087814032333, 2726920.248750207945704 ], [ 399236.164236606564373, 2726933.622482265811414 ], [ 399234.065102735767141, 2726934.793164912611246 ], [ 399227.648486848396715, 2726941.432497924659401 ], [ 399213.253507771645673, 2726951.870716009754688 ], [ 399203.306337794871069, 2726957.087292428594083 ], [ 399191.258787193335593, 2726963.412228062748909 ], [ 399185.204531989467796, 2726966.606703535653651 ], [ 399174.279752703383565, 2726972.844552506227046 ], [ 399149.884206398157403, 2726971.752691589761525 ], [ 399134.734336497436743, 2726970.52145696664229 ], [ 399044.18517525610514, 2726947.690775421448052 ], [ 399029.041849998233374, 2726943.897297553252429 ], [ 399012.829699281719513, 2726939.81459647975862 ], [ 398954.518568902742118, 2726925.215711771510541 ], [ 398950.937811106909066, 2726924.356597747653723 ], [ 398907.208197664353065, 2726916.438289635349065 ], [ 398885.398279650951736, 2726919.289374522399157 ], [ 398891.525857338565402, 2726939.465432230383158 ], [ 398868.233531731180847, 2726943.098858274053782 ], [ 398840.532646229316015, 2726953.765196224208921 ], [ 398810.19695622677682, 2726958.240121104288846 ], [ 398788.709339602675755, 2726964.396387487649918 ], [ 398782.212361613987014, 2726967.350526754744351 ], [ 398772.373727168771438, 2726971.814811730291694 ], [ 398754.66484028683044, 2726976.451272686943412 ], [ 398733.909429036721122, 2726984.653647664468735 ], [ 398728.353182887542062, 2726987.77459959173575 ], [ 398723.106784049829002, 2726990.763951150234789 ], [ 398716.688657046994194, 2726994.466152909211814 ], [ 398712.53223030094523, 2726995.869403637945652 ], [ 398693.000203843053896, 2727002.857738118153065 ], [ 398679.384959228336811, 2727006.092273823916912 ], [ 398672.359655506210402, 2727007.745684873778373 ], [ 398653.378538880962878, 2727014.22209363989532 ], [ 398647.512768642161973, 2727014.600191289559007 ], [ 398637.419110624468885, 2727010.258914411067963 ], [ 398622.62811868119752, 2726999.708471649792045 ], [ 398602.840425802161917, 2726980.705908922944218 ], [ 398583.458717349101789, 2726963.131730552297086 ], [ 398580.396954213734716, 2726963.136132827959955 ], [ 398556.018725787580479, 2726959.981757528148592 ], [ 398541.426080678706057, 2726964.237612430471927 ], [ 398530.887789074447937, 2726965.280203974805772 ], [ 398523.409996072354261, 2726966.2559396433644 ], [ 398511.755483680171892, 2726967.697941989637911 ], [ 398507.892303027329035, 2726968.219944256357849 ], [ 398500.08603840804426, 2726968.453029229771346 ], [ 398486.658051135833375, 2726968.808794548735023 ], [ 398476.349299179739319, 2726968.909010613337159 ], [ 398453.453850693418644, 2726990.719069386832416 ], [ 398450.271177780348808, 2726993.788241821341217 ], [ 398444.229451393068302, 2727000.419455936178565 ], [ 398436.282966461847536, 2727011.404070493765175 ], [ 398426.88659272127552, 2727024.670131970662624 ], [ 398424.745773440925404, 2727029.653819920960814 ], [ 398413.665630702511407, 2727043.081697643268853 ], [ 398408.215035192493815, 2727053.887070491444319 ], [ 398403.601903915056027, 2727062.986678017303348 ], [ 398398.362970666843466, 2727072.037374790292233 ], [ 398396.922652002424002, 2727074.756064614281058 ], [ 398390.71543070563348, 2727085.265320170205086 ], [ 398385.024335585418157, 2727093.638717410154641 ], [ 398382.101008186291438, 2727097.139449715148658 ], [ 398359.689792259945534, 2727112.502258148510009 ], [ 398356.822173180407844, 2727115.689525282010436 ], [ 398343.798312525846995, 2727123.098203592933714 ], [ 398337.111536847311072, 2727128.80607150355354 ], [ 398329.53612811100902, 2727131.033887739293277 ], [ 398327.48721821513027, 2727131.641117991413921 ], [ 398318.570106479804963, 2727132.523291637655348 ], [ 398309.351281073584687, 2727131.037387377116829 ], [ 398290.695253784069791, 2727118.0718606216833 ], [ 398277.816705894365441, 2727100.668109880760312 ], [ 398264.287091930978931, 2727079.21647352585569 ], [ 398262.979181908653118, 2727076.557974969036877 ], [ 398261.542398883611895, 2727073.714597243349999 ], [ 398245.927445968729444, 2727042.622328097932041 ], [ 398237.880255848111119, 2727040.423690940253437 ], [ 398233.752313202421647, 2727040.263775426894426 ], [ 398213.208081487158779, 2727043.837216904386878 ], [ 398205.016309704165906, 2727046.453440807759762 ], [ 398182.316522023931611, 2727057.198222026694566 ], [ 398148.109115302446298, 2727058.94542364962399 ], [ 398129.730348477896769, 2727047.223682253621519 ], [ 398115.279670862655621, 2727035.103403785265982 ], [ 398105.256337316241115, 2727025.386197781655937 ], [ 398083.743818443850614, 2726993.23535512574017 ], [ 398062.570822813024279, 2726959.452393299434334 ], [ 398052.212441837706137, 2726942.993353395257145 ], [ 398021.21025825117249, 2726888.365194218698889 ], [ 398017.749594605469611, 2726881.566747959703207 ], [ 398013.897786774788983, 2726874.02688472205773 ], [ 398011.041331305284984, 2726866.277838359121233 ], [ 398006.455830808612518, 2726853.754605461843312 ], [ 398003.080594785918947, 2726833.705860446207225 ], [ 398001.15214415412629, 2726819.812205734662712 ], [ 398003.672156141547021, 2726803.571648626588285 ], [ 398006.575823014951311, 2726784.885671061929315 ], [ 398012.007466469076462, 2726773.205866646952927 ], [ 398016.382346611178946, 2726758.9246586416848 ], [ 398018.480827919906005, 2726752.004694340284914 ], [ 398022.272580686723813, 2726731.049554247409105 ], [ 398023.02778765023686, 2726719.846918476279825 ], [ 398022.126104069175199, 2726707.18070941278711 ], [ 398021.696725078159943, 2726704.690423838794231 ], [ 398019.401783220120706, 2726691.179962406866252 ], [ 398015.629476390080526, 2726678.701480043120682 ], [ 398013.071675083483569, 2726670.320792559534311 ], [ 398002.075431873206981, 2726656.125351519323885 ], [ 397995.962735570792574, 2726648.072410374414176 ], [ 397989.317929500131868, 2726641.405862667132169 ], [ 397978.443207424483262, 2726632.769723005592823 ], [ 397968.136678545852192, 2726630.120267102494836 ], [ 397958.454858516226523, 2726630.331646496430039 ], [ 397954.27003288915148, 2726630.423164601437747 ], [ 397949.226828466984443, 2726631.283213671296835 ], [ 397939.075550833949819, 2726632.879874894395471 ], [ 397933.096876171417534, 2726633.822988101281226 ], [ 397925.097630234668031, 2726633.810189205221832 ], [ 397920.711597613757476, 2726633.280943335965276 ], [ 397906.790481564530637, 2726619.649460435844958 ], [ 397897.854386425809935, 2726608.221213519573212 ], [ 397895.184426528809126, 2726603.280087341554463 ], [ 397888.124943279079162, 2726591.935734880156815 ], [ 397885.260517216287553, 2726586.686518849804997 ], [ 397880.486513575830031, 2726576.979513682425022 ], [ 397878.525359120278154, 2726573.022983124945313 ], [ 397869.483685745450202, 2726565.346425098832697 ], [ 397860.429427581548225, 2726565.669205517042428 ], [ 397851.189129862759728, 2726566.058585220947862 ], [ 397842.528667839593254, 2726567.247576221823692 ], [ 397831.941465780721046, 2726568.916287705302238 ], [ 397824.541197458456736, 2726570.577749686315656 ], [ 397820.179800921701826, 2726571.172924967017025 ], [ 397806.329432825790718, 2726572.225451574660838 ], [ 397793.853083323629107, 2726570.373238682281226 ], [ 397782.493947776732966, 2726565.309536432847381 ], [ 397778.917121933249291, 2726564.637840461917222 ], [ 397760.361754786164965, 2726564.855698390398175 ], [ 397749.844818792364094, 2726564.023209574632347 ], [ 397746.477426358265802, 2726564.346647560596466 ], [ 397739.868582115450408, 2726565.053396149538457 ], [ 397725.867802870459855, 2726567.796569515485317 ], [ 397723.444212278816849, 2726568.411847512703389 ], [ 397715.123554278339725, 2726573.718193910084665 ], [ 397712.777274360938463, 2726575.019165106583387 ], [ 397704.27449076413177, 2726577.704629294108599 ], [ 397698.013672232569661, 2726580.028530630283058 ], [ 397695.098212395736482, 2726581.029599881730974 ], [ 397691.171337786072399, 2726581.490390266291797 ], [ 397685.248436760040931, 2726582.119692272040993 ], [ 397678.055544619157445, 2726581.839418730698526 ], [ 397674.997800287033897, 2726582.03124979743734 ], [ 397672.488273703609593, 2726581.586051893886179 ], [ 397660.883365673478693, 2726576.71539513906464 ], [ 397658.297795100952499, 2726575.646957092918456 ], [ 397656.020495481439866, 2726574.384336158167571 ], [ 397646.256672261282802, 2726567.973464464768767 ], [ 397644.353987763228361, 2726566.702660667710006 ], [ 397640.077596555813216, 2726562.609057987108827 ], [ 397634.511149178084452, 2726556.668941940180957 ], [ 397620.558316536829807, 2726538.726053349208087 ], [ 397614.913262520800345, 2726523.476328600663692 ], [ 397613.764101530250628, 2726519.501891495659947 ], [ 397611.279637084109709, 2726511.619614887516946 ], [ 397607.993835245142691, 2726501.380255439318717 ], [ 397606.843299872009084, 2726497.343371202237904 ], [ 397600.214232051745057, 2726485.677161172963679 ], [ 397594.279014601779636, 2726474.308275505434722 ], [ 397591.903912556532305, 2726471.423036354128271 ], [ 397584.39514552464243, 2726462.400604407768697 ], [ 397578.259646020887885, 2726456.160385792609304 ], [ 397571.97481904597953, 2726451.673409919254482 ], [ 397565.609826104773674, 2726446.375630066730082 ], [ 397560.264789013308473, 2726441.992807141039521 ], [ 397543.747823033831082, 2726432.542323313187808 ], [ 397528.462353153037839, 2726422.252667815424502 ], [ 397524.901690871454775, 2726419.455801094416529 ], [ 397507.122840662545059, 2726406.595761661417782 ], [ 397505.529969118069857, 2726405.193346244748682 ], [ 397481.584265954094008, 2726384.656410798430443 ], [ 397478.523385172826238, 2726381.848671465646476 ], [ 397455.02975154935848, 2726361.98950074147433 ], [ 397429.560307045059744, 2726340.361022007651627 ], [ 397416.106557325052563, 2726328.093981077894568 ], [ 397397.722055173304398, 2726313.247534413356334 ], [ 397388.601544525648933, 2726304.822804243303835 ], [ 397383.946255976159591, 2726300.549903079401702 ], [ 397380.176370759028941, 2726296.757837837096304 ], [ 397371.182187124795746, 2726288.392871812917292 ], [ 397366.831046194944065, 2726283.738443539012223 ], [ 397362.87637932394864, 2726280.075209470465779 ], [ 397347.80374073778512, 2726265.218992107082158 ], [ 397320.514997683698311, 2726246.129799646791071 ], [ 397298.73577438632492, 2726230.357728582341224 ], [ 397295.761759212531615, 2726228.672850704751909 ], [ 397273.938950884214137, 2726213.776433751452714 ], [ 397258.595410427427851, 2726206.550025057978928 ], [ 397251.702352710650302, 2726202.826034037396312 ], [ 397249.298806596314535, 2726201.503723168279976 ], [ 397240.015524842427112, 2726194.207518387585878 ], [ 397231.685576730058528, 2726187.640145161189139 ], [ 397224.932178021990694, 2726181.725899204611778 ], [ 397222.001567002269439, 2726179.165309347677976 ], [ 397211.263626387517434, 2726168.213690840639174 ], [ 397202.758082497224677, 2726156.463411283213645 ], [ 397200.70556492585456, 2726136.885546258185059 ], [ 397203.181131408084184, 2726124.33304258948192 ], [ 397210.591154385881964, 2726111.672740289475769 ], [ 397213.607021023926791, 2726098.108503533992916 ], [ 397218.824445166916121, 2726090.932797972578555 ], [ 397225.110304954461753, 2726078.29709462961182 ], [ 397224.943853638251312, 2726070.676589254289865 ], [ 397224.653499034349807, 2726060.246730510145426 ], [ 397223.663864867063239, 2726049.269776630215347 ], [ 397223.462524208123796, 2726045.774624190293252 ], [ 397222.989268247270957, 2726038.410758622456342 ], [ 397222.69821449148003, 2726022.23157542059198 ], [ 397222.520782403007615, 2726014.111489207018167 ], [ 397221.667378921294585, 2725995.069827180355787 ], [ 397219.551965830265544, 2725981.180296852253377 ], [ 397217.452038009942044, 2725976.601627494208515 ], [ 397214.502069764654152, 2725970.29194075986743 ], [ 397198.265069913759362, 2725962.210075808688998 ], [ 397196.293160941102542, 2725960.628326937090605 ], [ 397187.265244936104864, 2725953.576329416595399 ], [ 397175.819995581114199, 2725944.577561323530972 ], [ 397171.342119990498759, 2725934.113999058492482 ], [ 397170.222892483114265, 2725931.513776732143015 ], [ 397169.316281548410188, 2725910.036212460137904 ], [ 397161.45849023712799, 2725899.334308192599565 ], [ 397152.335952271590941, 2725896.533817006740719 ], [ 397148.182062953710556, 2725895.18725948408246 ], [ 397138.17418188159354, 2725891.906177495606244 ], [ 397127.116476769908331, 2725889.210604446474463 ], [ 397117.393841805576812, 2725887.548118454404175 ], [ 397106.416520486876834, 2725885.663254009559751 ], [ 397098.930351772345603, 2725883.389552826061845 ], [ 397082.772647244797554, 2725881.805058181285858 ], [ 397072.760846861987375, 2725881.211398932151496 ], [ 397055.992173392267432, 2725880.265449096914381 ], [ 397032.156733404961415, 2725876.224040896631777 ], [ 397027.906485195271671, 2725876.191840021405369 ], [ 397013.702948080957867, 2725875.377109169494361 ], [ 397005.945261724991724, 2725874.98418673640117 ], [ 396996.45229723158991, 2725875.253950577694923 ], [ 396977.342763466353063, 2725875.858864744659513 ], [ 396960.373567171918694, 2725877.166873829904944 ], [ 396953.93025954219047, 2725876.87021926837042 ], [ 396927.824518984125461, 2725874.753103700000793 ], [ 396907.86113661294803, 2725876.313935204409063 ], [ 396905.935697828244884, 2725876.856112842448056 ], [ 396895.277397695463151, 2725875.276575551368296 ], [ 396888.443060367717408, 2725874.238450509496033 ], [ 396877.784756504232064, 2725872.6590372226201 ], [ 396875.731688415515237, 2725873.078689524438232 ], [ 396846.792448387248442, 2725872.835878603626043 ], [ 396843.354111659456976, 2725872.785972256213427 ], [ 396837.09419477370102, 2725872.297868927940726 ], [ 396817.5621116682305, 2725870.724652469623834 ], [ 396806.938055757666007, 2725870.70681802323088 ], [ 396796.751175396726467, 2725870.679213155992329 ], [ 396782.572148415725678, 2725870.98888817243278 ], [ 396775.870824205630925, 2725870.322916796430945 ], [ 396752.468811601866037, 2725868.959361108951271 ], [ 396730.465410304372199, 2725868.68998722685501 ], [ 396715.033059172390494, 2725868.839495157822967 ], [ 396692.486340515431948, 2725866.582319546956569 ], [ 396685.34655567095615, 2725865.86339274700731 ], [ 396682.587303933920339, 2725865.423544719815254 ], [ 396676.126305504469201, 2725864.314975585322827 ], [ 396659.189181102556176, 2725861.372765264008194 ], [ 396651.364799867849797, 2725860.793715473730117 ], [ 396641.536244192218874, 2725860.008528684265912 ], [ 396630.986672085418832, 2725857.67678485577926 ], [ 396621.316852149553597, 2725855.575715252198279 ], [ 396614.561100903723855, 2725852.41113387607038 ], [ 396607.298649559495971, 2725848.945231954567134 ], [ 396597.904609863471705, 2725848.025505771394819 ], [ 396595.336898317618761, 2725847.769077119417489 ], [ 396591.390680715383496, 2725847.355349606834352 ], [ 396587.877817979664542, 2725846.744603525381535 ], [ 396574.248312003095634, 2725843.605250824708492 ], [ 396568.219170281023253, 2725842.237153426744044 ], [ 396557.046245281468146, 2725839.981529429089278 ], [ 396549.337296828161925, 2725838.962478779722005 ], [ 396542.632015320821665, 2725838.109052827581763 ], [ 396532.091833914280869, 2725836.214518255088478 ], [ 396528.20274922484532, 2725835.549554929602891 ], [ 396519.218861905217636, 2725833.371026101522148 ], [ 396512.980275813373737, 2725831.007620340678841 ], [ 396507.376119770808145, 2725829.067730771843344 ], [ 396500.090782739396673, 2725827.414441063534468 ], [ 396495.987059361650608, 2725825.504361853003502 ], [ 396490.491470079636201, 2725822.812292942311615 ], [ 396478.371384309022687, 2725814.390412715263665 ], [ 396467.113814183278009, 2725808.262100766412914 ], [ 396454.070207018055953, 2725797.610701943747699 ], [ 396443.383948977105319, 2725789.032659752294421 ], [ 396438.167808442609385, 2725784.834444725420326 ], [ 396433.418765282258391, 2725779.126453019678593 ], [ 396426.525406112428755, 2725772.527687107678503 ], [ 396420.319286405399907, 2725765.914059927687049 ], [ 396416.137794865353499, 2725760.443482947070152 ], [ 396409.25496669660788, 2725751.470026473514736 ], [ 396402.573312719003297, 2725743.116885270923376 ], [ 396394.543043475132436, 2725733.105813580565155 ], [ 396390.122581146191806, 2725728.140563797671348 ], [ 396382.241849467041902, 2725719.251187862362713 ], [ 396376.072175029024947, 2725711.449277433566749 ], [ 396369.774759936437476, 2725703.525288197677583 ], [ 396359.110129130189307, 2725693.07185633527115 ], [ 396357.818651598237921, 2725691.162893337197602 ], [ 396350.983352802984882, 2725681.500742768403143 ], [ 396346.930921760038473, 2725676.214935655705631 ], [ 396342.66638749325648, 2725669.808793126605451 ], [ 396341.191510928736534, 2725668.091230280231684 ], [ 396333.754883728921413, 2725659.504657426849008 ], [ 396331.764061787282117, 2725657.048312328755856 ], [ 396322.072867412585765, 2725645.386330843903124 ], [ 396310.158761374186724, 2725632.085683953482658 ], [ 396305.068600133468863, 2725625.072645789012313 ], [ 396301.229513631726149, 2725620.969414143823087 ], [ 396290.097597013693303, 2725609.151420850772411 ], [ 396286.834237085771747, 2725605.660616173874587 ], [ 396274.008817056368571, 2725590.69238976854831 ], [ 396258.782181393355131, 2725571.652308877091855 ], [ 396255.006883762951475, 2725567.610074466560036 ], [ 396242.723306950065307, 2725554.567384724970907 ], [ 396227.580961110827047, 2725536.525147878099233 ], [ 396220.241838836460374, 2725526.686640084721148 ], [ 396211.676589114475064, 2725515.062506045680493 ], [ 396201.742318482836708, 2725503.718360224273056 ], [ 396195.288155104732141, 2725488.611064865253866 ], [ 396191.65321532957023, 2725476.691782617941499 ], [ 396186.13421417720383, 2725470.063045405782759 ], [ 396183.566015674034134, 2725466.931965581141412 ], [ 396175.813917446357664, 2725455.352611545007676 ], [ 396169.769961550366133, 2725441.861077386885881 ], [ 396158.49636806541821, 2725423.546838162466884 ], [ 396152.278838863479905, 2725413.558682724833488 ], [ 396147.332579379784875, 2725404.54286697646603 ], [ 396139.301489383564331, 2725400.218712615314871 ], [ 396130.780401910538785, 2725396.342737022321671 ], [ 396121.391507617605384, 2725392.798273438122123 ], [ 396111.700158421997912, 2725392.572438769042492 ], [ 396095.182302893488668, 2725388.808603143785149 ], [ 396085.433917765622027, 2725388.834041345864534 ], [ 396068.170905784936622, 2725388.148649211972952 ], [ 396058.167341696214862, 2725387.929614518769085 ], [ 396045.093373334500939, 2725387.340295577887446 ], [ 396031.336708090617321, 2725389.827829657122493 ], [ 396025.39051905577071, 2725389.39532131049782 ], [ 396009.678026227047667, 2725388.176043852698058 ], [ 395984.637168540910352, 2725389.035393066704273 ], [ 395969.166038154799026, 2725395.997572502586991 ], [ 395959.446440354338847, 2725400.209231316577643 ], [ 395952.052238342468627, 2725407.869918887503445 ], [ 395939.075230798916891, 2725411.715490107890218 ], [ 395926.356420599739067, 2725418.804854147136211 ], [ 395905.340983691276051, 2725426.575481636449695 ], [ 395891.811903759080451, 2725436.619870241731405 ], [ 395881.993464205472264, 2725442.021132054273039 ], [ 395876.656265757628717, 2725449.449410152155906 ], [ 395861.144634333322756, 2725460.287074238061905 ], [ 395851.701244352501817, 2725468.554743845015764 ], [ 395844.005181389919017, 2725473.847449721302837 ], [ 395836.458722499781288, 2725480.26151236332953 ], [ 395825.779438426485285, 2725486.306579830124974 ], [ 395814.811990568996407, 2725490.608090384863317 ], [ 395804.624001250427682, 2725493.392816796898842 ], [ 395789.947787847428117, 2725493.838330456987023 ], [ 395787.160259547934402, 2725494.961647755932063 ], [ 395780.037049369188026, 2725497.8667256035842 ], [ 395766.362962307059206, 2725498.415274037979543 ], [ 395757.420080132083967, 2725500.985389233566821 ], [ 395743.739200847456232, 2725501.221609978936613 ], [ 395724.344499379221816, 2725503.082514222245663 ], [ 395720.166211254545487, 2725503.4862672816962 ], [ 395715.283237783296499, 2725503.092874877620488 ], [ 395707.395073255407624, 2725502.452809070236981 ], [ 395693.769941192411352, 2725502.375484724529088 ], [ 395672.064004863786977, 2725504.286687738262117 ], [ 395657.519581404048949, 2725505.041871587745845 ], [ 395646.239773733832408, 2725506.475558774080127 ], [ 395632.656806116981898, 2725508.334510634187609 ], [ 395620.442317561595701, 2725507.039038177579641 ], [ 395598.912982307025231, 2725508.446597367990762 ], [ 395584.23286648892099, 2725511.579274151008576 ], [ 395574.342260591569357, 2725513.670138221234083 ], [ 395569.095373684540391, 2725513.784731511957943 ], [ 395546.171235036570579, 2725514.285244779195637 ], [ 395505.957391626376193, 2725478.542382452171296 ], [ 395496.663103112601675, 2725456.435387517791241 ], [ 395495.477444109681528, 2725453.648964943364263 ], [ 395465.384458468994126, 2725380.564158485736698 ], [ 395462.851617102918681, 2725376.182558408472687 ], [ 395453.246249350486323, 2725368.455582927446812 ], [ 395439.486115932872053, 2725362.194392604753375 ], [ 395437.40303695993498, 2725361.239959897939116 ], [ 395420.010789627674967, 2725360.369741584174335 ], [ 395398.724500606418587, 2725361.459607197437435 ], [ 395375.935393223306164, 2725368.144167731981725 ], [ 395353.17793569539208, 2725379.139910659287125 ], [ 395333.887489300803281, 2725391.497299594338983 ], [ 395310.948664484196343, 2725408.49666210450232 ], [ 395288.395593201857992, 2725425.987288787495345 ], [ 395263.553226842777804, 2725444.527748388238251 ], [ 395254.38527502596844, 2725451.10252121090889 ], [ 395243.635560607071966, 2725459.648673521820456 ], [ 395239.361090897815302, 2725461.366909971926361 ], [ 395232.768766055756714, 2725465.697944468818605 ], [ 395218.033637631509919, 2725474.893740464933217 ], [ 395204.884534337325022, 2725482.305185096804053 ], [ 395199.0959807393956, 2725486.243581485468894 ], [ 395189.493758257012814, 2725492.952679652255028 ], [ 395179.057393778115511, 2725498.679926394484937 ], [ 395165.875371485482901, 2725504.592329874634743 ], [ 395158.329886591236573, 2725508.194267259910703 ], [ 395151.503056394925807, 2725516.092541821766645 ], [ 395144.508053914410993, 2725524.869271111208946 ], [ 395133.792507369536906, 2725534.977264949120581 ], [ 395128.978148061782122, 2725543.456497759092599 ], [ 395120.255923498887569, 2725553.27095678076148 ], [ 395116.44094115664484, 2725561.728482764679939 ], [ 395109.621172779763583, 2725569.9390182280913 ], [ 395101.628170449694153, 2725581.674891799688339 ], [ 395091.507207005983219, 2725590.395054652355611 ], [ 395085.622902863833588, 2725598.522799137979746 ], [ 395083.919616693689022, 2725606.371494695544243 ], [ 395080.649306612554938, 2725616.879399182740599 ], [ 395078.377279045118485, 2725627.302918089088053 ], [ 395079.225641590193845, 2725637.533238004893064 ], [ 395083.268348912475631, 2725653.818278476130217 ], [ 395090.89356080989819, 2725685.335914558731019 ], [ 395104.778354971087538, 2725728.777931693010032 ], [ 395120.046304359682836, 2725778.314263768028468 ], [ 395136.629762184806168, 2725850.882006677798927 ], [ 395143.573476185207255, 2725885.539125321898609 ], [ 395141.69938514509704, 2725897.016331595834345 ], [ 395142.220396436983719, 2725906.566403356846422 ], [ 395143.83753022516612, 2725917.654935520607978 ], [ 395147.114043726760428, 2725944.643067777622491 ], [ 395149.29641148657538, 2725958.718798348680139 ], [ 395150.286397111485712, 2725972.570742313750088 ], [ 395151.7730123718502, 2725983.412198956590146 ], [ 395153.258344279427547, 2725994.191096531227231 ], [ 395155.121292098658159, 2726007.961375582031906 ], [ 395156.704686023877002, 2726020.363004614133388 ], [ 395158.44008776138071, 2726034.011101479176432 ], [ 395159.831710124271922, 2726046.229349504690617 ], [ 395161.071320920658763, 2726057.20113014895469 ], [ 395162.688647377653979, 2726071.164402520749718 ], [ 395164.30755468364805, 2726085.19001072505489 ], [ 395158.129979736171663, 2726094.199014209210873 ], [ 395157.053237738204189, 2726096.409893172327429 ], [ 395153.049801761575509, 2726104.808930185157806 ], [ 395145.426931004563812, 2726110.599727535620332 ], [ 395136.739645647932775, 2726116.289034177549183 ], [ 395125.159274430479854, 2726115.417028547264636 ], [ 395111.900975861877669, 2726117.831542872823775 ], [ 395095.451668939960655, 2726120.065496573224664 ], [ 395077.839465195254888, 2726120.575251412112266 ], [ 395066.517682953039184, 2726122.947288682218641 ], [ 395049.497397219936829, 2726121.944201433099806 ], [ 395039.178886300011072, 2726124.481887686997652 ], [ 395025.510230338666588, 2726125.28032021317631 ], [ 395012.842481859668624, 2726126.119491367135197 ], [ 394997.984426210343372, 2726126.818959623575211 ], [ 394983.906877984059975, 2726126.064159201458097 ], [ 394971.116816766676493, 2726127.03098074439913 ], [ 394957.196925881667994, 2726127.77246406301856 ], [ 394940.151392271684017, 2726131.331922726240009 ], [ 394927.327535738237202, 2726133.611771177966148 ], [ 394912.128726085065864, 2726135.881232854444534 ], [ 394895.86401048314292, 2726137.986233885399997 ], [ 394883.792119504301809, 2726137.49998217029497 ], [ 394864.158258174662478, 2726139.866041253786534 ], [ 394847.479209276731126, 2726140.167925906833261 ], [ 394835.312368266400881, 2726141.058620665222406 ], [ 394818.476925726688933, 2726139.92651153774932 ], [ 394800.802696856437251, 2726143.312383982352912 ], [ 394795.076475209265482, 2726144.374868620187044 ], [ 394786.657467583252583, 2726145.183647831436247 ], [ 394767.333656926639378, 2726150.292673381045461 ], [ 394753.845730548666324, 2726153.649578750133514 ], [ 394749.867117626476102, 2726154.611367111559957 ], [ 394745.148728114611004, 2726156.026817986276001 ], [ 394727.39333836408332, 2726164.288802018389106 ], [ 394707.39287471427815, 2726178.474330737255514 ], [ 394686.388880105572753, 2726192.494181199930608 ], [ 394674.472483759745955, 2726199.128844157326967 ], [ 394671.262626879382879, 2726200.948727868497372 ], [ 394663.298841751937289, 2726205.434856693260372 ], [ 394634.827708094380796, 2726232.366598072927445 ], [ 394609.082482880912721, 2726255.364126075990498 ], [ 394586.562942922115326, 2726280.103577865287662 ], [ 394567.831069311709143, 2726298.01103619299829 ], [ 394560.058981528971344, 2726305.555015583522618 ], [ 394551.282111710985191, 2726309.996217430569232 ], [ 394543.184206683479715, 2726316.92252456350252 ], [ 394531.832691521209199, 2726323.669865924399346 ], [ 394519.358287481940351, 2726330.50414205994457 ], [ 394508.846853494411334, 2726332.79607853712514 ], [ 394499.211339729023166, 2726335.131320349406451 ], [ 394484.476953501813114, 2726338.64037159550935 ], [ 394475.094332073582336, 2726343.969830031041056 ], [ 394462.330294043524191, 2726346.123419949784875 ], [ 394452.886162952694576, 2726348.641959053929895 ], [ 394442.188924860034604, 2726351.000473888125271 ], [ 394431.933079026872292, 2726356.411454529501498 ], [ 394423.746701910044067, 2726362.152240995783359 ], [ 394406.052324493939523, 2726367.475770538207144 ], [ 394391.459390681178775, 2726371.731688048690557 ], [ 394378.925942963163834, 2726373.005311128217727 ], [ 394367.542800032475498, 2726375.441299783997238 ], [ 394364.30818380729761, 2726376.136973871849477 ], [ 394341.679254873946775, 2726381.568184059578925 ], [ 394332.042310688295402, 2726383.84098625741899 ], [ 394327.445835864171386, 2726385.128858388401568 ], [ 394318.576261656009592, 2726388.197275793645531 ], [ 394314.300392896286212, 2726389.853146605659276 ], [ 394296.928958836826496, 2726392.794853173661977 ], [ 394288.190996934426948, 2726396.172809924930334 ], [ 394282.739301919820718, 2726398.354242860339582 ], [ 394272.637798852345441, 2726399.387431866955012 ], [ 394262.662964842747897, 2726403.354878002312034 ], [ 394246.954150092497002, 2726410.884773357305676 ], [ 394228.014606472686864, 2726419.297850253991783 ], [ 394214.143901564297266, 2726422.287888753693551 ], [ 394201.181680853711441, 2726426.820749225560576 ], [ 394191.274766903487034, 2726431.0367900589481 ], [ 394181.459004442498554, 2726436.563106982968748 ], [ 394170.711832414614037, 2726442.35986613156274 ], [ 394168.419647903065197, 2726443.284957075025886 ], [ 394160.802165346569382, 2726446.451033726800233 ], [ 394148.026136967004277, 2726453.791939637623727 ], [ 394141.20698904118035, 2726456.31573626678437 ], [ 394136.99230980075663, 2726457.907521011773497 ], [ 394122.099125788954552, 2726462.732460829429328 ], [ 394110.741932824545074, 2726466.355288716964424 ], [ 394100.772431826626416, 2726470.572648583911359 ], [ 394094.283310637751129, 2726473.901595811359584 ], [ 394087.733142018551007, 2726477.29435571981594 ], [ 394077.723003667604644, 2726482.51259587937966 ], [ 394063.765887727553491, 2726490.129249093588442 ], [ 394056.476978102640714, 2726494.03817460918799 ], [ 394048.652917251805775, 2726496.333685968536884 ], [ 394029.776965116150677, 2726501.933159834239632 ], [ 394004.763329093111679, 2726506.916778607759625 ], [ 393999.125589958683122, 2726509.164640242233872 ], [ 393988.47016318939859, 2726510.584766936022788 ], [ 393976.486243636230938, 2726508.409386145882308 ], [ 393967.952829076733906, 2726506.845901892054826 ], [ 393956.672459083201829, 2726505.405038711149246 ], [ 393936.030709188838955, 2726504.543581739533693 ], [ 393927.677863087039441, 2726502.663793934509158 ], [ 393920.214698711119127, 2726501.451862061396241 ], [ 393891.5099022713257, 2726491.95487911067903 ], [ 393858.326706396997906, 2726480.555934263858944 ], [ 393843.895571649831254, 2726477.934124326333404 ], [ 393835.621785915340297, 2726476.802402975037694 ], [ 393832.81635008106241, 2726477.113640474621207 ], [ 393823.836418119084556, 2726477.997286973986775 ], [ 393819.042986101761926, 2726478.85206182487309 ], [ 393814.553815137944184, 2726479.32500127563253 ], [ 393788.867641892924439, 2726482.135851072147489 ], [ 393786.430193169100676, 2726482.126567512284964 ], [ 393766.166196467296686, 2726484.256718000397086 ], [ 393753.601563174102921, 2726486.968360444530845 ], [ 393739.38163852901198, 2726488.279045067727566 ], [ 393721.959965331596322, 2726491.7842131042853 ], [ 393718.77832067408599, 2726492.041207184549421 ], [ 393715.278937102702912, 2726492.055226923432201 ], [ 393695.617821175430436, 2726493.172122274991125 ], [ 393692.255505335109774, 2726493.745565300341696 ], [ 393669.559538117959164, 2726496.116162199527025 ], [ 393660.85684205184225, 2726498.243532121181488 ], [ 393655.709126491274219, 2726500.043378677219152 ], [ 393646.345305888447911, 2726503.372605404816568 ], [ 393629.94478426274145, 2726507.855572029482573 ], [ 393618.378202213323675, 2726510.483068251051009 ], [ 393614.896675381227396, 2726511.309048686176538 ], [ 393612.719886665174272, 2726511.793925596401095 ], [ 393606.315990914183203, 2726513.308830824214965 ], [ 393593.103870995342731, 2726517.846952167805284 ], [ 393574.088248490297701, 2726522.761964910198003 ], [ 393564.770329337741714, 2726525.3403973672539 ], [ 393558.682996919611469, 2726527.03562574647367 ], [ 393546.987399712379556, 2726529.478456028271466 ], [ 393526.502109016873874, 2726532.925718099344522 ], [ 393510.271407702064607, 2726536.592466289177537 ], [ 393487.851334445818793, 2726543.019175609108061 ], [ 393479.733941351645626, 2726546.196220632176846 ], [ 393470.44065941561712, 2726549.898894227575511 ], [ 393463.002247502678074, 2726552.686138436198235 ], [ 393452.116363949025981, 2726557.860944738611579 ], [ 393444.519226770673413, 2726561.964146925136447 ], [ 393436.912668476928957, 2726565.629994104150683 ], [ 393425.54744917480275, 2726571.752795380540192 ], [ 393420.391829448111821, 2726576.052464943379164 ], [ 393415.295870181696955, 2726580.225875997450203 ], [ 393400.723921174067073, 2726591.168313357047737 ], [ 393394.206409031583462, 2726596.06016620574519 ], [ 393376.420501491287723, 2726611.509902688674629 ], [ 393373.780964903882705, 2726613.69239117950201 ], [ 393360.902619703148957, 2726627.785012403968722 ], [ 393358.398879200569354, 2726630.464359315112233 ], [ 393352.253637062909547, 2726638.098012638743967 ], [ 393347.425437749479897, 2726643.078036130405962 ], [ 393338.590555665432476, 2726653.457588704768568 ], [ 393336.968189629376866, 2726656.430288280360401 ], [ 393333.540118481381796, 2726662.567128675524145 ], [ 393330.781384307076223, 2726667.876904765609652 ], [ 393328.99474020517664, 2726671.915652685798705 ], [ 393326.556430967524648, 2726677.59329287102446 ], [ 393323.322529281489551, 2726684.038392287213355 ], [ 393321.174870075483341, 2726688.709813964553177 ], [ 393314.250968108361121, 2726703.609834701288491 ], [ 393312.607990212272853, 2726717.081835713237524 ], [ 393310.432666634791531, 2726729.065782358404249 ], [ 393305.512815603462514, 2726741.297264443244785 ], [ 393305.752659567224327, 2726749.416263233404607 ], [ 393304.398441087105311, 2726758.944954787846655 ], [ 393296.741133315314073, 2726771.736105049494654 ], [ 393285.621047807566356, 2726783.353067463263869 ], [ 393278.781864269752987, 2726790.689207188785076 ], [ 393274.568775936088059, 2726795.218467666767538 ], [ 393260.212445374811068, 2726804.59374010656029 ], [ 393255.363682088383939, 2726808.636857379227877 ], [ 393248.491860649024602, 2726814.473924431018531 ], [ 393246.534017792844679, 2726816.391513905953616 ], [ 393233.72904973331606, 2726819.546023558825254 ], [ 393223.125341594801284, 2726823.339782556053251 ], [ 393211.818585961183999, 2726829.273841381072998 ], [ 393200.417920814070385, 2726833.77263608481735 ], [ 393197.520365788019262, 2726835.585714637301862 ], [ 393176.540370539878495, 2726847.855617836583406 ], [ 393164.731083063001279, 2726853.675638633780181 ], [ 393162.326369120273739, 2726855.165445141959935 ], [ 393155.980832323490176, 2726856.491524777840823 ], [ 393136.219877641182393, 2726864.484997901599854 ], [ 393120.789623225224204, 2726876.196040269453079 ], [ 393108.365362448908854, 2726882.467131878249347 ], [ 393099.719105154043064, 2726892.905093342997134 ], [ 393096.736243835301138, 2726896.532477617263794 ], [ 393091.50638997531496, 2726906.0207982910797 ], [ 393088.634611827554181, 2726920.457112237811089 ], [ 393088.78229816025123, 2726930.078046740964055 ], [ 393089.591952947084792, 2726944.246618147473782 ], [ 393090.34175353939645, 2726958.541674986481667 ], [ 393083.781111097661778, 2726967.184088171925396 ], [ 393075.856872946489602, 2726973.481616132427007 ], [ 393067.378772417490836, 2726980.166246699634939 ], [ 393054.853325594216585, 2726993.25126273650676 ], [ 393043.587774272018578, 2727003.934006383642554 ], [ 393040.19482955604326, 2727008.820268712937832 ], [ 393031.918682750721928, 2727024.749803906772286 ], [ 393028.870914776925929, 2727031.128213542979211 ], [ 393026.040363603737205, 2727038.876939515117556 ], [ 393026.07925497519318, 2727046.375339468475431 ], [ 393025.757974292966537, 2727051.694443749729544 ], [ 393025.999932174105197, 2727054.188825552817434 ], [ 393025.597505817830097, 2727061.509448003955185 ], [ 393025.242409203900024, 2727068.14166375529021 ], [ 393025.47658826794941, 2727073.136114970315248 ], [ 393026.130490112525877, 2727080.183710993733257 ], [ 393024.856260110682342, 2727087.648475553840399 ], [ 393023.736641012597829, 2727093.609718909021467 ], [ 393022.824800072121434, 2727100.504250377882272 ], [ 393015.090215636009816, 2727101.173205151688308 ], [ 393005.507422303664498, 2727103.069908342789859 ], [ 393003.006046479335055, 2727102.999575519002974 ], [ 392995.179288825253025, 2727105.170253694057465 ], [ 392986.145200398459565, 2727106.430074330419302 ], [ 392983.776943839911837, 2727106.731811122968793 ], [ 392974.347750461718533, 2727109.937546903267503 ], [ 392972.361162947840057, 2727110.543545895256102 ], [ 392967.329259299789555, 2727114.778107198420912 ], [ 392961.459825775120407, 2727123.593115338589996 ], [ 392954.80003500636667, 2727130.550529834348708 ], [ 392952.795657803653739, 2727130.344373143278062 ], [ 392945.77881165855797, 2727126.68545120023191 ], [ 392941.418323368532583, 2727124.468423025682569 ], [ 392927.611436446022708, 2727104.646911527961493 ], [ 392926.098293758230284, 2727101.18014968931675 ], [ 392921.924521348380949, 2727093.209616008214653 ], [ 392916.903202836634591, 2727083.632761066313833 ], [ 392906.143437766644638, 2727063.119570845272392 ], [ 392903.316475479630753, 2727053.869777154643089 ], [ 392899.889220485521946, 2727042.883074442856014 ], [ 392899.259516372170765, 2727034.08523264573887 ], [ 392895.638281422143336, 2727025.665041926782578 ], [ 392893.434959502308629, 2727019.213777914643288 ], [ 392892.070136120368261, 2727016.806235105264932 ], [ 392886.676743538118899, 2727007.362379638012499 ], [ 392881.542729323147796, 2726998.35041577834636 ], [ 392877.50610114086885, 2726990.939304366242141 ], [ 392865.893493099138141, 2726982.881161652039737 ], [ 392852.637764853076078, 2726973.984307557810098 ], [ 392842.733964364277199, 2726969.763524121139199 ], [ 392834.789722689194605, 2726966.562304594088346 ], [ 392831.704427994671278, 2726965.504915999248624 ], [ 392818.447882394131739, 2726962.294834825210273 ], [ 392811.720535446656868, 2726960.441946167498827 ], [ 392807.836797843046952, 2726960.026825214270502 ], [ 392795.372230875771493, 2726958.736801010556519 ], [ 392788.469602385594044, 2726957.450283443555236 ], [ 392781.508816444431432, 2726956.352480091620237 ], [ 392764.626924207841512, 2726955.971426524221897 ], [ 392750.87248420517426, 2726955.709560428280383 ], [ 392734.642820592387579, 2726959.438811464700848 ], [ 392724.477776352781802, 2726963.285501546226442 ], [ 392699.137903080903925, 2726967.651452616788447 ], [ 392695.277338847983629, 2726968.298093909863383 ], [ 392693.04637059813831, 2726969.159397959243506 ], [ 392680.024092898529489, 2726970.943786616437137 ], [ 392676.026323745085392, 2726971.03102500597015 ], [ 392662.972750438959338, 2726974.253662922885269 ], [ 392653.089964310347568, 2726976.719260991550982 ], [ 392650.165246588527225, 2726977.283160435967147 ], [ 392639.705222492746543, 2726979.074042938649654 ], [ 392628.404832818428986, 2726982.445630600675941 ], [ 392625.523246986442246, 2726982.133782482240349 ], [ 392613.628008229250554, 2726984.018387007061392 ], [ 392598.917802513518836, 2726985.777245627250522 ], [ 392595.365343416284304, 2726986.229838851839304 ], [ 392590.330255668784957, 2726987.46465912880376 ], [ 392580.323913714266382, 2726989.995716974139214 ], [ 392569.8424722768832, 2726993.66191114904359 ], [ 392559.25212416931754, 2726995.205688549671322 ], [ 392555.889962916087825, 2726995.779080694075674 ], [ 392544.262299585156143, 2726998.470429826527834 ], [ 392526.610021934844553, 2727005.730547777377069 ], [ 392517.384306483669207, 2727006.806992099154741 ], [ 392507.410363190167118, 2727007.962430445477366 ], [ 392492.913547574426048, 2727013.778578571975231 ], [ 392478.782202790956944, 2727019.149498351383954 ], [ 392462.396624148881529, 2727024.319712310563773 ], [ 392450.860104658058845, 2727028.32129630073905 ], [ 392439.230989905947354, 2727030.950287886429578 ], [ 392424.348560916434508, 2727036.274917930364609 ], [ 392412.875791505444795, 2727040.337946081534028 ], [ 392407.358778536436148, 2727042.39572804607451 ], [ 392398.059999431017786, 2727045.848579922690988 ], [ 392385.712751133251004, 2727049.930472694803029 ], [ 392366.670109701983165, 2727059.345986871048808 ], [ 392358.234986879280768, 2727062.27988236118108 ], [ 392351.411530138575472, 2727064.616356966551393 ], [ 392340.308234835451003, 2727068.421102027408779 ], [ 392326.472944859066047, 2727075.910277985967696 ], [ 392317.699468637583777, 2727077.664310418535024 ], [ 392313.405888644512743, 2727078.508103951346129 ], [ 392307.827763906680048, 2727080.629855892155319 ], [ 392301.808109761215746, 2727082.573745988309383 ], [ 392299.520124029717408, 2727083.686278405599296 ], [ 392291.421805330901407, 2727087.737767684273422 ], [ 392279.69658338278532, 2727091.681270707864314 ], [ 392276.237969250360038, 2727093.569109130185097 ], [ 392269.784071858448442, 2727095.647388060577214 ], [ 392262.031888597761281, 2727098.379038813058287 ], [ 392257.385324752191082, 2727100.230576235800982 ], [ 392235.823178224498406, 2727105.888598929159343 ], [ 392232.857681608758867, 2727107.453353751916438 ], [ 392220.067704798537306, 2727111.294976233039051 ], [ 392214.998746939818375, 2727113.842942567542195 ], [ 392210.239478893112391, 2727116.259493632707745 ], [ 392197.771252339647617, 2727120.531424241606146 ], [ 392186.712975854286924, 2727126.39764365227893 ], [ 392173.762825063546188, 2727131.492720482870936 ], [ 392170.973782308516093, 2727132.553569669835269 ], [ 392159.069291526917368, 2727136.875758435111493 ], [ 392146.432828963035718, 2727142.02656744979322 ], [ 392129.05581049376633, 2727147.593256013933569 ], [ 392126.022417638450861, 2727148.909501268062741 ], [ 392119.051199117559008, 2727153.061538787558675 ], [ 392114.237695580290165, 2727155.853963037487119 ], [ 392102.943093073845375, 2727162.350219545885921 ], [ 392082.384796537284274, 2727171.048777102027088 ], [ 392080.538168096798472, 2727172.338873428758234 ], [ 392071.492340403376147, 2727178.786132394336164 ], [ 392066.399440440232866, 2727185.959401458501816 ], [ 392064.337068571592681, 2727188.816635206807405 ], [ 392056.831154834013432, 2727197.105003024451435 ], [ 392054.451134517439641, 2727199.719410529360175 ], [ 392043.081410264538135, 2727214.216580771375448 ], [ 392032.818453309359029, 2727230.751910713035613 ], [ 392021.46243686764501, 2727245.873805542476475 ], [ 392014.889333538420033, 2727251.0796242733486 ], [ 392002.733830708311871, 2727258.219650646671653 ], [ 391989.189413390355185, 2727267.577476405538619 ], [ 391979.513460736838169, 2727273.78838972048834 ], [ 391967.034938871976919, 2727283.310158310458064 ], [ 391959.364781247393694, 2727289.7898811083287 ], [ 391945.782127458485775, 2727297.398534628562629 ], [ 391936.526896025519818, 2727302.850388823077083 ], [ 391928.710347319021821, 2727311.207915920298547 ], [ 391918.704523594700731, 2727319.488454543985426 ], [ 391909.542269624245819, 2727329.187810249160975 ], [ 391900.545787888811901, 2727340.758544343523681 ], [ 391897.773369528935291, 2727356.880236192140728 ], [ 391889.395766158238985, 2727365.312806909438223 ], [ 391887.816081287688576, 2727373.096696833148599 ], [ 391879.631888466945384, 2727387.524383657611907 ], [ 391871.977503578411415, 2727400.440632836893201 ], [ 391867.284335410338826, 2727411.604815431404859 ], [ 391860.654425860033371, 2727419.936541066039354 ], [ 391850.123638935911004, 2727432.790581899229437 ], [ 391848.46177538507618, 2727433.95180894061923 ], [ 391845.93870511977002, 2727435.756732102949172 ], [ 391835.790712044923566, 2727446.102691435720772 ], [ 391826.611823896644637, 2727452.177846477832645 ], [ 391824.455482436984312, 2727453.599960189312696 ], [ 391817.46245073893806, 2727456.752323009539396 ], [ 391819.15140570193762, 2727465.402367396745831 ], [ 391815.234818163851742, 2727474.924520901869982 ], [ 391815.937269776652101, 2727478.471572628244758 ], [ 391819.640049532812554, 2727487.764747904147953 ], [ 391821.013622184749693, 2727493.421874647960067 ], [ 391823.621290040435269, 2727498.364404774736613 ], [ 391831.750589045346715, 2727515.747884557116777 ], [ 391832.611903016222641, 2727517.97885018074885 ], [ 391836.514333867933601, 2727527.830391217023134 ], [ 391842.589763252297416, 2727539.884195236023515 ], [ 391846.420271652459633, 2727549.29963940102607 ], [ 391848.385635667364113, 2727553.443733545951545 ], [ 391857.483601625601295, 2727575.118171766865999 ], [ 391863.420874240691774, 2727589.424793981015682 ], [ 391867.228324033669196, 2727600.653283524792641 ], [ 391868.630184555542655, 2727604.747169312089682 ], [ 391872.366807336336933, 2727612.727458312641829 ], [ 391875.249826488201506, 2727624.538563683629036 ], [ 391877.930278793908656, 2727635.666522703133523 ], [ 391883.785923760500737, 2727649.100026481319219 ], [ 391886.35077063011704, 2727657.793207686860114 ], [ 391890.644788041128777, 2727671.260792347602546 ], [ 391891.59604949504137, 2727677.614350848365575 ], [ 391894.214049534406513, 2727688.743795299436897 ], [ 391899.493318641325459, 2727710.126704994123429 ], [ 391902.941282326588407, 2727722.050475344993174 ], [ 391903.219754834775813, 2727734.793263810221106 ], [ 391907.242468225886114, 2727750.141495351679623 ], [ 391906.448811647598632, 2727756.720813668798655 ], [ 391906.553937832824886, 2727761.53077734215185 ], [ 391906.796901657420676, 2727772.64957668678835 ], [ 391907.076769593637437, 2727785.45492469612509 ], [ 391906.882104623946361, 2727793.708334618713707 ], [ 391906.756453389185481, 2727799.398285060189664 ], [ 391905.217612727021333, 2727809.056184557266533 ], [ 391903.67757766682189, 2727818.65130250621587 ], [ 391893.353420483879745, 2727832.376042764633894 ], [ 391892.111990414210595, 2727841.339819595217705 ], [ 391891.033220217796043, 2727849.175411230884492 ], [ 391890.710397665912751, 2727851.557123707607388 ], [ 391891.102261529595125, 2727858.048038168344647 ], [ 391889.82631657877937, 2727862.575723547954112 ], [ 391888.528424742689822, 2727866.103682207874954 ], [ 391886.822243604750838, 2727870.952991029713303 ], [ 391884.582304843701422, 2727877.126398488413543 ], [ 391882.775601584813558, 2727883.103077846579254 ], [ 391876.992619506723713, 2727887.291750114411116 ], [ 391870.39483677293174, 2727891.373033558018506 ], [ 391857.70001648622565, 2727896.712530167773366 ], [ 391853.216536289372016, 2727900.310251194518059 ], [ 391848.485926118330099, 2727904.038359381258488 ], [ 391846.151837450976018, 2727905.901728142984211 ], [ 391842.210630076704547, 2727914.299702647142112 ], [ 391837.731148197199218, 2727918.084775088820606 ], [ 391834.10284497361863, 2727917.914129163138568 ], [ 391826.849805002275389, 2727914.885524378623813 ], [ 391825.301264452631585, 2727912.669544661417603 ], [ 391822.760187238454819, 2727907.912877065129578 ], [ 391819.892981905082706, 2727902.538478170055896 ], [ 391817.787622948002536, 2727897.709868730045855 ], [ 391816.240355968009681, 2727892.681673960760236 ], [ 391811.186092239746358, 2727881.605431411415339 ], [ 391807.111524115258362, 2727875.31994165526703 ], [ 391804.290050958865322, 2727866.320019546896219 ], [ 391798.12614009185927, 2727853.080753885675222 ], [ 391794.788764376426116, 2727846.216652848757803 ], [ 391791.107900635513943, 2727837.922767926938832 ], [ 391786.336684711626731, 2727831.215131002478302 ], [ 391783.361918314592913, 2727823.780761303380132 ], [ 391781.504636231402401, 2727816.009556550532579 ], [ 391778.751155785110313, 2727807.257948774378747 ], [ 391776.473110561666545, 2727800.245731875766069 ], [ 391771.665056063269731, 2727791.85154996579513 ], [ 391769.378288482897915, 2727781.589761358685791 ], [ 391767.195396422350314, 2727776.075488699134439 ], [ 391763.551087890344206, 2727766.593385998625308 ], [ 391762.685886706400197, 2727764.174966655671597 ], [ 391760.771773474756628, 2727759.529594189953059 ], [ 391758.541512140305713, 2727754.703848352190107 ], [ 391756.045054702204652, 2727749.133769319858402 ], [ 391754.814436420972925, 2727747.160836804192513 ], [ 391749.824443838733714, 2727739.020572930574417 ], [ 391744.707746129424777, 2727727.945724135264754 ], [ 391740.881402636412531, 2727718.717649640981108 ], [ 391739.843868003692478, 2727716.990502828732133 ], [ 391735.16741313127568, 2727708.905829915776849 ], [ 391733.359730721276719, 2727706.258098498918116 ], [ 391726.064960017625708, 2727695.605768720153719 ], [ 391714.76773065677844, 2727679.103963477537036 ], [ 391708.899998284119647, 2727667.983151924330741 ], [ 391700.572184359654784, 2727658.665918389800936 ], [ 391699.410971540957689, 2727657.00396920228377 ], [ 391689.390973752713762, 2727647.473683922085911 ], [ 391679.607219267694745, 2727637.313318886328489 ], [ 391666.419788170256652, 2727622.977577893994749 ], [ 391654.563487600476947, 2727609.487843998707831 ], [ 391648.371695548645221, 2727600.686435662209988 ], [ 391639.803249724383932, 2727591.811869076453149 ], [ 391630.920036714640446, 2727582.819163232576102 ], [ 391623.612011963617988, 2727574.417171939276159 ], [ 391621.703881750639994, 2727572.896382352337241 ], [ 391613.559418893943075, 2727566.262508327607065 ], [ 391605.313081734580919, 2727557.818343092687428 ], [ 391591.929652056132909, 2727548.798972730059177 ], [ 391583.88287017744733, 2727540.91295738145709 ], [ 391574.905871797294822, 2727533.359789228066802 ], [ 391565.591967940446921, 2727521.814202904701233 ], [ 391557.35785828565713, 2727513.93243222637102 ], [ 391544.51123820792418, 2727498.026793013326824 ], [ 391538.119644994207192, 2727488.667183361481875 ], [ 391532.244087355677038, 2727480.046412080526352 ], [ 391523.042695938143879, 2727467.935848813038319 ], [ 391511.120816666458268, 2727451.447708869818598 ], [ 391496.930359224788845, 2727428.384651377331465 ], [ 391493.895318248018157, 2727423.56144606275484 ], [ 391493.895318248018157, 2730527.296354989055544 ] ] ] } },
{ "type": "Feature", "properties": { "area_km2": 99.996770832120362, "block_id": "SYL-B021", "loss_pixels": 19.372549019607845, "plantation_ha": 0.0, "split": "train" }, "geometry": { "type": "Polygon", "coordinates": [ [ [ 401493.895318248018157, 2730527.296354989055544 ], [ 391493.895318248018157, 2730527.296354989055544 ], [ 391493.895318248018157, 2740527.296354989055544 ], [ 401493.895318248018157, 2740527.296354989055544 ], [ 401493.895318248018157, 2731792.336515799164772 ], [ 401492.78847499465337, 2731792.193525266367942 ], [ 401468.397424997820053, 2731791.290045104455203 ], [ 401466.34414033027133, 2731788.835346983745694 ], [ 401448.621900052239653, 2731772.850663957186043 ], [ 401442.965287344763055, 2731765.663177105598152 ], [ 401442.765731569728814, 2731756.543923693709075 ], [ 401446.470336711267009, 2731748.776309537235647 ], [ 401453.940506180399098, 2731736.052233897615224 ], [ 401461.821675797982607, 2731727.818525327835232 ], [ 401471.990995182131883, 2731712.785844278056175 ], [ 401479.686688992427662, 2731707.493061911314726 ], [ 401493.895318248018157, 2731704.348440821282566 ], [ 401493.895318248018157, 2730527.296354989055544 ] ] ] } },
{ "type": "Feature", "properties": { "area_km2": 100.0, "block_id": "SYL-B022", "loss_pixels": 138.76470588235293, "plantation_ha": 0.0, "split": "train" }, "geometry": { "type": "Polygon", "coordinates": [ [ [ 391493.895318248018157, 2740527.296354989055544 ], [ 391493.895318248018157, 2750527.296354989055544 ], [ 401493.895318248018157, 2750527.296354989055544 ], [ 401493.895318248018157, 2740527.296354989055544 ], [ 391493.895318248018157, 2740527.296354989055544 ] ] ] } },
{ "type": "Feature", "properties": { "area_km2": 100.0, "block_id": "SYL-B023", "loss_pixels": 601.81568627450974, "plantation_ha": 2.71446157409583, "split": "train" }, "geometry": { "type": "Polygon", "coordinates": [ [ [ 391493.895318248018157, 2750527.296354989055544 ], [ 391493.895318248018157, 2760527.296354989055544 ], [ 401493.895318248018157, 2760527.296354989055544 ], [ 401493.895318248018157, 2750527.296354989055544 ], [ 391493.895318248018157, 2750527.296354989055544 ] ] ] } },
{ "type": "Feature", "properties": { "area_km2": 100.0, "block_id": "SYL-B024", "loss_pixels": 798.77254901960782, "plantation_ha": 718.24022506512131, "split": "train" }, "geometry": { "type": "Polygon", "coordinates": [ [ [ 391493.895318248018157, 2760527.296354989055544 ], [ 391493.895318248018157, 2770527.296354989055544 ], [ 401493.895318248018157, 2770527.296354989055544 ], [ 401493.895318248018157, 2760527.296354989055544 ], [ 391493.895318248018157, 2760527.296354989055544 ] ] ] } },
{ "type": "Feature", "properties": { "area_km2": 100.0, "block_id": "SYL-B025", "loss_pixels": 202.0, "plantation_ha": 0.0, "split": "train" }, "geometry": { "type": "Polygon", "coordinates": [ [ [ 391493.895318248018157, 2770527.296354989055544 ], [ 391493.895318248018157, 2780527.296354989055544 ], [ 401493.895318248018157, 2780527.296354989055544 ], [ 401493.895318248018157, 2770527.296354989055544 ], [ 391493.895318248018157, 2770527.296354989055544 ] ] ] } },
{ "type": "Feature", "properties": { "area_km2": 46.533910905167019, "block_id": "SYL-B026", "loss_pixels": 277.83921568627454, "plantation_ha": 0.0, "split": "train" }, "geometry": { "type": "Polygon", "coordinates": [ [ [ 401493.895318248018157, 2780527.296354989055544 ], [ 391493.895318248018157, 2780527.296354989055544 ], [ 391493.895318248018157, 2785380.138495529070497 ], [ 391510.129128326312639, 2785378.216101745143533 ], [ 391613.013346021587495, 2785365.987808373291045 ], [ 391698.107059675152414, 2785341.423004178795964 ], [ 391769.331480886670761, 2785317.965244490187615 ], [ 391839.556789326539729, 2785322.471658366266638 ], [ 391909.78223491483368, 2785326.978210896719247 ], [ 391956.28380239114631, 2785332.667342275381088 ], [ 392108.154531821841374, 2785335.762274222448468 ], [ 392241.314439732756, 2785337.991133615374565 ], [ 392276.269652833347209, 2785440.908348960336298 ], [ 392340.770766770176124, 2785405.836309935897589 ], [ 392430.909392225032207, 2785356.495099731720984 ], [ 392464.971017621108331, 2785367.342348675243556 ], [ 392528.577348810154945, 2785241.328222461044788 ], [ 392535.170637268573046, 2785228.265804767608643 ], [ 392578.01783249824075, 2785132.160338361281902 ], [ 392581.027430996648036, 2785125.409970856271684 ], [ 392607.635493693815079, 2785104.583930653054267 ], [ 392617.426111675333232, 2785104.587406522594392 ], [ 392618.615747808245942, 2785103.290296449325979 ], [ 392633.709819311334286, 2785104.585805564653128 ], [ 392659.49377636454301, 2785110.025771001819521 ], [ 392713.709203404723667, 2785125.311386985704303 ], [ 392745.166277485608589, 2785136.34031141968444 ], [ 392835.346054856665432, 2785150.483197327703238 ], [ 392928.623580848274287, 2785158.313048442360014 ], [ 392965.595184140547644, 2785153.613275188021362 ], [ 393241.713789316010661, 2785106.104403023608029 ], [ 393343.210734339430928, 2785096.703055200632662 ], [ 393389.010239425522741, 2785089.122119264211506 ], [ 393443.436711751332041, 2785078.661977730225772 ], [ 393549.176306637818925, 2785071.843016016297042 ], [ 393576.348704875912517, 2785074.658120472449809 ], [ 393646.923828390194103, 2785072.122587393969297 ], [ 393708.96240483422298, 2785057.583192418795079 ], [ 393727.199294598773122, 2785048.799522682093084 ], [ 393763.268681886140257, 2785031.332000080961734 ], [ 393787.404583485098556, 2785048.558730044867843 ], [ 393897.343952090013772, 2784984.38929675752297 ], [ 394048.123733475455083, 2785003.180301499553025 ], [ 394184.150711375288665, 2785012.426838556770235 ], [ 394395.000528554315679, 2785034.785113211255521 ], [ 394511.293904723890591, 2785038.149861735291779 ], [ 394744.173607594508212, 2785035.61596439126879 ], [ 394930.504500623675995, 2785020.958723544608802 ], [ 395003.991207085375208, 2785004.323583996389061 ], [ 395054.021426309365779, 2784997.717093607410789 ], [ 395205.966073379444424, 2784956.766922082751989 ], [ 395405.949061380466446, 2784911.839488374069333 ], [ 395464.914605799946003, 2784890.628143527545035 ], [ 395498.909165407647379, 2784880.784834373276681 ], [ 395639.481904852902517, 2784879.338370702695101 ], [ 395807.550433108059224, 2784897.19703367119655 ], [ 395857.419803216936998, 2784896.02270747628063 ], [ 395879.306469471310265, 2784891.2345224278979 ], [ 395902.179232819005847, 2784883.823464533314109 ], [ 395939.863848858978599, 2784866.851392418611795 ], [ 396082.864121240796521, 2784840.246409142855555 ], [ 396118.810696249129251, 2784832.941059378441423 ], [ 396162.013479986053426, 2784827.79283055709675 ], [ 396217.315564257383812, 2784826.980511742644012 ], [ 396303.425792635825928, 2784790.548511920496821 ], [ 396345.169411447306629, 2784774.538786138407886 ], [ 396381.385874363826588, 2784761.968511162791401 ], [ 396406.591060505597852, 2784748.545778739266098 ], [ 396441.013072376605123, 2784725.563115128315985 ], [ 396548.100931924476754, 2784683.73922278219834 ], [ 396659.30006773408968, 2784626.801440129987895 ], [ 396746.403806723770685, 2784602.221027600578964 ], [ 396811.796573796425946, 2784579.009524613618851 ], [ 396848.478736943099648, 2784562.445939202792943 ], [ 396894.146373072057031, 2784537.168026688043028 ], [ 397000.992353956040461, 2784452.698185737710446 ], [ 397004.647354402695782, 2784450.062425165437162 ], [ 397037.969253611168824, 2784417.028395514469594 ], [ 397038.65686542209005, 2784416.026439941488206 ], [ 397070.701563859474845, 2784397.888379473239183 ], [ 397103.787302380893379, 2784384.569714993238449 ], [ 397167.635713605501223, 2784370.017645193263888 ], [ 397263.284533911501057, 2784358.647505627479404 ], [ 397337.344757937127724, 2784365.137632120400667 ], [ 397439.815316374180838, 2784378.655760708730668 ], [ 397501.177405980066396, 2784381.41824268642813 ], [ 397544.660234938259237, 2784386.928619503509253 ], [ 397566.49121814937098, 2784397.64147104555741 ], [ 397596.028116974746808, 2784411.021961544640362 ], [ 397655.787708462681621, 2784438.38951145298779 ], [ 397711.295679688686505, 2784465.329527877736837 ], [ 397749.46067610825412, 2784476.313618389423937 ], [ 397919.69164073705906, 2784595.923259402159601 ], [ 398015.906030996353365, 2784660.773477990645915 ], [ 398172.94944788236171, 2784819.095818862318993 ], [ 398263.338288211147301, 2784911.945210203994066 ], [ 398505.64948376675602, 2785204.786028624046594 ], [ 398505.341543997928966, 2785218.816394767723978 ], [ 398551.865295488387346, 2785262.963758823927492 ], [ 398650.028597874741536, 2785346.503390855621547 ], [ 398706.077622881159186, 2785392.143316246103495 ], [ 398725.503467055386864, 2785408.089487925171852 ], [ 398810.838695110811386, 2785470.40547167416662 ], [ 398837.997803543985356, 2785488.912765639368445 ], [ 398868.378868285741191, 2785515.048362692352384 ], [ 398940.216088839399163, 2785576.847210940439254 ], [ 398988.238934627792332, 2785624.960568741895258 ], [ 399084.203516382491216, 2785710.326390197500587 ], [ 399155.904400639701635, 2785751.224912979640067 ], [ 399200.350004072999582, 2785778.045525420922786 ], [ 399326.109348111029249, 2785840.263061687815934 ], [ 399349.321321086841635, 2785851.16497361799702 ], [ 399390.148912129807286, 2785870.629996290430427 ], [ 399441.08141703432193, 2785894.912748199887574 ], [ 399442.284448529826477, 2785895.334972756914794 ], [ 399487.661214627500158, 2785911.260156601201743 ], [ 399533.576013691083062, 2785925.868361770641059 ], [ 399584.023948468093295, 2785941.918879276607186 ], [ 399704.58312808937626, 2785953.894430608954281 ], [ 399729.256279280642048, 2785954.190895195119083 ], [ 399885.533665219205432, 2785956.067853491287678 ], [ 399963.244948422478046, 2785957.001354483887553 ], [ 400070.081199473817833, 2785953.400533949956298 ], [ 400160.084367549919989, 2785945.319321426562965 ], [ 400180.0226735296892, 2785943.529968441464007 ], [ 400357.644898614555132, 2785969.892735318746418 ], [ 400429.081010169989895, 2785980.495225321967155 ], [ 400454.37639218266122, 2785978.016861138865352 ], [ 400944.373604022781365, 2785930.008811705745757 ], [ 400955.202072254323866, 2785925.70493656443432 ], [ 400998.772327974787913, 2785861.827540865633637 ], [ 401026.822059667378198, 2785739.138460135553032 ], [ 401057.155126297904644, 2785598.934140916913748 ], [ 401086.776695330860093, 2785552.457409313879907 ], [ 401235.838643755298108, 2785475.729507285170257 ], [ 401282.469870443397667, 2785451.838662106543779 ], [ 401336.216810142272152, 2785424.302257105242461 ], [ 401469.251609246886801, 2785355.939637267962098 ], [ 401493.895318248018157, 2785343.312709049321711 ], [ 401493.895318248018157, 2780527.296354989055544 ] ] ] } },
{ "type": "Feature", "properties": { "area_km2": 49.213570151714528, "block_id": "SYL-B027", "loss_pixels": 0.0, "plantation_ha": 0.0, "split": "train" }, "geometry": { "type": "MultiPolygon", "coordinates": [ [ [ [ 401493.895318248018157, 2740527.296354989055544 ], [ 411493.895318248018157, 2740527.296354989055544 ], [ 411493.895318248018157, 2738868.400481285527349 ], [ 411445.378272227884736, 2738902.344891148153692 ], [ 411408.847630875185132, 2738926.203827713150531 ], [ 411384.718433644506149, 2738942.854629931971431 ], [ 411374.378042868396733, 2738950.017321818508208 ], [ 411351.159611692535691, 2738965.460951830726117 ], [ 411349.718264313181862, 2738968.11705316696316 ], [ 411328.865582241036464, 2738986.008151310961694 ], [ 411302.183115356485359, 2739005.901832692325115 ], [ 411281.372901416616514, 2739025.728991091717035 ], [ 411254.034106026112568, 2739049.886192118283361 ], [ 411232.029050413053483, 2739069.364632857963443 ], [ 411222.481653825845569, 2739084.195954563096166 ], [ 411205.754208414524328, 2739104.995884275529534 ], [ 411182.390583998290822, 2739133.752361437305808 ], [ 411160.860406029503793, 2739157.781982886604965 ], [ 411139.617679001239594, 2739180.680707620456815 ], [ 411137.892076533404179, 2739181.780796075705439 ], [ 411122.7469827135792, 2739197.797188752796501 ], [ 411112.960926026687957, 2739207.44725054781884 ], [ 411101.173543402226642, 2739217.016280489973724 ], [ 411088.419714402756654, 2739228.10632325289771 ], [ 411086.837040130572859, 2739230.01554938685149 ], [ 411080.631105241540354, 2739237.650103286840022 ], [ 411071.567101526190527, 2739246.034799224697053 ], [ 411054.128421168017667, 2739260.039404774550349 ], [ 411035.76037666911725, 2739271.564936981070787 ], [ 411031.056209640053567, 2739273.605324480682611 ], [ 411019.358880308456719, 2739278.735904551111162 ], [ 411001.929884776705876, 2739287.491525472141802 ], [ 410991.736401394824497, 2739289.964809981174767 ], [ 410978.807190251827706, 2739293.06023495644331 ], [ 410962.743659226980526, 2739292.850496114231646 ], [ 410950.742337078903802, 2739292.676295129116625 ], [ 410929.740781051397789, 2739292.387326801195741 ], [ 410912.676578811253421, 2739292.136806872673333 ], [ 410895.676167392171919, 2739291.947578108403832 ], [ 410879.546795291593298, 2739288.739900034386665 ], [ 410852.014957380306441, 2739278.471326982602477 ], [ 410836.287593707675114, 2739276.504475972615182 ], [ 410828.614712113281712, 2739274.235871667042375 ], [ 410802.009317570424173, 2739266.321586417965591 ], [ 410789.901206322712824, 2739261.275949681643397 ], [ 410771.740228486247361, 2739256.613002208061516 ], [ 410725.507423863047734, 2739262.62651478825137 ], [ 410691.90931925480254, 2739266.36296348599717 ], [ 410677.946535237133503, 2739267.919218505732715 ], [ 410656.152999623562209, 2739260.024181018117815 ], [ 410619.592727841692977, 2739239.831008452456445 ], [ 410616.056928254081868, 2739238.159014032687992 ], [ 410585.782023636507802, 2739219.639971206896007 ], [ 410573.470176317729056, 2739213.848907077684999 ], [ 410569.113951093517244, 2739211.820005046669394 ], [ 410564.385984052787535, 2739209.924179984722286 ], [ 410551.785792196751572, 2739202.389873872511089 ], [ 410547.28974256280344, 2739199.676634062081575 ], [ 410538.048639421118423, 2739191.443666459526867 ], [ 410531.188091642048676, 2739186.345365007873625 ], [ 410526.869866875291336, 2739183.190906745847315 ], [ 410513.655558271449991, 2739173.295679233502597 ], [ 410499.011589522589929, 2739163.744147030636668 ], [ 410482.367149710364174, 2739151.299473050050437 ], [ 410473.948822210775688, 2739143.548468601424247 ], [ 410440.242159671266563, 2739113.857186503242701 ], [ 410435.259356739057694, 2739108.905124936252832 ], [ 410418.715871775348205, 2739092.521791790146381 ], [ 410404.429719934123568, 2739079.338143785949796 ], [ 410388.618443405663129, 2739065.000753900501877 ], [ 410378.50079817569349, 2739053.850185043178499 ], [ 410332.983856279286556, 2739001.360468179453164 ], [ 410324.107896028319374, 2738986.995787630788982 ], [ 410305.612976570322644, 2738961.407261872198433 ], [ 410290.115057582850568, 2738938.564897865988314 ], [ 410283.861406994226854, 2738926.954680279828608 ], [ 410274.478020413429476, 2738912.226223332807422 ], [ 410268.227076348091941, 2738900.740796867292374 ], [ 410262.450718078296632, 2738890.932194929104298 ], [ 410234.70681785105262, 2738859.610164385754615 ], [ 410179.850825391709805, 2738805.8257693676278 ], [ 410178.255103760689963, 2738804.298530269414186 ], [ 410170.426350423018448, 2738797.784140769857913 ], [ 410146.684799503302202, 2738792.243756920099258 ], [ 410145.264025415584911, 2738775.903568079229444 ], [ 410131.489209585997742, 2738760.396782552823424 ], [ 410107.269486115023028, 2738733.059051484800875 ], [ 410103.169565101561602, 2738728.462481920607388 ], [ 410096.336710038478486, 2738718.926916013937443 ], [ 410078.356357226148248, 2738694.014265951234847 ], [ 410071.80639798915945, 2738685.972283686045557 ], [ 410046.440006269782316, 2738654.78564236825332 ], [ 410028.051869664108381, 2738634.068594503682107 ], [ 410026.370342486014124, 2738631.481055904645473 ], [ 410009.806963776412886, 2738617.0351267834194 ], [ 409998.3400120724109, 2738607.038854644168168 ], [ 409978.922257230384275, 2738590.655783392488956 ], [ 409961.635327450174373, 2738577.412918960675597 ], [ 409949.040087690576911, 2738567.253936323802918 ], [ 409947.566542929271236, 2738565.599131333641708 ], [ 409916.929138838255312, 2738547.650377789046615 ], [ 409895.579946394427679, 2738534.371593589894474 ], [ 409875.292301573150326, 2738521.069534781388938 ], [ 409855.980043661547825, 2738509.495754926931113 ], [ 409845.101368403644301, 2738500.673916279803962 ], [ 409810.307522773917299, 2738481.254079764708877 ], [ 409796.093921866442543, 2738471.380524834152311 ], [ 409784.88831236603437, 2738464.752599467989057 ], [ 409775.78089304396417, 2738459.766093730460852 ], [ 409747.25170945993159, 2738446.769795740488917 ], [ 409730.216682613652665, 2738436.45836239028722 ], [ 409709.796713630668819, 2738419.972228753380477 ], [ 409699.618763627833687, 2738411.759859588462859 ], [ 409684.370677978498861, 2738403.158687658142298 ], [ 409647.793136466410942, 2738385.027595242019743 ], [ 409643.97904871328501, 2738384.923831051215529 ], [ 409635.353274963039439, 2738384.800561391748488 ], [ 409628.978505823644809, 2738384.752953031100333 ], [ 409615.914119655964896, 2738384.539761851541698 ], [ 409588.126530450885184, 2738393.959944131784141 ], [ 409557.706830586306751, 2738377.380813858471811 ], [ 409538.458567456633318, 2738374.428924651816487 ], [ 409521.944732884003315, 2738370.791754512116313 ], [ 409491.930016010184772, 2738364.139377052430063 ], [ 409481.318868140340783, 2738361.810103709809482 ], [ 409435.074344764347188, 2738353.07664506835863 ], [ 409421.84660086146323, 2738351.117140017915517 ], [ 409407.958716751134489, 2738347.547734624240547 ], [ 409398.839947019587271, 2738347.747763929422945 ], [ 409392.579264251166023, 2738347.197760056704283 ], [ 409385.753595140820835, 2738346.535073832608759 ], [ 409370.936285238247365, 2738346.17291392153129 ], [ 409337.798446373897605, 2738345.275041128974408 ], [ 409300.729951790883206, 2738344.650963754858822 ], [ 409249.671126365836244, 2738344.333818106912076 ], [ 409246.545551349758171, 2738344.277471563778818 ], [ 409222.475045210274402, 2738343.68073160154745 ], [ 409211.64678973268019, 2738342.856032356154174 ], [ 409175.487123789614998, 2738338.087911182083189 ], [ 409140.315683544613421, 2738332.798014701809734 ], [ 409111.180174750159495, 2738329.188095675781369 ], [ 409065.996045755688101, 2738320.368826552294195 ], [ 409047.278325653984211, 2738315.96798976464197 ], [ 409041.625678195385262, 2738314.654589084908366 ], [ 409021.715781139093451, 2738310.029960286803544 ], [ 408979.272049166611396, 2738303.649906289763749 ], [ 408941.567364238668233, 2738299.665512305684388 ], [ 408936.369763968861662, 2738299.15467194840312 ], [ 408915.323138928390108, 2738299.678833108860999 ], [ 408900.565381313208491, 2738299.190208040177822 ], [ 408882.304589657869656, 2738298.528443859890103 ], [ 408860.249081043177284, 2738298.637419855687767 ], [ 408857.743952244636603, 2738298.37984711676836 ], [ 408835.307371982140467, 2738301.05907289031893 ], [ 408811.528733436891343, 2738308.079503765329719 ], [ 408806.042093713476788, 2738308.637142611201853 ], [ 408793.49010119761806, 2738311.849375674966723 ], [ 408755.736744260997511, 2738322.738134990911931 ], [ 408725.918201061489526, 2738333.57751916302368 ], [ 408700.164671666745562, 2738344.577951406594366 ], [ 408680.411491536244284, 2738355.633943508844823 ], [ 408655.063415709068067, 2738370.874522023834288 ], [ 408628.127834749291651, 2738390.64898422267288 ], [ 408611.280325407511555, 2738403.141105459537357 ], [ 408598.913302696426399, 2738414.785170740447938 ], [ 408593.0352946514613, 2738420.287977645173669 ], [ 408590.834743716695812, 2738422.523276237770915 ], [ 408572.223109440703411, 2738440.053210289217532 ], [ 408565.47176278999541, 2738451.323987524490803 ], [ 408561.899131986370776, 2738456.526195741724223 ], [ 408558.288746263540816, 2738462.854204262141138 ], [ 408550.932853784237523, 2738472.201133737806231 ], [ 408532.462367999251001, 2738496.164121284615248 ], [ 408517.853448460286018, 2738513.856145054101944 ], [ 408502.854915019706823, 2738530.869276349898428 ], [ 408486.668750991753768, 2738550.720326188486069 ], [ 408469.562195037957281, 2738571.341586316470057 ], [ 408467.165192168671638, 2738576.018116666004062 ], [ 408459.245059454347938, 2738588.127008478157222 ], [ 408457.127497776411474, 2738591.297857239842415 ], [ 408449.062380381918047, 2738605.346974974032491 ], [ 408447.323786283959635, 2738608.696928831283003 ], [ 408442.581504243134987, 2738617.549227721523494 ], [ 408441.446868085535243, 2738619.948699054308236 ], [ 408438.405434405896813, 2738626.576623544096947 ], [ 408436.744391053798608, 2738630.612093151547015 ], [ 408434.549820425105281, 2738635.971767354756594 ], [ 408430.073429314768873, 2738656.940691787283868 ], [ 408429.240112764877267, 2738658.833642998710275 ], [ 408428.231667729851324, 2738661.292743711266667 ], [ 408423.198300912452396, 2738673.963152011856437 ], [ 408419.791236713761464, 2738692.409124006982893 ], [ 408409.182312752003781, 2738710.138469088356942 ], [ 408408.169111626688391, 2738715.222115761134773 ], [ 408405.572970275534317, 2738727.901530175935477 ], [ 408398.244786976254545, 2738747.058620957192034 ], [ 408396.707640297943726, 2738753.903276851866394 ], [ 408392.425235265633091, 2738766.619776871055365 ], [ 408390.744478587061167, 2738781.153768192976713 ], [ 408386.386449044919573, 2738790.43509622476995 ], [ 408384.776827812427655, 2738793.96958279563114 ], [ 408380.517411606211681, 2738813.434145755134523 ], [ 408376.924328549299389, 2738831.94681396195665 ], [ 408375.741625229944475, 2738837.846515465527773 ], [ 408374.706457653432153, 2738841.93089266307652 ], [ 408367.514538080024067, 2738870.145550425630063 ], [ 408361.263389767729677, 2738904.213400278240442 ], [ 408356.166073531378061, 2738916.822695278562605 ], [ 408352.4341403208673, 2738926.1527115306817 ], [ 408346.802211577945855, 2738940.023659382015467 ], [ 408343.720108043460641, 2738947.652186390012503 ], [ 408342.72697238571709, 2738950.798218729905784 ], [ 408332.309869274205994, 2738982.957983540836722 ], [ 408324.354613804840483, 2739010.564462101086974 ], [ 408322.514361404580995, 2739014.978869069833308 ], [ 408317.85218830947997, 2739030.328192209359258 ], [ 408315.518457405036315, 2739037.877903198357671 ], [ 408309.943178118031938, 2739057.183787212707102 ], [ 408307.067382368491963, 2739077.055258443113416 ], [ 408304.726986356719863, 2739092.853632961865515 ], [ 408301.010668155387975, 2739105.74515277473256 ], [ 408301.295708028366789, 2739118.736271012574434 ], [ 408300.820746707380749, 2739139.804749885108322 ], [ 408299.068762778828386, 2739151.091150499414653 ], [ 408294.893317759793717, 2739162.992943070828915 ], [ 408293.423697200021707, 2739167.211769016925246 ], [ 408291.354028844158165, 2739178.25499130319804 ], [ 408290.742320812190883, 2739181.705246745143086 ], [ 408287.580871595069766, 2739185.711379937827587 ], [ 408282.29099936055718, 2739192.388482125941664 ], [ 408287.121774439001456, 2739204.655006892513484 ], [ 408291.489116698154248, 2739215.744460965041071 ], [ 408254.519720675423741, 2739222.492076557129622 ], [ 408233.79408234677976, 2739226.258635320700705 ], [ 408175.270862334116828, 2739218.982120996341109 ], [ 408089.302631582308095, 2739208.245929053518921 ], [ 408076.39794609171804, 2739206.779480983503163 ], [ 408033.489797990012448, 2739202.034689920488745 ], [ 407993.757380338676739, 2739202.469098246190697 ], [ 407972.262221914425027, 2739202.503282115329057 ], [ 407961.71390464657452, 2739203.047119801398367 ], [ 407939.280634520226158, 2739203.039316876791418 ], [ 407912.82189087534789, 2739204.682236668653786 ], [ 407890.270595817652065, 2739204.989577034953982 ], [ 407875.234778718207963, 2739206.069341175723821 ], [ 407872.989089341252111, 2739206.243656562175602 ], [ 407853.650456929171924, 2739207.73028673324734 ], [ 407835.266661818197463, 2739210.008234072476625 ], [ 407797.723989113932475, 2739216.268663683906198 ], [ 407793.988895590766333, 2739216.913044690620154 ], [ 407780.451886658847798, 2739217.959884553682059 ], [ 407757.658953145262785, 2739218.647449419368058 ], [ 407724.692966693721246, 2739222.74504483724013 ], [ 407695.840155424550176, 2739223.503162875771523 ], [ 407688.345285079150926, 2739223.667700243648142 ], [ 407650.472441230202094, 2739229.122784347739071 ], [ 407639.742118493071757, 2739229.920569829177111 ], [ 407583.654238078044727, 2739233.963224517647177 ], [ 407569.52145224850392, 2739236.335483979899436 ], [ 407501.3759232366574, 2739243.329662717413157 ], [ 407443.781601824332029, 2739264.15221689408645 ], [ 407402.09637433552416, 2739278.126881536561996 ], [ 407377.283166917215567, 2739286.419898114167154 ], [ 407369.280972895445302, 2739289.094924919772893 ], [ 407323.559937340207398, 2739301.408427019137889 ], [ 407292.743260368180927, 2739312.332696355879307 ], [ 407259.954629333398771, 2739321.67561565618962 ], [ 407256.411106396582909, 2739322.503129343967885 ], [ 407247.023689189692959, 2739324.708793766330928 ], [ 407231.029750905930996, 2739327.684352318756282 ], [ 407206.028658870782237, 2739327.420562499202788 ], [ 407202.092482286971062, 2739327.444321277551353 ], [ 407173.849023606977426, 2739327.501789937261492 ], [ 407159.032080092234537, 2739330.013838289771229 ], [ 407143.099109825270716, 2739332.925636452622712 ], [ 407132.171002530376427, 2739336.102280180435628 ], [ 407110.140986070618965, 2739337.398074879311025 ], [ 407086.174941233126447, 2739338.736371039878577 ], [ 407080.861981106339954, 2739338.665542609058321 ], [ 407073.172776216873899, 2739338.521762312855572 ], [ 407060.108131925051566, 2739338.308582404628396 ], [ 407047.105864053010009, 2739338.093998840078712 ], [ 407011.968337904836517, 2739334.365897656884044 ], [ 407006.409448735648766, 2739334.487777180969715 ], [ 407003.300431433133781, 2739335.180986446794122 ], [ 406999.133467717969324, 2739336.084740539081395 ], [ 406995.15163345990004, 2739345.420280722435564 ], [ 406994.912416534731165, 2739357.298252236098051 ], [ 407000.352987773891073, 2739377.424874384887516 ], [ 406988.479515641229227, 2739385.934117678087205 ], [ 406975.619877247838303, 2739392.214952177368104 ], [ 406968.942961746011861, 2739395.485937390476465 ], [ 406965.728132715565152, 2739397.056370515841991 ], [ 406953.908787282125559, 2739405.189098993316293 ], [ 406945.013545460067689, 2739409.88340925751254 ], [ 406936.190742411417887, 2739417.88801590912044 ], [ 406933.402221179800108, 2739418.948954438325018 ], [ 406919.27414315828355, 2739424.383251472376287 ], [ 406906.320477964705788, 2739429.228938154410571 ], [ 406891.35652566794306, 2739430.744728113524616 ], [ 406878.361189647985157, 2739430.842323585413396 ], [ 406867.398176617687568, 2739429.583193123340607 ], [ 406865.267664423736278, 2739429.317483897320926 ], [ 406858.037092561891768, 2739427.289160892367363 ], [ 406854.560860284604132, 2739425.490692796651274 ], [ 406845.457211537461262, 2739420.691557488404214 ], [ 406830.409847271163017, 2739412.710733913816512 ], [ 406824.514901386573911, 2739408.903256947174668 ], [ 406821.547805262962356, 2739407.531256609130651 ], [ 406810.55344242049614, 2739399.149173473007977 ], [ 406801.310254474636167, 2739387.979165971279144 ], [ 406793.172956771915779, 2739381.658854957204312 ], [ 406784.973274430376478, 2739375.339965731371194 ], [ 406776.833503319590818, 2739368.894987838342786 ], [ 406768.627502160787117, 2739359.451856471598148 ], [ 406762.41927414725069, 2739349.902347652707249 ], [ 406754.030892887851223, 2739343.525170317385346 ], [ 406745.974212975939736, 2739332.329034596215934 ], [ 406737.730084738868754, 2739321.137157506775111 ], [ 406733.581482750945725, 2739311.480193896219134 ], [ 406728.311218976508826, 2739301.972544178832322 ], [ 406726.934173123212531, 2739287.630434441380203 ], [ 406721.68951933295466, 2739276.435165462084115 ], [ 406718.959592386498116, 2739265.934545568190515 ], [ 406718.597954119148199, 2739263.6930703795515 ], [ 406718.09407071955502, 2739249.269325411412865 ], [ 406718.742489706841297, 2739233.257886503823102 ], [ 406713.296917601721361, 2739215.755810173228383 ], [ 406713.051621629914735, 2739204.57587502989918 ], [ 406714.803525830269791, 2739193.289555888622999 ], [ 406715.7187694812892, 2739186.583308999892324 ], [ 406725.949863088317215, 2739160.176230539102107 ], [ 406730.991823590942658, 2739156.441086271777749 ], [ 406738.781024944444653, 2739146.897068517748266 ], [ 406746.568601186852902, 2739137.29038808401674 ], [ 406755.354229926480912, 2739127.599464915692806 ], [ 406761.14052247244399, 2739117.911717204842716 ], [ 406770.931075237051118, 2739108.448907665908337 ], [ 406781.718148930987809, 2739098.838970327284187 ], [ 406782.380271249974612, 2739083.452240192797035 ], [ 406792.671262682764791, 2739071.166204652283341 ], [ 406794.372094517340884, 2739068.941944685298949 ], [ 406827.903330567292869, 2738970.974462326616049 ], [ 406833.004754289111588, 2738938.618683091364801 ], [ 406832.863737151084933, 2738932.185671773739159 ], [ 406832.553197761182673, 2738920.882042554207146 ], [ 406833.201682088489179, 2738904.870842173695564 ], [ 406833.814657115319278, 2738887.23566617583856 ], [ 406836.445015317760408, 2738881.804117090534419 ], [ 406837.745984619599767, 2738815.788122393190861 ], [ 406843.560497506987303, 2738750.422889259643853 ], [ 406843.912731374730356, 2738746.540872271638364 ], [ 406848.428286969254259, 2738696.013843317516148 ], [ 406847.93772969749989, 2738673.653768585529178 ], [ 406847.164853843802121, 2738638.427567544858903 ], [ 406845.902750999142881, 2738580.903632851317525 ], [ 406852.635861802846193, 2738483.33687244867906 ], [ 406855.256825348478742, 2738471.781619787681848 ], [ 406862.434613519173581, 2738440.067697208374739 ], [ 406868.759090544423088, 2738412.184241945389658 ], [ 406863.20067430078052, 2738372.438664841931313 ], [ 406862.828093469026498, 2738369.697384583298117 ], [ 406858.112906582828145, 2738337.057149279396981 ], [ 406862.466942290542647, 2738321.901834107004106 ], [ 406862.897304134909064, 2738307.332726025022566 ], [ 406862.61500590457581, 2738294.466382910031825 ], [ 406861.373176832334138, 2738283.433145970571786 ], [ 406858.851692379219458, 2738262.492703450378031 ], [ 406860.609291666653007, 2738251.456103807780892 ], [ 406862.253217810997739, 2738235.235565106384456 ], [ 406862.931342456198763, 2738217.723996821790934 ], [ 406865.502757068956271, 2738195.359376932028681 ], [ 406865.18495769915171, 2738180.869060858152807 ], [ 406865.864423108403571, 2738163.420052824076265 ], [ 406865.446458015940152, 2738144.370277147740126 ], [ 406865.225420185888652, 2738131.440070454962552 ], [ 406861.898887659073807, 2738110.829627236351371 ], [ 406862.713927285571117, 2738099.563834065105766 ], [ 406866.6816725001554, 2738092.415587371680886 ], [ 406866.009391688683536, 2738084.556846906896681 ], [ 406864.831022728700191, 2738079.271108611952513 ], [ 406852.147693752194755, 2738022.372709698975086 ], [ 406851.249439200037159, 2738018.455706961452961 ], [ 406848.319330735423137, 2738004.522726073861122 ], [ 406848.127374816860538, 2737987.217790588736534 ], [ 406846.967376320390031, 2737971.371055007912219 ], [ 406845.120107481314335, 2737961.226152190472931 ], [ 406843.771829560864717, 2737953.882141044363379 ], [ 406843.5857384428964, 2737939.701454807538539 ], [ 406844.333858497266192, 2737925.375279135536402 ], [ 406840.113940690818708, 2737912.470229737926275 ], [ 406840.05090868473053, 2737909.597080159466714 ], [ 406839.668829663190991, 2737892.171391846146435 ], [ 406839.530486049479805, 2737885.862952114082873 ], [ 406839.045572431758046, 2737863.75290952436626 ], [ 406838.903035513474606, 2737857.257238095626235 ], [ 406838.467441872344352, 2737837.395646833814681 ], [ 406826.566212916106451, 2737807.599768255837262 ], [ 406825.430399548145942, 2737790.003082120325416 ], [ 406816.37350422993768, 2737767.39364104392007 ], [ 406804.734172138967551, 2737743.840936293825507 ], [ 406793.256616598635446, 2737721.971716703381389 ], [ 406781.452310308581218, 2737702.29690211918205 ], [ 406772.643132034572773, 2737682.431488066446036 ], [ 406751.63833326427266, 2737647.836219081655145 ], [ 406743.769400727353059, 2737630.949573543854058 ], [ 406729.646934119286016, 2737602.452099367044866 ], [ 406727.552960317465477, 2737586.751091191545129 ], [ 406722.48923069529701, 2737569.552974425256252 ], [ 406717.10696756944526, 2737554.923832676839083 ], [ 406710.538314854551572, 2737543.194980022497475 ], [ 406706.159220062661916, 2737534.417740888893604 ], [ 406702.956281502440106, 2737527.989215593785048 ], [ 406700.396868330193684, 2737513.860525219701231 ], [ 406695.451854775077663, 2737493.535336344037205 ], [ 406707.626041906536557, 2737487.332028261851519 ], [ 406712.295230782474391, 2737477.981285548303276 ], [ 406713.853370170167182, 2737474.94770975690335 ], [ 406718.134394923865329, 2737467.855123818386346 ], [ 406726.874200707941782, 2737458.915252836886793 ], [ 406730.113265966938343, 2737455.594718935433775 ], [ 406734.343999953416642, 2737454.752158978953958 ], [ 406742.327114154817536, 2737451.202759843319654 ], [ 406745.988808040972799, 2737450.060059235896915 ], [ 406748.607966340263374, 2737449.81517175398767 ], [ 406753.213525177910924, 2737448.964333340991288 ], [ 406761.11194139654981, 2737450.103330409154296 ], [ 406782.084829438885208, 2737460.453910678625107 ], [ 406785.216719392454252, 2737463.634727757424116 ], [ 406786.999734894372523, 2737465.157895203214139 ], [ 406794.10700150905177, 2737475.81241617212072 ], [ 406798.64011684799334, 2737480.212117718998343 ], [ 406800.620309632271528, 2737482.168278092518449 ], [ 406804.259088340564631, 2737488.524787600152194 ], [ 406816.141119283100124, 2737488.951620833482593 ], [ 406829.869872410490643, 2737482.401638908777386 ], [ 406861.742396092857234, 2737474.016844136640429 ], [ 406893.496099567099009, 2737463.072300816420466 ], [ 406900.442224052269012, 2737460.670474797021598 ], [ 406902.628365965909325, 2737460.622434176970273 ], [ 406936.607861512049567, 2737451.441489526070654 ], [ 406939.092532357492018, 2737450.762005385011435 ], [ 406945.245665087422822, 2737449.252334962598979 ], [ 406970.745305168966297, 2737443.756762147415429 ], [ 407003.407618830446154, 2737440.041070462670177 ], [ 407037.297603297396563, 2737438.173086764290929 ], [ 407096.043405156582594, 2737429.948633706662804 ], [ 407116.316318381985184, 2737428.316787684801966 ], [ 407164.982973401085474, 2737419.251009155064821 ], [ 407167.23426788370125, 2737419.326712085865438 ], [ 407195.262627641670406, 2737418.0246745897457 ], [ 407228.165282220754307, 2737413.866389280650765 ], [ 407254.377329182054382, 2737406.66783209471032 ], [ 407277.42150950076757, 2737406.037446980830282 ], [ 407298.798779465374537, 2737400.632123534567654 ], [ 407315.151330174063332, 2737396.899093716870993 ], [ 407324.146505952929147, 2737396.76443187519908 ], [ 407338.189471710764337, 2737393.144680179189891 ], [ 407347.821144460176583, 2737390.684016408398747 ], [ 407352.847414030751679, 2737389.073993555270135 ], [ 407372.639865771110635, 2737382.641107491683215 ], [ 407378.225468120886944, 2737380.893909571692348 ], [ 407384.650657072779723, 2737360.44435547478497 ], [ 407385.267959197168238, 2737357.243962739594281 ], [ 407387.102119088056497, 2737349.705307709053159 ], [ 407388.647532251547091, 2737343.23511326732114 ], [ 407393.272348546073772, 2737323.325064225122333 ], [ 407393.483371872222051, 2737318.696310244500637 ], [ 407394.036134377471171, 2737312.560547257773578 ], [ 407394.92755302664591, 2737301.918096761684865 ], [ 407395.175447314919438, 2737298.975651863962412 ], [ 407396.767468496691436, 2737280.381769176572561 ], [ 407398.105431725620292, 2737255.919643126428127 ], [ 407399.001323820208199, 2737239.778195712715387 ], [ 407398.79556374985259, 2737236.095949287526309 ], [ 407399.062939009570982, 2737228.341541946865618 ], [ 407401.096207675233018, 2737172.870274436660111 ], [ 407400.06011527183, 2737122.777766219340265 ], [ 407399.279454977368005, 2737087.176852294709533 ], [ 407399.086432861920912, 2737078.37018416216597 ], [ 407396.829912229673937, 2737063.797521635890007 ], [ 407354.588404475827701, 2737052.413757152855396 ], [ 407350.457979518047068, 2737052.129344346001744 ], [ 407342.44555407227017, 2737051.492526553105563 ], [ 407322.711488876084331, 2737052.05022820038721 ], [ 407312.657242015353404, 2737052.333167220000178 ], [ 407285.563052593031898, 2737047.803252242971212 ], [ 407282.790227328194305, 2737046.739353502169251 ], [ 407259.997011416242458, 2737038.865702013019472 ], [ 407256.004696398449596, 2737036.328734592534602 ], [ 407257.2594796246849, 2736993.80937778390944 ], [ 407254.406368125812151, 2736977.687616330571473 ], [ 407253.073576891212724, 2736951.097029670141637 ], [ 407268.32318158831913, 2736894.211085506249219 ], [ 407271.382232945994474, 2736894.081623572390527 ], [ 407302.597538557252847, 2736892.772447599098086 ], [ 407305.825639197195414, 2736888.952147859614342 ], [ 407305.300273890316021, 2736867.842830297071487 ], [ 407304.859361817012541, 2736847.73148130113259 ], [ 407304.243787948100362, 2736822.499734139535576 ], [ 407302.455831015016884, 2736809.354031702969223 ], [ 407303.798258317867294, 2736770.832120324019343 ], [ 407299.627342951192986, 2736705.998783122282475 ], [ 407306.205037133186124, 2736635.493067431263626 ], [ 407324.24349894723855, 2736591.793511590920389 ], [ 407322.539357368368655, 2736576.77121986169368 ], [ 407320.514704998466186, 2736575.628438776824623 ], [ 407314.124200863472652, 2736572.01916519831866 ], [ 407319.053659600962419, 2736546.041127850301564 ], [ 407321.519724998623133, 2736533.114558242727071 ], [ 407324.108643589308485, 2736508.687590518966317 ], [ 407323.832559334172402, 2736498.945517941378057 ], [ 407323.529099731007591, 2736487.954382579308003 ], [ 407323.209294740809128, 2736476.213654063642025 ], [ 407322.548950582102407, 2736451.795374036300927 ], [ 407323.451623470406048, 2736427.405278811696917 ], [ 407326.280904833343811, 2736411.096418023575097 ], [ 407325.728943877737038, 2736391.612273791339248 ], [ 407325.522730574244633, 2736385.055583382491022 ], [ 407328.421791811822914, 2736371.93210569024086 ], [ 407328.075946397322696, 2736359.004763911478221 ], [ 407332.464191187347751, 2736342.536637800745666 ], [ 407334.954837563389447, 2736316.487126473803073 ], [ 407337.747387420968153, 2736298.491852902807295 ], [ 407338.550540256255772, 2736272.416762867942452 ], [ 407338.032616491778754, 2736254.494255810044706 ], [ 407337.220675827062223, 2736231.703862349037081 ], [ 407338.26426070270827, 2736213.746874699834734 ], [ 407337.406547193066217, 2736186.021266117691994 ], [ 407333.276923816883937, 2736160.116732211317867 ], [ 407329.585067868640181, 2736137.077296578790992 ], [ 407324.951160227530636, 2736108.12185116391629 ], [ 407317.135917497915216, 2736070.863127704709768 ], [ 407315.250497547269333, 2736058.969102215021849 ], [ 407309.582331506186165, 2736017.039108011405915 ], [ 407307.059767752420157, 2735973.227866583969444 ], [ 407300.16032384429127, 2735940.697886080946773 ], [ 407298.43188361695502, 2735910.304324582684785 ], [ 407298.16515990823973, 2735898.124943735077977 ], [ 407295.204050892789382, 2735877.068944147787988 ], [ 407294.198164140805602, 2735871.092124665156007 ], [ 407290.967372209066525, 2735851.979184322059155 ], [ 407288.885026098345406, 2735839.652274933177978 ], [ 407284.469217902747914, 2735814.941225527785718 ], [ 407282.47540614992613, 2735803.799627055414021 ], [ 407279.282104338752106, 2735789.247551520820707 ], [ 407272.418276733427774, 2735758.341443965677172 ], [ 407267.233092206181027, 2735735.58466724678874 ], [ 407262.39285761519568, 2735714.319781898986548 ], [ 407260.955302495043725, 2735708.602437852881849 ], [ 407250.550173181749415, 2735667.213485974352807 ], [ 407245.962628576613497, 2735654.629062398336828 ], [ 407237.45742554217577, 2735631.507280375342816 ], [ 407235.662962576781865, 2735626.61024683015421 ], [ 407225.585992058797274, 2735591.650273938197643 ], [ 407223.962455267086625, 2735585.999515384435654 ], [ 407216.821093996986747, 2735565.222694956231862 ], [ 407214.544081556960009, 2735558.27380511444062 ], [ 407205.469639868824743, 2735540.538649700582027 ], [ 407198.043134229897987, 2735521.017644915729761 ], [ 407188.931759702856652, 2735501.596304733771831 ], [ 407181.579094430722762, 2735485.447918924503028 ], [ 407176.045294689422008, 2735472.446725346613675 ], [ 407170.889928851509467, 2735465.311160303652287 ], [ 407169.641586765181273, 2735462.526582952588797 ], [ 407166.304238318232819, 2735455.663543107919395 ], [ 407149.257170186785515, 2735439.102875238284469 ], [ 407144.339757048408501, 2735434.274186484981328 ], [ 407138.011692390078679, 2735430.663561949040741 ], [ 407119.487462669087108, 2735437.942953210324049 ], [ 407114.100593007751741, 2735443.060224069748074 ], [ 407100.313647952745669, 2735458.359473105054349 ], [ 407097.951715092989616, 2735461.785631770268083 ], [ 407094.031518170260824, 2735468.245305211748928 ], [ 407086.513123144744895, 2735481.594931073952466 ], [ 407082.171369677758776, 2735491.625665351748466 ], [ 407078.32043376803631, 2735498.39638790441677 ], [ 407074.058019775897264, 2735512.049637601245195 ], [ 407072.677087299176492, 2735534.575666130054742 ], [ 407074.077827382890973, 2735547.167468355968595 ], [ 407074.405049686611164, 2735570.65576314041391 ], [ 407075.172576916753314, 2735588.573040902148932 ], [ 407069.707983710162807, 2735598.690716281533241 ], [ 407061.706076506874524, 2735604.240056031849235 ], [ 407056.06218392989831, 2735606.175888509489596 ], [ 407046.496615123935044, 2735605.94807320414111 ], [ 407033.444154266500846, 2735606.296591689344496 ], [ 407028.474457317497581, 2735604.78093903278932 ], [ 407016.778651633416303, 2735598.600943012628704 ], [ 406998.09570605243789, 2735584.388144289609045 ], [ 406982.354899364174344, 2735561.862590102013201 ], [ 406968.336108754039742, 2735540.924000890925527 ], [ 406965.505991388927214, 2735537.236580883152783 ], [ 406958.104359622404445, 2735527.400752071291208 ], [ 406956.668591021327302, 2735524.620109216775745 ], [ 406945.670807769813109, 2735510.364051257725805 ], [ 406937.222858967259526, 2735504.112906284630299 ], [ 406928.842315375164617, 2735495.235914373770356 ], [ 406925.933116250380408, 2735490.800548839382827 ], [ 406922.573242227197625, 2735485.750068017747253 ], [ 406919.858278540661559, 2735481.622802838683128 ], [ 406913.67828997829929, 2735470.51049227733165 ], [ 406912.311957063677255, 2735468.040784849319607 ], [ 406905.481518789019901, 2735455.755362500902265 ], [ 406900.569544796191622, 2735451.176436881069094 ], [ 406897.994394275476225, 2735439.172703511081636 ], [ 406904.094030449865386, 2735418.105475795455277 ], [ 406904.59779402858112, 2735409.721034401096404 ], [ 406910.601195651397575, 2735398.529159572441131 ], [ 406915.343817658897024, 2735389.676816173363477 ], [ 406918.445559665968176, 2735385.797049812506884 ], [ 406926.110109607630875, 2735376.255877699702978 ], [ 406931.768936549255159, 2735366.446357840206474 ], [ 406939.843677990837023, 2735327.15187383396551 ], [ 406935.488168534473516, 2735305.189166412688792 ], [ 406935.165267645672429, 2735299.009779197629541 ], [ 406933.063494963571429, 2735291.494763330090791 ], [ 406923.09646010841243, 2735278.653237904421985 ], [ 406914.761084303958341, 2735271.837242012377828 ], [ 406905.51186233968474, 2735263.228882474359125 ], [ 406894.795831409457605, 2735253.278266694396734 ], [ 406880.670542589679826, 2735244.589637294877321 ], [ 406867.673155523138121, 2735233.189192931167781 ], [ 406864.260733703733422, 2735231.451611456461251 ], [ 406842.835631158202887, 2735220.423358148429543 ], [ 406837.112218133173883, 2735218.736652496270835 ], [ 406812.961428209673613, 2735211.642285340931267 ], [ 406799.712889600777999, 2735208.745684658642858 ], [ 406788.150764148216695, 2735205.81216642819345 ], [ 406784.140975998656359, 2735205.337615352123976 ], [ 406776.62291217019083, 2735204.440178401302546 ], [ 406771.860998539428692, 2735203.857185711618513 ], [ 406769.605549372325186, 2735203.594080246519297 ], [ 406761.962589530157857, 2735202.699374436866492 ], [ 406760.19044223416131, 2735201.675784098450094 ], [ 406755.380533372692298, 2735198.906690166331828 ], [ 406731.375373914430384, 2735178.499219301622361 ], [ 406732.066881830571219, 2735172.985078115947545 ], [ 406733.597685231128708, 2735160.141453799791634 ], [ 406737.13163744227495, 2735150.315820880699903 ], [ 406736.902327858726494, 2735142.697528203483671 ], [ 406741.62569805473322, 2735132.970751345157623 ], [ 406746.739796300884336, 2735121.110949989873916 ], [ 406749.680712678178679, 2735112.73545400518924 ], [ 406751.403364734724164, 2735102.949705232400447 ], [ 406755.824193337815814, 2735093.667151947040111 ], [ 406757.579443226801232, 2735091.066702575422823 ], [ 406759.517587081820238, 2735088.274551326874644 ], [ 406760.06838051637169, 2735084.888101289048791 ], [ 406763.989004548755474, 2735072.74199806060642 ], [ 406766.390298931393772, 2735068.25275697093457 ], [ 406772.336677518906072, 2735057.312035801354796 ], [ 406778.255148016149178, 2735047.934031795244664 ], [ 406784.838503225881141, 2735037.541838814504445 ], [ 406796.875914300093427, 2735025.093072013463825 ], [ 406810.038031286967453, 2735015.493924705777317 ], [ 406812.109682361362502, 2735013.07385235466063 ], [ 406822.029875889769755, 2735006.670083477161825 ], [ 406825.751042918709572, 2735002.52700471598655 ], [ 406827.580991376598831, 2735000.48717703204602 ], [ 406837.256832615239546, 2734994.338766202796251 ], [ 406850.270389784011059, 2734989.367108500562608 ], [ 406857.634307588043157, 2734986.081467556301504 ], [ 406878.616335466736928, 2734971.186987089458853 ], [ 406884.423430674476549, 2734945.314561328385025 ], [ 406879.183442548615858, 2734920.059351126663387 ], [ 406877.927732307754923, 2734914.087782353628427 ], [ 406862.652535954257473, 2734881.428823011927307 ], [ 406858.419857764616609, 2734870.77374864788726 ], [ 406846.983746677578893, 2734842.217116325162351 ], [ 406843.910303542332258, 2734830.286844281479716 ], [ 406840.698451776988804, 2734817.734597485512495 ], [ 406839.207528268743772, 2734801.020617220550776 ], [ 406838.57872626936296, 2734792.285887551493943 ], [ 406838.316138577531092, 2734788.85496981581673 ], [ 406838.407680289354175, 2734784.478839800693095 ], [ 406838.73834568168968, 2734765.349908760748804 ], [ 406846.427971263008658, 2734759.807655014563352 ], [ 406865.106030133087188, 2734753.836940634064376 ], [ 406888.642628134111874, 2734750.009392733220011 ], [ 406890.759341855591629, 2734749.650657325517386 ], [ 406919.555344155873172, 2734749.144641071557999 ], [ 406946.211215678195003, 2734747.935804615262896 ], [ 406957.694413659221027, 2734750.12129134638235 ], [ 406964.157574627373833, 2734751.354592416901141 ], [ 406977.742548790294677, 2734752.49400542723015 ], [ 407005.744725389464293, 2734755.69228585716337 ], [ 407011.091964452818502, 2734748.763897105585784 ], [ 407013.43934596615145, 2734738.96447715209797 ], [ 407016.891590583894867, 2734728.265751624014229 ], [ 407017.016009632614441, 2734725.388697388581932 ], [ 407016.715023221215233, 2734720.208694944158196 ], [ 407015.809995716495905, 2734715.979342181235552 ], [ 407001.350646268518176, 2734649.246636330615729 ], [ 406996.078483533055987, 2734642.488313531968743 ], [ 406983.40657248662319, 2734628.831256034318358 ], [ 406972.550703469314612, 2734618.196036768611521 ], [ 406962.416171545919497, 2734609.107432071119547 ], [ 406951.948469285620376, 2734599.088651219382882 ], [ 406940.955280838417821, 2734587.894149867352098 ], [ 406928.465740887913853, 2734576.857545298989862 ], [ 406919.681096498272382, 2734569.488977642729878 ], [ 406913.19556173851015, 2734564.38197905337438 ], [ 406899.970185029902495, 2734553.986426680814475 ], [ 406889.799438586691394, 2734548.960015648975968 ], [ 406879.122235871502198, 2734543.632705596741289 ], [ 406871.72401744115632, 2734536.795918143354356 ], [ 406864.043773903686088, 2734534.214841050561517 ], [ 406846.740113437408581, 2734525.90804653102532 ], [ 406834.474158150493167, 2734519.365462320391089 ], [ 406832.205095412384253, 2734518.477977874688804 ], [ 406811.547721306968015, 2734511.119444992393255 ], [ 406802.293973211431876, 2734508.010351192206144 ], [ 406791.675633355684113, 2734505.368459638208151 ], [ 406784.489632422220893, 2734502.526411132421345 ], [ 406768.828219430812169, 2734497.870463537517935 ], [ 406756.332067487353925, 2734495.08232459705323 ], [ 406753.316154853207991, 2734494.336198674049228 ], [ 406744.18531396437902, 2734488.287306173238903 ], [ 406725.654436466866173, 2734472.446272987406701 ], [ 406710.443591856455896, 2734459.84461069945246 ], [ 406695.330834512482397, 2734448.865181845612824 ], [ 406688.774229037866462, 2734449.071349028032273 ], [ 406694.384310857043602, 2734439.887643641326576 ], [ 406699.075951759237796, 2734425.850128986872733 ], [ 406706.74209186527878, 2734410.684977451339364 ], [ 406710.938582625880372, 2734399.720040505286306 ], [ 406717.14500640501501, 2734383.524776112753898 ], [ 406708.621532986755483, 2734370.963914055377245 ], [ 406706.879029039293528, 2734368.440059157088399 ], [ 406686.256735384929925, 2734351.270114461425692 ], [ 406678.410264527366962, 2734343.943544358946383 ], [ 406659.206710076250602, 2734325.930107745341957 ], [ 406654.09375505533535, 2734320.730701703578234 ], [ 406646.808274492213968, 2734316.203502071090043 ], [ 406618.439930418564472, 2734290.579991361591965 ], [ 406602.332099538645707, 2734279.809903942979872 ], [ 406590.024954378721304, 2734271.393657999578863 ], [ 406587.405336717842147, 2734268.763994644396007 ], [ 406574.100685714918654, 2734254.745784085709602 ], [ 406567.761080636410043, 2734230.639259477611631 ], [ 406558.572456123365555, 2734193.410123927984387 ], [ 406554.278116338537075, 2734179.944111415650696 ], [ 406552.328538879111875, 2734173.675596168730408 ], [ 406548.022471580188721, 2734162.521892328280956 ], [ 406546.897771860123612, 2734159.672193020116538 ], [ 406540.704730554309208, 2734133.687778380233794 ], [ 406534.206059873686172, 2734082.339913587551564 ], [ 406530.728364994458389, 2734071.917926812078804 ], [ 406525.897485030756798, 2734056.776740360539407 ], [ 406512.764756707008928, 2734030.631847959943116 ], [ 406508.210821716056671, 2734030.981609993148595 ], [ 406476.95616471383255, 2734033.353359267581254 ], [ 406353.625203442585189, 2734042.86598240910098 ], [ 406289.361053570813965, 2734044.523533758241683 ], [ 406285.734426904236898, 2734044.41561567177996 ], [ 406248.202324843150564, 2734045.487517375964671 ], [ 406187.143209359142929, 2734042.263415839523077 ], [ 406151.858344803971704, 2734043.22357915667817 ], [ 406134.435087487858254, 2734043.730282267089933 ], [ 406097.481043042615056, 2734042.664957717992365 ], [ 406076.721617901872378, 2734042.057383563369513 ], [ 406014.084065820788965, 2734043.804298785980791 ], [ 405983.36084506259067, 2734041.915201955009252 ], [ 405964.089382666919846, 2734040.775123509578407 ], [ 405939.811792155378498, 2734039.307266687974334 ], [ 405891.965472815558314, 2734037.355765828397125 ], [ 405845.707278036570642, 2734033.744955513626337 ], [ 405796.130193717661314, 2734026.957386442925781 ], [ 405764.637828518869355, 2734021.335669856984168 ], [ 405746.491884403862059, 2734020.233530555386096 ], [ 405731.592626171826851, 2734018.997592470608652 ], [ 405726.658437678066548, 2734019.105686647351831 ], [ 405726.463253514957614, 2734021.609497018158436 ], [ 405716.686068493232597, 2734088.748819439206272 ], [ 405700.536986759689171, 2734093.226812065113336 ], [ 405676.716551829245873, 2734098.372860273811966 ], [ 405670.870106305577792, 2734099.62569423392415 ], [ 405643.921769677370321, 2734098.903541705571115 ], [ 405613.431342644908, 2734101.946115184575319 ], [ 405610.000239791697823, 2734102.208793807309121 ], [ 405568.970447402214631, 2734103.357308430131525 ], [ 405554.063407845562324, 2734104.621110944077373 ], [ 405540.964754864166025, 2734105.720446581486613 ], [ 405513.063422851613723, 2734107.143861718475819 ], [ 405475.074925007182173, 2734107.351121201179922 ], [ 405450.414719732361846, 2734108.391211887355894 ], [ 405416.20645858295029, 2734101.454411866143346 ], [ 405407.293478864361532, 2734099.650071321520954 ], [ 405379.605866436148062, 2734096.569638968911022 ], [ 405377.288204763666727, 2734096.307952398899943 ], [ 405346.0559732108959, 2734088.306176802143455 ], [ 405329.801189392863307, 2734085.100467149168253 ], [ 405309.912481769453734, 2734087.160785675048828 ], [ 405279.846411901060492, 2734086.756982333492488 ], [ 405261.215882588759996, 2734086.352684636134654 ], [ 405247.705226195859723, 2734091.460332432296127 ], [ 405244.207218570925761, 2734105.784235830884427 ], [ 405242.690331015619449, 2734179.179537608288229 ], [ 405242.955792843131348, 2734182.735443349927664 ], [ 405243.002379598328844, 2734184.85899356752634 ], [ 405244.974075396195985, 2734260.614663109183311 ], [ 405245.958697487774771, 2734294.149645475670695 ], [ 405162.814610816654749, 2734292.596491649746895 ], [ 405159.748597595375031, 2734292.413827782962471 ], [ 405137.655181587499101, 2734296.522117997985333 ], [ 405149.789827475033235, 2734354.120950581505895 ], [ 405155.830485750397202, 2734401.667616843711585 ], [ 405156.589141588134225, 2734407.775013952050358 ], [ 405166.122137654747348, 2734454.99501845613122 ], [ 405167.735177152790129, 2734463.020775177981704 ], [ 405173.021185693680309, 2734496.086690935306251 ], [ 405174.119594964548014, 2734503.436141916085035 ], [ 405177.485246979282238, 2734525.858423267025501 ], [ 405183.709907181269955, 2734561.840663333423436 ], [ 405187.938345716800541, 2734586.556102743372321 ], [ 405189.154752390808426, 2734593.590801530983299 ], [ 405198.949251599260606, 2734669.862509520258754 ], [ 405201.181513225485105, 2734686.185609932057559 ], [ 405201.960376021801494, 2734698.916193699464202 ], [ 405204.048735828953795, 2734731.489842909388244 ], [ 405208.274106308352202, 2734747.519357540179044 ], [ 405210.323152461962309, 2734755.472924288827926 ], [ 405214.018994636717252, 2734778.700247473083436 ], [ 405214.38601197511889, 2734781.191919263452291 ], [ 405218.092745429370552, 2734804.918825293425471 ], [ 405220.660062055918388, 2734819.42251484375447 ], [ 405225.305748436483555, 2734846.065854150801897 ], [ 405228.937030037748627, 2734880.605208949651569 ], [ 405229.144005031441338, 2734884.34999566199258 ], [ 405225.683664677024353, 2734897.548334835097194 ], [ 405224.119308028137311, 2734920.26615009829402 ], [ 405229.146311285963748, 2734961.461030093487352 ], [ 405223.73204799904488, 2734996.698474916163832 ], [ 405196.381314575322904, 2735034.666162462439388 ], [ 405176.499290779524017, 2735051.286370621994138 ], [ 405158.130513039883226, 2735065.686221251729876 ], [ 405128.533837442519143, 2735078.145212557632476 ], [ 405123.779148513800465, 2735080.748817064333707 ], [ 405120.124230389483273, 2735082.203719967976213 ], [ 405101.384404734650161, 2735093.924857472069561 ], [ 405091.260725409723818, 2735102.457705547567457 ], [ 405073.098637349321507, 2735117.728111509233713 ], [ 405055.909910573856905, 2735131.789683329872787 ], [ 405053.926116081420332, 2735132.520651964936405 ], [ 405038.257308053900488, 2735141.799953727051616 ], [ 405032.94019087869674, 2735141.541398553177714 ], [ 405028.430366849468555, 2735146.764230068773031 ], [ 405020.800454774172977, 2735152.180436429101974 ], [ 405008.053476043685805, 2735160.770872371271253 ], [ 404986.030330852547195, 2735179.50014077173546 ], [ 404950.819688710384071, 2735195.269064897671342 ], [ 404936.853099441796076, 2735202.386466261465102 ], [ 404923.566795290331356, 2735209.176296104677022 ], [ 404881.736838087846991, 2735225.152742834296077 ], [ 404873.398736972245388, 2735226.772874170448631 ], [ 404846.204104031028692, 2735231.930441942065954 ], [ 404841.526521861669607, 2735232.345404600724578 ], [ 404827.678387688356452, 2735233.461240125354379 ], [ 404745.589958558324724, 2735237.322151955217123 ], [ 404729.76307516603265, 2735236.544205036014318 ], [ 404701.692983877845109, 2735227.410823671612889 ], [ 404680.922026667976752, 2735209.181831354275346 ], [ 404667.172046404797584, 2735157.742128616198897 ], [ 404658.062619614240248, 2735127.009475407190621 ], [ 404643.208309398847632, 2735096.465542404446751 ], [ 404640.954257176490501, 2735087.703839518595487 ], [ 404635.395579754316714, 2735033.647698394954205 ], [ 404632.42131002683891, 2734966.349468160420656 ], [ 404632.927552996610757, 2734949.528848096262664 ], [ 404633.705571043887176, 2734925.140961510594934 ], [ 404637.441844154265709, 2734867.506741155870259 ], [ 404637.977491493220441, 2734863.433153044898063 ], [ 404642.864390779635869, 2734824.082979947328568 ], [ 404642.798743169638328, 2734821.084936693310738 ], [ 404645.854565795278177, 2734778.025526323355734 ], [ 404648.609707950847223, 2734738.346963577438146 ], [ 404649.350799179868773, 2734729.39488238375634 ], [ 404653.462179264752194, 2734680.313507666811347 ], [ 404658.192311823077034, 2734653.776996077038348 ], [ 404662.027245298959315, 2734632.009223056491464 ], [ 404671.554686270130333, 2734581.996703510172665 ], [ 404673.121509269927628, 2734573.651223365217447 ], [ 404681.335373881971464, 2734543.539007952436805 ], [ 404683.589311226329301, 2734535.178503701929003 ], [ 404687.965420425578486, 2734526.709271864034235 ], [ 404694.445603591098916, 2734505.883317702915519 ], [ 404697.869345566432457, 2734502.433929181657732 ], [ 404713.322677321266383, 2734446.230112691409886 ], [ 404724.134230654395651, 2734426.30936325294897 ], [ 404734.441643663041759, 2734403.33745256299153 ], [ 404737.590996891725808, 2734398.769278818741441 ], [ 404754.04996578884311, 2734379.912029937840998 ], [ 404764.176499879918993, 2734362.943135987501591 ], [ 404770.013978415809106, 2734332.758071676362306 ], [ 404767.929446283029392, 2734306.058277072850615 ], [ 404757.654902903363109, 2734256.354614947456867 ], [ 404746.314766729716212, 2734217.922370139975101 ], [ 404743.139779939083382, 2734207.056404712144285 ], [ 404803.595162644109223, 2734208.35672856727615 ], [ 404821.154227671038825, 2734199.7859120760113 ], [ 404839.701826775504742, 2734190.69372385693714 ], [ 404824.788784093805589, 2734148.90276213362813 ], [ 404804.130577939620707, 2734104.425653251353651 ], [ 404801.751593688910361, 2734095.666894817259163 ], [ 404795.639306814817246, 2734073.367100074421614 ], [ 404792.800959667656571, 2734046.496635397896171 ], [ 404791.819724915490951, 2734007.3999631870538 ], [ 404792.539942365081515, 2733994.636506710201502 ], [ 404794.050695019192062, 2733966.608172938227654 ], [ 404804.176517066836823, 2733912.520931185223162 ], [ 404806.623242724512238, 2733887.284336234908551 ], [ 404809.368173243594356, 2733858.541679074987769 ], [ 404808.110994960763492, 2733809.70295384991914 ], [ 404801.500148522376548, 2733744.671707776375115 ], [ 404797.066313221002929, 2733699.151741649024189 ], [ 404792.703625218127854, 2733656.879717899486423 ], [ 404794.934702257858589, 2733616.087946867570281 ], [ 404794.217474953504279, 2733589.046005566138774 ], [ 404794.731722812459338, 2733586.847619275096804 ], [ 404800.008901585941203, 2733565.298370697535574 ], [ 404800.949363985913806, 2733562.590646247379482 ], [ 404807.057081775157712, 2733547.584600169211626 ], [ 404811.386749647033866, 2733536.991549794562161 ], [ 404822.164397075772285, 2733506.948372507467866 ], [ 404825.21029989013914, 2733500.507787505630404 ], [ 404832.9255239746999, 2733484.716539465356618 ], [ 404846.142147726379335, 2733457.619360100943595 ], [ 404878.63952057849383, 2733403.542120941914618 ], [ 404894.94941975758411, 2733377.877001976594329 ], [ 404905.869843715103343, 2733340.082064304500818 ], [ 404907.021807682642248, 2733327.058974127285182 ], [ 404898.419333144149277, 2733279.505750644486398 ], [ 404892.214036569697782, 2733252.959050138480961 ], [ 404888.543047859566286, 2733213.733810727018863 ], [ 404885.709305407246575, 2733187.050694683566689 ], [ 404879.250883488333784, 2733174.63185918238014 ], [ 404855.111267731408589, 2733128.106080491561443 ], [ 404798.53351220395416, 2733038.485849014017731 ], [ 404756.565713951073121, 2732973.978901344817132 ], [ 404736.252832908998244, 2732965.237730759195983 ], [ 404724.646887260081712, 2732960.305315420497209 ], [ 404712.408119138388429, 2732955.011708617210388 ], [ 404685.489209377788939, 2732944.228137813042849 ], [ 404679.823281524586491, 2732936.603490707464516 ], [ 404670.230975623358972, 2732923.75325734866783 ], [ 404658.962828714866191, 2732908.565220469143242 ], [ 404653.633735931420233, 2732902.058173397090286 ], [ 404632.097759522381239, 2732868.848077692557126 ], [ 404600.021774347056635, 2732813.747497110627592 ], [ 404581.438729630433954, 2732786.971706070005894 ], [ 404544.210120014788117, 2732733.421176932286471 ], [ 404528.284539053274784, 2732708.149378390517086 ], [ 404520.71018693188671, 2732696.129843257833272 ], [ 404515.337341629085131, 2732687.62396968761459 ], [ 404489.465269662148785, 2732650.446914542932063 ], [ 404480.780207039148081, 2732639.076563414186239 ], [ 404453.709604229719844, 2732604.237892630044371 ], [ 404438.791044710553251, 2732585.005505634937435 ], [ 404396.389839675044641, 2732534.942515890114009 ], [ 404394.172265751578379, 2732533.553852573037148 ], [ 404340.337737609515898, 2732480.741798874922097 ], [ 404309.607601404306479, 2732444.295784351415932 ], [ 404280.204492262739222, 2732411.382892430759966 ], [ 404250.610906827554572, 2732375.474434677045792 ], [ 404244.295762344147079, 2732366.739178850315511 ], [ 404225.737322075467091, 2732341.087441231589764 ], [ 404206.506911197328009, 2732307.576766417361796 ], [ 404181.633432737027761, 2732264.628806378692389 ], [ 404163.259170701086987, 2732227.412357898429036 ], [ 404131.550750063848682, 2732186.238807359244674 ], [ 404108.160162358137313, 2732162.504849920980632 ], [ 404093.909159222326707, 2732148.069296166766435 ], [ 404058.094981410366017, 2732127.731782412622124 ], [ 404046.768415776547045, 2732121.293463983107358 ], [ 404004.136581475904677, 2732100.667826570104808 ], [ 403998.073497447767295, 2732097.738546854816377 ], [ 403980.570009813120123, 2732088.873108619358391 ], [ 403961.044402784726117, 2732078.989824700634927 ], [ 403944.134264192602132, 2732071.548749565612525 ], [ 403929.179769214068074, 2732064.939753395970911 ], [ 403899.177012256463058, 2732053.161184180993587 ], [ 403884.133380394370761, 2732051.053303035907447 ], [ 403864.127669016714208, 2732044.929870696738362 ], [ 403849.224127580819186, 2732043.506311411038041 ], [ 403844.288381377700716, 2732043.551937247626483 ], [ 403837.607946705422364, 2732043.823056750930846 ], [ 403811.020862239121925, 2732028.220191567670554 ], [ 403808.908645357121713, 2732023.08003058983013 ], [ 403807.869912082329392, 2731995.607241497840732 ], [ 403802.591211381484754, 2731971.414395835716277 ], [ 403801.895504913467448, 2731968.180092587601393 ], [ 403799.064220232714433, 2731938.747136853635311 ], [ 403797.278714338317513, 2731911.41585030592978 ], [ 403791.852419287781231, 2731863.355255618691444 ], [ 403790.916983458097093, 2731854.877221301198006 ], [ 403788.627316242433153, 2731815.933976242318749 ], [ 403788.804520751931705, 2731809.743631321471184 ], [ 403787.540803763957229, 2731794.836128971073776 ], [ 403786.567856990033761, 2731781.797109509818256 ], [ 403778.392511956393719, 2731762.291923537384719 ], [ 403755.538017540005967, 2731745.919970023911446 ], [ 403735.558003917220049, 2731729.547703605145216 ], [ 403690.403472180943936, 2731719.287753779441118 ], [ 403671.555335849698167, 2731717.513142391107976 ], [ 403636.489009031909518, 2731714.218808266799897 ], [ 403623.26256040064618, 2731723.756778239738196 ], [ 403612.234132295998279, 2731730.934357583988458 ], [ 403599.145737800630741, 2731738.2198376795277 ], [ 403582.244838411221281, 2731748.337970311287791 ], [ 403573.433575396658853, 2731754.029992988333106 ], [ 403563.715416635561269, 2731761.116335621103644 ], [ 403552.213203727151267, 2731769.491917132865638 ], [ 403544.585610780923162, 2731775.032874764874578 ], [ 403537.167487172759138, 2731781.569146344903857 ], [ 403540.20696066506207, 2731794.812939500901848 ], [ 403543.745045510469936, 2731810.857743766158819 ], [ 403552.973359613330103, 2731832.777134143747389 ], [ 403555.274179326894227, 2731837.975858530029655 ], [ 403561.224107153422665, 2731864.278750556521118 ], [ 403559.890020222926978, 2731906.113452853169292 ], [ 403535.041889503481798, 2731924.279319874476641 ], [ 403487.531763161125127, 2731943.441321472637355 ], [ 403456.371918477176223, 2731958.745896488893777 ], [ 403437.322109085216653, 2731970.598302789963782 ], [ 403376.157431149913464, 2732005.431627987418324 ], [ 403374.127601618063636, 2732006.913290601223707 ], [ 403353.628305423888378, 2732023.92154253134504 ], [ 403339.390647632069886, 2732035.793824139982462 ], [ 403334.357699294108897, 2732039.965912605170161 ], [ 403330.674579374142922, 2732042.983546853065491 ], [ 403292.063977722078562, 2732083.3221949422732 ], [ 403285.095228636870161, 2732090.410951483529061 ], [ 403230.566448680707254, 2732145.783191468566656 ], [ 403200.786818854219746, 2732155.621049616951495 ], [ 403181.862609410309233, 2732164.658835970796645 ], [ 403134.006645899207797, 2732168.018424137495458 ], [ 403122.446132992045023, 2732168.021548003423959 ], [ 403080.733433946210425, 2732166.559879088308662 ], [ 403047.249979897635058, 2732161.356381112709641 ], [ 403033.053970786044374, 2732160.854759118054062 ], [ 403027.096917843038682, 2732159.922788717783988 ], [ 403023.335785414732527, 2732159.380329607985914 ], [ 402986.833158000488766, 2732150.430833694059402 ], [ 402973.371054883813486, 2732146.351231669541448 ], [ 402950.290995149523951, 2732139.670117327943444 ], [ 402941.854362498503178, 2732136.792673241812736 ], [ 402937.492678030161187, 2732134.513722044415772 ], [ 402911.404114532168023, 2732121.711879449430853 ], [ 402907.276089814375155, 2732118.677717640995979 ], [ 402887.444275562476832, 2732106.238863424863666 ], [ 402883.296966146444902, 2732102.330331619363278 ], [ 402874.945521278947126, 2732097.638856098521501 ], [ 402861.358537140942644, 2732085.000936781056225 ], [ 402847.688571794889867, 2732079.988486791029572 ], [ 402833.988432180951349, 2732073.601980817038566 ], [ 402823.822505386662669, 2732074.511840611230582 ], [ 402815.698576916358434, 2732083.063281948212534 ], [ 402814.771660861035343, 2732094.956584622617811 ], [ 402812.242112270963844, 2732105.01043527526781 ], [ 402814.101648301410023, 2732110.031302179209888 ], [ 402834.474066414288245, 2732124.333117508329451 ], [ 402837.729200541740283, 2732127.448898232541978 ], [ 402863.013334716088139, 2732146.329761508852243 ], [ 402903.374962069909088, 2732174.566590908914804 ], [ 402917.552829022344667, 2732188.503818147815764 ], [ 402921.832169760833494, 2732192.722059953492135 ], [ 402935.500677692121826, 2732206.233089001849294 ], [ 402944.504680168698542, 2732217.909038204234093 ], [ 402952.608715131878853, 2732228.417449452448636 ], [ 402956.61091768037295, 2732234.266400903463364 ], [ 402965.776998678222299, 2732247.626023192424327 ], [ 402971.779762995080091, 2732256.368231168016791 ], [ 402976.557785823533777, 2732263.387372873723507 ], [ 402988.047044316597749, 2732285.819608780089766 ], [ 403005.93494284019107, 2732320.7973199672997 ], [ 403017.145555642491672, 2732350.484647723846138 ], [ 403022.185197674320079, 2732363.74703114759177 ], [ 403027.224629044299945, 2732377.009528449270874 ], [ 403031.446235022274777, 2732395.726584709249437 ], [ 403032.110861989494879, 2732408.959877129178494 ], [ 403033.360307473223656, 2732420.368075809907168 ], [ 403034.168619804666378, 2732440.159700744319707 ], [ 403032.229204793577082, 2732454.325027929153293 ], [ 403033.90319052839186, 2732470.847985352855176 ], [ 403032.341131560970098, 2732485.129941148217767 ], [ 403032.703143932041712, 2732498.807313419878483 ], [ 403029.238407761964481, 2732511.818548387847841 ], [ 403026.784587581292726, 2732528.182116275653243 ], [ 403027.070437064452562, 2732532.675044249277562 ], [ 403025.002101307502016, 2732538.094606670551002 ], [ 403014.47014352446422, 2732596.502991269808263 ], [ 403006.010740900062956, 2732666.80197416478768 ], [ 402985.371021995553747, 2732731.61819628207013 ], [ 402949.822513348655775, 2732771.952579302713275 ], [ 402914.207901054876857, 2732806.414439235348254 ], [ 402893.367086849117186, 2732819.243648257106543 ], [ 402886.718129018205218, 2732820.951538469176739 ], [ 402867.752249706769362, 2732822.366543968673795 ], [ 402841.461113616998773, 2732817.443106438964605 ], [ 402821.988101712777279, 2732815.682386700995266 ], [ 402797.113058899587486, 2732801.229353113565594 ], [ 402778.894503278366756, 2732788.255347580183297 ], [ 402761.814812695025466, 2732764.508131983689964 ], [ 402744.627445421472657, 2732738.701154031790793 ], [ 402725.551221768313553, 2732712.248212791979313 ], [ 402717.624011875246651, 2732701.236043392214924 ], [ 402715.870037633925676, 2732695.337829956319183 ], [ 402709.930414721544366, 2732675.221192272845656 ], [ 402681.551421925309114, 2732646.284685619641095 ], [ 402670.093010483949911, 2732630.975591347087175 ], [ 402635.830068693030626, 2732590.169735679402947 ], [ 402590.987182706187014, 2732542.784250179305673 ], [ 402578.509466259856708, 2732529.434620503801852 ], [ 402542.228985559428111, 2732490.672574718017131 ], [ 402523.932451640837826, 2732474.138256677426398 ], [ 402506.081241311738268, 2732457.969262040685862 ], [ 402493.45703421003418, 2732446.497443350497633 ], [ 402470.34754820424132, 2732424.19459622586146 ], [ 402457.133790210820735, 2732411.485892730765045 ], [ 402439.131649094051681, 2732394.132791240233928 ], [ 402436.019253660691902, 2732391.826271037105471 ], [ 402399.811150990077294, 2732364.935829354450107 ], [ 402365.855008710059337, 2732332.434264412615448 ], [ 402364.259390817722306, 2732330.906988526228815 ], [ 402362.480290305917151, 2732329.571145175490528 ], [ 402330.799132286687382, 2732301.081808914430439 ], [ 402325.59408789005829, 2732297.383764253929257 ], [ 402315.930923063191585, 2732284.159933395683765 ], [ 402299.044950941461138, 2732274.968648927286267 ], [ 402293.026824023458175, 2732274.100656375288963 ], [ 402273.98131185118109, 2732260.457145115826279 ], [ 402220.775479050993454, 2732230.689099279232323 ], [ 402183.990965335513465, 2732208.87282255012542 ], [ 402178.932689453591593, 2732206.171562482137233 ], [ 402143.925124446919654, 2732179.879588373471051 ], [ 402109.463927587901708, 2732158.574893712066114 ], [ 402102.242444143397734, 2732154.108673399314284 ], [ 402087.562100738636218, 2732140.057301172986627 ], [ 402058.583052167552523, 2732112.258544349111617 ], [ 402039.718258477165364, 2732092.612064210232347 ], [ 402011.155927862215322, 2732055.305640072096139 ], [ 401992.78394542116439, 2732032.46133045386523 ], [ 401986.68192505533807, 2732024.908572365529835 ], [ 401976.033767984888982, 2732006.644613666459918 ], [ 401972.093791353923734, 2732000.794158672913909 ], [ 401960.27665093250107, 2731983.368248579092324 ], [ 401955.208289100730326, 2731977.354902545455843 ], [ 401924.731670071778353, 2731941.090285685844719 ], [ 401897.973982347466517, 2731911.992988551035523 ], [ 401896.299321593600325, 2731909.717608855105937 ], [ 401869.55480455205543, 2731886.931566572748125 ], [ 401867.160644344636239, 2731886.046638747677207 ], [ 401843.595414792129304, 2731877.188739034347236 ], [ 401783.989705493906513, 2731854.80953380279243 ], [ 401729.68533748248592, 2731843.374889441300184 ], [ 401724.483201431692578, 2731842.676433676853776 ], [ 401713.696235139563214, 2731840.912921574432403 ], [ 401675.532518101390451, 2731830.312496891245246 ], [ 401670.862611502641812, 2731828.227476286236197 ], [ 401640.841183769109193, 2731821.323071222286671 ], [ 401606.04798947495874, 2731813.398444268852472 ], [ 401563.43236621376127, 2731804.957554025109857 ], [ 401544.747380329761654, 2731799.242539427708834 ], [ 401542.357547191553749, 2731798.545007886830717 ], [ 401518.48344162129797, 2731795.56792658008635 ], [ 401505.19673918915214, 2731793.796520361676812 ], [ 401493.895318248018157, 2731792.336515799164772 ], [ 401493.895318248018157, 2740527.296354989055544 ] ] ], [ [ [ 401493.895318248018157, 2730527.296354989055544 ], [ 401493.895318248018157, 2731704.348440821282566 ], [ 401495.98012437595753, 2731703.887036332394928 ], [ 401505.744117903930601, 2731701.736007523257285 ], [ 401544.976700094877742, 2731695.503316004294902 ], [ 401574.823152009164914, 2731694.412776772864163 ], [ 401577.384095734392758, 2731694.356731971725821 ], [ 401580.13102352397982, 2731694.233920592814684 ], [ 401600.798538070928771, 2731693.469250988680869 ], [ 401661.501085077004973, 2731694.577720146160573 ], [ 401725.671716032491531, 2731697.11036305129528 ], [ 401788.726711865107063, 2731702.916814230382442 ], [ 401791.474789249827154, 2731702.856604686938226 ], [ 401802.302315430832095, 2731703.619468176737428 ], [ 401829.777110280934721, 2731705.517865762114525 ], [ 401834.220061512081884, 2731705.795497178565711 ], [ 401867.644719434611034, 2731705.438833998516202 ], [ 401870.130873961374164, 2731704.822141839656979 ], [ 401877.344791281793732, 2731703.226949715521187 ], [ 401904.519530943944119, 2731697.133185100276023 ], [ 401917.505468775518239, 2731693.72424794966355 ], [ 401936.982740714855026, 2731687.111568179912865 ], [ 401959.393903776770458, 2731668.936414358671755 ], [ 401983.502782274561469, 2731654.098412297200412 ], [ 402009.74786047777161, 2731631.215054573491216 ], [ 402017.399251528724562, 2731621.049006614368409 ], [ 402040.639804144680966, 2731600.793643990065902 ], [ 402050.017001602973323, 2731592.402107007801533 ], [ 402061.266143189859577, 2731578.158153408206999 ], [ 402075.258069381932728, 2731555.04285048507154 ], [ 402079.916590439504944, 2731545.192426913883537 ], [ 402092.085706142708659, 2731518.742675768211484 ], [ 402099.445487507618964, 2731492.398305754177272 ], [ 402106.266446484718472, 2731467.127934546675533 ], [ 402109.61576093104668, 2731445.995499796699733 ], [ 402111.094422288239002, 2731436.464644663967192 ], [ 402111.30152989475755, 2731431.648211885709316 ], [ 402112.829725045943633, 2731398.682560616638511 ], [ 402112.15521379763959, 2731382.137351976707578 ], [ 402111.552878950547893, 2731366.028060304932296 ], [ 402111.173483047110494, 2731362.974426820874214 ], [ 402109.784134489833377, 2731350.88168799970299 ], [ 402103.904276388289873, 2731339.199699133168906 ], [ 402093.173021598893683, 2731300.003295257687569 ], [ 402089.030963700148277, 2731276.347588665317744 ], [ 402067.974723951308988, 2731245.063241601921618 ], [ 402058.393734579556622, 2731235.587090153712779 ], [ 402047.784699971205555, 2731224.820885226596147 ], [ 402038.197024986729957, 2731215.032286017667502 ], [ 402032.509590375120752, 2731209.282410047017038 ], [ 402028.772663481242489, 2731198.4283810663037 ], [ 402023.959268299047835, 2731189.785236077383161 ], [ 402019.875855597958434, 2731177.376431559212506 ], [ 402034.830625830974896, 2731175.424459734000266 ], [ 402050.155352910107467, 2731176.089112316723913 ], [ 402063.625794475432485, 2731180.543433661572635 ], [ 402081.843102800659835, 2731184.89427712932229 ], [ 402094.596320924756583, 2731187.989595944993198 ], [ 402101.039926273922902, 2731191.160455065313727 ], [ 402110.656446346838493, 2731185.138560212682933 ], [ 402119.075019690964837, 2731175.768155381083488 ], [ 402127.61593521584291, 2731166.270206766668707 ], [ 402154.173390330281109, 2731134.819140478502959 ], [ 402156.407798838568851, 2731131.270670582540333 ], [ 402174.58519391156733, 2731102.377372986637056 ], [ 402185.466712578083389, 2731082.767363692633808 ], [ 402186.668244962522294, 2731080.554062757175416 ], [ 402189.976366348273586, 2731074.66983534116298 ], [ 402200.818452797189821, 2731053.248636324889958 ], [ 402202.568219620909076, 2731050.398151584435254 ], [ 402214.326887599774636, 2731019.45817544311285 ], [ 402217.988022407458629, 2731012.566836622077972 ], [ 402228.254568154574372, 2730993.407483769115061 ], [ 402233.732068420969881, 2730983.851685985922813 ], [ 402235.477800258726347, 2730980.813973673153669 ], [ 402242.155205894378014, 2730968.982106206007302 ], [ 402249.97270401683636, 2730960.687434643972665 ], [ 402257.783985725138336, 2730949.268399056047201 ], [ 402270.67839954822557, 2730933.113657447043806 ], [ 402273.665173667657655, 2730929.673861872404814 ], [ 402280.963566232472658, 2730920.515551958233118 ], [ 402290.753171694348566, 2730908.115957482717931 ], [ 402293.753149430383928, 2730902.426062912214547 ], [ 402298.495039115427062, 2730893.51123200263828 ], [ 402302.264472910785116, 2730885.867455351632088 ], [ 402312.137225253914949, 2730865.841973707545549 ], [ 402328.143160377629101, 2730834.809316304512322 ], [ 402330.473939956747927, 2730829.946495368611068 ], [ 402334.533889646700118, 2730821.296607237774879 ], [ 402340.863767416507471, 2730807.847673248033971 ], [ 402347.073821217520162, 2730794.651408314704895 ], [ 402347.969869151827879, 2730792.756989699788392 ], [ 402351.254877419560216, 2730785.811198289971799 ], [ 402354.957904653390869, 2730777.981420896947384 ], [ 402366.167610117874574, 2730744.80387595994398 ], [ 402373.385571383405477, 2730723.399260632228106 ], [ 402374.088775540469214, 2730721.259251331910491 ], [ 402380.763215148181189, 2730697.866922064684331 ], [ 402384.583869657071773, 2730675.411818456370384 ], [ 402384.506191153428517, 2730663.290462940465659 ], [ 402384.451383225678001, 2730660.792117468081415 ], [ 402384.138005420390982, 2730643.614272861275822 ], [ 402383.904326681105886, 2730632.933520717546344 ], [ 402376.206561989325564, 2730620.978835431858897 ], [ 402371.375844175636303, 2730614.398115081246942 ], [ 402369.247690465475898, 2730611.382694920059294 ], [ 402362.294603513786569, 2730604.910927316173911 ], [ 402353.466124256257899, 2730595.543005065526813 ], [ 402342.533974520745687, 2730584.283950525335968 ], [ 402315.133457208343316, 2730560.074858566280454 ], [ 402313.39950336900074, 2730557.925756908487529 ], [ 402306.911845045280643, 2730549.881335649639368 ], [ 402289.889810294436757, 2730528.757086885627359 ], [ 402288.926866994588636, 2730527.296354989055544 ], [ 401493.895318248018157, 2730527.296354989055544 ] ] ] ] } },
{ "type": "Feature", "properties": { "area_km2": 100.0, "block_id": "SYL-B028", "loss_pixels": 394.21960784313728, "plantation_ha": 0.0, "split": "train" }, "geometry": { "type": "Polygon", "coordinates": [ [ [ 401493.895318248018157, 2740527.296354989055544 ], [ 401493.895318248018157, 2750527.296354989055544 ], [ 411493.895318248018157, 2750527.296354989055544 ], [ 411493.895318248018157, 2740527.296354989055544 ], [ 401493.895318248018157, 2740527.296354989055544 ] ] ] } },
{ "type": "Feature", "properties": { "area_km2": 100.0, "block_id": "SYL-B029", "loss_pixels": 87.125490196078431, "plantation_ha": 0.0, "split": "train" }, "geometry": { "type": "Polygon", "coordinates": [ [ [ 401493.895318248018157, 2750527.296354989055544 ], [ 401493.895318248018157, 2760527.296354989055544 ], [ 411493.895318248018157, 2760527.296354989055544 ], [ 411493.895318248018157, 2750527.296354989055544 ], [ 401493.895318248018157, 2750527.296354989055544 ] ] ] } },
{ "type": "Feature", "properties": { "area_km2": 100.0, "block_id": "SYL-B030", "loss_pixels": 224.97647058823532, "plantation_ha": 0.42757946951842213, "split": "train" }, "geometry": { "type": "Polygon", "coordinates": [ [ [ 401493.895318248018157, 2760527.296354989055544 ], [ 401493.895318248018157, 2770527.296354989055544 ], [ 411493.895318248018157, 2770527.296354989055544 ], [ 411493.895318248018157, 2760527.296354989055544 ], [ 401493.895318248018157, 2760527.296354989055544 ] ] ] } },
{ "type": "Feature", "properties": { "area_km2": 100.0, "block_id": "SYL-B031", "loss_pixels": 79.0, "plantation_ha": 0.0, "split": "train" }, "geometry": { "type": "Polygon", "coordinates": [ [ [ 401493.895318248018157, 2770527.296354989055544 ], [ 401493.895318248018157, 2780527.296354989055544 ], [ 411493.895318248018157, 2780527.296354989055544 ], [ 411493.895318248018157, 2770527.296354989055544 ], [ 401493.895318248018157, 2770527.296354989055544 ] ] ] } },
{ "type": "Feature", "properties": { "area_km2": 47.11861357597369, "block_id": "SYL-B032", "loss_pixels": 318.41176470588232, "plantation_ha": 0.0, "split": "train" }, "geometry": { "type": "Polygon", "coordinates": [ [ [ 411493.895318248018157, 2780527.296354989055544 ], [ 401493.895318248018157, 2780527.296354989055544 ], [ 401493.895318248018157, 2785343.312709049321711 ], [ 401601.08549455658067, 2785288.390673493035138 ], [ 401705.669057430524845, 2785234.518498309887946 ], [ 401790.81980239704717, 2785190.846876110881567 ], [ 401852.93288681237027, 2785159.41399904852733 ], [ 401865.183856242278125, 2785157.110332735348493 ], [ 401867.873579027655069, 2785194.29788341652602 ], [ 401871.223078620969318, 2785239.121676310431212 ], [ 401878.923942451714538, 2785274.058819171972573 ], [ 401907.690261096286122, 2785302.002347899600863 ], [ 401943.68138798273867, 2785327.880331240128726 ], [ 401978.698401610483415, 2785357.988348693121225 ], [ 401999.229779653192963, 2785387.400151324924082 ], [ 402018.845046654285397, 2785428.885846816003323 ], [ 402024.00419129000511, 2785446.546120113227516 ], [ 402022.894866307149641, 2785540.878840055316687 ], [ 402024.513138206792064, 2785569.224670451134443 ], [ 402030.920603227510583, 2785592.506326024886221 ], [ 402042.017988734180108, 2785624.402156586293131 ], [ 402054.339218566485215, 2785631.550421103835106 ], [ 402078.810073116619606, 2785622.720193884335458 ], [ 402105.056294610607438, 2785630.997738143894821 ], [ 402107.563753547146916, 2785630.970563051756471 ], [ 402248.305026744666975, 2785589.282678887248039 ], [ 402410.989177400653716, 2785640.767205655109137 ], [ 402475.430277427600231, 2785626.988773300312459 ], [ 402528.263625306193717, 2785626.417033301666379 ], [ 402559.195369338151067, 2785623.256151641253382 ], [ 402561.833904591854662, 2785622.986468797549605 ], [ 402574.938426070730202, 2785618.834466673899442 ], [ 402589.790411579073407, 2785614.702046763151884 ], [ 402599.689273765077814, 2785620.66159859392792 ], [ 402604.362560918554664, 2785627.063453005626798 ], [ 402599.601804810750764, 2785635.94721583975479 ], [ 402594.789164018176962, 2785640.831941309385002 ], [ 402593.413653469411656, 2785642.228150436189026 ], [ 402585.400764495832846, 2785646.511022610124201 ], [ 402586.446835507405922, 2785651.933997895568609 ], [ 402602.366999846999533, 2785656.239276353735477 ], [ 402612.07232294784626, 2785663.206917210482061 ], [ 402619.196274618676398, 2785674.617442904040217 ], [ 402630.289071790815797, 2785705.909385719336569 ], [ 402656.902367668808438, 2785714.762668361421674 ], [ 402676.129244684008881, 2785703.960653257090598 ], [ 402677.89277008920908, 2785616.4607605477795 ], [ 402768.576197950402275, 2785586.625778675545007 ], [ 402804.320126492180862, 2785557.894137626048177 ], [ 402806.961621910275426, 2785555.770797458011657 ], [ 402809.308265541912988, 2785553.944600342772901 ], [ 402849.753488199203275, 2785522.468984881415963 ], [ 402905.593217991292477, 2785485.853850697632879 ], [ 402955.969391502556391, 2785471.803094668313861 ], [ 402966.396953347721137, 2785467.703300499822944 ], [ 402990.785474483040161, 2785457.462211804464459 ], [ 403048.83109364163829, 2785474.12558429222554 ], [ 403083.713648390839808, 2785486.134162979200482 ], [ 403087.008077661506832, 2785482.396951308939606 ], [ 403105.537527624866925, 2785490.402179156895727 ], [ 403132.694249171530828, 2785491.702674079686403 ], [ 403156.438381445419509, 2785492.839977114927024 ], [ 403165.624014308385085, 2785511.073351183906198 ], [ 403166.889236341405194, 2785526.900802323129028 ], [ 403167.841201058414299, 2785538.810379735194147 ], [ 403169.227625002735294, 2785556.667401020415127 ], [ 403171.399514794931747, 2785584.638984265271574 ], [ 403168.842435414378997, 2785593.414440387859941 ], [ 403160.416868361004163, 2785622.329924327321351 ], [ 403155.563962143089157, 2785645.896415050141513 ], [ 403158.606499785732012, 2785676.443739514332265 ], [ 403171.999606787227094, 2785719.584421397652477 ], [ 403190.913063396583311, 2785747.801325185224414 ], [ 403206.776561537291855, 2785744.466164621058851 ], [ 403224.295096191461198, 2785747.352165757212788 ], [ 403252.725821208616253, 2785757.196779250632972 ], [ 403276.650543837517034, 2785783.164224393665791 ], [ 403274.099413772288244, 2785818.781469549052417 ], [ 403289.327981051406823, 2785865.327593367546797 ], [ 403317.053808843134902, 2785942.752159334719181 ], [ 403339.683150070137344, 2785929.712785112205893 ], [ 403354.956065086880699, 2785921.260616790503263 ], [ 403371.730217927251942, 2785911.978023425675929 ], [ 403390.569220972305629, 2785911.669187996070832 ], [ 403394.252484599419404, 2785911.608845638111234 ], [ 403431.398601663880982, 2785925.398462381679565 ], [ 403504.282351896865293, 2785932.300159228499979 ], [ 403575.586403586552478, 2785928.765392218716443 ], [ 403589.23325686797034, 2785924.842638768255711 ], [ 403614.466627024812624, 2785910.375419057440013 ], [ 403703.657968054059893, 2785923.389613917563111 ], [ 403725.249593030603137, 2785919.245809213258326 ], [ 403734.1842837696895, 2785917.531052180565894 ], [ 403764.071287635539193, 2785906.851303505245596 ], [ 403778.98446414899081, 2785910.964186571538448 ], [ 403806.444074219616596, 2785925.441718615591526 ], [ 403826.393872781074606, 2785930.723307406529784 ], [ 403833.405989464954473, 2785935.011544561013579 ], [ 403857.911265269503929, 2785949.997186823282391 ], [ 403870.128029204555787, 2785939.861106683500111 ], [ 403876.500599824532401, 2785934.574190584942698 ], [ 403922.440232730179559, 2785928.596981671638787 ], [ 403935.506160007906146, 2785927.695769072975963 ], [ 403973.612235996115487, 2785940.485099691897631 ], [ 404017.418765208567493, 2785935.534210290294141 ], [ 404057.758906605304219, 2785924.172710581216961 ], [ 404105.005295027163811, 2785922.011629858519882 ], [ 404132.487136211246252, 2785939.505947275087237 ], [ 404139.047887364169583, 2785946.331523693166673 ], [ 404161.140278161794413, 2785969.667333319783211 ], [ 404207.827408965444192, 2786000.493132874835283 ], [ 404228.448566977109294, 2785986.609836146235466 ], [ 404239.845845249423292, 2785978.936688127927482 ], [ 404261.259449856588617, 2785964.69977300753817 ], [ 404300.232106187264435, 2785958.778779813554138 ], [ 404325.14181434904458, 2785927.822470271028578 ], [ 404340.318203134695068, 2785968.503863009158522 ], [ 404345.867222812783439, 2785983.378204902168363 ], [ 404366.379978386452422, 2785983.225923902820796 ], [ 404393.532427360943984, 2785971.16923214495182 ], [ 404409.015929430606775, 2785964.293931838590652 ], [ 404429.969140953558963, 2785961.03275552438572 ], [ 404439.884871517308056, 2785962.95101902494207 ], [ 404463.775247013778426, 2785967.572966523468494 ], [ 404492.486044443503488, 2785966.5969941415824 ], [ 404531.392964066180866, 2785951.827926400583237 ], [ 404580.65311240137089, 2785930.336141490377486 ], [ 404583.423964788322337, 2785929.127121489495039 ], [ 404624.540006713999901, 2785919.16347630135715 ], [ 404637.078745899256319, 2785920.931209820788354 ], [ 404641.897643137839623, 2785921.610540025867522 ], [ 404659.772434761282057, 2785924.130295161623508 ], [ 404673.231440433301032, 2785931.667910800781101 ], [ 404681.750461955962237, 2785936.568049113731831 ], [ 404692.21758767135907, 2785942.588770322501659 ], [ 404694.860316459264141, 2785939.536744027864188 ], [ 404713.952719329565298, 2785917.488313931971788 ], [ 404697.370516075112391, 2785878.192670998163521 ], [ 404689.783234179252759, 2785858.540188088081777 ], [ 404672.849407546105795, 2785826.08508633589372 ], [ 404662.944610581325833, 2785809.671848346944898 ], [ 404660.876584972429555, 2785802.04520565085113 ], [ 404670.795992137223948, 2785783.669095914810896 ], [ 404698.747629210818559, 2785756.109563273843378 ], [ 404772.619479858258273, 2785710.31043918710202 ], [ 404794.471283212536946, 2785700.896776983048767 ], [ 404814.56080608710181, 2785697.931435400154442 ], [ 404818.888020342506934, 2785700.092856763862073 ], [ 404826.067108618677594, 2785703.678958510048687 ], [ 404853.672450170502998, 2785791.964523913804442 ], [ 404866.436101302504539, 2785804.539748103357852 ], [ 404871.72937992552761, 2785811.732044250238687 ], [ 404875.243527376442216, 2785825.993692596908659 ], [ 404893.882675690052565, 2785844.358097629621625 ], [ 404898.713639422378037, 2785850.249937735497952 ], [ 404925.068071469664574, 2785873.087830808479339 ], [ 404963.115306250285357, 2785932.134564680978656 ], [ 404984.188748283311725, 2785953.296208108309656 ], [ 405004.927992510900367, 2785956.561164029873908 ], [ 405026.459558754751924, 2785958.210793711710721 ], [ 405040.141417476756033, 2785949.943580109626055 ], [ 405041.296076277270913, 2785949.026822456624359 ], [ 405060.20219802937936, 2785933.546691107098013 ], [ 405077.456121737195645, 2785919.419399379752576 ], [ 405106.056780153303407, 2785870.939068429172039 ], [ 405109.795172648737207, 2785865.578928077127784 ], [ 405130.732327186851762, 2785835.559978174511343 ], [ 405168.667010686185677, 2785854.091707497369498 ], [ 405220.353270294552203, 2785879.341227249708027 ], [ 405259.108855321886949, 2785898.359843325335532 ], [ 405335.602329614281189, 2785934.7971265707165 ], [ 405471.212556701386347, 2785996.739670716691762 ], [ 405511.60785760183353, 2785982.06695830821991 ], [ 405570.697796348307747, 2785960.603711128700525 ], [ 405715.279187981039286, 2785903.620190853718668 ], [ 405785.465706159826368, 2785876.149217056110501 ], [ 405925.670445746160112, 2785820.79847159748897 ], [ 405943.72595488850493, 2785813.67045917827636 ], [ 405948.494792853598483, 2785811.78771288273856 ], [ 405998.812182152527384, 2785789.89472688967362 ], [ 406059.291740374348592, 2785787.344124537426978 ], [ 406108.788228991092183, 2785785.256642791442573 ], [ 406379.534266920760274, 2785773.788367677014321 ], [ 406434.291433316480834, 2785771.374952798709273 ], [ 406671.727079628268257, 2785760.360160633921623 ], [ 406722.98895428533433, 2785715.403027342632413 ], [ 406784.821721439075191, 2785661.17513643624261 ], [ 406978.818433724809438, 2785487.981061237864196 ], [ 407171.195819413638674, 2785313.392045957501978 ], [ 407186.960276801371947, 2785326.372562075965106 ], [ 407248.899259810277727, 2785377.372960808686912 ], [ 407352.097183098085225, 2785462.08031139569357 ], [ 407396.818959656055085, 2785499.155394024215639 ], [ 407411.280518832441885, 2785496.635460092686117 ], [ 407504.805872529977933, 2785479.797310519963503 ], [ 407616.345020911830943, 2785459.715886595193297 ], [ 407684.913602855987847, 2785413.596190858166665 ], [ 407727.266632569488138, 2785385.10917194513604 ], [ 407797.840129931515548, 2785337.652149929665029 ], [ 407928.922022457234561, 2785249.039211174473166 ], [ 407975.596804489439819, 2785217.271979611366987 ], [ 408056.788009392621461, 2785162.012574145104736 ], [ 408107.882977568893693, 2785136.49358336860314 ], [ 408205.463470435235649, 2785087.703066172078252 ], [ 408257.893812219961546, 2785061.387455506250262 ], [ 408341.713789516885299, 2785019.317224184516817 ], [ 408523.047967721358873, 2784928.475455318577588 ], [ 408734.548610784695484, 2784972.960190002806485 ], [ 408812.712531244149432, 2784930.536846471950412 ], [ 408822.075479605759028, 2784925.615102080628276 ], [ 409053.51686411065748, 2784799.678729628678411 ], [ 409179.626258369477, 2784730.731439314782619 ], [ 409254.911638517980464, 2784712.87608354119584 ], [ 409308.117412316496484, 2784700.816676277667284 ], [ 409402.600573274365161, 2784678.613940691109747 ], [ 409488.403255118406378, 2784658.451100606005639 ], [ 409575.534793195140082, 2784638.039974680170417 ], [ 409684.350086627411656, 2784612.549316660501063 ], [ 409746.787098321539816, 2784597.806797886732966 ], [ 409783.010435828007758, 2784492.5561180007644 ], [ 409824.745515758986585, 2784371.176301487255841 ], [ 409858.288121591031086, 2784371.209869765210897 ], [ 409872.409986664482858, 2784371.224066585302353 ], [ 410011.985894046316389, 2784371.596343672368675 ], [ 410073.931480566738173, 2784371.940848198719323 ], [ 410089.585905572457705, 2784341.892344144172966 ], [ 410151.660347965080291, 2784222.740814565680921 ], [ 410205.3963759256294, 2784119.572176906745881 ], [ 410256.328730592736974, 2784099.284391693305224 ], [ 410498.715407465700991, 2784003.015397447627038 ], [ 410610.179014449124224, 2783958.688415612559766 ], [ 410611.681934902968351, 2783957.959677266422659 ], [ 410643.535299655399285, 2783945.17173185525462 ], [ 410685.771102671395056, 2783922.038250363897532 ], [ 410688.532532956684008, 2783920.699345265049487 ], [ 411022.422605320694856, 2783736.616315520368516 ], [ 411050.864049824827816, 2783720.918882763013244 ], [ 411069.717412990983576, 2783710.505683168303221 ], [ 411083.71209268621169, 2783702.775990807916969 ], [ 411122.042018538806587, 2783681.983287670649588 ], [ 411195.946509896079078, 2783586.508507996797562 ], [ 411290.564119195507374, 2783463.731300513260067 ], [ 411299.329020780045539, 2783452.403495944105089 ], [ 411421.344612855988089, 2783363.00868043070659 ], [ 411447.112503094424028, 2783353.944758544210345 ], [ 411493.895318248018157, 2783337.488530403003097 ], [ 411493.895318248018157, 2780527.296354989055544 ] ] ] } },
{ "type": "Feature", "properties": { "area_km2": 7.5098128903260211, "block_id": "SYL-B033", "loss_pixels": 25.615686274509805, "plantation_ha": 0.0, "split": "val" }, "geometry": { "type": "Polygon", "coordinates": [ [ [ 411493.895318248018157, 2740527.296354989055544 ], [ 418913.600852311355993, 2740527.296354989055544 ], [ 418908.725987855927087, 2740518.534416768234223 ], [ 418905.552032520063221, 2740513.418093787040561 ], [ 418877.119348570937291, 2740473.428592171519995 ], [ 418840.142126959282905, 2740442.686735235154629 ], [ 418800.259192764118779, 2740404.823103846050799 ], [ 418774.661883774213493, 2740380.14203464705497 ], [ 418755.209583899122663, 2740362.136607000604272 ], [ 418749.053761721472256, 2740354.961432381998748 ], [ 418743.586968127521686, 2740345.021666779182851 ], [ 418740.686092788178939, 2740309.65773307858035 ], [ 418741.617714878870174, 2740303.701514400076121 ], [ 418745.754668862558901, 2740272.994188726413995 ], [ 418749.011444432660937, 2740264.800054913852364 ], [ 418755.583903166116215, 2740245.410936463624239 ], [ 418760.333321389742196, 2740234.059802723117173 ], [ 418766.120306619559415, 2740224.43559400876984 ], [ 418767.878655376029201, 2740219.148348992690444 ], [ 418772.862216427281965, 2740204.230582803953439 ], [ 418773.433311172411777, 2740201.781286160461605 ], [ 418783.38827990705613, 2740160.01179713010788 ], [ 418788.420777492690831, 2740144.468092077877373 ], [ 418791.817024698946625, 2740122.712181292008609 ], [ 418792.28428920393344, 2740098.458662108518183 ], [ 418793.999239795142785, 2740085.487142166588455 ], [ 418793.976344100723509, 2740041.749822165817022 ], [ 418793.578864755225368, 2740023.638714797329158 ], [ 418792.509096196678001, 2740017.601242606062442 ], [ 418785.644374045426957, 2739978.138007320929319 ], [ 418779.93518189759925, 2739957.144310078583658 ], [ 418770.661368889152072, 2739933.166957881301641 ], [ 418759.007644914090633, 2739903.243779571261257 ], [ 418757.386042042868212, 2739900.530197671614587 ], [ 418742.979612599010579, 2739867.605539988726377 ], [ 418732.272730324766599, 2739846.658956914208829 ], [ 418730.576337341743056, 2739843.384606914129108 ], [ 418726.083483886905015, 2739835.110572679899633 ], [ 418711.819754570082296, 2739808.681109231896698 ], [ 418699.511728074634448, 2739785.957569726742804 ], [ 418693.663349226932041, 2739775.713991464581341 ], [ 418687.557191190833692, 2739765.100854959338903 ], [ 418683.187861120153684, 2739756.761658763512969 ], [ 418649.547613709932193, 2739693.017984877806157 ], [ 418643.145858527976088, 2739677.475193943828344 ], [ 418639.458632903988473, 2739671.745258536655456 ], [ 418629.645015088201035, 2739657.339880610350519 ], [ 418624.382692299550399, 2739651.019583586603403 ], [ 418618.031401981890667, 2739643.473537769168615 ], [ 418593.998366265732329, 2739613.197143046651036 ], [ 418575.624966868257616, 2739593.106074065901339 ], [ 418556.205537203815766, 2739576.599407140165567 ], [ 418536.922300440724939, 2739563.463990104850382 ], [ 418524.174727823759895, 2739554.871125371661037 ], [ 418521.471776331251021, 2739548.432244544383138 ], [ 418512.656243688776158, 2739548.188313350081444 ], [ 418500.395227617584169, 2739541.834344630129635 ], [ 418465.118073121760972, 2739531.611550681293011 ], [ 418436.008342838729732, 2739526.251980933360755 ], [ 418412.841421630233526, 2739521.199465172830969 ], [ 418371.598941259551793, 2739512.482242977712303 ], [ 418353.598980143549852, 2739512.25233316142112 ], [ 418346.160162850166671, 2739512.103140427730978 ], [ 418301.413001249777153, 2739520.208274250850081 ], [ 418250.124095338396728, 2739526.332516111899167 ], [ 418188.097179016913287, 2739538.565799428615719 ], [ 418141.493817586568184, 2739558.895763560663909 ], [ 418108.258074131794274, 2739573.371474619023502 ], [ 418092.87740128551377, 2739581.456970686092973 ], [ 418070.094847497995943, 2739591.079293248709291 ], [ 418044.235056723817252, 2739597.145328797865659 ], [ 418024.411843793466687, 2739604.953489860519767 ], [ 417998.560851067071781, 2739614.2684525270015 ], [ 417971.774531411298085, 2739623.666419015731663 ], [ 417961.78134179970948, 2739626.697434656322002 ], [ 417924.992236468649935, 2739633.003298446536064 ], [ 417867.223152545047924, 2739645.642982169985771 ], [ 417850.149907785700634, 2739650.641516435425729 ], [ 417816.064646468032151, 2739660.574501437600702 ], [ 417812.463074075232726, 2739661.590878096409142 ], [ 417768.377369036257733, 2739665.682518593035638 ], [ 417687.281393191660754, 2739683.083207636140287 ], [ 417679.564535850251559, 2739684.502176564652473 ], [ 417669.874892703548539, 2739684.277389070950449 ], [ 417636.922086984559428, 2739688.874778902158141 ], [ 417617.921404272085056, 2739688.604290005285293 ], [ 417604.91748914506752, 2739688.264975086785853 ], [ 417583.855596523208078, 2739688.039817314594984 ], [ 417571.856425347737968, 2739687.928197549190372 ], [ 417557.856059139710851, 2739687.735614076722413 ], [ 417539.793289599008858, 2739687.50725597795099 ], [ 417528.75776060851058, 2739685.75002992991358 ], [ 417516.701643817184959, 2739685.889615682419389 ], [ 417482.021618220838718, 2739688.650265663862228 ], [ 417478.69313123280881, 2739685.036759759765118 ], [ 417453.728371573030017, 2739686.334468689281493 ], [ 417432.629600287647918, 2739684.423134218901396 ], [ 417392.350395734596532, 2739674.060186849441379 ], [ 417375.242524832836352, 2739668.937321847770363 ], [ 417350.074078791192733, 2739663.803530910983682 ], [ 417329.003418603038881, 2739660.329471583943814 ], [ 417293.795793446712196, 2739653.291906736791134 ], [ 417279.761061283177696, 2739651.537981499452144 ], [ 417248.590313245134894, 2739646.223577165044844 ], [ 417212.589978367206641, 2739645.764059501700103 ], [ 417180.526700835733209, 2739645.34317289525643 ], [ 417154.666728817450348, 2739651.409118290059268 ], [ 417128.745788127707783, 2739657.538930368609726 ], [ 417105.959005279990379, 2739666.97419949201867 ], [ 417091.136098599876277, 2739674.860046423505992 ], [ 417069.357354597421363, 2739687.522286478430033 ], [ 417054.837732142303139, 2739697.838351119309664 ], [ 417044.74749322514981, 2739704.995447107590735 ], [ 417035.088233906310052, 2739714.704878677148372 ], [ 417023.299572199233808, 2739735.583144255448133 ], [ 417005.976850911043584, 2739760.519254602957517 ], [ 416992.050912539707497, 2739786.50559438765049 ], [ 416966.202310506312642, 2739827.249779920559376 ], [ 416951.029015449574217, 2739847.639944753143936 ], [ 416936.189500227454118, 2739880.394634930416942 ], [ 416935.188114959571976, 2739883.165856339037418 ], [ 416927.408231806417461, 2739907.330158634111285 ], [ 416923.313402128056623, 2739920.041863033082336 ], [ 416918.103933743434027, 2739933.215063684619963 ], [ 416913.656351664511021, 2739946.934048517141491 ], [ 416904.002805579220876, 2739971.139750857837498 ], [ 416893.210101451026276, 2739994.682907583657652 ], [ 416886.914371872495394, 2740006.755398251116276 ], [ 416879.779857558954973, 2740020.470952769741416 ], [ 416873.780569005291909, 2740028.975393869914114 ], [ 416866.204296070092823, 2740039.638831624761224 ], [ 416854.499023477837909, 2740055.766716666053981 ], [ 416843.781362873734906, 2740068.498689574189484 ], [ 416833.066394655383192, 2740081.355566440150142 ], [ 416817.185105612152256, 2740092.263791813980788 ], [ 416775.479522054316476, 2740110.862136099021882 ], [ 416727.938219785515685, 2740128.338789372239262 ], [ 416708.06025599129498, 2740127.962900981772691 ], [ 416695.995775256596971, 2740127.727758008986712 ], [ 416668.989744700491428, 2740127.133326935581863 ], [ 416663.620268885337282, 2740127.31364356353879 ], [ 416656.108051691786386, 2740126.666279650758952 ], [ 416616.484420225839131, 2740123.412285785190761 ], [ 416594.011610604415182, 2740121.531024067196995 ], [ 416541.073076643340755, 2740118.006782015785575 ], [ 416524.982929147372488, 2740110.861980483401567 ], [ 416524.418798414699268, 2740107.937617976218462 ], [ 416479.998410739353858, 2740091.104760474991053 ], [ 416466.831879660137929, 2740086.207701843697578 ], [ 416445.687005209329072, 2740079.361299808137119 ], [ 416426.577674047206528, 2740074.157251176889986 ], [ 416413.44413057831116, 2740070.758865315467119 ], [ 416400.372954324469902, 2740067.359228627756238 ], [ 416368.165626796835568, 2740060.38074887637049 ], [ 416352.023952813236974, 2740053.736875108443201 ], [ 416334.950125525414478, 2740050.175041097681969 ], [ 416316.81601466180291, 2740046.699155875016004 ], [ 416298.640303275431506, 2740038.475372657179832 ], [ 416284.538847363903187, 2740036.535503098275512 ], [ 416277.194831393600907, 2740035.009624049533159 ], [ 416272.602655054070055, 2740033.610816516447812 ], [ 416268.575529780820943, 2740032.32475061295554 ], [ 416254.222873325750697, 2740030.327632011380047 ], [ 416250.337064165913034, 2740029.788188778329641 ], [ 416230.282074991671834, 2740027.041628525126725 ], [ 416190.996788736723829, 2740019.281240487471223 ], [ 416186.29086737986654, 2740018.38489946955815 ], [ 416158.966291441931389, 2740020.359160931315273 ], [ 416153.796402706764638, 2740021.097463394515216 ], [ 416151.267122532823123, 2740028.276262324303389 ], [ 416139.15820196014829, 2740023.168342162389308 ], [ 416113.024395706714131, 2740019.618117049336433 ], [ 416088.62453559669666, 2740009.656380594708025 ], [ 416065.222949610091746, 2739988.238098949193954 ], [ 416045.749479396617971, 2739974.981667444109917 ], [ 416029.261209265154321, 2739966.78319604229182 ], [ 416019.468516504741274, 2739961.874476133380085 ], [ 415968.280284385487903, 2739935.630072923377156 ], [ 415918.434231809398625, 2739910.73089443705976 ], [ 415876.386667972663417, 2739893.845745658501983 ], [ 415852.206606335530523, 2739882.504512764047831 ], [ 415837.116800338379107, 2739875.400358482263982 ], [ 415831.56206582474988, 2739872.835404317360371 ], [ 415809.467553365626372, 2739862.573079760652035 ], [ 415773.72791308327578, 2739845.549491470679641 ], [ 415768.676729585044086, 2739843.160998380277306 ], [ 415730.18445770337712, 2739823.13615642208606 ], [ 415691.756040532025509, 2739803.172487803734839 ], [ 415659.334756439435296, 2739786.451082921586931 ], [ 415651.694200323254336, 2739782.807279514614493 ], [ 415629.610718714015093, 2739767.35846831696108 ], [ 415601.618083727080375, 2739750.289804521482438 ], [ 415580.033635080151726, 2739731.955871429760009 ], [ 415559.580257896683179, 2739713.909400736447424 ], [ 415537.198207364708651, 2739699.092094394378364 ], [ 415529.847971038543619, 2739694.442197701428086 ], [ 415524.018635145213921, 2739690.758604107890278 ], [ 415509.875332899508066, 2739684.070698335766792 ], [ 415493.634207654278725, 2739675.741994162090123 ], [ 415477.455436294432729, 2739667.41170913213864 ], [ 415460.142334833974019, 2739655.794728208333254 ], [ 415450.035835389164276, 2739650.830180722754449 ], [ 415424.714297502185218, 2739635.88994830660522 ], [ 415405.266478854988236, 2739629.50601422181353 ], [ 415395.600767684867606, 2739627.531254548579454 ], [ 415357.264929097727872, 2739628.872281916439533 ], [ 415342.601937386789359, 2739649.751500471960753 ], [ 415335.885336316656321, 2739662.583201883360744 ], [ 415331.721945817931555, 2739666.486156612634659 ], [ 415328.474842577532399, 2739675.117620019242167 ], [ 415320.150243825919461, 2739705.79271569987759 ], [ 415317.513984313874971, 2739713.786028529983014 ], [ 415312.710725185170304, 2739728.387783201411366 ], [ 415304.527423016144894, 2739765.495517994742841 ], [ 415302.380320629337803, 2739781.538526577409357 ], [ 415281.790943211992271, 2739828.478674105834216 ], [ 415241.28573320369469, 2739844.863793624565005 ], [ 415197.507824770873412, 2739837.389209382701665 ], [ 415122.629144402279053, 2739824.973791610915214 ], [ 415074.882795515470207, 2739813.212518008425832 ], [ 415049.779112485994119, 2739813.88833174481988 ], [ 415036.482614146894775, 2739811.61832178151235 ], [ 415020.460233366815373, 2739804.721982997376472 ], [ 414997.245385766320396, 2739794.671464762184769 ], [ 414973.904258239024784, 2739784.561409370508045 ], [ 414924.036672836984508, 2739795.715802279300988 ], [ 414920.962422787211835, 2739800.844578076153994 ], [ 414887.328818546724506, 2739791.522789418231696 ], [ 414883.742894542112481, 2739790.414351785089821 ], [ 414843.401711939717643, 2739780.114965038839728 ], [ 414830.405880714417435, 2739780.150286877993494 ], [ 414812.405214277270716, 2739779.920570941176265 ], [ 414784.16043805074878, 2739771.292813072446734 ], [ 414757.646296976017766, 2739761.814609349239618 ], [ 414743.122930550598539, 2739754.885312465019524 ], [ 414735.911352204508148, 2739750.85698494547978 ], [ 414707.075765821675304, 2739735.243845067452639 ], [ 414677.238297128118575, 2739713.841624525375664 ], [ 414652.356876767124049, 2739687.644399001263082 ], [ 414643.912851633154787, 2739678.707103744614869 ], [ 414611.994401727453806, 2739639.355067731812596 ], [ 414592.86455675191246, 2739621.841760100796819 ], [ 414560.73781170451548, 2739598.615240210667253 ], [ 414492.144827058829833, 2739559.443097176030278 ], [ 414469.862835800391622, 2739543.498662014026195 ], [ 414446.422073511872441, 2739531.70366999367252 ], [ 414437.280695130815729, 2739525.155869130976498 ], [ 414427.076204080774914, 2739518.569141011685133 ], [ 414416.526478866348043, 2739510.490157636813819 ], [ 414409.788340607541613, 2739505.264429148752242 ], [ 414406.799520842614584, 2739502.893000141717494 ], [ 414394.771607620001305, 2739470.165203551761806 ], [ 414392.453437450691126, 2739461.34316523373127 ], [ 414387.750823925249279, 2739443.513350747991353 ], [ 414384.142753293446731, 2739427.158978494349867 ], [ 414375.527986919216346, 2739407.602969466242939 ], [ 414372.131911105359904, 2739398.054861191194504 ], [ 414358.81532463390613, 2739377.789585043210536 ], [ 414331.524758673331235, 2739341.460084415972233 ], [ 414324.349362433538772, 2739336.243858742527664 ], [ 414313.62266836699564, 2739325.794384862761945 ], [ 414302.405920248420443, 2739315.793009276967496 ], [ 414298.21937952801818, 2739312.948204278480262 ], [ 414290.165773939399514, 2739307.563692064490169 ], [ 414270.843676890421193, 2739292.67901869257912 ], [ 414262.919864206342027, 2739284.667360681574792 ], [ 414249.390961772063747, 2739274.654339857865125 ], [ 414235.174978844530415, 2739264.656224145554006 ], [ 414224.424775574472733, 2739258.831129802856594 ], [ 414222.021345868939534, 2739257.509218738880008 ], [ 414213.864491776330397, 2739253.126787010580301 ], [ 414206.40458510373719, 2739249.16659568157047 ], [ 414191.613303994410671, 2739241.430690568406135 ], [ 414165.875581319560297, 2739230.310622052289546 ], [ 414162.829676641442347, 2739228.190528080798686 ], [ 414147.120854769658763, 2739221.349585577845573 ], [ 414138.402811219450086, 2739219.853727289941162 ], [ 414136.395912895444781, 2739219.522903576493263 ], [ 414080.900455975905061, 2739224.802187784574926 ], [ 414052.445595163037069, 2739232.237415694631636 ], [ 414037.659519189270213, 2739236.1235236604698 ], [ 414034.619771323923487, 2739237.127430255524814 ], [ 414028.415320755389985, 2739239.138126410078257 ], [ 414001.531462841201574, 2739246.976300986018032 ], [ 413977.742146336415317, 2739256.308724430389702 ], [ 413968.150793869397603, 2739260.580736269708723 ], [ 413945.681958265660796, 2739267.447295439895242 ], [ 413903.313837218855042, 2739278.68688753247261 ], [ 413866.401879844372161, 2739293.680949134752154 ], [ 413835.656771952228155, 2739302.103727925568819 ], [ 413807.68867655901704, 2739306.091728105209768 ], [ 413798.034197020460851, 2739307.490618629381061 ], [ 413762.16152728558518, 2739312.901691614184529 ], [ 413727.558862359379418, 2739313.536137161776423 ], [ 413690.270545543287881, 2739314.229513566475362 ], [ 413686.62220976757817, 2739307.436175604350865 ], [ 413666.659891887684353, 2739314.622641182038933 ], [ 413660.832890632271301, 2739316.749970118049532 ], [ 413609.908713474520482, 2739322.491305817384273 ], [ 413580.918039307638537, 2739325.439466775860637 ], [ 413548.052039783331566, 2739328.347580251749605 ], [ 413529.834289710270241, 2739335.308287132065743 ], [ 413527.170664153818507, 2739336.36643138807267 ], [ 413524.688867649820168, 2739337.170846740249544 ], [ 413502.348292666254565, 2739347.033783184830099 ], [ 413478.594486455782317, 2739357.99005282856524 ], [ 413453.943499141780194, 2739370.778153121471405 ], [ 413441.925154282187577, 2739378.352531515061855 ], [ 413398.930881448206492, 2739400.915880171582103 ], [ 413372.661865630652755, 2739402.617033716291189 ], [ 413360.495462768012658, 2739403.446502579376101 ], [ 413345.431453513447195, 2739403.214672308415174 ], [ 413336.492251395364292, 2739403.035936292260885 ], [ 413305.286120261880569, 2739396.159979200921953 ], [ 413277.973137286026031, 2739384.449785600882024 ], [ 413267.49260314879939, 2739376.681726693175733 ], [ 413246.470524695760105, 2739361.209356356412172 ], [ 413220.328079063736368, 2739337.351323219016194 ], [ 413217.53897148615215, 2739335.538003828842193 ], [ 413190.27783631690545, 2739311.954477311111987 ], [ 413169.822627797955647, 2739293.84520822763443 ], [ 413148.466273698606528, 2739277.380323224700987 ], [ 413140.223276053089648, 2739269.063217896036804 ], [ 413116.514721424668096, 2739236.528739874251187 ], [ 413097.949958916171454, 2739213.441664843354374 ], [ 413077.424916321993805, 2739192.147264222614467 ], [ 413067.753740069339983, 2739184.236282453872263 ], [ 413055.0297416994581, 2739173.893103419337422 ], [ 413048.428696472547017, 2739169.226600574795157 ], [ 413038.718167658778839, 2739162.378856039140373 ], [ 413025.538310743751936, 2739154.04502473725006 ], [ 413009.219584273872897, 2739139.344269738066941 ], [ 413002.015488202567212, 2739132.816317240707576 ], [ 412987.729629099427257, 2739119.632969313766807 ], [ 412981.000969468674157, 2739114.844159962143749 ], [ 412971.479210516554303, 2739108.05484945140779 ], [ 412944.629589151067194, 2739071.902685583569109 ], [ 412935.04700398107525, 2739059.490967448335141 ], [ 412920.919367813912686, 2739050.67816756432876 ], [ 412905.133141099358909, 2739037.465147279202938 ], [ 412881.127669319976121, 2739019.871204806026071 ], [ 412842.242691257910337, 2739001.916274944320321 ], [ 412836.750193549785763, 2738999.349776491522789 ], [ 412834.610240281326696, 2738998.646902957931161 ], [ 412809.512467185792048, 2738991.074636235367507 ], [ 412797.498609117523301, 2738987.464153223671019 ], [ 412765.481786574295256, 2738986.354506448842585 ], [ 412726.561682995816227, 2738989.583016532938927 ], [ 412713.497737412923016, 2738989.369688654318452 ], [ 412698.498628493573051, 2738989.261387858074158 ], [ 412686.560115661704913, 2738989.085940072778612 ], [ 412662.432983538601547, 2738994.426801267080009 ], [ 412650.87878572876798, 2738994.6801698775962 ], [ 412621.879510501108598, 2738997.253536188974977 ], [ 412583.134594991803169, 2738994.229646654333919 ], [ 412556.091492215287872, 2738994.822976140771061 ], [ 412511.66580390749732, 2738997.734762151259929 ], [ 412482.686339104489889, 2738998.370496040675789 ], [ 412424.239029414718971, 2739000.152861030772328 ], [ 412421.372498791897669, 2738997.653834278695285 ], [ 412418.379399095021654, 2738995.095146864652634 ], [ 412413.316444798314478, 2738995.018911345861852 ], [ 412400.378549988032319, 2738994.865322166122496 ], [ 412374.921331277117133, 2738976.615673841908574 ], [ 412344.430696170311421, 2738956.789396688342094 ], [ 412310.72598181606736, 2738927.161121006589383 ], [ 412278.296685691515449, 2738901.566098507028073 ], [ 412276.198662258684635, 2738899.92498395126313 ], [ 412269.011074547830503, 2738894.146656138822436 ], [ 412234.141120284213684, 2738871.229574241675436 ], [ 412221.208392068161629, 2738862.765463888179511 ], [ 412179.609150308417156, 2738837.871591399423778 ], [ 412152.993899348308332, 2738826.645704358816147 ], [ 412123.98333073820686, 2738814.472664421889931 ], [ 412082.59797641041223, 2738799.321759136859328 ], [ 412040.309818673064001, 2738785.75295918667689 ], [ 411998.920254296332132, 2738770.41473512398079 ], [ 411958.575056397647131, 2738757.11553357494995 ], [ 411918.260167099186219, 2738745.19051124015823 ], [ 411880.945693004934583, 2738733.324667667970061 ], [ 411845.704013535345439, 2738724.787448328919709 ], [ 411812.487516817811411, 2738714.581096834503114 ], [ 411804.618814231071156, 2738711.942002320662141 ], [ 411787.245415671204682, 2738706.136849798262119 ], [ 411780.935405840165913, 2738703.338552232831717 ], [ 411778.663741470256355, 2738702.326169687788934 ], [ 411768.062936465605162, 2738697.622317964676768 ], [ 411754.894561901164707, 2738692.662440839689225 ], [ 411752.370250892650802, 2738691.530637931544334 ], [ 411744.039890456420835, 2738687.77673403872177 ], [ 411738.037175789184403, 2738687.59600037895143 ], [ 411730.86312938091578, 2738688.128367041703314 ], [ 411715.651380404015072, 2738684.025501652155071 ], [ 411698.111008028266951, 2738684.847750829067081 ], [ 411686.68703686830122, 2738685.34836226888001 ], [ 411667.985161544464063, 2738690.195085727609694 ], [ 411639.849215387366712, 2738706.496486722491682 ], [ 411597.802616601169575, 2738726.727027686312795 ], [ 411565.652985617576633, 2738762.299397607799619 ], [ 411539.820892850169912, 2738783.923853537067771 ], [ 411519.32786554802442, 2738801.119896168354899 ], [ 411513.114080380531959, 2738825.500643077306449 ], [ 411507.781959885847755, 2738830.241569322068244 ], [ 411511.070030934177339, 2738834.856023888569325 ], [ 411509.141068655997515, 2738843.771260335110128 ], [ 411507.665300169261172, 2738850.552001153118908 ], [ 411500.331984407617711, 2738863.772544150706381 ], [ 411497.565310504694935, 2738865.832812155131251 ], [ 411493.895318248018157, 2738868.400481285527349 ], [ 411493.895318248018157, 2740527.296354989055544 ] ] ] } },
{ "type": "Feature", "properties": { "area_km2": 90.156765609962662, "block_id": "SYL-B034", "loss_pixels": 452.34901960784316, "plantation_ha": 0.0, "split": "test" }, "geometry": { "type": "Polygon", "coordinates": [ [ [ 411493.895318248018157, 2740527.296354989055544 ], [ 411493.895318248018157, 2750527.296354989055544 ], [ 421493.895318248018157, 2750527.296354989055544 ], [ 421493.895318248018157, 2744853.516719835344702 ], [ 421488.500802202441264, 2744847.96450841287151 ], [ 421464.32170955609763, 2744839.498830427415669 ], [ 421447.495027150318492, 2744832.93341568717733 ], [ 421441.84960280789528, 2744831.932838042732328 ], [ 421436.079373922548257, 2744830.935077423695475 ], [ 421399.724226785416249, 2744802.930485564749688 ], [ 421369.851990956580266, 2744779.906818662304431 ], [ 421343.240746037801728, 2744763.121985827106982 ], [ 421330.252779808477499, 2744754.972447985783219 ], [ 421283.451023596688174, 2744723.573534765746444 ], [ 421243.059360773710068, 2744705.21722346264869 ], [ 421212.442285483819433, 2744690.957253746222705 ], [ 421189.570553169352934, 2744682.275287014897913 ], [ 421175.327472111792304, 2744676.71531621646136 ], [ 421153.219768734124955, 2744671.515459776390344 ], [ 421145.514303964213468, 2744667.748515129555017 ], [ 421143.00376201455947, 2744667.241518995258957 ], [ 421099.730275567329954, 2744651.385236748028547 ], [ 421094.058959167392459, 2744649.198076352477074 ], [ 421064.382012536516413, 2744637.91650381591171 ], [ 421036.230097063584253, 2744627.788662637583911 ], [ 421026.97838677483378, 2744624.742998302448541 ], [ 420989.793045338010415, 2744615.813413298688829 ], [ 420955.625182276242413, 2744610.566223909147084 ], [ 420942.132273115217686, 2744607.86394618358463 ], [ 420929.457894367282279, 2744605.455756569746882 ], [ 420894.17061958607519, 2744591.923206808045506 ], [ 420881.385955184465274, 2744587.330756994429976 ], [ 420842.775146810570732, 2744573.246550207957625 ], [ 420782.163412552792579, 2744564.51949134003371 ], [ 420747.201530650898349, 2744560.102023377083242 ], [ 420728.800223026599269, 2744550.134505239780992 ], [ 420668.706602733524051, 2744533.710896992590278 ], [ 420605.559136194875464, 2744520.478266536258161 ], [ 420594.159227257187013, 2744522.04113644734025 ], [ 420574.198058712529019, 2744517.856364857871085 ], [ 420558.028557420475408, 2744512.77574789011851 ], [ 420535.956358371477108, 2744509.199722385965288 ], [ 420499.752783815958537, 2744502.310308197047561 ], [ 420488.679027503938414, 2744498.804978931322694 ], [ 420477.204293628747109, 2744494.120966894552112 ], [ 420471.223323458456434, 2744480.693893597926944 ], [ 420462.975397239497397, 2744469.316109742969275 ], [ 420450.404033778351732, 2744443.162686440628022 ], [ 420444.987145088729449, 2744426.974041227251291 ], [ 420398.40833557897713, 2744263.6081059910357 ], [ 420377.959703096013982, 2744191.766104679554701 ], [ 420345.59824109391775, 2744078.260487430728972 ], [ 420340.656261288211681, 2744021.135699865408242 ], [ 420313.256322542205453, 2743954.257365684490651 ], [ 420301.342962807975709, 2743886.976366408634931 ], [ 420318.148078403843101, 2743824.312460212036967 ], [ 420326.979019622376654, 2743788.316271251998842 ], [ 420334.837667770450935, 2743756.402900631539524 ], [ 420343.841712636232842, 2743705.532193165738136 ], [ 420327.029888366581872, 2743637.108979562763125 ], [ 420310.172736051783431, 2743623.48342254338786 ], [ 420294.420482295798138, 2743614.644943509716541 ], [ 420274.239767421036959, 2743606.153528431430459 ], [ 420253.032898014644161, 2743599.309071224648505 ], [ 420238.928349025780335, 2743594.370676496997476 ], [ 420229.315533545042854, 2743591.957587422803044 ], [ 420217.755837806733325, 2743589.087565574795008 ], [ 420205.722536075860262, 2743587.415246060118079 ], [ 420192.688726687687449, 2743585.702102004550397 ], [ 420170.51832212426234, 2743580.503455268684775 ], [ 420159.445719502109569, 2743577.060483388602734 ], [ 420120.241675294935703, 2743570.111716330517083 ], [ 420094.132825376931578, 2743564.812291858252138 ], [ 420078.921369340096135, 2743563.521917550358921 ], [ 420074.914930084254593, 2743563.17259985813871 ], [ 420072.331006649008486, 2743562.167238544672728 ], [ 420060.415137282107025, 2743557.305491746403277 ], [ 420021.221963660675101, 2743545.170605566818267 ], [ 419966.359812412352767, 2743530.818265749607235 ], [ 419942.83121242269408, 2743523.52519371593371 ], [ 419886.574395879288204, 2743496.894396226387471 ], [ 419865.080121578939725, 2743485.495281756389886 ], [ 419844.867545051849447, 2743475.567418910562992 ], [ 419820.518899775808677, 2743462.231337289325893 ], [ 419801.234371006197762, 2743449.034081503283232 ], [ 419775.548096387297846, 2743434.540237859357148 ], [ 419735.287886915844865, 2743410.807067290879786 ], [ 419722.080285030242521, 2743404.036713193170726 ], [ 419702.869779085100163, 2743394.211967190727592 ], [ 419687.97329981054645, 2743387.353689138311893 ], [ 419670.488796228019055, 2743379.303018156904727 ], [ 419639.165223725023679, 2743364.183235523756593 ], [ 419604.990985063719563, 2743344.440048934426159 ], [ 419525.414830228837673, 2743317.197052095085382 ], [ 419480.965469202026725, 2743313.237641648389399 ], [ 419478.919631273194682, 2743313.969915513880551 ], [ 419456.084686296642758, 2743352.460897698998451 ], [ 419454.151312876259908, 2743381.057787338271737 ], [ 419430.117222394736018, 2743447.442462996114045 ], [ 419427.752314235141966, 2743476.298789335414767 ], [ 419427.109928463643882, 2743503.93006205977872 ], [ 419427.429675845371094, 2743518.481289218179882 ], [ 419426.274619762902148, 2743554.059235102962703 ], [ 419425.846220122417435, 2743580.061325009446591 ], [ 419426.107614972046576, 2743606.173115306533873 ], [ 419419.55096446746029, 2743643.306887762155384 ], [ 419413.690070356358774, 2743660.930707694962621 ], [ 419411.369587426073849, 2743671.916025553364307 ], [ 419377.73331570182927, 2743739.198951282072812 ], [ 419371.61365247546928, 2743747.893518940545619 ], [ 419356.966253113932908, 2743760.899498464539647 ], [ 419325.768124340800568, 2743771.39482846390456 ], [ 419286.445235321647488, 2743784.630523775704205 ], [ 419269.491353512101341, 2743792.188675392884761 ], [ 419251.176884461194277, 2743800.401399625930935 ], [ 419250.839208929450251, 2743807.78175007738173 ], [ 419232.910706705064513, 2743810.80002696858719 ], [ 419219.777334432408679, 2743807.402312115766108 ], [ 419208.674464495969005, 2743802.585150824394077 ], [ 419192.524774138233624, 2743795.567202271427959 ], [ 419167.070996313996147, 2743777.444397594314069 ], [ 419147.652293935534544, 2743761.000926397740841 ], [ 419135.474927236093208, 2743752.770904408302158 ], [ 419118.784310142509639, 2743738.204418724402785 ], [ 419107.841316471691243, 2743726.448421626817435 ], [ 419088.414037100446876, 2743706.755958989262581 ], [ 419070.529946468537673, 2743686.217305088881403 ], [ 419060.849207001330797, 2743677.870054039172828 ], [ 419049.043124254094437, 2743666.632758802268654 ], [ 419022.556933937943541, 2743641.346957723144442 ], [ 419005.070444765966386, 2743624.6736368117854 ], [ 418925.480810877750628, 2743548.506994661875069 ], [ 418864.635708177986089, 2743497.921039957553148 ], [ 418842.823481713421643, 2743474.90698533738032 ], [ 418837.603443478408735, 2743470.522942589595914 ], [ 418817.423214900132734, 2743453.533809917978942 ], [ 418801.002378787496127, 2743437.024337496608496 ], [ 418781.610493315325584, 2743418.955697095021605 ], [ 418763.047161420807242, 2743395.932501710951328 ], [ 418745.591509274265263, 2743377.821286511141807 ], [ 418732.310254058684222, 2743364.866881162859499 ], [ 418717.916213723015971, 2743346.750852207653224 ], [ 418708.983431882108562, 2743332.638470694888383 ], [ 418707.429663256683853, 2743330.173322150018066 ], [ 418705.362533111358061, 2743327.094726372044533 ], [ 418686.819698212202638, 2743299.322345965076238 ], [ 418677.920046793646179, 2743286.709051073994488 ], [ 418677.118340119719505, 2743284.352315852884203 ], [ 418667.044401056715287, 2743266.641320012044162 ], [ 418656.518663780414499, 2743245.440914274659008 ], [ 418648.233999828982633, 2743232.376637522131205 ], [ 418642.552169410279021, 2743215.506289643235505 ], [ 418637.256171393732075, 2743204.813104954082519 ], [ 418632.351372443605214, 2743194.861101949587464 ], [ 418625.364939762046561, 2743178.331767551600933 ], [ 418619.227466437849216, 2743169.156876081135124 ], [ 418614.44537469005445, 2743161.951420195866376 ], [ 418568.870500937802717, 2743095.409012163057923 ], [ 418555.25321670807898, 2743067.153502550907433 ], [ 418552.824374623654876, 2743056.147545406129211 ], [ 418538.920998383197002, 2743046.143354080617428 ], [ 418529.715740757877938, 2743039.53487307857722 ], [ 418519.609527513268404, 2743034.57094952929765 ], [ 418505.41515483672265, 2742988.583204320631921 ], [ 418498.012818587303627, 2742964.502486719284207 ], [ 418492.514547086902894, 2742941.754541997332126 ], [ 418488.433174723060802, 2742929.472699502017349 ], [ 418475.60681648197351, 2742868.95878405822441 ], [ 418476.917985712119844, 2742809.196463269647211 ], [ 418473.816031836846378, 2742787.458027381449938 ], [ 418473.549891052069142, 2742769.656365524046123 ], [ 418475.683134001796134, 2742758.674977750051767 ], [ 418479.462025563349016, 2742725.913503755815327 ], [ 418493.523825751035474, 2742603.763235288206488 ], [ 418493.910226587788202, 2742601.44290587445721 ], [ 418498.638965529797133, 2742577.782925261184573 ], [ 418504.205652342527173, 2742549.605930185876787 ], [ 418514.872265032725409, 2742517.505345980171114 ], [ 418523.159030809998512, 2742485.144741808064282 ], [ 418533.519624584296253, 2742456.175176337826997 ], [ 418542.055885681184009, 2742435.180886039044708 ], [ 418550.593553013168275, 2742414.249049533158541 ], [ 418552.340904346201569, 2742402.776294908951968 ], [ 418560.569307980709709, 2742370.604430015198886 ], [ 418563.000405605183914, 2742344.745629951357841 ], [ 418563.31695519562345, 2742327.868404615670443 ], [ 418563.46596321312245, 2742320.429575944785029 ], [ 418564.002836509607732, 2742299.361114671453834 ], [ 418563.717386877688114, 2742286.371080293320119 ], [ 418555.978515433962457, 2742255.487126449123025 ], [ 418549.109777010278776, 2742224.396726015489548 ], [ 418548.248488884011749, 2742222.166146589443088 ], [ 418540.740054624562617, 2742201.774232946801931 ], [ 418536.382294492213987, 2742185.437069311738014 ], [ 418524.856293557095341, 2742164.196148414164782 ], [ 418505.073522609600332, 2742128.328269091434777 ], [ 418487.336723604705185, 2742097.413986833766103 ], [ 418477.269839598680846, 2742080.015020906925201 ], [ 418476.216997882875148, 2742077.601310826372355 ], [ 418450.750228381424677, 2742019.052121229004115 ], [ 418447.620243296376429, 2742004.562238577287644 ], [ 418444.627500635921024, 2741990.631872947793454 ], [ 418445.288068427122198, 2741963.812244077213109 ], [ 418446.00472457241267, 2741950.925039582885802 ], [ 418445.585668350569904, 2741934.688782737124711 ], [ 418444.839576330676209, 2741900.7144720624201 ], [ 418445.518986280309036, 2741886.14097190881148 ], [ 418445.19658565177815, 2741871.464754801243544 ], [ 418445.88517457456328, 2741860.140320095699281 ], [ 418445.529864591022488, 2741843.965147312730551 ], [ 418451.211300548398867, 2741829.531653015408665 ], [ 418450.924675616202876, 2741816.479065357707441 ], [ 418451.639970515097957, 2741803.529416568111628 ], [ 418453.353049267083406, 2741790.495365213602781 ], [ 418455.070271783333737, 2741777.648877496831119 ], [ 418458.820514864753932, 2741766.319437733851373 ], [ 418472.108916467579547, 2741734.098856050986797 ], [ 418480.548621871275827, 2741711.544740680605173 ], [ 418488.908168292138726, 2741682.494087091647089 ], [ 418491.172357540519442, 2741674.634052888955921 ], [ 418495.408898273482919, 2741659.857742924708873 ], [ 418505.099128922272939, 2741631.652475886978209 ], [ 418526.832577941124327, 2741594.185391272418201 ], [ 418544.145649306650739, 2741557.440278648864478 ], [ 418553.463161525316536, 2741537.86605483898893 ], [ 418571.242376609297935, 2741516.668836852069944 ], [ 418588.850376055866946, 2741499.036703920923173 ], [ 418608.424975335015915, 2741479.924754692707211 ], [ 418625.103598930698354, 2741465.499979195650667 ], [ 418629.758181660436094, 2741461.211315544787794 ], [ 418654.561604111571796, 2741438.360299359541386 ], [ 418668.667871508863755, 2741426.30376441590488 ], [ 418673.660814041737467, 2741423.195013815537095 ], [ 418685.958695420296863, 2741411.303177955560386 ], [ 418702.261627502273768, 2741399.69828924164176 ], [ 418707.246113090252038, 2741396.214647943619639 ], [ 418726.355618722911458, 2741384.360838824417442 ], [ 418750.16796571330633, 2741373.2783606746234 ], [ 418763.026462957030162, 2741366.997521791607141 ], [ 418777.883356528065633, 2741360.672832637093961 ], [ 418784.794449798704591, 2741356.709811391308904 ], [ 418793.76164678222267, 2741349.639627662487328 ], [ 418803.315000540111214, 2741335.12142422189936 ], [ 418810.506910880445503, 2741324.029002141207457 ], [ 418817.281913197017275, 2741288.265213838312775 ], [ 418817.341012878227048, 2741285.264687918126583 ], [ 418817.401491164695472, 2741282.326719924807549 ], [ 418817.471514374949038, 2741279.825993504840881 ], [ 418817.784727162565105, 2741265.635621613357216 ], [ 418818.214715370559134, 2741239.695885702967644 ], [ 418818.652410611626692, 2741216.942542213015258 ], [ 418819.050814608286601, 2741189.566411688458174 ], [ 418819.754882197827101, 2741161.871226696297526 ], [ 418819.823629865190014, 2741159.307942185550928 ], [ 418819.499191546754446, 2741147.380782327149063 ], [ 418819.015725449309684, 2741128.209414386656135 ], [ 418818.545424954849295, 2741106.788029812742025 ], [ 418818.264367631520145, 2741093.985245515592396 ], [ 418816.301220373832621, 2741075.721087004989386 ], [ 418815.826419935445301, 2741071.170290493872017 ], [ 418812.384658255963586, 2741039.629679646808654 ], [ 418825.555331796815153, 2741002.038393220398575 ], [ 418846.668332310626283, 2740970.458521868567914 ], [ 418877.682208515121602, 2740917.41701305937022 ], [ 418879.780388799204957, 2740907.686261537950486 ], [ 418882.437849813839421, 2740897.81823643669486 ], [ 418890.71642920357408, 2740876.454797880258411 ], [ 418897.078623988491017, 2740858.882483736146241 ], [ 418899.047854633012321, 2740848.967010272666812 ], [ 418900.522840211866423, 2740844.998204654082656 ], [ 418902.110269965138286, 2740840.464649006258696 ], [ 418908.686768991989084, 2740821.263151189312339 ], [ 418914.753876273636706, 2740801.635322343092412 ], [ 418919.717588138533756, 2740788.654932456556708 ], [ 418927.82648723910097, 2740768.107758620288223 ], [ 418932.205253981810529, 2740756.952195393387228 ], [ 418945.408895776432473, 2740720.859677005559206 ], [ 418952.595462232362479, 2740672.527911209501326 ], [ 418950.791163993708324, 2740647.262073967140168 ], [ 418951.786181261413731, 2740615.749138047453016 ], [ 418948.618105547619052, 2740599.510762164834887 ], [ 418938.214465821511112, 2740575.308380096685141 ], [ 418927.196117054438218, 2740551.55709636490792 ], [ 418924.077659438771661, 2740546.127060466445982 ], [ 418913.600852311355993, 2740527.296354989055544 ], [ 411493.895318248018157, 2740527.296354989055544 ] ] ] } },
{ "type": "Feature", "properties": { "area_km2": 100.0, "block_id": "SYL-B035", "loss_pixels": 20.0, "plantation_ha": 0.0, "split": "val" }, "geometry": { "type": "Polygon", "coordinates": [ [ [ 411493.895318248018157, 2750527.296354989055544 ], [ 411493.895318248018157, 2760527.296354989055544 ], [ 421493.895318248018157, 2760527.296354989055544 ], [ 421493.895318248018157, 2750527.296354989055544 ], [ 411493.895318248018157, 2750527.296354989055544 ] ] ] } },
{ "type": "Feature", "properties": { "area_km2": 100.0, "block_id": "SYL-B036", "loss_pixels": 1.0, "plantation_ha": 0.0, "split": "train" }, "geometry": { "type": "Polygon", "coordinates": [ [ [ 411493.895318248018157, 2760527.296354989055544 ], [ 411493.895318248018157, 2770527.296354989055544 ], [ 421493.895318248018157, 2770527.296354989055544 ], [ 421493.895318248018157, 2760527.296354989055544 ], [ 411493.895318248018157, 2760527.296354989055544 ] ] ] } },
{ "type": "Feature", "properties": { "area_km2": 87.23130924581109, "block_id": "SYL-B037", "loss_pixels": 633.15294117647056, "plantation_ha": 0.0, "split": "train" }, "geometry": { "type": "Polygon", "coordinates": [ [ [ 421493.895318248018157, 2770527.296354989055544 ], [ 411493.895318248018157, 2770527.296354989055544 ], [ 411493.895318248018157, 2780527.296354989055544 ], [ 413094.079939168936107, 2780527.296354989055544 ], [ 413095.685292893613223, 2780526.563503285869956 ], [ 413097.408633287006523, 2780527.296354989055544 ], [ 413245.281389069219586, 2780527.296354989055544 ], [ 413294.528475244529545, 2780518.85465462366119 ], [ 413322.830106324749067, 2780511.405215396080166 ], [ 413368.226532048196532, 2780486.52776652853936 ], [ 413390.433870483073406, 2780470.877133872825652 ], [ 413415.246710586769041, 2780454.000851432327181 ], [ 413430.844281971687451, 2780444.072181378956884 ], [ 413436.335645799059421, 2780440.576602671761066 ], [ 413459.727403229568154, 2780458.699627805966884 ], [ 413474.482425244757906, 2780468.646012284327298 ], [ 413500.848945906443987, 2780471.466404918581247 ], [ 413519.515585761109833, 2780466.501085685566068 ], [ 413523.498533349484205, 2780450.448897273279727 ], [ 413525.764276270463597, 2780441.315898434258997 ], [ 413519.217395706800744, 2780426.281310571823269 ], [ 413486.360167822684161, 2780388.917333238758147 ], [ 413477.215155432757456, 2780376.11393826873973 ], [ 413467.444565130455885, 2780350.649395974818617 ], [ 413475.501804871542845, 2780334.898730563931167 ], [ 413478.492890407331288, 2780331.456958048976958 ], [ 413485.72833412908949, 2780321.152448638342321 ], [ 413509.309252110542729, 2780300.866330314893275 ], [ 413552.20540568663273, 2780288.448092939797789 ], [ 413624.099142217775807, 2780267.635468626394868 ], [ 413767.074008165742271, 2780267.543392195366323 ], [ 413879.883200790558476, 2780246.025840457063168 ], [ 413933.854278993501794, 2780246.233697176445276 ], [ 413982.553149668092374, 2780232.794936971273273 ], [ 414033.699966162908822, 2780214.316027173306793 ], [ 414048.84227587672649, 2780212.599570013117045 ], [ 414055.006299776490778, 2780239.900704050436616 ], [ 414061.224428059882484, 2780255.143588533625007 ], [ 414092.978901509544812, 2780261.942301574163139 ], [ 414139.509927739971317, 2780343.656033764593303 ], [ 414220.019520096015185, 2780433.76030971063301 ], [ 414298.388203265494667, 2780479.234088508412242 ], [ 414381.041873598704115, 2780527.296354989055544 ], [ 414416.663913964584935, 2780527.296354989055544 ], [ 414434.180905202287249, 2780518.284346266184002 ], [ 414534.200531914713793, 2780466.826321508269757 ], [ 414571.044821368821431, 2780418.085187978576869 ], [ 414631.599382350686938, 2780312.254210373386741 ], [ 414614.572118885116652, 2780212.830528086517006 ], [ 414595.690312661812641, 2780107.386362109798938 ], [ 414582.272692284197547, 2780033.678107241634279 ], [ 414627.262645878829062, 2780025.702808067668229 ], [ 414692.139191716210917, 2780014.562658052891493 ], [ 414708.076805299613625, 2780030.931001319084316 ], [ 414711.927335661079269, 2780034.924261186271906 ], [ 414720.027987408975605, 2780042.506171036977321 ], [ 414738.492020186036825, 2780037.341507577802986 ], [ 414739.391027344565373, 2780018.060883059166372 ], [ 414739.533200664038304, 2780015.010913039091974 ], [ 414752.297837194229942, 2780000.637320284266025 ], [ 414821.38840997958323, 2779988.259629583451897 ], [ 414824.78319345950149, 2779987.657297061756253 ], [ 414868.65930771722924, 2779979.869851848110557 ], [ 414899.551131887594238, 2779978.83062477549538 ], [ 415015.002291818673257, 2779980.589851042721421 ], [ 415051.218299120315351, 2779982.734433313366026 ], [ 415073.309582866728306, 2779978.548795131966472 ], [ 415089.120670858304948, 2779995.324895977973938 ], [ 415115.573562730860431, 2780009.809424617793411 ], [ 415144.490438897977583, 2780031.113546998240054 ], [ 415204.498525700473692, 2780049.477823958732188 ], [ 415226.645993116078898, 2780056.255484528373927 ], [ 415228.544961408362724, 2780056.8366714771837 ], [ 415260.619474953506142, 2780070.073463204782456 ], [ 415293.989018972148187, 2780068.015360060613602 ], [ 415313.611949763377197, 2780083.556662062183022 ], [ 415339.689780685701407, 2780128.815092341974378 ], [ 415338.051338781602681, 2780151.954759695567191 ], [ 415340.089180473180022, 2780155.55958646023646 ], [ 415381.676954977796413, 2780176.971570862922817 ], [ 415408.846263029729016, 2780179.58513307897374 ], [ 415448.041628899693023, 2780176.680518893525004 ], [ 415474.686328150040936, 2780160.471359525807202 ], [ 415507.427336115157232, 2780184.485910607501864 ], [ 415507.764874183863867, 2780188.821485911961645 ], [ 415513.873471389175393, 2780267.295751662924886 ], [ 415542.783011580933817, 2780287.594194101169705 ], [ 415571.847299090994056, 2780301.657817950472236 ], [ 415590.26082758809207, 2780307.157573264092207 ], [ 415617.407720983552281, 2780289.253867867402732 ], [ 415628.70963422418572, 2780284.951370064169168 ], [ 415658.575121427653357, 2780308.254875077400357 ], [ 415683.252823566028383, 2780296.616151592694223 ], [ 415701.463022130308673, 2780288.027332642115653 ], [ 415724.68791188695468, 2780273.977972721215338 ], [ 415739.800328116456512, 2780268.240204752422869 ], [ 415762.035889432881959, 2780266.05877602705732 ], [ 415767.862882865418214, 2780266.713485083077103 ], [ 415825.841239996778313, 2780273.227854742202908 ], [ 415870.925182173610665, 2780277.922245872672647 ], [ 415898.615745209564921, 2780269.471049783285707 ], [ 415898.862102316401433, 2780248.298237112816423 ], [ 415899.765345446881838, 2780170.721591474488378 ], [ 415849.074391809350345, 2780151.786546654999256 ], [ 415811.42118846741505, 2780135.981595006771386 ], [ 415766.057008916919585, 2780130.279593325220048 ], [ 415683.711521987454034, 2780118.018401590175927 ], [ 415657.991729221772403, 2780111.376342296600342 ], [ 415653.640125799225643, 2780076.611936653964221 ], [ 415650.943929166998714, 2780055.92226228537038 ], [ 415620.302251025801525, 2780000.87593493424356 ], [ 415617.720324392488692, 2779996.23778514098376 ], [ 415595.899944187607616, 2779992.372313202358782 ], [ 415543.62111904763151, 2779997.332167332060635 ], [ 415517.72256523638498, 2779999.789300452452153 ], [ 415435.518516495008953, 2780006.632997697684914 ], [ 415372.000668984954245, 2780011.126428212039173 ], [ 415362.468554103455972, 2780000.337311453185976 ], [ 415229.406647814379539, 2779956.073517417069525 ], [ 415198.741284544172231, 2779951.161490354221314 ], [ 415201.511838902777527, 2779927.325482756830752 ], [ 415207.457902979222126, 2779870.965188283938915 ], [ 415208.119574725918937, 2779860.624796745367348 ], [ 415210.934538315166719, 2779851.632558131124824 ], [ 415215.460060614161193, 2779838.124316376633942 ], [ 415218.610639997757971, 2779829.051360171288252 ], [ 415223.780969058861956, 2779821.169362758751959 ], [ 415235.757788199174684, 2779799.365245347376913 ], [ 415248.915445149177685, 2779729.482892902102321 ], [ 415249.369402843120042, 2779719.016225665807724 ], [ 415234.304854074958712, 2779684.743064544163644 ], [ 415247.526387894642539, 2779660.305945736821741 ], [ 415265.924692212720402, 2779619.14281997596845 ], [ 415272.546029948338401, 2779617.082951695192605 ], [ 415299.490314841037616, 2779614.396935526747257 ], [ 415300.88189553556731, 2779614.258256800938398 ], [ 415333.041556335170753, 2779611.807158650364727 ], [ 415369.601700330211315, 2779606.106146070174873 ], [ 415407.998358926328365, 2779604.012318577151746 ], [ 415423.368447542772628, 2779588.41211514454335 ], [ 415421.118967629445251, 2779583.401388295460492 ], [ 415462.474187993269879, 2779573.441666052676737 ], [ 415543.172178616223391, 2779607.635425702203065 ], [ 415594.753799123223871, 2779620.72730696387589 ], [ 415682.50223456218373, 2779656.477789755910635 ], [ 415729.458608649438247, 2779669.604719344992191 ], [ 415759.686165364226326, 2779677.826881520915776 ], [ 415768.944165405526292, 2779678.314276823308319 ], [ 415806.563587941753212, 2779680.295057084411383 ], [ 415808.699543351074681, 2779670.023216224275529 ], [ 415788.638501349836588, 2779622.508507537655532 ], [ 415727.536334104603156, 2779545.935580065008253 ], [ 415707.089661423698999, 2779527.786152832675725 ], [ 415676.525075415149331, 2779501.264904023613781 ], [ 415627.328281533555128, 2779457.183709403965622 ], [ 415604.115345362341031, 2779445.691039117053151 ], [ 415590.011451679107267, 2779442.176007095258683 ], [ 415571.656131064577494, 2779434.871087748557329 ], [ 415498.732448538765311, 2779391.368660878855735 ], [ 415445.649376108136494, 2779392.767347004730254 ], [ 415439.764397513412405, 2779392.092304192017764 ], [ 415409.088062787544914, 2779388.618930953089148 ], [ 415396.651945733232424, 2779391.278354951646179 ], [ 415382.784036221099086, 2779394.243709609378129 ], [ 415302.78334434441058, 2779372.71422770479694 ], [ 415271.611158854560927, 2779372.744929362554103 ], [ 415248.906191623653285, 2779348.377094030380249 ], [ 415241.253854781854898, 2779297.094987870659679 ], [ 415269.839483152376488, 2779242.236803608480841 ], [ 415320.990437998436391, 2779224.360155299305916 ], [ 415324.470520519244019, 2779223.806483261752874 ], [ 415354.134776676306501, 2779219.086941209156066 ], [ 415357.002332215022761, 2779226.104561255779117 ], [ 415379.771330608520657, 2779231.969445038586855 ], [ 415415.288588792958762, 2779221.247931176330894 ], [ 415462.349100955645554, 2779194.151713216211647 ], [ 415555.387296793807764, 2779238.108594102784991 ], [ 415581.718375751981512, 2779202.217447915580124 ], [ 415585.650449354900047, 2779196.857699695043266 ], [ 415653.184423457540106, 2779166.085821151733398 ], [ 415702.303341125894804, 2779143.704618135467172 ], [ 415707.163907011970878, 2779136.555316445883363 ], [ 415728.961826352460776, 2779104.491587127558887 ], [ 415737.544697675621137, 2779111.205544467549771 ], [ 415864.170018075034022, 2779210.257192567456514 ], [ 415971.033593002241105, 2779259.224721509031951 ], [ 416048.741700538259465, 2779260.571113632060587 ], [ 416202.536517501343042, 2779263.236346574034542 ], [ 416270.942564825701993, 2779319.685157342348248 ], [ 416276.467728262534365, 2779332.515951659996063 ], [ 416278.160011056170333, 2779343.76546583045274 ], [ 416279.649099617090542, 2779359.936948569957167 ], [ 416280.565901362744626, 2779369.892231110949069 ], [ 416284.680429047672078, 2779382.33038223022595 ], [ 416299.801579585589934, 2779387.446627837605774 ], [ 416306.000888344482519, 2779374.268698480445892 ], [ 416316.036883390275761, 2779352.936254577245563 ], [ 416328.6256041052402, 2779341.982927543576807 ], [ 416340.883783079625573, 2779340.685592979658395 ], [ 416341.578022486937698, 2779352.949005899019539 ], [ 416342.585296525096055, 2779371.244501224718988 ], [ 416343.204881015233696, 2779382.500066466629505 ], [ 416365.479403117555194, 2779403.0492660892196 ], [ 416369.571462566556875, 2779412.470740867778659 ], [ 416375.506219705217518, 2779426.303263607434928 ], [ 416380.399658063077368, 2779435.316934081260115 ], [ 416404.87452070612926, 2779454.241478786338121 ], [ 416417.151993044128176, 2779455.557937793433666 ], [ 416441.784429068327881, 2779441.498471958562732 ], [ 416454.219943885516841, 2779436.981980799231678 ], [ 416471.710888958419673, 2779436.248964381869882 ], [ 416489.404997665435076, 2779435.716273687314242 ], [ 416499.327473888173699, 2779434.132535200566053 ], [ 416514.513996092602611, 2779431.708626104984432 ], [ 416527.859500546823256, 2779414.314287060406059 ], [ 416523.977587000816129, 2779406.097681633662432 ], [ 416474.128625803627074, 2779382.535039352718741 ], [ 416466.196104584727436, 2779370.526709496509284 ], [ 416479.940876220585778, 2779352.727435646113008 ], [ 416488.908357993233949, 2779341.599710436072201 ], [ 416495.617618710384704, 2779324.254951659124345 ], [ 416505.642683873360511, 2779293.007987418211997 ], [ 416521.688978770107497, 2779287.258544837124646 ], [ 416532.963959395885468, 2779288.98414546623826 ], [ 416547.842014418623876, 2779291.401491097640246 ], [ 416562.56283567432547, 2779293.793350028339773 ], [ 416571.587076217285357, 2779290.307314140256494 ], [ 416574.765954725269694, 2779285.055030891206115 ], [ 416575.376515391864814, 2779263.230002949014306 ], [ 416578.775976443837862, 2779256.266289045102894 ], [ 416590.354310086229816, 2779250.952418788336217 ], [ 416594.810255983145908, 2779248.907483984250575 ], [ 416658.74202222621534, 2779218.870948603376746 ], [ 416689.873817785701249, 2779213.410569630563259 ], [ 416710.725388028367888, 2779214.458395780064166 ], [ 416731.295585457526613, 2779215.689150285441428 ], [ 416800.797539956809487, 2779228.476687797345221 ], [ 416887.809662745741662, 2779192.034197203814983 ], [ 416950.423263923905324, 2779201.222730331588537 ], [ 416953.515449491562322, 2779157.15756548801437 ], [ 416946.974554865912069, 2779142.926740436814725 ], [ 416941.849432741408236, 2779128.086608760524541 ], [ 416940.808847696811426, 2779125.073472801130265 ], [ 416937.819128390401602, 2779101.566262630280107 ], [ 416947.863559512363281, 2779072.933396798092872 ], [ 416950.810521115083247, 2779056.497024850454181 ], [ 416956.168036155751906, 2779026.616705688182265 ], [ 416958.047708084108308, 2779006.687296886462718 ], [ 416959.337847027229145, 2778993.007997220847756 ], [ 416969.033731950854417, 2778971.617922099307179 ], [ 416971.854817366809584, 2778967.89915394410491 ], [ 416978.315380852785893, 2778958.271908158436418 ], [ 416987.226311184989754, 2778939.502584995701909 ], [ 416998.227047868596856, 2778931.375882728025317 ], [ 417017.440384639776312, 2778944.303838292136788 ], [ 417029.085277036647312, 2778987.865560841280967 ], [ 417052.274555987562053, 2779050.44026980176568 ], [ 417068.75131831591716, 2779048.508133632130921 ], [ 417066.322979252203368, 2779019.36492703249678 ], [ 417067.881104367726948, 2779012.516118190716952 ], [ 417070.211276590183843, 2779008.855734793934971 ], [ 417076.628291230765171, 2778998.774982096161693 ], [ 417092.050386365910526, 2778990.214205261319876 ], [ 417095.918914077919908, 2778996.621409222483635 ], [ 417095.868103866581805, 2778997.796247414313257 ], [ 417095.232219349301886, 2779012.51450923550874 ], [ 417089.051862269057892, 2779046.950052008032799 ], [ 417093.84561440825928, 2779069.639313463121653 ], [ 417109.396020663669333, 2779105.522925943136215 ], [ 417122.242730324272998, 2779129.359802060760558 ], [ 417121.055817307264078, 2779149.82837304379791 ], [ 417123.390981041535269, 2779158.306720084045082 ], [ 417131.593094297277275, 2779169.915101108141243 ], [ 417156.048469811212271, 2779186.224702145438641 ], [ 417169.931792212475557, 2779187.127524966839701 ], [ 417178.505921580130234, 2779186.857816931791604 ], [ 417202.00912376207998, 2779183.264783141203225 ], [ 417226.318913859897293, 2779193.810170786455274 ], [ 417232.092385699099395, 2779162.332095070276409 ], [ 417230.230298165290151, 2779155.307440818287432 ], [ 417224.475682394928299, 2779149.826296046376228 ], [ 417218.077853493974544, 2779143.73290036758408 ], [ 417215.1923391133314, 2779134.302518482320011 ], [ 417227.189694337313995, 2779124.962071442045271 ], [ 417232.937460994988214, 2779120.584574653301388 ], [ 417240.788614121614955, 2779114.605247577186674 ], [ 417247.061363865796011, 2779065.487618315033615 ], [ 417258.447697879571933, 2779027.996131965890527 ], [ 417254.94975775264902, 2779012.273683316074312 ], [ 417251.16646346077323, 2778995.269916382618248 ], [ 417255.222731212037615, 2778990.571603541728109 ], [ 417266.719596292241476, 2778977.255509685724974 ], [ 417271.435688985220622, 2778962.338693882338703 ], [ 417268.14212970942026, 2778952.106577175203711 ], [ 417258.597950256895274, 2778939.708163114730269 ], [ 417248.298700678395107, 2778933.951882438734174 ], [ 417242.63601628044853, 2778931.514462617691606 ], [ 417226.710841931635514, 2778924.6596470172517 ], [ 417223.448584788187873, 2778918.650711526162922 ], [ 417220.934138759213965, 2778904.994266808498651 ], [ 417171.403945465979632, 2778870.166448497679085 ], [ 417143.947208166937344, 2778854.627246553543955 ], [ 417141.498088268446736, 2778851.081702181138098 ], [ 416998.067607184639201, 2778818.760091241914779 ], [ 417021.558924966841005, 2778786.408943565562367 ], [ 417078.175160565995611, 2778746.169079341460019 ], [ 417157.618444212595932, 2778719.637823197059333 ], [ 417177.826739192591049, 2778705.610923050437123 ], [ 417191.453745544189587, 2778699.07449015788734 ], [ 417239.272389188234229, 2778692.888278451748192 ], [ 417302.439635824703146, 2778665.235540777910501 ], [ 417312.640837567218114, 2778660.769777288194746 ], [ 417312.606699668918736, 2778656.164898277260363 ], [ 417312.573740032850765, 2778651.720698456745595 ], [ 417315.820488339988515, 2778652.138949345331639 ], [ 417330.288384742802009, 2778654.003072096034884 ], [ 417352.592689423065167, 2778651.424593396950513 ], [ 417339.589562289882451, 2778633.621453114785254 ], [ 417359.650317371764686, 2778599.68624423397705 ], [ 417367.491809607599862, 2778599.426876935176551 ], [ 417376.196834554546513, 2778589.704812691546977 ], [ 417380.128080417227466, 2778577.407540309242904 ], [ 417402.855214637878817, 2778550.492188966833055 ], [ 417420.542806462268345, 2778522.004258419387043 ], [ 417433.513001218845602, 2778508.232435971032828 ], [ 417436.943919019016903, 2778500.167336058337241 ], [ 417441.884729478450026, 2778490.703487960621715 ], [ 417448.643312724365387, 2778477.758077723905444 ], [ 417485.450318879913539, 2778396.839866854250431 ], [ 417527.602198569162283, 2778358.719502655323595 ], [ 417575.075728698750027, 2778330.198686561081558 ], [ 417579.45918583398452, 2778327.565274416003376 ], [ 417597.103640422224998, 2778320.395634616725147 ], [ 417672.983249084849376, 2778297.553652608767152 ], [ 417717.102289954666048, 2778284.272647934500128 ], [ 417897.707353852456436, 2778808.118525005411357 ], [ 418126.641190139809623, 2779231.995329262223095 ], [ 418160.304691501951311, 2779294.324108566623181 ], [ 418179.049551301985048, 2779482.080554383806884 ], [ 418228.086622863076627, 2779608.035877641756088 ], [ 418255.428947777603753, 2779678.26631946163252 ], [ 418156.078769905609079, 2779941.001704035326838 ], [ 418154.272116518230177, 2779952.085312168579549 ], [ 418148.822622065083124, 2779985.517601524945349 ], [ 418174.964485288888682, 2780039.423158707562834 ], [ 418218.847841240465641, 2780126.378891323693097 ], [ 418242.925057883490808, 2780200.209018973633647 ], [ 418262.854245780385099, 2780206.359280117321759 ], [ 418354.51780115236761, 2780234.647215893957764 ], [ 418384.527762162324507, 2780243.908429469447583 ], [ 418494.10941839631414, 2780181.486101841088384 ], [ 418532.095669955306221, 2780136.133092270232737 ], [ 418680.11735098977806, 2779959.405472260899842 ], [ 418717.297601539059542, 2779787.032513919752091 ], [ 418782.821041240531486, 2779646.172134939115494 ], [ 418809.515059690515045, 2779633.843907085712999 ], [ 418870.005507067777216, 2779605.907159724272788 ], [ 418865.619607320986688, 2779589.562632048036903 ], [ 418844.152612908976153, 2779509.566039995290339 ], [ 418829.720754010253586, 2779434.659916695673019 ], [ 418784.894763015443459, 2779383.306375460699201 ], [ 418733.62143826513784, 2779248.943354083225131 ], [ 418703.043679443188012, 2779193.462986442260444 ], [ 418790.747970803407952, 2779114.782174219843 ], [ 418794.495521733479109, 2779116.401653239503503 ], [ 418823.230530790518969, 2779128.820770655293018 ], [ 418848.663001254433766, 2779141.301399787887931 ], [ 418882.790330087649636, 2779160.153775540646166 ], [ 418973.648430757806636, 2779181.401376065332443 ], [ 419036.906751078087837, 2779169.067387789487839 ], [ 419225.981181883951649, 2779118.997582093346864 ], [ 419275.587499422603287, 2779100.109182300977409 ], [ 419402.660451609350275, 2779051.724487505387515 ], [ 419417.828132290916983, 2779045.828791692387313 ], [ 419528.193573229771573, 2779002.930190687067807 ], [ 419578.408063616370782, 2778984.833342052530497 ], [ 419646.1308987243101, 2778960.426315205637366 ], [ 419784.476374238438439, 2778903.694374710787088 ], [ 419904.800259074836504, 2778884.702909759245813 ], [ 419935.0379617845756, 2778867.183070838917047 ], [ 419956.984086120617576, 2778854.658448901958764 ], [ 420030.363027698360384, 2778812.780930488370359 ], [ 420085.174992009648122, 2778800.508982901927084 ], [ 420082.828779483796097, 2778782.427344824653119 ], [ 420126.106495499727316, 2778760.587753279134631 ], [ 420150.98323813395109, 2778779.508886514697224 ], [ 420258.928389278124087, 2778745.526182066183537 ], [ 420279.438659864594229, 2778718.022828124929219 ], [ 420306.097322405723389, 2778709.439800113905221 ], [ 420327.389437312143855, 2778702.584583410993218 ], [ 420459.974393289303407, 2778655.548502559773624 ], [ 420656.757072667824104, 2778587.321682212408632 ], [ 420725.608975835260935, 2778540.642157203052193 ], [ 420778.220215443929192, 2778504.973610572051257 ], [ 420837.6245527229039, 2778461.093854742590338 ], [ 420868.003662124392577, 2778435.528586043976247 ], [ 420873.472071485419292, 2778431.899810815230012 ], [ 420976.641350459482055, 2778363.441588948946446 ], [ 421037.860806989192497, 2778319.420875197742134 ], [ 421137.017348131688777, 2778236.047080494463444 ], [ 421165.251110922952648, 2778237.057435085531324 ], [ 421202.194013910077047, 2778238.379754216875881 ], [ 421235.017145418853033, 2778190.122725265100598 ], [ 421236.014167893445119, 2778188.656949056312442 ], [ 421295.624031770217698, 2778145.378990585450083 ], [ 421315.900687562010717, 2778032.00517452834174 ], [ 421324.245552804495674, 2777949.51031220657751 ], [ 421325.082559379166923, 2777941.236914496403188 ], [ 421291.883247173391283, 2777952.403617056086659 ], [ 421260.887454618059564, 2777962.829200780484825 ], [ 421096.816977506503463, 2778021.762995492201298 ], [ 420984.694990043877624, 2778062.011124572716653 ], [ 420884.408316872897558, 2778098.149236453697085 ], [ 420736.382051579537801, 2778151.13104505604133 ], [ 420619.447369648551103, 2778193.224782029166818 ], [ 420531.795503924018703, 2778224.643288189545274 ], [ 420459.523122973332647, 2778250.441619182471186 ], [ 420400.085119840339758, 2778271.658101322129369 ], [ 420378.75368290161714, 2778279.272758037317544 ], [ 420295.5341883021174, 2778309.430023462045938 ], [ 420226.921466176398098, 2778334.294239074457437 ], [ 420077.69292229891289, 2778387.889329690020531 ], [ 419987.000303403183352, 2778421.323630576953292 ], [ 419985.835919425066095, 2778421.752955106087029 ], [ 419977.332107233640272, 2778423.447028606198728 ], [ 419867.356133919907734, 2778445.356797962915152 ], [ 419749.680628454021644, 2778468.953620239160955 ], [ 419642.154279677604791, 2778489.346367838326842 ], [ 419537.807475863723084, 2778509.136347891762853 ], [ 419455.148521027935203, 2778508.743165990337729 ], [ 419451.083345507911872, 2778502.94124949676916 ], [ 419383.395065082760993, 2778487.354336013551801 ], [ 419344.98643542220816, 2778379.240970973391086 ], [ 419334.841963970568031, 2778340.099611225072294 ], [ 419367.212329691159539, 2778338.388152465689927 ], [ 419410.027548808488064, 2778336.124319363385439 ], [ 419409.743077430699486, 2778324.863848381210119 ], [ 419405.204898671945557, 2778292.853196623269469 ], [ 419398.137002210365608, 2778242.996199850458652 ], [ 419390.432814393076114, 2778188.65452754823491 ], [ 419342.068685423582792, 2778182.612708361353725 ], [ 419312.933908902865369, 2778178.973061722703278 ], [ 419267.388678865216207, 2778139.088230470195413 ], [ 419239.622024868091103, 2778055.834096279926598 ], [ 419212.868311416590586, 2777973.576985517982394 ], [ 419181.178029903327115, 2777876.475039946381003 ], [ 419148.8770170774078, 2777778.371706181205809 ], [ 419165.339153715060093, 2777745.537945060990751 ], [ 419196.242525845125783, 2777683.901620715390891 ], [ 419155.899423090741038, 2777716.067542865406722 ], [ 419133.864616094797384, 2777733.636196495965123 ], [ 419110.410543739737477, 2777662.415517040994018 ], [ 419060.211705553636421, 2777510.146295376587659 ], [ 419043.340395868115593, 2777458.786657345015556 ], [ 418997.874051666236483, 2777320.961051166523248 ], [ 418974.417153800954111, 2777249.33950753742829 ], [ 418947.25385037867818, 2777166.079581993632019 ], [ 418973.61124472587835, 2777158.292055631987751 ], [ 418980.765947548497934, 2777156.178169701248407 ], [ 419033.261731009464711, 2777156.996725226286799 ], [ 419070.238773630815558, 2777153.303561341948807 ], [ 419082.671014878840651, 2777121.235113997012377 ], [ 419117.041109000798315, 2777118.56764648295939 ], [ 419124.477243397792336, 2777117.90841073775664 ], [ 419157.310490105359349, 2777095.224645878188312 ], [ 419164.494512889825273, 2777090.261427562218159 ], [ 419201.659147094003856, 2777084.757672964595258 ], [ 419205.427026393823326, 2777090.211455726996064 ], [ 419229.306460609950591, 2777124.774782269727439 ], [ 419246.711058453714941, 2777139.527661106549203 ], [ 419274.419584061135538, 2777133.490280897822231 ], [ 419302.570381713507231, 2777132.879526342265308 ], [ 419335.507625872443896, 2777126.803857824765146 ], [ 419387.145283669582568, 2777120.387621199246496 ], [ 419438.145311308035161, 2777109.351697229780257 ], [ 419486.704072597902268, 2777094.512277621775866 ], [ 419549.318629077635705, 2777049.60374609939754 ], [ 419569.111339393188246, 2777033.769994502421468 ], [ 419575.831111594045069, 2777028.620153907686472 ], [ 419600.907361647987273, 2777009.402003476396203 ], [ 419609.52485284616705, 2776978.166244312189519 ], [ 419665.489781846525148, 2776985.795944593381137 ], [ 419686.790806665027048, 2776990.855820297729224 ], [ 419698.328366691595875, 2776993.596482967957854 ], [ 419713.336059477354866, 2777007.706725000403821 ], [ 419729.314063387573697, 2777022.729414402972907 ], [ 419818.458732596598566, 2777111.361132195685059 ], [ 419839.125572667748202, 2777132.123603219166398 ], [ 419900.282725357974414, 2777136.431566545274109 ], [ 419903.715430538635701, 2777136.673381817992777 ], [ 419945.712309414986521, 2777159.087140306830406 ], [ 419977.815107711416204, 2777176.145393787417561 ], [ 419984.482867287355475, 2777181.792742892634124 ], [ 420011.005287989450153, 2777204.255470366682857 ], [ 420038.123731047729962, 2777227.18185108108446 ], [ 420088.928669407323468, 2777216.951166155282408 ], [ 420094.669058721396141, 2777215.441404618322849 ], [ 420128.269574290607125, 2777206.604324779473245 ], [ 420178.088268637249712, 2777198.995794486720115 ], [ 420221.209907956072129, 2777183.191566311754286 ], [ 420233.669096208643168, 2777181.891878455411643 ], [ 420284.448457393446006, 2777168.242740639019758 ], [ 420335.442579698225018, 2777156.402264532167464 ], [ 420382.378802334482316, 2777148.14060389995575 ], [ 420393.889303000411019, 2777146.114727176725864 ], [ 420404.792001713183708, 2777140.433539819903672 ], [ 420453.789919247850776, 2777114.901684924960136 ], [ 420497.166026897728443, 2777106.334877694025636 ], [ 420508.163894846453331, 2777097.806740719825029 ], [ 420591.128151203098241, 2777085.125784515403211 ], [ 420600.971438935666811, 2777083.6453528967686 ], [ 420631.642661632213276, 2777072.604057582095265 ], [ 420728.737453574431129, 2777037.650919506326318 ], [ 420744.023053915589117, 2777030.555803664028645 ], [ 420784.654741389269475, 2777011.69617424113676 ], [ 420870.091770885279402, 2776979.890942834783345 ], [ 420901.750676601775922, 2776937.021561553236097 ], [ 420930.441341330995783, 2776932.376772028859705 ], [ 420934.291230576403905, 2776931.753534565679729 ], [ 420989.334127819165587, 2776896.352809666655958 ], [ 421003.299446681456175, 2776881.166093710344285 ], [ 421069.572325565328356, 2776841.459300980437547 ], [ 421091.110037742881104, 2776829.715226678177714 ], [ 421103.222849245474208, 2776823.110341090708971 ], [ 421140.639778682321776, 2776810.435811162926257 ], [ 421163.721195130608976, 2776802.617081502918154 ], [ 421174.237338421400636, 2776799.054688872303814 ], [ 421176.782218569307588, 2776798.593228009995073 ], [ 421212.396860302309506, 2776792.135674108751118 ], [ 421219.935223274747841, 2776787.442170853260905 ], [ 421238.220822459144983, 2776776.057128028012812 ], [ 421261.266627941746265, 2776765.025971184950322 ], [ 421314.864406673237681, 2776751.758149617351592 ], [ 421319.199080841150135, 2776751.015058262739331 ], [ 421350.415773200977128, 2776745.662674820050597 ], [ 421386.924699692928698, 2776733.125752521678805 ], [ 421481.224761435762048, 2776703.266070867888629 ], [ 421493.895318248018157, 2776704.656247082166374 ], [ 421493.895318248018157, 2770527.296354989055544 ] ] ] } },
{ "type": "Feature", "properties": { "area_km2": 10.172964987472254, "block_id": "SYL-B038", "loss_pixels": 0.0, "plantation_ha": 0.0, "split": "test" }, "geometry": { "type": "MultiPolygon", "coordinates": [ [ [ [ 423855.484162449894939, 2750527.296354989055544 ], [ 423850.087264629488345, 2750499.609250861220062 ], [ 423832.773418646829668, 2750469.771391631569713 ], [ 423769.388665020815097, 2750437.455566397868097 ], [ 423751.11760687403148, 2750439.433755457401276 ], [ 423745.475309513742104, 2750440.044608537107706 ], [ 423699.285758890386205, 2750448.830720891244709 ], [ 423679.236151493736543, 2750457.222744982223958 ], [ 423653.633273528539576, 2750471.777735242154449 ], [ 423604.334493208210915, 2750499.803690659347922 ], [ 423576.855886900797486, 2750509.860058948863298 ], [ 423554.156129290815443, 2750527.296354989055544 ], [ 423855.484162449894939, 2750527.296354989055544 ] ] ], [ [ [ 421493.895318248018157, 2750527.296354989055544 ], [ 422997.255257439275738, 2750527.296354989055544 ], [ 422977.163574932957999, 2750484.095369853079319 ], [ 422964.258280634239782, 2750414.813577458262444 ], [ 422940.943033998482861, 2750344.189482038840652 ], [ 422903.016542244993616, 2750273.275515630375594 ], [ 422798.523743114026729, 2750137.898526174947619 ], [ 422775.490784791996703, 2750118.882388684432954 ], [ 422741.060540098347701, 2750090.456636510789394 ], [ 422794.155594123702031, 2749981.067063986323774 ], [ 422701.136741502617951, 2749829.510940399486572 ], [ 422745.288488574442454, 2749762.218512460123748 ], [ 422797.789789660251699, 2749681.5911656441167 ], [ 422797.969587124418467, 2749596.521910013630986 ], [ 422796.73980584013043, 2749565.962574746925384 ], [ 422847.647382109076716, 2749557.621475503314286 ], [ 422890.544743572245352, 2749550.593024131841958 ], [ 422967.855144901550375, 2749534.74189337529242 ], [ 423024.871122553420719, 2749515.107614087872207 ], [ 423038.266766996181104, 2749510.494424265343696 ], [ 423117.175887843011878, 2749465.873341185972095 ], [ 423191.446100466884673, 2749419.475929808802903 ], [ 423182.761348281928804, 2749277.356417876202613 ], [ 423177.045480692002457, 2749128.780281018465757 ], [ 423174.388435085071251, 2748985.813390537165105 ], [ 423183.693035859498195, 2748856.030604355037212 ], [ 423231.662077384593431, 2748843.009319605305791 ], [ 423232.156757402932271, 2748800.772784601897001 ], [ 423255.015478142071515, 2748791.555280784610659 ], [ 423255.241810281062499, 2748685.369014350697398 ], [ 423290.963356636057142, 2748675.051727721001953 ], [ 423286.871200972120278, 2748583.176046466454864 ], [ 423335.362300311564468, 2748559.089826379437 ], [ 423356.200097561406437, 2748548.479290410410613 ], [ 423350.718364903528709, 2748501.130579453893006 ], [ 423340.856810433499049, 2748440.592551750130951 ], [ 423329.702327491948381, 2748318.200236783828586 ], [ 423325.998804756207392, 2748269.56430589966476 ], [ 423322.901570795685984, 2748231.17584088165313 ], [ 423316.523333018820267, 2748184.163245014380664 ], [ 423310.865073912020307, 2748043.228745096828789 ], [ 423374.461704227025621, 2748022.250076487194747 ], [ 423367.061648989329115, 2747918.130169263575226 ], [ 423377.659993394801859, 2747909.807549562770873 ], [ 423349.642274920421187, 2747681.757096925284714 ], [ 423443.838677601597738, 2747675.292435684707016 ], [ 423471.049908767803572, 2747673.424980864860117 ], [ 423469.803796579129994, 2747661.927100932691246 ], [ 423453.147410915873479, 2747508.246928042732179 ], [ 423511.8734862083802, 2747503.692936828359962 ], [ 423590.626559210417327, 2747497.585909909568727 ], [ 423732.727229365496896, 2747486.28743562893942 ], [ 423733.210954555019271, 2747483.495100642554462 ], [ 423741.795811962860171, 2747433.933492433279753 ], [ 423814.930894055170938, 2747424.842741436790675 ], [ 423967.031774285598658, 2747405.936370801646262 ], [ 424076.533976261911448, 2747392.06228579999879 ], [ 424337.299218813772313, 2747382.307184517849237 ], [ 424380.43744002119638, 2747313.814923275727779 ], [ 424381.675510681059677, 2747312.730450212955475 ], [ 424414.00811762874946, 2747284.40872091287747 ], [ 424448.489214346511289, 2747269.475415117572993 ], [ 424482.814471487596165, 2747260.776693533174694 ], [ 424549.37070960609708, 2747259.283199637662619 ], [ 424571.333817491540685, 2747265.155763357877731 ], [ 424610.661489828489721, 2747280.353084294125438 ], [ 424613.862532962113619, 2747281.367075837217271 ], [ 424688.499341249174904, 2747305.009110548533499 ], [ 424710.203133411239833, 2747279.422331386245787 ], [ 424684.723030920431484, 2747256.789004710037261 ], [ 424620.290885667724069, 2747199.555773344822228 ], [ 424519.743274758919142, 2747158.082696106284857 ], [ 424399.646748694882262, 2747108.546260706149042 ], [ 424294.895405785820913, 2747021.424148162361234 ], [ 424285.118401767569594, 2747028.700144596397877 ], [ 424244.976316447777208, 2747058.574406288564205 ], [ 424239.785160216095392, 2747049.816396650392562 ], [ 424218.911165324505419, 2747046.714281264692545 ], [ 424209.13991209276719, 2747045.617134200874716 ], [ 424174.815658605482895, 2747041.748903206083924 ], [ 424158.14985930651892, 2747042.490507955662906 ], [ 424146.786647298024036, 2747042.865537239704281 ], [ 424136.409561362001114, 2747039.782408874947578 ], [ 424123.643693715916015, 2747033.190379010047764 ], [ 424114.416028835694306, 2747028.395055625587702 ], [ 424097.13828898628708, 2747015.52946666860953 ], [ 424084.432491518033203, 2747005.999544374644756 ], [ 424072.090597574948333, 2746995.962009415030479 ], [ 424055.490735702973325, 2746974.14673054497689 ], [ 424049.764939169515856, 2746966.650024345144629 ], [ 424032.013538615021389, 2746943.610511786770076 ], [ 424011.924556033336557, 2746916.561211612541229 ], [ 423993.155333899601828, 2746889.857908398844302 ], [ 423984.184573929698672, 2746871.186177649535239 ], [ 423983.206671968044247, 2746869.33320400910452 ], [ 423973.293818095466122, 2746850.432358849328011 ], [ 423962.849720412748866, 2746830.10618171421811 ], [ 423957.66558077360969, 2746821.660397716797888 ], [ 423949.305759141163435, 2746808.036195328924805 ], [ 423932.777767089079134, 2746780.971122230403125 ], [ 423931.134255479671992, 2746777.258253889158368 ], [ 423909.873663464328274, 2746745.236438978929073 ], [ 423882.966396473173518, 2746706.465818603057414 ], [ 423854.029088037088513, 2746666.302775489166379 ], [ 423837.202771884854883, 2746645.554494965355843 ], [ 423828.093791517138015, 2746637.632518337573856 ], [ 423811.946354064566549, 2746622.180327485781163 ], [ 423799.73327710054582, 2746606.64140423387289 ], [ 423785.672179345798213, 2746595.141938386019319 ], [ 423767.351897673739586, 2746571.802477451507002 ], [ 423759.266014420951251, 2746562.108430214691907 ], [ 423745.247479400713928, 2746552.544871848542243 ], [ 423720.82122937287204, 2746521.467259061522782 ], [ 423688.997981603373773, 2746497.799983796197921 ], [ 423684.920728473516647, 2746497.077523986343294 ], [ 423636.684972675750032, 2746488.516666903626174 ], [ 423603.440831382118631, 2746482.625116587616503 ], [ 423511.810774515615776, 2746466.896349721588194 ], [ 423452.287640858034138, 2746473.516633159480989 ], [ 423437.457406795700081, 2746475.342522848863155 ], [ 423422.314949934720062, 2746477.175035314168781 ], [ 423403.325994993618224, 2746477.405438164249063 ], [ 423384.274493062694091, 2746477.637100675143301 ], [ 423354.25986544857733, 2746476.547864947468042 ], [ 423343.9151202715002, 2746477.775085319299251 ], [ 423342.539583998091985, 2746503.297486034221947 ], [ 423341.865388142352458, 2746515.245976455975324 ], [ 423339.18621578218881, 2746518.429137635044754 ], [ 423318.307995131704956, 2746526.511037843767554 ], [ 423280.739984498592094, 2746537.084380814805627 ], [ 423231.553805293166079, 2746544.976826749742031 ], [ 423192.066123254830018, 2746544.970769951120019 ], [ 423184.129408200620674, 2746544.895398114342242 ], [ 423173.443466785131022, 2746544.818187954835594 ], [ 423158.570509435317945, 2746544.708070382475853 ], [ 423145.025699395337142, 2746545.318541961256415 ], [ 423129.671150595182553, 2746546.031139712315053 ], [ 423111.606618687917944, 2746545.678751385305077 ], [ 423077.914831986301579, 2746542.171229761559516 ], [ 423053.340760934283026, 2746538.463290355168283 ], [ 423028.232730011106469, 2746533.204750885721296 ], [ 423001.080289569450542, 2746523.055507133714855 ], [ 422996.922882723738439, 2746521.522446198854595 ], [ 422984.815607495838776, 2746516.477956061251462 ], [ 422955.395701720670331, 2746499.817903973627836 ], [ 422934.442808895604685, 2746481.78451514756307 ], [ 422931.65977157006273, 2746471.724100418854505 ], [ 422931.055244446732104, 2746444.245702643413097 ], [ 422950.437932090368122, 2746427.824298674240708 ], [ 422968.625605522596743, 2746405.368403421714902 ], [ 422981.604795314488001, 2746396.085761228110641 ], [ 422989.907986692734994, 2746390.092305787373334 ], [ 423002.721129447803833, 2746378.938953975681216 ], [ 423017.435715520055965, 2746366.181618527974933 ], [ 423032.147710792603903, 2746353.2992935013026 ], [ 423041.936424798215739, 2746343.836749431211501 ], [ 423055.650696094846353, 2746331.038975371979177 ], [ 423067.292229317477904, 2746314.912766720168293 ], [ 423075.181295976566616, 2746304.30498778866604 ], [ 423077.592800953658298, 2746300.315561550669372 ], [ 423080.138914860785007, 2746296.760687469970435 ], [ 423123.160809098219033, 2746218.838089618366212 ], [ 423123.082550193124916, 2746215.278590100351721 ], [ 423125.052191130002029, 2746213.92305313097313 ], [ 423148.566092927008867, 2746197.848109264858067 ], [ 423188.646354728727601, 2746167.975575750693679 ], [ 423191.213101457746234, 2746165.357434511650354 ], [ 423217.431311346357688, 2746138.726164557039738 ], [ 423226.237461577286012, 2746130.035193986725062 ], [ 423251.681076405802742, 2746105.108102099969983 ], [ 423265.48351494781673, 2746087.809760850388557 ], [ 423284.819508790737018, 2746063.579370601568371 ], [ 423317.60710050992202, 2746008.937466325238347 ], [ 423326.742275154392701, 2745992.491571783088148 ], [ 423334.79622197849676, 2745978.006403465289623 ], [ 423354.413805231219158, 2745941.023778709582984 ], [ 423355.915901096421294, 2745938.304175393190235 ], [ 423381.550124016881455, 2745893.629116628319025 ], [ 423385.462440501549281, 2745886.857592908199877 ], [ 423391.678479780792259, 2745874.037288507912308 ], [ 423409.788972399313934, 2745836.712983147241175 ], [ 423418.945697081857361, 2745818.392174132168293 ], [ 423429.898864263726864, 2745796.533025281969458 ], [ 423448.150292140373494, 2745762.767153831198812 ], [ 423453.189463306800462, 2745756.095924926921725 ], [ 423454.463723634253256, 2745754.380753570701927 ], [ 423458.504421906545758, 2745750.605713790748268 ], [ 423465.730749656911939, 2745743.948705341201276 ], [ 423485.205483931466006, 2745731.711644526571035 ], [ 423504.765195752377622, 2745723.34634632896632 ], [ 423516.326787998550572, 2745717.78131255460903 ], [ 423519.850761687441263, 2745716.079250367358327 ], [ 423528.434414232557174, 2745714.328422920312732 ], [ 423532.10530082200421, 2745713.622834714595228 ], [ 423550.996849124901928, 2745708.958883595652878 ], [ 423562.926845054840669, 2745705.94729451648891 ], [ 423573.819177418597974, 2745701.209118003956974 ], [ 423581.679567742103245, 2745694.975655986461788 ], [ 423591.368810374871828, 2745689.514191345311701 ], [ 423599.284117095114198, 2745680.093020685948431 ], [ 423595.191159431997221, 2745627.51205646712333 ], [ 423587.539576820214279, 2745546.643129854928702 ], [ 423585.335625544190407, 2745523.136643144767731 ], [ 423584.200438157073222, 2745511.290344701614231 ], [ 423583.066403106262442, 2745499.506384242791682 ], [ 423578.662841473240405, 2745452.680423205252737 ], [ 423571.825253730639815, 2745380.416035885456949 ], [ 423568.562269043177366, 2745345.686278654728085 ], [ 423564.651423459523357, 2745304.222737583331764 ], [ 423562.857201170758344, 2745285.143080367706716 ], [ 423565.107484516804107, 2745276.658782348502427 ], [ 423564.846574007009622, 2745264.793358067050576 ], [ 423564.585561134677846, 2745252.927713040728122 ], [ 423564.021275588835124, 2745227.260667221155018 ], [ 423555.683492776821367, 2745208.949681046884507 ], [ 423554.295079642557539, 2745194.109947236254811 ], [ 423554.052850270061754, 2745191.616084573790431 ], [ 423553.000624375417829, 2745180.705269231460989 ], [ 423554.193893574061804, 2745175.305721645709127 ], [ 423534.764921298774425, 2745164.049064144026488 ], [ 423522.686697181721684, 2745160.31580236274749 ], [ 423502.869200225453824, 2745154.128825329244137 ], [ 423464.24124004796613, 2745144.918731283862144 ], [ 423433.082615076564252, 2745134.419954027980566 ], [ 423410.682620200037491, 2745127.289800975471735 ], [ 423407.851959954947233, 2745126.414761268999428 ], [ 423378.61409670044668, 2745126.557985401712358 ], [ 423344.441475949366577, 2745121.061355491168797 ], [ 423305.383935840800405, 2745120.732982614543289 ], [ 423265.265981726231985, 2745114.804737386759371 ], [ 423262.457038527587429, 2745114.928995654918253 ], [ 423229.035839163116179, 2745112.352333504706621 ], [ 423197.082446822954807, 2745111.180566324852407 ], [ 423164.186983559397049, 2745115.465306102763861 ], [ 423130.266856152622495, 2745121.459503890946507 ], [ 423094.312585943960585, 2745125.873965892475098 ], [ 423057.455746162391733, 2745131.870212057605386 ], [ 423019.604777543747332, 2745140.950005298946053 ], [ 422980.794363939552568, 2745151.862843912094831 ], [ 422954.027888712938875, 2745159.261864359490573 ], [ 422951.977983711054549, 2745159.806728787254542 ], [ 422924.053126123966649, 2745165.669065647758543 ], [ 422893.088542586890981, 2745166.849712289404124 ], [ 422886.854530509503093, 2745167.486743852030486 ], [ 422864.099782679637428, 2745169.799013648647815 ], [ 422835.984730471100193, 2745169.855056556407362 ], [ 422826.790743351215497, 2745169.432433690410107 ], [ 422818.035271882428788, 2745169.062620317097753 ], [ 422797.143802880833391, 2745173.708076361101121 ], [ 422779.180211689672433, 2745175.102801708038896 ], [ 422758.186356351128779, 2745177.938692635856569 ], [ 422744.303847175789997, 2745180.243338028434664 ], [ 422730.296440784353763, 2745182.550801199860871 ], [ 422719.295462264446542, 2745182.355304433964193 ], [ 422701.340795097290538, 2745186.998848971910775 ], [ 422690.170357390539721, 2745187.619340792763978 ], [ 422686.191394342808053, 2745188.519113705027848 ], [ 422649.348318232456222, 2745189.45420681592077 ], [ 422623.349611144512892, 2745189.151105778291821 ], [ 422607.285930411075242, 2745188.879565278999507 ], [ 422578.285392349178437, 2745188.454972657375038 ], [ 422574.65787942497991, 2745193.970822204370052 ], [ 422571.717345956305508, 2745193.785457171499729 ], [ 422521.795310203800909, 2745213.68995163589716 ], [ 422481.674515193095431, 2745219.008339871652424 ], [ 422450.881627316703089, 2745216.623766724485904 ], [ 422447.761713243904524, 2745216.817378296051174 ], [ 422437.764148930145893, 2745216.787441240623593 ], [ 422425.768058827961795, 2745216.801307631190866 ], [ 422395.679815763840452, 2745215.213403990957886 ], [ 422378.608054860960692, 2745211.714978586416692 ], [ 422363.851151945651509, 2745208.35325934458524 ], [ 422343.818100129836239, 2745203.732736703008413 ], [ 422333.331195358769037, 2745201.339203677140176 ], [ 422294.020730276475661, 2745189.519961084704846 ], [ 422279.946347085991874, 2745185.95549276098609 ], [ 422253.746509251068346, 2745179.346370493527502 ], [ 422216.467449159943499, 2745168.982038873247802 ], [ 422203.59781350963749, 2745166.203279810491949 ], [ 422184.32495536719216, 2745162.066046610474586 ], [ 422160.156469609937631, 2745156.911672790534794 ], [ 422144.083985936071258, 2745153.391394800506532 ], [ 422119.951012694800738, 2745149.86061135539785 ], [ 422108.845660765073262, 2745144.918717534746975 ], [ 422085.703131469897926, 2745138.117571918293834 ], [ 422053.355519503529649, 2745124.708042409736663 ], [ 422026.526255845848937, 2745115.051018264144659 ], [ 422015.799640563665889, 2745110.288552897516638 ], [ 421915.196067423792556, 2745055.892662566620857 ], [ 421911.247879688395187, 2745055.354688826948404 ], [ 421885.260502569377422, 2745041.367929221596569 ], [ 421839.804962677764706, 2745022.873157441150397 ], [ 421828.674299848440569, 2745019.619022156577557 ], [ 421799.552092608821113, 2745010.82465766556561 ], [ 421762.554938463261351, 2745004.765236867591739 ], [ 421730.887989129638299, 2744999.588245279155672 ], [ 421728.03114724974148, 2744997.526715077459812 ], [ 421725.111751523741987, 2744995.466537027619779 ], [ 421708.389112723176368, 2744987.961734725628048 ], [ 421687.691030542948283, 2744978.669761405792087 ], [ 421673.415706901985686, 2744968.799073323607445 ], [ 421652.235604320536368, 2744960.329999871551991 ], [ 421635.058166009024717, 2744952.022594609763473 ], [ 421608.891043968033046, 2744941.226340108551085 ], [ 421591.54101948736934, 2744933.610296976286918 ], [ 421575.037500988808461, 2744927.537663526833057 ], [ 421560.734137558785733, 2744919.229622923303396 ], [ 421524.055682414851617, 2744885.046374247409403 ], [ 421517.20309668435948, 2744877.449552431702614 ], [ 421502.884505844558589, 2744862.76868416974321 ], [ 421493.895318248018157, 2744853.516719835344702 ], [ 421493.895318248018157, 2750527.296354989055544 ] ] ] ] } },
{ "type": "Feature", "properties": { "area_km2": 64.92737140429746, "block_id": "SYL-B039", "loss_pixels": 11.0, "plantation_ha": 0.0, "split": "train" }, "geometry": { "type": "Polygon", "coordinates": [ [ [ 421493.895318248018157, 2750527.296354989055544 ], [ 421493.895318248018157, 2760527.296354989055544 ], [ 431493.895318248018157, 2760527.296354989055544 ], [ 431493.895318248018157, 2753673.389172184281051 ], [ 431452.358271670644172, 2753662.767176536843181 ], [ 431376.452816966746468, 2753620.457426988985389 ], [ 431306.282395320944488, 2753587.488810836337507 ], [ 431205.746385765145533, 2753540.253143208567053 ], [ 431201.318599409423769, 2753540.040324756409973 ], [ 430977.588377118925564, 2753529.290386288426816 ], [ 430905.870221107325051, 2753540.868481160141528 ], [ 430816.137396962440107, 2753596.827506869565696 ], [ 430727.969181027961895, 2753723.726294398773462 ], [ 430681.912594865600113, 2753765.727194767445326 ], [ 430624.284984276688192, 2753826.976271239109337 ], [ 430548.35660502477549, 2753919.617901784833521 ], [ 430447.295202729816083, 2754005.816254722885787 ], [ 430387.896847523574252, 2754032.11749510653317 ], [ 430280.642235641367733, 2754109.455922697205096 ], [ 430138.284774432948325, 2754181.571091275196522 ], [ 430030.743458205717616, 2754245.921001094393432 ], [ 430018.275811839615926, 2754451.122233781032264 ], [ 430032.984014906804077, 2754528.76976767834276 ], [ 430043.718126315739937, 2754743.455771661829203 ], [ 430039.376323461881839, 2754818.524756607133895 ], [ 430049.192054603016004, 2754946.262239588890225 ], [ 430038.473878336895723, 2755049.461703506298363 ], [ 430024.456600833102129, 2755093.755266154184937 ], [ 429986.180773768341169, 2755216.555958795361221 ], [ 429914.917886923591141, 2755294.101071241311729 ], [ 429860.486371875333134, 2755364.277553689666092 ], [ 429686.980065258801915, 2755565.036027817521244 ], [ 429622.689452842751052, 2755641.428223771974444 ], [ 429491.896090309484862, 2755739.280954260844737 ], [ 429380.093818886904046, 2755791.73050960758701 ], [ 429203.21347942831926, 2755839.6186240054667 ], [ 429085.510952285781968, 2755851.213123931549489 ], [ 428906.528557504934724, 2755849.165295837447047 ], [ 428743.561551099235658, 2755802.779367646202445 ], [ 428578.360130706685595, 2755700.462135247886181 ], [ 428510.811315374856349, 2755664.400894716382027 ], [ 428396.332301566784736, 2755603.285649650264531 ], [ 428361.003704458591528, 2755590.298855350818485 ], [ 428241.00042427983135, 2755542.964201023802161 ], [ 428092.402659788029268, 2755468.270469948649406 ], [ 427981.971986079355702, 2755401.730937377549708 ], [ 427874.141659686923958, 2755317.140065003186464 ], [ 427825.52702813828364, 2755243.238468700088561 ], [ 427768.779036070103757, 2755072.5493402518332 ], [ 427751.072734397253953, 2754994.966762215364724 ], [ 427693.113110022910405, 2754905.276648181024939 ], [ 427698.072158030525316, 2754858.183256851509213 ], [ 427668.5082634423743, 2754786.859972967766225 ], [ 427595.686057884129696, 2754748.480352588463575 ], [ 427477.474885858362541, 2754737.092868954874575 ], [ 427449.23358978232136, 2754725.720121960155666 ], [ 427412.131698409095407, 2754720.540751032531261 ], [ 427382.392195308057126, 2754714.468014323152602 ], [ 427291.679756727069616, 2754698.206380236893892 ], [ 427200.059161353623495, 2754700.227456374559551 ], [ 427113.826610879274085, 2754702.129866611212492 ], [ 426929.294593083264772, 2754675.211324218660593 ], [ 426700.578160150791518, 2754639.270584956277162 ], [ 426586.057113366608974, 2754634.931458443403244 ], [ 426550.5027119613369, 2754633.584353532176465 ], [ 426417.448249397682957, 2754636.519539480563253 ], [ 426381.641066722455435, 2754637.30943967262283 ], [ 426251.497608047968242, 2754674.169290560763329 ], [ 426103.008844580152072, 2754740.424331637099385 ], [ 425997.683041423326358, 2754814.724227277096361 ], [ 425833.633118937723339, 2754855.331202318426222 ], [ 425622.484671119542327, 2754899.13535038754344 ], [ 425601.770429035299458, 2754903.432684287428856 ], [ 425357.32917182915844, 2754879.83506997814402 ], [ 425214.31274154887069, 2754876.992218987084925 ], [ 425092.080589701188728, 2754864.693674918729812 ], [ 424933.224085342837498, 2754914.183525683358312 ], [ 424853.325314068177249, 2754962.9313919628039 ], [ 424753.82490227476228, 2754984.120548878796399 ], [ 424708.321945665054955, 2754990.574546995107085 ], [ 424660.305042293446604, 2754997.385213965550065 ], [ 424620.2855552356923, 2755003.061519350856543 ], [ 424452.171022624825127, 2755040.759905139915645 ], [ 424250.436178438947536, 2755095.195115530397743 ], [ 424193.366892682330217, 2755104.521247484255582 ], [ 424108.991059883672278, 2755118.309434402734041 ], [ 424025.428242057038005, 2755126.962436286266893 ], [ 424008.314391769235954, 2755131.5274344147183 ], [ 423870.946336219843943, 2755100.432593137957156 ], [ 423533.743783727288246, 2754827.095999718178064 ], [ 423366.134466467658058, 2754751.818091813009232 ], [ 423206.092610895051621, 2754702.365043717436492 ], [ 422919.467170103103854, 2754624.713834103196859 ], [ 422717.421338868385646, 2754529.201260902453214 ], [ 422670.598459355824161, 2754484.188294327352196 ], [ 422500.894023462024052, 2754321.042210999876261 ], [ 422449.941958527546376, 2754141.220758695621043 ], [ 422470.340408626594581, 2754127.075384971685708 ], [ 422477.405400766350795, 2754122.175942798610777 ], [ 422532.688155576819554, 2754083.8395277983509 ], [ 422575.05660329683451, 2754057.485866540577263 ], [ 422599.042373111180495, 2754056.329649068880826 ], [ 422603.444787738611922, 2754055.343546722084284 ], [ 422685.37683600600576, 2754036.992028144653887 ], [ 422721.315771921887062, 2754028.884486918337643 ], [ 422843.449291530298069, 2754009.887897804379463 ], [ 422842.698905982077122, 2753999.066907592117786 ], [ 422835.126437647035345, 2753889.888228948693722 ], [ 422830.078493234585039, 2753750.155361019074917 ], [ 422792.562154938001186, 2753735.14658644516021 ], [ 422793.33223745675059, 2753703.16475393390283 ], [ 422843.234048563870601, 2753679.470212508458644 ], [ 422852.544614589307457, 2753578.043621124234051 ], [ 422879.17357666650787, 2753561.960368778556585 ], [ 422873.933223408472259, 2753533.040045337751508 ], [ 422839.347255536413286, 2753506.345233476255089 ], [ 422813.482746763969772, 2753463.018014347646385 ], [ 422807.38519971491769, 2753453.488018589559942 ], [ 422798.025029676384293, 2753411.324576541315764 ], [ 422794.466421081568114, 2753392.244994509965181 ], [ 422792.787013850407675, 2753355.253686386160553 ], [ 422791.697669829183724, 2753343.798314756248146 ], [ 422890.128736818849575, 2753266.359793418552727 ], [ 422892.073315201909281, 2753264.830019523855299 ], [ 422891.993337016261648, 2753262.852486410643905 ], [ 422890.106844925670885, 2753216.176743023097515 ], [ 422936.489746736944653, 2753206.182781859301031 ], [ 422940.761256713420153, 2753205.522544368170202 ], [ 422977.469151489320211, 2753199.84887276077643 ], [ 423041.391918592620641, 2753195.759390271734446 ], [ 423071.941099596850108, 2753193.121417658403516 ], [ 423128.081197755120229, 2753197.334751858841628 ], [ 423164.102471952675842, 2753200.488262914586812 ], [ 423179.842978860950097, 2753207.813682061620057 ], [ 423178.087188314530067, 2753161.902615205384791 ], [ 423171.877641623781528, 2752999.525358042214066 ], [ 423312.334939929889515, 2752956.261160869617015 ], [ 423450.457891367666889, 2752868.971675438806415 ], [ 423543.512960320222192, 2752866.87813083967194 ], [ 423583.16779096215032, 2752865.985952869523317 ], [ 423728.756759979645722, 2752836.761347755789757 ], [ 423842.94625010935124, 2752776.596429597586393 ], [ 423958.155364213918801, 2752718.434177216142416 ], [ 423952.336174170253798, 2752638.034558697137982 ], [ 423972.44657390069915, 2752637.887143993750215 ], [ 423962.723857678996865, 2752518.902830342296511 ], [ 424046.999722937936895, 2752493.145885041449219 ], [ 424031.746992822794709, 2752470.1306222807616 ], [ 424047.501262230740394, 2752424.56480454839766 ], [ 423973.384107084770221, 2752426.780021777376533 ], [ 423949.382532655901741, 2752427.497642813716084 ], [ 423929.447311943979003, 2752205.018750621937215 ], [ 423955.204595444840379, 2752207.042092552408576 ], [ 423955.86733317078324, 2752105.679154032375664 ], [ 423930.201551444130018, 2752061.222537954337895 ], [ 423952.176775106985588, 2751931.749589706771076 ], [ 423959.107689940079581, 2751862.316203023772687 ], [ 423923.866887492418755, 2751609.381747890729457 ], [ 423874.291029666841496, 2751266.657877900172025 ], [ 423925.094869905733503, 2751256.229443244636059 ], [ 423912.978090481541585, 2751084.975630929227918 ], [ 423909.53069280681666, 2750998.92734435852617 ], [ 423744.016432935371995, 2750971.183262054342777 ], [ 423710.245982507825829, 2750918.540471195243299 ], [ 423708.660342602524906, 2750916.6676304647699 ], [ 423723.382602777332067, 2750854.889273561537266 ], [ 423792.411512828315608, 2750724.668851665686816 ], [ 423858.433646802906878, 2750595.676373335067183 ], [ 423863.670440064801369, 2750569.29350377433002 ], [ 423855.484162449894939, 2750527.296354989055544 ], [ 423554.156129290815443, 2750527.296354989055544 ], [ 423507.86281610414153, 2750562.855497393757105 ], [ 423492.638381219119765, 2750571.011362052988261 ], [ 423468.502635749056935, 2750570.585340717807412 ], [ 423391.754633441800252, 2750553.451101176440716 ], [ 423388.754482935008127, 2750553.164494573138654 ], [ 423364.384734242223203, 2750550.836066937074065 ], [ 423321.783252896741033, 2750555.372471577487886 ], [ 423279.663033670280129, 2750560.914913185406476 ], [ 423248.192775996285491, 2750571.832365658599883 ], [ 423210.385251451982185, 2750584.948042725212872 ], [ 423164.835003445157781, 2750598.756409676279873 ], [ 423099.979238089639693, 2750602.857223012018949 ], [ 423049.317857767804526, 2750587.739391666371375 ], [ 423012.586089142772835, 2750560.260594411753118 ], [ 422997.255257439275738, 2750527.296354989055544 ], [ 421493.895318248018157, 2750527.296354989055544 ] ] ] } },
{ "type": "Feature", "properties": { "area_km2": 100.0, "block_id": "SYL-B040", "loss_pixels": 20.0, "plantation_ha": 0.0, "split": "train" }, "geometry": { "type": "Polygon", "coordinates": [ [ [ 421493.895318248018157, 2760527.296354989055544 ], [ 421493.895318248018157, 2770527.296354989055544 ], [ 431493.895318248018157, 2770527.296354989055544 ], [ 431493.895318248018157, 2760527.296354989055544 ], [ 421493.895318248018157, 2760527.296354989055544 ] ] ] } },
{ "type": "Feature", "properties": { "area_km2": 37.138100023668251, "block_id": "SYL-B041", "loss_pixels": 357.34901960784316, "plantation_ha": 0.0, "split": "train" }, "geometry": { "type": "Polygon", "coordinates": [ [ [ 431493.895318248018157, 2770527.296354989055544 ], [ 421493.895318248018157, 2770527.296354989055544 ], [ 421493.895318248018157, 2776704.656247082166374 ], [ 421536.172107525344472, 2776709.294732015579939 ], [ 421559.566032274567988, 2776684.472582974471152 ], [ 421566.901537434314378, 2776676.689239893108606 ], [ 421591.670827167108655, 2776653.981456346344203 ], [ 421658.00185157940723, 2776622.117156802210957 ], [ 421682.355645245523192, 2776597.603105696849525 ], [ 421685.48693737143185, 2776558.766067979857326 ], [ 421702.551993838220369, 2776527.668943176511675 ], [ 421698.539253733237274, 2776474.605987697839737 ], [ 421695.293474587553646, 2776443.659445625729859 ], [ 421684.998717405949719, 2776411.357894006650895 ], [ 421664.84583050996298, 2776378.524693116080016 ], [ 421647.938944613444619, 2776349.489064980298281 ], [ 421623.542266280099284, 2776259.574219807051122 ], [ 421625.593589577183593, 2776210.689063840080053 ], [ 421628.63997332775034, 2776187.539323515724391 ], [ 421633.207332758989651, 2776152.513349218294024 ], [ 421646.304099936794955, 2776101.535445337649435 ], [ 421652.848102863645181, 2776061.868725397624075 ], [ 421666.795500457577873, 2776044.268943413160741 ], [ 421724.357210560003296, 2775995.979044686537236 ], [ 421755.341390384361148, 2775970.612029366195202 ], [ 421764.702255126554519, 2775931.124655880499631 ], [ 421807.579236246121582, 2775909.490174182225019 ], [ 421840.09775229904335, 2775874.05602485826239 ], [ 421873.550098905048799, 2775856.110895117744803 ], [ 421919.750556229497306, 2775821.580519138835371 ], [ 421989.429728750081267, 2775775.551330644171685 ], [ 421995.800031927414238, 2775771.343265858013183 ], [ 421996.158732791198418, 2775766.855017693713307 ], [ 422000.769664706080221, 2775709.164561678189784 ], [ 422042.264650980650913, 2775636.659226109273732 ], [ 422038.411253693106119, 2775605.114257727283984 ], [ 422067.944908299250528, 2775582.8890411099419 ], [ 422094.009794222074561, 2775563.274273192044348 ], [ 422128.825545202591456, 2775545.582586034201086 ], [ 422168.057399606565014, 2775594.061853194143623 ], [ 422166.241793751250952, 2775619.290289860218763 ], [ 422178.526601435150951, 2775682.1742845880799 ], [ 422191.482777050870936, 2775748.495704740751535 ], [ 422286.591710932494607, 2775790.207374410703778 ], [ 422327.035974663798697, 2775807.94480484072119 ], [ 422418.614121660823002, 2775892.405337702482939 ], [ 422467.878663036506623, 2775919.483911340124905 ], [ 422476.301810683740769, 2775924.113734507467598 ], [ 422479.151422268419992, 2775922.234424476046115 ], [ 422509.243825235171244, 2775902.387776428833604 ], [ 422508.212918679055292, 2775824.061686261557043 ], [ 422597.576454223133624, 2775752.20754433888942 ], [ 422620.073129286756739, 2775734.696202924009413 ], [ 422684.957377376384102, 2775684.190346794668585 ], [ 422766.634287680033594, 2775660.659304381813854 ], [ 422857.859642346622422, 2775650.129144986625761 ], [ 422951.708076442359015, 2775613.637524324003607 ], [ 423000.104023878229782, 2775590.105504942592233 ], [ 423013.026464888185728, 2775583.822061952203512 ], [ 423053.01074318139581, 2775578.900990311056376 ], [ 423106.839292134682182, 2775569.653568677604198 ], [ 423153.094989053846803, 2775515.414411033503711 ], [ 423189.605223647551611, 2775503.077834065072238 ], [ 423237.164162322995253, 2775489.050220509059727 ], [ 423301.594439258449711, 2775444.933022998739034 ], [ 423363.405977994203568, 2775400.232329137157649 ], [ 423390.055149879946839, 2775386.963211119640619 ], [ 423426.55356515746098, 2775368.014532518107444 ], [ 423451.35871772520477, 2775355.136848589871079 ], [ 423487.2039917287766, 2775338.622302039526403 ], [ 423490.842184046865441, 2775336.945978208910674 ], [ 423522.743823029159103, 2775326.855316943489015 ], [ 423548.250326438108459, 2775327.225653011817485 ], [ 423568.601389438088518, 2775327.521086113061756 ], [ 423584.873923609382473, 2775325.189204416237772 ], [ 423602.280319081968628, 2775312.386638614814728 ], [ 423608.076098049408756, 2775308.12388241617009 ], [ 423613.259905508020893, 2775302.052637778688222 ], [ 423634.895110480603762, 2775290.630473412573338 ], [ 423641.878491677052807, 2775283.137554699555039 ], [ 423716.595820226240903, 2775243.167760719079524 ], [ 423754.377045091358013, 2775212.319925748277456 ], [ 423841.951283165777568, 2775170.445050809998065 ], [ 423883.037770502502099, 2775151.438105009030551 ], [ 423901.684578875720035, 2775143.859129162039608 ], [ 423910.046942253888119, 2775142.182669188827276 ], [ 423916.851670174160972, 2775137.709104447625577 ], [ 423927.243196064897347, 2775128.782832231838256 ], [ 423941.313946577603929, 2775127.87450211821124 ], [ 423950.256146196217742, 2775113.328444476705045 ], [ 423965.562442354217637, 2775110.229459406808019 ], [ 423981.895734512014315, 2775112.495629456825554 ], [ 423989.705584768380504, 2775097.386827178299427 ], [ 424004.601600601745304, 2775092.413472865242511 ], [ 424010.755348542705178, 2775095.754711970686913 ], [ 424012.274440667941235, 2775096.579665173310786 ], [ 424030.935239642101806, 2775081.573382258880883 ], [ 424032.01207672333112, 2775080.707485517952591 ], [ 424036.637489662098233, 2775063.623711413703859 ], [ 424053.822086598083843, 2775067.686179343145341 ], [ 424054.900407689274289, 2775067.031788714230061 ], [ 424063.867321866564453, 2775056.981698332354426 ], [ 424074.430110680987127, 2775044.033084210008383 ], [ 424088.9047315310454, 2775043.322654537856579 ], [ 424097.93167419929523, 2775040.239208196755499 ], [ 424112.84867908252636, 2775044.955233033746481 ], [ 424145.560408554389141, 2775035.663310938049108 ], [ 424170.603724411746953, 2775022.809021571651101 ], [ 424181.592643041687552, 2775013.07377645932138 ], [ 424196.021017724880949, 2775006.129418768454343 ], [ 424202.67069310991792, 2775007.890057994052768 ], [ 424219.465952807920985, 2774994.694050570018589 ], [ 424242.500044283689931, 2774982.055166438221931 ], [ 424246.74746596289333, 2774978.118571923580021 ], [ 424253.54424035991542, 2774970.11252695415169 ], [ 424266.807709602697287, 2774968.808371452149004 ], [ 424272.335347316926345, 2774964.538984783459455 ], [ 424284.363855370727833, 2774959.422417637892067 ], [ 424353.985483417985961, 2774927.740410984959453 ], [ 424391.536789239908103, 2774897.701553490944207 ], [ 424400.168045237893239, 2774890.797009068541229 ], [ 424472.896252223988995, 2774864.936576290987432 ], [ 424524.928859297768213, 2774846.435287146363407 ], [ 424578.285237829841208, 2774833.403599698562175 ], [ 424598.802733041055035, 2774828.392488564830273 ], [ 424626.315881954156794, 2774823.160875631961972 ], [ 424653.997528027743101, 2774794.359291668515652 ], [ 424658.047544342116453, 2774790.14541385974735 ], [ 424712.641808408778161, 2774775.664154045283794 ], [ 424729.715637257962953, 2774772.923602030146867 ], [ 424769.301316995290108, 2774771.226399873383343 ], [ 424786.410037912952248, 2774770.492765786126256 ], [ 424803.330315786472056, 2774774.188657467253506 ], [ 424851.307803679897916, 2774636.880141550209373 ], [ 424854.337075690680649, 2774628.21038126014173 ], [ 424895.015285906847566, 2774608.401998306624591 ], [ 424922.80775665451074, 2774604.531777116004378 ], [ 424969.750197262736037, 2774597.995095188263804 ], [ 425013.54802853858564, 2774580.335625546518713 ], [ 425014.571899691480212, 2774580.089244508184493 ], [ 425017.100461380323395, 2774582.963963481131941 ], [ 425033.569410816358868, 2774580.025917198974639 ], [ 425087.674773145234212, 2774581.033441753126681 ], [ 425129.349518722679932, 2774587.160728357266635 ], [ 425202.994299422251061, 2774538.149457068648189 ], [ 425229.947258064989001, 2774538.75446330010891 ], [ 425288.107363048824482, 2774517.006349935662001 ], [ 425293.390980921511073, 2774524.408644644077867 ], [ 425314.698226137494203, 2774523.043714066036046 ], [ 425331.29263064643601, 2774509.849240166135132 ], [ 425355.534419668780174, 2774497.402910707052797 ], [ 425380.826403454120737, 2774490.98095228523016 ], [ 425387.180774842679966, 2774489.722271664999425 ], [ 425418.205295889289118, 2774493.092443084344268 ], [ 425460.228180213132873, 2774486.170562646351755 ], [ 425461.959590328391641, 2774479.225060375872999 ], [ 425466.346066664962564, 2774452.937412261497229 ], [ 425468.413922599633224, 2774450.91618862003088 ], [ 425459.208326834719628, 2774429.867640889249742 ], [ 425480.761304617219139, 2774434.535249643959105 ], [ 425503.520675855863374, 2774448.841892188880593 ], [ 425529.359181794978213, 2774442.524976224638522 ], [ 425530.254784822405782, 2774437.386772781610489 ], [ 425640.918957645073533, 2774417.663742523640394 ], [ 425705.810496737831272, 2774408.737080838065594 ], [ 425788.491115549113601, 2774384.997966682072729 ], [ 425853.979815662372857, 2774402.412351777311414 ], [ 425873.93454007076798, 2774381.348996574059129 ], [ 425908.186509178543929, 2774389.944229272194207 ], [ 425943.798362520523369, 2774392.094347778242081 ], [ 426002.887867115030531, 2774387.23330890852958 ], [ 426048.858551280456595, 2774376.032698393799365 ], [ 426078.147177336155437, 2774366.163327969610691 ], [ 426133.265445397642907, 2774341.019314260687679 ], [ 426187.649410119920503, 2774325.333286158274859 ], [ 426218.664663203875534, 2774304.188189062755555 ], [ 426290.932650900445879, 2774286.559648512862623 ], [ 426289.708649130654521, 2774229.856789938639849 ], [ 426342.640387073275633, 2774208.148085919208825 ], [ 426352.227496969222557, 2774199.229086972307414 ], [ 426396.558396081440151, 2774156.668558754958212 ], [ 426412.374779031670187, 2774142.484222415834665 ], [ 426425.726414246018976, 2774130.510378883220255 ], [ 426481.620815674890764, 2774101.53949687210843 ], [ 426517.426323923573364, 2774102.682587129063904 ], [ 426533.471609791915398, 2774116.093709309119731 ], [ 426564.171029951889068, 2774141.753105390816927 ], [ 426570.409474820306059, 2774142.310396657790989 ], [ 426592.122344537288882, 2774114.196462490595877 ], [ 426631.91383616218809, 2774110.482755933888257 ], [ 426640.38941017689649, 2774105.46131135430187 ], [ 426673.160986537812278, 2774086.044774481095374 ], [ 426695.727217532636132, 2774064.560671994462609 ], [ 426709.66831547266338, 2774073.306042111944407 ], [ 426711.769618086516857, 2774076.598301074001938 ], [ 426720.65539033501409, 2774090.520105179864913 ], [ 426722.287967946729623, 2774093.725851771421731 ], [ 426822.861540241108742, 2774042.102309623267502 ], [ 426845.703193378634751, 2774030.670509634073824 ], [ 426884.345151530520525, 2774007.459094513673335 ], [ 426906.929012397886254, 2773988.387926318217069 ], [ 426904.227754887659103, 2773962.392556837759912 ], [ 426902.815138546633534, 2773948.800538287032396 ], [ 426905.988166349590756, 2773942.744168393313885 ], [ 426923.985553026199341, 2773928.936121276579797 ], [ 426932.223048449726775, 2773927.869512108620256 ], [ 426958.799607748223934, 2773941.081935196649283 ], [ 426963.71151611401001, 2773943.523758460301906 ], [ 426974.763103912235238, 2773915.085886723361909 ], [ 427013.842674749554135, 2773887.857574174646288 ], [ 427033.985389757959638, 2773873.823469772003591 ], [ 427052.942047785443719, 2773880.922899850644171 ], [ 427068.84628054901259, 2773883.21889946423471 ], [ 427080.673319333349355, 2773932.402416865341365 ], [ 427089.466357620083727, 2773952.045482052955776 ], [ 427142.877826484909747, 2773886.492330826818943 ], [ 427159.582524695666507, 2773861.029079735744745 ], [ 427159.547107123536989, 2773829.053612721152604 ], [ 427184.606840754277073, 2773791.261745950672776 ], [ 427206.773961064347532, 2773743.033871632535011 ], [ 427226.089654183073435, 2773744.29836256057024 ], [ 427238.796930977201555, 2773769.9863256290555 ], [ 427239.768451590731274, 2773771.950293097645044 ], [ 427242.799537685990799, 2773773.938150540459901 ], [ 427245.091969644185156, 2773769.520292539615184 ], [ 427248.351428159046918, 2773763.238416654523462 ], [ 427274.303125838050619, 2773764.454604452475905 ], [ 427300.278632391942665, 2773768.888222888577729 ], [ 427311.169051973032765, 2773773.030903310980648 ], [ 427345.931187987385783, 2773784.478003547526896 ], [ 427391.203315575257875, 2773799.386260952800512 ], [ 427412.552833564230241, 2773791.846212913282216 ], [ 427536.024048843595665, 2773748.239930177107453 ], [ 427562.828764323377982, 2773738.582708396483213 ], [ 427643.731135391106363, 2773709.434805141296238 ], [ 427723.465150321542751, 2773668.020226162858307 ], [ 427766.453878276224714, 2773623.413069363683462 ], [ 427767.970166435930878, 2773621.839747827500105 ], [ 427771.573841628502123, 2773623.215293844230473 ], [ 427821.987125145620666, 2773642.460171025712043 ], [ 427834.119967514183372, 2773647.091689377557486 ], [ 427868.449063903361093, 2773666.14349204255268 ], [ 427917.372788496024441, 2773700.773838609457016 ], [ 427988.020043010008521, 2773681.548472154419869 ], [ 428091.793154856364708, 2773658.342406996060163 ], [ 428096.839615539007355, 2773657.213942397385836 ], [ 428139.500438258750364, 2773633.570721183437854 ], [ 428161.643208500812761, 2773636.422802636399865 ], [ 428170.628437413193751, 2773627.709297671914101 ], [ 428161.383180924283806, 2773574.082267377525568 ], [ 428150.437638371367939, 2773562.499359692912549 ], [ 428166.056312155909836, 2773553.334629969671369 ], [ 428163.961055505555123, 2773543.097172365523875 ], [ 428163.343865300237667, 2773540.081587592605501 ], [ 428175.092320293246303, 2773524.308025714475662 ], [ 428170.331920122844167, 2773506.043125787284225 ], [ 428176.034004346351139, 2773515.654181979596615 ], [ 428184.454350409796461, 2773521.820913098752499 ], [ 428189.707972535747103, 2773525.201099864672869 ], [ 428219.933643714757636, 2773519.600688125472516 ], [ 428236.594589421758428, 2773546.578299670945853 ], [ 428248.042146123829298, 2773544.482786276843399 ], [ 428272.100939755793661, 2773507.301384610123932 ], [ 428280.776138083077967, 2773511.058275757823139 ], [ 428286.485749766696244, 2773521.674839754123241 ], [ 428277.809569008939434, 2773542.287458254024386 ], [ 428275.023070198541973, 2773548.90787784429267 ], [ 428279.724060582520906, 2773559.12998053105548 ], [ 428291.639305709570181, 2773565.879034842830151 ], [ 428301.498930264206138, 2773566.610761350952089 ], [ 428336.354066588974092, 2773548.052140864543617 ], [ 428344.183437346713617, 2773546.18491308297962 ], [ 428359.895551139023155, 2773549.688707735389471 ], [ 428375.859873328765389, 2773532.877923584543169 ], [ 428417.330300875823013, 2773511.45540144154802 ], [ 428436.604291325784288, 2773507.089796171989292 ], [ 428476.555033956596162, 2773461.990746363997459 ], [ 428477.819944243761711, 2773460.928553803358227 ], [ 428489.222848742036149, 2773452.800241089425981 ], [ 428499.031834616500419, 2773439.517571416683495 ], [ 428504.984072583960369, 2773435.98104915721342 ], [ 428541.600959396106191, 2773415.940585429314524 ], [ 428547.401134636485949, 2773423.817336460575461 ], [ 428585.916089601931162, 2773410.662492818664759 ], [ 428597.317435451375786, 2773402.332185083534569 ], [ 428603.463782664970495, 2773390.421776826027781 ], [ 428619.233549431955907, 2773384.633309232536703 ], [ 428623.311309265729506, 2773383.13648518640548 ], [ 428787.980287908576429, 2773322.69285995233804 ], [ 428926.730435152247082, 2773266.56394719844684 ], [ 428962.087945865641814, 2773260.092529760207981 ], [ 429014.896647771587595, 2773250.426793964579701 ], [ 429135.088034624757711, 2773186.592202052939683 ], [ 429225.120534231013153, 2773136.722470829728991 ], [ 429243.642648410052061, 2773126.462810183409601 ], [ 429288.354495352134109, 2773108.23439330002293 ], [ 429296.133365547284484, 2773105.329706814140081 ], [ 429328.464896234625485, 2773093.257100714370608 ], [ 429353.917658162186854, 2773081.404921190347522 ], [ 429375.717700784851331, 2773092.30399635899812 ], [ 429391.216024112422019, 2773096.298224997706711 ], [ 429414.403754236467648, 2773102.274295786395669 ], [ 429454.792602104251273, 2773097.752921433653682 ], [ 429462.882776949263643, 2773076.777833288535476 ], [ 429576.324579127016477, 2773024.858140032272786 ], [ 429634.439459703920875, 2773024.227794232778251 ], [ 429677.423215556831565, 2773017.071868146304041 ], [ 429723.485680984449573, 2773018.340540941804647 ], [ 429765.782859673607163, 2772999.927944336086512 ], [ 429851.629772080981638, 2772969.328594234772027 ], [ 429894.879276419931557, 2772951.426108094397932 ], [ 429904.559637142636348, 2772947.419128464069217 ], [ 429905.998486629570834, 2772969.844334409572184 ], [ 429906.378076752705965, 2772975.761430236045271 ], [ 429909.607151050586253, 2772975.715597534086555 ], [ 429935.937445660005324, 2772975.341201528906822 ], [ 429946.678807406162377, 2772986.523688356857747 ], [ 429955.954482089611702, 2772989.87447183392942 ], [ 429994.385621711146086, 2773019.755276608746499 ], [ 430020.229649480432272, 2773033.641250263433903 ], [ 430043.096087012381759, 2773052.778562666848302 ], [ 430046.758993113180622, 2773058.58302865922451 ], [ 430044.483120782766491, 2773068.923993865959346 ], [ 430043.256726518739015, 2773074.496188936755061 ], [ 430018.122646065952722, 2773102.233314101584256 ], [ 430020.559664960717782, 2773105.432978294789791 ], [ 430028.445341742248274, 2773111.206798490602523 ], [ 430039.515981722797733, 2773112.532443634234369 ], [ 430050.360315537021961, 2773110.441447136458009 ], [ 430047.251659798901528, 2773097.995848594699055 ], [ 430054.711558109964244, 2773100.555377937387675 ], [ 430094.501647255732678, 2773069.491916601546109 ], [ 430087.195330496528186, 2773060.496494347695261 ], [ 430070.322732674016152, 2773063.235183809883893 ], [ 430070.124108374933712, 2773051.074646156746894 ], [ 430069.954989537247457, 2773040.714443047530949 ], [ 430047.405748514574952, 2773037.261467301286757 ], [ 430039.454469528049231, 2773022.639358181972057 ], [ 430000.516997333499603, 2772978.684925808571279 ], [ 429986.841487841447815, 2772951.435455261729658 ], [ 429988.29540136345895, 2772950.458259624894708 ], [ 429999.848616724368185, 2772942.692815783433616 ], [ 430020.726770709967241, 2772937.710979733150452 ], [ 430026.872949837299529, 2772925.800819668918848 ], [ 430028.348039731208701, 2772925.490050531923771 ], [ 430053.578520024137106, 2772920.173653414938599 ], [ 430060.11758828535676, 2772934.202482273802161 ], [ 430079.285465210443363, 2772942.707735201343894 ], [ 430091.403141553862952, 2772949.657301088329405 ], [ 430095.228550151688978, 2772946.453314827755094 ], [ 430099.39782557048602, 2772942.961088420357555 ], [ 430097.902438505203463, 2772931.107520957011729 ], [ 430108.127226504904684, 2772926.809093152172863 ], [ 430110.699637448647991, 2772921.159024520311505 ], [ 430109.756997872143984, 2772902.462684174533933 ], [ 430112.949220109148882, 2772899.021204898133874 ], [ 430139.869080431293696, 2772895.201681032776833 ], [ 430166.193208631128073, 2772892.39308571536094 ], [ 430183.907290153554641, 2772894.674938814714551 ], [ 430236.878744099580217, 2772878.395595403853804 ], [ 430245.853627872245852, 2772868.274877011310309 ], [ 430247.705417790450156, 2772846.742642894852906 ], [ 430253.453682574210688, 2772862.587272570002824 ], [ 430258.078746229992248, 2772862.5536517072469 ], [ 430266.823001174023375, 2772848.411580008454621 ], [ 430276.649775238765869, 2772844.718616590369493 ], [ 430285.257683269388508, 2772848.625951465684921 ], [ 430298.972294979379512, 2772871.904117265250534 ], [ 430306.618447798013221, 2772872.450065252371132 ], [ 430321.845076519413851, 2772864.695806505624205 ], [ 430336.853275663685054, 2772844.130993714556098 ], [ 430346.930180539609864, 2772830.323240818921477 ], [ 430363.45905365049839, 2772841.840372038073838 ], [ 430364.921280932903755, 2772842.859222228638828 ], [ 430380.228325762727764, 2772845.96422235108912 ], [ 430398.96593807003228, 2772823.502331479918212 ], [ 430405.390669301734306, 2772822.047116772737354 ], [ 430399.116194874455687, 2772843.812406014185399 ], [ 430425.852981570991687, 2772842.408357246313244 ], [ 430433.287533840863034, 2772841.54953057365492 ], [ 430440.011624754872173, 2772826.215934776701033 ], [ 430443.311183007550426, 2772810.103494991082698 ], [ 430447.207680024148431, 2772802.423010861966759 ], [ 430449.45584858674556, 2772797.991450857836753 ], [ 430465.440756769443396, 2772783.996634718962014 ], [ 430469.918489243544172, 2772791.203533719759434 ], [ 430469.030976102047134, 2772800.967479671351612 ], [ 430467.686865717580076, 2772815.755042560398579 ], [ 430475.565258825547062, 2772820.522439626045525 ], [ 430483.389804150559939, 2772818.051637591328472 ], [ 430502.613253273826558, 2772806.848885018844157 ], [ 430507.396408958768006, 2772800.981769870501012 ], [ 430525.909742350573651, 2772803.657322484068573 ], [ 430551.082933895406313, 2772807.295510213356465 ], [ 430569.331991053535603, 2772800.32278921501711 ], [ 430598.001906299847178, 2772815.595628506969661 ], [ 430594.226500142191071, 2772876.155221295543015 ], [ 430632.9939583389787, 2772924.334698683582246 ], [ 430683.620053040271159, 2772971.622134458273649 ], [ 430729.264771316549741, 2773025.179882807657123 ], [ 430771.61149580089841, 2773095.051778157707304 ], [ 430783.567706450936384, 2773097.870591498445719 ], [ 430818.752276518265717, 2773106.165786700323224 ], [ 430837.436293930979446, 2773103.614843234419823 ], [ 430893.434817148779985, 2773061.571769072208554 ], [ 430906.001178375969175, 2773047.602767737116665 ], [ 430903.410089746816084, 2773040.569664119742811 ], [ 430902.306956778687891, 2773037.575483342632651 ], [ 430911.698865658952855, 2773038.225651918910444 ], [ 430965.285301488882396, 2773041.935378795489669 ], [ 430997.351683962857351, 2773027.017733620945364 ], [ 431003.187874203780666, 2773027.577879133168608 ], [ 431010.866572626517154, 2773032.548573638312519 ], [ 431016.237934220873285, 2773051.815205591730773 ], [ 431020.910605493700132, 2773058.216007290408015 ], [ 431031.354116546572186, 2773056.328812775667757 ], [ 431039.053629690373782, 2773046.614397959783673 ], [ 431037.325915127410553, 2773030.538726018741727 ], [ 431039.709348839242011, 2773026.499368468765169 ], [ 431073.532043062383309, 2773004.328351934440434 ], [ 431078.476556769863237, 2772986.711592587642372 ], [ 431078.688119183760136, 2772984.788119460921735 ], [ 431100.741956216923427, 2772948.426736450288445 ], [ 431152.836820693104528, 2772976.79956936603412 ], [ 431162.195963610254694, 2772964.261237272061408 ], [ 431177.12196706602117, 2772943.035473171621561 ], [ 431182.659190491191112, 2772903.17535435827449 ], [ 431201.107698845793493, 2772896.000380820594728 ], [ 431208.794947895861696, 2772881.893396263476461 ], [ 431225.314150987018365, 2772851.579290822613984 ], [ 431235.557951495458838, 2772849.894364886451513 ], [ 431250.264861784293316, 2772877.850308018736541 ], [ 431254.527387795795221, 2772885.952743058558553 ], [ 431293.879398501710966, 2772877.215228704735637 ], [ 431295.642169588478282, 2772877.084646923467517 ], [ 431321.013610663299914, 2772875.204423818271607 ], [ 431326.132965752796736, 2772914.784122740849853 ], [ 431340.659417184011545, 2772921.112044007051736 ], [ 431317.20352412306238, 2772967.936689344234765 ], [ 431316.748898821999319, 2772988.050236609764397 ], [ 431350.283942956535611, 2773026.016477946657687 ], [ 431323.882394601998385, 2773079.459229790605605 ], [ 431348.319219872821122, 2773141.062366140075028 ], [ 431329.970296657353174, 2773161.710192268714309 ], [ 431321.557072978350334, 2773166.196351840160787 ], [ 431311.504155199276283, 2773164.484049657359719 ], [ 431297.796756028663367, 2773162.149440583307296 ], [ 431297.170820321072824, 2773186.286619506310672 ], [ 431292.937357523129322, 2773184.910000863485038 ], [ 431270.492296973650809, 2773185.57592229405418 ], [ 431273.934384140942711, 2773218.637423503212631 ], [ 431291.421592612285167, 2773223.381987247150391 ], [ 431312.167493131011724, 2773229.010563207790256 ], [ 431298.517360453610308, 2773295.154318384360522 ], [ 431306.912234311748762, 2773337.849402373190969 ], [ 431310.701884963957127, 2773357.123557980172336 ], [ 431331.949906224850565, 2773357.919700734782964 ], [ 431373.464018167345785, 2773359.474726120941341 ], [ 431394.171710160851944, 2773413.016974222380668 ], [ 431393.667800296097994, 2773436.720000175293535 ], [ 431392.82893567631254, 2773476.172255254350603 ], [ 431432.885163460741751, 2773498.732174995355308 ], [ 431493.895318248018157, 2773533.093226987402886 ], [ 431493.895318248018157, 2770527.296354989055544 ] ] ] } },
{ "type": "Feature", "properties": { "area_km2": 5.9941595448124074, "block_id": "SYL-B042", "loss_pixels": 0.0, "plantation_ha": 0.0, "split": "test" }, "geometry": { "type": "Polygon", "coordinates": [ [ [ 441493.895318248018157, 2750527.296354989055544 ], [ 441493.895318248018157, 2749162.940523509867489 ], [ 441373.689773407531902, 2749234.840014043264091 ], [ 441163.638019983714912, 2749364.41040540067479 ], [ 440838.824610637035221, 2749502.505731895565987 ], [ 440549.809861239977181, 2749586.836772903334349 ], [ 440303.324025290552527, 2749605.259731797967106 ], [ 440113.081126281351317, 2749590.457928355317563 ], [ 439964.852058183052577, 2749531.749769915360957 ], [ 439889.480386342678685, 2749450.133267411030829 ], [ 439871.669308376614936, 2749430.846584098879248 ], [ 439825.877961246005725, 2749365.038111148402095 ], [ 439802.656628333439585, 2749331.665847691241652 ], [ 439796.31608736445196, 2749322.553709963802248 ], [ 439717.874397378822323, 2749140.62481174338609 ], [ 439682.213602973497473, 2749057.916868987027556 ], [ 439640.628652455867268, 2748925.155892624519765 ], [ 439658.463371713995002, 2748745.146820669528097 ], [ 439661.0741605310468, 2748718.794795529916883 ], [ 439606.852635780523997, 2748526.072561802342534 ], [ 439565.354168558842503, 2748485.210500730201602 ], [ 439547.110132232483011, 2748467.246268968097866 ], [ 439536.354380188044161, 2748456.655193560291082 ], [ 439530.114363800152205, 2748455.771479712799191 ], [ 439401.992979682225268, 2748437.622964868322015 ], [ 439242.887143399042543, 2748475.111159389838576 ], [ 439016.547159336099867, 2748546.065774657297879 ], [ 438801.777847102610394, 2748597.774053034838289 ], [ 438609.151439280074555, 2748611.011399945709854 ], [ 438422.070141421805602, 2748649.115817354060709 ], [ 438220.706333833863027, 2748719.521596643608063 ], [ 438060.084722193540074, 2748779.034465610049665 ], [ 437957.630804142332636, 2748847.262641646433622 ], [ 437875.554660847701598, 2748933.034426564350724 ], [ 437820.457846480887383, 2749109.17444475274533 ], [ 437786.694282860087696, 2749300.837891569361091 ], [ 437771.331398346403148, 2749402.106104318518192 ], [ 437718.341056052071508, 2749601.218263968359679 ], [ 437645.323238300275989, 2749689.790092010982335 ], [ 437500.788378931407351, 2749798.929156538564712 ], [ 437319.506686733046081, 2749918.873876395169646 ], [ 437185.512748415058013, 2750052.770970937330276 ], [ 437134.598375177418347, 2750191.835615247488022 ], [ 437104.837435790279415, 2750474.374582895077765 ], [ 437104.758819072972983, 2750476.669112264644355 ], [ 437103.024127749900799, 2750527.296354989055544 ], [ 441493.895318248018157, 2750527.296354989055544 ] ] ] } },
{ "type": "Feature", "properties": { "area_km2": 91.304422930547432, "block_id": "SYL-B043", "loss_pixels": 48.0, "plantation_ha": 0.0, "split": "train" }, "geometry": { "type": "Polygon", "coordinates": [ [ [ 431493.895318248018157, 2760527.296354989055544 ], [ 441493.895318248018157, 2760527.296354989055544 ], [ 441493.895318248018157, 2750527.296354989055544 ], [ 437103.024127749900799, 2750527.296354989055544 ], [ 437097.536708820436615, 2750687.447550985962152 ], [ 437063.291067208512686, 2750857.132163561880589 ], [ 436987.1627801990835, 2751076.719707040581852 ], [ 436908.789379607303999, 2751194.399022318422794 ], [ 436724.923808383522555, 2751242.432501261588186 ], [ 436541.088524051359855, 2751246.483694696333259 ], [ 436387.256417056545615, 2751205.891614924650639 ], [ 436216.403599161189049, 2751118.693238872569054 ], [ 436011.317084862675983, 2751020.254199794959277 ], [ 435885.327347086044028, 2750973.050421180203557 ], [ 435772.031528283201624, 2750957.554093058686703 ], [ 435672.80281527939951, 2750990.727976527996361 ], [ 435595.286909224058036, 2751147.373753627296537 ], [ 435550.662406327726785, 2751254.314625847153366 ], [ 435519.642860823660158, 2751388.944412488956004 ], [ 435495.124591251893435, 2751546.42184035340324 ], [ 435424.751666850759648, 2751618.944157145451754 ], [ 435366.676444198878016, 2751705.190105578862131 ], [ 435310.128921978233848, 2751815.392921320162714 ], [ 435193.747044966730755, 2751795.966699253767729 ], [ 435050.60917076037731, 2751787.126456944737583 ], [ 434948.118341540684924, 2751808.377680009696633 ], [ 434861.142888362868689, 2751853.277596823871136 ], [ 434803.450177887862083, 2751911.526748476549983 ], [ 434763.346327002102043, 2751982.409514911938459 ], [ 434722.188656032958534, 2752034.269900026265532 ], [ 434698.883244859520346, 2752087.789818132761866 ], [ 434635.607319932663813, 2752233.100796198006719 ], [ 434507.90636052651098, 2752561.787678328342736 ], [ 434427.540597456274554, 2752770.478025410789996 ], [ 434327.715128933021333, 2752912.624105383642018 ], [ 434224.995937147759832, 2753166.049403723794967 ], [ 434217.74280186847318, 2753183.943756616208702 ], [ 434099.316429417929612, 2753298.51135143591091 ], [ 434009.035045819357038, 2753329.49092253157869 ], [ 433928.171891165024135, 2753334.273055330850184 ], [ 433843.988688478595577, 2753279.15133969951421 ], [ 433834.027184760547243, 2753235.388158500660211 ], [ 433823.969119318993762, 2753196.316042115911841 ], [ 433809.975389108527452, 2753141.954978968016803 ], [ 433803.056717817555182, 2752964.176457437686622 ], [ 433809.4367348314845, 2752664.152387710288167 ], [ 433818.600184088048991, 2752533.656449377071112 ], [ 433820.418592379894108, 2752516.3086106358096 ], [ 433836.733325934561435, 2752360.667895646765828 ], [ 433831.513563741696998, 2752123.875023675151169 ], [ 433807.839297268656082, 2751911.479579187463969 ], [ 433713.219264188723173, 2751745.630134229548275 ], [ 433560.927867862163112, 2751639.028946954291314 ], [ 433417.501872274442576, 2751617.199520181398839 ], [ 433364.135331135476008, 2751626.930674195755273 ], [ 433299.023754897527397, 2751638.803440683986992 ], [ 433166.607466209912673, 2751753.678749550133944 ], [ 432959.680102034006268, 2751980.154705083929002 ], [ 432686.816012699331623, 2752299.05004706280306 ], [ 432476.090545921586454, 2752534.607886120676994 ], [ 432277.957469887041952, 2752751.895682792644948 ], [ 432150.506770403706469, 2752910.647099000401795 ], [ 432125.967661464062985, 2753067.129570518620312 ], [ 432112.045695157605223, 2753286.663492828607559 ], [ 432099.751577964110766, 2753326.449159519281238 ], [ 432054.915275954059325, 2753471.545198811218143 ], [ 432024.220823662821203, 2753530.200416599400342 ], [ 431966.791899235046003, 2753600.441082639619708 ], [ 431911.589085348299704, 2753635.645917518995702 ], [ 431849.502605779096484, 2753676.000726239290088 ], [ 431700.667041175765917, 2753726.265523769427091 ], [ 431625.735491331492085, 2753707.103792264591902 ], [ 431493.895318248018157, 2753673.389172184281051 ], [ 431493.895318248018157, 2760527.296354989055544 ] ] ] } },
{ "type": "Feature", "properties": { "area_km2": 92.06407511721919, "block_id": "SYL-B044", "loss_pixels": 88.568627450980401, "plantation_ha": 0.0, "split": "val" }, "geometry": { "type": "Polygon", "coordinates": [ [ [ 441493.895318248018157, 2760527.296354989055544 ], [ 431493.895318248018157, 2760527.296354989055544 ], [ 431493.895318248018157, 2770527.296354989055544 ], [ 433567.686366989684757, 2770527.296354989055544 ], [ 433564.028780296328478, 2770521.409331194125116 ], [ 433566.871459401212633, 2770497.859527706168592 ], [ 433594.620744802523404, 2770497.453862699214369 ], [ 433606.772650843311567, 2770509.027745792176574 ], [ 433610.721206239890307, 2770526.293423293158412 ], [ 433615.666296321433038, 2770527.296354989055544 ], [ 433737.970355698664207, 2770527.296354989055544 ], [ 433761.825864845770411, 2770509.290124698542058 ], [ 433796.332071741111577, 2770497.973872009199113 ], [ 433803.789174377394374, 2770497.225891607347876 ], [ 433824.465977765969001, 2770495.151754530612379 ], [ 433871.145141976303421, 2770500.011996337678283 ], [ 433889.241218472423498, 2770507.538587165996432 ], [ 433914.409065909218043, 2770511.575537788216025 ], [ 433922.068423837656155, 2770513.932692913804203 ], [ 433936.511535886442289, 2770508.999121856875718 ], [ 433937.832226489088498, 2770509.398468780331314 ], [ 433947.995366894640028, 2770512.471170911099762 ], [ 433957.684589164680801, 2770507.038061579223722 ], [ 433966.675140112405643, 2770527.296354989055544 ], [ 434029.756966123648454, 2770527.296354989055544 ], [ 434031.66901105211582, 2770504.077552565839142 ], [ 434045.721602502453607, 2770500.757091788575053 ], [ 434075.4429724838119, 2770440.608155825175345 ], [ 434160.40327535365941, 2770398.956393240951002 ], [ 434204.693472214916255, 2770410.981773680076003 ], [ 434206.548609381308779, 2770411.48554203659296 ], [ 434230.125136653077789, 2770445.096172743942589 ], [ 434241.707696518627927, 2770461.299810278229415 ], [ 434255.348526656278409, 2770465.546515240799636 ], [ 434285.506997857009992, 2770465.750002595130354 ], [ 434296.038407030981034, 2770465.725661756005138 ], [ 434358.612072791846003, 2770497.036664219107479 ], [ 434355.69232780544553, 2770510.130455149803311 ], [ 434358.68392839783337, 2770527.296354989055544 ], [ 434470.369078916264698, 2770527.296354989055544 ], [ 434467.462739779148251, 2770504.27660447312519 ], [ 434470.218599870277103, 2770496.211615820415318 ], [ 434504.809528005484026, 2770496.358982523903251 ], [ 434519.872379989654291, 2770479.575148073490709 ], [ 434523.160027369391173, 2770475.911829927936196 ], [ 434530.515744889504276, 2770481.043842361774296 ], [ 434543.981102726480458, 2770490.438150307163596 ], [ 434548.521536800893955, 2770484.060549936722964 ], [ 434553.335823707515374, 2770477.297715008724481 ], [ 434607.563666476227809, 2770494.995394124649465 ], [ 434637.353138715436216, 2770525.745297056157142 ], [ 434639.28643290605396, 2770527.296354989055544 ], [ 434876.774292395333759, 2770527.296354989055544 ], [ 434855.460472196456976, 2770486.326383064035326 ], [ 434867.789513970550615, 2770413.034825411625206 ], [ 434878.19734313886147, 2770406.32160915993154 ], [ 434951.135586981312372, 2770425.087707814294845 ], [ 434951.299456453765742, 2770420.059054220560938 ], [ 434953.13974764815066, 2770396.919457465875894 ], [ 434987.531529649102595, 2770370.120099934749305 ], [ 435056.385358717525378, 2770367.29546979861334 ], [ 435059.303571027063299, 2770367.175722730346024 ], [ 435101.749080149747897, 2770368.873432660475373 ], [ 435101.019951924507041, 2770406.28351086564362 ], [ 435077.705172192945611, 2770408.065166414249688 ], [ 435075.071142977569252, 2770432.618854016065598 ], [ 435067.175446740002371, 2770479.936056456528604 ], [ 435063.357334605592769, 2770507.51471872953698 ], [ 435071.819250986911356, 2770527.296354989055544 ], [ 435215.820249368029181, 2770527.296354989055544 ], [ 435219.474969540140592, 2770515.813204299658537 ], [ 435227.036392449575942, 2770504.897701802197844 ], [ 435249.651298157579731, 2770490.049967208411545 ], [ 435254.80677238968201, 2770480.15846703806892 ], [ 435265.222491534019355, 2770447.301673503126949 ], [ 435268.75059159466764, 2770407.65830021770671 ], [ 435270.433247805107385, 2770363.202667113393545 ], [ 435277.012713192554656, 2770344.405439133290201 ], [ 435278.901878958859015, 2770339.008609562646598 ], [ 435309.823560452903621, 2770332.907087076455355 ], [ 435348.783944445080124, 2770325.219468872062862 ], [ 435401.620833608089015, 2770317.991069437935948 ], [ 435440.447084958432242, 2770292.566844489425421 ], [ 435466.185392188024707, 2770292.175946200732142 ], [ 435506.229389626649208, 2770290.423328793607652 ], [ 435521.470977594552096, 2770289.756233242340386 ], [ 435557.624034356558695, 2770310.805563221219927 ], [ 435590.896948589826934, 2770377.526325434911996 ], [ 435600.533959871332627, 2770402.592282917816192 ], [ 435606.971428564866073, 2770430.095362024847418 ], [ 435610.799215977254789, 2770458.222128826193511 ], [ 435607.201243990974035, 2770488.413720232900232 ], [ 435623.826186203339603, 2770527.296354989055544 ], [ 435930.155593247502111, 2770527.296354989055544 ], [ 435933.553025837463792, 2770510.335211162921041 ], [ 435958.122513805807102, 2770487.831173175480217 ], [ 436012.475907514453866, 2770468.124143330380321 ], [ 436045.433258043427486, 2770437.715145204681903 ], [ 436084.286126005637925, 2770415.909839826170355 ], [ 436105.278923970181495, 2770399.264931521844119 ], [ 436118.448460872517899, 2770385.29140951950103 ], [ 436143.845132340909913, 2770338.649921587202698 ], [ 436242.150059459730983, 2770225.106112049892545 ], [ 436259.8862531176419, 2770230.404395283665508 ], [ 436279.177719352941494, 2770228.45219798386097 ], [ 436273.31079462839989, 2770196.520502417348325 ], [ 436301.988910086336546, 2770158.501766352914274 ], [ 436305.712956421310082, 2770145.402370652649552 ], [ 436296.837208372366149, 2770114.498938092496246 ], [ 436306.444532377645373, 2770053.896578692365438 ], [ 436318.89312242588494, 2770051.19058812269941 ], [ 436340.35846324742306, 2770016.844380106776953 ], [ 436345.248928214539774, 2769998.307517815381289 ], [ 436341.943779156077653, 2769986.466647984925658 ], [ 436329.506227528676391, 2769963.431984920054674 ], [ 436344.518478470447008, 2769953.869806371163577 ], [ 436335.715584783058148, 2769932.818859285674989 ], [ 436319.868419672653545, 2769911.016317434608936 ], [ 436281.82384336926043, 2769878.919479955453426 ], [ 436262.808387900760863, 2769863.776500539854169 ], [ 436217.320835203689057, 2769804.185175576712936 ], [ 436278.053256091719959, 2769749.640095210634172 ], [ 436348.987946308392566, 2769687.780692906118929 ], [ 436385.90323724312475, 2769655.680834459140897 ], [ 436408.933783990447409, 2769635.654382182750851 ], [ 436424.475883388426155, 2769643.382359437644482 ], [ 436443.635466616833583, 2769660.531316409353167 ], [ 436426.03301592101343, 2769673.330504712183028 ], [ 436405.621145662269555, 2769686.954827591311187 ], [ 436407.706323215155862, 2769696.994401725940406 ], [ 436417.594358759524766, 2769714.303774666972458 ], [ 436429.098752983147278, 2769734.442462035920471 ], [ 436463.325910848274361, 2769716.437393357977271 ], [ 436487.82732833357295, 2769703.548356146551669 ], [ 436488.865819505415857, 2769702.835591060109437 ], [ 436511.100960578594822, 2769691.007136259227991 ], [ 436533.505443770613056, 2769702.103585373610258 ], [ 436522.234652098501101, 2769728.127866170369089 ], [ 436499.038912334071938, 2769745.996100953780115 ], [ 436499.117274414282292, 2769756.620183316990733 ], [ 436514.519812302663922, 2769827.126429956872016 ], [ 436525.666014073533006, 2769838.708413438871503 ], [ 436536.871271676151082, 2769803.835084315855056 ], [ 436557.460049923218321, 2769814.139941497705877 ], [ 436565.405645377875771, 2769800.809289172757417 ], [ 436548.627220148802735, 2769789.06829584389925 ], [ 436551.940479143697303, 2769774.765752071514726 ], [ 436567.971181348664686, 2769767.005311627872288 ], [ 436592.608580607338808, 2769780.899964994750917 ], [ 436614.381370383431204, 2769788.179973404388875 ], [ 436634.932347393594682, 2769820.606720986310393 ], [ 436657.818827796319965, 2769788.060337504837662 ], [ 436663.965190864808392, 2769787.707479789387435 ], [ 436698.02237716637319, 2769785.752077609300613 ], [ 436729.720084172789939, 2769802.611309679225087 ], [ 436734.863270529429428, 2769818.258708072360605 ], [ 436706.370094574347604, 2769854.064105562865734 ], [ 436703.101600715133827, 2769871.763889868278056 ], [ 436695.734854183276184, 2769911.657318238168955 ], [ 436703.455237016198225, 2769922.258593014441431 ], [ 436716.320575201010797, 2769921.560451840981841 ], [ 436725.211407483089715, 2769911.800398708321154 ], [ 436726.095463385921903, 2769910.830020274966955 ], [ 436732.226714914606418, 2769896.908793474081904 ], [ 436734.629941592866089, 2769868.335218412335962 ], [ 436749.442447439592797, 2769858.974521485622972 ], [ 436770.154374935256783, 2769885.970784880686551 ], [ 436801.472199022129644, 2769905.848935396876186 ], [ 436802.915361947496422, 2769928.879082428757101 ], [ 436803.752024783636443, 2769942.231174686923623 ], [ 436861.914229891437571, 2769920.887607313226908 ], [ 436877.60834962973604, 2769921.978098863735795 ], [ 436893.768637702974956, 2769931.712488003075123 ], [ 436914.810349598119501, 2769921.702837985474616 ], [ 436922.94625579752028, 2769934.111293378286064 ], [ 436954.851453665003646, 2769924.625243385322392 ], [ 436958.039787572226487, 2769893.430408809799701 ], [ 436910.998019298363943, 2769868.439456548541784 ], [ 436871.88767771498533, 2769882.604176023509353 ], [ 436863.593298370658886, 2769903.177829279564321 ], [ 436849.287536888034083, 2769899.462803596165031 ], [ 436828.147485547524411, 2769876.9656100734137 ], [ 436820.042549202626105, 2769833.516695995815098 ], [ 436852.451508523081429, 2769812.555403941310942 ], [ 436864.074848039075732, 2769805.037612928077579 ], [ 436892.787900936906226, 2769798.993239879608154 ], [ 436920.332643280737102, 2769807.834453149233013 ], [ 436949.433608168154024, 2769828.706405520439148 ], [ 436950.860956126707606, 2769829.730100521817803 ], [ 436957.646627740701661, 2769829.299011432565749 ], [ 436990.258680159342475, 2769827.227095566689968 ], [ 437003.907652382738888, 2769823.70771734463051 ], [ 437038.634071979322471, 2769816.054822165053338 ], [ 437063.255164062080439, 2769823.870104192290455 ], [ 437133.857574654160999, 2769846.280454557854682 ], [ 437149.641307198093273, 2769832.288079094141722 ], [ 437139.003329448169097, 2769807.833214277401567 ], [ 437137.299571605108213, 2769794.975442085415125 ], [ 437144.801266296999529, 2769776.015828208997846 ], [ 437168.3682275012834, 2769753.922210521996021 ], [ 437196.73066887864843, 2769700.421404532622546 ], [ 437191.95304107433185, 2769652.5940145640634 ], [ 437207.106875054014381, 2769634.987319385632873 ], [ 437261.707908240729012, 2769594.363086671568453 ], [ 437284.376763922686223, 2769559.606642802245915 ], [ 437298.617201939283404, 2769554.473980075679719 ], [ 437341.965580190822948, 2769542.289302792400122 ], [ 437357.410741296247579, 2769536.946092100813985 ], [ 437383.570250164018944, 2769484.668491232674569 ], [ 437397.410018012626097, 2769479.739532607607543 ], [ 437451.686196952534374, 2769479.096267087385058 ], [ 437487.496091951848939, 2769478.671729517634958 ], [ 437519.857011694577523, 2769476.421863983385265 ], [ 437528.937356918293517, 2769480.577534685842693 ], [ 437540.878199621394742, 2769492.973588647786528 ], [ 437551.634882896905765, 2769504.140254565048963 ], [ 437553.778101114323363, 2769522.022236227057874 ], [ 437541.455925432092045, 2769541.821210609283298 ], [ 437471.495208865962923, 2769613.725033096503466 ], [ 437463.018126344715711, 2769622.437559645622969 ], [ 437469.43301277392311, 2769634.705824136734009 ], [ 437482.396683324070182, 2769659.498101918492466 ], [ 437510.964533151593059, 2769688.245320954825729 ], [ 437518.547982923395466, 2769680.346390242222697 ], [ 437514.292047454626299, 2769621.45547463838011 ], [ 437527.853473435970955, 2769606.072034118697047 ], [ 437529.720278912340291, 2769586.551977381110191 ], [ 437554.095413142291363, 2769592.203723905608058 ], [ 437554.619969163322821, 2769581.541576897725463 ], [ 437562.833598901459482, 2769577.257083565462381 ], [ 437555.843393941759132, 2769556.595872845966369 ], [ 437556.934201838099398, 2769540.902298196684569 ], [ 437575.175468057743274, 2769532.923997550737113 ], [ 437581.774415108026005, 2769527.847719045355916 ], [ 437588.306386123760603, 2769513.722764271777123 ], [ 437563.702478441235144, 2769477.103887056000531 ], [ 437564.964566554932389, 2769457.386173321865499 ], [ 437576.087652524525765, 2769438.60228316904977 ], [ 437586.297280027996749, 2769432.292297714855522 ], [ 437608.661901123879943, 2769429.29934570286423 ], [ 437624.469069218146615, 2769427.183840949088335 ], [ 437632.054975478618871, 2769446.835332007147372 ], [ 437644.778651551285293, 2769454.182119298260659 ], [ 437659.99168876814656, 2769475.910307281184942 ], [ 437665.509861986385658, 2769483.791752352844924 ], [ 437657.608923875261098, 2769503.155840465798974 ], [ 437682.870103872206528, 2769519.861502134241164 ], [ 437690.666983511066064, 2769568.068236651830375 ], [ 437698.418436972773634, 2769582.892041399609298 ], [ 437708.477520243963227, 2769583.42175416694954 ], [ 437721.889710531104356, 2769575.07677631219849 ], [ 437744.282784556271508, 2769557.416312067769468 ], [ 437747.248531736142468, 2769550.556450170464814 ], [ 437738.433798576355912, 2769527.89749541785568 ], [ 437738.591717617935501, 2769522.064440630842 ], [ 437690.569622603943571, 2769446.001690044999123 ], [ 437724.725704852084164, 2769441.726851149462163 ], [ 437730.93917908082949, 2769411.717624275945127 ], [ 437744.976787649269681, 2769404.380950576160103 ], [ 437753.576311940560117, 2769399.886413508094847 ], [ 437760.378419741813559, 2769367.861015195492655 ], [ 437774.641037764726207, 2769365.744531878270209 ], [ 437784.40935909259133, 2769378.504825710784644 ], [ 437794.253378659021109, 2769389.72655325755477 ], [ 437804.767612220777664, 2769424.640438571106642 ], [ 437831.154724982741755, 2769488.151175404898822 ], [ 437830.73342140292516, 2769527.014536261558533 ], [ 437835.042522222385742, 2769538.646962434053421 ], [ 437870.178067396511324, 2769558.094344194047153 ], [ 437884.744317524484359, 2769569.852203153073788 ], [ 437887.029058754851576, 2769579.689416862558573 ], [ 437884.286004337656777, 2769616.711616912391037 ], [ 437900.754252530692611, 2769640.923025236465037 ], [ 437903.069603120384272, 2769647.202831950038671 ], [ 437908.962859847350046, 2769663.184636874590069 ], [ 437915.609174033277668, 2769664.542486870195717 ], [ 437918.738607479725033, 2769679.80379288084805 ], [ 437894.956207610259298, 2769672.739374661818147 ], [ 437892.928024532680865, 2769674.34596085222438 ], [ 437876.762388763891067, 2769687.151880590710789 ], [ 437848.112696646305267, 2769728.991939177270979 ], [ 437825.300298344576731, 2769717.093936029355973 ], [ 437815.784496040840168, 2769735.665224241558462 ], [ 437815.383172380155884, 2769763.017648147419095 ], [ 437823.095949183101766, 2769772.613424391020089 ], [ 437829.031626608164515, 2769786.646832917351276 ], [ 437831.881188379018568, 2769791.250759392045438 ], [ 437844.914776294317562, 2769786.1277024759911 ], [ 437857.25641575246118, 2769768.943159878719598 ], [ 437872.700284356949851, 2769763.398885355331004 ], [ 437917.086623298702762, 2769755.630430235527456 ], [ 437918.128079063724726, 2769733.300729545298964 ], [ 437920.700791535608005, 2769727.651039163582027 ], [ 437928.895195698132738, 2769720.753160598687828 ], [ 437942.325205858738627, 2769714.821688708849251 ], [ 437949.732853028399404, 2769710.343317761085927 ], [ 437955.040573892532848, 2769693.813502753619105 ], [ 437941.92106052255258, 2769660.125782986637205 ], [ 437930.524763537629042, 2769641.909307850059122 ], [ 437929.617841681931168, 2769628.040252625476569 ], [ 437943.421894128317945, 2769618.286263476125896 ], [ 437973.940151119430084, 2769611.624833591748029 ], [ 437993.69996429933235, 2769591.36925497232005 ], [ 438010.141754704178311, 2769584.812143236864358 ], [ 438043.183236542332452, 2769593.014747618231922 ], [ 438071.824960609315895, 2769577.317947916686535 ], [ 438100.640490994555876, 2769585.14940328290686 ], [ 438230.531931431614794, 2769527.882118380628526 ], [ 438249.230419423780404, 2769527.341651262249798 ], [ 438273.072584823879879, 2769515.300885751377791 ], [ 438276.797988781530876, 2769501.709422490093857 ], [ 438277.380862660415005, 2769499.582991495728493 ], [ 438287.629141320532653, 2769500.696184941567481 ], [ 438384.855774358497001, 2769511.2569415201433 ], [ 438575.700583182391711, 2769511.054485422093421 ], [ 438738.744056728784926, 2769504.218550180085003 ], [ 438771.096219030907378, 2769419.116360126063228 ], [ 438801.08254306029994, 2769285.968259337823838 ], [ 438877.380932279862463, 2769215.221132629550993 ], [ 438928.620245932019316, 2769155.115537658333778 ], [ 439043.878194631717633, 2769022.544022246729583 ], [ 439097.18494175595697, 2768970.06629880471155 ], [ 439177.254473600187339, 2768919.803008909337223 ], [ 439261.680527111282572, 2768833.108987057115883 ], [ 439321.393058043147903, 2768749.412812639027834 ], [ 439341.335644723614678, 2768740.304857542272657 ], [ 439367.491079941741191, 2768728.359558997210115 ], [ 439369.818795896717347, 2768777.800905276089907 ], [ 439369.876159250503406, 2768779.018848524894565 ], [ 439381.333882332372013, 2768778.330936846788973 ], [ 439386.090937092958484, 2768802.881412112154067 ], [ 439395.341805742471479, 2768850.62304389057681 ], [ 439406.242200260865502, 2768856.174009195994586 ], [ 439433.217908498714678, 2768867.783550144173205 ], [ 439436.10031257243827, 2768869.024180980864912 ], [ 439502.241503029945306, 2768862.890345708932728 ], [ 439504.42814527900191, 2768862.687538831029087 ], [ 439509.710010016686283, 2768869.888177431654185 ], [ 439531.381755299982615, 2768863.494377896655351 ], [ 439531.052984595065936, 2768846.202210911083966 ], [ 439536.770148928801063, 2768830.674975417554379 ], [ 439517.985666570952162, 2768745.887496739625931 ], [ 439516.798800119955558, 2768740.529073041398078 ], [ 439523.347509577928577, 2768734.411194671876729 ], [ 439582.108520302339457, 2768679.516108283773065 ], [ 439626.412896613357589, 2768660.687821187078953 ], [ 439632.739425775478594, 2768650.664023335557431 ], [ 439661.458425655961037, 2768640.721246023662388 ], [ 439682.667149681772571, 2768626.086290369275957 ], [ 439685.699752788350452, 2768628.275089418049902 ], [ 439689.641442097898107, 2768617.387374483980238 ], [ 439697.363258282013703, 2768628.189490501768887 ], [ 439687.664128406671807, 2768649.175530660431832 ], [ 439702.068380952172447, 2768639.014338820707053 ], [ 439712.340335569751915, 2768641.150704435538501 ], [ 439723.013122076401487, 2768643.082110077608377 ], [ 439754.876591265900061, 2768627.966065419372171 ], [ 439867.222726320324, 2768670.813874440733343 ], [ 439890.3988289401168, 2768679.653064515907317 ], [ 439978.272062491509132, 2768705.749736696481705 ], [ 440017.009002497186884, 2768668.260208516381681 ], [ 440090.09684117231518, 2768625.690953908022493 ], [ 440132.48096424434334, 2768619.143742630723864 ], [ 440192.750974822090939, 2768583.70775504084304 ], [ 440230.34668260300532, 2768555.075568823609501 ], [ 440258.523663875996135, 2768530.936444952618331 ], [ 440290.411095438641496, 2768519.037421865388751 ], [ 440325.85178339574486, 2768470.914723917841911 ], [ 440382.152870603720658, 2768469.895647600758821 ], [ 440436.30119594844291, 2768476.935733642429113 ], [ 440472.621475395397283, 2768466.211096436716616 ], [ 440506.007567761756945, 2768439.419406334403902 ], [ 440530.19613835203927, 2768392.585727826692164 ], [ 440579.47735973255476, 2768366.883331882301718 ], [ 440596.446810320019722, 2768350.066530950833112 ], [ 440682.771096623968333, 2768302.57321560382843 ], [ 440714.752453528577462, 2768276.19466726668179 ], [ 440738.731344788393471, 2768268.943698300048709 ], [ 440764.514558313181624, 2768261.146888453513384 ], [ 440781.006926473928615, 2768277.099278954323381 ], [ 440786.592282429162879, 2768282.501742338296026 ], [ 440850.93916891340632, 2768308.973334753885865 ], [ 440963.217843580525368, 2768372.093443566467613 ], [ 441028.08663358510239, 2768391.687188909389079 ], [ 441058.753119794477243, 2768400.950032788794488 ], [ 441080.929396924388129, 2768414.999195326585323 ], [ 441112.093458986608312, 2768434.742056625895202 ], [ 441176.092248895089142, 2768441.307866491843015 ], [ 441224.332296295149717, 2768410.786924469750375 ], [ 441305.48379263462266, 2768398.121889742556959 ], [ 441383.64774766744813, 2768362.15174782788381 ], [ 441396.386662464938127, 2768289.863614150322974 ], [ 441493.895318248018157, 2768235.350539270788431 ], [ 441493.895318248018157, 2765103.887220007367432 ], [ 441408.280932228604797, 2764899.851783810183406 ], [ 441347.073383142473176, 2764753.981911702547222 ], [ 441308.087183539231773, 2764659.539626077748835 ], [ 441219.474777880590409, 2764441.118984355125576 ], [ 441205.332484047976322, 2764405.552106752991676 ], [ 441174.2278015014017, 2764332.008870226331055 ], [ 441137.063981749291997, 2764243.79633475234732 ], [ 441112.212837774888612, 2764180.698918656911701 ], [ 440895.523479797586333, 2764002.97262212773785 ], [ 440893.03873614105396, 2764000.934547699522227 ], [ 440891.778321516583674, 2763943.987488598562777 ], [ 440959.649030356726144, 2763939.486645922996104 ], [ 440979.441950166190509, 2763944.525616392027587 ], [ 441091.317226425628178, 2763973.006500996649265 ], [ 441181.027805472025648, 2763984.102032022085041 ], [ 441255.053191484708805, 2763996.232504290528595 ], [ 441298.52030267304508, 2764012.239767668768764 ], [ 441352.026154835009947, 2764020.185552852228284 ], [ 441405.727216292056255, 2764024.711350280791521 ], [ 441444.537663133116439, 2764024.036313867196441 ], [ 441493.895318248018157, 2764020.60116505343467 ], [ 441493.895318248018157, 2762026.672423652373254 ], [ 441466.180763090786058, 2761910.089615050237626 ], [ 441409.701189475192223, 2761704.322047946508974 ], [ 441399.061760115786456, 2761481.843293372076005 ], [ 441493.895318248018157, 2761357.960987597238272 ], [ 441493.895318248018157, 2760527.296354989055544 ] ] ] } },
{ "type": "Feature", "properties": { "area_km2": 7.9887260729695129, "block_id": "SYL-B045", "loss_pixels": 67.125490196078431, "plantation_ha": 0.0, "split": "val" }, "geometry": { "type": "MultiPolygon", "coordinates": [ [ [ [ 431493.895318248018157, 2770527.296354989055544 ], [ 431493.895318248018157, 2773533.093226987402886 ], [ 431503.495538046932779, 2773538.500091677065939 ], [ 431537.649681645212695, 2773678.942602714989334 ], [ 431543.526548768335488, 2773703.108577254693955 ], [ 431569.56898792006541, 2773712.46504114754498 ], [ 431584.661168734019157, 2773717.887407836969942 ], [ 431619.07914503721986, 2773759.801953388378024 ], [ 431640.467859494499862, 2773785.84944231249392 ], [ 431675.613160926150158, 2773779.355223422404379 ], [ 431771.01647237862926, 2773790.111919136717916 ], [ 431801.330929077928886, 2773810.199160727206618 ], [ 431847.402159333869349, 2773812.673838379792869 ], [ 431978.850616464391351, 2773802.651544999796897 ], [ 431984.30723839357961, 2773779.082199984695762 ], [ 432110.697171775856987, 2773737.726258327253163 ], [ 432137.362035030848347, 2773753.817958693020046 ], [ 432176.938347620365676, 2773735.518530536908656 ], [ 432236.36916975339409, 2773708.038938104175031 ], [ 432311.359359063673764, 2773705.07035927195102 ], [ 432350.962526262912434, 2773730.317118992097676 ], [ 432388.973420798662119, 2773757.788295902311802 ], [ 432453.398513184511103, 2773849.014701379928738 ], [ 432457.752387930988334, 2773866.67932236706838 ], [ 432457.578007359756157, 2773870.300744240637869 ], [ 432554.088106641196646, 2773867.575906367972493 ], [ 432580.903609482280444, 2773876.828793914522976 ], [ 432590.573877570102923, 2773879.171012156177312 ], [ 432610.769739438896067, 2773879.818740790709853 ], [ 432621.149039322510362, 2773880.15146868955344 ], [ 432720.003077435248997, 2773861.47159794298932 ], [ 432765.923637257656083, 2773777.666615582071245 ], [ 432774.521992456400767, 2773761.974596929270774 ], [ 432800.041218956466764, 2773763.686788858380169 ], [ 432824.297848440939561, 2773765.314113500993699 ], [ 432858.22287745209178, 2773767.590172726195306 ], [ 432874.837382836034521, 2773801.556621149647981 ], [ 432882.726093493867666, 2773817.68464096263051 ], [ 432970.827780421008356, 2773674.602768923621625 ], [ 433012.153587154694833, 2773667.699922500178218 ], [ 433055.224275810527615, 2773660.505478753242642 ], [ 433096.492922418867238, 2773653.612251553684473 ], [ 433187.995577279245481, 2773599.240584888961166 ], [ 433244.650439297605772, 2773519.706813557539135 ], [ 433251.073275712959003, 2773510.690043761394918 ], [ 433272.471164769027382, 2773508.219285420607775 ], [ 433336.546417767647654, 2773534.622144293505698 ], [ 433449.678291408461519, 2773492.282443549949676 ], [ 433451.579160517430864, 2773492.212923667859286 ], [ 433505.883231649058871, 2773490.221564543899149 ], [ 433526.988812515744939, 2773489.447685734368861 ], [ 433618.432654427364469, 2773481.922268473077565 ], [ 433646.043437552871183, 2773479.65007889829576 ], [ 433795.19678797875531, 2773431.376815488561988 ], [ 433969.278246672067326, 2773307.995061217807233 ], [ 433990.348539242346305, 2773293.061371615156531 ], [ 434062.468229648831766, 2773282.673766377847642 ], [ 434106.642846145376097, 2773300.647524013649672 ], [ 434165.79070363403298, 2773308.017148689366877 ], [ 434222.238775986945257, 2773315.050345902796835 ], [ 434293.76995463471394, 2773259.847385672386736 ], [ 434287.10935116285691, 2773202.180042777676135 ], [ 434295.090590554696973, 2773193.675082544796169 ], [ 434293.062084887002129, 2773164.127862367313355 ], [ 434267.854441908013541, 2773127.513072924222797 ], [ 434248.555319563369267, 2773080.133011700585485 ], [ 434218.447826586547308, 2773006.217196560930461 ], [ 434218.038130132423248, 2772940.106287548318505 ], [ 434209.046629417454824, 2772865.209176503587514 ], [ 434244.000184728414752, 2772802.703841315582395 ], [ 434284.424564042710699, 2772730.41522625926882 ], [ 434245.034117776958738, 2772695.880249157082289 ], [ 434210.137048294534907, 2772665.284428105223924 ], [ 434219.157255694037303, 2772552.563571703154594 ], [ 434244.388298231875524, 2772543.440108400769532 ], [ 434274.916058823699132, 2772532.401443583890796 ], [ 434294.826415418763645, 2772478.157557398080826 ], [ 434299.552884621487465, 2772464.649044725112617 ], [ 434325.341147659462877, 2772416.595322114881128 ], [ 434341.879113975621294, 2772368.610987095627934 ], [ 434359.639974782883655, 2772322.829769100993872 ], [ 434372.786138475872576, 2772278.490316188428551 ], [ 434371.040504815930035, 2772260.002361766062677 ], [ 434353.439185666560661, 2772191.355220026802272 ], [ 434340.140853146091104, 2772133.536263788118958 ], [ 434342.031490189721808, 2772008.437554312869906 ], [ 434343.230891631450504, 2771980.273989916779101 ], [ 434342.035505634907167, 2771927.393456178717315 ], [ 434338.128998882835731, 2771888.609463960397989 ], [ 434326.882582619262394, 2771856.962015959434211 ], [ 434326.342111976118758, 2771854.504602660890669 ], [ 434272.562738971435465, 2771734.241792501416057 ], [ 434229.095211854320951, 2771648.692368341609836 ], [ 434210.432490168488584, 2771626.910195580217987 ], [ 434173.105899645132013, 2771583.144942047074437 ], [ 434132.509597947821021, 2771549.866054924204946 ], [ 434114.937318064796273, 2771539.538327901624143 ], [ 434087.666504030290525, 2771548.031102891545743 ], [ 434036.887458819255698, 2771563.845194954890758 ], [ 433987.823810605681501, 2771564.609924172051251 ], [ 433988.065508650848642, 2771542.889079709071666 ], [ 433904.66343824804062, 2771506.385735761839896 ], [ 433882.592464586370625, 2771359.480830152984709 ], [ 433881.494695242494345, 2771353.922848454210907 ], [ 433868.746803299582098, 2771289.37762524234131 ], [ 433846.680329680326395, 2771269.632264065090567 ], [ 433814.751676528016105, 2771248.751878227107227 ], [ 433759.066985086188652, 2771224.428338441532105 ], [ 433686.164683674636763, 2771183.339313423261046 ], [ 433680.984424937225413, 2771181.180427704472095 ], [ 433649.652374326833524, 2771168.123725607525557 ], [ 433565.290726306964643, 2771127.521597513929009 ], [ 433522.857480628241319, 2771100.284020513296127 ], [ 433486.762020954978652, 2771074.338763080071658 ], [ 433475.979413635563105, 2771066.588145165238529 ], [ 433444.210134842141997, 2771043.752436556387693 ], [ 433443.452290173096117, 2771042.968794258777052 ], [ 433333.764187151682563, 2770929.538777431473136 ], [ 433290.519641277496703, 2770874.152923134155571 ], [ 433271.249217003234662, 2770851.772326836828142 ], [ 433254.250429686682764, 2770837.417921503074467 ], [ 433234.883023594506085, 2770829.114928201306611 ], [ 433321.330510767002124, 2770729.152935601770878 ], [ 433336.577093906118535, 2770711.522700807545334 ], [ 433414.387029684497975, 2770790.785506940446794 ], [ 433452.538798491703346, 2770837.360668188426644 ], [ 433479.880721845896915, 2770890.651311362162232 ], [ 433519.610104243562091, 2770932.99114540591836 ], [ 433539.12308180850232, 2770961.00130760204047 ], [ 433547.562505937123206, 2770987.283769225236028 ], [ 433584.312373276450671, 2771061.822148106060922 ], [ 433588.068485655123368, 2771065.910872153472155 ], [ 433626.886738325585611, 2771108.163305680267513 ], [ 433660.206620825105347, 2771126.820438739378005 ], [ 433611.288522184360772, 2771060.460160884540528 ], [ 433577.934623454231769, 2771015.213760564103723 ], [ 433552.405683133227285, 2770962.310872397851199 ], [ 433542.188260680937674, 2770939.260058508720249 ], [ 433541.566302278544754, 2770937.856952386442572 ], [ 433539.524714872706681, 2770935.845395559445024 ], [ 433510.976885096053593, 2770907.716462812386453 ], [ 433479.180416772549506, 2770854.093999745324254 ], [ 433449.47690687328577, 2770804.000658053904772 ], [ 433404.26883013889892, 2770755.064697362948209 ], [ 433365.62930393696297, 2770716.436409522779286 ], [ 433348.756176327238791, 2770699.567992780357599 ], [ 433351.10267018066952, 2770694.121686672326177 ], [ 433366.747966711118352, 2770657.807039133738726 ], [ 433466.946903821080923, 2770610.00909759895876 ], [ 433551.317553926724941, 2770570.170419409871101 ], [ 433556.358725576312281, 2770557.983117766678333 ], [ 433568.506454289425164, 2770528.616316442377865 ], [ 433567.686366989684757, 2770527.296354989055544 ], [ 431493.895318248018157, 2770527.296354989055544 ] ] ], [ [ [ 433615.666296321433038, 2770527.296354989055544 ], [ 433633.681526481639594, 2770530.950089307036251 ], [ 433690.15329235320678, 2770557.64820044208318 ], [ 433694.829553822753951, 2770559.859041884541512 ], [ 433712.164521580096334, 2770546.774698088411242 ], [ 433737.970355698664207, 2770527.296354989055544 ], [ 433615.666296321433038, 2770527.296354989055544 ] ] ], [ [ [ 433966.675140112405643, 2770527.296354989055544 ], [ 433967.40508290193975, 2770528.941125736571848 ], [ 433977.521972095884848, 2770551.737362891901284 ], [ 434027.609147400653455, 2770553.378262285608798 ], [ 434029.756966123648454, 2770527.296354989055544 ], [ 433966.675140112405643, 2770527.296354989055544 ] ] ], [ [ [ 434358.68392839783337, 2770527.296354989055544 ], [ 434364.512811125256121, 2770560.742670425679535 ], [ 434379.685171577264555, 2770583.846977727487683 ], [ 434381.597654380020685, 2770586.759233470540494 ], [ 434424.460118839284405, 2770590.464678051881492 ], [ 434452.535419668187387, 2770606.948269560933113 ], [ 434469.123682463890873, 2770592.949598794803023 ], [ 434475.579905910009984, 2770568.568874030373991 ], [ 434470.369078916264698, 2770527.296354989055544 ], [ 434358.68392839783337, 2770527.296354989055544 ] ] ], [ [ [ 434639.28643290605396, 2770527.296354989055544 ], [ 434687.524327764404006, 2770565.997019300237298 ], [ 434728.7928939590347, 2770571.725119346752763 ], [ 434760.775565718300641, 2770572.695860373787582 ], [ 434805.470617041399237, 2770552.2553118634969 ], [ 434819.022007422230672, 2770563.730321468785405 ], [ 434853.027699434489477, 2770592.525872206315398 ], [ 434857.44871707278071, 2770592.090950147248805 ], [ 434886.484319530543871, 2770548.036355589516461 ], [ 434884.224846947763581, 2770541.618002070114017 ], [ 434876.774292395333759, 2770527.296354989055544 ], [ 434639.28643290605396, 2770527.296354989055544 ] ] ], [ [ [ 435071.819250986911356, 2770527.296354989055544 ], [ 435072.361294082831591, 2770528.56350286398083 ], [ 435093.274659088463522, 2770555.557564997114241 ], [ 435094.235002897796221, 2770576.666761621832848 ], [ 435093.640247819013894, 2770613.728499515447766 ], [ 435092.995820483833086, 2770653.898401499725878 ], [ 435131.656070628319867, 2770660.449927028734237 ], [ 435133.305001156288199, 2770665.868170687928796 ], [ 435145.748951951798517, 2770662.558261142112315 ], [ 435243.508221614698414, 2770665.65671113692224 ], [ 435248.657888099958654, 2770654.960732933133841 ], [ 435302.655200868262909, 2770641.489960882812738 ], [ 435302.993490595952608, 2770632.839963761158288 ], [ 435315.222318197658751, 2770573.223380305804312 ], [ 435314.938057268678676, 2770561.964287366718054 ], [ 435296.013244876987301, 2770559.087470239959657 ], [ 435274.233555575076025, 2770565.851075626909733 ], [ 435263.508810783619992, 2770569.181612808723003 ], [ 435238.773850376601331, 2770553.653015759307891 ], [ 435232.798627874581143, 2770549.901826196815819 ], [ 435230.998155846144073, 2770557.610417792573571 ], [ 435227.340464061533567, 2770573.269608719274402 ], [ 435220.683664081501774, 2770570.503446919843554 ], [ 435207.092999494285323, 2770554.717269916087389 ], [ 435210.123308411741164, 2770545.196174507029355 ], [ 435215.820249368029181, 2770527.296354989055544 ], [ 435071.819250986911356, 2770527.296354989055544 ] ] ], [ [ [ 435623.826186203339603, 2770527.296354989055544 ], [ 435656.314921825425699, 2770603.281439613550901 ], [ 435663.394490557839163, 2770621.094758788123727 ], [ 435664.921390281233471, 2770624.936752480454743 ], [ 435669.583666206395719, 2770629.929245752748102 ], [ 435706.18097004952142, 2770629.45826266054064 ], [ 435736.408729808928911, 2770637.882130338810384 ], [ 435740.220633568591438, 2770636.647081976290792 ], [ 435750.028086252568755, 2770630.340995343402028 ], [ 435762.086504748847801, 2770605.971997618209571 ], [ 435769.500319603539538, 2770598.42288261000067 ], [ 435785.571821940597147, 2770594.035639830399305 ], [ 435802.816320052254014, 2770589.328076329547912 ], [ 435821.248525221308228, 2770579.940998006146401 ], [ 435848.095223895623349, 2770566.268770676571876 ], [ 435884.336927719530649, 2770544.886199992150068 ], [ 435896.17918061936507, 2770541.781680999789387 ], [ 435928.510379020939581, 2770535.509826303925365 ], [ 435930.155593247502111, 2770527.296354989055544 ], [ 435623.826186203339603, 2770527.296354989055544 ] ] ] ] } },
{ "type": "Feature", "properties": { "area_km2": 61.302218837788494, "block_id": "SYL-B046", "loss_pixels": 6.0, "plantation_ha": 0.0, "split": "train" }, "geometry": { "type": "Polygon", "coordinates": [ [ [ 441493.895318248018157, 2750527.296354989055544 ], [ 441493.895318248018157, 2760527.296354989055544 ], [ 446279.486687154625542, 2760527.296354989055544 ], [ 446265.36361487803515, 2760503.242555619683117 ], [ 446214.889627544907853, 2760434.152601521462202 ], [ 446142.397782854561228, 2760356.212968100327998 ], [ 446102.859110248100478, 2760313.702934140339494 ], [ 446100.297521874890663, 2760312.212356198113412 ], [ 446066.085355497605633, 2760289.244086308870465 ], [ 445982.342849272012245, 2760241.940143388230354 ], [ 445909.270328300830442, 2760201.251849380321801 ], [ 445853.529939327039756, 2760181.245350683107972 ], [ 445788.547966517158784, 2760166.081756434869021 ], [ 445606.271353303047363, 2760120.567773947957903 ], [ 445600.567972686956637, 2760120.497390410862863 ], [ 445443.522143438342027, 2760118.560589900705963 ], [ 445264.703935640805867, 2760097.369572073221207 ], [ 445151.06194317509653, 2760075.53370649414137 ], [ 444981.631389670656063, 2760044.257351418491453 ], [ 444830.207197487354279, 2759954.874347795732319 ], [ 444721.230240844422951, 2759864.483404722996056 ], [ 444607.247796940617263, 2759757.853609586134553 ], [ 444506.150883689522743, 2759614.830348237417638 ], [ 444441.657647122861817, 2759537.728934201411903 ], [ 444331.63987052050652, 2759309.287452587392181 ], [ 444313.252328627742827, 2759261.460584240034223 ], [ 444292.279782715719193, 2759229.324359367135912 ], [ 444285.11391642910894, 2759160.56339493021369 ], [ 444275.967026449507102, 2759107.491489783395082 ], [ 444271.457112520001829, 2759081.825642897281796 ], [ 444260.318572579883039, 2759018.435666118282825 ], [ 444258.046557071327697, 2758985.862289992626756 ], [ 444248.730854881752748, 2758841.091397166252136 ], [ 444285.324069617839996, 2758605.632106632459909 ], [ 444312.584639936860185, 2758478.954527421854436 ], [ 444348.200658239191398, 2758363.913377757184207 ], [ 444361.384965282515623, 2758316.430484290234745 ], [ 444386.282028886955231, 2758295.06827689288184 ], [ 444428.476736693060957, 2758275.686033003497869 ], [ 444503.859577701950911, 2758260.465283411554992 ], [ 444536.974595146835782, 2758275.844804293010384 ], [ 444558.201604066591244, 2758285.703248213976622 ], [ 444580.739952820935287, 2758273.754805042408407 ], [ 444608.828389075759333, 2758258.863966615870595 ], [ 444691.292028574214783, 2758266.554840656928718 ], [ 444774.544320052780677, 2758266.000199468340725 ], [ 444951.4110547703458, 2758322.383465741295367 ], [ 445101.122517397045158, 2758374.190647601615638 ], [ 445285.038566599541809, 2758436.593850060366094 ], [ 445433.714996870432515, 2758472.919236928224564 ], [ 445547.388013762771152, 2758502.270664528943598 ], [ 445650.995796071656514, 2758525.608373167924583 ], [ 445748.771058619429823, 2758549.157726026140153 ], [ 445907.686797075148206, 2758576.013291204348207 ], [ 446053.301204467716161, 2758588.011856657918543 ], [ 446194.082046460185666, 2758595.394440279342234 ], [ 446338.886165043630172, 2758603.975689096841961 ], [ 446483.462440379720647, 2758597.275169800501317 ], [ 446615.193850065174047, 2758605.277504841797054 ], [ 446803.617564517771825, 2758603.52240723837167 ], [ 446873.760725251864642, 2758627.493645016569644 ], [ 447110.375197342596948, 2758649.612021709792316 ], [ 447326.881789217586629, 2758720.803084491752088 ], [ 447399.200918161543086, 2758765.81717842631042 ], [ 447474.215649759746157, 2758831.328395625110716 ], [ 447476.643035510380287, 2758833.994171309284866 ], [ 447517.399059944611508, 2758873.283999810460955 ], [ 447578.263607971312013, 2758945.968242346309125 ], [ 447616.945662654004991, 2758985.109710610006005 ], [ 447636.863290509849321, 2759007.379874898586422 ], [ 447663.091217809007503, 2759036.705987614113837 ], [ 447731.589762415853329, 2759105.354358251206577 ], [ 447792.230939541244879, 2759165.570587752852589 ], [ 447845.601780063472688, 2759209.51171902846545 ], [ 447942.605245303129777, 2759250.758552218321711 ], [ 447998.733481562230736, 2759263.123453713487834 ], [ 448037.155875797790941, 2759269.889493506867439 ], [ 448093.254085671098437, 2759265.96617391705513 ], [ 448129.762505632534157, 2759255.841972126625478 ], [ 448184.504911569179967, 2759240.661467066034675 ], [ 448237.124624883988872, 2759204.166261806618422 ], [ 448275.0140469003818, 2759140.550691923126578 ], [ 448286.383142123464495, 2759090.055665902327746 ], [ 448294.073430039919913, 2759006.788376546930522 ], [ 448301.176488164812326, 2758932.772554560564458 ], [ 448293.815881234244443, 2758867.028257423546165 ], [ 448238.419093826902099, 2758706.054884688928723 ], [ 448150.202385556243826, 2758522.015119409188628 ], [ 448103.294700737809762, 2758384.151128116529435 ], [ 448062.231819352484308, 2758253.516022962983698 ], [ 448033.263221463770606, 2758138.542914357036352 ], [ 447975.052072859776672, 2757977.574082415085286 ], [ 447953.79158082784852, 2757899.585909659508616 ], [ 447904.742380101699382, 2757689.737816512119025 ], [ 447882.96702020970406, 2757549.2132235057652 ], [ 447875.005462620581966, 2757375.482802958693355 ], [ 447885.964987576182466, 2757210.967989144381136 ], [ 447893.679187959292904, 2757141.173422140069306 ], [ 447922.743034736078698, 2757089.640049570705742 ], [ 447924.072538096050266, 2757047.006059392355382 ], [ 447974.692426340247039, 2756907.554443259257823 ], [ 448030.677911270060576, 2756761.875000780448318 ], [ 448122.373293701908551, 2756526.538523535709828 ], [ 448196.923058795626275, 2756371.834207594394684 ], [ 448223.363890654058196, 2756315.479580394458026 ], [ 448248.619853392941877, 2756270.589228300377727 ], [ 448273.498608676483855, 2756247.056535322684795 ], [ 448326.053429140825756, 2756197.345457380171865 ], [ 448327.441089475527406, 2756196.03282434400171 ], [ 448475.692906521202531, 2756111.301261357963085 ], [ 448572.52845194604015, 2756060.648291357327253 ], [ 448649.472576564876363, 2756020.087299373932183 ], [ 448745.110630381153896, 2755963.722313949838281 ], [ 448842.516177826852072, 2755906.31564585166052 ], [ 448890.069146523834206, 2755847.935340832918882 ], [ 448918.960872045485303, 2755812.465236258227378 ], [ 448919.93576327158371, 2755810.107233147136867 ], [ 448957.5127390412963, 2755742.01868831878528 ], [ 448979.291716682375409, 2755665.763463335111737 ], [ 448985.041953876614571, 2755610.925400740467012 ], [ 448993.035510183428414, 2755534.693746983073652 ], [ 448952.530293925432488, 2755328.779677299782634 ], [ 448895.600332709145732, 2755208.630774654448032 ], [ 448852.148107195331249, 2755090.266404193360358 ], [ 448813.950987498974428, 2754858.180424612946808 ], [ 448781.376934583066031, 2754660.256895147729665 ], [ 448789.557485481898766, 2754625.453154555987567 ], [ 448802.358723254117649, 2754588.025471288245171 ], [ 448807.454330852720886, 2754515.823594687506557 ], [ 448833.110642132232897, 2754470.128459156956524 ], [ 448870.629357756988611, 2754423.003205120097846 ], [ 448914.801023997133598, 2754385.720164907164872 ], [ 448963.409600444021635, 2754355.064791796728969 ], [ 448991.770345119235571, 2754358.431245781946927 ], [ 449039.994372943590861, 2754337.026533083058894 ], [ 449075.34279224392958, 2754313.031638916116208 ], [ 449134.747834069945384, 2754248.170476380269974 ], [ 449174.501815365103539, 2754214.112326270900667 ], [ 449143.101746701344382, 2754088.738585099112242 ], [ 449051.037418128515128, 2753960.14051554678008 ], [ 448958.620853809639812, 2753842.319738114252687 ], [ 448892.776631977118086, 2753715.071834134869277 ], [ 448889.804729664581828, 2753693.788462978322059 ], [ 448878.160333224630449, 2753610.391016225330532 ], [ 448769.835484193754382, 2753413.974055013619363 ], [ 448667.132461662695277, 2753225.06024619564414 ], [ 448625.503520867438056, 2753114.333792873192579 ], [ 448597.215935662039556, 2753041.589812118094414 ], [ 448592.081277966091875, 2752970.220398362725973 ], [ 448590.199998539756052, 2752944.071914164349437 ], [ 448593.705155016505159, 2752881.928229410201311 ], [ 448614.362116730422713, 2752741.928477887995541 ], [ 448630.862178891838994, 2752637.732118589337915 ], [ 448639.977781753463205, 2752564.718065257649869 ], [ 448644.28952362970449, 2752550.632001903839409 ], [ 448663.56598522036802, 2752487.655912881251425 ], [ 448677.045774913218338, 2752382.057003263384104 ], [ 448675.885705729830079, 2752337.345285925548524 ], [ 448673.800580725714099, 2752256.983114836737514 ], [ 448665.44238940521609, 2752195.664556968025863 ], [ 448661.07779075182043, 2752118.050177095457911 ], [ 448670.852926726511214, 2752075.803063465282321 ], [ 448677.02657137461938, 2752043.013441864866763 ], [ 448610.82328293111641, 2751755.12743193982169 ], [ 448677.695326424669474, 2751530.624815264716744 ], [ 448497.389658833504654, 2751032.782774546183646 ], [ 448494.574518996465486, 2751025.009912145324051 ], [ 448431.484172683267388, 2750944.48670045286417 ], [ 448424.082576283602975, 2750965.038119093514979 ], [ 448408.075938861991744, 2751009.482808536384255 ], [ 448246.368055601196829, 2750974.832067568786442 ], [ 448259.987177330476698, 2750848.957847359124571 ], [ 448264.326359690225217, 2750808.854433473665267 ], [ 448027.331207896873821, 2750861.170924137346447 ], [ 447974.665086032997351, 2750872.529428060166538 ], [ 447737.824686630279757, 2750899.508313470520079 ], [ 447656.595346210349817, 2750906.494710818864405 ], [ 447524.078036691644229, 2750909.150833829771727 ], [ 447513.332868440658785, 2750971.308840164914727 ], [ 447461.234762068488635, 2750962.958435128442943 ], [ 447446.305744984943885, 2750957.764125653542578 ], [ 447380.744472488528118, 2750934.953007976990193 ], [ 447308.670432932092808, 2750890.241233428008854 ], [ 447299.136474204889964, 2750881.913766977377236 ], [ 447249.85623324313201, 2750838.869551957119256 ], [ 447211.963231367175467, 2750791.480464980937541 ], [ 447185.341576828446705, 2750749.299315400421619 ], [ 447162.766347150260117, 2750720.786076629534364 ], [ 447152.580590893165208, 2750649.215154968667775 ], [ 447163.017988262756262, 2750638.538341724779457 ], [ 447127.968179883609992, 2750527.296354989055544 ], [ 447117.480973974568769, 2750527.296354989055544 ], [ 447105.101307910517789, 2750528.645544328261167 ], [ 447104.674316012591589, 2750527.296354989055544 ], [ 446963.687077576236334, 2750527.296354989055544 ], [ 446958.608373146504164, 2750529.159749336075038 ], [ 446884.913729442167096, 2750586.756285001523793 ], [ 446817.882254655531142, 2750629.213207424152642 ], [ 446659.622311786632054, 2750704.6651620590128 ], [ 446464.794248505437281, 2750798.914567781612277 ], [ 446270.987140179029666, 2750894.141016455367208 ], [ 446035.418342451390345, 2750999.283785853069276 ], [ 445590.777969489048701, 2751142.018408112227917 ], [ 445417.395335783367045, 2751167.260209654457867 ], [ 445388.523442002828233, 2751171.463543935213238 ], [ 445149.114240233961027, 2751147.75327842310071 ], [ 444960.325570314889774, 2751107.934083686675876 ], [ 444698.878993773600087, 2751036.731583102140576 ], [ 444520.718723542871885, 2751025.664588720537722 ], [ 444277.083169081655797, 2751037.030420657712966 ], [ 443954.640744940843433, 2751010.151427888777107 ], [ 443800.333123703545425, 2750947.582218889612705 ], [ 443696.690613635641057, 2750870.902483749669045 ], [ 443607.439731610647868, 2750766.918045273516327 ], [ 443531.369378600735217, 2750580.681105537340045 ], [ 443527.497235781396739, 2750527.296354989055544 ], [ 441493.895318248018157, 2750527.296354989055544 ] ] ] } },
{ "type": "Feature", "properties": { "area_km2": 5.5575433519003736, "block_id": "SYL-B047", "loss_pixels": 13.647058823529413, "plantation_ha": 0.0, "split": "train" }, "geometry": { "type": "MultiPolygon", "coordinates": [ [ [ [ 441493.895318248018157, 2768235.350539270788431 ], [ 441515.950663892086595, 2768223.020303570665419 ], [ 441567.793969371647108, 2768190.260535897687078 ], [ 441602.655201658722945, 2768175.805122474674135 ], [ 441627.539306246035267, 2768165.486725165974349 ], [ 441689.201520994887687, 2768209.675526197068393 ], [ 441706.375153867818881, 2768247.757640164811164 ], [ 441762.210910046589561, 2768265.443474157247692 ], [ 441794.981465653923806, 2768318.693871440365911 ], [ 441806.907679938129149, 2768354.200296378694475 ], [ 441808.818193016631994, 2768356.675051090773195 ], [ 441825.587493433675263, 2768378.395107063930482 ], [ 441858.592345505661797, 2768408.919466982129961 ], [ 441872.066965239821002, 2768409.020589262247086 ], [ 441910.517346520267893, 2768387.218829803168774 ], [ 442012.380899244919419, 2768354.968044727109373 ], [ 442053.473055499023758, 2768282.90091181686148 ], [ 442067.102650078886654, 2768258.944592224434018 ], [ 442067.639629767858423, 2768126.70396178169176 ], [ 442067.985866626433562, 2768122.795556489843875 ], [ 442068.580367165559437, 2768008.774193408433348 ], [ 442069.965525558800437, 2767887.712203606963158 ], [ 442070.966097890341189, 2767775.901739151682705 ], [ 442071.745473674382083, 2767653.433920725248754 ], [ 442071.893843537720386, 2767586.275139979552478 ], [ 442072.140313206415158, 2767501.814902974758297 ], [ 442072.41421095142141, 2767432.034517577849329 ], [ 442073.065616869949736, 2767349.383531890343875 ], [ 442073.588962362729944, 2767306.147478084079921 ], [ 442060.237143372185528, 2767262.936020475346595 ], [ 442040.763637904019561, 2767257.565686808433384 ], [ 442024.021005981543567, 2767252.948307468090206 ], [ 442017.770638134563342, 2767243.911094403360039 ], [ 442011.127592953795101, 2767240.303089135792106 ], [ 442006.697987389110494, 2767237.295620786491781 ], [ 441981.955601708614267, 2767233.117857365403324 ], [ 441980.543535666540265, 2767232.336639950051904 ], [ 441971.085260376450606, 2767227.104502508882433 ], [ 441959.605399350984953, 2767217.674374573864043 ], [ 441954.778732541308273, 2767217.683244042564183 ], [ 441951.155461736372672, 2767215.880371444392949 ], [ 441945.389212193025742, 2767215.506660577375442 ], [ 441942.840554086724296, 2767216.492503015790135 ], [ 441939.829293862683699, 2767219.715707836207002 ], [ 441936.017183049232699, 2767224.146220676600933 ], [ 441934.017332973133307, 2767230.384859589394182 ], [ 441929.082505277881864, 2767241.460226576775312 ], [ 441926.070908537716605, 2767244.079711770173162 ], [ 441916.611487682326697, 2767239.673474287148565 ], [ 441905.13204451900674, 2767230.846892467234284 ], [ 441905.182522269838955, 2767228.455920402426273 ], [ 441906.426807434705552, 2767169.509990222286433 ], [ 441908.941875264106784, 2767045.423213243018836 ], [ 441911.139000149560161, 2766928.583383688237518 ], [ 441912.61078673589509, 2766852.416752211749554 ], [ 441913.929126439616084, 2766767.10655337292701 ], [ 441915.740912456880324, 2766659.11530733294785 ], [ 441932.765405053214636, 2766622.082724507898092 ], [ 441962.807301928580273, 2766555.464145205914974 ], [ 441949.754437879717443, 2766490.171327040530741 ], [ 441946.996260089566931, 2766476.374129217583686 ], [ 441947.103492636466399, 2766475.250384414568543 ], [ 441945.449047578498721, 2766467.285752405412495 ], [ 441931.277269111422356, 2766399.064684674609452 ], [ 441888.488884497317486, 2766205.891211071517318 ], [ 441852.40363514557248, 2766075.901746537536383 ], [ 441804.07071703125257, 2765901.79124419670552 ], [ 441756.318939260148909, 2765742.813057391438633 ], [ 441714.861865969083738, 2765616.803494043182582 ], [ 441648.837973540532403, 2765473.143037334084511 ], [ 441529.33315283752745, 2765188.342349274083972 ], [ 441493.895318248018157, 2765103.887220007367432 ], [ 441493.895318248018157, 2768235.350539270788431 ] ] ], [ [ [ 441493.895318248018157, 2764020.60116505343467 ], [ 441506.869633045396768, 2764019.698190591298044 ], [ 441555.498089710134082, 2763999.700266246218234 ], [ 441583.623251907760277, 2763984.164565776009113 ], [ 441600.66952344897436, 2763958.593631676398218 ], [ 441616.208447887096554, 2763879.334301175549626 ], [ 441628.65235265478259, 2763866.440612258389592 ], [ 441664.975196645595133, 2763824.948061036877334 ], [ 441672.968295171973296, 2763797.383514888584614 ], [ 441678.963919702277053, 2763668.269963738042861 ], [ 441669.090240380493924, 2763548.435793316923082 ], [ 441662.234562427853234, 2763429.199369330890477 ], [ 441659.803285519010387, 2763310.156053141690791 ], [ 441654.151438982924446, 2763189.710411980282515 ], [ 441640.952591735636815, 2763011.36426425492391 ], [ 441626.789706122362986, 2762855.541899704840034 ], [ 441606.018830985412933, 2762715.01507847616449 ], [ 441589.125568950315937, 2762605.047612275462598 ], [ 441555.945874980650842, 2762387.724937069695443 ], [ 441532.962968550971709, 2762247.001082276459783 ], [ 441501.445486565178726, 2762058.432624126318842 ], [ 441493.895318248018157, 2762026.672423652373254 ], [ 441493.895318248018157, 2764020.60116505343467 ] ] ], [ [ [ 441493.895318248018157, 2760527.296354989055544 ], [ 441493.895318248018157, 2761357.960987597238272 ], [ 441524.984612276952248, 2761317.348639973904938 ], [ 441643.697084970539436, 2761262.477457353379577 ], [ 441819.185536964621861, 2761189.32041921466589 ], [ 441906.065225965285208, 2761192.578877045307308 ], [ 441955.595013554033358, 2761198.65200021956116 ], [ 442014.204658250790089, 2761204.23740561446175 ], [ 442058.649847836291883, 2761205.563562646042556 ], [ 442135.365535387361888, 2761219.906928933225572 ], [ 442228.307554608967621, 2761239.041065672412515 ], [ 442326.571059827925637, 2761238.45148428529501 ], [ 442507.588583522825502, 2761255.009368766564876 ], [ 443056.281699721061159, 2761310.507193884812295 ], [ 443206.335991521831602, 2761330.33928947057575 ], [ 443337.103129480557982, 2761342.75179781159386 ], [ 443370.716897475591395, 2761337.886171147227287 ], [ 443445.72594961366849, 2761337.747770690824836 ], [ 443492.39126871782355, 2761343.89660131605342 ], [ 443546.88681449519936, 2761342.991278602275997 ], [ 443676.177220958808903, 2761335.111576812341809 ], [ 443753.48989146517124, 2761342.36171438312158 ], [ 443828.587551621603779, 2761329.163496280554682 ], [ 444099.158212878974155, 2761270.204871494323015 ], [ 444259.86447972751921, 2761279.594548542518169 ], [ 444442.807286050694529, 2761300.672841885592788 ], [ 444643.725889599649236, 2761376.162424712441862 ], [ 444763.279741046135314, 2761465.985356494784355 ], [ 444903.266558928997256, 2761593.261891948524863 ], [ 444990.018003942852374, 2761675.815976762212813 ], [ 445011.041382320341654, 2761695.822332393843681 ], [ 445099.630749478645157, 2761753.976420496124774 ], [ 445231.855444309301674, 2761810.642582860309631 ], [ 445280.779027700249571, 2761805.425766562111676 ], [ 445295.187778307823464, 2761803.889377845451236 ], [ 445369.974985344160814, 2761792.691797484643757 ], [ 445434.889048891956918, 2761771.213516861200333 ], [ 445524.342679447145201, 2761715.465164902154356 ], [ 445674.853453558229376, 2761606.186663602013141 ], [ 445754.882022501959, 2761491.5983020151034 ], [ 445880.343087704037316, 2761343.994501840788871 ], [ 445996.256254514330067, 2761245.172088151331991 ], [ 445996.532342654187232, 2761241.845469108317047 ], [ 446059.220657497935463, 2761186.732489946298301 ], [ 446160.233416459581349, 2761111.739234867505729 ], [ 446276.887352003483102, 2761012.585862980224192 ], [ 446330.822469103324693, 2760926.217629921622574 ], [ 446342.599915577098727, 2760878.536360062658787 ], [ 446342.570405974809546, 2760823.845656520221382 ], [ 446338.310890091815963, 2760733.55586835090071 ], [ 446331.589781325135846, 2760648.713040746282786 ], [ 446294.138261087937281, 2760552.250275278929621 ], [ 446279.486687154625542, 2760527.296354989055544 ], [ 441493.895318248018157, 2760527.296354989055544 ] ] ] ] } }
]
}
