{
"type": "FeatureCollection",
"name": "bangladesh",
"crs": { "type": "name", "properties": { "name": "urn:ogc:def:crs:OGC:1.3:CRS84" } },
"features": [
{ "type": "Feature", "properties": { }, "geometry": { "type": "GeometryCollection", "geometries": [ { "type": "Point", "coordinates": [ 90.026079834154189, 21.881370675659941 ] }, { "type": "Point", "coordinates": [ 90.494356774776847, 21.884153232289265 ] }, { "type": "Point", "coordinates": [ 90.636450531149123, 21.894489407214504 ] }, { "type": "Point", "coordinates": [ 90.731844090725389, 21.903808928989672 ] }, { "type": "Point", "coordinates": [ 90.747865603064426, 21.893347901505372 ] }, { "type": "Point", "coordinates": [ 90.779190789795663, 21.882579110299996 ] }, { "type": "Point", "coordinates": [ 90.836641889338253, 21.967244118385189 ] }, { "type": "Point", "coordinates": [ 90.982204756487448, 22.391688039865311 ] }, { "type": "Point", "coordinates": [ 90.969968985394502, 22.386132001592923 ] }, { "type": "Point", "coordinates": [ 91.186721449635684, 22.285499089435167 ] }, { "type": "Point", "coordinates": [ 91.18915164920071, 22.257981906543563 ] }, { "type": "Point", "coordinates": [ 91.083341592559051, 22.057558741206872 ] }, { "type": "Point", "coordinates": [ 91.076670810839474, 22.09145681767885 ] }, { "type": "Point", "coordinates": [ 91.068439306253254, 22.087242936398148 ] }, { "type": "Point", "coordinates": [ 91.078102210104618, 22.097909087378309 ] }, { "type": "Point", "coordinates": [ 91.0948773371492, 22.113547212991122 ] }, { "type": "Point", "coordinates": [ 91.28239145108806, 22.613292032270966 ] }, { "type": "Point", "coordinates": [ 91.508534743327772, 22.388651469386325 ] }, { "type": "Point", "coordinates": [ 91.84161177991902, 21.632682196741147 ] }, { "type": "Point", "coordinates": [ 91.842780018472411, 21.624450663891256 ] }, { "type": "Point", "coordinates": [ 91.852148633863621, 21.58847462440448 ] }, { "type": "Point", "coordinates": [ 91.934369947981736, 21.487837214190659 ] }, { "type": "Point", "coordinates": [ 91.97582178612511, 21.500322655859645 ] }, { "type": "Point", "coordinates": [ 92.339265256585094, 20.757855630790171 ] }, { "type": "Point", "coordinates": [ 91.583764230270276, 22.639275161862383 ] }, { "type": "Point", "coordinates": [ 91.588539963571563, 22.633522982846507 ] }, { "type": "Point", "coordinates": [ 89.911601351057996, 21.875926118787842 ] }, { "type": "Point", "coordinates": [ 89.933138771745959, 21.904870164373335 ] }, { "type": "Point", "coordinates": [ 89.954622730709062, 21.743196536654079 ] }, { "type": "Point", "coordinates": [ 89.960285844466583, 21.750812700891014 ] }, { "type": "Point", "coordinates": [ 89.834971727770778, 21.812691663143141 ] }, { "type": "LineString", "coordinates": [ [ 91.848826598131666, 21.608273112420903 ], [ 91.854409396464845, 21.616036347325156 ] ] }, { "type": "LineString", "coordinates": [ [ 90.970677982014593, 22.413675938134745 ], [ 90.97296998256293, 22.408302678677178 ] ] }, { "type": "LineString", "coordinates": [ [ 90.971770446962182, 22.395674553391324 ], [ 90.974593068063896, 22.391853048935623 ] ] }, { "type": "LineString", "coordinates": [ [ 90.964805359534935, 22.398675519154068 ], [ 90.965532201335961, 22.405890358686676 ], [ 90.970263256879718, 22.404151237165394 ] ] }, { "type": "LineString", "coordinates": [ [ 91.610451951394097, 22.605270083420972 ], [ 91.61151324482023, 22.609782693143927 ] ] }, { "type": "LineString", "coordinates": [ [ 91.485053134364065, 22.714304012355637 ], [ 91.490225681761459, 22.72336046203705 ], [ 91.49056009706625, 22.718089855774849 ] ] }, { "type": "LineString", "coordinates": [ [ 91.052020875342834, 22.37658954849547 ], [ 91.050014276794201, 22.381454458099064 ], [ 91.046464851428297, 22.378065507066349 ], [ 91.04094894113463, 22.376714400123991 ] ] }, { "type": "LineString", "coordinates": [ [ 91.272327219970393, 22.62026158327502 ], [ 91.277816388566393, 22.624698368981502 ], [ 91.28212838730721, 22.627035014779395 ] ] }, { "type": "LineString", "coordinates": [ [ 91.616128427704027, 22.605836445090599 ], [ 91.61201710182965, 22.600909062398166 ] ] }, { "type": "LineString", "coordinates": [ [ 91.056279348001866, 22.388736126825044 ], [ 91.058013928002055, 22.383354032565293 ] ] }, { "type": "LineString", "coordinates": [ [ 89.648451951614376, 21.760475533486375 ], [ 89.648434145971095, 21.765014944625701 ] ] }, { "type": "LineString", "coordinates": [ [ 90.058724950807402, 21.861893351675917 ], [ 90.064807148954685, 21.860845448559427 ] ] }, { "type": "LineString", "coordinates": [ [ 90.022592795802481, 21.889999061240157 ], [ 90.023101165989232, 21.885308114215714 ] ] }, { "type": "LineString", "coordinates": [ [ 89.857008556852833, 21.840355939035916 ], [ 89.860544634016748, 21.844922044841493 ], [ 89.854203772769921, 21.844645586022722 ], [ 89.857008556852833, 21.840355939035916 ], [ 89.859773220109787, 21.833872398296503 ], [ 89.865752898947022, 21.843548652056359 ] ] }, { "type": "LineString", "coordinates": [ [ 91.265375472957871, 22.621857952691929 ], [ 91.265745642755647, 22.614527193395375 ], [ 91.259645563466364, 22.614464726788313 ], [ 91.260952045638362, 22.609586528595997 ], [ 91.264198309143765, 22.605118446585792 ] ] }, { "type": "LineString", "coordinates": [ [ 90.668181460789867, 21.926849060064217 ], [ 90.684573130503153, 21.936601099007561 ] ] }, { "type": "LineString", "coordinates": [ [ 89.831489120328882, 21.817641282019256 ], [ 89.831738873527357, 21.823295410879705 ] ] }, { "type": "LineString", "coordinates": [ [ 89.545758871357521, 21.778811349595745 ], [ 89.542035518125971, 21.786333861323921 ] ] }, { "type": "LineString", "coordinates": [ [ 91.856255448358993, 21.591332941432583 ], [ 91.855805113833156, 21.595965960318697 ] ] }, { "type": "LineString", "coordinates": [ [ 91.14766863875866, 22.153148455182428 ], [ 91.164622111692424, 22.166721950583007 ], [ 91.16501900915965, 22.178953301920206 ], [ 91.168983136422497, 22.18208798753102 ] ] }, { "type": "LineString", "coordinates": [ [ 90.960952656611553, 22.387817550247341 ], [ 90.964635862167484, 22.391210973305718 ] ] }, { "type": "LineString", "coordinates": [ [ 91.041822912240349, 22.154998952840437 ], [ 91.040592229508604, 22.164122269840011 ] ] }, { "type": "LineString", "coordinates": [ [ 90.976095822793695, 22.383634930273992 ], [ 90.979457968681558, 22.387108609990477 ] ] }, { "type": "LineString", "coordinates": [ [ 91.916792207286321, 21.48385973101092 ], [ 91.920618082546923, 21.487230816759652 ] ] }, { "type": "LineString", "coordinates": [ [ 90.577773241753931, 22.231236238528364 ], [ 90.582495390131783, 22.23001886842227 ] ] }, { "type": "LineString", "coordinates": [ [ 90.641426886479508, 21.893530691295503 ], [ 90.646380930099966, 21.89424417159276 ] ] }, { "type": "LineString", "coordinates": [ [ 90.485416325573027, 22.031967934523191 ], [ 90.480756546477181, 22.037813854638774 ], [ 90.479659576193285, 22.051048404893887 ] ] }, { "type": "LineString", "coordinates": [ [ 89.851537275048742, 21.85763490544047 ], [ 89.851947528437307, 21.849189393976097 ] ] }, { "type": "LineString", "coordinates": [ [ 90.341293699971601, 21.850103527770724 ], [ 90.346662427845388, 21.850446818404929 ] ] }, { "type": "LineString", "coordinates": [ [ 91.992610323843607, 21.598909002942108 ], [ 91.995312490768228, 21.606391363703338 ] ] }, { "type": "LineString", "coordinates": [ [ 91.191443595566085, 22.273196386646827 ], [ 91.190435850818062, 22.26546434231847 ] ] }, { "type": "LineString", "coordinates": [ [ 91.059619173414433, 22.04569750904848 ], [ 91.061220023654315, 22.029502039460347 ], [ 91.067462747316867, 22.03742586365054 ], [ 91.085678169879088, 22.053211051806997 ] ] }, { "type": "LineString", "coordinates": [ [ 91.846668392128635, 21.60285080681988 ], [ 91.848826598131666, 21.608273112420903 ], [ 91.853802971530058, 21.605477198063731 ] ] }, { "type": "LineString", "coordinates": [ [ 91.134755032474956, 22.439204274950676 ], [ 91.141974376755471, 22.437871029564114 ] ] }, { "type": "LineString", "coordinates": [ [ 91.129725226635927, 22.13093771762178 ], [ 91.135798474004687, 22.13126316369106 ] ] }, { "type": "LineString", "coordinates": [ [ 91.520556485996906, 22.390305800728193 ], [ 91.525684415719866, 22.389578913247629 ] ] }, { "type": "LineString", "coordinates": [ [ 91.191193929451572, 22.249772761070798 ], [ 91.17481561777943, 22.201199700859334 ] ] }, { "type": "LineString", "coordinates": [ [ 89.84495562664506, 21.809177894857214 ], [ 89.850632045247025, 21.81284767542633 ] ] }, { "type": "LineString", "coordinates": [ [ 90.464891073237666, 21.772800531112683 ], [ 90.469216362062028, 21.777625255682924 ] ] }, { "type": "LineString", "coordinates": [ [ 89.462351396919033, 21.819683493341458 ], [ 89.465891889587155, 21.812446398838034 ] ] }, { "type": "LineString", "coordinates": [ [ 90.786771282432952, 21.873932902785011 ], [ 90.793049708432591, 21.877874816257005 ] ] }, { "type": "LineString", "coordinates": [ [ 90.621976250470993, 22.17502039053225 ], [ 90.620790157207963, 22.179889707903349 ], [ 90.626511169185406, 22.184607403482421 ] ] }, { "type": "LineString", "coordinates": [ [ 91.846744163869474, 21.645078482387678 ], [ 91.845723042726178, 21.63515698589983 ] ] }, { "type": "LineString", "coordinates": [ [ 91.272153305792187, 22.61176697570146 ], [ 91.274565694786077, 22.607160713348289 ] ] }, { "type": "LineString", "coordinates": [ [ 90.790820124709569, 22.093244927983612 ], [ 90.793789905353435, 22.097659428200242 ] ] }, { "type": "LineString", "coordinates": [ [ 90.04370669619064, 21.875132461842163 ], [ 90.049860246936532, 21.864180845036664 ] ] }, { "type": "LineString", "coordinates": [ [ 90.020519376043723, 21.903523553498363 ], [ 90.023649623908938, 21.898694361270486 ] ] }, { "type": "LineString", "coordinates": [ [ 90.744842341691708, 22.055119544412563 ], [ 90.753787334481842, 22.060443733240184 ] ] }, { "type": "LineString", "coordinates": [ [ 90.74084696293059, 21.874851487864625 ], [ 90.743558142223009, 21.88672612112277 ] ] }, { "type": "LineString", "coordinates": [ [ 90.590891884665197, 22.231945227034199 ], [ 90.593339915624782, 22.226063678702612 ], [ 90.600492362549659, 22.228097019611795 ] ] }, { "type": "LineString", "coordinates": [ [ 90.465528744054183, 21.767922299875227 ], [ 90.474094661453705, 21.766379427863761 ], [ 90.477523708291059, 21.775052404710038 ] ] }, { "type": "LineString", "coordinates": [ [ 91.856148466503882, 21.534947622549961 ], [ 91.861316501319905, 21.544227023100682 ] ] }, { "type": "LineString", "coordinates": [ [ 89.862693914787656, 21.8559493399401 ], [ 89.864370556305659, 21.850259574339272 ] ] }, { "type": "LineString", "coordinates": [ [ 90.085283363458103, 21.843200781857686 ], [ 90.09284150673696, 21.864689257492905 ], [ 90.100127711790122, 21.865331374956309 ] ] }, { "type": "LineString", "coordinates": [ [ 91.920796497781737, 21.500492182106115 ], [ 91.924345940193348, 21.503863226335596 ] ] }, { "type": "LineString", "coordinates": [ [ 91.859412460906711, 21.574749588923616 ], [ 91.861035577020985, 21.560730127772562 ] ] }, { "type": "LineString", "coordinates": [ [ 91.491166554452789, 22.713590569611103 ], [ 91.49056009706625, 22.718089855774849 ], [ 91.499139445157383, 22.720100882533227 ] ] }, { "type": "LineString", "coordinates": [ [ 90.351589762425562, 21.85245792241945 ], [ 90.358933919627859, 21.857590347185365 ] ] }, { "type": "LineString", "coordinates": [ [ 89.346303261595253, 21.694271268710409 ], [ 89.347248593010519, 21.684608466998611 ] ] }, { "type": "LineString", "coordinates": [ [ 91.94387233674253, 21.50514742475751 ], [ 91.952415995470659, 21.503140841681191 ], [ 91.955965439784848, 21.506636749575289 ] ] }, { "type": "LineString", "coordinates": [ [ 89.545437819563517, 21.886284651504333 ], [ 89.549040792518966, 21.880866867008201 ] ] }, { "type": "LineString", "coordinates": [ [ 89.465071407402249, 21.707987474611539 ], [ 89.455814330360056, 21.706065582388675 ], [ 89.461789525813614, 21.701218542677211 ], [ 89.465071407402249, 21.707987474611539 ], [ 89.463096049656684, 21.713164502422849 ] ] }, { "type": "LineString", "coordinates": [ [ 91.017775004610783, 22.076853212223668 ], [ 91.023518300207201, 22.080656820416763 ] ] }, { "type": "LineString", "coordinates": [ [ 90.974882924524806, 22.416391514755166 ], [ 90.9853930048168, 22.400735553486435 ] ] }, { "type": "LineString", "coordinates": [ [ 91.869253708065301, 22.00553883671358 ], [ 91.875670375713355, 21.996700871763007 ], [ 91.872807641960293, 21.992045580343909 ], [ 91.875888903560565, 21.986404853661035 ] ] }, { "type": "LineString", "coordinates": [ [ 89.839404047467426, 21.806957242647723 ], [ 89.841651451115226, 21.802288563611928 ], [ 89.859202451013516, 21.805071042002979 ] ] }, { "type": "LineString", "coordinates": [ [ 91.26036796364248, 22.580366039578642 ], [ 91.265116848027318, 22.576169984128605 ], [ 91.260510624278055, 22.567630818956108 ] ] }, { "type": "LineString", "coordinates": [ [ 90.965532201335961, 22.405890358686676 ], [ 90.96824328157382, 22.409658265163404 ] ] }, { "type": "LineString", "coordinates": [ [ 90.48623681060225, 21.81249547139414 ], [ 90.491235443555283, 21.814493128870879 ], [ 90.511577833091238, 21.829092251067038 ] ] }, { "type": "LineString", "coordinates": [ [ 90.45974083249952, 21.807202533522752 ], [ 90.461337125176755, 21.802466963950216 ], [ 90.46880618569304, 21.800906277244103 ] ] }, { "type": "LineString", "coordinates": [ [ 90.461337125176755, 21.802466963950216 ], [ 90.464685934935318, 21.808049725791413 ], [ 90.461065120183875, 21.816031529462705 ], [ 90.45974083249952, 21.807202533522752 ], [ 90.464685934935318, 21.808049725791413 ] ] }, { "type": "LineString", "coordinates": [ [ 91.460438896728405, 22.756794796676409 ], [ 91.457718840319743, 22.751880915223445 ] ] }, { "type": "LineString", "coordinates": [ [ 90.527015233812946, 21.988469406409799 ], [ 90.529423210959266, 21.992754589055021 ] ] }, { "type": "LineString", "coordinates": [ [ 91.275114204657115, 22.585547496918576 ], [ 91.271413150370918, 22.582158577363941 ], [ 91.270507913496701, 22.577258028581028 ], [ 91.265116848027318, 22.576169984128605 ], [ 91.271413150370918, 22.582158577363941 ], [ 91.269411021071775, 22.587157253394938 ] ] }, { "type": "LineString", "coordinates": [ [ 90.808362250929335, 21.868301088304403 ], [ 90.816446563034177, 21.862361609289415 ], [ 90.831429166303451, 21.874525988830356 ] ] }, { "type": "LineString", "coordinates": [ [ 90.65687769218539, 21.960399399953118 ], [ 90.660525170992713, 21.956591307648146 ], [ 90.656155268633739, 21.953955971142957 ] ] }, { "type": "LineString", "coordinates": [ [ 90.660525170992713, 21.956591307648146 ], [ 90.665309846383977, 21.959231038867134 ] ] }, { "type": "LineString", "coordinates": [ [ 90.652851097275303, 21.903086564500263 ], [ 90.667847031625811, 21.921957498905755 ] ] }, { "type": "LineString", "coordinates": [ [ 90.45031874852819, 21.848997597669157 ], [ 90.454389848723352, 21.852662980487374 ] ] }, { "type": "LineString", "coordinates": [ [ 90.714556163881028, 21.863940087497287 ], [ 90.72637717422657, 21.85728267465856 ], [ 90.735134889960506, 21.861264640422856 ], [ 90.740610677770448, 21.863783977213053 ] ] }, { "type": "LineString", "coordinates": [ [ 90.719175746514154, 21.876871458712277 ], [ 90.719202485608193, 21.883818756705924 ] ] }, { "type": "LineString", "coordinates": [ [ 90.525579416417543, 21.864167462218855 ], [ 90.530542401323018, 21.863984723625261 ] ] }, { "type": "LineString", "coordinates": [ [ 90.831362314772875, 21.960738265059092 ], [ 90.838764391156005, 21.95478978607472 ] ] }, { "type": "LineString", "coordinates": [ [ 90.84659901996676, 21.965830569893036 ], [ 90.846920101170923, 21.970815864297546 ] ] }, { "type": "LineString", "coordinates": [ [ 89.540126985509374, 21.771694709780686 ], [ 89.54104116324821, 21.753412344983129 ], [ 89.542891628140794, 21.749011208113739 ] ] }, { "type": "LineString", "coordinates": [ [ 89.54104116324821, 21.753412344983129 ], [ 89.546311779781348, 21.75538769615326 ] ] }, { "type": "LineString", "coordinates": [ [ 89.184959611463015, 22.23282810339628 ], [ 89.183929554733027, 22.227263183925313 ] ] }, { "type": "LineString", "coordinates": [ [ 90.751959073419044, 21.901936114315063 ], [ 90.75152655153677, 21.897129161198588 ] ] }, { "type": "LineString", "coordinates": [ [ 89.394301053278028, 22.204240863858693 ], [ 89.399277376816826, 22.200584419789628 ] ] }, { "type": "LineString", "coordinates": [ [ 89.458159787217639, 22.148288004657559 ], [ 89.463310072523072, 22.152898714666271 ] ] }, { "type": "LineString", "coordinates": [ [ 91.171114548063159, 22.188286166589435 ], [ 91.171890446440926, 22.19306184120439 ] ] }, { "type": "LineString", "coordinates": [ [ 89.21527258400711, 22.135878399886661 ], [ 89.220935629238568, 22.132538470922423 ] ] }, { "type": "LineString", "coordinates": [ [ 89.208062231283563, 22.145897951642528 ], [ 89.213212458548057, 22.14875623269047 ] ] }, { "type": "LineString", "coordinates": [ [ 89.259118960850671, 21.699671253019353 ], [ 89.267354854116363, 21.702221841938147 ] ] }, { "type": "LineString", "coordinates": [ [ 91.034331653079889, 22.453584869437382 ], [ 91.036467555071042, 22.449232769470861 ] ] }, { "type": "LineString", "coordinates": [ [ 90.989428466429629, 22.451368688732813 ], [ 90.990534341262773, 22.457161082125207 ] ] }, { "type": "LineString", "coordinates": [ [ 91.266592837916576, 22.590858306000463 ], [ 91.272108725711149, 22.593364277317097 ], [ 91.265821424794538, 22.597283886051169 ] ] }, { "type": "LineString", "coordinates": [ [ 91.152359563279788, 22.469004404949775 ], [ 91.145456930041931, 22.467252009956045 ] ] }, { "type": "LineString", "coordinates": [ [ 90.339380715177327, 21.990293183416735 ], [ 90.346925531707456, 21.999808934576492 ] ] }, { "type": "LineString", "coordinates": [ [ 90.58882284123915, 22.215446600300297 ], [ 90.593339915624782, 22.226063678702612 ], [ 90.596024326197337, 22.230732352949381 ] ] }, { "type": "LineString", "coordinates": [ [ 90.600523574456162, 22.242508875408951 ], [ 90.605499873216488, 22.242450868559722 ] ] }, { "type": "LineString", "coordinates": [ [ 91.872696151271327, 21.494253902151051 ], [ 91.876852032914414, 21.490677657434812 ] ] }, { "type": "LineString", "coordinates": [ [ 91.914700890819702, 21.469300757836862 ], [ 91.921090776386151, 21.478994826991936 ] ] }, { "type": "LineString", "coordinates": [ [ 91.846418673809964, 21.52973046701198 ], [ 91.846516774607537, 21.534880682808804 ] ] }, { "type": "LineString", "coordinates": [ [ 91.005994093751013, 22.030768428722258 ], [ 91.014024927027023, 22.038464872321985 ] ] }, { "type": "LineString", "coordinates": [ [ 89.3827029319513, 21.918934160139035 ], [ 89.384076302920533, 21.923553779872055 ] ] }, { "type": "LineString", "coordinates": [ [ 91.285900766071947, 22.546111245891495 ], [ 91.281753812591802, 22.541861639847177 ] ] }, { "type": "LineString", "coordinates": [ [ 91.097347672924343, 22.492173935972112 ], [ 91.098810212017398, 22.496695435970857 ] ] }, { "type": "LineString", "coordinates": [ [ 89.692302725539278, 22.190729804952877 ], [ 89.697283555109365, 22.191844529890737 ] ] }, { "type": "LineString", "coordinates": [ [ 90.465666921820102, 21.924111160651801 ], [ 90.460708449451928, 21.923776725224652 ] ] }, { "type": "LineString", "coordinates": [ [ 91.894077513602582, 21.577429440766124 ], [ 91.895495502651983, 21.572029481515521 ] ] }, { "type": "LineString", "coordinates": [ [ 91.965958252838433, 21.507689113824888 ], [ 91.97384636591994, 21.507136167603697 ] ] }, { "type": "LineString", "coordinates": [ [ 91.184505250808357, 22.296410471217982 ], [ 91.187461650174527, 22.292455275469944 ] ] }, { "type": "LineString", "coordinates": [ [ 91.3577413526546, 22.664915009111887 ], [ 91.357246372440287, 22.659764802233759 ] ] }, { "type": "LineString", "coordinates": [ [ 91.562231256180311, 22.40251919545819 ], [ 91.557428793537142, 22.398358857801156 ] ] }, { "type": "LineString", "coordinates": [ [ 91.442731803790963, 22.604761743727401 ], [ 91.447984624595193, 22.605840873747177 ] ] }, { "type": "LineString", "coordinates": [ [ 91.456006547093267, 22.780949726187583 ], [ 91.450182919141398, 22.780378985937709 ] ] }, { "type": "LineString", "coordinates": [ [ 92.015320493936002, 21.599430704125286 ], [ 92.010402106370449, 21.593865694989443 ] ] }, { "type": "LineString", "coordinates": [ [ 92.1277522407579, 21.082192812646152 ], [ 92.127105742516193, 21.087017564897135 ] ] }, { "type": "LineString", "coordinates": [ [ 92.293175988072107, 20.80762806197049 ], [ 92.294861548749026, 20.798625161893813 ] ] }, { "type": "LineString", "coordinates": [ [ 92.311409299471123, 20.77268216071564 ], [ 92.302352825488356, 20.783508812673336 ] ] }, { "type": "LineString", "coordinates": [ [ 92.301050769137049, 20.792984436261499 ], [ 92.305411781985157, 20.79712246595205 ] ] }, { "type": "LineString", "coordinates": [ [ 92.328126411812093, 20.750859310903799 ], [ 92.349039637193314, 20.748509380578881 ] ] }, { "type": "LineString", "coordinates": [ [ 92.198036590324833, 21.154568466311218 ], [ 92.202205898848277, 21.150925352722169 ] ] }, { "type": "LineString", "coordinates": [ [ 91.465968139845614, 22.845392729457455 ], [ 91.461460041528198, 22.851269792826869 ] ] }, { "type": "LineString", "coordinates": [ [ 89.257121246667296, 22.280701009509588 ], [ 89.26049235470299, 22.284000756383957 ] ] }, { "type": "LineString", "coordinates": [ [ 89.188754347225853, 22.400017636163259 ], [ 89.18631075409786, 22.39413163780349 ] ] }, { "type": "LineString", "coordinates": [ [ 89.452300575923786, 22.413600112752881 ], [ 89.456978129999356, 22.412115189294234 ] ] }, { "type": "LineString", "coordinates": [ [ 89.583130608873205, 22.447707738446386 ], [ 89.587531712538222, 22.44080064819768 ] ] }, { "type": "LineString", "coordinates": [ [ 89.633705681096288, 22.355814640330376 ], [ 89.639948478446854, 22.352764576466448 ] ] }, { "type": "LineString", "coordinates": [ [ 90.027948214373311, 21.937354739665469 ], [ 90.028447613206993, 21.925440011647357 ] ] }, { "type": "LineString", "coordinates": [ [ 90.086612179726799, 21.838853232200449 ], [ 90.085283363458103, 21.843200781857686 ], [ 90.090772488062896, 21.844328933193136 ] ] }, { "type": "LineString", "coordinates": [ [ 90.168730978246955, 21.803621836330471 ], [ 90.177720502151928, 21.801592950595964 ] ] }, { "type": "LineString", "coordinates": [ [ 90.18777574446527, 21.799443658424188 ], [ 90.182121614623284, 21.799621981839596 ] ] }, { "type": "LineString", "coordinates": [ [ 90.245775327263331, 21.837216698936032 ], [ 90.256945322546244, 21.843834017340296 ] ] }, { "type": "LineString", "coordinates": [ [ 90.602494453409108, 22.028320433738546 ], [ 90.606958010244085, 22.025555744347372 ] ] }, { "type": "LineString", "coordinates": [ [ 91.327566613891833, 22.842583446417677 ], [ 91.32280869807596, 22.845495254360287 ] ] }, { "type": "LineString", "coordinates": [ [ 88.925876944346314, 26.434228829999746 ], [ 88.924708639612078, 26.438679046845042 ] ] }, { "type": "LineString", "coordinates": [ [ 88.455044941121713, 26.371524931880117 ], [ 88.45393906283222, 26.377330666855674 ] ] }, { "type": "Polygon", "coordinates": [ [ [ 92.302352825488356, 20.783508812673336 ], [ 92.305170992333217, 20.789524158445641 ], [ 92.301050769137049, 20.792984436261499 ], [ 92.302352825488356, 20.783508812673336 ] ] ] }, { "type": "Polygon", "coordinates": [ [ [ 92.294861548749026, 20.798625161893813 ], [ 92.301050769137049, 20.792984436261499 ], [ 92.29992710253039, 20.798255028985277 ], [ 92.294861548749026, 20.798625161893813 ] ] ] }, { "type": "Polygon", "coordinates": [ [ [ 91.924345940193348, 21.503863226335596 ], [ 91.932608622571877, 21.503016025317326 ], [ 91.929826159313578, 21.506859718976578 ], [ 91.924345940193348, 21.503863226335596 ] ] ] }, { "type": "Polygon", "coordinates": [ [ [ 91.537523329164458, 22.395991081173126 ], [ 91.54608932182613, 22.397355593414051 ], [ 91.540519857399261, 22.400650896340544 ], [ 91.537523329164458, 22.395991081173126 ] ] ] }, { "type": "Polygon", "coordinates": [ [ [ 91.27417333981073, 22.449250647137344 ], [ 91.274266984666042, 22.441786108259244 ], [ 91.280380351523632, 22.440051511858371 ], [ 91.27417333981073, 22.449250647137344 ] ] ] }, { "type": "Polygon", "coordinates": [ [ [ 91.168983136422497, 22.18208798753102 ], [ 91.171114548063159, 22.188286166589435 ], [ 91.16451508627776, 22.185641959986931 ], [ 91.168983136422497, 22.18208798753102 ] ] ] }, { "type": "Polygon", "coordinates": [ [ [ 91.028508069375022, 22.079301286093987 ], [ 91.023518300207201, 22.080656820416763 ], [ 91.028137957507639, 22.074637112996054 ], [ 91.028508069375022, 22.079301286093987 ] ] ] }, { "type": "Polygon", "coordinates": [ [ [ 90.967271206123357, 22.419294415330171 ], [ 90.970677982014593, 22.413675938134745 ], [ 90.974882924524806, 22.416391514755166 ], [ 90.967271206123357, 22.419294415330171 ] ] ] }, { "type": "Polygon", "coordinates": [ [ [ 90.96824328157382, 22.409658265163404 ], [ 90.970263256879718, 22.404151237165394 ], [ 90.97296998256293, 22.408302678677178 ], [ 90.96824328157382, 22.409658265163404 ] ] ] }, { "type": "Polygon", "coordinates": [ [ [ 90.426837099248303, 21.898163685347711 ], [ 90.42173590781502, 21.88277088219705 ], [ 90.432415436938584, 21.886797433726997 ], [ 90.426837099248303, 21.898163685347711 ] ] ] }, { "type": "Polygon", "coordinates": [ [ [ 90.182121614623284, 21.799621981839596 ], [ 90.182308907101344, 21.804152421124087 ], [ 90.177720502151928, 21.801592950595964 ], [ 90.182121614623284, 21.799621981839596 ] ] ] }, { "type": "Polygon", "coordinates": [ [ [ 90.029192309140782, 21.877442253811136 ], [ 90.036179727828397, 21.872679936763404 ], [ 90.035653522821065, 21.878070971551008 ], [ 90.029192309140782, 21.877442253811136 ] ] ] }, { "type": "Polygon", "coordinates": [ [ [ 89.878211596115023, 22.086266404939597 ], [ 89.879072213836167, 22.080059335169281 ], [ 89.883535797907697, 22.088174905878528 ], [ 89.878211596115023, 22.086266404939597 ] ] ] }, { "type": "Polygon", "coordinates": [ [ [ 89.864370556305659, 21.850259574339272 ], [ 89.860544634016748, 21.844922044841493 ], [ 89.865752898947022, 21.843548652056359 ], [ 89.864370556305659, 21.850259574339272 ] ] ] }, { "type": "Polygon", "coordinates": [ [ [ 89.08917370105614, 21.940467193546205 ], [ 89.096036214009345, 21.944765725198373 ], [ 89.089860404584741, 21.944926309336594 ], [ 89.08917370105614, 21.940467193546205 ] ] ] }, { "type": "Polygon", "coordinates": [ [ [ 91.841892654464658, 21.527897754593241 ], [ 91.872696151271327, 21.494253902151051 ], [ 91.858529600250861, 21.514208338164178 ], [ 91.846418673809964, 21.52973046701198 ], [ 91.841892654464658, 21.527897754593241 ] ] ] }, { "type": "Polygon", "coordinates": [ [ [ 91.269411021071775, 22.587157253394938 ], [ 91.275114204657115, 22.585547496918576 ], [ 91.277120792274189, 22.591228370963055 ], [ 91.272108725711149, 22.593364277317097 ], [ 91.269411021071775, 22.587157253394938 ] ] ] }, { "type": "Polygon", "coordinates": [ [ [ 91.036467555071042, 22.449232769470861 ], [ 91.031531297137917, 22.41661892280645 ], [ 91.044823886695667, 22.416262191582604 ], [ 91.046366749635965, 22.444466036463435 ], [ 91.036467555071042, 22.449232769470861 ] ] ] }, { "type": "Polygon", "coordinates": [ [ [ 90.992763907346443, 22.417555328201324 ], [ 91.002779075417635, 22.375216176226779 ], [ 91.014702712829987, 22.383340626981251 ], [ 91.012700554332994, 22.407508934563165 ], [ 90.992763907346443, 22.417555328201324 ] ] ] }, { "type": "Polygon", "coordinates": [ [ [ 90.952600785811981, 22.428890364140468 ], [ 90.968002538927792, 22.42612570572869 ], [ 90.963583536095868, 22.44459980080401 ], [ 90.953091275051008, 22.442664545229349 ], [ 90.952600785811981, 22.428890364140468 ] ] ] }, { "type": "Polygon", "coordinates": [ [ [ 90.838764391156005, 21.95478978607472 ], [ 90.84460578530728, 21.951521283865006 ], [ 90.849831900612642, 21.961754932795305 ], [ 90.84659901996676, 21.965830569893036 ], [ 90.838764391156005, 21.95478978607472 ] ] ] }, { "type": "Polygon", "coordinates": [ [ [ 90.734675581303492, 21.907964816709519 ], [ 90.751959073419044, 21.901936114315063 ], [ 90.760458153166951, 21.916811650685368 ], [ 90.74402190239536, 21.927263824994 ], [ 90.734675581303492, 21.907964816709519 ] ] ] }, { "type": "Polygon", "coordinates": [ [ [ 90.71419939534546, 21.869081455936325 ], [ 90.714556163881028, 21.863940087497287 ], [ 90.718854733842534, 21.870945349473075 ], [ 90.719175746514154, 21.876871458712277 ], [ 90.71419939534546, 21.869081455936325 ] ] ] }, { "type": "Polygon", "coordinates": [ [ [ 90.665309846383977, 21.959231038867134 ], [ 90.675253613965907, 21.958343711493583 ], [ 90.671173571345676, 21.963306684583852 ], [ 90.665349937571264, 21.965152741950391 ], [ 90.665309846383977, 21.959231038867134 ] ] ] }, { "type": "Polygon", "coordinates": [ [ [ 90.578972717910759, 22.056278938689413 ], [ 90.582754000795688, 22.053117430013444 ], [ 90.583864363023977, 22.060724703163711 ], [ 90.577621603846268, 22.061910791292433 ], [ 90.578972717910759, 22.056278938689413 ] ] ] }, { "type": "Polygon", "coordinates": [ [ [ 90.572721049178597, 22.010127241281328 ], [ 90.568912995067052, 21.9906410057472 ], [ 90.57762608076672, 21.989356769638874 ], [ 90.57837070071831, 22.018702096264601 ], [ 90.572721049178597, 22.010127241281328 ] ] ] }, { "type": "Polygon", "coordinates": [ [ [ 90.50810424820142, 21.864261154010919 ], [ 90.525579416417543, 21.864167462218855 ], [ 90.533043997281041, 21.878820087411746 ], [ 90.518641060559233, 21.882846710011869 ], [ 90.50810424820142, 21.864261154010919 ] ] ] }, { "type": "Polygon", "coordinates": [ [ [ 90.367174315350908, 21.844088172112823 ], [ 90.370545375460296, 21.84066806491353 ], [ 90.374879651258809, 21.844855112383456 ], [ 90.373412641913433, 21.849590659032007 ], [ 90.367174315350908, 21.844088172112823 ] ] ] }, { "type": "Polygon", "coordinates": [ [ [ 89.88638961438933, 22.162356551212074 ], [ 89.887905674167826, 22.155204081407138 ], [ 89.889033867639085, 22.14965254035922 ], [ 89.892280049130378, 22.153068193982126 ], [ 89.88638961438933, 22.162356551212074 ] ] ] }, { "type": "Polygon", "coordinates": [ [ [ 89.331044224776136, 21.699987824589083 ], [ 89.343337987153774, 21.698172978155029 ], [ 89.347551785964427, 21.700803909453583 ], [ 89.338424030836634, 21.718809766688139 ], [ 89.331044224776136, 21.699987824589083 ] ] ] }, { "type": "Polygon", "coordinates": [ [ [ 91.250326034023956, 22.430201328043776 ], [ 91.255333594291898, 22.405805570517259 ], [ 91.26575004868441, 22.410193375455712 ], [ 91.265959624562214, 22.419691269746824 ], [ 91.256934415878959, 22.432979322662273 ], [ 91.250326034023956, 22.430201328043776 ] ] ] }, { "type": "Polygon", "coordinates": [ [ [ 91.086164248320131, 22.489850742001298 ], [ 91.091443845438477, 22.488499577438315 ], [ 91.097347672924343, 22.492173935972112 ], [ 91.089116156604192, 22.506746254211571 ], [ 91.087765027969553, 22.494118099386327 ], [ 91.086164248320131, 22.489850742001298 ] ] ] }, { "type": "Polygon", "coordinates": [ [ [ 91.046464851428297, 22.378065507066349 ], [ 91.046875084528097, 22.368549808177981 ], [ 91.056792115596167, 22.371755875585873 ], [ 91.057139979932103, 22.376393319773207 ], [ 91.052020875342834, 22.37658954849547 ], [ 91.046464851428297, 22.378065507066349 ] ] ] }, { "type": "Polygon", "coordinates": [ [ [ 90.671293934960858, 21.972826909025795 ], [ 90.675253613965907, 21.958343711493583 ], [ 90.67718437581027, 21.950009625121861 ], [ 90.691203836701845, 21.952908053266409 ], [ 90.701615833256753, 21.974414353072014 ], [ 90.671293934960858, 21.972826909025795 ] ] ] }, { "type": "Polygon", "coordinates": [ [ [ 90.434038541602973, 21.834719625848525 ], [ 90.455468985875029, 21.838398364453685 ], [ 90.460307144726599, 21.845292146042475 ], [ 90.45031874852819, 21.848997597669157 ], [ 90.431853553226929, 21.841247766912293 ], [ 90.434038541602973, 21.834719625848525 ] ] ] }, { "type": "Polygon", "coordinates": [ [ [ 89.630753750962512, 21.890422735866725 ], [ 89.641112254463508, 21.863355928677858 ], [ 89.65265242160261, 21.857661691307271 ], [ 89.661218383289366, 21.869794877408729 ], [ 89.645442036940693, 21.89796745205917 ], [ 89.630753750962512, 21.890422735866725 ] ] ] }, { "type": "Polygon", "coordinates": [ [ [ 90.989428466429629, 22.451368688732813 ], [ 90.992353701309284, 22.426816878863214 ], [ 91.014493084155049, 22.427218214916536 ], [ 91.022992147369379, 22.45254586008507 ], [ 91.034331653079889, 22.453584869437382 ], [ 91.002689833741343, 22.458984821858628 ], [ 90.989428466429629, 22.451368688732813 ] ] ] }, { "type": "Polygon", "coordinates": [ [ [ 89.481061735966492, 22.051686121179628 ], [ 89.485525322111201, 22.036413654580048 ], [ 89.493939666707902, 22.029573376892291 ], [ 89.519517032644444, 22.069825666120028 ], [ 89.515566303381718, 22.075551195474759 ], [ 89.488789384908046, 22.054076195495838 ], [ 89.481061735966492, 22.051686121179628 ] ] ] }, { "type": "Polygon", "coordinates": [ [ [ 90.974655487295166, 22.050589110979796 ], [ 90.973616540279579, 22.045942760673469 ], [ 90.987047362005086, 22.023589255272292 ], [ 91.005994093751013, 22.030768428722258 ], [ 91.006185800189698, 22.036819405284096 ], [ 91.004192593026758, 22.04117152028395 ], [ 90.978459082784028, 22.045233783889145 ], [ 90.974655487295166, 22.050589110979796 ] ] ] }, { "type": "Polygon", "coordinates": [ [ [ 90.622199261326259, 21.937270047922819 ], [ 90.623969512790239, 21.91528216967076 ], [ 90.652703949291677, 21.912218796834239 ], [ 90.659125066046386, 21.949367558934906 ], [ 90.656155268633739, 21.953955971142957 ], [ 90.643701024195934, 21.956350521749403 ], [ 90.637707958780126, 21.94339677553987 ], [ 90.622199261326259, 21.937270047922819 ] ] ] }, { "type": "Polygon", "coordinates": [ [ [ 91.876852032914414, 21.490677657434812 ], [ 91.902581064305508, 21.471280530833312 ], [ 91.909193925818457, 21.469519239169138 ], [ 91.914700890819702, 21.469300757836862 ], [ 91.912721041503943, 21.476109816849686 ], [ 91.909662099575186, 21.480724910098246 ], [ 91.907494946269736, 21.476462014124618 ], [ 91.90254089452732, 21.476685023486191 ], [ 91.881792694174791, 21.492126878885248 ], [ 91.876852032914414, 21.490677657434812 ] ] ] }, { "type": "Polygon", "coordinates": [ [ [ 90.376676688419622, 22.047240381574809 ], [ 90.374616575477745, 22.052502095838662 ], [ 90.364168891356172, 22.059391364834827 ], [ 90.339884648270655, 22.015001085444297 ], [ 90.342742927782709, 22.002310468644964 ], [ 90.346925531707456, 21.999808934576492 ], [ 90.363361786201935, 22.010702478626367 ], [ 90.390272433762121, 22.043343121093841 ], [ 90.379503736282331, 22.051146518985608 ], [ 90.376676688419622, 22.047240381574809 ] ], [ [ 90.370737166535008, 22.04019942990498 ], [ 90.365983753530102, 22.043467927683544 ], [ 90.366643671972653, 22.037559650339112 ], [ 90.370737166535008, 22.04019942990498 ] ], [ [ 90.366643671972653, 22.037559650339112 ], [ 90.361292748316146, 22.035932074010056 ], [ 90.358652998157808, 22.029457466612065 ], [ 90.366643671972653, 22.037559650339112 ] ] ] }, { "type": "Polygon", "coordinates": [ [ [ 91.014024927027023, 22.038464872321985 ], [ 91.024985387291608, 22.044511351626259 ], [ 91.025110232641197, 22.050557935329401 ], [ 91.029975114768874, 22.053068356670259 ], [ 91.037118615268142, 22.065504798302271 ], [ 91.033595928774318, 22.070869172563921 ], [ 91.034630401053008, 22.076028322552993 ], [ 91.028137957507639, 22.074637112996054 ], [ 91.020316661414995, 22.052948042069428 ], [ 91.013552249918177, 22.042959620553543 ], [ 91.014024927027023, 22.038464872321985 ] ] ] }, { "type": "Polygon", "coordinates": [ [ [ 89.313350488057992, 21.855218057060434 ], [ 89.314893339912985, 21.8298859123379 ], [ 89.335151054661836, 21.789562271643835 ], [ 89.340814082862096, 21.821917498102696 ], [ 89.353861455735569, 21.848525021513424 ], [ 89.363131921630313, 21.883417471881884 ], [ 89.35145800270142, 21.87481583088794 ], [ 89.350258500848639, 21.880550205729808 ], [ 89.322277632113838, 21.863980240320316 ], [ 89.326411198253894, 21.861023802813136 ], [ 89.313350488057992, 21.855218057060434 ] ] ] }, { "type": "Polygon", "coordinates": [ [ [ 91.272157785835887, 22.522455685620169 ], [ 91.270735359221391, 22.50313442902192 ], [ 91.274101949519931, 22.499696398996335 ], [ 91.27968030544838, 22.496922892146991 ], [ 91.315312954588592, 22.550708500885342 ], [ 91.308517292466263, 22.562480594347697 ], [ 91.28895520800927, 22.553392898209314 ], [ 91.285900766071947, 22.546111245891495 ], [ 91.286079145147554, 22.539333359807262 ], [ 91.281753812591802, 22.541861639847177 ], [ 91.279448403981121, 22.537719191382635 ], [ 91.272157785835887, 22.522455685620169 ] ] ] }, { "type": "Polygon", "coordinates": [ [ [ 91.842450092311211, 21.769139592905738 ], [ 91.832256573693982, 21.751561807637245 ], [ 91.839377722827791, 21.739638212127414 ], [ 91.846543495575958, 21.739945833954689 ], [ 91.86543228902093, 21.790668110835551 ], [ 91.896164424829365, 21.875435691439492 ], [ 91.878417172372664, 21.922260681049622 ], [ 91.868263787407727, 21.920958646171762 ], [ 91.86179809000852, 21.918853911421532 ], [ 91.845812210314875, 21.89943449881676 ], [ 91.843868055566261, 21.849992008404779 ], [ 91.848804267469689, 21.818871983474171 ], [ 91.842441161342009, 21.787163281771608 ], [ 91.842450092311211, 21.769139592905738 ] ] ] }, { "type": "Polygon", "coordinates": [ [ [ 90.913597037579862, 22.14761915259573 ], [ 90.909958383906101, 22.141394282274142 ], [ 90.932436697127386, 22.115558208495209 ], [ 90.972417058728524, 22.168434274579091 ], [ 90.977638668255381, 22.189860220809845 ], [ 90.991577800800172, 22.210621775894957 ], [ 90.994904296409658, 22.258276227759723 ], [ 90.996094876249757, 22.271675817209594 ], [ 90.994440520197116, 22.310255960090871 ], [ 90.987100828297685, 22.349545099469651 ], [ 90.968889910762101, 22.346227569846153 ], [ 90.967993571255036, 22.283679732362113 ], [ 90.943691518945187, 22.215428766395675 ], [ 90.913597037579862, 22.14761915259573 ] ] ] }, { "type": "Polygon", "coordinates": [ [ [ 90.512634667094858, 21.911188722214664 ], [ 90.517401438897949, 21.89080621226945 ], [ 90.544771370038148, 21.886199923775457 ], [ 90.55603511671093, 21.896656558950824 ], [ 90.565858497639482, 21.910956890270576 ], [ 90.580323805509806, 21.904526839719413 ], [ 90.599698634618647, 21.96497890052601 ], [ 90.585090599904021, 21.980460829922695 ], [ 90.580288132165393, 21.978846666652352 ], [ 90.550149062355942, 21.974793319499039 ], [ 90.549498052436363, 21.96462211674611 ], [ 90.555575833906886, 21.963939909095537 ], [ 90.526484602738307, 21.947423351074761 ], [ 90.512634667094858, 21.911188722214664 ] ] ] }, { "type": "Polygon", "coordinates": [ [ [ 91.125127894642546, 22.47576892754342 ], [ 91.125747707788236, 22.470886174915712 ], [ 91.145456930041931, 22.467252009956045 ], [ 91.147039858635097, 22.473191537615644 ], [ 91.152359563279788, 22.469004404949775 ], [ 91.194292944259502, 22.502376308322752 ], [ 91.194511473206376, 22.506933511630582 ], [ 91.202783131446111, 22.509854216061886 ], [ 91.203554558853781, 22.514754789370429 ], [ 91.200838971656111, 22.521158082972029 ], [ 91.201677231010109, 22.531333712849371 ], [ 91.188478338712514, 22.523592767038554 ], [ 91.19350372779401, 22.520689847746283 ], [ 91.179497652045043, 22.511267812908738 ], [ 91.144828183305918, 22.493886194507489 ], [ 91.140092569055213, 22.488463978407466 ], [ 91.125127894642546, 22.47576892754342 ] ] ] }, { "type": "Polygon", "coordinates": [ [ [ 89.540457007694386, 21.848368889744222 ], [ 89.533420545569584, 21.819844007519524 ], [ 89.544064393901621, 21.800879504308725 ], [ 89.552130921983178, 21.799127044167868 ], [ 89.550931404928846, 21.75847789905901 ], [ 89.546311779781348, 21.75538769615326 ], [ 89.542891628140794, 21.749011208113739 ], [ 89.552130921983178, 21.736472245397319 ], [ 89.554703794184093, 21.732169150727501 ], [ 89.56777787786082, 21.715559080780146 ], [ 89.57273193893478, 21.716540074874924 ], [ 89.57925564019267, 21.715581353035855 ], [ 89.591986393663717, 21.714413072059322 ], [ 89.604159721968912, 21.717565613894134 ], [ 89.604083890697368, 21.728757997815094 ], [ 89.587696669760646, 21.760199086711339 ], [ 89.605002481478522, 21.788286998999585 ], [ 89.600712809470735, 21.804544901163339 ], [ 89.540457007694386, 21.848368889744222 ] ] ] }, { "type": "Polygon", "coordinates": [ [ [ 89.036645442403994, 21.919130355088328 ], [ 89.036128215993259, 21.893169466446626 ], [ 89.05810266362063, 21.863538765909365 ], [ 89.053982426295562, 21.817489601325413 ], [ 89.045055307793362, 21.78640967177067 ], [ 89.0804873483428, 21.75642222014022 ], [ 89.09689684978224, 21.73682896120863 ], [ 89.102216549687952, 21.738581349807081 ], [ 89.104793864030029, 21.733636203481836 ], [ 89.107451503742126, 21.721431691095351 ], [ 89.134491475174002, 21.721199822573034 ], [ 89.146165462065142, 21.741609081719037 ], [ 89.138611753976647, 21.75596292056056 ], [ 89.116980629572041, 21.777165999930549 ], [ 89.082627670190305, 21.79966657190413 ], [ 89.078012570967175, 21.831674066324204 ], [ 89.080246526004132, 21.860350476554423 ], [ 89.056898681350532, 21.901927165437701 ], [ 89.055721478362287, 21.920905132299676 ], [ 89.036645442403994, 21.919130355088328 ] ] ] }, { "type": "Polygon", "coordinates": [ [ [ 91.027531504004202, 22.10991752540324 ], [ 91.025065624113282, 22.09856011964149 ], [ 91.044373573245295, 22.090431178586154 ], [ 91.105909126011483, 22.135294224060985 ], [ 91.124383165029784, 22.148377187102504 ], [ 91.130996034235281, 22.149741742002529 ], [ 91.156189995418799, 22.177566467974085 ], [ 91.16501900915965, 22.178953301920206 ], [ 91.16451508627776, 22.185641959986931 ], [ 91.171890446440926, 22.19306184120439 ], [ 91.17481561777943, 22.201199700859334 ], [ 91.180055105202925, 22.234460157428646 ], [ 91.183724940515589, 22.249946609586544 ], [ 91.177914736698682, 22.25026323378443 ], [ 91.179569027911413, 22.293396103471466 ], [ 91.184505250808357, 22.296410471217982 ], [ 91.160729303023274, 22.347047990104528 ], [ 91.131116441645446, 22.39064910620376 ], [ 91.126091027794843, 22.404102202470476 ], [ 91.0812948742457, 22.421078014435697 ], [ 91.069678930514158, 22.390185353409152 ], [ 91.065509698542513, 22.230821579609557 ], [ 91.046843893228811, 22.171658210252907 ], [ 91.041822912240349, 22.154998952840437 ], [ 91.027531504004202, 22.10991752540324 ] ] ] }, { "type": "Polygon", "coordinates": [ [ [ 89.211839055992812, 21.954334962738987 ], [ 89.227115964799111, 21.942870653585416 ], [ 89.233296300364046, 21.944939683387009 ], [ 89.26380547605649, 21.916570903480935 ], [ 89.276897329845767, 21.92376337039563 ], [ 89.296468365097354, 21.903215868094804 ], [ 89.278770219152847, 21.871244136524346 ], [ 89.288571322180715, 21.841408234489148 ], [ 89.295094964127699, 21.840132966036293 ], [ 89.284107737435605, 21.83710518202944 ], [ 89.298185122895504, 21.820851829238627 ], [ 89.313631419077211, 21.869447116222215 ], [ 89.36015320997393, 21.9006696657686 ], [ 89.337492095582334, 21.959904439401026 ], [ 89.300757985774098, 22.010524160672816 ], [ 89.276897329845767, 22.060648893968764 ], [ 89.294363695933598, 22.084763662203692 ], [ 89.257156919706375, 22.082601033840294 ], [ 89.241019413680633, 22.096914701538793 ], [ 89.226068039486051, 22.097632696604482 ], [ 89.253380043112898, 22.062080232963968 ], [ 89.233809073023522, 22.025800996864096 ], [ 89.219049462731391, 22.007340306502616 ], [ 89.246686981339835, 21.992540521228634 ], [ 89.248916481254554, 21.975983900939319 ], [ 89.211839055992812, 21.954334962738987 ] ] ] }, { "type": "Polygon", "coordinates": [ [ [ 91.294208023269718, 22.700284589755739 ], [ 91.302296871816026, 22.674377260761197 ], [ 91.304847478714962, 22.669770958078647 ], [ 91.306840709442568, 22.665414409273474 ], [ 91.309810443733369, 22.660812693559869 ], [ 91.317136770770361, 22.651368267223418 ], [ 91.321640442679609, 22.645754241424591 ], [ 91.325711608594304, 22.641678644170103 ], [ 91.330068150471845, 22.63696090460358 ], [ 91.375996888165972, 22.621987267412702 ], [ 91.391340669904153, 22.613648755590443 ], [ 91.402738125140132, 22.658935361015104 ], [ 91.389258242742642, 22.673213406400219 ], [ 91.385329785639527, 22.677293498109332 ], [ 91.381276441809035, 22.679826265487552 ], [ 91.376139572148688, 22.680419349207625 ], [ 91.36991463871729, 22.67919749935059 ], [ 91.363729923838079, 22.697537847445652 ], [ 91.343244790787352, 22.717015138498795 ], [ 91.327624563437425, 22.724189882149727 ], [ 91.317613856508885, 22.725755038906076 ], [ 91.312633064940897, 22.72480524679473 ], [ 91.307665651405813, 22.722562285740732 ], [ 91.30000488965203, 22.714527034185547 ], [ 91.296281511227164, 22.710174868963588 ], [ 91.294698590853415, 22.705439372739022 ], [ 91.294208023269718, 22.700284589755739 ] ], [ [ 91.351378214631524, 22.663693280809238 ], [ 91.357246372440287, 22.659764802233759 ], [ 91.362213804745622, 22.661998788054522 ], [ 91.3577413526546, 22.664915009111887 ], [ 91.351378214631524, 22.663693280809238 ] ] ] }, { "type": "Polygon", "coordinates": [ [ [ 90.377078004896489, 21.927865727231854 ], [ 90.380823607404722, 21.903996210878503 ], [ 90.399498315013759, 21.900692011639695 ], [ 90.403966339767223, 21.897543885525042 ], [ 90.426837099248303, 21.898163685347711 ], [ 90.45665959101764, 21.918822678512054 ], [ 90.460708449451928, 21.923776725224652 ], [ 90.464882144767131, 21.929372914957394 ], [ 90.465666921820102, 21.924111160651801 ], [ 90.480832324914573, 21.939780502386412 ], [ 90.481568074808123, 21.992023277277134 ], [ 90.476373241138745, 22.018100098923242 ], [ 90.475196015012756, 22.02460593355271 ], [ 90.463785182287324, 22.037680032800825 ], [ 90.444624461068571, 22.044328604441151 ], [ 90.436415258492019, 22.040342157156708 ], [ 90.432763218905976, 22.036297715285169 ], [ 90.414204478938458, 22.02494042933229 ], [ 90.397505149469481, 22.0100113150529 ], [ 90.37545932936932, 21.993450219131716 ], [ 90.367013785635265, 21.987782723931154 ], [ 90.354519405167309, 21.969701052070267 ], [ 90.346372620805113, 21.955543385173115 ], [ 90.335742124422964, 21.933890038259928 ], [ 90.321080587373714, 21.892228639863873 ], [ 90.316724063198038, 21.889325779530118 ], [ 90.314240310460889, 21.88208421655764 ], [ 90.312679671104959, 21.862245606005494 ], [ 90.323011403859439, 21.847749131906749 ], [ 90.341293699971601, 21.850103527770724 ], [ 90.351068017032603, 21.87316152705564 ], [ 90.352071379717174, 21.878579356093248 ], [ 90.35586155803567, 21.889704804000836 ], [ 90.350055849325855, 21.898101297488928 ], [ 90.352530601711578, 21.905860095270338 ], [ 90.360949403429203, 21.92773642089459 ], [ 90.372636738887621, 21.937055980470944 ], [ 90.385791088436875, 21.94151059249544 ], [ 90.38771740286299, 21.93421107973737 ], [ 90.389862214822344, 21.930126515022923 ], [ 90.377078004896489, 21.927865727231854 ] ], [ [ 90.398120455242193, 21.939718013893788 ], [ 90.401888406520101, 21.946112387248025 ], [ 90.39293457690512, 21.94316941760367 ], [ 90.398120455242193, 21.939718013893788 ] ] ] }, { "type": "Polygon", "coordinates": [ [ [ 91.420837626887959, 22.579581231460676 ], [ 91.420070616781331, 22.574167825344261 ], [ 91.42343282824325, 22.570854744628821 ], [ 91.422099498061783, 22.56620837493498 ], [ 91.427124948433487, 22.563167232870889 ], [ 91.422447309682966, 22.560032481998498 ], [ 91.425608848006064, 22.550284920837004 ], [ 91.423370398860328, 22.539966576201927 ], [ 91.42743705010291, 22.535627849331402 ], [ 91.423423909754362, 22.522848041226489 ], [ 91.41889790740818, 22.51881701563088 ], [ 91.429613127259188, 22.489962243996754 ], [ 91.456809169066318, 22.435396172618802 ], [ 91.474320059196572, 22.404030904054128 ], [ 91.484923813937456, 22.396151667448024 ], [ 91.52058773488443, 22.400472465035438 ], [ 91.527575129835398, 22.394229743413831 ], [ 91.540519857399261, 22.400650896340544 ], [ 91.562231256180311, 22.40251919545819 ], [ 91.553304142585915, 22.458213398454667 ], [ 91.549313246291447, 22.469164930482663 ], [ 91.547636609774088, 22.474725424730487 ], [ 91.540711651200695, 22.488044756231041 ], [ 91.535730833519608, 22.487487401636777 ], [ 91.533117789150737, 22.499045405703786 ], [ 91.527847106944606, 22.499513607802218 ], [ 91.529465779564362, 22.503905775304585 ], [ 91.526380106065901, 22.507477570536008 ], [ 91.505738882118038, 22.546285126990046 ], [ 91.506782305288098, 22.552345046339514 ], [ 91.498408165163937, 22.557673675616659 ], [ 91.499741372399512, 22.562574178215066 ], [ 91.494158586022309, 22.566382267968297 ], [ 91.490760747504851, 22.573044156991475 ], [ 91.472509694774189, 22.594238271234829 ], [ 91.447984624595193, 22.605840873747177 ], [ 91.446370436028246, 22.60144861144104 ], [ 91.442731803790963, 22.604761743727401 ], [ 91.438812263122671, 22.607941105943091 ], [ 91.426478343568718, 22.595593871203537 ], [ 91.427914200042594, 22.591232842072781 ], [ 91.429630966833997, 22.58635907749419 ], [ 91.421047162274888, 22.585761577572406 ], [ 91.420837626887959, 22.579581231460676 ] ] ] }, { "type": "Polygon", "coordinates": [ [ [ 89.140671809941182, 21.955115365807686 ], [ 89.151654593380954, 21.926452237767272 ], [ 89.180054604932522, 21.92884674829757 ], [ 89.210880383128284, 21.917377952559523 ], [ 89.206586220329214, 21.89364660651043 ], [ 89.1976903240014, 21.828276155088997 ], [ 89.184959611463015, 21.815099583427479 ], [ 89.196633577556682, 21.779872629853696 ], [ 89.220792954226425, 21.751401323330036 ], [ 89.226692357208861, 21.753635265852406 ], [ 89.22289761368792, 21.724869658838333 ], [ 89.227873992193182, 21.704772490481815 ], [ 89.239717387791089, 21.694726112445395 ], [ 89.223584314821892, 21.69679956331801 ], [ 89.20898968343468, 21.657555016402938 ], [ 89.213109895924916, 21.652132834227952 ], [ 89.260639457256886, 21.658402306903159 ], [ 89.261174575433827, 21.663298363219862 ], [ 89.264608051493781, 21.666651634760949 ], [ 89.270275573426915, 21.666330543137278 ], [ 89.275251921506836, 21.666807700387306 ], [ 89.291732759190353, 21.681326487221405 ], [ 89.288125391669567, 21.691377368271255 ], [ 89.259118960850671, 21.699671253019353 ], [ 89.258601651318585, 21.705249627746777 ], [ 89.267354854116363, 21.702221841938147 ], [ 89.27954604698941, 21.704611959255704 ], [ 89.287438699749728, 21.74129247173266 ], [ 89.279042188147514, 21.753572882935195 ], [ 89.286751996131571, 21.75883017297037 ], [ 89.277829292289468, 21.804580499660005 ], [ 89.266842071888533, 21.831674078601683 ], [ 89.256670908093469, 21.833988348446152 ], [ 89.273709072814398, 21.855093197545944 ], [ 89.268598943722552, 21.881335079467018 ], [ 89.28332293995949, 21.905592555010625 ], [ 89.247271092903773, 21.912918827698427 ], [ 89.234741014169273, 21.929158876883196 ], [ 89.20899418416829, 21.937265569001926 ], [ 89.204187261249615, 21.962120538930986 ], [ 89.241951406365501, 21.983769499106796 ], [ 89.194573449213067, 22.001913561385901 ], [ 89.186159095987549, 22.018786830111591 ], [ 89.1674487288888, 22.021011906832346 ], [ 89.168996065689285, 21.99141244318659 ], [ 89.140671809941182, 21.955115365807686 ] ], [ [ 89.25448142688272, 21.755164792982864 ], [ 89.261861279499215, 21.7573943050011 ], [ 89.249674535432518, 21.758031983147237 ], [ 89.25448142688272, 21.755164792982864 ] ], [ [ 89.251391327287465, 21.662023072477922 ], [ 89.261174575433827, 21.663298363219862 ], [ 89.259453341567038, 21.669068463690564 ], [ 89.251391327287465, 21.662023072477922 ] ] ] }, { "type": "Polygon", "coordinates": [ [ [ 90.480323992678208, 22.060510634494829 ], [ 90.479659576193285, 22.051048404893887 ], [ 90.48335175235367, 22.047115466765195 ], [ 90.486317066174379, 22.043302936720078 ], [ 90.490232136086348, 22.040404547749329 ], [ 90.497059018984814, 22.028926810955031 ], [ 90.502405465202855, 22.030942312173231 ], [ 90.494205166317499, 22.010747119386895 ], [ 90.503297294329329, 21.99570207135903 ], [ 90.50213346635374, 21.975613847218952 ], [ 90.527015233812946, 21.988469406409799 ], [ 90.524170332147861, 21.993445785360425 ], [ 90.529423210959266, 21.992754589055021 ], [ 90.567923029863366, 22.040150361779606 ], [ 90.573180312973648, 22.055413857280005 ], [ 90.570201654279899, 22.060256473410028 ], [ 90.577621603846268, 22.061910791292433 ], [ 90.581550078057404, 22.0663431617618 ], [ 90.583864363023977, 22.060724703163711 ], [ 90.588965565317025, 22.061059103254049 ], [ 90.591694539128795, 22.079238852971308 ], [ 90.602851169908789, 22.162387683251541 ], [ 90.601170143251039, 22.172010508903579 ], [ 90.603685062237545, 22.186587292058 ], [ 90.601116605310366, 22.19130945901443 ], [ 90.606463094698995, 22.193833301689683 ], [ 90.621904901717357, 22.203968823797855 ], [ 90.63559881772845, 22.219477564630882 ], [ 90.63220544954784, 22.240528970994813 ], [ 90.605499873216488, 22.242450868559722 ], [ 90.604492164609667, 22.236520283399845 ], [ 90.600523574456162, 22.242508875408951 ], [ 90.595859326545465, 22.240248042823701 ], [ 90.590891884665197, 22.231945227034199 ], [ 90.596024326197337, 22.230732352949381 ], [ 90.600492362549659, 22.228097019611795 ], [ 90.605450881776193, 22.22907362469596 ], [ 90.610404884978863, 22.21383237105961 ], [ 90.60307414643286, 22.206136007259307 ], [ 90.601250341919837, 22.19967472600208 ], [ 90.588256572596592, 22.200254379662024 ], [ 90.582343806497477, 22.190390913679128 ], [ 90.589005652384088, 22.188558211193307 ], [ 90.582174313711008, 22.184210524908586 ], [ 90.57716676578849, 22.178217499717331 ], [ 90.572832525394304, 22.173009287896761 ], [ 90.568043444357244, 22.170489915515798 ], [ 90.560859854651468, 22.162534849623146 ], [ 90.544490495391472, 22.150713790525408 ], [ 90.542497229776757, 22.146308166693242 ], [ 90.540548647255093, 22.139075565857702 ], [ 90.539126191771103, 22.133519514950716 ], [ 90.491507439721872, 22.085579718534223 ], [ 90.480323992678208, 22.060510634494829 ] ], [ [ 90.497701099281912, 22.047333975529682 ], [ 90.494883013390208, 22.042790211411429 ], [ 90.502048782408053, 22.043414467564542 ], [ 90.497701099281912, 22.047333975529682 ] ], [ [ 90.516612176305301, 22.046981736164671 ], [ 90.512411691521976, 22.050647096231437 ], [ 90.508327199582084, 22.047240388848611 ], [ 90.509540010710893, 22.039539454975365 ], [ 90.516612176305301, 22.046981736164671 ] ] ] }, { "type": "Polygon", "coordinates": [ [ [ 88.0689001235164, 24.738602166550553 ], [ 88.030609819440613, 24.683661542536385 ], [ 88.083860403224449, 24.623798135232938 ], [ 88.105161561739422, 24.578368786377993 ], [ 88.113950439391544, 24.533702029356132 ], [ 88.139550166333535, 24.50942214097217 ], [ 88.203729956975607, 24.474770504760517 ], [ 88.276208192278716, 24.46062175824644 ], [ 88.344784739206759, 24.433176051681713 ], [ 88.387271003185333, 24.391519110220614 ], [ 88.471820030919986, 24.3510705841435 ], [ 88.516188089380009, 24.31772095510328 ], [ 88.547388404016317, 24.311241934248326 ], [ 88.570620334586195, 24.326295800877681 ], [ 88.581794854424857, 24.323397391301238 ], [ 88.599970142428916, 24.311130414340962 ], [ 88.605561829827309, 24.318180223179485 ], [ 88.619019416130371, 24.314095707960718 ], [ 88.623179764160142, 24.308539666100465 ], [ 88.642327161901065, 24.307692486524068 ], [ 88.653849496231373, 24.306452822994128 ], [ 88.685308420331964, 24.328280116818949 ], [ 88.706123525462473, 24.317770023083842 ], [ 88.732869183924393, 24.266597347469119 ], [ 88.73196842593461, 24.200080971594499 ], [ 88.715228999496063, 24.200410929535451 ], [ 88.698141749691814, 24.162151883831616 ], [ 88.700322221730985, 24.108089673231607 ], [ 88.709298383900858, 24.083841144006854 ], [ 88.743869783431833, 24.057831226805067 ], [ 88.744297866085461, 24.049367786145954 ], [ 88.725618731604527, 24.044150672259612 ], [ 88.756720933287767, 24.029547116189821 ], [ 88.744311227538631, 24.017989091247838 ], [ 88.734438818380326, 24.013529994432023 ], [ 88.738460927254067, 23.996589904987417 ], [ 88.746951058951439, 24.000001126426781 ], [ 88.745287776744448, 24.006457839918706 ], [ 88.769902055474631, 23.996977862629539 ], [ 88.773910789705269, 23.980608508956916 ], [ 88.753398893891699, 23.983997370925159 ], [ 88.743522013536321, 23.963699588730069 ], [ 88.748021215582611, 23.929208387346488 ], [ 88.737649355194961, 23.905851614478706 ], [ 88.713726312066413, 23.903885154654699 ], [ 88.663690710096972, 23.865322880234793 ], [ 88.634291878281942, 23.862941725348968 ], [ 88.633319748145837, 23.873050504476726 ], [ 88.604995556849971, 23.867324979610526 ], [ 88.595569037031055, 23.859031115541509 ], [ 88.607639768893137, 23.817271596226831 ], [ 88.61303978386735, 23.805218688541679 ], [ 88.601290068344383, 23.803657985740173 ], [ 88.582668823702107, 23.787591844429507 ], [ 88.574918914454742, 23.786401290532339 ], [ 88.589941623442016, 23.757180763561067 ], [ 88.579609889482157, 23.701700662023697 ], [ 88.5822318781576, 23.663361308211879 ], [ 88.571480969888668, 23.644530454077412 ], [ 88.580840608914613, 23.637007992039457 ], [ 88.603029084327318, 23.638778279930715 ], [ 88.601388114557977, 23.614980016288186 ], [ 88.593950397591868, 23.609941252779723 ], [ 88.60309154850313, 23.602788864923593 ], [ 88.614551432178061, 23.605963722487598 ], [ 88.62829879383581, 23.602918111200342 ], [ 88.649171876537238, 23.606971437482819 ], [ 88.653925275665515, 23.589942129317976 ], [ 88.662442165605214, 23.564922137674596 ], [ 88.662491228348003, 23.553979527007979 ], [ 88.694378261054879, 23.530662890036773 ], [ 88.726911823597632, 23.508331727997664 ], [ 88.741140846670362, 23.500720053437185 ], [ 88.758589327265454, 23.473858426353424 ], [ 88.777379972125061, 23.479360961476399 ], [ 88.782561422878231, 23.489839835679579 ], [ 88.78746200501574, 23.50182141886873 ], [ 88.803340856478755, 23.486089732697561 ], [ 88.794070358465262, 23.445471727822586 ], [ 88.77383053074297, 23.442577779645859 ], [ 88.765068394406399, 23.386549209067567 ], [ 88.77259089907615, 23.371459568267841 ], [ 88.736525625454107, 23.351081461068205 ], [ 88.744957784646303, 23.323724929879862 ], [ 88.748658906732388, 23.314931546013625 ], [ 88.733341879542607, 23.322949030870873 ], [ 88.728017669945373, 23.304889635547859 ], [ 88.712419737068288, 23.315127759472482 ], [ 88.702614208416904, 23.30587959406563 ], [ 88.711853424421165, 23.291971660041014 ], [ 88.729729959485397, 23.26547120120598 ], [ 88.73029184552307, 23.256196294802802 ], [ 88.758896975330259, 23.243465536843495 ], [ 88.783600379240326, 23.24251127855316 ], [ 88.787417414849372, 23.228786204866612 ], [ 88.818180737716986, 23.228130726919254 ], [ 88.818278793184106, 23.249458607711329 ], [ 88.853108859253879, 23.243768799767956 ], [ 88.873446792107572, 23.233954276052835 ], [ 88.925778849827068, 23.228309087584819 ], [ 88.934095080343212, 23.214936195929887 ], [ 88.951164491440252, 23.202762885663944 ], [ 88.97787003668563, 23.216528144618703 ], [ 88.979791890343378, 23.223836608024893 ], [ 88.987051361674787, 23.225009323563455 ], [ 88.996839073100901, 23.19516900056486 ], [ 88.987064718397292, 23.187824915807557 ], [ 88.967881687343237, 23.188128149385246 ], [ 88.939811606760543, 23.162211832019327 ], [ 88.928770847433114, 23.139011087356874 ], [ 88.895171530318223, 23.111030253892253 ], [ 88.882159870383731, 23.103280347569225 ], [ 88.874280688623458, 23.074621737550789 ], [ 88.892870685335538, 23.040968871421335 ], [ 88.876586002719151, 23.003873561114936 ], [ 88.878730854629907, 22.971027836843433 ], [ 88.867734729704921, 22.953922748738183 ], [ 88.901958327728209, 22.951858167373313 ], [ 88.903750897951809, 22.928180371972996 ], [ 88.91392656279622, 22.92207137363749 ], [ 88.910510845753521, 22.898991043545546 ], [ 88.923749951635472, 22.875348891949166 ], [ 88.938188520025875, 22.869480788722296 ], [ 88.949585974637344, 22.877172658977088 ], [ 88.972782233253142, 22.833477961906954 ], [ 88.955106356280723, 22.804529474856089 ], [ 88.966642056064032, 22.793011638605538 ], [ 88.951851165426802, 22.78651025194943 ], [ 88.939468244314909, 22.763068800085698 ], [ 88.925190204736566, 22.762859224010288 ], [ 88.940039003347437, 22.720939138603448 ], [ 88.965808190315585, 22.697100864886774 ], [ 88.966129207619232, 22.683090295484227 ], [ 88.955142001769275, 22.679242164436904 ], [ 88.942821514426015, 22.654989105731808 ], [ 88.947811240115755, 22.639721093338515 ], [ 88.937871889392056, 22.646628231254581 ], [ 88.938170689978378, 22.631471745559409 ], [ 88.964800430976467, 22.612190657661358 ], [ 88.953831060269295, 22.59227183722771 ], [ 88.946946163666269, 22.575840009897391 ], [ 88.953139890220413, 22.559921001733041 ], [ 88.926710811475559, 22.559912136015413 ], [ 88.969491414530054, 22.544809140060948 ], [ 89.002618056480273, 22.461771813383375 ], [ 89.006640144927573, 22.422638729667877 ], [ 88.983858615946957, 22.403250496702253 ], [ 89.00123128239089, 22.381449967326301 ], [ 88.999220242039399, 22.323218536964387 ], [ 89.03421081290432, 22.295411631058599 ], [ 89.007099453669042, 22.290100821480809 ], [ 89.019691971033396, 22.268469722948449 ], [ 89.025078573633067, 22.253629839950378 ], [ 89.045880281901759, 22.248488514749987 ], [ 89.054918853712664, 22.22047201032824 ], [ 89.071408597330432, 22.204459352132943 ], [ 89.079064895782793, 22.197075029791289 ], [ 89.08387181919278, 22.195518859676259 ], [ 89.083229651957751, 22.181784856396149 ], [ 89.079448386808934, 22.15718839246885 ], [ 89.098439659488577, 22.16003335493345 ], [ 89.105311170502844, 22.157719068837675 ], [ 89.101128500450884, 22.142749864263124 ], [ 89.054183106727606, 22.108227506853932 ], [ 89.053237772351565, 22.076059541329474 ], [ 89.064795764168949, 22.058089326028529 ], [ 89.072349506835991, 22.056336913759122 ], [ 89.08144603586841, 22.031834151713714 ], [ 89.089860404584741, 22.018786809241412 ], [ 89.096036214009345, 21.944765725198373 ], [ 89.096722947930076, 21.937600000263007 ], [ 89.08917370105614, 21.940467193546205 ], [ 89.081508442626074, 21.899951835231921 ], [ 89.104793864030029, 21.853024209252673 ], [ 89.106680094278317, 21.822430342524846 ], [ 89.100330331797551, 21.813026103803139 ], [ 89.137924997039619, 21.802984205205529 ], [ 89.135864947706665, 21.798681182501326 ], [ 89.155605373656229, 21.795974448734619 ], [ 89.168652654141738, 21.806970588321128 ], [ 89.182114743478607, 21.833252586841869 ], [ 89.194662624363829, 21.895831611954215 ], [ 89.197489694603249, 21.913873069846474 ], [ 89.144792045760511, 21.916102690056583 ], [ 89.13104908183351, 21.957157632266071 ], [ 89.152836233069593, 21.98537033411408 ], [ 89.162008603320018, 22.000410911634898 ], [ 89.147195457559988, 22.042656424301349 ], [ 89.162133461336168, 22.058339066224331 ], [ 89.172282380620359, 22.062980989315626 ], [ 89.149081691528394, 22.076380600982379 ], [ 89.127664660939004, 22.099015015850778 ], [ 89.128997922520796, 22.103897701409359 ], [ 89.147694923658889, 22.087501610626411 ], [ 89.176893077095826, 22.067475800253565 ], [ 89.172255642417767, 22.053313694408835 ], [ 89.153888594099371, 22.03788068070784 ], [ 89.171912258394613, 22.025471034016583 ], [ 89.178881891975891, 22.027218984221225 ], [ 89.189249236098249, 22.023558083399614 ], [ 89.201971052804879, 22.002747442761322 ], [ 89.244524302630282, 22.059676829368868 ], [ 89.209988543678406, 22.101003740768146 ], [ 89.194230108529879, 22.128868669099951 ], [ 89.21527258400711, 22.135878399886661 ], [ 89.209261686550931, 22.141126738795382 ], [ 89.227285392082507, 22.134130415965778 ], [ 89.220935629238568, 22.132538470922423 ], [ 89.209435616597062, 22.121725140693929 ], [ 89.216668297063222, 22.09943410082775 ], [ 89.236092094843386, 22.104446167462552 ], [ 89.253380043112898, 22.102800751457181 ], [ 89.264367302285478, 22.123794200564959 ], [ 89.26522343793259, 22.137786875031718 ], [ 89.293775049803273, 22.17045873125792 ], [ 89.311745233755062, 22.186435619713851 ], [ 89.303674258393301, 22.2118658673011 ], [ 89.248055866213406, 22.215361820237604 ], [ 89.235869166737771, 22.205190647964937 ], [ 89.239891259633737, 22.214550265805435 ], [ 89.235904858531342, 22.246646905267028 ], [ 89.245095027797362, 22.254740125685395 ], [ 89.244412825697907, 22.272643499613391 ], [ 89.257121246667296, 22.280701009509588 ], [ 89.246071602629314, 22.289735221124012 ], [ 89.266431855914718, 22.289953674768118 ], [ 89.270587754752142, 22.284116744636226 ], [ 89.251792631553926, 22.269571090178555 ], [ 89.251221855893775, 22.223134044726997 ], [ 89.2989387029304, 22.220280239354988 ], [ 89.306135681288339, 22.234469077620076 ], [ 89.287411892590086, 22.256091290578972 ], [ 89.313524404863571, 22.28042460233176 ], [ 89.282457840821507, 22.282921660391377 ], [ 89.273976654897695, 22.288317170153135 ], [ 89.268300229439788, 22.313743033213314 ], [ 89.253232914125519, 22.33119595552057 ], [ 89.26087138375371, 22.327914039157971 ], [ 89.281869238177677, 22.306345309364819 ], [ 89.284188020537385, 22.287679577956496 ], [ 89.3196601747904, 22.291915725625465 ], [ 89.323191751079605, 22.277445869219175 ], [ 89.295152914481847, 22.253656648644494 ], [ 89.314946845234601, 22.230215141521256 ], [ 89.308106637469379, 22.217448698251648 ], [ 89.327539395055823, 22.200263365404616 ], [ 89.321871889248158, 22.211067717791412 ], [ 89.330897089595609, 22.216993898511546 ], [ 89.336791990231958, 22.212824630296364 ], [ 89.332328468390614, 22.208851524691799 ], [ 89.330785634156726, 22.195978132042654 ], [ 89.323749130491848, 22.189142372092263 ], [ 89.332685183380676, 22.184723373196679 ], [ 89.331298398988267, 22.180398052946792 ], [ 89.326839260998753, 22.182467092510823 ], [ 89.287697279247169, 22.144471086998966 ], [ 89.281173671670359, 22.111237330129203 ], [ 89.272250965701701, 22.100419561096071 ], [ 89.266926811159394, 22.090560542192367 ], [ 89.295937698944314, 22.098988230985956 ], [ 89.308298318435291, 22.086266419623723 ], [ 89.312244628932504, 22.071631606174144 ], [ 89.324605308125072, 22.056992401169929 ], [ 89.300057964898969, 22.069723137720445 ], [ 89.28907071502681, 22.061290994624326 ], [ 89.34142946331302, 21.975671785836699 ], [ 89.349152644397222, 21.9745569750607 ], [ 89.341086139345236, 22.028989298189174 ], [ 89.383657162701624, 22.087376704837482 ], [ 89.362712779103262, 22.100740642189667 ], [ 89.345625520431483, 22.119482293098667 ], [ 89.34554970068254, 22.130161817326247 ], [ 89.339369403107881, 22.125707129145461 ], [ 89.344060334473809, 22.135686600221234 ], [ 89.353888218629677, 22.130045851018437 ], [ 89.350526008349391, 22.119187930199391 ], [ 89.372669917085858, 22.098511094132505 ], [ 89.383215683828396, 22.105297812310081 ], [ 89.390938837482992, 22.077620184640537 ], [ 89.378239385748415, 22.065848214030794 ], [ 89.381498943904759, 22.061554033112589 ], [ 89.353005323029208, 22.025274805532614 ], [ 89.365361489498852, 21.954763017164186 ], [ 89.384076302920533, 21.923553779872055 ], [ 89.389222139843838, 21.92116377124529 ], [ 89.3827029319513, 21.918934160139035 ], [ 89.378926045274142, 21.868599848141383 ], [ 89.348885055398114, 21.803746713693357 ], [ 89.351631899281657, 21.79960416428748 ], [ 89.360215695115301, 21.802952997287974 ], [ 89.359011681870228, 21.767882136601735 ], [ 89.361241261972495, 21.755129092973117 ], [ 89.36999891435579, 21.743646929204697 ], [ 89.371978740001168, 21.739049586319538 ], [ 89.399522665396631, 21.721003623477429 ], [ 89.425960637987984, 21.735834549112695 ], [ 89.4244133211144, 21.74269268955825 ], [ 89.446557264674553, 21.760390850787449 ], [ 89.443970945510188, 21.764466457116441 ], [ 89.449990780840992, 21.766129673784032 ], [ 89.458748402322271, 21.770593230518163 ], [ 89.474435511195566, 21.796366843821453 ], [ 89.473878137722465, 21.804094498038992 ], [ 89.474390944681872, 21.809744214346235 ], [ 89.465891889587155, 21.812446398838034 ], [ 89.460433976400552, 21.815487453968672 ], [ 89.462351396919033, 21.819683493341458 ], [ 89.456670499456663, 21.837029373020822 ], [ 89.447243904994423, 21.845341168323912 ], [ 89.439007987131049, 21.849483656560494 ], [ 89.453968241007217, 21.85395170542429 ], [ 89.46063459572018, 21.891541939059248 ], [ 89.469392327226643, 21.902368603241555 ], [ 89.449990780840992, 21.903965000080689 ], [ 89.445224001239154, 21.915251000965629 ], [ 89.455827677706495, 21.934380510117592 ], [ 89.426531389978976, 21.953871213932118 ], [ 89.420373407618925, 21.963141716057866 ], [ 89.422353267626022, 21.970204933634765 ], [ 89.448274023681435, 21.946959588384679 ], [ 89.462351396919033, 21.932628067073892 ], [ 89.451881429972161, 21.911447333064423 ], [ 89.504752946171635, 21.912245512584892 ], [ 89.509385997636912, 21.927375232438369 ], [ 89.504409583511176, 21.92801291302839 ], [ 89.509729317201717, 21.953166667067361 ], [ 89.503767526991254, 21.96652166844699 ], [ 89.498327428339934, 21.968037761970795 ], [ 89.479175574071334, 22.020022023626719 ], [ 89.469263010103006, 22.047494523415789 ], [ 89.481061735966492, 22.051686121179628 ], [ 89.511446086562628, 22.079212137575478 ], [ 89.508115148995927, 22.083252102145625 ], [ 89.503205664962536, 22.086685595131026 ], [ 89.495330904478152, 22.128021446586096 ], [ 89.480990426990417, 22.142085409481513 ], [ 89.469891705188076, 22.133474930778156 ], [ 89.469316525661966, 22.128409337502251 ], [ 89.458574538489771, 22.130580992157455 ], [ 89.458159787217639, 22.148288004657559 ], [ 89.455239091549871, 22.154963291007601 ], [ 89.463310072523072, 22.152898714666271 ], [ 89.477039680897974, 22.147489867657086 ], [ 89.470533804865681, 22.160599610078663 ], [ 89.456166626657648, 22.219259112128448 ], [ 89.457129780015677, 22.246192053095395 ], [ 89.419017820585438, 22.229987684685074 ], [ 89.410781849373976, 22.23300653822054 ], [ 89.409065137035327, 22.257950727634473 ], [ 89.424721056390823, 22.271814059813146 ], [ 89.420788119086183, 22.287501173770401 ], [ 89.417131606239892, 22.290832152392607 ], [ 89.409751845271927, 22.292896649075502 ], [ 89.407348350907355, 22.311954864749882 ], [ 89.417657782275072, 22.314492084166975 ], [ 89.411825333453052, 22.301788136094981 ], [ 89.433108563816944, 22.2803443300146 ], [ 89.41525433042068, 22.236814548980956 ], [ 89.465615416030573, 22.257955222499131 ], [ 89.477913636414399, 22.271131833007146 ], [ 89.440488408399304, 22.329737756076607 ], [ 89.421434693542068, 22.344662384635701 ], [ 89.421608575079247, 22.34990182117949 ], [ 89.437590019530958, 22.383425343834482 ], [ 89.42692827620796, 22.400062278417948 ], [ 89.418175068807571, 22.454646112569041 ], [ 89.418054684560431, 22.461602281992437 ], [ 89.436305757132416, 22.456683929749232 ], [ 89.436912235573303, 22.419878559300386 ], [ 89.440162895105615, 22.415972382220243 ], [ 89.452300575923786, 22.413600112752881 ], [ 89.455769742975789, 22.418152805407978 ], [ 89.456978129999356, 22.412115189294234 ], [ 89.456113093405207, 22.404824549406435 ], [ 89.452162328237407, 22.408788755270383 ], [ 89.438776077632184, 22.360853387213261 ], [ 89.440488408399304, 22.348787042822718 ], [ 89.472589492635237, 22.307660763568698 ], [ 89.479630412695428, 22.309092143548749 ], [ 89.481859969569939, 22.290667149555151 ], [ 89.493301981743102, 22.267747363416575 ], [ 89.478083089260778, 22.223464034734612 ], [ 89.523717509871929, 22.096112078140322 ], [ 89.530098512942118, 22.095327325405492 ], [ 89.534388162130895, 22.060965435103697 ], [ 89.511044783614011, 22.015616454242974 ], [ 89.531298013981967, 21.995724384995146 ], [ 89.546579341203454, 22.029622475364008 ], [ 89.583313419680223, 22.123794196742036 ], [ 89.540278605991332, 22.200446139752085 ], [ 89.575246859491571, 22.243962555287151 ], [ 89.580223285302523, 22.240150007887991 ], [ 89.582907595800549, 22.280964163059465 ], [ 89.624511072262493, 22.344185235996964 ], [ 89.607517427318982, 22.404186960888499 ], [ 89.587603045475902, 22.435926845696869 ], [ 89.587531712538222, 22.44080064819768 ], [ 89.582970091368026, 22.438941157514215 ], [ 89.583130608873205, 22.447707738446386 ], [ 89.601586839850754, 22.443039088069423 ], [ 89.612560634393063, 22.43038416592276 ], [ 89.6174612124221, 22.41885293751988 ], [ 89.624105241902512, 22.411544497128869 ], [ 89.623877862996935, 22.406915885845997 ], [ 89.633705681096288, 22.355814640330376 ], [ 89.640117883753518, 22.358160115661164 ], [ 89.639948478446854, 22.352764576466448 ], [ 89.61299762823792, 22.296232143169512 ], [ 89.595486768279486, 22.26970490785812 ], [ 89.595143402236218, 22.235231605518202 ], [ 89.568366521708526, 22.212186988530526 ], [ 89.553428498463134, 22.205195117013432 ], [ 89.582773830501552, 22.160822583263858 ], [ 89.606817318076182, 22.126978003253157 ], [ 89.598407487316351, 22.084835001443302 ], [ 89.567679817662238, 22.037265391813335 ], [ 89.547667348077198, 21.956988109850606 ], [ 89.545437819563517, 21.886284651504333 ], [ 89.550757512959123, 21.88612413865761 ], [ 89.549040792518966, 21.880866867008201 ], [ 89.561227453624014, 21.859681663775902 ], [ 89.556763899949217, 21.851713229268292 ], [ 89.616159131548372, 21.799764703285593 ], [ 89.61324289169076, 21.763418531352251 ], [ 89.618562569170138, 21.76405624758862 ], [ 89.623369506536619, 21.760867966175525 ], [ 89.637674326338256, 21.758589385776801 ], [ 89.648434145971095, 21.765014944625701 ], [ 89.653753796705232, 21.763258044689902 ], [ 89.648451951614376, 21.760475533486375 ], [ 89.659247431829826, 21.752096916691062 ], [ 89.680878541929488, 21.760069820336959 ], [ 89.684075681366892, 21.76555895320114 ], [ 89.700614510741602, 21.777995339147118 ], [ 89.698558851190782, 21.78462163575638 ], [ 89.692035221774148, 21.798328904615591 ], [ 89.635654359162515, 21.852529275446557 ], [ 89.624742901603312, 21.870352283736789 ], [ 89.630753750962512, 21.890422735866725 ], [ 89.646200119791445, 21.909503201205649 ], [ 89.618562569170138, 21.946482516289219 ], [ 89.632907565659892, 21.948605016107678 ], [ 89.632564167049409, 21.941443701995627 ], [ 89.655399268991204, 21.904335119663433 ], [ 89.671706182437092, 21.911184221541259 ], [ 89.685266265510151, 21.965803779805679 ], [ 89.677494105770805, 21.991341049108097 ], [ 89.698483058822475, 22.032966810775939 ], [ 89.67324901394781, 22.04935845984064 ], [ 89.68097660701288, 22.065696569400668 ], [ 89.70519402147788, 22.075823197857595 ], [ 89.708440213976289, 22.092147977155982 ], [ 89.711704271922983, 22.076563370199874 ], [ 89.702603311659146, 22.063832699882909 ], [ 89.67908599516069, 22.051904533703791 ], [ 89.705867355641104, 22.031374861784805 ], [ 89.698139732611011, 22.009097236093673 ], [ 89.687402239581743, 21.984532028712874 ], [ 89.693921406995401, 21.944413499200273 ], [ 89.675384926585423, 21.900139110840509 ], [ 89.661048925552905, 21.883127607323651 ], [ 89.670060749002218, 21.860635894327697 ], [ 89.668174561394537, 21.842790607782295 ], [ 89.675211010011267, 21.837056205456001 ], [ 89.688775616681482, 21.844542986619143 ], [ 89.701105016472525, 21.845158340768702 ], [ 89.705252021012484, 21.835303760156847 ], [ 89.742333853232225, 21.837849931505062 ], [ 89.73700525639029, 21.870414702419037 ], [ 89.723106260796811, 21.891541893263856 ], [ 89.711454606289422, 21.902667392607654 ], [ 89.727913134551727, 21.929127666465337 ], [ 89.711606212226329, 21.956604660730253 ], [ 89.712417777825578, 21.963966677224267 ], [ 89.72165705302794, 21.976211301428513 ], [ 89.730758013335262, 21.968506028008719 ], [ 89.716408625847549, 21.96113069588942 ], [ 89.723619056622283, 21.941546328126446 ], [ 89.729799306788053, 21.944730120972533 ], [ 89.732546112506398, 21.920365589121214 ], [ 89.716925881667422, 21.90459814165375 ], [ 89.737870304876068, 21.883734023278791 ], [ 89.757093477083743, 21.852029831761755 ], [ 89.775460566105011, 21.857608197297488 ], [ 89.770653619821971, 21.835936948246403 ], [ 89.776807157325194, 21.832463276373929 ], [ 89.787308351529163, 21.838648094151981 ], [ 89.836554685958887, 21.850999755916753 ], [ 89.837638225425323, 21.871043455094227 ], [ 89.839493211661093, 21.883573547964616 ], [ 89.846297804766408, 21.885058383474352 ], [ 89.85007464055154, 21.873750127293665 ], [ 89.875830415574498, 21.897985305921029 ], [ 89.852134797947215, 22.037416988622844 ], [ 89.833250506970401, 22.050624784641883 ], [ 89.826557397138387, 22.046807803334325 ], [ 89.817175390532299, 22.051530035358411 ], [ 89.800106015452499, 22.072264856225022 ], [ 89.834441035718726, 22.118550275815526 ], [ 89.827056822654583, 22.127299076715875 ], [ 89.811093244732191, 22.139222677736612 ], [ 89.811953785444913, 22.145264733124606 ], [ 89.840790856055762, 22.125390528676508 ], [ 89.837531194655327, 22.104397140581987 ], [ 89.8095503580615, 22.072108772490182 ], [ 89.844054886050813, 22.063676567170983 ], [ 89.88147567504943, 22.112347670614703 ], [ 89.882786610187239, 22.120819977356017 ], [ 89.880271679331486, 22.125867692704009 ], [ 89.884779868373087, 22.13885704686804 ], [ 89.878180405677597, 22.172607966156161 ], [ 89.873435882153473, 22.177067071762345 ], [ 89.87536666746287, 22.19040874607267 ], [ 89.869115052749649, 22.196455260738439 ], [ 89.840835436579141, 22.217769781359245 ], [ 89.881016348340225, 22.22349520807564 ], [ 89.906602689854665, 22.156894153396653 ], [ 89.911235732185915, 22.11465748759089 ], [ 89.903806861945739, 22.068742153402809 ], [ 89.924876087999692, 22.014140441646209 ], [ 89.936822010339156, 21.985009176809893 ], [ 89.940429432713046, 21.953804393768991 ], [ 89.962056090255999, 21.945367717578829 ], [ 89.967906449757123, 21.946433494363454 ], [ 89.973729999922497, 21.947998578573429 ], [ 89.984405097140893, 21.957451934024842 ], [ 89.985060559047028, 21.963837371797396 ], [ 89.986951221487132, 21.968452531296062 ], [ 90.033125218912573, 21.9838943804161 ], [ 90.061061468665585, 21.973312920363089 ], [ 90.064900795645613, 21.964002324770835 ], [ 90.032706082361003, 21.94980010095194 ], [ 90.027948214373311, 21.937354739665469 ], [ 90.035096133684391, 21.918448147903344 ], [ 90.028322798488034, 21.912669129486726 ], [ 90.029535647397211, 21.907287047478828 ], [ 90.037887576020282, 21.896634208224608 ], [ 90.056183225530717, 21.891689062154246 ], [ 90.088444859210227, 21.904740866534372 ], [ 90.101313797902705, 21.895318752003764 ], [ 90.119065511733467, 21.903608274165418 ], [ 90.115587361235995, 21.891586478602083 ], [ 90.11429422330545, 21.887189800621183 ], [ 90.100127711790122, 21.865331374956309 ], [ 90.098165653070822, 21.856729744757697 ], [ 90.095013058355349, 21.852636271477145 ], [ 90.093724391331222, 21.848239571460081 ], [ 90.090772488062896, 21.844328933193136 ], [ 90.086612179726799, 21.838853232200449 ], [ 90.125883417371455, 21.810858993633786 ], [ 90.163544988335872, 21.800959778697205 ], [ 90.168730978246955, 21.803621836330471 ], [ 90.204595524777801, 21.815170859261851 ], [ 90.18777574446527, 21.799443658424188 ], [ 90.215475729489214, 21.808018548777028 ], [ 90.245775327263331, 21.837216698936032 ], [ 90.239345281154101, 21.841867504858406 ], [ 90.24272974899462, 21.845140498733443 ], [ 90.261970742046302, 21.862183204320512 ], [ 90.264467863086338, 21.868399156475586 ], [ 90.261065531316461, 21.873357681132283 ], [ 90.267776495844018, 21.875658649838041 ], [ 90.302307786304411, 21.959329153143329 ], [ 90.337169041593555, 22.053808627534803 ], [ 90.377938629181656, 22.088299779789548 ], [ 90.378281978914899, 22.124712822498232 ], [ 90.388586955687003, 22.135811514064383 ], [ 90.398334520650479, 22.130433816808189 ], [ 90.388818791776529, 22.122309345801735 ], [ 90.393295738408639, 22.089057794201935 ], [ 90.398851790290294, 22.087345468766831 ], [ 90.393384933232667, 22.069379806206086 ], [ 90.422743664330071, 22.071386364338213 ], [ 90.425205083551589, 22.080304563136902 ], [ 90.441155305116354, 22.08363996920064 ], [ 90.497339918827848, 22.153853018490693 ], [ 90.499823641379621, 22.169718531032824 ], [ 90.515961138396491, 22.175002518171887 ], [ 90.523809199248163, 22.188094423753316 ], [ 90.526043184813318, 22.194689427087965 ], [ 90.555424208235593, 22.234669759680401 ], [ 90.595221656975525, 22.269575628490571 ], [ 90.661488341298977, 22.241465404877111 ], [ 90.632334734733433, 22.191639449367209 ], [ 90.626511169185406, 22.184607403482421 ], [ 90.619907260526588, 22.117350797135018 ], [ 90.628049601405834, 22.117596023773444 ], [ 90.598557055209227, 22.040868299733322 ], [ 90.602494453409108, 22.028320433738546 ], [ 90.607154200536982, 22.030059398228826 ], [ 90.606958010244085, 22.025555744347372 ], [ 90.616215121577824, 22.016552833453247 ], [ 90.626667258186004, 22.018635180468049 ], [ 90.622390972137097, 22.001846725998298 ], [ 90.6491277102526, 21.995412247248591 ], [ 90.662821665885076, 22.001935907239339 ], [ 90.685665610327064, 22.005199923643911 ], [ 90.721797711356658, 22.040832611295212 ], [ 90.736735696856883, 22.047472200209754 ], [ 90.740378816597257, 22.051944738576484 ], [ 90.744842341691708, 22.055119544412563 ], [ 90.747687288685796, 22.061906381436795 ], [ 90.753787334481842, 22.060443733240184 ], [ 90.759111439840453, 22.063993219286303 ], [ 90.786980835557443, 22.100401758394714 ], [ 90.790873625152855, 22.107656708651565 ], [ 90.796884490022734, 22.111727907439114 ], [ 90.805940981947089, 22.115580572653752 ], [ 90.824361460658253, 22.16575431724117 ], [ 90.828468330163403, 22.195144280954068 ], [ 90.829538545678886, 22.206483779549487 ], [ 90.843290366395721, 22.301110383292119 ], [ 90.842496643545715, 22.370583189734049 ], [ 90.86421693864186, 22.415909924120111 ], [ 90.866714042175261, 22.43551207862081 ], [ 91.041809546171677, 22.533188759402641 ], [ 91.076086671453112, 22.52743650794449 ], [ 91.084679343363916, 22.527280411916809 ], [ 91.096402319528352, 22.520729964200946 ], [ 91.092866248124025, 22.516056864720237 ], [ 91.090708055839158, 22.511909881726439 ], [ 91.089116156604192, 22.506746254211571 ], [ 91.097811434928218, 22.508908915036201 ], [ 91.098810212017398, 22.496695435970857 ], [ 91.106974887128487, 22.487139580052126 ], [ 91.099889322010753, 22.478560299681092 ], [ 91.105846727639332, 22.478373016707597 ], [ 91.149684138166378, 22.513885259672019 ], [ 91.15342087600996, 22.534633490825968 ], [ 91.148939481644845, 22.537224256303666 ], [ 91.154459805197106, 22.540064640172915 ], [ 91.167734539651335, 22.521171443265047 ], [ 91.232141856913017, 22.553807618987356 ], [ 91.236975460112674, 22.555016020424169 ], [ 91.250410743699092, 22.555551166011835 ], [ 91.24979539125674, 22.560304503361611 ], [ 91.256417198104543, 22.562435979194365 ], [ 91.25680065078501, 22.576080852433808 ], [ 91.26036796364248, 22.580366039578642 ], [ 91.263480395656558, 22.584905351931486 ], [ 91.269411021071775, 22.587157253394938 ], [ 91.266592837916576, 22.590858306000463 ], [ 91.265821424794538, 22.597283886051169 ], [ 91.257607726231839, 22.600026211653784 ], [ 91.260952045638362, 22.609586528595997 ], [ 91.254802961647428, 22.61363980992321 ], [ 91.250963709755595, 22.621447734719951 ], [ 91.267993020111817, 22.645183505509145 ], [ 91.260541829062205, 22.675215515195394 ], [ 91.237448188575726, 22.681266587979543 ], [ 91.243650803224867, 22.684040127173215 ], [ 91.227156579029398, 22.704962257967924 ], [ 91.222162357864633, 22.705033547942282 ], [ 91.20837929072286, 22.708935258543974 ], [ 91.212989985991868, 22.717157902587847 ], [ 91.221225980164192, 22.712056616360357 ], [ 91.228494258085959, 22.719387444919985 ], [ 91.258611067517634, 22.696427465974441 ], [ 91.296575821489327, 22.744322738429069 ], [ 91.285147144861128, 22.748607924173498 ], [ 91.290083395958163, 22.753263227130045 ], [ 91.30875361745629, 22.747024923224838 ], [ 91.385682082927289, 22.753740299520675 ], [ 91.387621758718353, 22.765601503630432 ], [ 91.331040197178325, 22.785609495481328 ], [ 91.330531923616093, 22.815717348435626 ], [ 91.332663315723295, 22.823204170509296 ], [ 91.333425877157936, 22.80622844684795 ], [ 91.336083476027795, 22.792868898542235 ], [ 91.367493407602666, 22.777752631686223 ], [ 91.386292939780219, 22.784249482700293 ], [ 91.402791610062366, 22.773734916759665 ], [ 91.411562648616012, 22.759407879470039 ], [ 91.418545629235737, 22.755742423626259 ], [ 91.429795946396723, 22.766921389010037 ], [ 91.419169930061017, 22.797961267194779 ], [ 91.408668731449453, 22.805452548405057 ], [ 91.422804042505661, 22.83184590152343 ], [ 91.432034438752339, 22.837856776107095 ], [ 91.421015986174098, 22.806090129588942 ], [ 91.43967730944108, 22.800868549365109 ], [ 91.456006547093267, 22.780949726187583 ], [ 91.458285144818063, 22.775821759649332 ], [ 91.459948398862508, 22.763483483318456 ], [ 91.464964889064774, 22.76173103739707 ], [ 91.460438896728405, 22.756794796676409 ], [ 91.467564550965534, 22.740135604223671 ], [ 91.473807263633674, 22.752808366454413 ], [ 91.499545183946736, 22.733745712796168 ], [ 91.501413551820121, 22.727841878712251 ], [ 91.524471565416022, 22.712226112414807 ], [ 91.538424076338245, 22.705020158573504 ], [ 91.547449294192134, 22.690813480312173 ], [ 91.567747182293644, 22.672852258801878 ], [ 91.578382140016018, 22.650164297544769 ], [ 91.583229113013971, 22.650851012885443 ], [ 91.587023832086103, 22.645995077631838 ], [ 91.588464122433507, 22.640603995698061 ], [ 91.592379253464841, 22.637549516851799 ], [ 91.598577402989974, 22.627819771012721 ], [ 91.595304420294312, 22.622384114807922 ], [ 91.61151324482023, 22.609782693143927 ], [ 91.616128427704027, 22.605836445090599 ], [ 91.617158467553722, 22.599923636861153 ], [ 91.624529315330705, 22.59767180543664 ], [ 91.627860282340322, 22.583152973131096 ], [ 91.632979314903722, 22.583844139626908 ], [ 91.635378359574119, 22.579487610033848 ], [ 91.708819753060524, 22.491799345988596 ], [ 91.709559952783053, 22.486912218607319 ], [ 91.730597992178957, 22.445054631137623 ], [ 91.744184890276216, 22.412471948312486 ], [ 91.743128066993052, 22.404672957075352 ], [ 91.748313964507332, 22.39950485745198 ], [ 91.749317293115027, 22.379947300742998 ], [ 91.755876630721687, 22.372076992534023 ], [ 91.756313608344271, 22.340791918067328 ], [ 91.768188180254825, 22.284928266258284 ], [ 91.77532722596834, 22.259502504267598 ], [ 91.799749740193135, 22.225929945402022 ], [ 91.815806978155734, 22.233265128802898 ], [ 91.816261737104, 22.185503666253179 ], [ 91.840586163990352, 22.118229200319785 ], [ 91.851533232872214, 22.114314145809125 ], [ 91.862725617285619, 22.113747840228761 ], [ 91.871126523433205, 22.065152600143673 ], [ 91.881444895313663, 22.017078971394785 ], [ 91.880914300630053, 21.99699524391302 ], [ 91.875670375713355, 21.996700871763007 ], [ 91.875888903560565, 21.986404853661035 ], [ 91.880740367080392, 21.984121740348701 ], [ 91.88414713154549, 21.975257100380343 ], [ 91.884735723308083, 21.970628564828495 ], [ 91.885047864138826, 21.96574137969694 ], [ 91.888294110905321, 21.956751806502911 ], [ 91.893885794254118, 21.947262895994136 ], [ 91.903842965464037, 21.944498182415703 ], [ 91.917033006152849, 21.860653752918004 ], [ 91.920355046273443, 21.855784351400899 ], [ 91.899798555258485, 21.795635586872944 ], [ 91.89537963268134, 21.785722955149293 ], [ 91.899178761622579, 21.775837154210649 ], [ 91.893983926439844, 21.769879795034441 ], [ 91.900904398438726, 21.766321469270284 ], [ 91.885667682560637, 21.758366418113408 ], [ 91.871144397035323, 21.712183545589355 ], [ 91.866769975042246, 21.7093653799644 ], [ 91.854890983927376, 21.677059125031086 ], [ 91.871750837763358, 21.651941011636247 ], [ 91.876843094953287, 21.652748151069776 ], [ 91.875911173500953, 21.648235576649501 ], [ 91.886925151080561, 21.648699259670227 ], [ 91.88191314689459, 21.655615331959083 ], [ 91.877966834344406, 21.684938419831671 ], [ 91.882501708799879, 21.686771103212941 ], [ 91.889413299760719, 21.665447687813966 ], [ 91.895821057916621, 21.637685274488568 ], [ 91.885547294069255, 21.630666633998455 ], [ 91.887152525842481, 21.618961514806564 ], [ 91.879995700888756, 21.600763919700771 ], [ 91.882644436805734, 21.596402990029738 ], [ 91.88494081224907, 21.584448056286956 ], [ 91.894077513602582, 21.577429440766124 ], [ 91.900405018014922, 21.577728242847467 ], [ 91.895495502651983, 21.572029481515521 ], [ 91.893355198726226, 21.545497857683536 ], [ 91.898460834327977, 21.543856896140667 ], [ 91.904003500482119, 21.538617414906515 ], [ 91.892623880014057, 21.53313723253445 ], [ 91.895321660553122, 21.522083075494663 ], [ 91.941633835334414, 21.510150529239755 ], [ 91.936158044348389, 21.50638261671882 ], [ 91.932608622571877, 21.503016025317326 ], [ 91.939484580756485, 21.503056157314326 ], [ 91.94387233674253, 21.50514742475751 ], [ 91.955965439784848, 21.506636749575289 ], [ 91.965958252838433, 21.507689113824888 ], [ 91.972508642193205, 21.521030746149414 ], [ 91.983620788900794, 21.585206144336002 ], [ 91.989943791387944, 21.606360102674799 ], [ 91.978787059780146, 21.648833073964372 ], [ 91.961762260972577, 21.666615990770008 ], [ 91.980891784548291, 21.654723548127837 ], [ 91.984726638924997, 21.648333661608454 ], [ 91.990144440367047, 21.656823795138834 ], [ 91.995214432310021, 21.660199344085864 ], [ 92.010794550283094, 21.657332058740181 ], [ 92.005296467532744, 21.65588730849576 ], [ 91.99488000455834, 21.648868708828889 ], [ 91.993671589762414, 21.64448544691281 ], [ 91.995629147130686, 21.639776578783106 ], [ 92.011717513124694, 21.602757136391215 ], [ 92.019008203132032, 21.603185273222039 ], [ 92.015320493936002, 21.599430704125286 ], [ 92.014821091895783, 21.591573767248033 ], [ 92.010402106370449, 21.593865694989443 ], [ 91.994951326031511, 21.578838501682629 ], [ 92.005461404603636, 21.510930854156939 ], [ 91.974528642208469, 21.468774563812193 ], [ 91.967460947999285, 21.476586857868369 ], [ 91.948184283104325, 21.459856362948518 ], [ 92.023297864034532, 21.352944915050806 ], [ 92.025112715696935, 21.348066670538508 ], [ 92.033776746719525, 21.326230504078215 ], [ 92.037736369842904, 21.309259132854141 ], [ 92.042833171127, 21.3073550860293 ], [ 92.041499874089737, 21.30104101751288 ], [ 92.042766258611564, 21.296153801214384 ], [ 92.046088305929189, 21.249569603194967 ], [ 92.045321341331871, 21.240811901466991 ], [ 92.044813004646713, 21.234372991069378 ], [ 92.047073760408651, 21.2248572370457 ], [ 92.052335468920518, 21.174678971959779 ], [ 92.080677543811248, 21.141877897358054 ], [ 92.085265963198452, 21.131858270592794 ], [ 92.127105742516193, 21.087017564897135 ], [ 92.135060768080777, 21.087186943690785 ], [ 92.1277522407579, 21.082192812646152 ], [ 92.148531657543288, 21.058804820595693 ], [ 92.152946181201813, 21.053676830117411 ], [ 92.188583324144332, 21.007244238805917 ], [ 92.201978487089335, 20.964044488845307 ], [ 92.202963921313327, 20.959157271802226 ], [ 92.221656506801452, 20.921905954230876 ], [ 92.223328674800129, 20.917023201617724 ], [ 92.293175988072107, 20.80762806197049 ], [ 92.298094361443717, 20.810481921714231 ], [ 92.29992710253039, 20.798255028985277 ], [ 92.305411781985157, 20.79712246595205 ], [ 92.311922083338203, 20.780668348268087 ], [ 92.311409299471123, 20.77268216071564 ], [ 92.328126411812093, 20.750859310903799 ], [ 92.334899795646834, 20.754234782124247 ], [ 92.334413766934773, 20.758983733300678 ], [ 92.329348210068048, 20.802366342947483 ], [ 92.296894905311163, 20.891075740439426 ], [ 92.2707378295936, 20.917745642032614 ], [ 92.252326154084798, 21.042150025602162 ], [ 92.254965968875155, 21.061515911850961 ], [ 92.221594055974521, 21.096992516412179 ], [ 92.195543982264752, 21.12805460634214 ], [ 92.198036590324833, 21.154568466311218 ], [ 92.190884196541489, 21.162590424723515 ], [ 92.174840393217394, 21.164039616237751 ], [ 92.173939628190183, 21.177809281629159 ], [ 92.208925754575645, 21.208059848880286 ], [ 92.221701093141746, 21.230448954013386 ], [ 92.216564195570882, 21.243879768718184 ], [ 92.224331915222308, 21.252178142433948 ], [ 92.200364279193735, 21.319742446087158 ], [ 92.220118079828211, 21.343317727460537 ], [ 92.26147181902472, 21.359780778638008 ], [ 92.255153234515134, 21.369260760122362 ], [ 92.267589690620198, 21.39385273067731 ], [ 92.271745577793325, 21.399551507133161 ], [ 92.271219420880527, 21.411408195493568 ], [ 92.272209295265469, 21.423189189647392 ], [ 92.293251844476842, 21.428303721697759 ], [ 92.298607220743648, 21.419715524508604 ], [ 92.327194454351059, 21.415225207442361 ], [ 92.332331404409672, 21.423389797717675 ], [ 92.330092936970303, 21.428584668381447 ], [ 92.339176078431592, 21.434060455889814 ], [ 92.348000669195784, 21.466852672034758 ], [ 92.381452812178907, 21.47976174314185 ], [ 92.414641939943039, 21.442884973834992 ], [ 92.425575614843211, 21.43313741195151 ], [ 92.433071395337663, 21.373033181763066 ], [ 92.44174432951624, 21.364070447926718 ], [ 92.471259147335843, 21.361105123404826 ], [ 92.479044694978441, 21.351874720695566 ], [ 92.503543011352406, 21.350166923572338 ], [ 92.509995335248746, 21.377032988022648 ], [ 92.529222977687184, 21.368471495622099 ], [ 92.554510506017436, 21.384145266367884 ], [ 92.563861275457313, 21.371632996289378 ], [ 92.583748853530722, 21.292742624119445 ], [ 92.60011380534192, 21.242158566270724 ], [ 92.626422450607961, 21.247964298266417 ], [ 92.636036281806511, 21.267718118183019 ], [ 92.680466760553742, 21.290303512416159 ], [ 92.65994153475215, 21.335211064742932 ], [ 92.625731302383343, 21.479213354827081 ], [ 92.608269487761959, 21.608928545765554 ], [ 92.604398972653684, 21.669581286186784 ], [ 92.603306469910834, 21.696697039108312 ], [ 92.613357266731583, 21.816785109682112 ], [ 92.623042456963262, 21.82756276701414 ], [ 92.617593456773307, 21.848623094296276 ], [ 92.633695235587311, 21.873803589730873 ], [ 92.607181435824799, 21.967988758138386 ], [ 92.594802946832786, 22.032578847408033 ], [ 92.589180043483594, 22.076157659703654 ], [ 92.564400858639303, 22.129310124484945 ], [ 92.584279513395259, 22.137305246003674 ], [ 92.596559846327608, 22.123499915657046 ], [ 92.606481338496252, 22.131958785178057 ], [ 92.605437911006831, 22.167979451193251 ], [ 92.594678159245191, 22.189797834771408 ], [ 92.585644019511491, 22.256595163234422 ], [ 92.577470444022111, 22.282252854856139 ], [ 92.574951027506543, 22.335806626178314 ], [ 92.544361619761403, 22.478836781746434 ], [ 92.545757306566273, 22.515949877879226 ], [ 92.525936648408958, 22.560523008971003 ], [ 92.536558175235584, 22.574007321043883 ], [ 92.523858651175132, 22.617938427205434 ], [ 92.527519634020905, 22.632020223901421 ], [ 92.514026361415517, 22.719008391219102 ], [ 92.501474026480892, 22.735128035720905 ], [ 92.476618948331307, 22.74349773339733 ], [ 92.451268953724366, 22.837789895199673 ], [ 92.460989850571124, 22.84513403338541 ], [ 92.436674341757026, 22.887615920858309 ], [ 92.408769303965755, 22.911761915757946 ], [ 92.395311707219903, 22.915859909213246 ], [ 92.387878374516916, 22.925406806368638 ], [ 92.375990460760661, 22.927417831843915 ], [ 92.37920101299747, 22.980151205454373 ], [ 92.388030026217692, 23.05131843549248 ], [ 92.370982868170699, 23.089385800047474 ], [ 92.359019089626429, 23.105576782797606 ], [ 92.360963230402902, 23.127359513304182 ], [ 92.353284725510875, 23.205572111388264 ], [ 92.352227895406273, 23.240090033760691 ], [ 92.363759122518928, 23.245601492906946 ], [ 92.370510160972998, 23.263241690797777 ], [ 92.385622115734236, 23.265261681956826 ], [ 92.375281437084084, 23.317388539249805 ], [ 92.366951797427006, 23.323189789755826 ], [ 92.376547805977921, 23.348370367523689 ], [ 92.353739488413652, 23.378219563276378 ], [ 92.351701710186063, 23.403627595908336 ], [ 92.336019058439916, 23.426458173419388 ], [ 92.33176955755556, 23.423617731828532 ], [ 92.299931538793345, 23.583761827638156 ], [ 92.282371616398265, 23.595310894151496 ], [ 92.285390441717269, 23.625628365313236 ], [ 92.273190323950061, 23.626529118446133 ], [ 92.287017983248631, 23.699060869553477 ], [ 92.258733890433376, 23.721084299939534 ], [ 92.242471549240065, 23.71792728719182 ], [ 92.22076914269536, 23.651821151054385 ], [ 92.209023831943753, 23.654099699549029 ], [ 92.211458500187831, 23.696331827869429 ], [ 92.194143798028932, 23.716821390230212 ], [ 92.166470638846747, 23.734466091212951 ], [ 92.135738546849183, 23.717410029011123 ], [ 92.097920865101884, 23.67762151132181 ], [ 92.084570314229808, 23.674121075675544 ], [ 92.074051290083347, 23.645208235181261 ], [ 92.029718967272871, 23.6394292523761 ], [ 91.983437939168468, 23.70662792350041 ], [ 91.973668035259536, 23.726448658034887 ], [ 91.951033631395561, 23.722497910623147 ], [ 91.938280584357528, 23.667022230516903 ], [ 91.961204880100809, 23.5181417486118 ], [ 91.966551294122169, 23.487150992221061 ], [ 91.940349670391257, 23.453787972645166 ], [ 91.935761188854613, 23.429811396326848 ], [ 91.897154302226539, 23.432955056609998 ], [ 91.842129025109102, 23.399899764022539 ], [ 91.816422324520389, 23.352388046015665 ], [ 91.775969349969955, 23.281301062453348 ], [ 91.77170197735127, 23.246239147659306 ], [ 91.788789281901956, 23.208153915257952 ], [ 91.808302277839829, 23.140473702765931 ], [ 91.814950803484351, 23.09801859822656 ], [ 91.828310253621183, 23.094290824634939 ], [ 91.802661546797438, 23.06181073491781 ], [ 91.783710358298265, 23.068387870267333 ], [ 91.774537978511162, 23.058738378583385 ], [ 91.779220019980045, 23.029838914192574 ], [ 91.752157707194925, 23.017857371498636 ], [ 91.705698379881824, 22.981930361466272 ], [ 91.652951685097946, 22.971821627413753 ], [ 91.642450497927513, 22.975241708664978 ], [ 91.625309694927296, 22.949820369916097 ], [ 91.616882001022887, 22.929348674013635 ], [ 91.613760584287803, 22.946788162714562 ], [ 91.60348682497326, 22.954127884994843 ], [ 91.611687143672597, 22.957391960574096 ], [ 91.599228388076966, 22.970769238056597 ], [ 91.574533890650557, 22.963728280322748 ], [ 91.557161213019867, 22.976641836514396 ], [ 91.552002092609627, 22.99190982794315 ], [ 91.543699236722645, 22.9996017961973 ], [ 91.538178859571303, 23.03918968341949 ], [ 91.522371323226906, 23.050841333369092 ], [ 91.525412452332247, 23.091771387464085 ], [ 91.506697598671934, 23.12788568874694 ], [ 91.506216022220187, 23.141356564248536 ], [ 91.490511078853544, 23.172347353714979 ], [ 91.495656895266251, 23.183124973605139 ], [ 91.472166344462963, 23.194241565371716 ], [ 91.480099083590389, 23.205059295512001 ], [ 91.470302427713435, 23.217143459133677 ], [ 91.453643248383585, 23.218178021160671 ], [ 91.461321792347434, 23.230819554436586 ], [ 91.419535553062872, 23.259241857014043 ], [ 91.391688450723947, 23.258118147472953 ], [ 91.394653762544834, 23.242239342188295 ], [ 91.382302020105783, 23.19190051644788 ], [ 91.387251623523312, 23.135278847313892 ], [ 91.408071183291028, 23.067669961263025 ], [ 91.403728049139829, 23.0551710566426 ], [ 91.371470933568617, 23.06442816545978 ], [ 91.346531168728205, 23.093840388573064 ], [ 91.323210035973048, 23.173190108003613 ], [ 91.319772095389354, 23.247309340995354 ], [ 91.297690618329767, 23.295588000999054 ], [ 91.307299964101162, 23.301300131807963 ], [ 91.289151453965772, 23.324505306864896 ], [ 91.313738949993976, 23.353386846768299 ], [ 91.289468050362885, 23.351679052546128 ], [ 91.284371277342984, 23.369631325685479 ], [ 91.287069059899665, 23.374451661975801 ], [ 91.274030632796951, 23.381608513052495 ], [ 91.260706810976714, 23.423104921216126 ], [ 91.262272005407937, 23.429570604048898 ], [ 91.249808750834632, 23.442658076238235 ], [ 91.238170500366436, 23.484850111820847 ], [ 91.230879927163031, 23.49544040267795 ], [ 91.218349858055277, 23.496439250643299 ], [ 91.198738667966509, 23.522400189132807 ], [ 91.207300154405274, 23.541828447770861 ], [ 91.195305180537247, 23.549386666266315 ], [ 91.175328457932025, 23.583249052177891 ], [ 91.157621352931159, 23.610199881869974 ], [ 91.150941568037652, 23.641150459836457 ], [ 91.163538537838704, 23.666999852451546 ], [ 91.181290219858113, 23.64581024365858 ], [ 91.197088822785076, 23.649221484646411 ], [ 91.196277267124216, 23.687556345689309 ], [ 91.155579030272406, 23.690401239345178 ], [ 91.154187803328753, 23.722756490368987 ], [ 91.168037765813665, 23.74531066585638 ], [ 91.199590375430731, 23.747990584783008 ], [ 91.213311069052551, 23.739179344580062 ], [ 91.227522230052315, 23.776341555956549 ], [ 91.231539832661824, 23.809588572772999 ], [ 91.245421018781229, 23.831942019843741 ], [ 91.22814649997629, 23.886222669373602 ], [ 91.2418091801419, 23.919438500624064 ], [ 91.267921640313958, 23.929979836548654 ], [ 91.262169429310006, 23.958214860243395 ], [ 91.286311009688703, 23.969750590377295 ], [ 91.302644656055236, 23.987640449694034 ], [ 91.370708422188073, 23.980867073725921 ], [ 91.370503257586108, 24.008763278178115 ], [ 91.395670457015186, 24.044248797363544 ], [ 91.376598844081158, 24.09558195066365 ], [ 91.398078344163011, 24.109521049346686 ], [ 91.462458857219673, 24.095131610619323 ], [ 91.508293981016337, 24.083850063375959 ], [ 91.547168396271786, 24.071458198872499 ], [ 91.591438378981522, 24.076430088484923 ], [ 91.637862058106265, 24.105298355067369 ], [ 91.642450497927513, 24.169210576913812 ], [ 91.650998551409955, 24.198172511213269 ], [ 91.652117824500436, 24.226960436285843 ], [ 91.658842149168052, 24.228271389518017 ], [ 91.692249733604285, 24.159931266906749 ], [ 91.741219582747817, 24.134550056968035 ], [ 91.757941152671989, 24.144351155607144 ], [ 91.744019889899249, 24.231629129604027 ], [ 91.757388281435752, 24.236297796046632 ], [ 91.81684146119369, 24.21174153644191 ], [ 91.842048721463414, 24.22453021984149 ], [ 91.84348460853937, 24.210555390561769 ], [ 91.83803112186726, 24.195251766411911 ], [ 91.861980958090896, 24.178119859333126 ], [ 91.886118024853488, 24.142308837046965 ], [ 91.906099303716616, 24.145158203546362 ], [ 91.933330983474733, 24.279448535763954 ], [ 91.9202836957177, 24.324382842506768 ], [ 91.958021025766158, 24.352015888338716 ], [ 91.993609157260394, 24.31950011732917 ], [ 91.985591641761388, 24.349398413508741 ], [ 91.963898119244462, 24.375060546467392 ], [ 92.023997938874004, 24.382632143655162 ], [ 92.105630685648691, 24.374578958955976 ], [ 92.137589061607343, 24.398849814583791 ], [ 92.143189693402064, 24.436573883468753 ], [ 92.132233641239111, 24.473794008573616 ], [ 92.133821134418071, 24.523080454235004 ], [ 92.186995921927831, 24.561486652309583 ], [ 92.213375920107794, 24.644599804474634 ], [ 92.27472867675742, 24.790987618202475 ], [ 92.272597270599604, 24.813309902157922 ], [ 92.260339215304882, 24.830232201982191 ], [ 92.28642940963006, 24.854873236256658 ], [ 92.304283646097588, 24.851787491540751 ], [ 92.38315173414999, 24.858449406007054 ], [ 92.402597862353929, 24.852443029102236 ], [ 92.438538217291423, 24.857486215207341 ], [ 92.463781209908703, 24.870444424742921 ], [ 92.489091057848796, 24.867818003576062 ], [ 92.490968383199771, 24.92047997274986 ], [ 92.479981105392682, 24.94047901575858 ], [ 92.450800774065527, 24.939970718900796 ], [ 92.463210428349512, 24.959920699104419 ], [ 92.421205752477363, 24.974457339199567 ], [ 92.413058910390546, 25.020528781850118 ], [ 92.372730805181519, 25.044581169822798 ], [ 92.338409153512615, 25.047390387270241 ], [ 92.340857172415767, 25.072900987174702 ], [ 92.325116559570333, 25.078327634679834 ], [ 92.287704662112446, 25.072597772954463 ], [ 92.214713659521607, 25.106745490002268 ], [ 92.20269636486448, 25.126196139651338 ], [ 92.181818877140557, 25.132091059107466 ], [ 92.18110545638946, 25.119824099685964 ], [ 92.160031684121464, 25.132318460268248 ], [ 92.156678461273373, 25.145789414524021 ], [ 92.14281961311498, 25.135190103811468 ], [ 92.122387958206644, 25.166221000141714 ], [ 92.039408575535575, 25.185029541466619 ], [ 91.990790973837733, 25.174528300555444 ], [ 91.978938684422019, 25.164638045011348 ], [ 91.949789555558183, 25.180079891618558 ], [ 91.771474531585994, 25.166943361361355 ], [ 91.75271957334482, 25.165391653628415 ], [ 91.738709097634938, 25.14544156732785 ], [ 91.698082191193308, 25.153338691231596 ], [ 91.68269832204976, 25.126588561285018 ], [ 91.629478944079153, 25.126847137207051 ], [ 91.616552005663863, 25.13831149234575 ], [ 91.598037809229922, 25.142489693608518 ], [ 91.601484709208009, 25.16183323241928 ], [ 91.584499999614081, 25.165569956862988 ], [ 91.543070452464804, 25.14229797724111 ], [ 91.519334694523522, 25.145347943880946 ], [ 91.496178591489979, 25.134360769497469 ], [ 91.422197598487472, 25.153583935534456 ], [ 91.396201095316655, 25.162279136248078 ], [ 91.346138732197133, 25.166501905641205 ], [ 91.261491640357363, 25.202388783969838 ], [ 91.212401364556428, 25.195829450825794 ], [ 91.126198027702571, 25.189091763820123 ], [ 91.071681074049366, 25.194884108273058 ], [ 90.974945344196129, 25.174568443536124 ], [ 90.957340775140679, 25.159518953686902 ], [ 90.838871445798262, 25.153320822857268 ], [ 90.76658043917466, 25.180084399456494 ], [ 90.71670097156894, 25.156058680574048 ], [ 90.66583154151364, 25.167121715049035 ], [ 90.644459098763036, 25.183838955738395 ], [ 90.619180443133999, 25.166818551517679 ], [ 90.572070031413674, 25.172472667944437 ], [ 90.492269975613539, 25.167371498780629 ], [ 90.463820895191319, 25.153601724192132 ], [ 90.44317968002531, 25.1455798416909 ], [ 90.350648873909975, 25.163420686857506 ], [ 90.312153494761034, 25.188378275942668 ], [ 90.108689153126932, 25.226360894654356 ], [ 89.942881932798301, 25.301911440969935 ], [ 89.922700047539195, 25.297960707664611 ], [ 89.902540438180765, 25.305951404547748 ], [ 89.867251136516288, 25.281462053470076 ], [ 89.834427673646331, 25.296912768125676 ], [ 89.815681644969828, 25.371638412089823 ], [ 89.828653182941324, 25.438079006683388 ], [ 89.845267727042256, 25.48300447239016 ], [ 89.857878074249442, 25.547483083752105 ], [ 89.873337802046876, 25.618851009085763 ], [ 89.868990190024931, 25.664860014701262 ], [ 89.842297992163466, 25.694370365813132 ], [ 89.836661719431646, 25.718110556316546 ], [ 89.821759353453047, 25.728130140200253 ], [ 89.837138793597447, 25.772779173683922 ], [ 89.820341411633294, 25.814908714187617 ], [ 89.843278999320162, 25.887320075118385 ], [ 89.879540413781811, 25.928731800161117 ], [ 89.87055083795353, 25.939669898023496 ], [ 89.825393570598436, 25.94525721774464 ], [ 89.827359991096429, 25.956231007386034 ], [ 89.841263521295772, 25.965479163947641 ], [ 89.841945717934252, 25.970428800063349 ], [ 89.858060887505133, 25.978058293915584 ], [ 89.844309058613405, 25.986040099635272 ], [ 89.82652616496226, 25.98596874173381 ], [ 89.79335045245989, 26.038599502072355 ], [ 89.777088105743573, 26.042947167567775 ], [ 89.789439812133622, 26.079351301033718 ], [ 89.74296708197916, 26.157381120851596 ], [ 89.703124980508463, 26.159271767376097 ], [ 89.685640835097871, 26.155401212757472 ], [ 89.679687967736356, 26.173251010504828 ], [ 89.687518147931101, 26.212919147417598 ], [ 89.67583973199396, 26.221378131647551 ], [ 89.669628193251967, 26.230398842711988 ], [ 89.661160390211705, 26.22431217326622 ], [ 89.633763642951649, 26.219759402617068 ], [ 89.629001363974567, 26.211608178078052 ], [ 89.636461467950113, 26.204540505788877 ], [ 89.634098124998317, 26.195261163381137 ], [ 89.623137669093666, 26.19065939036507 ], [ 89.649410644337465, 26.178379025522212 ], [ 89.644059743795182, 26.167842108769705 ], [ 89.613046709795512, 26.172024776701761 ], [ 89.603281292188214, 26.158228331300414 ], [ 89.590372130577691, 26.156351028650555 ], [ 89.60303603851041, 26.117721838548793 ], [ 89.628773941568525, 26.121552209652865 ], [ 89.622107567257871, 26.113441114232756 ], [ 89.596958262047579, 26.103528495074482 ], [ 89.600810931292116, 26.086900519847337 ], [ 89.628470733590291, 26.103211954495993 ], [ 89.637767975143419, 26.063971798500603 ], [ 89.605970069331391, 26.055588733783644 ], [ 89.578060615337591, 26.025119662368414 ], [ 89.578408373823748, 25.969398787784396 ], [ 89.563662161719677, 25.96032447503848 ], [ 89.54710999573355, 25.965559501477667 ], [ 89.534419340333216, 26.002280136483719 ], [ 89.495090097410682, 26.005562108575873 ], [ 89.469151507103234, 26.000429621732199 ], [ 89.432586850740904, 26.031090429180377 ], [ 89.425389877830526, 26.040160192794637 ], [ 89.410879936738326, 26.037382171045646 ], [ 89.384482067524075, 26.005521978917045 ], [ 89.346923115610181, 26.014596247405059 ], [ 89.29670023054625, 26.045390779769594 ], [ 89.283719796801392, 26.047161052230177 ], [ 89.280718818743935, 26.053189715814273 ], [ 89.259671862074825, 26.066263852112321 ], [ 89.263038480017357, 26.093651640113109 ], [ 89.217328250102582, 26.126461663878672 ], [ 89.183251770276584, 26.12621645118406 ], [ 89.155400247821163, 26.162259371012478 ], [ 89.139690805805571, 26.192371639097473 ], [ 89.151248808004269, 26.208049882091185 ], [ 89.140658430457208, 26.240249002171673 ], [ 89.121948089942066, 26.256921571717015 ], [ 89.126710402943814, 26.263561230755862 ], [ 89.105007905107882, 26.283560258803721 ], [ 89.10255098672431, 26.311269094104038 ], [ 89.131218546430901, 26.299140392826551 ], [ 89.134549510160781, 26.320031234453854 ], [ 89.091380910983133, 26.324708882280387 ], [ 89.103572112690955, 26.354990576452387 ], [ 89.084313225957175, 26.366472829878099 ], [ 89.098930187259654, 26.375471247716977 ], [ 89.099728383247992, 26.393008923599275 ], [ 89.037987649189745, 26.402435407700288 ], [ 88.997289442943057, 26.419692125499108 ], [ 88.991278584813543, 26.420548337512969 ], [ 88.989708972282401, 26.432810861558718 ], [ 88.978512173240119, 26.426759855482072 ], [ 88.970178076063874, 26.453888989402799 ], [ 88.963663312997497, 26.454036146697742 ], [ 88.957228889277033, 26.461960013056196 ], [ 88.943392300269352, 26.452502210381247 ], [ 88.947717580993626, 26.439423704623593 ], [ 88.93336375055371, 26.432868779749118 ], [ 88.925876944346314, 26.434228829999746 ], [ 88.931250151656329, 26.417560703841232 ], [ 88.90417895314512, 26.410675862999089 ], [ 88.905293718906975, 26.405904598926739 ], [ 88.914706857524791, 26.401811193163066 ], [ 88.913378037228526, 26.371859423348422 ], [ 88.915438151153367, 26.363498538003277 ], [ 88.923130136903907, 26.365233131259608 ], [ 88.937599905178033, 26.358927971194767 ], [ 88.953478756371297, 26.364666895581884 ], [ 88.957906624796351, 26.361233387585791 ], [ 88.943757914713245, 26.350651914681468 ], [ 88.945920555966467, 26.344110403204741 ], [ 88.967810345293998, 26.355008456808687 ], [ 88.984175186316136, 26.346995458005523 ], [ 88.982409383147214, 26.335370596439812 ], [ 88.997111032277147, 26.333127587263593 ], [ 88.980920096314563, 26.314038205403062 ], [ 88.988531741910663, 26.297619765900141 ], [ 89.016829233201889, 26.305708579754636 ], [ 89.016829233201889, 26.314658056465639 ], [ 89.026438585597248, 26.303661883198906 ], [ 89.03067919188733, 26.286151033276035 ], [ 89.055503026109321, 26.289272336343718 ], [ 89.05993982698331, 26.270370253411304 ], [ 89.064911667843532, 26.258709683911874 ], [ 89.002689411299656, 26.23071992785804 ], [ 88.993811353762055, 26.239437471129484 ], [ 88.958651324917994, 26.235678443087007 ], [ 88.932512038720972, 26.25923138289123 ], [ 88.911549834372224, 26.288509838472681 ], [ 88.870213949394653, 26.284625950384239 ], [ 88.858392869056686, 26.262361684556851 ], [ 88.871730057293973, 26.235228095251355 ], [ 88.841180745499088, 26.236507858022041 ], [ 88.823594036981518, 26.250232921287399 ], [ 88.806680708905006, 26.256230462523661 ], [ 88.814247776196012, 26.294721423918649 ], [ 88.79812370467009, 26.310640343923662 ], [ 88.758888021864067, 26.302819079427582 ], [ 88.745118339523856, 26.311741795477477 ], [ 88.745149540103256, 26.292665786182159 ], [ 88.717605683924589, 26.296469370437926 ], [ 88.706770082071586, 26.279970702184304 ], [ 88.67287197628302, 26.269558664840908 ], [ 88.660480124110393, 26.28942845766764 ], [ 88.670776203636649, 26.302413366040735 ], [ 88.70154848098224, 26.285482101693805 ], [ 88.704032196998085, 26.293178577596848 ], [ 88.691729542609878, 26.301097938805395 ], [ 88.696139546480779, 26.318684598133476 ], [ 88.729712186990511, 26.323669893942178 ], [ 88.750264139557927, 26.327014167611843 ], [ 88.754888273403864, 26.332588061514723 ], [ 88.739098543305744, 26.335919047174936 ], [ 88.744971219302968, 26.353808968533592 ], [ 88.708638419842714, 26.347441356324186 ], [ 88.706961791289245, 26.36422989567717 ], [ 88.690819891604747, 26.369950861018967 ], [ 88.685223728027765, 26.388665690329855 ], [ 88.695608956242467, 26.391952100488822 ], [ 88.674579816544835, 26.403710729918849 ], [ 88.684550374048925, 26.408539925955246 ], [ 88.679119185395749, 26.4135831662547 ], [ 88.661675175862456, 26.414234263292109 ], [ 88.63658384418288, 26.4339524076827 ], [ 88.62552968258484, 26.434460738984335 ], [ 88.621351526154825, 26.473718618242309 ], [ 88.597731669966848, 26.475939244279942 ], [ 88.589170225530225, 26.463699019508905 ], [ 88.558710082875976, 26.470280682263393 ], [ 88.555998965200445, 26.485949920383394 ], [ 88.523411877477415, 26.485031393486359 ], [ 88.515447906296657, 26.512049083042406 ], [ 88.487618636637478, 26.512370074591924 ], [ 88.47718880763874, 26.543717573315053 ], [ 88.43872907223863, 26.547860070807033 ], [ 88.420049879300791, 26.570976091949039 ], [ 88.415951969187958, 26.627241023588596 ], [ 88.402668292767459, 26.631000029324838 ], [ 88.393932936126362, 26.62634919092087 ], [ 88.394298600875331, 26.605939873634792 ], [ 88.392546120687101, 26.601449576406416 ], [ 88.371298548434623, 26.57342413660761 ], [ 88.342778130731887, 26.503683797764321 ], [ 88.331438604572796, 26.495786711805913 ], [ 88.350278295983898, 26.451748608813428 ], [ 88.359410598005056, 26.467297532502361 ], [ 88.363878619897434, 26.484308998435836 ], [ 88.400608198024514, 26.482997976868486 ], [ 88.419331929845086, 26.470151309106743 ], [ 88.431590021823823, 26.470824635548954 ], [ 88.482660106756754, 26.458098365302117 ], [ 88.504019204926109, 26.40582884773654 ], [ 88.510083557789429, 26.401748770002765 ], [ 88.519608206434825, 26.387408248478895 ], [ 88.516428860171985, 26.37473996654558 ], [ 88.525141974815085, 26.375181422857167 ], [ 88.505530814812758, 26.351583841760966 ], [ 88.50340831450039, 26.360809760769516 ], [ 88.489054457052717, 26.35928915479187 ], [ 88.480131796368028, 26.348689926567346 ], [ 88.463561784443314, 26.359338259420181 ], [ 88.455044941121713, 26.371524931880117 ], [ 88.423322852079011, 26.335901219511769 ], [ 88.412772624204337, 26.336061677199673 ], [ 88.400478902259039, 26.327290703274024 ], [ 88.40876836646008, 26.315661376082108 ], [ 88.358799649980199, 26.301298554984466 ], [ 88.346184871001441, 26.275230645208815 ], [ 88.355540077500606, 26.23258827257844 ], [ 88.344673209877442, 26.215567872538514 ], [ 88.298271828211725, 26.194708248364265 ], [ 88.270001150952012, 26.183069971017225 ], [ 88.241378129385481, 26.191689377149082 ], [ 88.22787151220497, 26.186516863694781 ], [ 88.232714092776504, 26.173112798666963 ], [ 88.225490407677228, 26.165371758459614 ], [ 88.217548689392373, 26.167168841241775 ], [ 88.206039763361403, 26.15648928188126 ], [ 88.196769319267503, 26.158170328164481 ], [ 88.180359852673988, 26.144721723842434 ], [ 88.173091508919399, 26.10931198898783 ], [ 88.161261461966916, 26.093749725190307 ], [ 88.163611459552172, 26.077268912088051 ], [ 88.183088769082659, 26.07054010648794 ], [ 88.185140012081277, 26.058678869532258 ], [ 88.175472639256853, 26.03985259057481 ], [ 88.183378632547814, 26.026738340951105 ], [ 88.148330094808415, 26.013129166261255 ], [ 88.14273837343481, 25.998039553010411 ], [ 88.127559598513798, 25.99406200602261 ], [ 88.127769172215039, 25.978415089743415 ], [ 88.111056447126714, 25.964208368808734 ], [ 88.120937851527813, 25.95412184100018 ], [ 88.094486443066572, 25.934871901068473 ], [ 88.088159012104384, 25.932588894594133 ], [ 88.092408531024233, 25.897879195305208 ], [ 88.095672595608903, 25.893763464269988 ], [ 88.090450975165581, 25.87452692676041 ], [ 88.105638668699086, 25.864819415295063 ], [ 88.113098763431381, 25.863718086130007 ], [ 88.107551589965453, 25.840949921526967 ], [ 88.115065221983329, 25.801999651784701 ], [ 88.141351574200058, 25.796920709526226 ], [ 88.147166278541661, 25.77974428449134 ], [ 88.193148520233123, 25.80334179166551 ], [ 88.204331935390755, 25.789081636006305 ], [ 88.216023705973996, 25.8014600578081 ], [ 88.225878300863656, 25.80368074700392 ], [ 88.238872143080059, 25.812558751133668 ], [ 88.261528867848597, 25.814436056053434 ], [ 88.269260887665425, 25.805682868732926 ], [ 88.273407892319227, 25.780600431249557 ], [ 88.316371347073769, 25.750327626817484 ], [ 88.31951055915448, 25.742310088791626 ], [ 88.336927777073839, 25.740883184677759 ], [ 88.372127942292309, 25.714739476448951 ], [ 88.367891786297776, 25.707208029324384 ], [ 88.398735406829942, 25.684743110344598 ], [ 88.402944780241427, 25.673925336892857 ], [ 88.449239150396224, 25.663540088246613 ], [ 88.443571648877892, 25.605660961263155 ], [ 88.467508105931543, 25.58735193072712 ], [ 88.490998646595031, 25.578732482750137 ], [ 88.50392108207032, 25.551041415243159 ], [ 88.52295255304972, 25.538011927336203 ], [ 88.529560917338856, 25.54300166133585 ], [ 88.536022181028741, 25.513072226664963 ], [ 88.565287251144994, 25.514008641821754 ], [ 88.595725077391123, 25.513625144102377 ], [ 88.628816095641355, 25.50254427918912 ], [ 88.641760864794392, 25.503123915278405 ], [ 88.643557829277711, 25.484150486223921 ], [ 88.681589518125293, 25.47746181504753 ], [ 88.705829232003893, 25.485300892061971 ], [ 88.708379780472541, 25.499199961845495 ], [ 88.740039457193461, 25.508519466119264 ], [ 88.735464428092186, 25.499084003069083 ], [ 88.761068574773986, 25.499957999688416 ], [ 88.766749456671889, 25.510708904515674 ], [ 88.754562687167677, 25.520451960911576 ], [ 88.76434150305019, 25.52709163832208 ], [ 88.802877087133751, 25.529120461029031 ], [ 88.801797993404193, 25.508381205641296 ], [ 88.817944392315297, 25.496653767180351 ], [ 88.829890288499541, 25.47986975961334 ], [ 88.835018277972452, 25.45574602845587 ], [ 88.824561704502287, 25.446841158423389 ], [ 88.826479094220446, 25.439060017672634 ], [ 88.821912985577384, 25.422646053234715 ], [ 88.810439712156978, 25.416068935525423 ], [ 88.832110953744078, 25.404154168762485 ], [ 88.83998127132385, 25.3677590077424 ], [ 88.878088705959257, 25.335189766390037 ], [ 88.887961185160492, 25.344139154141228 ], [ 88.899385404348862, 25.336768218694285 ], [ 88.91054206917039, 25.320135808377934 ], [ 88.99580901235862, 25.317839347904684 ], [ 89.011299892025576, 25.298830234513879 ], [ 88.998979453470042, 25.277234771781004 ], [ 88.946589417555387, 25.250524787929685 ], [ 88.955249011094338, 25.215458369356195 ], [ 88.933689258582817, 25.213969044938349 ], [ 88.941992136578719, 25.191669079125546 ], [ 88.940262014467677, 25.183789884688753 ], [ 88.930541136380469, 25.185858894394944 ], [ 88.917921908783043, 25.172918576849799 ], [ 88.894801463737807, 25.187589047252466 ], [ 88.878628257867049, 25.186830962416494 ], [ 88.85783101679425, 25.207498906949649 ], [ 88.835852138467985, 25.211529978697868 ], [ 88.798391249829734, 25.175041127465004 ], [ 88.772488334548498, 25.18511871457407 ], [ 88.772648857460709, 25.192467303845635 ], [ 88.742059395597252, 25.185355018812643 ], [ 88.703737888927634, 25.209822088038443 ], [ 88.683275096412956, 25.209300381270491 ], [ 88.669389456549695, 25.200961831340681 ], [ 88.613592693878218, 25.205371879710974 ], [ 88.564787827823025, 25.176360997839552 ], [ 88.549814204497309, 25.194192919642902 ], [ 88.532544057350506, 25.189452902165339 ], [ 88.506650053894631, 25.206031894189 ], [ 88.480640115013088, 25.215989075823213 ], [ 88.460079243266307, 25.199918399669187 ], [ 88.440356634603347, 25.19784939219559 ], [ 88.442336452909743, 25.17716361313607 ], [ 88.457131773593133, 25.145611071746167 ], [ 88.437636601778095, 25.129504762063295 ], [ 88.446380837008192, 25.076958757785874 ], [ 88.43179066619922, 25.058779021109221 ], [ 88.444766663111537, 25.037758756312474 ], [ 88.430510904372696, 25.011521386836936 ], [ 88.424615994228191, 25.012743222621747 ], [ 88.409990171801283, 24.989988394965309 ], [ 88.403778598292419, 24.975768306439353 ], [ 88.392809200819741, 24.961432347930668 ], [ 88.386530815390813, 24.947288055049203 ], [ 88.367494937847439, 24.945112067651948 ], [ 88.356868887836328, 24.947698304519619 ], [ 88.336838611560438, 24.932510637498915 ], [ 88.323800163987073, 24.913581719352287 ], [ 88.324290682554448, 24.898871195816412 ], [ 88.343206183391942, 24.899638086475441 ], [ 88.327171255011152, 24.870725332850725 ], [ 88.309018243056713, 24.881391511592742 ], [ 88.30000639441333, 24.877320347987006 ], [ 88.294998871751474, 24.88750936553566 ], [ 88.267428214199597, 24.896191225381873 ], [ 88.262598991097803, 24.883130535702794 ], [ 88.25825136367682, 24.890461319599293 ], [ 88.263758403916171, 24.915971817152496 ], [ 88.224589620211489, 24.95933214570249 ], [ 88.158635081572243, 24.941219208143156 ], [ 88.136500075672956, 24.928078277309591 ], [ 88.1600129257302, 24.889507038231365 ], [ 88.167290208088716, 24.861164960658208 ], [ 88.163004977400234, 24.851221177898598 ], [ 88.147050371651716, 24.848880200800224 ], [ 88.128589657801939, 24.812458206396329 ], [ 88.121932238496058, 24.824827746729941 ], [ 88.105299783949704, 24.792200526267838 ], [ 88.10089866539397, 24.781949091264739 ], [ 88.070929030247399, 24.76862531278779 ], [ 88.0689001235164, 24.738602166550553 ] ], [ [ 92.042766258611564, 21.296153801214384 ], [ 92.049905306154557, 21.296969852674831 ], [ 92.046993532533818, 21.30081361682792 ], [ 92.042766258611564, 21.296153801214384 ] ], [ [ 91.964379709060893, 21.677647723512081 ], [ 91.957914020715094, 21.676448252308653 ], [ 91.962078827176867, 21.671841990585961 ], [ 91.964379709060893, 21.677647723512081 ] ], [ [ 91.944545647371015, 21.75334543597625 ], [ 91.939961728033893, 21.755847036223223 ], [ 91.93989929655919, 21.750670041476237 ], [ 91.944545647371015, 21.75334543597625 ] ], [ [ 91.902812916931438, 21.696563282687723 ], [ 91.905372469069093, 21.70365767538858 ], [ 91.89511652328747, 21.693936881259859 ], [ 91.902812916931438, 21.696563282687723 ] ], [ [ 91.89511652328747, 21.693936881259859 ], [ 91.88876675649189, 21.695693742469672 ], [ 91.882394663099092, 21.691404100044547 ], [ 91.89511652328747, 21.693936881259859 ] ], [ [ 91.484709757013789, 22.920858526714447 ], [ 91.486720827190211, 22.914959118686536 ], [ 91.492245649081113, 22.917973503483118 ], [ 91.484709757013789, 22.920858526714447 ] ], [ [ 91.338174764628931, 22.826610918043187 ], [ 91.337818081200183, 22.833041011434911 ], [ 91.332663315723295, 22.823204170509296 ], [ 91.338174764628931, 22.826610918043187 ] ], [ [ 91.33743455240878, 22.840777563775134 ], [ 91.327566613891833, 22.842583446417677 ], [ 91.337818081200183, 22.833041011434911 ], [ 91.33743455240878, 22.840777563775134 ] ], [ [ 91.272362913594236, 22.749981299655957 ], [ 91.276095194352337, 22.745259153762099 ], [ 91.280068230905982, 22.749281188283589 ], [ 91.272362913594236, 22.749981299655957 ] ], [ [ 91.134144162088006, 22.556946817744773 ], [ 91.130416326840518, 22.545834722160809 ], [ 91.137680234009991, 22.541286440074625 ], [ 91.134144162088006, 22.556946817744773 ] ], [ [ 91.10057604962752, 22.529657126902187 ], [ 91.096402319528352, 22.520729964200946 ], [ 91.110671429866088, 22.534191994166719 ], [ 91.10057604962752, 22.529657126902187 ] ], [ [ 90.632691500379252, 22.015723410512891 ], [ 90.63158115547931, 22.021667371675964 ], [ 90.626667258186004, 22.018635180468049 ], [ 90.632691500379252, 22.015723410512891 ] ], [ [ 90.423448195723893, 22.085807165442674 ], [ 90.420300019747927, 22.079332479063066 ], [ 90.425205083551589, 22.080304563136902 ], [ 90.423448195723893, 22.085807165442674 ] ], [ [ 90.423448195723893, 22.085807165442674 ], [ 90.420344611758352, 22.089619616360693 ], [ 90.416046101938548, 22.082988970055741 ], [ 90.423448195723893, 22.085807165442674 ] ], [ [ 89.844170828379859, 21.892295558231037 ], [ 89.841490921512914, 21.900032051553826 ], [ 89.83289822176657, 21.899809091272324 ], [ 89.844170828379859, 21.892295558231037 ] ], [ [ 89.828604086035213, 21.902435501935344 ], [ 89.826383440028778, 21.908789712283777 ], [ 89.816386168181296, 21.910082903194262 ], [ 89.828604086035213, 21.902435501935344 ] ], [ [ 89.826289814473569, 22.174708175897234 ], [ 89.824653331838235, 22.187550426622749 ], [ 89.816760693365467, 22.192798813081442 ], [ 89.826289814473569, 22.174708175897234 ] ], [ [ 89.816760693365467, 22.192798813081442 ], [ 89.818477500766406, 22.198996905958047 ], [ 89.811953785444913, 22.206782520108657 ], [ 89.816760693365467, 22.192798813081442 ] ], [ [ 89.810937164221983, 21.985374834241149 ], [ 89.808016419425826, 21.991586282386464 ], [ 89.803441413860313, 21.988830632620321 ], [ 89.810937164221983, 21.985374834241149 ] ], [ [ 89.800248694192973, 22.281628584210583 ], [ 89.797269996718896, 22.277695576594809 ], [ 89.801943133952818, 22.27228672256761 ], [ 89.800248694192973, 22.281628584210583 ] ], [ [ 89.801943133952818, 22.27228672256761 ], [ 89.797015801270192, 22.271613411757958 ], [ 89.797319061827537, 22.266374003119157 ], [ 89.801943133952818, 22.27228672256761 ] ], [ [ 89.799611034158417, 22.256559477569116 ], [ 89.794955712435012, 22.254454754128783 ], [ 89.796703669295965, 22.249407113436064 ], [ 89.799611034158417, 22.256559477569116 ] ], [ [ 89.797269996718896, 22.277695576594809 ], [ 89.794768452216985, 22.283577176270818 ], [ 89.789466567322663, 22.282252828390099 ], [ 89.797269996718896, 22.277695576594809 ] ], [ [ 89.77128681723832, 22.094145677659217 ], [ 89.774185208082187, 22.088174896309447 ], [ 89.77916603046819, 22.089922831120045 ], [ 89.77128681723832, 22.094145677659217 ] ], [ [ 89.755033418160622, 22.005222259933078 ], [ 89.747653557061454, 22.012544072335061 ], [ 89.749102800962277, 21.999817832410887 ], [ 89.755033418160622, 22.005222259933078 ] ], [ [ 89.743800914150299, 22.138268466752741 ], [ 89.739341831720779, 22.133974340346505 ], [ 89.750841865393269, 22.13715809056092 ], [ 89.743800914150299, 22.138268466752741 ] ], [ [ 89.741129895191051, 22.206983215456614 ], [ 89.737107836843435, 22.211709827141583 ], [ 89.735221588426654, 22.206465936778361 ], [ 89.741129895191051, 22.206983215456614 ] ], [ [ 89.71393384497155, 22.198996942883145 ], [ 89.706210685638823, 22.198359282771086 ], [ 89.714963899832469, 22.190413139636277 ], [ 89.71393384497155, 22.198996942883145 ] ], [ [ 89.709987546513318, 22.102965700931108 ], [ 89.713759956471563, 22.111076883542584 ], [ 89.707584118824755, 22.114893871948812 ], [ 89.709987546513318, 22.102965700931108 ] ], [ [ 89.692378529892707, 21.855378618569972 ], [ 89.687915002320253, 21.852511403722854 ], [ 89.69478203258349, 21.850121347518055 ], [ 89.692378529892707, 21.855378618569972 ] ], [ [ 89.675826387092712, 22.097556887065217 ], [ 89.678055926937276, 22.092147958993429 ], [ 89.681534002269643, 22.098310406122604 ], [ 89.675826387092712, 22.097556887065217 ] ], [ [ 89.62438175874189, 22.440867511040018 ], [ 89.623124234405992, 22.432912509767771 ], [ 89.627855403122197, 22.434379475108852 ], [ 89.62438175874189, 22.440867511040018 ] ], [ [ 89.486385898051765, 22.086368944572943 ], [ 89.490947569046355, 22.091354277305616 ], [ 89.484325805156075, 22.091140163220334 ], [ 89.486385898051765, 22.086368944572943 ] ], [ [ 89.484325805156075, 22.091140163220334 ], [ 89.471033240609884, 22.112985370145196 ], [ 89.465370173072586, 22.115531533766703 ], [ 89.484325805156075, 22.091140163220334 ] ], [ [ 89.473793402424107, 22.460674818202708 ], [ 89.46864317639951, 22.462578851940403 ], [ 89.46726975666283, 22.457660489045132 ], [ 89.473793402424107, 22.460674818202708 ] ], [ [ 89.464754822981419, 22.077143133462663 ], [ 89.469218365666507, 22.074596970214092 ], [ 89.474123400321119, 22.082003514500354 ], [ 89.464754822981419, 22.077143133462663 ] ], [ [ 89.450508008789768, 22.075234593814233 ], [ 89.450164682170609, 22.069504653152503 ], [ 89.459261187989782, 22.076188879250928 ], [ 89.450508008789768, 22.075234593814233 ] ], [ [ 89.451194725303097, 22.150776184706402 ], [ 89.455239091549871, 22.154963291007601 ], [ 89.446900622396228, 22.155065915690901 ], [ 89.451194725303097, 22.150776184706402 ] ], [ [ 89.446900622396228, 22.155065915690901 ], [ 89.448545999433435, 22.163868110872286 ], [ 89.442267569436737, 22.160314269283766 ], [ 89.446900622396228, 22.155065915690901 ] ], [ [ 89.437460671235371, 22.063462569206983 ], [ 89.445183804187081, 22.061554075963333 ], [ 89.44587054035091, 22.066325349031501 ], [ 89.437460671235371, 22.063462569206983 ] ], [ [ 89.437732648638089, 22.164501309757842 ], [ 89.424168113174233, 22.17801690057037 ], [ 89.426914919176966, 22.162913909058041 ], [ 89.437732648638089, 22.164501309757842 ] ], [ [ 89.427334039017651, 22.052167688246193 ], [ 89.429737485322448, 22.041822573779751 ], [ 89.434887765577869, 22.055030411113716 ], [ 89.427334039017651, 22.052167688246193 ] ], [ [ 89.416444952692473, 22.191527948251291 ], [ 89.411811899138982, 22.197882172128917 ], [ 89.404084325138669, 22.196294766586377 ], [ 89.416444952692473, 22.191527948251291 ] ], [ [ 89.39979461244836, 22.207897294800073 ], [ 89.405631635470655, 22.207580681793004 ], [ 89.402198127778902, 22.214572610867311 ], [ 89.39979461244836, 22.207897294800073 ] ], [ [ 89.391968892963277, 22.120721907656367 ], [ 89.395500537434231, 22.125707143111949 ], [ 89.38314434420171, 22.121252504012435 ], [ 89.391968892963277, 22.120721907656367 ] ], [ [ 89.389222139843838, 21.92116377124529 ], [ 89.394889599849847, 21.926260490727064 ], [ 89.389953416518054, 21.927152303657952 ], [ 89.389222139843838, 21.92116377124529 ] ], [ [ 89.343177439644577, 22.259542585723022 ], [ 89.34142946331302, 22.254931908943608 ], [ 89.350699908969673, 22.259377640154458 ], [ 89.343177439644577, 22.259542585723022 ] ], [ [ 89.333875730203246, 22.162597311872769 ], [ 89.33473190919635, 22.155757056797093 ], [ 89.340399410245126, 22.150352602235937 ], [ 89.333875730203246, 22.162597311872769 ] ], [ [ 89.340225537342988, 22.070200288441409 ], [ 89.330611719630298, 22.073696244511975 ], [ 89.338339297187218, 22.065268466760244 ], [ 89.340225537342988, 22.070200288441409 ] ], [ [ 89.332671794865533, 22.139860310906343 ], [ 89.325541668195569, 22.136961940810441 ], [ 89.329586093519765, 22.134134839185805 ], [ 89.332671794865533, 22.139860310906343 ] ], [ [ 89.323191751079605, 22.277445869219175 ], [ 89.326540544038096, 22.273290064566243 ], [ 89.328734437012187, 22.28071885117739 ], [ 89.323191751079605, 22.277445869219175 ] ], [ [ 89.313207849650439, 22.303201719796544 ], [ 89.315678174032001, 22.297502983947119 ], [ 89.320387001943587, 22.302581839957401 ], [ 89.313207849650439, 22.303201719796544 ] ], [ [ 89.255520422872678, 22.378640714387714 ], [ 89.254882772976586, 22.373503882722829 ], [ 89.26216446374842, 22.377905024491113 ], [ 89.255520422872678, 22.378640714387714 ] ], [ [ 89.221443986527206, 22.297663467192042 ], [ 89.230562854208856, 22.288401918843959 ], [ 89.239712890470258, 22.290078539125059 ], [ 89.221443986527206, 22.297663467192042 ] ], [ [ 89.227628743186841, 22.201694689765993 ], [ 89.221006966556203, 22.204856209946836 ], [ 89.223165169450439, 22.195813146504182 ], [ 89.227628743186841, 22.201694689765993 ] ], [ [ 89.196022666370595, 22.206746902023603 ], [ 89.201195187881694, 22.206938575119768 ], [ 89.201609913706648, 22.214871363317226 ], [ 89.196022666370595, 22.206746902023603 ] ], [ [ 89.136034392292814, 22.12696017650228 ], [ 89.143075246632606, 22.129979008478056 ], [ 89.136721035634523, 22.135387844666127 ], [ 89.136034392292814, 22.12696017650228 ] ], [ [ 89.131058027836289, 22.133639885324421 ], [ 89.136721035634523, 22.135387844666127 ], [ 89.130884125918286, 22.139044327740965 ], [ 89.131058027836289, 22.133639885324421 ] ], [ [ 89.131058027836289, 22.133639885324421 ], [ 89.121444161693915, 22.126483002917755 ], [ 89.131914143951022, 22.124257943293927 ], [ 89.131058027836289, 22.133639885324421 ] ], [ [ 89.115549259659417, 22.126777344674796 ], [ 89.116293944976292, 22.118371942350219 ], [ 89.121444161693915, 22.126483002917755 ], [ 89.115549259659417, 22.126777344674796 ] ], [ [ 89.105306658291241, 22.047904771170799 ], [ 89.09909519950817, 22.050071845358953 ], [ 89.101873157518256, 22.044720965124963 ], [ 89.105306658291241, 22.047904771170799 ] ], [ [ 89.086431285989846, 22.190983948694463 ], [ 89.092491205333019, 22.189619494282319 ], [ 89.093962766655636, 22.195777451426533 ], [ 89.086431285989846, 22.190983948694463 ] ], [ [ 91.327481895917558, 22.849405843245997 ], [ 91.32280869807596, 22.845495254360287 ], [ 91.320779860319675, 22.841352740025801 ], [ 91.327566613891833, 22.842583446417677 ], [ 91.327481895917558, 22.849405843245997 ] ], [ [ 89.830320868507869, 22.166887000626158 ], [ 89.837187879672371, 22.162597343913248 ], [ 89.834441035718726, 22.170066256190914 ], [ 89.826289814473569, 22.174708175897234 ], [ 89.830320868507869, 22.166887000626158 ] ], [ [ 89.811953785444913, 22.145264733124606 ], [ 89.822593210801799, 22.148444105311821 ], [ 89.837187879672371, 22.162597343913248 ], [ 89.831350915720094, 22.162120167609938 ], [ 89.811953785444913, 22.145264733124606 ] ], [ [ 89.801078079964668, 22.247017010583093 ], [ 89.796828550996807, 22.24168387929949 ], [ 89.797533059359935, 22.235864833231116 ], [ 89.800783788432142, 22.232101293002344 ], [ 89.801078079964668, 22.247017010583093 ] ], [ [ 89.735908302020292, 22.26764036691312 ], [ 89.738137852833518, 22.279077969560856 ], [ 89.730758013335262, 22.277646592034923 ], [ 89.731444733933373, 22.262396404544084 ], [ 89.735908302020292, 22.26764036691312 ] ], [ [ 89.7233737667828, 22.280348759820832 ], [ 89.708096903579204, 22.275104901775613 ], [ 89.712391041301501, 22.272246562200536 ], [ 89.730758013335262, 22.277646592034923 ], [ 89.7233737667828, 22.280348759820832 ] ], [ [ 89.719596911126914, 22.239044139103367 ], [ 89.720800889410654, 22.250325667044311 ], [ 89.710500371388719, 22.235231585968627 ], [ 89.707927433730077, 22.22553751808567 ], [ 89.719596911126914, 22.239044139103367 ] ], [ [ 89.707066810899178, 22.122844381643624 ], [ 89.71118701858218, 22.118550269278966 ], [ 89.71393384497155, 22.128253272703105 ], [ 89.709813640434334, 22.13492858122703 ], [ 89.707066810899178, 22.122844381643624 ] ], [ [ 89.702603311659146, 22.138428948473617 ], [ 89.709813640434334, 22.13492858122703 ], [ 89.704837275845549, 22.150192116399214 ], [ 89.697283555109365, 22.167364117657801 ], [ 89.702603311659146, 22.138428948473617 ] ], [ [ 89.707927433730077, 22.22553751808567 ], [ 89.691789948616986, 22.215049684018226 ], [ 89.692302725539278, 22.208851559222378 ], [ 89.699687043008893, 22.209168166828757 ], [ 89.707927433730077, 22.22553751808567 ] ], [ [ 89.635217329905942, 21.991448040691846 ], [ 89.636684393098193, 21.996045428175456 ], [ 89.623467643697296, 22.004321498022719 ], [ 89.623641502487246, 21.998912600857707 ], [ 89.635217329905942, 21.991448040691846 ] ], [ [ 89.460991321929058, 22.404463363899183 ], [ 89.468299789849979, 22.403076654257653 ], [ 89.467782576744696, 22.407838953345173 ], [ 89.461606730242025, 22.410376133594458 ], [ 89.460991321929058, 22.404463363899183 ] ], [ [ 89.394301053278028, 22.204240863858693 ], [ 89.390867511626553, 22.200107300296967 ], [ 89.399277376816826, 22.200584419789628 ], [ 89.39979461244836, 22.207897294800073 ], [ 89.394301053278028, 22.204240863858693 ] ], [ [ 89.335489942730277, 22.254633188631058 ], [ 89.338325910556733, 22.250477257921812 ], [ 89.348296483534213, 22.251435949775146 ], [ 89.34142946331302, 22.254931908943608 ], [ 89.335489942730277, 22.254633188631058 ] ], [ [ 89.329586093519765, 22.134134839185805 ], [ 89.326839260998753, 22.127299068590595 ], [ 89.33250237548566, 22.123638123275164 ], [ 89.339369403107881, 22.125707129145461 ], [ 89.329586093519765, 22.134134839185805 ] ], [ [ 89.268812993146128, 22.370886403754724 ], [ 89.26216446374842, 22.377905024491113 ], [ 89.26805493559263, 22.358262631983656 ], [ 89.275715677768034, 22.353009817358291 ], [ 89.268812993146128, 22.370886403754724 ] ], [ [ 89.244109580776552, 22.157344449281865 ], [ 89.246169730233404, 22.162909424741834 ], [ 89.241291419368295, 22.168349535187566 ], [ 89.237585891841462, 22.159253010410069 ], [ 89.244109580776552, 22.157344449281865 ] ], [ [ 89.223735978196871, 22.302523937126317 ], [ 89.208588390210721, 22.347476047384355 ], [ 89.203339997820478, 22.342174251894765 ], [ 89.221443986527206, 22.297663467192042 ], [ 89.223735978196871, 22.302523937126317 ] ], [ [ 89.208062231283563, 22.145897951642528 ], [ 89.209261686550931, 22.141126738795382 ], [ 89.213212458548057, 22.14875623269047 ], [ 89.207959655631285, 22.15081187855969 ], [ 89.208062231283563, 22.145897951642528 ] ], [ [ 89.17894872655431, 22.232105800496388 ], [ 89.183929554733027, 22.227263183925313 ], [ 89.189962725377441, 22.22996537372946 ], [ 89.184959611463015, 22.23282810339628 ], [ 89.17894872655431, 22.232105800496388 ] ], [ [ 89.123334860794799, 22.105650085124278 ], [ 89.128997922520796, 22.103897701409359 ], [ 89.122817564330703, 22.116780053064073 ], [ 89.116293944976292, 22.118371942350219 ], [ 89.123334860794799, 22.105650085124278 ] ], [ [ 89.087800259424426, 22.175292332774315 ], [ 89.093637213571185, 22.175608944345182 ], [ 89.089035441604608, 22.180139408284401 ], [ 89.083229651957751, 22.181784856396149 ], [ 89.087800259424426, 22.175292332774315 ] ], [ [ 89.785761084195016, 21.867485100105185 ], [ 89.785248248085466, 21.873219482937127 ], [ 89.785934937532701, 21.88055023462584 ], [ 89.780784685281191, 21.875448996163865 ], [ 89.780133682317881, 21.864814074045267 ], [ 89.785761084195016, 21.867485100105185 ] ], [ [ 89.42716018243307, 22.03052765757273 ], [ 89.431623681309858, 21.992647564341457 ], [ 89.424587261875544, 21.985009137744541 ], [ 89.422353267626022, 21.970204933634765 ], [ 89.438606673855546, 21.989740269947816 ], [ 89.429737485322448, 22.041822573779751 ], [ 89.42716018243307, 22.03052765757273 ] ], [ [ 89.401926124836038, 22.122313812414863 ], [ 89.408967045213785, 22.126130741974382 ], [ 89.411539889420325, 22.137421213689372 ], [ 89.402367541690779, 22.133497236755968 ], [ 89.403571479569891, 22.127776181526954 ], [ 89.395500537434231, 22.125707143111949 ], [ 89.401926124836038, 22.122313812414863 ] ], [ [ 89.352461297474065, 22.244609066680884 ], [ 89.344448272450606, 22.236234926729839 ], [ 89.342218699354092, 22.218510003986463 ], [ 89.355676301161338, 22.240471033588008 ], [ 89.355332954415957, 22.249848495586281 ], [ 89.348296483534213, 22.251435949775146 ], [ 89.352461297474065, 22.244609066680884 ] ], [ [ 89.252595228133487, 22.339240165010029 ], [ 89.261277161295226, 22.341246693487662 ], [ 89.275278736750749, 22.343239948235706 ], [ 89.249915372208747, 22.346958804767262 ], [ 89.247877533056055, 22.342334709302243 ], [ 89.253232914125519, 22.33119595552057 ], [ 89.252595228133487, 22.339240165010029 ] ], [ [ 89.221698126494502, 22.357107751311041 ], [ 89.220552161789669, 22.37204576107154 ], [ 89.192914668555119, 22.365477484125009 ], [ 89.196869864761283, 22.361691677459181 ], [ 89.216035115255949, 22.36657440103868 ], [ 89.208588390210721, 22.347476047384355 ], [ 89.221698126494502, 22.357107751311041 ] ], [ [ 89.19110868319251, 22.391491905841026 ], [ 89.199478445064855, 22.404374239541209 ], [ 89.188754347225853, 22.400017636163259 ], [ 89.181552864851071, 22.398630855622727 ], [ 89.18631075409786, 22.39413163780349 ], [ 89.186863633180124, 22.385374011099103 ], [ 89.192544516366524, 22.377062200037745 ], [ 89.19110868319251, 22.391491905841026 ] ], [ [ 89.688356464923828, 22.202176269605388 ], [ 89.692302725539278, 22.190729804952877 ], [ 89.690416533941956, 22.184214998033138 ], [ 89.698313618966012, 22.185325352809159 ], [ 89.697283555109365, 22.191844529890737 ], [ 89.706210685638823, 22.198359282771086 ], [ 89.696703867833648, 22.196981458838266 ], [ 89.693506684975162, 22.203130520140494 ], [ 89.688356464923828, 22.202176269605388 ] ], [ [ 89.739756496700977, 21.966700066808876 ], [ 89.74971364858726, 21.974503515832343 ], [ 89.740960497192063, 21.99137674519439 ], [ 89.746106286248533, 21.992647569220779 ], [ 89.749102800962277, 21.999817832410887 ], [ 89.741914703284181, 21.996999640306086 ], [ 89.734262920023326, 21.988045831645223 ], [ 89.744318164750084, 21.974717577405549 ], [ 89.736077721987769, 21.969941831180041 ], [ 89.739756496700977, 21.966700066808876 ] ], [ [ 91.910482552334912, 21.702404720472884 ], [ 91.917612643484802, 21.725110482577023 ], [ 91.909724562871972, 21.729560657154167 ], [ 91.914674128455545, 21.730755668555101 ], [ 91.924051639900966, 21.729654280654977 ], [ 91.929117129384139, 21.733939456274136 ], [ 91.908507215362306, 21.744614587835045 ], [ 91.905292198995838, 21.732753323339544 ], [ 91.908270860637515, 21.721445041385756 ], [ 91.905372469069093, 21.70365767538858 ], [ 91.910482552334912, 21.702404720472884 ] ], [ [ 89.578738363942378, 21.930875694502614 ], [ 89.57479203918821, 21.934697120972114 ], [ 89.586461559157669, 21.945207164226016 ], [ 89.618562569170138, 21.946482516289219 ], [ 89.615913886282499, 21.951311748014408 ], [ 89.582515216303051, 21.94982682551095 ], [ 89.576334939859009, 21.942661045113475 ], [ 89.558654574578227, 21.951258163224519 ], [ 89.552893394572749, 21.950714240426969 ], [ 89.573075284459136, 21.928646073279914 ], [ 89.578738363942378, 21.930875694502614 ] ], [ [ 91.47263455011749, 22.907619433006985 ], [ 91.476701255795973, 22.90392726671994 ], [ 91.461460041528198, 22.851269792826869 ], [ 91.460550364243147, 22.845597853773608 ], [ 91.465968139845614, 22.845392729457455 ], [ 91.4811157538049, 22.844380475931619 ], [ 91.481650853110381, 22.883638368159623 ], [ 91.482863671271247, 22.91196258587479 ], [ 91.486720827190211, 22.914959118686536 ], [ 91.479590720655253, 22.918883125240235 ], [ 91.476727970937546, 22.913964740045536 ], [ 91.47263455011749, 22.907619433006985 ] ] ] } ] } }
]
}
