{
"type": "FeatureCollection",
"name": "gazipur_utm46n",
"crs": { "type": "name", "properties": { "name": "urn:ogc:def:crs:EPSG::32646" } },
"features": [
{ "type": "Feature", "properties": { "shapeName": "Gazipur" }, "geometry": { "type": "Polygon", "coordinates": [ [ [ 242440.871019497106317, 2639620.520869042724371 ], [ 242420.427426357200602, 2639620.953956388868392 ], [ 242389.728909310302697, 2639623.801243582274765 ], [ 242309.92591806378914, 2639590.338568291626871 ], [ 242216.434674782358343, 2639532.998201662674546 ], [ 242127.102987892489182, 2639464.584306373260915 ], [ 242053.283366289251717, 2639402.432795262429863 ], [ 241997.171748207096243, 2639346.497540107928216 ], [ 241936.20314095026697, 2639268.69446551753208 ], [ 241904.853197391988942, 2639240.796453264076263 ], [ 241864.998130279273028, 2639226.261035214178264 ], [ 241847.429576900962275, 2639226.633236317895353 ], [ 241808.458129582344554, 2639253.823513290379196 ], [ 241765.420162665162934, 2639296.479247255716473 ], [ 241751.699978931777878, 2639315.603364994283766 ], [ 241793.565032375219744, 2639336.634030227549374 ], [ 241771.160996370832436, 2639407.243032932747155 ], [ 241706.243180847901385, 2639517.667815712746233 ], [ 241705.274003912287299, 2639522.13041105447337 ], [ 241676.500496749853482, 2639652.373225964605808 ], [ 241676.48416429021745, 2639654.56322639901191 ], [ 241736.525078879843932, 2639762.725993200670928 ], [ 241792.398524681630079, 2639901.441890950780362 ], [ 241806.458858275698731, 2640029.700220909435302 ], [ 241828.878627625759691, 2640195.592127728275955 ], [ 241853.489862644782988, 2640272.327437199186534 ], [ 241877.434087436791742, 2640345.805828273296356 ], [ 241993.777881486690603, 2640483.240049514453858 ], [ 242109.721385820041178, 2640601.77715768571943 ], [ 242201.306807701417711, 2640641.428087898064405 ], [ 242277.694864358840277, 2640677.619863080326468 ], [ 242339.365809195733164, 2640733.028832350391895 ], [ 242378.040260173351271, 2640773.80095087364316 ], [ 242399.454045260208659, 2640805.192299120128155 ], [ 242420.974514245899627, 2640837.168890276923776 ], [ 242446.053519035282079, 2640950.068758752197027 ], [ 242465.503315723297419, 2641064.978530871681869 ], [ 242472.406549081322737, 2641212.293017615098506 ], [ 242456.008471424138406, 2641306.883254138287157 ], [ 242455.592247314576525, 2641310.956690353807062 ], [ 242456.874073823710205, 2641371.426197887863964 ], [ 242489.111605961836176, 2641465.269061059225351 ], [ 242507.8338653560495, 2641635.01945590833202 ], [ 242516.754350133240223, 2641699.108084430918097 ], [ 242502.438129540969385, 2641737.221994619816542 ], [ 242458.928741268406156, 2641825.108418119139969 ], [ 242370.948327624151716, 2641955.529125600587577 ], [ 242288.036065175605472, 2642057.48474391316995 ], [ 242187.916573101480026, 2642150.352578677702695 ], [ 242121.009961238771211, 2642204.706024833954871 ], [ 242043.246086624771124, 2642281.975703571923077 ], [ 241984.298726823239122, 2642355.065764397382736 ], [ 241943.847668013331713, 2642408.858380884863436 ], [ 241851.447128318977775, 2642509.125231436919421 ], [ 241777.542608118528733, 2642590.094807300250977 ], [ 241730.895258679636754, 2642708.296931944787502 ], [ 241654.173333103972254, 2642834.699277127161622 ], [ 241602.063634458841989, 2642873.615052834153175 ], [ 241489.163139819633216, 2642898.695696870330721 ], [ 241409.06281782858423, 2643044.075366190169007 ], [ 241316.415837278589606, 2643221.860404428094625 ], [ 241345.048219610529486, 2643247.187328063882887 ], [ 241366.509517520928057, 2643266.170871263835579 ], [ 241398.267575846752152, 2643337.337722570635378 ], [ 241423.873951727786334, 2643415.483786026481539 ], [ 241426.334729001071537, 2643420.171018390916288 ], [ 241427.965508174238494, 2643424.342650570441037 ], [ 241435.203003182075918, 2643458.189038511831313 ], [ 241442.09188163120416, 2643488.818442436400801 ], [ 241446.908954861195525, 2643511.009191704913974 ], [ 241454.824752993998118, 2643523.950664278585464 ], [ 241464.138812978460919, 2643540.017027996014804 ], [ 241475.557804748503258, 2643559.473871015012264 ], [ 241484.707966100861086, 2643574.422226427122951 ], [ 241498.452426678995835, 2643597.755430278368294 ], [ 241510.670422190712998, 2643618.527364113833755 ], [ 241514.546422605402768, 2643622.791574577335268 ], [ 241523.864223938289797, 2643633.424319608137012 ], [ 241522.786865868372843, 2643635.698653502389789 ], [ 241507.81199413005379, 2643665.591263265348971 ], [ 241485.195312528812792, 2643709.611861256882548 ], [ 241466.020951432758011, 2643748.08260163012892 ], [ 241427.163871178985573, 2643762.325147910509259 ], [ 241333.264732914452907, 2643795.945665625855327 ], [ 241335.363534680887824, 2643801.926133962348104 ], [ 241343.757159343047533, 2643825.845820908434689 ], [ 241362.611168922652723, 2643881.99405754590407 ], [ 241364.339859909145162, 2643898.935565351508558 ], [ 241368.747557316353777, 2643937.28269613860175 ], [ 241371.24324983387487, 2643958.110130711458623 ], [ 241379.44553103679209, 2643989.770278413314372 ], [ 241392.211516166105866, 2644034.854402395896614 ], [ 241393.540688393288292, 2644040.140991374384612 ], [ 241403.426758171641268, 2644079.458156741224229 ], [ 241420.748517237167107, 2644145.668405369389802 ], [ 241438.463265383208636, 2644214.266460834536701 ], [ 241465.047344810533104, 2644241.086621147580445 ], [ 241487.591298320447095, 2644263.02918821759522 ], [ 241493.645506297616521, 2644306.372853350359946 ], [ 241499.437816530728014, 2644345.443507894407958 ], [ 241456.011183160037035, 2644395.998808096162975 ], [ 241423.432198560476536, 2644433.487478415016085 ], [ 241407.180568190815393, 2644490.312335027847439 ], [ 241380.138561623811256, 2644579.028880154713988 ], [ 241370.724018076696666, 2644611.233943396247923 ], [ 241413.620503722457215, 2644664.749616059008986 ], [ 241425.475637990050018, 2644680.056671198923141 ], [ 241460.221949124563253, 2644723.492455405183136 ], [ 241441.241517676244257, 2644764.62920358357951 ], [ 241429.155630186025519, 2644791.927605196833611 ], [ 241422.137073159421561, 2644807.993519485928118 ], [ 241400.84856330632465, 2644853.28696123091504 ], [ 241391.063278792658821, 2644876.086604449898005 ], [ 241350.101023963885382, 2644912.208866588305682 ], [ 241286.230040595226455, 2644968.679252465255558 ], [ 241263.552618974383222, 2644988.842814047820866 ], [ 241242.789498499332694, 2645010.50621912162751 ], [ 241229.037422377092298, 2645023.805536389816552 ], [ 241227.033449563226895, 2645025.928678910713643 ], [ 241185.516567721089814, 2645069.913328323978931 ], [ 241166.238798055710504, 2645088.977758384309709 ], [ 241112.747433331649518, 2645084.636315251234919 ], [ 241071.951865052746143, 2645081.736838533077389 ], [ 241031.644084496394498, 2645077.628715799655765 ], [ 241001.556549440865638, 2645079.29423371469602 ], [ 240959.181085035961587, 2645082.589761659502983 ], [ 240897.48473711340921, 2645086.808869340457022 ], [ 240852.692223406193079, 2645089.128667209297419 ], [ 240782.806172774638981, 2645092.537467568647116 ], [ 240715.032169737358345, 2645084.562450502067804 ], [ 240694.678918681049254, 2645082.027612612117082 ], [ 240663.773496334935771, 2645078.590242836624384 ], [ 240627.693567105801776, 2645072.081881940364838 ], [ 240570.13833584805252, 2645061.750794827006757 ], [ 240498.877519703994039, 2645044.546593725681305 ], [ 240489.497491697460646, 2645042.282068797387183 ], [ 240427.101497856056085, 2645025.635154400486499 ], [ 240421.234614719549427, 2645023.956174098420888 ], [ 240355.423792361310916, 2645005.120557751506567 ], [ 240284.290321756387129, 2645020.32240018248558 ], [ 240218.007053201436065, 2645032.212336838245392 ], [ 240147.744838339422131, 2645088.472437074873596 ], [ 240111.75372274001711, 2645116.406720333732665 ], [ 240061.218772578751668, 2645194.92584493663162 ], [ 240045.265537814324489, 2645219.439807770773768 ], [ 240015.606582997221267, 2645273.554538400378078 ], [ 240000.020283226418542, 2645302.058220736216754 ], [ 239995.01187606077292, 2645311.217583920806646 ], [ 239985.346983179624658, 2645329.607645904645324 ], [ 239886.157068295113277, 2645373.64539165655151 ], [ 239836.753358275222126, 2645394.590647344943136 ], [ 239808.053082344122231, 2645380.845858823973686 ], [ 239795.687136375752743, 2645374.923764202743769 ], [ 239761.099651743745198, 2645358.114976735785604 ], [ 239679.920533004653407, 2645353.633455785457045 ], [ 239613.519641496241093, 2645349.908305265009403 ], [ 239539.577385411364958, 2645386.51073550991714 ], [ 239490.323604603792774, 2645409.485253229271621 ], [ 239433.583727853605524, 2645457.757000285200775 ], [ 239409.316836200858233, 2645480.802912462968379 ], [ 239363.591396036965307, 2645524.227360564284027 ], [ 239331.245803222001996, 2645542.804854280781001 ], [ 239307.136813968623755, 2645560.726177480071783 ], [ 239302.079241719096899, 2645563.864797811023891 ], [ 239269.655707742233062, 2645583.985862069763243 ], [ 239179.041563686245354, 2645636.453380845487118 ], [ 239097.602263467182638, 2645554.209600348956883 ], [ 239029.22062900220044, 2645482.385735982097685 ], [ 239001.475470624252921, 2645453.422006731852889 ], [ 239004.785537710355129, 2645445.14116190187633 ], [ 239010.763024247746216, 2645425.853560658637434 ], [ 238970.152259787428193, 2645399.44732124870643 ], [ 238898.042439933255082, 2645351.467854559887201 ], [ 238873.345803334639641, 2645335.035506820771843 ], [ 238786.62981767670135, 2645344.545141390990466 ], [ 238637.398241212358698, 2645219.039929441176355 ], [ 238544.035698220977793, 2645141.240102608222514 ], [ 238525.539911557512823, 2645113.126561048440635 ], [ 238524.112589760683477, 2645112.640153561718762 ], [ 238448.115838961792178, 2644982.91942426096648 ], [ 238402.878826791362371, 2644934.469436863437295 ], [ 238278.116760867414996, 2644814.892525074537843 ], [ 238172.818566636706237, 2644754.714438976254314 ], [ 238090.74924511089921, 2644686.241694557946175 ], [ 237977.211771119589685, 2644605.434154430404305 ], [ 237882.145556692848913, 2644537.237228629179299 ], [ 237850.291188454139046, 2644506.706473136786371 ], [ 237724.032699268194847, 2644439.171172006521374 ], [ 237629.440978941158392, 2644411.269390214700252 ], [ 237608.888307360117324, 2644405.2068368983455 ], [ 237540.69818316726014, 2644378.047900842968374 ], [ 237476.989713098504581, 2644316.986723870038986 ], [ 237405.593304914073087, 2644261.289628530386835 ], [ 237356.929409026168287, 2644173.903807450085878 ], [ 237347.365894754708279, 2644149.738641486968845 ], [ 237339.068587419285905, 2644128.773173277731985 ], [ 237256.998949774599168, 2644060.299515446648002 ], [ 237190.360102859442122, 2643983.696932471357286 ], [ 237072.726419080689084, 2643954.98602951457724 ], [ 236923.812835266115144, 2644013.975824562832713 ], [ 236919.850754576502368, 2644012.417976075783372 ], [ 236826.536410116590559, 2643975.731453847140074 ], [ 236800.204229066730477, 2643946.633437077514827 ], [ 236751.126705481554382, 2643892.365649076644331 ], [ 236725.716895684658084, 2643859.556613286957145 ], [ 236677.918727425101679, 2643797.753530027810484 ], [ 236621.626153813616838, 2643754.33763891318813 ], [ 236579.074073978699744, 2643721.579364832956344 ], [ 236569.088402946363203, 2643713.907708809711039 ], [ 236466.296976656129118, 2643661.092004170175642 ], [ 236342.830314650665969, 2643627.609805677551776 ], [ 236251.196967381169088, 2643620.043364498298615 ], [ 236237.721987743163481, 2643618.952719589695334 ], [ 236226.921386925328989, 2643617.117224084679037 ], [ 236140.459153440024238, 2643602.621333958115429 ], [ 236120.743845119548496, 2643599.34804425900802 ], [ 236068.81282518513035, 2643596.382687284611166 ], [ 236038.023974166426342, 2643593.156753107439727 ], [ 235910.540071054594591, 2643579.71850319718942 ], [ 235912.881691194430459, 2643583.923421564046293 ], [ 235897.348047772364225, 2643583.126627290155739 ], [ 235844.436224424454849, 2643581.120746500790119 ], [ 235834.367499097483233, 2643581.334256548900157 ], [ 235806.370002337847836, 2643579.926024508662522 ], [ 235743.330883971357252, 2643578.322640611324459 ], [ 235716.14767341472907, 2643579.900376155972481 ], [ 235701.526782794622704, 2643580.835992118809372 ], [ 235671.09930826240452, 2643582.857923791278154 ], [ 235639.286934506788384, 2643584.471236126963049 ], [ 235605.250480465008877, 2643593.326960812322795 ], [ 235592.912846790975891, 2643595.716040834784508 ], [ 235570.357235257106367, 2643600.136131543200463 ], [ 235545.567715023586061, 2643602.47639401583001 ], [ 235518.365792555268854, 2643603.178546908777207 ], [ 235502.838857199822087, 2643602.694584559183568 ], [ 235496.578355036850553, 2643602.514551863074303 ], [ 235434.308208866626956, 2643598.829930360428989 ], [ 235414.087983921752311, 2643598.320352007169276 ], [ 235385.232756460085511, 2643591.862361495383084 ], [ 235364.116082578955684, 2643587.429987580981106 ], [ 235332.946632779610809, 2643581.021051893942058 ], [ 235287.62375082494691, 2643571.033185899723321 ], [ 235268.32849872141378, 2643566.937626344617456 ], [ 235252.554252500180155, 2643563.643361571710557 ], [ 235225.223747202020604, 2643558.279212437570095 ], [ 235197.141181740327738, 2643552.868319150991738 ], [ 235162.013384359772317, 2643545.667406539898366 ], [ 235134.677503604558297, 2643537.112369379028678 ], [ 235095.587106533581391, 2643525.991173866204917 ], [ 235067.44237646315014, 2643517.640980581287295 ], [ 235037.732749900955241, 2643509.261335205752403 ], [ 235008.918362263357267, 2643504.742114861495793 ], [ 234974.433585557620972, 2643489.518779708072543 ], [ 234954.272694483806845, 2643479.998270735610276 ], [ 234939.926409180450719, 2643473.232323654927313 ], [ 234919.492543330125045, 2643462.653828768059611 ], [ 234915.574062637751922, 2643460.797340782359242 ], [ 234826.746309707930777, 2643408.560534573160112 ], [ 234808.878440050000791, 2643399.336341666057706 ], [ 234807.383823314390611, 2643402.22021218156442 ], [ 234715.628146467439365, 2643495.870548818726093 ], [ 234713.763963809644338, 2643504.061666302848607 ], [ 234689.173339133209083, 2643538.960907169152051 ], [ 234688.666249505477026, 2643544.570796945132315 ], [ 234663.69908662076341, 2643587.937151006422937 ], [ 234620.656762955244631, 2643628.94376829918474 ], [ 234549.079070337757003, 2643708.453329036477953 ], [ 234477.451074400218204, 2643785.600539518054575 ], [ 234523.230014763481449, 2643938.248468764591962 ], [ 234584.292300226807129, 2644031.487809317652136 ], [ 234599.958907553867903, 2644063.763232528232038 ], [ 234626.305877138278447, 2644118.041099091526121 ], [ 234623.328753885056358, 2644311.900418590288609 ], [ 234594.251060628565028, 2644321.836509619373828 ], [ 234520.089015307661612, 2644347.178257253952324 ], [ 234374.478064471797552, 2644390.444986655376852 ], [ 234278.719638475740794, 2644555.549543774221092 ], [ 234302.607375166087877, 2644747.055847354698926 ], [ 234305.79843153321417, 2644773.587088265456259 ], [ 234303.831120343646035, 2644903.614375225268304 ], [ 234273.085165865544695, 2644904.266993759199977 ], [ 234211.701000886212569, 2644905.569551879074425 ], [ 233989.693760654481594, 2644912.644424815662205 ], [ 233941.489929484378081, 2644902.759707219898701 ], [ 233939.15348199539585, 2644900.970354020595551 ], [ 233874.270101125701331, 2644891.56664176331833 ], [ 233824.690555437875446, 2644883.635148785077035 ], [ 233774.93713382788701, 2644909.845812170766294 ], [ 233687.925892246130388, 2644958.408309885300696 ], [ 233653.266609795333352, 2644976.213224821258336 ], [ 233705.826142918376718, 2644997.557497349567711 ], [ 233724.012099620478693, 2645050.176258171442896 ], [ 233725.276757998217363, 2645051.04513909900561 ], [ 233723.247120638436172, 2645053.011880415957421 ], [ 233755.812277529505081, 2645139.765863238833845 ], [ 233787.174146355304401, 2645169.82418903382495 ], [ 233820.497292572632432, 2645180.933885012753308 ], [ 233800.991355863166973, 2645264.066378454677761 ], [ 233734.342157933220733, 2645297.386674169450998 ], [ 233680.61040043074172, 2645326.887710850685835 ], [ 233624.115261989703868, 2645337.540319783147424 ], [ 233494.438277933688369, 2645352.109662389848381 ], [ 233416.481592228985392, 2645353.764319844078273 ], [ 233308.115279909048695, 2645370.244619087316096 ], [ 233194.924086526385508, 2645382.100889719091356 ], [ 233131.079144877265207, 2645394.70382278971374 ], [ 233060.772728360025212, 2645408.582306042313576 ], [ 232994.727558872371446, 2645414.710822770372033 ], [ 232954.568043981387746, 2645415.563329943455756 ], [ 232875.858719364157878, 2645381.782998115755618 ], [ 232804.239440829202067, 2645292.312166564166546 ], [ 232731.965341150644235, 2645227.670871288981289 ], [ 232691.460001213999931, 2645188.630155405495316 ], [ 232664.416086531360634, 2645162.929465005174279 ], [ 232635.265919417899568, 2645125.733603627420962 ], [ 232558.718259931367356, 2645082.453528726939112 ], [ 232503.98345901130233, 2645064.707780953962356 ], [ 232445.325910821964499, 2645084.860147721599787 ], [ 232377.118877091736067, 2645100.487960348837078 ], [ 232335.498986405611504, 2645143.912742186803371 ], [ 232312.326784926466644, 2645165.675113731529564 ], [ 232310.394329896313138, 2645166.803062989842147 ], [ 232291.316458793531638, 2645177.93811601633206 ], [ 232234.419467711937614, 2645169.69215114088729 ], [ 232160.835887694556732, 2645154.709950257558376 ], [ 232101.880214476201218, 2645105.147771957796067 ], [ 232093.618141292245127, 2645095.818972769193351 ], [ 232034.080102374427952, 2645028.593937499448657 ], [ 232004.929751445073634, 2644991.398034778423607 ], [ 231853.995649898366537, 2644895.337761634495109 ], [ 231728.28956955706235, 2644874.371242375578731 ], [ 231661.842977389285807, 2644861.600842153653502 ], [ 231633.49477440060582, 2644862.20241273753345 ], [ 231576.641557444876526, 2644967.399429962504655 ], [ 231575.756506769335829, 2644968.40343367960304 ], [ 231523.560532726522069, 2645027.611658262088895 ], [ 231385.089904422813561, 2644962.01097445236519 ], [ 231343.32247027719859, 2644942.808270926121622 ], [ 231334.270105758798309, 2644881.065034944098443 ], [ 231326.74186607048614, 2644829.71562334196642 ], [ 231355.948393619386479, 2644758.192909821867943 ], [ 231245.725708971498534, 2644687.265631943941116 ], [ 231233.852062572725117, 2644679.5714814607054 ], [ 231111.528438294597436, 2644600.30306011904031 ], [ 230936.669399226491805, 2644490.568709218408912 ], [ 230836.002117862983141, 2644419.637756424490362 ], [ 230799.909030940732919, 2644394.206214743666351 ], [ 230717.078741364122834, 2644333.332488995976746 ], [ 230622.540281572320964, 2644221.893483349587768 ], [ 230535.092930221057031, 2644110.308597672265023 ], [ 230560.622417643200606, 2644087.897809913381934 ], [ 230579.422730712452903, 2644083.365234046243131 ], [ 230639.992617584823165, 2644041.901806619483978 ], [ 230662.964680916571524, 2644010.689562924671918 ], [ 230720.771084924053866, 2643950.377474491484463 ], [ 230730.277683533204254, 2643841.457587130833417 ], [ 230724.951444381673355, 2643813.209325403440744 ], [ 230675.649462944304105, 2643717.354303452651948 ], [ 230671.353234019421507, 2643713.566769416444004 ], [ 230669.214593693672214, 2643709.250783659517765 ], [ 230654.050352278049104, 2643690.715994583442807 ], [ 230630.73862869333243, 2643673.296626898925751 ], [ 230612.546311997284647, 2643660.168764072936028 ], [ 230592.128573415626306, 2643645.830718358047307 ], [ 230589.227892765484285, 2643642.43515065126121 ], [ 230564.665362998377532, 2643640.127795474603772 ], [ 230549.626941533526406, 2643642.332307334523648 ], [ 230528.967248569242656, 2643646.227679695002735 ], [ 230527.107777597091626, 2643646.975672041065991 ], [ 230520.54150562256109, 2643647.377949346322566 ], [ 230509.961642636859324, 2643649.373168233316392 ], [ 230435.700783013890032, 2643663.378727305680513 ], [ 230421.672456167580094, 2643666.019209429156035 ], [ 230346.276654033106752, 2643677.072230100631714 ], [ 230313.854695326241199, 2643708.484784279018641 ], [ 230309.581040133838542, 2643729.846621070057154 ], [ 230299.951436590694357, 2643752.282977909781039 ], [ 230296.640199529589154, 2643750.422184375114739 ], [ 230294.17194296582602, 2643749.097985584754497 ], [ 230284.530270306800958, 2643742.920629474334419 ], [ 230274.88720860844478, 2643736.680463633965701 ], [ 230270.734388095093891, 2643732.638875122182071 ], [ 230262.021459469047841, 2643728.944376857951283 ], [ 230253.976550811668858, 2643724.297077949158847 ], [ 230242.682117962336633, 2643719.844095883890986 ], [ 230228.223308251588605, 2643713.706029220018536 ], [ 230218.588207914377563, 2643710.781928673852235 ], [ 230207.333240857929923, 2643711.145734594669193 ], [ 230200.89174606470624, 2643711.28237794758752 ], [ 230189.644591236312408, 2643714.962344643194228 ], [ 230184.835213394835591, 2643718.317988461814821 ], [ 230175.128762636391912, 2643726.783056687097996 ], [ 230173.749993035453372, 2643729.628106847405434 ], [ 230170.396199589129537, 2643736.707013257779181 ], [ 230167.185017552576028, 2643741.655620251316577 ], [ 230162.327465056732763, 2643751.58203375665471 ], [ 230159.004105729749426, 2643760.099518429953605 ], [ 230155.92044916737359, 2643768.111222570296377 ], [ 230155.904064390691929, 2643776.183152124751359 ], [ 230151.130535771721043, 2643781.227318945340812 ], [ 230151.115427530719899, 2643789.361733893863857 ], [ 230149.502245187934022, 2643795.903415150009096 ], [ 230149.515136983478442, 2643802.410301893483847 ], [ 230144.72017209068872, 2643812.335442134179175 ], [ 230144.704967969970312, 2643820.469859638251364 ], [ 230139.874087600561325, 2643828.706384716089815 ], [ 230136.690017115091905, 2643846.731483779847622 ], [ 230137.609029348473996, 2643854.658318165224046 ], [ 230136.735181265627034, 2643869.506144765298814 ], [ 230136.755809355992824, 2643879.329072337131947 ], [ 230136.704789337236434, 2643885.774871017318219 ], [ 230141.579528277739882, 2643900.250185997225344 ], [ 230146.385361444670707, 2643911.473339235410094 ], [ 230149.155180491856299, 2643921.112965747714043 ], [ 230154.456015416944865, 2643929.134679677896202 ], [ 230156.073424263857305, 2643940.487854775972664 ], [ 230157.434295463724993, 2643948.593159615062177 ], [ 230166.062328265863471, 2643968.933047545142472 ], [ 230168.934753963025287, 2643977.506883049383759 ], [ 230175.309123978950083, 2643991.887712895404547 ], [ 230178.516755337244831, 2644001.518140153028071 ], [ 230183.336697452934459, 2644019.310672943945974 ], [ 230188.133601948851719, 2644041.921808028127998 ], [ 230188.139918922679499, 2644048.116052118130028 ], [ 230188.149448598152958, 2644066.261177517008036 ], [ 230188.119336533418391, 2644082.530006875284016 ], [ 230187.555564014648553, 2644097.245672105345875 ], [ 230188.982761558087077, 2644108.478170838207006 ], [ 230188.163526266231202, 2644120.008233164902776 ], [ 230188.118947604263667, 2644129.707585882395506 ], [ 230188.610675315547269, 2644141.084849638864398 ], [ 230188.067192482412793, 2644150.857280052732676 ], [ 230187.524986235774122, 2644160.692306480370462 ], [ 230187.247944717935752, 2644165.328253225889057 ], [ 230188.054961734625977, 2644176.823961606249213 ], [ 230188.06566471059341, 2644197.972486636135727 ], [ 230188.028917572984938, 2644210.987767435610294 ], [ 230184.802659411856439, 2644224.07069103512913 ], [ 230184.138020257465541, 2644234.033474698662758 ], [ 230183.948879301082343, 2644236.915642060339451 ], [ 230181.546026580035686, 2644253.422565948218107 ], [ 230181.530129146703985, 2644276.260773472487926 ], [ 230181.548115427081939, 2644285.958734556566924 ], [ 230181.505137347790878, 2644295.720679709222168 ], [ 230180.782937620009761, 2644308.875600542873144 ], [ 230181.489282795868348, 2644312.677288832142949 ], [ 230181.486514058546163, 2644315.493011549115181 ], [ 230181.449567112722434, 2644331.449098343029618 ], [ 230181.440940811764449, 2644342.837072294671088 ], [ 230181.453850752441213, 2644349.343961718026549 ], [ 230182.926763025519904, 2644353.880392250604928 ], [ 230188.245387836766895, 2644353.892651578877121 ], [ 230187.022125792282168, 2644381.762291198596358 ], [ 230186.510472302383278, 2644393.035561990458518 ], [ 230185.97348100336967, 2644406.061551976483315 ], [ 230185.672488421900198, 2644412.512591852340847 ], [ 230186.109320412331726, 2644427.207184232305735 ], [ 230187.656326252094004, 2644435.245938275475055 ], [ 230187.688714585092384, 2644451.513382645789534 ], [ 230186.025898084277287, 2644464.563356183934957 ], [ 230185.981450677558314, 2644474.262489486020058 ], [ 230181.171372425509617, 2644492.322180670220405 ], [ 230181.156197753327433, 2644500.456491782795638 ], [ 230177.929943689319771, 2644513.539429976139218 ], [ 230174.663954019371886, 2644521.805384384002537 ], [ 230169.846174811769743, 2644536.549041695892811 ], [ 230166.585285795561504, 2644548.005961714778095 ], [ 230160.205150700872764, 2644562.845298759173602 ], [ 230150.496624430641532, 2644585.951663171872497 ], [ 230144.080695091455709, 2644599.102500929497182 ], [ 230137.666052059677895, 2644612.31582793360576 ], [ 230131.188975323108025, 2644625.530329846311361 ], [ 230126.393960182147566, 2644635.45529902447015 ], [ 230118.297305887273978, 2644651.95806482527405 ], [ 230105.451640216226224, 2644686.456368878018111 ], [ 230097.417381234990899, 2644702.95754027646035 ], [ 230094.220524814678356, 2644714.475687531288713 ], [ 230087.720473013934679, 2644732.508497022092342 ], [ 230082.910439754428808, 2644750.568250208627433 ], [ 230076.47286790428916, 2644768.599786640144885 ], [ 230073.267452128289733, 2644791.50582159915939 ], [ 230068.393542548641562, 2644809.504274259787053 ], [ 230068.35549930302659, 2644822.456982905510813 ], [ 230068.318939316144679, 2644835.47239461960271 ], [ 230068.314460255845916, 2644844.107031530234963 ], [ 230068.293790647760034, 2644854.93211431382224 ], [ 230068.770484883105382, 2644874.443934447132051 ], [ 230068.27259433834115, 2644877.520313294604421 ], [ 230068.255955260188784, 2644888.532958787400275 ], [ 230068.245085512346122, 2644893.914145181886852 ], [ 230067.961369457421824, 2644901.178267612587661 ], [ 230067.798695306410082, 2644905.311456210911274 ], [ 230068.229381672746968, 2644913.811695562209934 ], [ 230068.117400846967939, 2644940.969521535560489 ], [ 230067.519049521477427, 2644957.000115152914077 ], [ 230068.083903676830232, 2644971.817232555709779 ], [ 230068.045982542971615, 2644984.769941776059568 ], [ 230068.070404245925602, 2644997.721371145918965 ], [ 230068.027465639286675, 2645007.483223282266408 ], [ 230067.959207127103582, 2645036.704692385159433 ], [ 230067.914796754077543, 2645046.404174473136663 ], [ 230067.940701387065928, 2645059.417975263670087 ], [ 230066.057455211470369, 2645065.026794986333698 ], [ 230064.706659816147294, 2645069.185150560457259 ], [ 230061.488276813121047, 2645085.583973782602698 ], [ 230059.886785530834459, 2645098.570002488326281 ], [ 230059.269129642343614, 2645101.899331085383892 ], [ 230056.701420766650699, 2645116.532708240672946 ], [ 230053.45234626083402, 2645134.43399119656533 ], [ 230053.443802497291472, 2645145.821876547764987 ], [ 230050.994688953098375, 2645157.199016727972776 ], [ 230051.188726364285685, 2645160.448506297543645 ], [ 230045.414007018262055, 2645180.218021943699569 ], [ 230045.369521228945814, 2645189.917398311663419 ], [ 230042.226037505140994, 2645198.055546092800796 ], [ 230037.399774849822279, 2645224.187078190036118 ], [ 230037.356672402995173, 2645233.948828036431223 ], [ 230032.624115167767741, 2645243.872695247642696 ], [ 230032.607813984213863, 2645251.94486886728555 ], [ 230031.041355195629876, 2645257.734396719839424 ], [ 230028.578924868954346, 2645268.486040966585279 ], [ 230023.034749352606013, 2645281.430561508983374 ], [ 230021.426818329666276, 2645291.1631512157619 ], [ 230016.647127961274236, 2645313.60202513448894 ], [ 230015.229906966909766, 2645317.573999227955937 ], [ 230008.253604851022828, 2645333.802519548218697 ], [ 230002.207348548457958, 2645352.576799585483968 ], [ 230000.092627828707919, 2645356.125518787186593 ], [ 229991.160459227859974, 2645371.582232671789825 ], [ 229987.277209333027713, 2645377.29587492486462 ], [ 229983.27290708234068, 2645383.19976059673354 ], [ 229978.030875235039275, 2645392.696540467906743 ], [ 229969.565634234808385, 2645409.519933627452701 ], [ 229967.384460728790145, 2645412.882379501126707 ], [ 229956.991146372165531, 2645430.247135606594384 ], [ 229943.166785353736486, 2645454.004342618398368 ], [ 229939.307561842957512, 2645460.843824406620115 ], [ 229937.250113707908895, 2645464.141223946586251 ], [ 229924.653054867405444, 2645480.864427579566836 ], [ 229921.50445085670799, 2645485.811758586671203 ], [ 229913.742009109409992, 2645497.42676996299997 ], [ 229904.451907860173378, 2645510.763749926816672 ], [ 229890.725248875387479, 2645527.323329118546098 ], [ 229883.178425349644385, 2645537.307082866318524 ], [ 229878.688322438043542, 2645543.909502211492509 ], [ 229867.410442378546577, 2645554.973540625534952 ], [ 229857.055730902415235, 2645568.27036609640345 ], [ 229850.200842352525797, 2645578.427127995528281 ], [ 229845.222434551513288, 2645585.603306589648128 ], [ 229843.093345843721181, 2645588.464062198065221 ], [ 229830.266000350995455, 2645606.130778038874269 ], [ 229819.086328530684114, 2645618.882098723668605 ], [ 229812.039938991016243, 2645628.855286080855876 ], [ 229806.185886039049365, 2645636.050031401216984 ], [ 229791.157475226034876, 2645659.081936473026872 ], [ 229780.273074944911059, 2645673.954283692874014 ], [ 229771.39691194408806, 2645686.156223252415657 ], [ 229767.935600885597523, 2645691.110138258896768 ], [ 229764.754939840873703, 2645697.497271000407636 ], [ 229755.42626628477592, 2645711.961268818471581 ], [ 229753.914460515312385, 2645714.433619547635317 ], [ 229744.926530341384932, 2645724.322733671870083 ], [ 229731.600475320708938, 2645739.121848359238356 ], [ 229713.146712219400797, 2645765.85560275381431 ], [ 229711.698550640023313, 2645771.329978438094258 ], [ 229711.180823721631896, 2645773.46823285985738 ], [ 229699.215826531813946, 2645793.431749016046524 ], [ 229689.674181727983523, 2645806.711466048844159 ], [ 229683.006876723840833, 2645819.805075554177165 ], [ 229681.938296139705926, 2645822.518370660021901 ], [ 229677.378973324957769, 2645831.750225518364459 ], [ 229676.119913071859628, 2645834.342414176557213 ], [ 229672.742283587576821, 2645843.236419081687927 ], [ 229671.483327268739231, 2645845.82860643370077 ], [ 229667.600067509454675, 2645854.483074211981148 ], [ 229666.22527844045544, 2645857.515779487323016 ], [ 229662.431124563037883, 2645867.41964740306139 ], [ 229660.059447847364936, 2645873.601979942061007 ], [ 229656.427545661572367, 2645882.313906359020621 ], [ 229653.096647672704421, 2645890.456042943987995 ], [ 229649.253055957495235, 2645900.986936114728451 ], [ 229647.656048631528392, 2645905.337955905124545 ], [ 229645.69136764423456, 2645918.894947120919824 ], [ 229643.603052575141191, 2645929.576064424123615 ], [ 229640.209437479323242, 2645937.719828478991985 ], [ 229638.84124860301381, 2645941.064960701391101 ], [ 229636.433325607329607, 2645957.321952974889427 ], [ 229637.366758415359072, 2645971.818205498158932 ], [ 229637.340611345483921, 2645991.215420704800636 ], [ 229636.759313848509919, 2646013.940828101709485 ], [ 229637.391175135038793, 2646020.121807563118637 ], [ 229637.482378245040309, 2646033.259681778028607 ], [ 229637.539993944228627, 2646050.715430149808526 ], [ 229637.54213631618768, 2646065.544613987673074 ], [ 229637.558959784393664, 2646075.179929886944592 ], [ 229640.211737043282483, 2646088.138217114377767 ], [ 229640.606786208460107, 2646092.009251357056201 ], [ 229640.47357490909053, 2646094.57751802355051 ], [ 229642.779279882786795, 2646102.975491321645677 ], [ 229645.461332472797949, 2646114.368833574000746 ], [ 229647.245570482569747, 2646121.776901682838798 ], [ 229652.042218513670377, 2646129.621338677126914 ], [ 229658.471617550298106, 2646140.68491171207279 ], [ 229661.702182543056551, 2646145.496823436580598 ], [ 229667.887831153115258, 2646159.819120839703828 ], [ 229668.797848533547949, 2646164.367525917943567 ], [ 229674.995894107792992, 2646170.430385145358741 ], [ 229688.033191143826116, 2646183.293064250145108 ], [ 229698.738207404210698, 2646192.388837688602507 ], [ 229708.168320653610863, 2646200.38540044054389 ], [ 229711.544180368771777, 2646203.19185497565195 ], [ 229719.440093044831883, 2646209.656735206022859 ], [ 229721.164552428643219, 2646211.309535899665207 ], [ 229726.968629282957409, 2646216.504796213936061 ], [ 229730.271318861807231, 2646218.812222430482507 ], [ 229736.73147246602457, 2646225.43265097681433 ], [ 229746.687235882272944, 2646234.606923693325371 ], [ 229754.214568005059846, 2646241.392287851776928 ], [ 229758.217072992119938, 2646244.247936317231506 ], [ 229759.749975684389938, 2646245.717144107446074 ], [ 229764.286036235280335, 2646250.125834343489259 ], [ 229774.61030585860135, 2646258.979323577135801 ], [ 229778.282817258499563, 2646263.969593581743538 ], [ 229785.638538223865908, 2646271.509524825494736 ], [ 229795.226867670135107, 2646281.066890351008624 ], [ 229796.820920552476309, 2646282.472110872622579 ], [ 229804.288336087425705, 2646292.324899228755385 ], [ 229810.280075396411121, 2646300.45681226067245 ], [ 229817.361323583463673, 2646312.757933360990137 ], [ 229818.661263690504711, 2646315.045360948890448 ], [ 229822.345644498302136, 2646320.598553469870239 ], [ 229825.535020521085244, 2646326.412300133146346 ], [ 229826.840276894101407, 2646331.890702513512224 ], [ 229828.214559520420153, 2646337.680687124375254 ], [ 229827.564598914177623, 2646348.331323607359082 ], [ 229826.478548259590752, 2646356.113064027391374 ], [ 229826.643357157765422, 2646360.927391185425222 ], [ 229819.739178479940165, 2646374.651722950860858 ], [ 229814.79247767518973, 2646386.269725160673261 ], [ 229813.097077577433083, 2646391.87442542007193 ], [ 229811.459979584149551, 2646397.290170699823648 ], [ 229807.653913334012032, 2646403.690614920575172 ], [ 229801.20366280444432, 2646415.215285172685981 ], [ 229796.440673777891789, 2646426.641542995348573 ], [ 229793.230995681835338, 2646431.652704272419214 ], [ 229791.707193613576237, 2646436.503076795022935 ], [ 229790.060868743050378, 2646441.481102342251688 ], [ 229790.10701735742623, 2646449.551466556731611 ], [ 229786.874459112703335, 2646459.381039083003998 ], [ 229786.88755302951904, 2646462.947256895713508 ], [ 229783.991674394346774, 2646470.955298864282668 ], [ 229782.748697996430565, 2646474.297736980021 ], [ 229780.41428621916566, 2646482.231282133609056 ], [ 229778.441845818946604, 2646492.472089812159538 ], [ 229776.507943504489958, 2646501.585788142867386 ], [ 229777.371233330224641, 2646509.82666725711897 ], [ 229777.356317481084261, 2646515.020315353292972 ], [ 229777.361472678661812, 2646521.15211215056479 ], [ 229777.420838671620004, 2646532.788915704470128 ], [ 229777.427166745299473, 2646538.983089049812406 ], [ 229777.107352585589979, 2646547.499447168782353 ], [ 229776.979647167900112, 2646550.317867137957364 ], [ 229777.402674149605446, 2646552.561361708678305 ], [ 229779.082986819965299, 2646560.972645643632859 ], [ 229779.373837993538473, 2646574.669347507413477 ], [ 229781.440070986747742, 2646580.632083421107382 ], [ 229784.769079629855696, 2646590.072168731596321 ], [ 229789.134659978037234, 2646598.238715543411672 ], [ 229791.155844122695271, 2646602.075099111068994 ], [ 229793.870248782855924, 2646606.14705564500764 ], [ 229801.539349339320324, 2646625.506092550698668 ], [ 229808.341427002742421, 2646636.436462018173188 ], [ 229809.134360749041662, 2646638.421862414106727 ], [ 229812.830678758618888, 2646644.537848284002393 ], [ 229817.628779708873481, 2646652.444908242672682 ], [ 229823.329153972968925, 2646661.584318358451128 ], [ 229833.71165564324474, 2646676.130385190714151 ], [ 229840.142299548664596, 2646687.256489068735391 ], [ 229848.102139054273721, 2646696.723088386468589 ], [ 229852.961465704720467, 2646704.566275456920266 ], [ 229862.609683819639031, 2646713.997287982609123 ], [ 229868.999379290326033, 2646720.243683116976172 ], [ 229873.825448610063177, 2646726.523328037932515 ], [ 229885.04129829275189, 2646739.049484027549624 ], [ 229888.242678092268761, 2646745.426146076992154 ], [ 229894.632247185276356, 2646751.672552323434502 ], [ 229896.055943306128029, 2646753.894927105866373 ], [ 229902.597130372305401, 2646764.330264489166439 ], [ 229907.457788787432946, 2646772.236170479562134 ], [ 229910.721687877026852, 2646778.61144002340734 ], [ 229917.066007956222165, 2646788.61313610104844 ], [ 229918.750458597554825, 2646791.33035679301247 ], [ 229921.9237889185315, 2646799.334452786948532 ], [ 229925.158278267132118, 2646807.274891406763345 ], [ 229929.779483775200788, 2646815.686259510461241 ], [ 229936.484239067591261, 2646827.932743577752262 ], [ 229941.283596980269067, 2646835.902317408006638 ], [ 229944.423776896612253, 2646842.342867556493729 ], [ 229946.418347252008971, 2646844.928472573403269 ], [ 229948.590973442071117, 2646852.953801720403135 ], [ 229953.932010238582734, 2646859.910842509008944 ], [ 229955.413015987724066, 2646861.881664860062301 ], [ 229956.516147782967892, 2646863.735229473095387 ], [ 229958.979044268664438, 2646867.750085993669927 ], [ 229966.175756458949763, 2646888.432956114877015 ], [ 229967.579357467126101, 2646895.598706159275025 ], [ 229968.387011269456707, 2646898.272101724520326 ], [ 229970.535727235197555, 2646908.112532580737025 ], [ 229971.168941753334366, 2646911.41529323766008 ], [ 229973.742348016530741, 2646914.739366476424038 ], [ 229977.860239051573444, 2646928.917913281358778 ], [ 229981.557901330757886, 2646935.096411938779056 ], [ 229984.834792162699159, 2646947.978722407948226 ], [ 229984.888930213870481, 2646959.365353643894196 ], [ 229989.685665984638035, 2646970.150671106297523 ], [ 229989.657097181305289, 2646983.541255552787334 ], [ 229989.801798757223878, 2646993.299062933307141 ], [ 229991.426205649331678, 2647007.905913298018277 ], [ 229991.486616546288133, 2647022.546009154990315 ], [ 229991.165332958567888, 2647036.881280327215791 ], [ 229991.11478946194984, 2647040.386402549222112 ], [ 229991.621010432427283, 2647058.333222148008645 ], [ 229991.682908736926038, 2647073.035911054816097 ], [ 229991.707746658183169, 2647085.987264832947403 ], [ 229991.692777839896735, 2647094.121723535470665 ], [ 229991.789181044325233, 2647113.391149513889104 ], [ 229991.884524420078378, 2647126.716567854396999 ], [ 229988.707377281272784, 2647147.995335421059281 ], [ 229988.784352125774603, 2647154.563453854992986 ], [ 229988.844886909879278, 2647169.20355044817552 ], [ 229988.892044627747964, 2647192.040586596354842 ], [ 229985.777464514249004, 2647213.318073068745434 ], [ 229985.790529811754823, 2647219.824883061926812 ], [ 229985.880684126517735, 2647232.900142665486783 ], [ 229981.156152031209785, 2647246.14018490863964 ], [ 229981.1822994244867, 2647259.154248984530568 ], [ 229978.112786275160033, 2647285.498798707965761 ], [ 229978.234015815309249, 2647314.778996496461332 ], [ 229977.725287219800521, 2647326.177534203976393 ], [ 229977.963332976447418, 2647331.490893241018057 ], [ 229977.68232239986537, 2647335.939424939919263 ], [ 229978.299511916702613, 2647347.313936696853489 ], [ 229978.409830486460123, 2647349.564081747084856 ], [ 229976.225564891530667, 2647364.56476131407544 ], [ 229975.965989474323578, 2647367.072998438030481 ], [ 229973.740347886865493, 2647388.957234266679734 ], [ 229973.125245495757554, 2647398.293304075021297 ], [ 229970.352455174317583, 2647426.821446429472417 ], [ 229970.281863864394836, 2647429.388311511836946 ], [ 229969.806295186863281, 2647442.350512609351426 ], [ 229969.423933233018033, 2647453.808857225812972 ], [ 229969.276067668513861, 2647458.630056077614427 ], [ 229968.8098530327552, 2647474.97057454707101 ], [ 229969.349865583062638, 2647482.717897453345358 ], [ 229969.240633640612941, 2647486.411652640905231 ], [ 229969.774959244357888, 2647502.731052321847528 ], [ 229970.572876863472629, 2647513.78907128656283 ], [ 229973.05134757689666, 2647530.317449516616762 ], [ 229973.24371280358173, 2647548.208331267349422 ], [ 229973.305794513085857, 2647562.910917239729315 ], [ 229973.464826108713169, 2647579.238364196848124 ], [ 229973.485695045499597, 2647589.06134728109464 ], [ 229976.846232851909008, 2647611.76545484457165 ], [ 229976.963078342785593, 2647623.150697025004774 ], [ 229977.556369335274212, 2647627.518083824310452 ], [ 229978.677860001451336, 2647636.12883981782943 ], [ 229978.733246857998893, 2647647.577967457938939 ], [ 229982.005048046412412, 2647657.269401751458645 ], [ 229982.491957009711768, 2647662.514913906343281 ], [ 229986.347619628882967, 2647682.017427708022296 ], [ 229986.467094969120808, 2647687.646226669196039 ], [ 229986.635942243097816, 2647695.589046999346465 ], [ 229987.919764724909328, 2647705.948343724012375 ], [ 229989.391161333303899, 2647710.422261518426239 ], [ 229992.070846650050953, 2647718.749613862484694 ], [ 229992.153076970833354, 2647728.508935541380197 ], [ 229992.174048426386435, 2647738.3319171811454 ], [ 229993.894035702105612, 2647754.500927925575525 ], [ 229993.941749623510987, 2647762.633994767908007 ], [ 230000.427981524320785, 2647785.20901863090694 ], [ 230000.475594208866823, 2647793.342198122758418 ], [ 230003.719340907235164, 2647804.660953232087195 ], [ 230003.767057065910194, 2647812.79424161138013 ], [ 230003.851668788469397, 2647831.500656633637846 ], [ 230003.889950438169762, 2647842.136709897778928 ], [ 230008.680890332791023, 2647861.494312808848917 ], [ 230011.015955382783432, 2647874.208996414672583 ], [ 230014.37421818979783, 2647882.084044906310737 ], [ 230015.197863227862399, 2647885.507915104273707 ], [ 230019.162773810559884, 2647898.37563660601154 ], [ 230024.20164952846244, 2647914.661862664856017 ], [ 230025.331261594430543, 2647917.766442819964141 ], [ 230027.209798512049019, 2647929.614682623185217 ], [ 230028.583862523140851, 2647944.2270164238289 ], [ 230030.877693373768125, 2647952.062097880057991 ], [ 230033.10771475196816, 2647959.835979478433728 ], [ 230037.034059835947119, 2647973.830702353268862 ], [ 230037.074985439481679, 2647984.591834560967982 ], [ 230037.011896163749043, 2647999.297104962170124 ], [ 230036.967870949534699, 2648006.055693315342069 ], [ 230037.123320491053164, 2648010.432190740481019 ], [ 230037.08715850696899, 2648017.566019609104842 ], [ 230037.395699116575997, 2648023.25322311418131 ], [ 230038.298709661292378, 2648039.251935875508934 ], [ 230038.485041610780172, 2648042.126411804929376 ], [ 230038.690943598805461, 2648051.820126289967448 ], [ 230038.754482902004384, 2648060.703783305361867 ], [ 230038.759614432638045, 2648066.835580355953425 ], [ 230038.620919713575859, 2648077.975918732583523 ], [ 230038.588705395872239, 2648088.238130105659366 ], [ 230038.450101307651494, 2648096.437649656552821 ], [ 230038.054057866975199, 2648121.974585102405399 ], [ 230037.899429879616946, 2648129.423851414117962 ], [ 230038.324982514372095, 2648137.673954716417938 ], [ 230038.135679524450097, 2648152.319421811494976 ], [ 230038.067575110762846, 2648160.89278451167047 ], [ 230038.28832106810296, 2648165.39329642103985 ], [ 230038.562179565662518, 2648175.336105521768332 ], [ 230038.89856761530973, 2648185.277518587186933 ], [ 230039.144498162029777, 2648193.906938369851559 ], [ 230039.367897529678885, 2648198.532419120427221 ], [ 230039.243871548795141, 2648210.360751098953187 ], [ 230039.106183928321116, 2648224.504621685482562 ], [ 230038.997989381721709, 2648237.083433168008924 ], [ 230038.884670292492956, 2648246.471153446938843 ], [ 230038.375003970053513, 2648290.218497128691524 ], [ 230038.558495577250142, 2648295.908494157716632 ], [ 230038.988088167272508, 2648304.346161506138742 ], [ 230039.522696700703818, 2648314.784037789329886 ], [ 230040.057307551091071, 2648325.222024942282587 ], [ 230040.913739111623727, 2648341.9723931690678 ], [ 230041.959164117346518, 2648361.722428486216813 ], [ 230043.116021166904829, 2648389.666514325421304 ], [ 230044.186456823896151, 2648416.486280937679112 ], [ 230044.859643399075139, 2648418.724413859192282 ], [ 230047.973139638605062, 2648432.736728647723794 ], [ 230050.202539822843391, 2648461.096017476171255 ], [ 230052.984259932127316, 2648486.002154764253646 ], [ 230055.200527517241426, 2648504.914031078107655 ], [ 230055.889761948492378, 2648510.843347078189254 ], [ 230058.855214355397038, 2648532.617354571353644 ], [ 230061.968437073635869, 2648555.451688012573868 ], [ 230062.656272232590709, 2648558.377813235856593 ], [ 230069.65897572808899, 2648581.692916311323643 ], [ 230071.14121246378636, 2648586.666816066484898 ], [ 230071.041083387855906, 2648596.680159397423267 ], [ 230072.054793802089989, 2648609.047491021454334 ], [ 230073.651063590135891, 2648628.222713756840676 ], [ 230074.199122047051787, 2648636.345056492835283 ], [ 230077.81660120486049, 2648662.297268447466195 ], [ 230080.179418197483756, 2648679.266166794113815 ], [ 230080.427364576258697, 2648711.547009741421789 ], [ 230080.479087109793909, 2648713.986006836406887 ], [ 230081.478321096277796, 2648722.724524844903499 ], [ 230083.436637585808057, 2648735.38477630680427 ], [ 230083.587705528654624, 2648760.159230556339025 ], [ 230083.841055830649566, 2648789.749414262827486 ], [ 230084.457156708056573, 2648842.294981892686337 ], [ 230081.968980464269407, 2648890.088641670998186 ], [ 230082.499308140424546, 2648917.983548341784626 ], [ 230081.919005484320223, 2648923.064243501983583 ], [ 230080.60783736675512, 2648940.861803885083646 ], [ 230079.498992033943068, 2648956.402901239227504 ], [ 230078.580557657172903, 2648969.124066763091832 ], [ 230077.87909228738863, 2648980.276428587269038 ], [ 230076.873704090889078, 2649009.517872827593237 ], [ 230075.949719280179124, 2649036.69287564791739 ], [ 230074.553098767239135, 2649059.310363714117557 ], [ 230073.991326780989766, 2649068.207218260038644 ], [ 230072.140129792795051, 2649081.198497944045812 ], [ 230070.454867008433212, 2649102.007643424905837 ], [ 230070.011632531299256, 2649107.648239685222507 ], [ 230068.273534327920061, 2649123.014746689237654 ], [ 230065.627607104019262, 2649145.721436166204512 ], [ 230065.051195062347688, 2649153.930411174427718 ], [ 230061.999595230678096, 2649172.265524314716458 ], [ 230057.831650126026943, 2649188.121905440930277 ], [ 230054.906650858232751, 2649194.753867883235216 ], [ 230050.609592511085793, 2649207.484329594764858 ], [ 230047.201487738988362, 2649220.821521199773997 ], [ 230039.508260417613201, 2649247.452096918597817 ], [ 230033.832770689448807, 2649257.146065008360893 ], [ 230032.238244168343954, 2649270.4446403211914 ], [ 230033.200016496062744, 2649283.313694607466459 ], [ 230031.976984055130742, 2649287.594408178236336 ], [ 230027.376548529078718, 2649303.710081288125366 ], [ 230013.640497572603635, 2649340.417951787356287 ], [ 230002.990411821054295, 2649372.179477925412357 ], [ 229987.754773860855494, 2649408.981520643923432 ], [ 229975.505270790890791, 2649439.087940052617341 ], [ 229957.292678398021962, 2649485.964569699019194 ], [ 229954.398406981315929, 2649494.034925795160234 ], [ 229946.783886424964294, 2649515.533245320431888 ], [ 229940.70498713827692, 2649532.744080288801342 ], [ 229937.507164163573179, 2649541.259045314975083 ], [ 229932.649981491325889, 2649554.126562061719596 ], [ 229925.539686848467682, 2649572.860905292443931 ], [ 229921.551606676657684, 2649582.45638758642599 ], [ 229917.922732123115566, 2649591.293341926764697 ], [ 229912.107024797121994, 2649617.94660163950175 ], [ 229901.749737006088253, 2649654.645106846000999 ], [ 229897.617812655458692, 2649669.249272998422384 ], [ 229891.391132898337673, 2649691.281031774822623 ], [ 229888.80263364413986, 2649707.854598984122276 ], [ 229887.373290323303081, 2649717.145405333023518 ], [ 229884.397534119256306, 2649736.104721227660775 ], [ 229880.737640414095949, 2649761.14797285804525 ], [ 229880.230645718576852, 2649763.786785128060728 ], [ 229880.430196570407134, 2649773.168100788723677 ], [ 229880.774553269904573, 2649789.366323619615287 ], [ 229881.568224790215027, 2649823.76298415241763 ], [ 229881.836756301170681, 2649845.218751397915184 ], [ 229882.02155795606086, 2649848.030530690215528 ], [ 229883.017693195550237, 2649880.170383633114398 ], [ 229883.081484390073456, 2649883.17229980789125 ], [ 229884.450559172197245, 2649897.534376353025436 ], [ 229888.866459894052241, 2649937.485336326062679 ], [ 229889.017966446233913, 2649944.614998246543109 ], [ 229889.741272184823174, 2649975.696990319993347 ], [ 229890.196107566996943, 2649997.086192772723734 ], [ 229890.712092209840193, 2650018.411736133042723 ], [ 229893.842705583432689, 2650042.059144200291485 ], [ 229891.481973271642346, 2650054.62339996593073 ], [ 229891.475154830317479, 2650066.073851531371474 ], [ 229891.287260692741256, 2650080.7818609229289 ], [ 229891.133924326859415, 2650097.115908816456795 ], [ 229892.733194911910687, 2650113.475180968176574 ], [ 229892.642486747936346, 2650129.807940651662648 ], [ 229892.670233303972054, 2650142.884542188141495 ], [ 229892.649703272385523, 2650177.23579169344157 ], [ 229894.283535847673193, 2650195.221324434503913 ], [ 229894.002412881120108, 2650208.492151571437716 ], [ 229891.306164275156334, 2650231.762935490813106 ], [ 229892.056419744272716, 2650258.214070558082312 ], [ 229890.00273918377934, 2650285.22544885892421 ], [ 229888.538747478334699, 2650304.653328319080174 ], [ 229886.074015053105541, 2650321.161641566548496 ], [ 229884.599595033098012, 2650331.266710579860955 ], [ 229884.181737444247119, 2650335.154927585273981 ], [ 229880.950252440408804, 2650374.455189406871796 ], [ 229879.402399526559748, 2650389.942893422674388 ], [ 229878.679822689795401, 2650397.153728283941746 ], [ 229876.513179302972276, 2650418.849055572412908 ], [ 229875.634848214278463, 2650427.564934463240206 ], [ 229874.343897806247696, 2650443.360134695656598 ], [ 229872.400761077471543, 2650460.858465938828886 ], [ 229871.976329228898976, 2650467.374758775811642 ], [ 229871.628890203603078, 2650474.577762550208718 ], [ 229870.313874831539579, 2650503.950958741828799 ], [ 229867.799734552914742, 2650529.908468596637249 ], [ 229866.664558174961712, 2650541.257798462640494 ], [ 229865.36028861469822, 2650565.249876622576267 ], [ 229864.590896413137671, 2650579.094149413518608 ], [ 229859.858486872690264, 2650630.189441283699125 ], [ 229858.166981962102, 2650647.744893907569349 ], [ 229856.227883603132796, 2650668.371743627358228 ], [ 229852.955342614324763, 2650711.614801616407931 ], [ 229852.882103764161002, 2650714.056491658091545 ], [ 229852.92997075279709, 2650716.308152615092695 ], [ 229853.749402880552225, 2650743.070554128848016 ], [ 229852.861718123080209, 2650757.230382705107331 ], [ 229851.639903630595654, 2650776.27756661362946 ], [ 229847.736813558731228, 2650804.579741065856069 ], [ 229845.600889022229239, 2650827.713458879385144 ], [ 229844.170147468161304, 2650842.823370467871428 ], [ 229836.950895103567746, 2650879.955814696382731 ], [ 229836.045928241161164, 2650884.480075039435178 ], [ 229834.849558982241433, 2650901.774857057724148 ], [ 229833.90196171432035, 2650916.061061367858201 ], [ 229825.478548613085877, 2650949.527339998167008 ], [ 229815.624469289730769, 2650986.34043669141829 ], [ 229809.294190314947627, 2651018.198063696268946 ], [ 229805.026544289430603, 2651032.304594046901911 ], [ 229801.725124882359523, 2651044.763700249604881 ], [ 229797.611835515010171, 2651063.184373936150223 ], [ 229793.988335292087868, 2651072.271365680266172 ], [ 229792.917085991066415, 2651074.859522967599332 ], [ 229788.87832500168588, 2651085.019102929159999 ], [ 229775.898653363692574, 2651121.961356998886913 ], [ 229767.778688488237094, 2651137.338638019282371 ], [ 229758.095246365992352, 2651155.689963607583195 ], [ 229746.571375893487129, 2651187.532928503118455 ], [ 229740.60847656725673, 2651201.36251942301169 ], [ 229738.997055538347922, 2651205.025845391210169 ], [ 229733.45199391071219, 2651217.908155835233629 ], [ 229729.410711375239771, 2651225.002065860666335 ], [ 229725.369428994134068, 2651232.095755876973271 ], [ 229720.063855912303552, 2651241.531542245298624 ], [ 229704.377751687599812, 2651268.895489650312811 ], [ 229700.698295977374073, 2651275.355949456337839 ], [ 229691.539164690591861, 2651291.881474653724581 ], [ 229685.032177873130422, 2651303.657972785178572 ], [ 229683.645521282684058, 2651306.127728528808802 ], [ 229670.991924308706075, 2651326.043955381494015 ], [ 229655.567931691417471, 2651351.024570654146373 ], [ 229647.861853758106008, 2651359.385309209115803 ], [ 229641.458594119467307, 2651367.217556613963097 ], [ 229632.370035733794793, 2651378.235518134664744 ], [ 229630.231610378134064, 2651380.658594394102693 ], [ 229617.957330526143778, 2651394.872813880443573 ], [ 229601.957174031238537, 2651413.358690863475204 ], [ 229596.751559475262184, 2651418.662580769974738 ], [ 229557.792956667137332, 2651457.972098419442773 ], [ 229554.59936135658063, 2651460.793121851980686 ], [ 229545.252571183780674, 2651471.441071867011487 ], [ 229533.213827991858125, 2651484.962229348253459 ], [ 229515.332079779938795, 2651512.059943879954517 ], [ 229495.959975549485534, 2651542.630801012273878 ], [ 229484.554521771380678, 2651562.395382914226502 ], [ 229476.228458270779811, 2651576.901094087865204 ], [ 229470.739389540976845, 2651586.52866312302649 ], [ 229457.146293862431776, 2651615.2245431561023 ], [ 229453.194223547412548, 2651623.568075771909207 ], [ 229443.65316816768609, 2651645.670386572368443 ], [ 229441.566608872963116, 2651650.532845181878656 ], [ 229433.362943052023184, 2651667.851557859219611 ], [ 229430.754651520110201, 2651671.723918607924134 ], [ 229419.647486730013043, 2651717.26096406718716 ], [ 229409.510209701082204, 2651740.752764419652522 ], [ 229406.146074441727251, 2651756.154059885069728 ], [ 229402.263199481123593, 2651779.512872340157628 ], [ 229399.668379112088587, 2651792.832849584519863 ], [ 229393.543127800861839, 2651807.854963344521821 ], [ 229393.054786130145658, 2651811.36927030608058 ], [ 229391.109332865918986, 2651819.920379716902971 ], [ 229387.855730847339146, 2651831.690258277580142 ], [ 229375.851675731828436, 2651858.600486016366631 ], [ 229359.728900987072848, 2651877.213959651533514 ], [ 229339.17527112987591, 2651884.596616204828024 ], [ 229329.17001110711135, 2651887.812735375482589 ], [ 229323.497156822588295, 2651891.750241865869612 ], [ 229301.023453376372345, 2651900.049744097981602 ], [ 229288.544243790267501, 2651904.632585506420583 ], [ 229271.036446182057261, 2651911.074327777605504 ], [ 229265.511481827881653, 2651913.131554189603776 ], [ 229256.88325994258048, 2651916.381044460926205 ], [ 229241.391576384659857, 2651911.705115453340113 ], [ 229232.131316743849311, 2651911.714364211540669 ], [ 229227.974311302881688, 2651910.426336682867259 ], [ 229225.702626876765862, 2651909.536094710696489 ], [ 229217.730704876012169, 2651908.328919980674982 ], [ 229208.270869360654615, 2651904.83850794704631 ], [ 229194.526205028698314, 2651902.878548863809556 ], [ 229192.277433140727226, 2651903.051547087728977 ], [ 229176.535236343566794, 2651898.380743825808167 ], [ 229169.352403037191834, 2651896.03064093971625 ], [ 229167.027683989144862, 2651895.579643616918474 ], [ 229160.636411485786084, 2651892.211674622260034 ], [ 229151.152548788581043, 2651887.595461998600513 ], [ 229139.554317135422025, 2651883.587405410129577 ], [ 229135.680835519451648, 2651880.916613842826337 ], [ 229125.566276385099627, 2651879.004685717634857 ], [ 229111.494272002018988, 2651876.36325919162482 ], [ 229092.291248901863582, 2651873.705657091923058 ], [ 229075.132066262653098, 2651870.066190585959703 ], [ 229056.973628395295236, 2651869.451524029951543 ], [ 229045.839721601631027, 2651866.684862554073334 ], [ 229025.657258467515931, 2651865.049325693864375 ], [ 229013.458885081752669, 2651859.302303274627775 ], [ 229005.730243552592583, 2651857.777209698222578 ], [ 228999.384258709324058, 2651856.535678613930941 ], [ 228993.002306813839823, 2651853.605394092388451 ], [ 228985.326862984977197, 2651848.700435411650687 ], [ 228982.646969467459712, 2651846.254741997458041 ], [ 228971.604980709205847, 2651833.09963362198323 ], [ 228967.425260897784028, 2651827.807356903795153 ], [ 228960.159713424567599, 2651818.638992336113006 ], [ 228958.107728708768263, 2651816.305022852029651 ], [ 228955.551567841437645, 2651813.79393217433244 ], [ 228949.111133503029123, 2651802.230280832387507 ], [ 228942.524141511996277, 2651792.609319177921861 ], [ 228929.471625676960684, 2651773.177466680295765 ], [ 228924.175445029861294, 2651765.406103604938835 ], [ 228923.130923880322371, 2651763.363663846626878 ], [ 228919.486246354645118, 2651756.746028972789645 ], [ 228917.185365298413672, 2651754.479829411953688 ], [ 228887.861062170821242, 2651726.071064005140215 ], [ 228879.410126864735503, 2651719.993661656975746 ], [ 228867.919601013534702, 2651715.169914628379047 ], [ 228857.215589069179259, 2651709.078009864315391 ], [ 228855.320729504688643, 2651708.242324492894113 ], [ 228844.173555490502622, 2651701.909536065068096 ], [ 228840.874870977539103, 2651699.789768198970705 ], [ 228839.880785023793578, 2651685.419685080647469 ], [ 228839.491012989892624, 2651681.798910504207015 ], [ 228839.027796155947726, 2651674.738361066672951 ], [ 228838.459563292912208, 2651665.677697146311402 ], [ 228841.3168005864718, 2651655.855946039780974 ], [ 228845.923653779900633, 2651648.875056026037782 ], [ 228858.042210190789774, 2651630.284189167898148 ], [ 228867.393033976841252, 2651622.764366040937603 ], [ 228880.802355674619321, 2651617.786547904834151 ], [ 228893.839046134497039, 2651612.941356601659209 ], [ 228901.350901473255362, 2651610.153755298815668 ], [ 228907.497363486385439, 2651607.895465299021453 ], [ 228910.807977465447038, 2651607.637311869300902 ], [ 228918.679056230059359, 2651607.031897798646241 ], [ 228924.86406016908586, 2651606.587565314956009 ], [ 228944.667327419447247, 2651605.102553522679955 ], [ 228969.809110577101819, 2651604.567789243534207 ], [ 229020.027978116529994, 2651600.433628607075661 ], [ 229047.338980094762519, 2651601.854709225241095 ], [ 229057.346875166636892, 2651601.704346334561706 ], [ 229059.852786411123816, 2651601.838917508721352 ], [ 229066.152253732841928, 2651600.891518597956747 ], [ 229075.654586389253382, 2651600.501669582910836 ], [ 229089.757176588056609, 2651601.640722006093711 ], [ 229099.260790962551255, 2651601.313485253602266 ], [ 229110.264213853050023, 2651600.89166846871376 ], [ 229118.079287609376479, 2651600.600304448977113 ], [ 229124.405520853237249, 2651600.903735044412315 ], [ 229128.770233007729985, 2651600.185175403021276 ], [ 229143.211864269105718, 2651599.627672415692359 ], [ 229152.55609121103771, 2651597.676999827846885 ], [ 229160.397741098888218, 2651595.695725041441619 ], [ 229169.741969618073199, 2651593.744953314308077 ], [ 229174.715947130753193, 2651592.262463791295886 ], [ 229184.418087820347864, 2651577.727473493199795 ], [ 229192.35432872409001, 2651568.423450191970915 ], [ 229200.500761385832448, 2651557.237839918583632 ], [ 229213.250215469277464, 2651538.88369878474623 ], [ 229218.141720394894946, 2651530.582879261579365 ], [ 229221.150492488348391, 2651524.950093460734934 ], [ 229223.767976468545385, 2651518.574903519358486 ], [ 229227.161160092742648, 2651510.431033185683191 ], [ 229235.549932319787331, 2651490.042383744847029 ], [ 229235.982455434161238, 2651486.84211586881429 ], [ 229240.368460202182177, 2651451.834490820765495 ], [ 229247.793789282790385, 2651421.455124783329666 ], [ 229253.392272960743867, 2651402.252068630885333 ], [ 229250.941147710953373, 2651381.155425798147917 ], [ 229247.243263286072761, 2651357.33219585288316 ], [ 229250.092481305880938, 2651338.312782400753349 ], [ 229249.350012707873248, 2651335.763325784821063 ], [ 229245.763766455522273, 2651323.075287697371095 ], [ 229244.127303024928551, 2651304.964531511068344 ], [ 229239.732108809461351, 2651289.54053991753608 ], [ 229233.025520359922666, 2651274.290932183619589 ], [ 229226.569191101938486, 2651259.035940485075116 ], [ 229222.714329028502107, 2651242.536762290168554 ], [ 229221.106958929332905, 2651225.802227786742151 ], [ 229220.513697371876333, 2651209.671557232737541 ], [ 229217.550160782586318, 2651193.904244193807244 ], [ 229215.535719232982956, 2651181.558182853274047 ], [ 229209.469362230913248, 2651166.983225199859589 ], [ 229201.064906400046311, 2651145.450042980257422 ], [ 229197.486827168148011, 2651130.196398892439902 ], [ 229195.437652168620843, 2651113.283334486652166 ], [ 229190.200144225033, 2651102.382272436283529 ], [ 229180.019205098506063, 2651100.283746766392142 ], [ 229162.482040114235133, 2651102.408773469738662 ], [ 229152.670813136559445, 2651105.933732245117426 ], [ 229142.485760936397128, 2651109.529037464875728 ], [ 229134.276831204537302, 2651111.893610532395542 ], [ 229121.088421496329829, 2651115.490296163596213 ], [ 229108.140912812494207, 2651118.643992115743458 ], [ 229099.238557437667623, 2651120.77318354183808 ], [ 229087.495194485178217, 2651124.651857057120651 ], [ 229076.099204994912725, 2651127.20927985617891 ], [ 229066.989240107766818, 2651131.344947521574795 ], [ 229054.035138323321007, 2651134.186047871597111 ], [ 229051.979232696816325, 2651134.605232355650514 ], [ 229047.790285227471031, 2651134.756783000659198 ], [ 229025.853838713548612, 2651138.91502283886075 ], [ 229019.538264938862994, 2651139.111823685001582 ], [ 229010.161169406143017, 2651139.499088817741722 ], [ 228994.468191840103827, 2651140.0830670283176 ], [ 228984.915389724774286, 2651141.037142980378121 ], [ 228982.465503189072479, 2651140.588635147083551 ], [ 228978.848706032324117, 2651141.166087894700468 ], [ 228970.828733031114098, 2651137.707771625835449 ], [ 228958.192540968651883, 2651134.910513959359378 ], [ 228948.680794807325583, 2651131.921603554859757 ], [ 228939.239682857471053, 2651132.247502380982041 ], [ 228917.128967081778683, 2651128.212733236141503 ], [ 228909.313932302873582, 2651128.504176380112767 ], [ 228906.019169806386344, 2651123.631203253753483 ], [ 228901.162225268315524, 2651118.853900040965527 ], [ 228894.707034107123036, 2651112.483846744522452 ], [ 228887.996508569514845, 2651102.928275586105883 ], [ 228883.289855330309365, 2651096.395750124473125 ], [ 228880.057700264616869, 2651091.521598878782243 ], [ 228875.097090492490679, 2651081.865928307641298 ], [ 228870.204056923568714, 2651075.400211849249899 ], [ 228866.901440985617228, 2651067.211143809836358 ], [ 228861.975298375473358, 2651059.181639493443072 ], [ 228857.047664949786849, 2651051.089654359500855 ], [ 228853.75445881759515, 2651046.279281166847795 ], [ 228840.977245346992277, 2651036.85261055175215 ], [ 228836.120355163351633, 2651032.075433783233166 ], [ 228831.324391246947926, 2651027.234375671017915 ], [ 228823.377703338454012, 2651024.274827321525663 ], [ 228816.993098945007659, 2651021.219496509060264 ], [ 228812.407617534394376, 2651017.437693891115487 ], [ 228804.32237521559, 2651016.796196335926652 ], [ 228797.939086732687429, 2651016.74421633221209 ], [ 228795.631707994791213, 2651017.10623098583892 ], [ 228792.025451651832554, 2651018.183942302130163 ], [ 228782.378019980853423, 2651017.638359009288251 ], [ 228776.063867713790387, 2651017.897633299697191 ], [ 228768.24727644136874, 2651018.126443973276764 ], [ 228763.717776255507488, 2651019.912431791424751 ], [ 228754.224681908206549, 2651023.680698717944324 ], [ 228747.910431659372989, 2651023.940098397899419 ], [ 228733.851761652971618, 2651027.805619243066758 ], [ 228724.509073111985344, 2651029.819007110781968 ], [ 228704.338471499970183, 2651040.509480628184974 ], [ 228694.967569871398155, 2651044.150238815695047 ], [ 228688.751934275554959, 2651046.096907018683851 ], [ 228685.784429400868248, 2651047.78690090123564 ], [ 228679.417128772765864, 2651051.426210124976933 ], [ 228667.053694595932029, 2651058.509294691961259 ], [ 228651.572397904645186, 2651069.03773782402277 ], [ 228643.959447102097329, 2651075.894616237375885 ], [ 228631.605220935307443, 2651086.356549639254808 ], [ 228626.986300217569806, 2651089.833492297213525 ], [ 228617.573061236471403, 2651100.295261564198881 ], [ 228613.172259127139114, 2651105.206708181649446 ], [ 228608.590739052335266, 2651110.43512173043564 ], [ 228600.985720849887002, 2651120.608024190645665 ], [ 228595.765470185840968, 2651125.224192249588668 ], [ 228591.491309973527677, 2651130.195541622117162 ], [ 228588.728695580444764, 2651132.694650906138122 ], [ 228584.109906042634975, 2651136.171829619910568 ], [ 228577.963346969452687, 2651141.370550115127116 ], [ 228573.344560608791653, 2651144.847622042521834 ], [ 228569.399043780053034, 2651147.622246606275439 ], [ 228566.008376438578125, 2651150.009324423968792 ], [ 228560.954435488383751, 2651153.620758067816496 ], [ 228545.499824621947482, 2651162.459281973540783 ], [ 228539.256049165443983, 2651166.033263304270804 ], [ 228533.101714860182256, 2651167.916116280015558 ], [ 228529.454157895350363, 2651169.995954011566937 ], [ 228520.675723745313007, 2651175.000641244929284 ], [ 228501.999254191294312, 2651182.405776961706579 ], [ 228494.292057009006385, 2651184.822311911266297 ], [ 228490.93593290343415, 2651185.894931972958148 ], [ 228478.668240073719062, 2651191.599392505828291 ], [ 228475.631639642640948, 2651192.977970037143677 ], [ 228462.862354777462315, 2651204.512375134974718 ], [ 228452.443052409391385, 2651211.804505073465407 ], [ 228441.394082455604803, 2651230.68549071950838 ], [ 228431.435177496867254, 2651236.090738046914339 ], [ 228427.983443365665153, 2651241.482608462218195 ], [ 228424.220104783889838, 2651246.943772374186665 ], [ 228418.949023286171723, 2651255.064882930833846 ], [ 228412.802676279854495, 2651260.263794266153127 ], [ 228398.947530009259935, 2651270.757690208032727 ], [ 228389.479573332064319, 2651272.773468140512705 ], [ 228381.664385203737766, 2651273.064878295175731 ], [ 228370.795335197763052, 2651276.86268064007163 ], [ 228363.906275196990464, 2651279.511969554238021 ], [ 228350.62469322164543, 2651287.553391348104924 ], [ 228339.796666437119711, 2651296.230575549881905 ], [ 228335.79122385464143, 2651302.072410246822983 ], [ 228334.009372504486237, 2651303.611924429889768 ], [ 228333.582066641014535, 2651327.648163074627519 ], [ 228343.506414576200768, 2651341.202646166086197 ], [ 228351.937660870491527, 2651349.282815015409142 ], [ 228362.226377136132214, 2651353.506390424910933 ], [ 228373.335052122536581, 2651358.025345215108246 ], [ 228384.161586186091881, 2651361.048954558558762 ], [ 228385.595964147301856, 2651363.771492296364158 ], [ 228385.669203714292962, 2651367.211279969662428 ], [ 228385.871370153676253, 2651373.777028080075979 ], [ 228383.682385628577322, 2651385.586914075072855 ], [ 228373.992087840975728, 2651400.684776671230793 ], [ 228369.479834227240644, 2651409.165288933552802 ], [ 228367.210953800124116, 2651414.281652970705181 ], [ 228365.064439952897374, 2651419.270459395833313 ], [ 228361.656404404435307, 2651432.607994395308197 ], [ 228361.597844365809578, 2651447.501204603817314 ], [ 228361.551339640107471, 2651454.134503264911473 ], [ 228361.492699698254, 2651463.145975574385375 ], [ 228369.777255150780547, 2651523.162862497381866 ], [ 228371.665519588801544, 2651529.56735921651125 ], [ 228376.521214296284597, 2651546.045483463909477 ], [ 228378.411943072336726, 2651552.575065534096211 ], [ 228380.772566175670363, 2651560.596558501943946 ], [ 228382.529059284133837, 2651566.691108488012105 ], [ 228385.877083951083478, 2651574.065819218754768 ], [ 228391.601550024992321, 2651590.212403627578169 ], [ 228401.513796875835396, 2651617.90822259709239 ], [ 228406.856411399203353, 2651642.572536157444119 ], [ 228408.941643071244471, 2651652.351860743947327 ], [ 228409.364745030121412, 2651654.595446999184787 ], [ 228412.483785764547065, 2651665.916859611868858 ], [ 228412.783148705086205, 2651677.048238923307508 ], [ 228413.021340702194721, 2651685.302305900957435 ], [ 228410.105837245879229, 2651695.313142945058644 ], [ 228409.011857374629471, 2651708.601341772358865 ], [ 228406.055153840919957, 2651713.732606135774404 ], [ 228402.435606114799157, 2651720.066551135387272 ], [ 228397.971025167964399, 2651727.857886164449155 ], [ 228395.787239696423057, 2651731.095224423799664 ], [ 228388.991552753432188, 2651738.122699814382941 ], [ 228381.652817770605907, 2651746.100108109414577 ], [ 228377.00462400726974, 2651751.142252777237445 ], [ 228373.88675851986045, 2651760.468874682206661 ], [ 228373.122845575213432, 2651762.800208268221468 ], [ 228368.428339962440077, 2651765.653373973909765 ], [ 228362.662383151764516, 2651771.094403488561511 ], [ 228352.00359385664342, 2651778.892389298416674 ], [ 228345.042714804119896, 2651784.046042600646615 ], [ 228338.945283193548676, 2651788.618323001544923 ], [ 228329.645239042059984, 2651795.573760784231126 ], [ 228313.654148136789445, 2651805.674996302463114 ], [ 228303.111269958259072, 2651810.091497857589275 ], [ 228295.173566747398581, 2651813.451423855964094 ], [ 228287.856084377155639, 2651816.548129155766219 ], [ 228284.565411292482167, 2651817.744376986753196 ], [ 228273.605855954403523, 2651820.229969649109989 ], [ 228262.77113180316519, 2651822.712985732126981 ], [ 228251.596010364766698, 2651823.889292874839157 ], [ 228240.62715493835276, 2651825.937182106543332 ], [ 228232.785389959986787, 2651827.918546199798584 ], [ 228220.351412130577955, 2651831.68707860307768 ], [ 228210.9460593983531, 2651833.701835201121867 ], [ 228201.568652861460578, 2651834.088911811355501 ], [ 228189.036213558341842, 2651836.170113164465874 ], [ 228179.53367806103779, 2651836.560017711482942 ], [ 228170.093758023285773, 2651836.948520873207599 ], [ 228160.715066150005441, 2651837.273138287011534 ], [ 228151.275045943504665, 2651837.661766637116671 ], [ 228143.397330616193358, 2651837.954415824264288 ], [ 228135.365358815761283, 2651839.814749940764159 ], [ 228132.439192674413789, 2651840.502715095877647 ], [ 228124.550879042537417, 2651840.295047964435071 ], [ 228119.418322567944415, 2651840.216612151358277 ], [ 228097.963630245882086, 2651837.607068983372301 ], [ 228083.351220591750462, 2651838.981636511161923 ], [ 228070.488761729036923, 2651837.315681065898389 ], [ 228054.114491411892232, 2651835.28624697541818 ], [ 228037.299932537192944, 2651833.141151171177626 ], [ 228028.390931674686726, 2651832.0165502903983 ], [ 228018.836368278949521, 2651832.908075131475925 ], [ 228004.707239382376429, 2651833.459041606634855 ], [ 227998.393112249323167, 2651833.718477819114923 ], [ 227987.389686465903651, 2651834.140392791479826 ], [ 227970.142299100407399, 2651838.136490076314658 ], [ 227960.896757061767858, 2651838.833667197264731 ], [ 227945.077437909261789, 2651842.298650167416781 ], [ 227934.111082571325824, 2651844.471642617601901 ], [ 227927.831658504670486, 2651846.357280811294913 ], [ 227916.865409251244273, 2651848.530285052489489 ], [ 227905.99360249080928, 2651852.203092967625707 ], [ 227889.73113674542401, 2651855.427164560183883 ], [ 227888.009241990046576, 2651856.840368609409779 ], [ 227884.030422746611293, 2651858.051312894560397 ], [ 227878.924531250668224, 2651859.223668527789414 ], [ 227866.103286687051877, 2651859.496385032311082 ], [ 227846.242626655846834, 2651867.114723754581064 ], [ 227834.573698916879948, 2651871.555051308590919 ], [ 227831.341512028302532, 2651872.562434816733003 ], [ 227819.889537231589202, 2651875.434009186923504 ], [ 227805.802733595657628, 2651880.927152536809444 ], [ 227801.347498003509827, 2651883.27445617178455 ], [ 227788.723172960802913, 2651889.862854214385152 ], [ 227780.978601249400526, 2651893.468908179085702 ], [ 227774.699008160619996, 2651895.35462125716731 ], [ 227757.784479875524994, 2651906.16366354515776 ], [ 227744.425647406780627, 2651916.459271319210529 ], [ 227742.279229488689452, 2651921.447983932681382 ], [ 227739.293007051339373, 2651928.144299284555018 ], [ 227739.43406013387721, 2651934.773635665886104 ], [ 227739.741391209885478, 2651946.280199262779206 ], [ 227739.979685963888187, 2651954.534521764609963 ], [ 227740.253788125468418, 2651964.47750665107742 ], [ 227738.96430463338038, 2651974.453703831881285 ], [ 227736.360073454910889, 2651975.572778810281307 ], [ 227732.020791129849385, 2651977.479890346992761 ], [ 227723.640028418914881, 2651977.658188704866916 ], [ 227687.455676751444116, 2651982.682640211191028 ], [ 227671.148020912834909, 2651989.662143627181649 ], [ 227663.597522655793, 2651990.636142391711473 ], [ 227657.318082905258052, 2651992.521799830254167 ], [ 227639.99898504599696, 2651993.1405572979711 ], [ 227629.004678213677835, 2651996.941053279675543 ], [ 227616.374946035793982, 2651997.397571800276637 ], [ 227602.316294136166107, 2652001.263016500510275 ], [ 227587.795726456097327, 2652004.012382361106575 ], [ 227583.506760548392776, 2652005.354881048668176 ], [ 227577.128788035013713, 2652005.553212827537209 ], [ 227564.59760723868385, 2652007.697140229400247 ], [ 227556.755781166371889, 2652009.678342115134001 ], [ 227547.08284670842113, 2652010.885442094411701 ], [ 227537.814686616591644, 2652013.460212720558047 ], [ 227530.288123539357912, 2652015.560022260528058 ], [ 227522.196147239534184, 2652017.546769647859037 ], [ 227490.727767391363159, 2652023.660030386876315 ], [ 227470.849753756308928, 2652027.524291778448969 ], [ 227468.731174319225829, 2652027.944802262354642 ], [ 227459.291337483737152, 2652028.33334330143407 ], [ 227451.347103909763973, 2652028.439783045556396 ], [ 227427.558188222406898, 2652030.823040943127126 ], [ 227419.813309754477814, 2652031.488309699576348 ], [ 227408.783119291241746, 2652033.600097753107548 ], [ 227394.59130919969175, 2652034.152325029950589 ], [ 227380.336883454641793, 2652034.705977681558579 ], [ 227370.884880268306006, 2652037.472551558632404 ], [ 227361.49017463286873, 2652037.046660617459565 ], [ 227353.849279507587198, 2652036.70870656054467 ], [ 227342.485267788579222, 2652037.826492833904922 ], [ 227332.982506482978351, 2652038.216313451528549 ], [ 227323.542567952710669, 2652038.60494662867859 ], [ 227318.941159409820102, 2652039.954352018423378 ], [ 227310.982083236216567, 2652042.313652623444796 ], [ 227296.735467025835533, 2652046.18320405902341 ], [ 227281.090548975509591, 2652051.959773283451796 ], [ 227275.16349957807688, 2652052.774227428250015 ], [ 227268.492929759726394, 2652053.917365503963083 ], [ 227255.969516423996538, 2652059.377055944874883 ], [ 227244.974032110185362, 2652063.114931107964367 ], [ 227226.135193709807936, 2652068.77194614475593 ], [ 227218.229620211932342, 2652070.692042580340058 ], [ 227210.38754795625573, 2652072.673336598090827 ], [ 227199.694126073445659, 2652075.904310105834156 ], [ 227191.486315366521012, 2652078.331586207263172 ], [ 227178.892490697908215, 2652080.476721925660968 ], [ 227155.301822167937644, 2652086.297110736370087 ], [ 227145.772852398222312, 2652088.376907583326101 ], [ 227137.893627922865562, 2652088.60719949984923 ], [ 227122.34569618239766, 2652093.067826008424163 ], [ 227114.269480426504742, 2652092.864189017564058 ], [ 227100.085561473097187, 2652096.732533196918666 ], [ 227073.419670687289909, 2652105.058680583722889 ], [ 227061.129304372530896, 2652106.759355449583381 ], [ 227057.391307962359861, 2652107.527167026884854 ], [ 227037.507978105568327, 2652111.141334807500243 ], [ 227027.534261210064869, 2652112.917894454672933 ], [ 227008.491873640043195, 2652117.827953312546015 ], [ 226989.651733334641904, 2652120.481573492288589 ], [ 226976.750674274866469, 2652117.001638627611101 ], [ 226975.103366431896575, 2652113.0947803738527 ], [ 226978.149137103988323, 2652106.272104067727923 ], [ 226981.066078329109587, 2652096.323884961660951 ], [ 226987.029213778150734, 2652079.552985936403275 ], [ 226991.639877169160172, 2652072.759726897347718 ], [ 226997.585594538133591, 2652061.057555133942515 ], [ 227000.588804789294954, 2652049.292773596011102 ], [ 227003.252956335316412, 2652042.165475775487721 ], [ 227004.906944620539434, 2652037.562717887107283 ], [ 227011.15069453639444, 2652019.284014337230474 ], [ 227012.573320068826433, 2652015.56203418970108 ], [ 227016.896749269450083, 2652004.08203953737393 ], [ 227020.831773051642813, 2651991.984657217748463 ], [ 227023.594256440468598, 2651986.544846988748759 ], [ 227025.944283199147321, 2651982.302478623110801 ], [ 227028.775946891051717, 2651977.174020250327885 ], [ 227030.024153979669791, 2651974.081358533352613 ], [ 227036.32911733945366, 2651958.67979110730812 ], [ 227041.626616993744392, 2651948.868636786937714 ], [ 227042.792431873676833, 2651944.839101896621287 ], [ 227046.938820559647866, 2651936.804479047190398 ], [ 227052.638240519387182, 2651922.354213377460837 ], [ 227060.437580317491665, 2651906.608027060050517 ], [ 227064.846158534928691, 2651893.249109940603375 ], [ 227070.71198811091017, 2651874.853503957390785 ], [ 227076.639059588604141, 2651856.394005119800568 ], [ 227079.492126313387416, 2651846.384415845386684 ], [ 227082.294589958677534, 2651828.116571685299277 ], [ 227085.069137150305323, 2651811.476099387742579 ], [ 227089.31020005006576, 2651793.177576450631022 ], [ 227092.189725868520327, 2651781.478028947021812 ], [ 227093.26909338257974, 2651761.619998761452734 ], [ 227096.01703856367385, 2651740.787919565569609 ], [ 227097.04702116176486, 2651733.319876830093563 ], [ 227106.900961531326175, 2651693.565343039110303 ], [ 227112.218755676411092, 2651643.520131378434598 ], [ 227113.305804190051276, 2651638.741530943196267 ], [ 227119.548360395885538, 2651608.637054149992764 ], [ 227122.490482706169132, 2651596.936110873240978 ], [ 227124.84859449142823, 2651584.246650244574994 ], [ 227125.616505415877327, 2651582.102907455526292 ], [ 227126.709034812694881, 2651577.574470998719335 ], [ 227129.576834287843667, 2651565.312012467999011 ], [ 227130.411293024139013, 2651548.650373932905495 ], [ 227133.431960030575283, 2651537.698629295453429 ], [ 227134.476489622611552, 2651533.859725526999682 ], [ 227136.382094307453372, 2651520.491473571397364 ], [ 227142.071148628194351, 2651493.777683654334396 ], [ 227146.234826950181741, 2651468.910703125409782 ], [ 227148.911082561477087, 2651450.582898414693773 ], [ 227148.841928740905132, 2651447.330870396923274 ], [ 227148.533176094351802, 2651435.7614547139965 ], [ 227151.104323157982435, 2651412.492959472350776 ], [ 227153.583309714274947, 2651408.435711917467415 ], [ 227154.444437341706362, 2651395.965690950397402 ], [ 227155.922960556461476, 2651374.284512048587203 ], [ 227157.919191895052791, 2651344.583110404666513 ], [ 227149.549144273856655, 2651348.202704876195639 ], [ 227143.3159703676356, 2651349.336551376618445 ], [ 227138.517545162700117, 2651350.251936167478561 ], [ 227130.675581648712978, 2651352.233225488569587 ], [ 227124.361614384455606, 2651352.492686632089317 ], [ 227105.460227930976544, 2651358.150719483848661 ], [ 227097.679499916441273, 2651360.068241768982261 ], [ 227086.683990409248509, 2651363.806066911201924 ], [ 227083.120234489324503, 2651363.944427964743227 ], [ 227074.055452164029703, 2651364.325043407268822 ], [ 227058.34243493253598, 2651369.852692203596234 ], [ 227052.00043863063911, 2651371.739446921739727 ], [ 227037.949496528541204, 2651378.921317543368787 ], [ 227031.633838409790769, 2651379.118231165688485 ], [ 227023.792102790554054, 2651381.099577946588397 ], [ 227015.886354457528796, 2651383.01963561726734 ], [ 227005.107545909413602, 2651385.188745592255145 ], [ 227001.802222301601432, 2651385.696946199052036 ], [ 226985.954765062546358, 2651390.78954866528511 ], [ 226981.59795967960963, 2651391.883346095215529 ], [ 226978.112937598954886, 2651392.770923564676195 ], [ 226968.582417758996598, 2651394.788193134125322 ], [ 226961.967413496633526, 2651398.557954186107963 ], [ 226955.025189462467097, 2651398.705640148371458 ], [ 226940.066610397712793, 2651401.464154770132154 ], [ 226936.0159426330938, 2651402.238700720481575 ], [ 226933.886837792291772, 2651402.158837970811874 ], [ 226927.585904925712384, 2651403.04380556801334 ], [ 226912.924213023099583, 2651405.045016335789114 ], [ 226901.98455993598327, 2651402.587122340220958 ], [ 226893.980482203420252, 2651399.878975701984018 ], [ 226873.376975846244022, 2651396.124995232094079 ], [ 226869.215953476435971, 2651394.649264322128147 ], [ 226859.218435568909626, 2651392.359122767113149 ], [ 226844.409133532026317, 2651387.417935856617987 ], [ 226841.815539865579922, 2651386.096592063549906 ], [ 226835.488000296987593, 2651382.78986918926239 ], [ 226829.590427765040658, 2651379.098347352351993 ], [ 226817.413045, 2651374.35171078145504 ], [ 226814.434883418958634, 2651372.600444920826703 ], [ 226807.01884850114584, 2651368.127846066374332 ], [ 226801.262314870313276, 2651365.184227298013866 ], [ 226793.483101115911268, 2651361.282588326837867 ], [ 226784.345025633985642, 2651355.282324818894267 ], [ 226779.204620581760537, 2651351.887856374494731 ], [ 226775.400074800010771, 2651349.528324046637863 ], [ 226772.363469670293853, 2651347.966265923343599 ], [ 226761.669970160117373, 2651342.374347077216953 ], [ 226757.436842023336794, 2651340.462107237894088 ], [ 226753.62841300672153, 2651337.915009459946305 ], [ 226741.00143911363557, 2651329.67403513006866 ], [ 226730.854865100525785, 2651323.319816802628338 ], [ 226721.520003364654258, 2651311.00416116649285 ], [ 226717.309714926290326, 2651304.273257523775101 ], [ 226711.211020552378614, 2651297.019586093723774 ], [ 226706.045400403323583, 2651292.436576766893268 ], [ 226703.269490697595757, 2651291.369324781000614 ], [ 226696.59737807221245, 2651292.449876670259982 ], [ 226685.628327700484078, 2651288.616005315445364 ], [ 226673.331323411606718, 2651287.063040878623724 ], [ 226667.830150169203989, 2651287.30522801913321 ], [ 226659.888448218465783, 2651287.536810169927776 ], [ 226639.19326718110824, 2651288.289795271120965 ], [ 226632.879149475716986, 2651288.549250817857683 ], [ 226621.812884896295145, 2651288.972253642976284 ], [ 226612.246483670081943, 2651289.300862746778876 ], [ 226609.702116039581597, 2651290.293641087133437 ], [ 226602.812965125776827, 2651292.942814796697348 ], [ 226594.872860697447322, 2651293.236914113629609 ], [ 226581.742573906027246, 2651293.703916779719293 ], [ 226571.051625654101372, 2651294.11903443466872 ], [ 226561.54774407739751, 2651294.446376 ], [ 226550.356441820738837, 2651294.872038040310144 ], [ 226535.963531912711915, 2651294.802750946488231 ], [ 226528.306545853556599, 2651296.655051745474339 ], [ 226525.050281439849641, 2651296.536648662760854 ], [ 226510.650698098586872, 2651296.154625161550939 ], [ 226493.660254728805739, 2651294.576410775538534 ], [ 226489.527128775953315, 2651294.413985408842564 ], [ 226466.067951226956211, 2651294.662716643884778 ], [ 226455.451565645809751, 2651295.63943420117721 ], [ 226453.204067307582591, 2651295.874896570574492 ], [ 226449.686966898792889, 2651295.261390458792448 ], [ 226445.4791683491203, 2651294.537466211244464 ], [ 226426.387630930694286, 2651291.251713868696243 ], [ 226409.490326679253485, 2651288.169776085298508 ], [ 226395.090695215913001, 2651276.024205063935369 ], [ 226365.142997121263761, 2651283.043595678173006 ], [ 226346.306764874025248, 2651280.002681009005755 ], [ 226334.289099005574826, 2651276.879452468361706 ], [ 226313.628589712723624, 2651270.435896613169461 ], [ 226258.566508256888483, 2651252.835703157354146 ], [ 226246.877531261357944, 2651250.456301082391292 ], [ 226243.52813159575453, 2651248.900532490108162 ], [ 226229.024822667823173, 2651243.64021480595693 ], [ 226219.353229404892772, 2651239.027918462175876 ], [ 226204.937490195792634, 2651237.895255337003618 ], [ 226198.559418864082545, 2651238.093607970513403 ], [ 226191.5559520732495, 2651238.305111755151302 ], [ 226182.614880434470251, 2651238.620413015130907 ], [ 226174.612102055922151, 2651238.915826173964888 ], [ 226168.235219964000862, 2651239.176570286974311 ], [ 226157.105171491624787, 2651239.53841090016067 ], [ 226149.10218884650385, 2651239.833842255640775 ], [ 226142.939683826931287, 2651241.341624250635505 ], [ 226103.236569894826971, 2651242.7491859132424 ], [ 226091.631385305488948, 2651244.309968149289489 ], [ 226061.182033289805986, 2651248.336469866801053 ], [ 226035.879719278193079, 2651253.129546309355646 ], [ 226033.527013785613235, 2651254.3057527304627 ], [ 226016.810609943582676, 2651256.788880456238985 ], [ 225984.064318283752073, 2651261.677584506105632 ], [ 225959.283549521001987, 2651270.401624120771885 ], [ 225956.179129889118485, 2651271.531457020901144 ], [ 225953.061140896519646, 2651272.035879697650671 ], [ 225935.640803183952812, 2651276.723664757329971 ], [ 225919.704079890856519, 2651280.566614260431379 ], [ 225908.615274300565943, 2651285.808424225077033 ], [ 225894.268749013717752, 2651287.928016896825284 ], [ 225883.084110506111756, 2651291.607336105313152 ], [ 225868.957078826264478, 2651295.224261808674783 ], [ 225857.684731173561886, 2651300.657597983255982 ], [ 225851.245344637427479, 2651300.919680021237582 ], [ 225841.649500880157575, 2651302.813043923582882 ], [ 225827.373644607432652, 2651308.247577446978539 ], [ 225811.303700005926657, 2651308.777199489064515 ], [ 225804.925639000779483, 2651308.975398014299572 ], [ 225796.858858499559574, 2651309.209515759721398 ], [ 225785.667612461082172, 2651309.635220664087683 ], [ 225779.288053727243096, 2651309.771058399695903 ], [ 225772.848770459590014, 2651310.033174161799252 ], [ 225759.959360194858164, 2651307.116043087095022 ], [ 225735.814977189642377, 2651304.563483004458249 ], [ 225722.891018893220462, 2651300.020409523043782 ], [ 225708.452646744204685, 2651300.765581167768687 ], [ 225687.080074655532371, 2651296.151780027896166 ], [ 225668.090811037225649, 2651291.800253189634532 ], [ 225650.358884587069042, 2651290.675661861896515 ], [ 225639.03331050084671, 2651287.725420205388218 ], [ 225628.796116433106363, 2651285.94077667593956 ], [ 225625.969664091710001, 2651285.437848891597241 ], [ 225614.747731853858568, 2651284.425060340669006 ], [ 225605.155897537886631, 2651283.565440814942122 ], [ 225587.352138416958041, 2651282.004272729624063 ], [ 225577.721756313287187, 2651276.389858172740787 ], [ 225558.393151510739699, 2651273.734991388395429 ], [ 225547.066136713838205, 2651270.722223281860352 ], [ 225537.435632172797341, 2651270.989707320462912 ], [ 225513.187423762632534, 2651263.558696553111076 ], [ 225498.538743980461732, 2651257.362746704369783 ], [ 225489.630993598839268, 2651256.300699919927865 ], [ 225487.606890535389539, 2651255.2800322487019 ], [ 225475.086362216912676, 2651249.101484657265246 ], [ 225420.923361986991949, 2651238.490049453452229 ], [ 225365.97657441382762, 2651229.27161456970498 ], [ 225340.732893625507131, 2651225.053015207871795 ], [ 225326.100216704944614, 2651222.548559376504272 ], [ 225322.144080293015577, 2651221.881874896585941 ], [ 225307.656580104085151, 2651217.372061462141573 ], [ 225305.2626356544788, 2651216.609539716504514 ], [ 225300.916375301952939, 2651215.262584380805492 ], [ 225296.950941362185404, 2651214.158168497495353 ], [ 225283.792931122065056, 2651210.370750913396478 ], [ 225270.258092455274891, 2651206.528931215405464 ], [ 225261.230480035184883, 2651202.778973677195609 ], [ 225258.389392057608347, 2651201.587876898236573 ], [ 225248.919931964133866, 2651197.659512195270509 ], [ 225220.68751090700971, 2651191.189254300668836 ], [ 225221.017237400170416, 2651221.404698132537305 ], [ 225221.095679559744895, 2651228.035669977776706 ], [ 225221.174124176672194, 2651234.666752663906664 ], [ 225221.301784789422527, 2651249.493717316538095 ], [ 225221.386889340705238, 2651259.378175888676196 ], [ 225221.591774776868988, 2651266.069128728937358 ], [ 225220.360874071309809, 2651275.856636784039438 ], [ 225221.643516465788707, 2651289.094593282788992 ], [ 225221.996033083123621, 2651305.66880851611495 ], [ 225222.337986304075457, 2651318.801632739603519 ], [ 225219.359646038908977, 2651328.814008011948317 ], [ 225221.196104498172645, 2651338.661284068599343 ], [ 225221.274553298426326, 2651345.292256730608642 ], [ 225221.306313704990316, 2651358.556930234655738 ], [ 225222.610527255455963, 2651366.913997216615826 ], [ 225223.878608206927311, 2651376.523103478364646 ], [ 225225.572525261610281, 2651385.560009505599737 ], [ 225225.323589964595158, 2651409.155059691984206 ], [ 225233.324900838371832, 2651455.851501751225442 ], [ 225236.83125822263537, 2651464.787432352080941 ], [ 225237.053406948456541, 2651475.23220918700099 ], [ 225237.265059549885336, 2651485.17653718451038 ], [ 225240.840629717276897, 2651503.246534634381533 ], [ 225241.042813774023671, 2651509.812183747068048 ], [ 225244.759446309471969, 2651534.511845103930682 ], [ 225244.899113746825606, 2651541.078912703320384 ], [ 225246.91100621043006, 2651559.182058110833168 ], [ 225250.618362810811959, 2651580.503037243150175 ], [ 225251.275606472918298, 2651593.754297323059291 ], [ 225250.953483869554475, 2651596.264045654796064 ], [ 225251.145141752727795, 2651605.270301559008658 ], [ 225252.884359265328385, 2651613.492909826338291 ], [ 225253.191825506801251, 2651624.999644220340997 ], [ 225253.40338336781133, 2651634.944307198282331 ], [ 225253.720012931269594, 2651649.829616065137088 ], [ 225253.930270094017033, 2651659.71157055394724 ], [ 225254.176422154763713, 2651671.282323700841516 ], [ 225254.63259695348097, 2651695.675758978817612 ], [ 225254.884147756383754, 2651707.496457088273019 ], [ 225255.087737237219699, 2651714.124702996108681 ], [ 225252.012485607119743, 2651722.512297522742301 ], [ 225252.152059890562668, 2651729.07947885338217 ], [ 225249.285677370033227, 2651747.286323462147266 ], [ 225247.871090320695657, 2651757.265555530786514 ], [ 225246.483122922712937, 2651765.554459946230054 ], [ 225246.632177057326771, 2651775.500321593601257 ], [ 225243.864131333364639, 2651795.394662946928293 ], [ 225240.752910359064117, 2651802.093466017860919 ], [ 225240.997681947075762, 2651813.601514849346131 ], [ 225237.991658925078809, 2651825.241296712309122 ], [ 225238.229760232847184, 2651833.495857674162835 ], [ 225233.702486802998465, 2651850.111194859258831 ], [ 225233.780961281561758, 2651856.742281449493021 ], [ 225230.872074027254712, 2651870.00696020713076 ], [ 225229.421623227361124, 2651878.297398765105754 ], [ 225228.11086833110312, 2651893.154908213764429 ], [ 225223.61305257427739, 2651908.205226759891957 ], [ 225218.980626616394147, 2651919.87948460644111 ], [ 225208.224500776792411, 2651946.639084461610764 ], [ 225203.654723962303251, 2651958.312151068821549 ], [ 225198.911884631204884, 2651976.559057572390884 ], [ 225198.414243417035323, 2651979.635777273215353 ], [ 225195.779411510156933, 2651988.138989832717925 ], [ 225191.771276875690091, 2652011.501143525354564 ], [ 225187.104420092771761, 2652021.549436613451689 ], [ 225185.751141935237683, 2652031.464667920954525 ], [ 225179.801438923866954, 2652054.743089881259948 ], [ 225175.170413161860779, 2652066.480080629233271 ], [ 225170.600713292311411, 2652078.153165675699711 ], [ 225161.295096572488546, 2652096.622153374366462 ], [ 225153.552702927379869, 2652115.05799418175593 ], [ 225147.560585847531911, 2652133.39403571980074 ], [ 225141.43654341774527, 2652148.47909984504804 ], [ 225136.909427343169227, 2652165.094606812577695 ], [ 225135.557409384928178, 2652175.072449099738151 ], [ 225131.023596417973749, 2652188.434135593473911 ], [ 225128.04547617433127, 2652198.446454644203186 ], [ 225128.158630505437031, 2652206.70352887827903 ], [ 225123.651440865010954, 2652218.375332321505994 ], [ 225122.10377983545186, 2652225.041014899034053 ], [ 225117.711166470777243, 2652245.032381844706833 ], [ 225113.169383517641108, 2652255.077988249715418 ], [ 225113.282452819112223, 2652263.33528723847121 ], [ 225112.035514522809535, 2652278.253900729119778 ], [ 225108.95217987021897, 2652283.325244666077197 ], [ 225109.127868516137823, 2652291.581122829578817 ], [ 225109.304856619448401, 2652299.899488254915923 ], [ 225106.361403796938248, 2652311.538019777275622 ], [ 225101.926215155690443, 2652326.587214914616197 ], [ 225098.849518106784672, 2652334.912168548442423 ], [ 225093.506716103467625, 2652348.478910834062845 ], [ 225088.157118179718964, 2652361.732893666718155 ], [ 225082.158292660489678, 2652376.815274426713586 ], [ 225077.561999883851968, 2652390.17830254137516 ], [ 225071.535210797155742, 2652406.888315374497324 ], [ 225067.834537788236048, 2652418.230141867883503 ], [ 225041.315822347241919, 2652477.61245996505022 ], [ 225040.29925293312408, 2652491.587778432760388 ], [ 225038.670513795048464, 2652503.260771902278066 ], [ 225037.530163310759235, 2652520.24237209232524 ], [ 225032.629146130697336, 2652536.92829080671072 ], [ 225027.441992769949138, 2652554.871713564731181 ], [ 225024.788528894539922, 2652565.440241386648268 ], [ 225022.004739782947581, 2652575.761330410838127 ], [ 225020.816233202931471, 2652587.55025147786364 ], [ 225017.562872438749764, 2652599.320561022497714 ], [ 225014.632578990887851, 2652617.46635186765343 ], [ 225009.409556122904178, 2652633.721096207387745 ], [ 225007.861913644359447, 2652640.386694923043251 ], [ 224997.0431109299534, 2652640.67953239614144 ], [ 224977.783633457380347, 2652641.277055726386607 ], [ 224968.207798023940995, 2652641.167910296004266 ], [ 224942.535298590257298, 2652637.396858304273337 ], [ 224934.468502696312498, 2652637.631104861851782 ], [ 224924.830087390379049, 2652634.582564444281161 ], [ 224916.791155869606882, 2652633.189195382874459 ], [ 224899.051180104375817, 2652628.748618164565414 ], [ 224892.602462149399798, 2652625.632172246929258 ], [ 224882.972004344919696, 2652625.899646437726915 ], [ 224871.708699621085543, 2652622.948137137107551 ], [ 224860.514689367846586, 2652623.248936618678272 ], [ 224853.63614391599549, 2652623.457778901793063 ], [ 224850.821714153338689, 2652623.517742019612342 ], [ 224842.817417690530419, 2652623.750618841964751 ], [ 224833.249571366468444, 2652624.016814553178847 ], [ 224818.80312659352785, 2652624.386901654768735 ], [ 224810.895791826478671, 2652626.244474782608449 ], [ 224802.863638730836101, 2652628.104890174698085 ], [ 224794.892594486707821, 2652629.901293240487576 ], [ 224791.408838843228295, 2652630.851385734044015 ], [ 224785.622682771703694, 2652632.413799910806119 ], [ 224752.949486631026957, 2652652.506672781892121 ], [ 224727.379495117464103, 2652665.314871466252953 ], [ 224725.662873064051382, 2652666.978450630791485 ], [ 224701.992007967084646, 2652686.691899527329952 ], [ 224693.947778588393703, 2652690.930298720486462 ], [ 224686.521074639866129, 2652694.78000452183187 ], [ 224680.719132107507903, 2652698.532695413567126 ], [ 224666.703770599910058, 2652707.403333866037428 ], [ 224664.171575844520703, 2652708.958991018589586 ], [ 224637.803262737696059, 2652716.59095199033618 ], [ 224617.211450217291713, 2652722.222518213558942 ], [ 224575.909728448954411, 2652730.860496263485402 ], [ 224549.953933274315204, 2652731.412936290260404 ], [ 224524.116485606646165, 2652734.590778606012464 ], [ 224518.472755699942354, 2652736.963456922676414 ], [ 224497.001498381083366, 2652736.544395345728844 ], [ 224490.496971070824657, 2652736.68283609021455 ], [ 224472.376384903502185, 2652740.822722999379039 ], [ 224419.181814045005012, 2652749.275945365894586 ], [ 224415.502334774995688, 2652749.85482023190707 ], [ 224406.11552929028403, 2652752.745019788388163 ], [ 224396.232029612874612, 2652755.833857506979257 ], [ 224379.44773842592258, 2652761.009023158811033 ], [ 224374.431980091030709, 2652763.493613436818123 ], [ 224340.993541653093416, 2652779.973399820271879 ], [ 224307.692030875943601, 2652799.954669165425003 ], [ 224305.158374587830622, 2652801.447689975146204 ], [ 224264.60961281589698, 2652813.135698753874749 ], [ 224256.707838895206805, 2652815.24365145387128 ], [ 224246.86453664227156, 2652817.26767341280356 ], [ 224240.361030600848608, 2652817.468613851815462 ], [ 224224.134035044175107, 2652819.440798384603113 ], [ 224216.00337946403306, 2652819.613843450322747 ], [ 224209.436362234468106, 2652819.753617266658694 ], [ 224202.931552641734015, 2652819.892087270971388 ], [ 224196.427046145661734, 2652820.030443560797721 ], [ 224188.898952230403665, 2652822.067851342260838 ], [ 224186.53438732738141, 2652822.681469863280654 ], [ 224182.550189428438898, 2652823.642228781245649 ], [ 224170.347345655143727, 2652826.529989394824952 ], [ 224152.78963409102289, 2652830.658039163798094 ], [ 224082.912943175120745, 2652837.338524390477687 ], [ 224031.173789443331771, 2652843.633285362273455 ], [ 224002.906592397717759, 2652844.359887940809131 ], [ 223987.080059818108566, 2652844.571737125050277 ], [ 223930.321505197498482, 2652856.104012506548315 ], [ 223905.405101783573627, 2652890.799086970742792 ], [ 223906.125118035415653, 2652901.108256942592561 ], [ 223903.089801120222546, 2652914.313199781812727 ], [ 223900.74363795586396, 2652927.56595136737451 ], [ 223900.883487189130392, 2652934.133195479866117 ], [ 223895.531251710723154, 2652938.439422414172441 ], [ 223887.230182269820943, 2652939.429605208337307 ], [ 223880.725612376932986, 2652939.568001233506948 ], [ 223874.158325706084725, 2652939.707718331832439 ], [ 223861.087777301785536, 2652940.04855265840888 ], [ 223851.330920030188281, 2652940.256110244896263 ], [ 223831.749179410107899, 2652937.481853173580021 ], [ 223824.596257571247406, 2652936.570261084940284 ], [ 223805.50566214643186, 2652933.347441099584103 ], [ 223789.170747363241389, 2652930.253358048386872 ], [ 223782.567675387312192, 2652928.704407717101276 ], [ 223772.77744020143291, 2652927.348620661534369 ], [ 223761.290496329485904, 2652922.712444982957095 ], [ 223751.497636537824292, 2652921.231364057864994 ], [ 223736.730446234694682, 2652918.291692291852087 ], [ 223730.051588653179351, 2652919.059527231846005 ], [ 223722.116223988530692, 2652916.663077873177826 ], [ 223713.866891402751207, 2652917.151374544948339 ], [ 223707.301200157962739, 2652917.353759715333581 ], [ 223694.291920526768081, 2652917.630607245024294 ], [ 223685.969318399205804, 2652917.620006775017828 ], [ 223678.167250911239535, 2652921.477731348015368 ], [ 223668.260055807011668, 2652926.381761392112821 ], [ 223658.581619695527479, 2652933.220289043616503 ], [ 223652.118185874889605, 2652938.238656220491976 ], [ 223639.995250258769374, 2652947.819994490128011 ], [ 223634.165306872979272, 2652953.2003571735695 ], [ 223603.74212298670318, 2652984.946564652957022 ], [ 223582.116373248689342, 2653000.799765553791076 ], [ 223577.92458985367557, 2653000.82634384278208 ], [ 223567.600713094114326, 2653000.858484733384103 ], [ 223560.674353573005646, 2653001.756642859894782 ], [ 223545.245690161304083, 2653000.082728457637131 ], [ 223531.698640183429234, 2652998.618847178760916 ], [ 223514.509500257612672, 2652999.485289348289371 ], [ 223497.365671137231402, 2652999.53732353169471 ], [ 223485.415643124899361, 2652999.603973163291812 ], [ 223476.908148576272652, 2652999.722421799320728 ], [ 223461.457092556462158, 2652999.926079750061035 ], [ 223459.511413465312216, 2653002.595786314457655 ], [ 223456.414637955662329, 2653004.100714519619942 ], [ 223449.41658438462764, 2653007.503489358816296 ], [ 223443.470681506732944, 2653010.383218138944358 ], [ 223436.433763888489921, 2653014.91320262895897 ], [ 223426.100799731502775, 2653017.4482477218844 ], [ 223406.505487375019584, 2653016.989255827851593 ], [ 223397.308768349699676, 2653028.823724936693907 ], [ 223392.229368143132888, 2653037.128726491704583 ], [ 223388.929239866381977, 2653043.769313649274409 ], [ 223383.976284634380136, 2653052.134172415360808 ], [ 223380.7746027521207, 2653060.462045927997679 ], [ 223374.400302769616246, 2653063.788879774976522 ], [ 223370.425329037127085, 2653071.069502525962889 ], [ 223367.654920269560535, 2653076.134283807128668 ], [ 223361.211440193990711, 2653087.972546285949647 ], [ 223359.82619140058523, 2653090.50510526727885 ], [ 223359.126263135869522, 2653092.89775813696906 ], [ 223359.618660145963077, 2653107.216496186330914 ], [ 223359.842320338007994, 2653111.842138391453773 ], [ 223360.475857236713637, 2653123.967759269755334 ], [ 223360.213721168052871, 2653126.35119282733649 ], [ 223360.449269008764531, 2653128.598893098067492 ], [ 223366.199527951655909, 2653148.875223665963858 ], [ 223371.279163879051339, 2653167.038491299375892 ], [ 223371.953805758210365, 2653169.33946017222479 ], [ 223379.302219877194148, 2653179.444999443367124 ], [ 223389.368035275023431, 2653190.806807667016983 ], [ 223396.664514624746516, 2653195.532245878595859 ], [ 223398.607505771506112, 2653198.619429775048047 ], [ 223402.361520008591469, 2653204.48399955779314 ], [ 223405.4689454503241, 2653215.243152029346675 ], [ 223407.288097526412457, 2653221.336453996133059 ], [ 223407.909680325770751, 2653224.076481562573463 ], [ 223407.135213622590527, 2653234.730270940344781 ], [ 223406.951589551579673, 2653237.863010727800429 ], [ 223406.612311101751402, 2653245.441500657238066 ], [ 223402.051817237632349, 2653254.611795907840133 ], [ 223395.412925662996713, 2653266.078742221929133 ], [ 223393.620310936239548, 2653267.118067216593772 ], [ 223386.204239984741434, 2653271.468200028408319 ], [ 223364.334866328863427, 2653278.816976229194552 ], [ 223360.607511367998086, 2653280.085152462590486 ], [ 223353.864593791309744, 2653280.791796061210334 ], [ 223340.503988605283666, 2653282.202566493302584 ], [ 223315.986383379145991, 2653276.842519586905837 ], [ 223293.25582837354159, 2653273.133782699238509 ], [ 223278.030812633223832, 2653269.265526008792222 ], [ 223258.543383847689256, 2653262.108918289188296 ], [ 223244.194013153319247, 2653258.222025906667113 ], [ 223234.854846884030849, 2653254.54116641310975 ], [ 223224.384520757594146, 2653250.634194301441312 ], [ 223213.820985590631608, 2653248.231005769222975 ], [ 223201.782988730352372, 2653241.22875586617738 ], [ 223194.525198618008289, 2653235.376098008826375 ], [ 223183.863179607491475, 2653231.285534333903342 ], [ 223173.105508735519834, 2653225.63266507955268 ], [ 223157.748688010615297, 2653218.513282181229442 ], [ 223140.516787700762507, 2653211.496390115935355 ], [ 223129.503489661728963, 2653205.598542355466634 ], [ 223113.704807074915152, 2653198.300967466086149 ], [ 223106.570715117326472, 2653195.324115461204201 ], [ 223092.86936528829392, 2653189.546241397969425 ], [ 223080.139433258911595, 2653185.311899772845209 ], [ 223055.825366031262092, 2653174.816489353310317 ], [ 223044.340914507221896, 2653170.30519364727661 ], [ 223024.409069431654643, 2653162.845333080738783 ], [ 223009.698880072624888, 2653156.713373780716211 ], [ 222996.275604963710066, 2653152.243434394244105 ], [ 222968.317979889048729, 2653146.956471466459334 ], [ 222964.335153089195956, 2653145.039070021361113 ], [ 222958.266830211214256, 2653142.164620643015951 ], [ 222944.943426107987761, 2653139.444719877559692 ], [ 222934.744530834548641, 2653136.533020184375346 ], [ 222924.794677052414045, 2653133.55355978757143 ], [ 222909.617367876577191, 2653128.99609933514148 ], [ 222885.967369488149416, 2653123.241903425659984 ], [ 222873.914656639448367, 2653118.492766893003136 ], [ 222862.505093528365251, 2653117.484006262384355 ], [ 222850.742432882660069, 2653114.605569465551525 ], [ 222833.691501769179013, 2653110.212960402015597 ], [ 222815.035796381824184, 2653103.914688204880804 ], [ 222801.814854710188229, 2653103.069773595780134 ], [ 222786.449915899836924, 2653098.516060903202742 ], [ 222769.272598426265176, 2653094.063452971167862 ], [ 222755.946570647065528, 2653091.218409362249076 ], [ 222732.957826331548858, 2653081.25795351434499 ], [ 222721.130067994468845, 2653078.255958697292954 ], [ 222703.532231450837571, 2653071.684768134262413 ], [ 222696.351472624577582, 2653066.518930348567665 ], [ 222691.186856016807724, 2653061.998328563291579 ], [ 222680.836257026356179, 2653054.897563656792045 ], [ 222668.925945439201314, 2653048.017604873050004 ], [ 222660.357264345162548, 2653042.318102427758276 ], [ 222648.568226431380026, 2653035.247829826548696 ], [ 222635.143513238581363, 2653024.833580505102873 ], [ 222621.754692934453487, 2653016.107950706034899 ], [ 222610.146596422302537, 2653008.721084800548851 ], [ 222598.563666727219243, 2652999.581479935906827 ], [ 222594.035128678369801, 2652995.548159160185605 ], [ 222572.346528921101708, 2652976.111175135243684 ], [ 222567.525184822501615, 2652973.022666693199426 ], [ 222554.426492222817615, 2652960.286184005904943 ], [ 222541.422277588921133, 2652949.049425426870584 ], [ 222530.080225811165292, 2652939.466614664066583 ], [ 222520.307213434833102, 2652933.041868186555803 ], [ 222513.758716957760043, 2652928.175335149746388 ], [ 222499.027109762246255, 2652915.160684335511178 ], [ 222490.868258929112926, 2652905.197323303669691 ], [ 222484.797345335187856, 2652899.257059234660119 ], [ 222481.210886046930682, 2652895.391197748016566 ], [ 222469.556224049709272, 2652882.874233702197671 ], [ 222465.63165191578446, 2652877.826717054937035 ], [ 222456.368338015279733, 2652865.947153390850872 ], [ 222448.423823345277924, 2652857.230709165334702 ], [ 222439.966772206244059, 2652847.962117943447083 ], [ 222435.016286269237753, 2652844.688493398949504 ], [ 222430.120472459064331, 2652838.09738246910274 ], [ 222425.198173480399419, 2652833.196090736892074 ], [ 222420.302147950627841, 2652826.60498635424301 ], [ 222413.681593381159473, 2652818.361051170155406 ], [ 222398.897041566786356, 2652796.962603037711233 ], [ 222392.338978597370442, 2652788.717465662863106 ], [ 222385.754431209759787, 2652782.162148965988308 ], [ 222380.894411545363255, 2652777.25966349709779 ], [ 222372.683674105908722, 2652770.739036506973207 ], [ 222366.169577655673493, 2652767.498573179822415 ], [ 222354.734448026458267, 2652759.419661070220172 ], [ 222351.565917493717279, 2652757.54727736255154 ], [ 222344.411810333025642, 2652756.57324382243678 ], [ 222329.999767734028865, 2652755.628632723819464 ], [ 222318.207958996179514, 2652757.256004479248077 ], [ 222304.012840435898397, 2652757.683405415620655 ], [ 222295.784754399035592, 2652762.113334662280977 ], [ 222284.203321788401809, 2652764.800169466994703 ], [ 222273.33782528055599, 2652774.66775708924979 ], [ 222264.035805839579552, 2652778.62016279110685 ], [ 222223.899112000712194, 2652800.874474450945854 ], [ 222221.715347518620547, 2652798.230448157526553 ], [ 222209.871717395319138, 2652812.123445571865886 ], [ 222206.833612678572536, 2652822.262597589287907 ], [ 222202.069544293510262, 2652830.686234014108777 ], [ 222200.523285617411602, 2652837.414445483125746 ], [ 222200.672298884368502, 2652847.36042504850775 ], [ 222199.782099742151331, 2652855.514077953062952 ], [ 222199.200716006569564, 2652860.532301038037986 ], [ 222197.755469159805216, 2652869.073225957341492 ], [ 222197.084869270736817, 2652884.60566333308816 ], [ 222196.431477114267182, 2652889.18735358864069 ], [ 222193.160586056881584, 2652894.262872420717031 ], [ 222193.2749617168447, 2652902.582839576993138 ], [ 222185.435592808353249, 2652919.394212733022869 ], [ 222180.707543986383826, 2652929.506695789285004 ], [ 222167.988301656325348, 2652946.359391770791262 ], [ 222163.216195277695078, 2652951.466767934616655 ], [ 222158.478753137285821, 2652958.200603063683957 ], [ 222148.897482438420411, 2652966.664260107558221 ], [ 222144.08952107524965, 2652970.082918293774128 ], [ 222127.755854944291059, 2652984.697212351951748 ], [ 222117.873635848693084, 2652990.789542191661894 ], [ 222105.046659208310302, 2652999.635108863934875 ], [ 222092.88091042265296, 2653010.156191078945994 ], [ 222083.405938364274334, 2653017.741541327908635 ], [ 222077.746370658976957, 2653022.304743214976043 ], [ 222070.662782899104059, 2653036.409482033457607 ], [ 222062.931286150182132, 2653046.52313226647675 ], [ 222053.100883271021303, 2653055.054762898012996 ], [ 222046.076113045099191, 2653068.970505768433213 ], [ 222050.240094990876969, 2653082.335142693482339 ], [ 222051.250062576204073, 2653085.69275336433202 ], [ 222054.744737956498284, 2653097.006742856930941 ], [ 222065.390908640169073, 2653112.110655634663999 ], [ 222068.051072322356049, 2653116.559431975707412 ], [ 222073.195830109005328, 2653123.082649833988398 ], [ 222076.21792742179241, 2653126.897947034798563 ], [ 222078.669323806476314, 2653130.349996369797736 ], [ 222084.931874348141719, 2653139.415063985157758 ], [ 222091.524564817373175, 2653149.286414988338947 ], [ 222096.520169792813249, 2653157.627642835024744 ], [ 222103.078285625146236, 2653165.872981148771942 ], [ 222112.898009578580968, 2653177.427766085136682 ], [ 222119.456005847547203, 2653185.673112225718796 ], [ 222126.049968505685683, 2653195.607074247673154 ], [ 222132.581310474372003, 2653205.54247318347916 ], [ 222139.211334590741899, 2653217.165272752288729 ], [ 222145.866471070970874, 2653227.035431334748864 ], [ 222150.807525106705725, 2653238.69405724061653 ], [ 222156.72822614829056, 2653246.389802947640419 ], [ 222156.854706611775327, 2653258.213521631900221 ], [ 222158.407753487525042, 2653269.443656923249364 ], [ 222159.787850559339859, 2653284.30681529501453 ], [ 222162.073029696708545, 2653300.527409045025706 ], [ 222164.456413101404905, 2653312.553361342288554 ], [ 222163.735357115336228, 2653337.473045202437788 ], [ 222166.76699986809399, 2653350.549061167053878 ], [ 222169.877048837719485, 2653367.315190744586289 ], [ 222171.206544012471568, 2653373.919765416067094 ], [ 222167.30893114436185, 2653384.827981835696846 ], [ 222167.371554503741208, 2653393.649510905146599 ], [ 222167.556509909743909, 2653405.284224458038807 ], [ 222164.384154802653939, 2653412.047169905621558 ], [ 222162.900423043465707, 2653418.774077902082354 ], [ 222154.945196953020059, 2653427.203167462721467 ], [ 222146.954003772407304, 2653433.943537868093699 ], [ 222138.892482962924987, 2653437.3690573759377 ], [ 222129.331086532969493, 2653440.888816134538502 ], [ 222121.303932422539219, 2653445.940478014294058 ], [ 222114.861808283952996, 2653446.077604382298887 ], [ 222101.668740828405134, 2653446.546166906598955 ], [ 222095.467362449795473, 2653446.240154237486422 ], [ 222083.313538517511915, 2653445.560244944877923 ], [ 222070.249575348978397, 2653443.272737387567759 ], [ 222057.347830125130713, 2653442.733923108782619 ], [ 222048.599484672711696, 2653440.354705924168229 ], [ 222035.648566456860863, 2653440.442666290327907 ], [ 222026.015309323731344, 2653440.5850431881845 ], [ 222005.058557749085594, 2653440.843501974828541 ], [ 221992.172877449076623, 2653441.055264533031732 ], [ 221984.103114385798108, 2653441.164368947036564 ], [ 221959.975312641472556, 2653448.248269691132009 ], [ 221953.539837714575697, 2653451.639160626102239 ], [ 221944.012963711225893, 2653456.785179498139769 ], [ 221936.048483301652595, 2653461.835516707506031 ], [ 221928.154492468805984, 2653470.200606114696711 ], [ 221915.661465981102083, 2653480.040378955192864 ], [ 221907.888680977921467, 2653488.215368861332536 ], [ 221897.021684205916245, 2653498.020416740328074 ], [ 221890.873809419921599, 2653506.098180105444044 ], [ 221883.23133103933651, 2653517.461636728607118 ], [ 221877.816308604786173, 2653521.769266349729151 ], [ 221874.050458607147448, 2653527.105654936749488 ], [ 221863.260904620750807, 2653543.479505307041109 ], [ 221854.792169213469606, 2653557.175567142199725 ], [ 221844.92331621341873, 2653566.834283443167806 ], [ 221840.320364149229135, 2653571.062114365398884 ], [ 221834.857637791195884, 2653576.059228915721178 ], [ 221823.685980038077105, 2653583.305192523635924 ], [ 221812.917517551628407, 2653588.915988775901496 ], [ 221804.48727540235268, 2653598.544061138760298 ], [ 221796.457708544214256, 2653609.352463304530829 ], [ 221794.235259207955096, 2653613.717461016494781 ], [ 221787.870393860968761, 2653617.482153663877398 ], [ 221779.923009554797318, 2653617.463760754559189 ], [ 221765.662749714043457, 2653620.708179764449596 ], [ 221756.062580022553448, 2653622.414287867024541 ], [ 221733.600720455986448, 2653622.517052150797099 ], [ 221725.556311602587812, 2653620.873658375348896 ], [ 221719.176655836694408, 2653621.009537705685943 ], [ 221706.21914470475167, 2653617.843781069852412 ], [ 221694.827840445330366, 2653614.769786100834608 ], [ 221688.313701156468596, 2653611.529321256093681 ], [ 221681.7649478148669, 2653606.662948876153678 ], [ 221671.963893443404231, 2653601.865686069242656 ], [ 221662.65381236653775, 2653596.620082911103964 ], [ 221660.744166187767405, 2653595.09640441974625 ], [ 221641.3842688719742, 2653579.239161344245076 ], [ 221607.64538522384828, 2653566.94194163614884 ], [ 221598.646751066320576, 2653564.567967299371958 ], [ 221581.46778689045459, 2653560.05287348292768 ], [ 221557.128238098754082, 2653551.310157387051731 ], [ 221528.093545088078827, 2653539.538489340804517 ], [ 221525.127259505563416, 2653538.350241936743259 ], [ 221510.878921031195205, 2653539.216707412619144 ], [ 221486.451465931371786, 2653552.814493211451918 ], [ 221458.737141436839011, 2653558.97359268926084 ], [ 221455.69691681698896, 2653592.515463274903595 ], [ 221438.873597109050024, 2653625.286933173425496 ], [ 221433.550712349533569, 2653633.910312150139362 ], [ 221431.179415642574895, 2653645.975040036719292 ], [ 221429.667684048996307, 2653654.329641675110906 ], [ 221426.68962785997428, 2653664.342195860110223 ], [ 221417.144295555364806, 2653674.49463410442695 ], [ 221412.334810513653792, 2653677.850993033498526 ], [ 221405.96326444420265, 2653681.302985990419984 ], [ 221399.527690991642885, 2653684.693822813220322 ], [ 221391.528438617766369, 2653688.117924874648452 ], [ 221372.170063197845593, 2653689.969334312248975 ], [ 221362.571268293599132, 2653691.737981757614762 ], [ 221346.369226896087639, 2653691.957817828282714 ], [ 221329.276942772266921, 2653694.449028148315847 ], [ 221315.849593479128089, 2653695.673507010564208 ], [ 221296.561557143286336, 2653700.839785609859973 ], [ 221273.986689405050129, 2653704.449153663124889 ], [ 221259.542579413566273, 2653707.885325079318136 ], [ 221249.915956605575047, 2653711.2815121114254 ], [ 221241.916745704831555, 2653714.705702603328973 ], [ 221231.471510768518783, 2653717.869089674204588 ], [ 221227.803957031515893, 2653719.010887747630477 ], [ 221191.33466630266048, 2653740.123816317413002 ], [ 221185.997022003401071, 2653745.118337142281234 ], [ 221182.849781809141859, 2653750.128572915680707 ], [ 221179.774636360874865, 2653758.516500941477716 ], [ 221179.950341974617913, 2653766.77249872032553 ], [ 221181.655148065241519, 2653773.368961298372597 ], [ 221181.733673326787539, 2653780.000370555091649 ], [ 221181.874906456912868, 2653786.630117199849337 ], [ 221186.903959924471565, 2653796.534829400014132 ], [ 221188.749896931112744, 2653809.761373298242688 ], [ 221195.483738256501965, 2653826.262661076616496 ], [ 221195.57032496976899, 2653830.328281088266522 ], [ 221199.59599454695126, 2653843.070188994519413 ], [ 221200.723149915167596, 2653846.049842500127852 ], [ 221204.578474580135662, 2653856.667917163576931 ], [ 221206.581420205417089, 2653862.569819351192564 ], [ 221211.716787020210177, 2653877.478261369280517 ], [ 221215.058636441244744, 2653887.481511163525283 ], [ 221217.664414619444869, 2653895.247895704116672 ], [ 221218.766487748594955, 2653908.803025851026177 ], [ 221219.014034765248653, 2653911.613569272216409 ], [ 221219.105884781049099, 2653915.929143561050296 ], [ 221214.851682429551147, 2653930.66201881505549 ], [ 221227.227999599825125, 2653950.610045597422868 ], [ 221234.947838004562072, 2653960.520310221705586 ], [ 221238.677915643551387, 2653965.259057430084795 ], [ 221240.871324866078794, 2653980.104992611333728 ], [ 221257.049809104646556, 2654008.169142144266516 ], [ 221260.089329222682863, 2654012.797619522549212 ], [ 221263.44949976389762, 2654017.794505620840937 ], [ 221271.632555327727459, 2654025.942610017955303 ], [ 221278.182623389468063, 2654030.871724314056337 ], [ 221283.167721033387352, 2654035.771408588625491 ], [ 221289.71646395715652, 2654040.638038781005889 ], [ 221294.576535892498214, 2654045.540378232952207 ], [ 221304.44953777216142, 2654053.715169304516166 ], [ 221309.337446033314336, 2654056.99005123320967 ], [ 221315.886271809402388, 2654061.856689677108079 ], [ 221324.134314678900409, 2654070.12858311412856 ], [ 221327.429408342228271, 2654075.001716853585094 ], [ 221337.318632297217846, 2654089.808919591363519 ], [ 221340.71332234563306, 2654096.432178940623999 ], [ 221347.376656752428971, 2654109.618412985466421 ], [ 221352.368316862848587, 2654117.772049789782614 ], [ 221357.363011563080363, 2654126.050657082349062 ], [ 221360.729934977425728, 2654134.301268049515784 ], [ 221365.72168212820543, 2654142.454906149767339 ], [ 221372.448905571363866, 2654155.702419904060662 ], [ 221378.156607481243555, 2654165.154722607228905 ], [ 221380.647970981837716, 2654170.483077980577946 ], [ 221392.494833648728672, 2654209.652509592939168 ], [ 221391.224107672285754, 2654211.681868246290833 ], [ 221385.235774196160492, 2654215.501206782180816 ], [ 221376.851957979262806, 2654218.495672376826406 ], [ 221360.711192112998106, 2654218.651524994056672 ], [ 221347.82552838959964, 2654218.863282716833055 ], [ 221333.249702401342802, 2654219.048493151087314 ], [ 221320.362618212529924, 2654219.197788982652128 ], [ 221309.914782329578884, 2654219.29513581097126 ], [ 221301.71988686802797, 2654219.407107546925545 ], [ 221297.949915469973348, 2654218.673916196450591 ], [ 221278.285208175191656, 2654214.962741697207093 ], [ 221255.760750843095593, 2654215.066913512069732 ], [ 221228.264552316162735, 2654213.837612900417298 ], [ 221218.667034506623168, 2654215.669001213740557 ], [ 221210.675881155533716, 2654222.409336260985583 ], [ 221206.625151678512339, 2654226.124905441887677 ], [ 221200.797940792981535, 2654240.453231035266072 ], [ 221187.704898987605702, 2654266.199701844714582 ], [ 221185.183187532646116, 2654271.196791359223425 ], [ 221184.171858549525496, 2654273.658727672416717 ], [ 221177.382470790762454, 2654283.940358738414943 ], [ 221175.554221052443609, 2654297.995848177932203 ], [ 221170.144796957727522, 2654308.435750780627131 ], [ 221167.959904820250813, 2654320.433878216892481 ], [ 221162.621083677513525, 2654334.188772602938116 ], [ 221160.043716360465623, 2654345.381961744744331 ], [ 221153.774594152055215, 2654359.531926549039781 ], [ 221147.098426572047174, 2654369.248084579594433 ], [ 221143.481598864367697, 2654378.648583968169987 ], [ 221137.792658982158173, 2654390.658795750234276 ], [ 221130.625380061741453, 2654400.823337369132787 ], [ 221128.382956814137287, 2654407.190989589784294 ], [ 221125.728345177660231, 2654414.756538536399603 ], [ 221094.984453064971603, 2654454.958013630937785 ], [ 221086.89352483296534, 2654465.830540829803795 ], [ 221077.123342906648759, 2654474.235839209984988 ], [ 221072.504346957779489, 2654483.595235608518124 ], [ 221068.349703219602816, 2654491.255162553861737 ], [ 221059.827849055931438, 2654505.390609670430422 ], [ 221053.087788292148616, 2654515.045446808915585 ], [ 221042.823676763684489, 2654529.656069129705429 ], [ 221034.50411549344426, 2654541.53475639782846 ], [ 221027.952930647996254, 2654548.307059024926275 ], [ 221023.759672061365563, 2654554.153176781721413 ], [ 221020.996876748977229, 2654556.652431686874479 ], [ 221002.151102132804226, 2654573.761096377857029 ], [ 220989.7311948100687, 2654584.100013353861868 ], [ 220984.629069448041264, 2654588.401087279431522 ], [ 220976.426474280306138, 2654596.960732263512909 ], [ 220967.121902082231827, 2654606.670085906051099 ], [ 220963.277430634421762, 2654608.316427828744054 ], [ 220960.384377749694977, 2654613.509123024065048 ], [ 220952.493127200519666, 2654621.99954512855038 ], [ 220949.417854041326791, 2654630.387350869365036 ], [ 220947.968778440088499, 2654638.740617974661291 ], [ 220946.654020338086411, 2654641.646974658593535 ], [ 220943.304674062761478, 2654648.914304692763835 ], [ 220943.455323317146394, 2654658.923099901061505 ], [ 220943.607085932453629, 2654668.994277122430503 ], [ 220943.74969808239257, 2654675.686750497668982 ], [ 220941.012901546026114, 2654705.843273368198425 ], [ 220936.225036153045949, 2654716.082222840748727 ], [ 220936.402165206382051, 2654724.400840894784778 ], [ 220928.910162840154953, 2654742.832063978072256 ], [ 220925.06037676212145, 2654747.169194670394063 ], [ 220923.306570020620711, 2654750.022365339566022 ], [ 220911.908703831606545, 2654761.340710887219757 ], [ 220906.330245367367752, 2654763.837403694167733 ], [ 220893.519029904447962, 2654767.551757687702775 ], [ 220887.559954781259876, 2654769.8062554881908 ], [ 220883.897671732353047, 2654771.198354644235224 ], [ 220870.617955401481595, 2654773.483466797042638 ], [ 220855.060072593623772, 2654780.44756452832371 ], [ 220843.527743610262405, 2654785.448977387044579 ], [ 220841.370589776954148, 2654786.996657939627767 ], [ 220827.858277949271724, 2654793.041312516201288 ], [ 220813.494141324248631, 2654800.230272500310093 ], [ 220799.366794347413816, 2654809.729667880106717 ], [ 220796.385897634667344, 2654810.79428362287581 ], [ 220789.903801528678741, 2654814.937109520193189 ], [ 220782.134876294410788, 2654820.35873309103772 ], [ 220769.418365148303565, 2654837.336966079194099 ], [ 220761.645988002885133, 2654866.098978630732745 ], [ 220765.278096161549911, 2654883.855498021002859 ], [ 220767.097342151624616, 2654892.889871115330607 ], [ 220767.64969855803065, 2654895.318617520853877 ], [ 220771.515705381461885, 2654909.378011571709067 ], [ 220773.682460035313852, 2654917.091147143859416 ], [ 220774.768475163611583, 2654921.072692644316703 ], [ 220777.060238211764954, 2654928.78317135386169 ], [ 220781.565145045577083, 2654940.513867908157408 ], [ 220783.284540787863079, 2654944.857385736424476 ], [ 220785.251476829813328, 2654952.011451583821326 ], [ 220792.226379317755345, 2654965.128650903701782 ], [ 220797.183619364455808, 2654971.656069465447217 ], [ 220803.775189461652189, 2654981.465032117441297 ], [ 220808.769586326903664, 2654989.743577004410326 ], [ 220812.163162226963323, 2654996.304230440407991 ], [ 220820.318357995420229, 2655006.079857390373945 ], [ 220823.099767798441462, 2655013.279133953619748 ], [ 220825.59373386146035, 2655015.791653326712549 ], [ 220828.706607070809696, 2655020.919056740123779 ], [ 220830.411512317252345, 2655027.515599116217345 ], [ 220833.814363677811343, 2655037.455072704702616 ], [ 220842.821335592132527, 2655051.968100870028138 ], [ 220845.538906102243345, 2655059.106330492533743 ], [ 220845.576222666190006, 2655063.798513960558921 ], [ 220845.754751244967338, 2655072.179849377833307 ], [ 220845.897431070799939, 2655078.872328979894519 ], [ 220846.01192441675812, 2655087.192064801696688 ], [ 220846.189234967110679, 2655095.510798803530633 ], [ 220846.269103543192614, 2655102.204502025153488 ], [ 220841.450653583160602, 2655113.94600772857666 ], [ 220835.47041049215477, 2655121.081634712871164 ], [ 220832.175587117613759, 2655125.031358656939119 ], [ 220826.28020304441452, 2655133.229081985075027 ], [ 220816.327770252071787, 2655144.82964191166684 ], [ 220812.259703387389891, 2655150.673085369169712 ], [ 220800.352324581821449, 2655158.623386824503541 ], [ 220790.641592890780885, 2655163.961378113832325 ], [ 220781.178853728983086, 2655169.168850981630385 ], [ 220756.82203646178823, 2655177.259227975737303 ], [ 220753.763785373885185, 2655177.637266240082681 ], [ 220749.944506879604887, 2655177.530793687794358 ], [ 220745.671442767896224, 2655176.68310069385916 ], [ 220736.055321993888356, 2655174.697769443504512 ], [ 220726.10767924314132, 2655171.843589939177036 ], [ 220714.398321389220655, 2655168.526292745955288 ], [ 220706.57980508566834, 2655162.810826824512333 ], [ 220698.40494926617248, 2655157.978954295627773 ], [ 220693.025709969224408, 2655155.152589207515121 ], [ 220689.1824611009215, 2655150.979271521326154 ], [ 220677.106902851664927, 2655145.166892503853887 ], [ 220664.081159731431399, 2655138.811409016139805 ], [ 220650.992999000765849, 2655132.45715267630294 ], [ 220642.817901251604781, 2655127.6253123995848 ], [ 220629.765490620455239, 2655122.959822704549879 ], [ 220616.71338004374411, 2655118.294559712987393 ], [ 220609.061368666240014, 2655114.515287798363715 ], [ 220600.062806744070258, 2655115.082431184127927 ], [ 220587.469761791697238, 2655120.231465104501694 ], [ 220576.227642719168216, 2655124.162957313004881 ], [ 220564.481136322196107, 2655136.740182803012431 ], [ 220564.567973740340676, 2655152.569660113193095 ], [ 220560.538635999022517, 2655163.167868654709309 ], [ 220557.081501523964107, 2655171.251342701725662 ], [ 220546.39308198436629, 2655189.43771443516016 ], [ 220542.073805810068734, 2655198.165036839898676 ], [ 220538.255875080649275, 2655204.003141244873405 ], [ 220533.578221900970675, 2655207.669555578846484 ], [ 220529.067314682411961, 2655222.095330823678523 ], [ 220523.226583004288841, 2655226.975202986039221 ], [ 220519.299604272528086, 2655230.625653762836009 ], [ 220516.727408664126415, 2655236.18697445653379 ], [ 220509.88076936872676, 2655246.720219315029681 ], [ 220504.066797559498809, 2655252.851203414145857 ], [ 220499.364003753464203, 2655261.211268974933773 ], [ 220493.041825953230727, 2655272.859671513084322 ], [ 220481.938358075043652, 2655286.236695631872863 ], [ 220478.860391088470351, 2655294.499571015127003 ], [ 220471.180849923577625, 2655307.052884035278112 ], [ 220469.199432208901271, 2655308.033799237571657 ], [ 220464.680121173150837, 2655316.202093011233956 ], [ 220461.567597575543914, 2655322.838713951874524 ], [ 220458.455179006734397, 2655329.475333909969777 ], [ 220453.823013768880628, 2655341.150316711515188 ], [ 220449.16160488280002, 2655354.390181716531515 ], [ 220444.529559487011284, 2655366.065167400520295 ], [ 220436.829000815399922, 2655389.381761194206774 ], [ 220430.542638169077691, 2655402.718956969212741 ], [ 220425.882600879762322, 2655416.021434347145259 ], [ 220422.806125722243451, 2655424.346815903205425 ], [ 220416.547717133304104, 2655436.056430184282362 ], [ 220411.853229106171057, 2655447.73276309389621 ], [ 220407.291534415271599, 2655462.722671687137336 ], [ 220402.606369361747056, 2655477.777728800661862 ], [ 220399.501904358214233, 2655487.730711866635829 ], [ 220393.628078269539401, 2655502.811074453871697 ], [ 220388.728844679135364, 2655519.56043304502964 ], [ 220381.718596420018002, 2655534.164302667602897 ], [ 220377.84913137962576, 2655546.386412720195949 ], [ 220370.009747294592671, 2655563.198036320973188 ], [ 220362.269315289333463, 2655581.69751929724589 ], [ 220356.945119979791343, 2655593.199404215905815 ], [ 220351.766251651803032, 2655608.577920485753566 ], [ 220350.58069567399798, 2655611.669272114988416 ], [ 220345.095706191728823, 2655630.308305881917477 ], [ 220339.788978302909527, 2655648.505263313651085 ], [ 220337.666608166706283, 2655660.502313277218491 ], [ 220331.488435306819156, 2655678.905715061817318 ], [ 220319.23046439740574, 2655717.399954512249678 ], [ 220313.052041259477846, 2655735.803265349473804 ], [ 220305.247567495796829, 2655754.241427460219711 ], [ 220300.543452752113808, 2655762.538775195367634 ], [ 220291.182141238416079, 2655784.263988440856338 ], [ 220283.40165757824434, 2655800.886775847990066 ], [ 220272.664576753100846, 2655837.346375583671033 ], [ 220271.115741528687067, 2655843.949654310010374 ], [ 220264.966868647141382, 2655863.729082865640521 ], [ 220260.368059289176017, 2655876.967725892551243 ], [ 220256.249701661872678, 2655898.080514869187027 ], [ 220255.855957681545988, 2655900.153965007979423 ], [ 220251.390504016249906, 2655919.647150686010718 ], [ 220247.663291828066576, 2655932.67957575339824 ], [ 220245.213505109073594, 2655941.054195534437895 ], [ 220243.592935417254921, 2655947.220945012755692 ], [ 220239.943103467579931, 2655960.940081177745014 ], [ 220236.668087867263239, 2655968.769071449059993 ], [ 220232.421960544132162, 2655983.877400352153927 ], [ 220226.34896181547083, 2655998.39903069473803 ], [ 220223.68218058248749, 2656008.342652162536979 ], [ 220215.939188605872914, 2656029.657824050635099 ], [ 220214.556851910892874, 2656041.138571644667536 ], [ 220211.589603749802336, 2656057.533641373272985 ], [ 220212.100922554789577, 2656066.84635729668662 ], [ 220212.53772977628978, 2656075.597561804112047 ], [ 220212.104321779333986, 2656090.49964998755604 ], [ 220232.750532565172762, 2656107.956183989066631 ], [ 220236.728177837445401, 2656109.623489504214376 ], [ 220243.242388727026992, 2656112.863654593937099 ], [ 220257.89439097000286, 2656119.184265164658427 ], [ 220269.323231328686234, 2656124.009389031678438 ], [ 220290.517296899226494, 2656131.942836239468306 ], [ 220308.423043584567495, 2656138.256713790353388 ], [ 220312.090713669313118, 2656140.055895888712257 ], [ 220324.737145180348307, 2656146.231727568432689 ], [ 220327.698172765260097, 2656147.169833729974926 ], [ 220335.133258676622063, 2656149.576815379783511 ], [ 220340.741282883449458, 2656151.397202168591321 ], [ 220349.121097491937689, 2656154.097102323547006 ], [ 220362.137613760714885, 2656160.014682046603411 ], [ 220375.201965997403022, 2656165.242899500299245 ], [ 220388.041263687948231, 2656168.723886151332408 ], [ 220401.274576458556112, 2656173.07228974159807 ], [ 220411.039949202036951, 2656176.180677401367575 ], [ 220425.621294307871722, 2656179.186433624010533 ], [ 220439.337597210134845, 2656182.71119930036366 ], [ 220441.980612995277625, 2656183.40580678358674 ], [ 220451.631341935019009, 2656187.01724093966186 ], [ 220466.276794072065968, 2656190.084410727955401 ], [ 220479.329061600146815, 2656194.749431324657053 ], [ 220493.944948709802702, 2656199.381514943670481 ], [ 220502.348903221834917, 2656203.207290316466242 ], [ 220513.299893702322152, 2656206.165141475852579 ], [ 220520.538052386429626, 2656208.138450741302222 ], [ 220530.753069930593483, 2656211.800441641360521 ], [ 220539.518988982774317, 2656214.992808243259788 ], [ 220546.058551009336952, 2656216.480305351316929 ], [ 220557.422147960751317, 2656221.181659870781004 ], [ 220564.617719884670805, 2656224.094428391195834 ], [ 220578.251533806615043, 2656229.623282664455473 ], [ 220596.516333025705535, 2656235.178758166264743 ], [ 220614.419534655229654, 2656241.367563386447728 ], [ 220632.358405479870271, 2656249.245253243949264 ], [ 220637.966334547905717, 2656251.065416489727795 ], [ 220669.789301719749346, 2656261.525669631082565 ], [ 220687.726991414150689, 2656269.340819738339633 ], [ 220702.376349819882307, 2656275.536310584284365 ], [ 220718.687787823902909, 2656283.386086091399193 ], [ 220725.293762300687376, 2656288.000979241915047 ], [ 220731.844147404364776, 2656292.930086249485612 ], [ 220739.474901152600069, 2656298.649271994363517 ], [ 220756.770129575685132, 2656317.428615230601281 ], [ 220774.027912977326196, 2656334.456520852632821 ], [ 220781.245118839957286, 2656344.252225505188107 ], [ 220786.20095604006201, 2656350.716887647286057 ], [ 220792.81794417265337, 2656358.772889002226293 ], [ 220796.111603142926469, 2656363.583721032366157 ], [ 220801.102179253532086, 2656371.674531140364707 ], [ 220806.092958060035016, 2656379.765560127329081 ], [ 220807.740487202943768, 2656383.672533858567476 ], [ 220809.456108099897392, 2656387.828571522608399 ], [ 220809.595925092813559, 2656394.395756989251822 ], [ 220809.743972206255421, 2656404.279493591282517 ], [ 220809.820074993534945, 2656410.785628121346235 ], [ 220809.960098798619583, 2656417.352920555975288 ], [ 220806.925056945765391, 2656430.558108450844884 ], [ 220806.310321763972752, 2656436.953899199143052 ], [ 220805.552086386072915, 2656445.417465371079743 ], [ 220802.544806337857153, 2656456.995293165091425 ], [ 220799.472491173655726, 2656468.449249941855669 ], [ 220796.438800272939261, 2656481.717153353616595 ], [ 220796.613386343873572, 2656489.910705737303942 ], [ 220793.473103643395007, 2656498.174972565378994 ], [ 220791.614094101358205, 2656504.90992190130055 ], [ 220791.959311057173181, 2656521.109339176677167 ], [ 220785.93842174380552, 2656543.952117264270782 ], [ 220782.34034504351439, 2656551.287483018822968 ], [ 220780.361533907358535, 2656555.334313237573951 ], [ 220776.899344695091713, 2656569.049402049276978 ], [ 220773.865606429753825, 2656582.317317908629775 ], [ 220770.758695651369635, 2656592.145029966719449 ], [ 220769.343006908544339, 2656602.062029347755015 ], [ 220763.160914509615395, 2656620.277783643454313 ], [ 220755.385701852967031, 2656640.091794186271727 ], [ 220750.751234282623045, 2656651.641627892386168 ], [ 220747.45898967544781, 2656658.657585537061095 ], [ 220741.351420815859456, 2656671.552945605944842 ], [ 220733.569550544430967, 2656688.113349168095738 ], [ 220728.788711682602298, 2656704.547072161454707 ], [ 220716.948451039846987, 2656730.329846986103803 ], [ 220693.931048691971228, 2656792.456144653726369 ], [ 220687.045902570243925, 2656807.05759799387306 ], [ 220680.994150740269106, 2656819.638894483912736 ], [ 220676.053296585974749, 2656828.567130752839148 ], [ 220666.609362201939803, 2656843.473443060182035 ], [ 220660.279250576510094, 2656851.805521875619888 ], [ 220653.186475158843677, 2656859.590956843923777 ], [ 220650.043489590229001, 2656864.788893898949027 ], [ 220647.759870405949187, 2656866.276710184756666 ], [ 220613.381578274129424, 2656888.597643533255905 ], [ 220548.700098475383129, 2656904.243074080906808 ], [ 220501.851993134070653, 2656914.00208258908242 ], [ 220499.540622835687827, 2656914.176546977832913 ], [ 220476.054111536999699, 2656921.998192351777107 ], [ 220448.901182404835708, 2656928.083397434093058 ], [ 220442.594772976532113, 2656931.659455555491149 ], [ 220436.799435636319686, 2656935.725326073355973 ], [ 220434.52122055622749, 2656940.404215014073998 ], [ 220432.003606679965742, 2656945.589005545247346 ], [ 220431.104010394075885, 2656947.422935237642378 ], [ 220428.116951106465422, 2656954.05683964677155 ], [ 220426.655786044662818, 2656958.906326576136053 ], [ 220426.132986140321009, 2656963.735609772615135 ], [ 220425.208328779553995, 2656970.263078726828098 ], [ 220425.855439593724441, 2656980.073482964653522 ], [ 220426.139098572486546, 2656984.572895621880889 ], [ 220430.080086109926924, 2656999.193934343755245 ], [ 220442.587785832409281, 2657031.153223445639014 ], [ 220451.480350985832047, 2657040.287354263942689 ], [ 220454.984306353377178, 2657043.216228479053825 ], [ 220463.00782454921864, 2657049.740597394295037 ], [ 220470.694333777588326, 2657055.145948609802872 ], [ 220480.477302944171242, 2657062.008409082423896 ], [ 220484.976504078891594, 2657064.665585921145976 ], [ 220499.615427593758795, 2657073.301955642178655 ], [ 220504.407572287193034, 2657075.014477939810604 ], [ 220513.562289769586641, 2657081.765077214688063 ], [ 220526.620046365424059, 2657089.621412381995469 ], [ 220539.777826068282593, 2657099.227883545681834 ], [ 220551.307838055246975, 2657108.806387552525848 ], [ 220562.67947453353554, 2657116.823789241258055 ], [ 220575.835878188721836, 2657126.367578319273889 ], [ 220584.051110741798766, 2657136.016552191227674 ], [ 220587.283632204518653, 2657140.891258047893643 ], [ 220590.640119046554901, 2657145.70036560902372 ], [ 220598.923120500519872, 2657155.598415104206651 ], [ 220602.218486434256192, 2657163.412531229201704 ], [ 220603.280838813341688, 2657175.09126988844946 ], [ 220598.928497199784033, 2657191.078010467346758 ], [ 220599.593113558017649, 2657207.583581645973027 ], [ 220599.641342616232578, 2657215.717213454656303 ], [ 220599.718806760734878, 2657222.28585291467607 ], [ 220599.793527107685804, 2657228.729516349267215 ], [ 220596.749222065729555, 2657238.555861815344542 ], [ 220595.241842309769709, 2657250.039119942113757 ], [ 220592.945299711427651, 2657256.783659676555544 ], [ 220594.519709557818715, 2657263.132662406656891 ], [ 220589.076106749300379, 2657277.828560811467469 ], [ 220582.675357635191176, 2657282.845585121307522 ], [ 220582.112560737179592, 2657285.798754857853055 ], [ 220582.1606416500872, 2657290.99153465218842 ], [ 220582.188846611476038, 2657298.186950136441737 ], [ 220578.557868545351084, 2657318.663578662555665 ], [ 220582.31736057222588, 2657351.184709992259741 ], [ 220582.657267081842292, 2657364.193131589796394 ], [ 220582.795919095340651, 2657370.697842468507588 ], [ 220583.165086628869176, 2657388.023095954209566 ], [ 220605.980701184656937, 2657410.376477315090597 ], [ 220619.083792847697623, 2657420.359361914917827 ], [ 220632.111044960678555, 2657429.718033973593265 ], [ 220633.974351822631434, 2657431.993726639077067 ], [ 220636.597355231875554, 2657434.691091342829168 ], [ 220641.605019318580162, 2657437.713025527540594 ], [ 220649.687178724620026, 2657444.048444871790707 ], [ 220656.169437660486437, 2657448.728514078073204 ], [ 220672.332198753894772, 2657461.336885716300458 ], [ 220680.386315080337226, 2657469.300024385098368 ], [ 220685.334206222963985, 2657472.448277979623526 ], [ 220691.851220992044546, 2657478.754618599079549 ], [ 220699.965266870916821, 2657486.591234763618559 ], [ 220709.867886059393641, 2657496.141603860538453 ], [ 220717.41620892775245, 2657503.865120872855186 ], [ 220719.739932936965488, 2657507.194702642504126 ], [ 220723.131080836232286, 2657513.630087747238576 ], [ 220726.499736204103101, 2657524.884204500820488 ], [ 220731.578022320521995, 2657531.221283797640353 ], [ 220733.384414119180292, 2657542.571161293424666 ], [ 220736.676957716408651, 2657547.319132034666836 ], [ 220736.821086866548285, 2657557.015308925881982 ], [ 220741.990479774423875, 2657576.428280322812498 ], [ 220745.413432266563177, 2657584.364843018352985 ], [ 220746.192459720245097, 2657594.485352078918368 ], [ 220748.930169541097712, 2657599.620565274264663 ], [ 220751.798258605413139, 2657605.003516398835927 ], [ 220758.109071151644457, 2657616.320068268105388 ], [ 220764.122220726683736, 2657634.213127732742578 ], [ 220769.178503228351474, 2657648.309899914078414 ], [ 220773.985612609016243, 2657662.474380243569613 ], [ 220778.117044892744161, 2657674.275481748860329 ], [ 220785.840052197512705, 2657693.133436989039183 ], [ 220791.378044650075026, 2657706.343727042898536 ], [ 220792.177886092336848, 2657708.641948828008026 ], [ 220796.640466014621779, 2657721.311911748722196 ], [ 220807.3579259152757, 2657739.730730306357145 ], [ 220815.313800547737628, 2657751.888092459179461 ], [ 220823.02348701475421, 2657767.179764256812632 ], [ 220839.806597580492962, 2657788.347562137059867 ], [ 220847.489554120227695, 2657796.506101677659899 ], [ 220849.599015662271995, 2657801.529656752943993 ], [ 220856.215921574679669, 2657809.585842973552644 ], [ 220856.361409478529822, 2657819.344281149562448 ], [ 220863.774188501585741, 2657832.452078595291823 ], [ 220866.376161290274467, 2657837.089612845797092 ], [ 220870.782743060321081, 2657847.132734547834843 ], [ 220879.807421518489718, 2657862.458971288986504 ], [ 220884.221893020439893, 2657869.936178077477962 ], [ 220893.239135092357174, 2657870.244625342078507 ], [ 220899.312696497654542, 2657867.486953746993095 ], [ 220904.121872994117439, 2657864.130563207902014 ], [ 220916.896869500284083, 2657855.786062118131667 ], [ 220923.332287210272625, 2657852.39498101407662 ], [ 220937.833340977842454, 2657848.707004019990563 ], [ 220947.546849217440467, 2657849.375893045216799 ], [ 220960.079945043078624, 2657850.234896675217897 ], [ 220975.259989161684643, 2657854.917228209786117 ], [ 220976.858484794560354, 2657856.510232400614768 ], [ 220981.806484464847017, 2657859.658675002399832 ], [ 220995.026670708262827, 2657869.263461207039654 ], [ 221003.108734694309533, 2657875.598816054873168 ], [ 221011.350325069623068, 2657883.557887382805347 ], [ 221019.593527057848405, 2657891.579223995562643 ], [ 221022.38972606457537, 2657896.525678398553282 ], [ 221027.851539177878294, 2657906.170742096379399 ], [ 221029.608330702467356, 2657909.324640399776399 ], [ 221036.329320741584525, 2657922.259329258464277 ], [ 221041.360061651619617, 2657935.167548613622785 ], [ 221046.5494059023913, 2657949.636652412824333 ], [ 221051.478842687560245, 2657957.791412607766688 ], [ 221054.774040903139394, 2657962.664523583371192 ], [ 221061.354998917435296, 2657969.032037338707596 ], [ 221064.454483910289127, 2657973.533765148837119 ], [ 221065.744047896238044, 2657975.320894951932132 ], [ 221079.19321985996794, 2657983.919825453776866 ], [ 221094.585029941576067, 2657989.72395348502323 ], [ 221111.186878995096777, 2658002.385339412372559 ], [ 221116.995691858872306, 2658001.886102015152574 ], [ 221119.36967814451782, 2658001.710386089514941 ], [ 221123.617509168747347, 2658001.369475526269525 ], [ 221134.859674734296277, 2658000.378993182443082 ], [ 221139.675723905034829, 2658000.276299865916371 ], [ 221142.857637016510125, 2657999.8330162265338 ], [ 221170.365631653636228, 2657995.742237324826419 ], [ 221174.170334444672335, 2657995.160580771043897 ], [ 221178.561836059612688, 2657995.69264647597447 ], [ 221188.159267164010089, 2657996.802102523390204 ], [ 221209.362497656140476, 2657999.291053108870983 ], [ 221218.081684096367098, 2658000.294156776275486 ], [ 221251.675968230760191, 2658014.595620037522167 ], [ 221258.306150899035856, 2658017.395266486797482 ], [ 221264.8522584256134, 2658022.136387698352337 ], [ 221271.496998218470253, 2658028.565034816972911 ], [ 221279.800022983632516, 2658036.460190497338772 ], [ 221286.953501552634407, 2658049.135377088561654 ], [ 221289.663068439636845, 2658055.898251548875123 ], [ 221298.186293634702452, 2658077.054176209960133 ], [ 221292.468902204185724, 2658096.511641530320048 ], [ 221264.554320152732544, 2658172.508496792986989 ], [ 221261.205598770815413, 2658191.540004627313465 ], [ 221260.030861707753502, 2658198.072708691935986 ], [ 221254.54618954192847, 2658216.711652502883226 ], [ 221252.010005646210629, 2658221.020792484283447 ], [ 221248.678148267033976, 2658229.101290945895016 ], [ 221245.789318795665167, 2658237.422777019441128 ], [ 221241.084297253750265, 2658245.657822797074914 ], [ 221238.012021984322928, 2658257.111827121581882 ], [ 221233.41623071860522, 2658273.416444291826338 ], [ 221228.747074267652351, 2658283.340132551733404 ], [ 221227.293018083553761, 2658291.443253616802394 ], [ 221222.559857868938707, 2658301.305677416268736 ], [ 221217.098791158234235, 2658309.306512561161071 ], [ 221217.993491704575717, 2658316.04542562039569 ], [ 221211.951703598839231, 2658343.769621430896223 ], [ 221212.13315023801988, 2658355.216896976344287 ], [ 221212.311851427599322, 2658366.538864448200911 ], [ 221212.520040742878336, 2658376.295951983425766 ], [ 221212.913710562628694, 2658400.628959324210882 ], [ 221213.378172277472913, 2658428.276965199038386 ], [ 221216.740150032157544, 2658436.277296865358949 ], [ 221220.38069431175245, 2658457.349722793325782 ], [ 221225.548952543176711, 2658476.700172702316195 ], [ 221226.315893717226572, 2658486.257613242138177 ], [ 221232.447551775723696, 2658500.894496050197631 ], [ 221239.165707397740334, 2658513.704150971956551 ], [ 221242.193742846488021, 2658523.651270168833435 ], [ 221250.133644793590065, 2658535.058151347097009 ], [ 221260.977468767028768, 2658550.595730702858418 ], [ 221267.948419807187747, 2658560.584099963773042 ], [ 221274.721780939842574, 2658581.840027335099876 ], [ 221256.535133017110638, 2658574.093193272594362 ], [ 221244.809623876877595, 2658570.025487225502729 ], [ 221226.326510183047503, 2658565.976925091352314 ], [ 221219.266821683850139, 2658566.502951771486551 ], [ 221210.901656430971343, 2658567.432162374258041 ], [ 221199.001937329245266, 2658566.934986890293658 ], [ 221183.979143223259598, 2658569.633267072495073 ], [ 221176.496796777122654, 2658579.679526779334992 ], [ 221170.400828992715105, 2658587.255942150019109 ], [ 221161.392310964933131, 2658602.027751212473959 ], [ 221157.605677493789699, 2658618.127561063040048 ], [ 221151.261932468623854, 2658643.417640075553209 ], [ 221149.985151313769165, 2658659.839312717318535 ], [ 221149.652670227282215, 2658664.789879759307951 ], [ 221149.462637516844552, 2658670.550693938974291 ], [ 221147.835928154177964, 2658714.575192210264504 ], [ 221147.641834854322951, 2658720.148320456501096 ], [ 221144.784173970692791, 2658732.849259472452104 ], [ 221142.377549419994466, 2658749.10751656955108 ], [ 221134.655738461820874, 2658762.600334869232029 ], [ 221116.103394777688663, 2658784.646734568756074 ], [ 221109.78117443510564, 2658790.413234899751842 ], [ 221099.247234290989581, 2658798.209427704568952 ], [ 221079.500462043273728, 2658805.325853622984141 ], [ 221052.676773656916339, 2658815.096485562622547 ], [ 221030.991951985342894, 2658816.434901537373662 ], [ 221019.933321408811025, 2658817.233865825459361 ], [ 221008.81220476020826, 2658818.034278795588762 ], [ 220947.690719184756745, 2658827.472430713009089 ], [ 220943.138114087225404, 2658828.195453010033816 ], [ 220932.773270707461052, 2658838.052691182121634 ], [ 220898.227129899081774, 2658873.017737266607583 ], [ 220869.50683134276187, 2658881.890010049566627 ], [ 220833.829884267528541, 2658872.638975209090859 ], [ 220820.38607743679313, 2658864.290521574672312 ], [ 220803.991874998784624, 2658855.504405706189573 ], [ 220795.57330569793703, 2658850.990701137110591 ], [ 220772.316085584810935, 2658837.282370059285313 ], [ 220770.277291552862152, 2658835.573735129553825 ], [ 220754.802543724363204, 2658825.891857429873198 ], [ 220738.043795880337711, 2658817.614038149826229 ], [ 220729.812927191436756, 2658816.037341583520174 ], [ 220719.793412492552307, 2658812.746805886738002 ], [ 220714.475678339367732, 2658812.797725632786751 ], [ 220702.348684402240906, 2658819.251222524326295 ], [ 220686.27871778269764, 2658825.663762283977121 ], [ 220672.633581823494751, 2658837.218277151696384 ], [ 220659.55004669399932, 2658848.698109841905534 ], [ 220652.42410846427083, 2658854.919683700893074 ], [ 220634.772434287995566, 2658875.19492837972939 ], [ 220627.184879226144403, 2658883.241012939251959 ], [ 220612.447109788539819, 2658893.442046297714114 ], [ 220606.460357831732836, 2658900.265334856696427 ], [ 220600.410911062674131, 2658904.148766458500177 ], [ 220582.711112110177055, 2658919.231191812548786 ], [ 220571.240087476326153, 2658927.110073894262314 ], [ 220560.466737941547763, 2658938.353033887688071 ], [ 220556.73293808393646, 2658942.249566089827567 ], [ 220548.346863651939202, 2658951.0011793426238 ], [ 220529.260899774497375, 2658974.435670873615891 ], [ 220516.132141774403863, 2658989.670994818210602 ], [ 220499.80864936724538, 2659010.606177202425897 ], [ 220498.426310705021024, 2659013.263799208216369 ], [ 220494.999929880257696, 2659019.844709069468081 ], [ 220491.359235071751755, 2659028.119485744740814 ], [ 220488.552953339705709, 2659034.436893935780972 ], [ 220486.381897668354213, 2659047.060676247812808 ], [ 220482.759954256122001, 2659056.211187508422881 ], [ 220482.118445307307411, 2659078.939395839814097 ], [ 220477.059754896094091, 2659099.947285655885935 ], [ 220470.414024001394864, 2659125.744533911347389 ], [ 220466.892683292855509, 2659151.350060515105724 ], [ 220466.300743271945976, 2659155.868029089644551 ], [ 220465.25642740848707, 2659159.707503575831652 ], [ 220458.579904490907211, 2659184.066301519051194 ], [ 220457.359736716549378, 2659188.472402815241367 ], [ 220446.016280480253045, 2659214.056982294656336 ], [ 220440.990925412217621, 2659230.746498187072575 ], [ 220439.122831823362503, 2659237.0438187061809 ], [ 220438.015941127610859, 2659240.884519924875349 ], [ 220431.685371058876626, 2659243.334807017818093 ], [ 220426.794033661601134, 2659251.636380768381059 ], [ 220424.802045422140509, 2659255.057883068919182 ], [ 220418.005258191900793, 2659267.90554161509499 ], [ 220414.876858463569079, 2659273.791886809282005 ], [ 220409.240651972824708, 2659291.182466613594443 ], [ 220399.268974639533553, 2659313.609222123865038 ], [ 220393.008601621317212, 2659328.134877236559987 ], [ 220380.403982853633352, 2659359.127914432436228 ], [ 220372.990619301563129, 2659369.485724045429379 ], [ 220370.547673440887593, 2659375.23210419761017 ], [ 220367.884024911385495, 2659382.359904958866537 ], [ 220361.607591000734828, 2659399.076031262520701 ], [ 220351.660728603426833, 2659413.868084806017578 ], [ 220343.964503679017071, 2659428.549533519893885 ], [ 220342.607731404772494, 2659441.218632770702243 ], [ 220341.956515571160708, 2659457.627063825260848 ], [ 220336.254195271059871, 2659480.713739656377584 ], [ 220334.143201540980954, 2659496.152021698653698 ], [ 220333.43410443951143, 2659501.047939954791218 ], [ 220340.705974581942428, 2659513.407691372092813 ], [ 220343.883158958982676, 2659524.478258838411421 ], [ 220353.862239288981073, 2659540.534888319671154 ], [ 220364.058127858792432, 2659555.022521690931171 ], [ 220383.002521290211007, 2659571.888853420503438 ], [ 220385.489879186905455, 2659574.088448243681341 ], [ 220396.341503570904024, 2659584.119165705051273 ], [ 220406.505497172125615, 2659600.046622307505459 ], [ 220404.347473190107848, 2659607.413822759408504 ], [ 220401.987024577509146, 2659614.097203538753092 ], [ 220400.071102420333773, 2659621.083806457463652 ], [ 220402.031559430412017, 2659648.449716213159263 ], [ 220403.136210060794838, 2659673.831427798140794 ], [ 220405.657808440970257, 2659692.299691073130816 ], [ 220406.098937558825128, 2659704.1795808179304 ], [ 220406.242818709812127, 2659707.993404767941684 ], [ 220407.367408732417971, 2659710.847893508616835 ], [ 220413.032017661142163, 2659727.059154727030545 ], [ 220418.041198436520062, 2659750.667992189526558 ], [ 220433.535327656369191, 2659772.989403786603361 ], [ 220453.115610387874767, 2659784.46085476083681 ], [ 220462.029194699425716, 2659788.713358000852168 ], [ 220476.131626630143728, 2659792.730230036191642 ], [ 220480.215824184182566, 2659793.519195885863155 ], [ 220485.063889042357914, 2659794.917610027827322 ], [ 220501.06802591442829, 2659800.082689366303384 ], [ 220507.116524491400924, 2659802.018514729570597 ], [ 220520.911994658061303, 2659812.174220346845686 ], [ 220531.59184582385933, 2659820.018566645216197 ], [ 220545.443082467536442, 2659832.801051423884928 ], [ 220553.52123644988751, 2659838.948704732116312 ], [ 220565.946343980845995, 2659855.266118542756885 ], [ 220572.51410215505166, 2659863.948878727853298 ], [ 220592.093113212496974, 2659875.357670138124377 ], [ 220600.529258176160511, 2659883.625303442124277 ], [ 220606.313408045214601, 2659893.70159573154524 ], [ 220610.934384159918409, 2659904.991500455420464 ], [ 220617.011521257110871, 2659917.063882959540933 ], [ 220618.000396698713303, 2659919.420580455567688 ], [ 220619.431902417098172, 2659936.660729914437979 ], [ 220619.489325376111083, 2659939.350192761979997 ], [ 220618.575915431138128, 2659952.2599858478643 ], [ 220618.013318534591235, 2659958.153927912935615 ], [ 220616.20526284124935, 2659967.266008031088859 ], [ 220593.041288100648671, 2659978.460360042750835 ], [ 220586.229299475846346, 2659981.796895152423531 ], [ 220582.680265633098315, 2659982.623506716452539 ], [ 220567.058566392399371, 2659989.527269506826997 ], [ 220565.459048518736381, 2659990.812923535704613 ], [ 220555.410662211070303, 2659994.969429372344166 ], [ 220536.431785613007378, 2660002.883312799967825 ], [ 220512.57587025425164, 2660016.845873496495187 ], [ 220486.860655302822124, 2660025.779432129580528 ], [ 220471.408314327651169, 2660034.74443999119103 ], [ 220468.364764435158577, 2660035.810486957896501 ], [ 220451.301021827966906, 2660045.498228283599019 ], [ 220439.63204902241705, 2660055.821850971784443 ], [ 220426.488758731924463, 2660067.428155713248998 ], [ 220405.933753149991389, 2660092.396117368713021 ], [ 220389.541245000204071, 2660113.0198427233845 ], [ 220386.917146324936766, 2660116.142039161175489 ], [ 220384.230464027496055, 2660119.265570710413158 ], [ 220382.024078808783088, 2660121.440100292675197 ], [ 220361.25024228420807, 2660133.209419541992247 ], [ 220348.759963401069399, 2660140.2340042386204 ], [ 220334.66226147627458, 2660148.168795124161988 ], [ 220327.712083829857875, 2660153.823784204665571 ], [ 220314.531361636647489, 2660163.678858129307628 ], [ 220309.426732165389694, 2660167.85514830192551 ], [ 220286.566526817856357, 2660187.428145542740822 ], [ 220270.542352687683888, 2660201.849291052669287 ], [ 220258.192135044140741, 2660212.500325792003423 ], [ 220242.150164335151203, 2660223.167507645208389 ], [ 220226.125967852945905, 2660237.588492200709879 ], [ 220215.214013430580962, 2660245.268006961327046 ], [ 220204.689498283434659, 2660253.502034123521298 ], [ 220192.038478145259432, 2660264.722436353098601 ], [ 220182.771595753205474, 2660273.242789139505476 ], [ 220174.116692257113755, 2660281.124026082456112 ], [ 220162.834894197061658, 2660289.061440834775567 ], [ 220145.985907880414743, 2660308.819125588983297 ], [ 220129.785470541391987, 2660338.449764281511307 ], [ 220119.275952425785363, 2660353.254112573806196 ], [ 220115.014192276983522, 2660364.670977294910699 ], [ 220106.03492833673954, 2660377.878071495331824 ], [ 220097.026456942723598, 2660392.650291149970144 ], [ 220083.396446430997457, 2660410.774979507550597 ], [ 220071.427312468818855, 2660430.491129286121577 ], [ 220057.901538352482021, 2660453.494441771879792 ], [ 220039.68884338933276, 2660479.726390161551535 ], [ 220021.829000673897099, 2660510.769246862269938 ], [ 220006.931426331808325, 2660536.930468308273703 ], [ 219999.60903676378075, 2660551.541403433773667 ], [ 219992.239855228282977, 2660561.022453352343291 ], [ 219976.891912259859964, 2660580.748132400680333 ], [ 219960.126773256517481, 2660598.564387886319309 ], [ 219948.865128653182182, 2660610.381015628576279 ], [ 219935.84413923334796, 2660621.859794123098254 ], [ 219927.788063567248173, 2660628.476858252193779 ], [ 219910.07880022545578, 2660640.18073327280581 ], [ 219902.083801581873558, 2660646.734102706890553 ], [ 219895.305443541903514, 2660654.575469776522368 ], [ 219890.323314675537404, 2660658.623961918056011 ], [ 219859.087061585509218, 2660675.685274256858975 ], [ 219819.085225701506715, 2660695.436566744931042 ], [ 219802.275447446329053, 2660705.306694499216974 ], [ 219786.965304095647298, 2660712.141166860237718 ], [ 219784.033624020288698, 2660712.579259377904236 ], [ 219759.868400021921843, 2660717.91314049391076 ], [ 219751.212005922454409, 2660719.849985821638256 ], [ 219729.338149413641077, 2660724.071255550254136 ], [ 219718.681469967123121, 2660726.11350612482056 ], [ 219703.070238041051198, 2660727.635388855822384 ], [ 219681.577943563577719, 2660726.279493355192244 ], [ 219654.215592716878746, 2660722.545753221027553 ], [ 219610.060007909021806, 2660717.731238546315581 ], [ 219566.988727721036412, 2660705.071491343900561 ], [ 219534.86404875892913, 2660692.240914097055793 ], [ 219504.243437345663551, 2660679.503266203217208 ], [ 219475.062298202654347, 2660663.856504105962813 ], [ 219457.14683329674881, 2660654.164274021983147 ], [ 219427.905760638939682, 2660638.644025181885809 ], [ 219401.739066551497672, 2660623.496005484368652 ], [ 219386.196437719278038, 2660616.506315453909338 ], [ 219371.609111334837507, 2660607.368809351697564 ], [ 219368.24760706583038, 2660605.25039269356057 ], [ 219364.431865869555622, 2660602.390925087966025 ], [ 219350.573825312720146, 2660592.236433094833046 ], [ 219332.169663030188531, 2660577.235881402622908 ], [ 219316.220537778106518, 2660562.933686927426606 ], [ 219302.753561422927305, 2660550.580733892973512 ], [ 219285.037300849042367, 2660535.565286045894027 ], [ 219269.559291502228007, 2660519.876431189011782 ], [ 219257.293788287963253, 2660505.182627659291029 ], [ 219253.410376779211219, 2660499.133215427398682 ], [ 219242.665963516919874, 2660482.404616983607411 ], [ 219224.884697228844743, 2660452.622811470646411 ], [ 219210.844891819753684, 2660431.021076335106045 ], [ 219191.497562372358516, 2660401.147457555867732 ], [ 219173.845603637106251, 2660374.491716101765633 ], [ 219164.762044559698552, 2660356.413495961111039 ], [ 219155.387880801863503, 2660333.523278657812625 ], [ 219149.402107222762424, 2660314.002448021434247 ], [ 219144.94942343380535, 2660293.009543505962938 ], [ 219139.795302656653803, 2660271.405922652222216 ], [ 219134.529263824166264, 2660270.955131336115301 ], [ 219133.395888844388537, 2660255.961180529557168 ], [ 219135.96608897059923, 2660241.5141063737683 ], [ 219142.627388045890257, 2660231.109625274781138 ], [ 219144.636110291583464, 2660219.677998633123934 ], [ 219152.825395848543849, 2660213.433626670390368 ], [ 219162.611511447234079, 2660205.778231079224497 ], [ 219169.074820164125413, 2660200.759555675555021 ], [ 219179.583664271107409, 2660194.715724334586412 ], [ 219187.311270836857148, 2660190.2957270918414 ], [ 219196.219435278268065, 2660188.416254858020693 ], [ 219201.002310476556886, 2660189.690816059242934 ], [ 219227.663009090756532, 2660186.931859231553972 ], [ 219246.964943821192719, 2660188.271983103360981 ], [ 219257.925354851409793, 2660191.667540253605694 ], [ 219268.231276742590126, 2660196.641396136954427 ], [ 219275.691812728415243, 2660200.236798543017358 ], [ 219285.645118074899074, 2660206.281906741671264 ], [ 219298.578059472667519, 2660214.140570215880871 ], [ 219306.772114379215054, 2660219.848010314628482 ], [ 219324.95000210654689, 2660233.038845872972161 ], [ 219338.199910597584676, 2660244.019764588214457 ], [ 219343.255884342244826, 2660249.293229536619037 ], [ 219361.718897331971675, 2660267.046033597551286 ], [ 219366.227760521112941, 2660270.14130549505353 ], [ 219374.609011830063537, 2660269.962310781702399 ], [ 219386.860387885302771, 2660272.266419339459389 ], [ 219384.857472506875638, 2660228.256437684874982 ], [ 219376.104492034064606, 2660199.283139570616186 ], [ 219372.874040147464257, 2660188.651693142484874 ], [ 219348.061791981861461, 2660146.066845716442913 ], [ 219332.192984339606483, 2660114.992729538120329 ], [ 219328.666120388021227, 2660108.059633099939674 ], [ 219326.838666529627517, 2660104.531659580767155 ], [ 219325.718205773213413, 2660084.281491212081164 ], [ 219324.608870496565942, 2660070.413359494879842 ], [ 219323.601068322022911, 2660064.239871538709849 ], [ 219321.582909972057678, 2660051.768025246914476 ], [ 219321.187505599518772, 2660027.372049218043685 ], [ 219326.202206469490193, 2660007.241010706871748 ], [ 219327.066967013932299, 2660003.780910242814571 ], [ 219329.266394423029851, 2659998.352640482597053 ], [ 219340.086829868261702, 2659971.715004188474268 ], [ 219354.755936608766206, 2659949.500772765371948 ], [ 219366.637413311807904, 2659931.538455232046545 ], [ 219378.354480374662671, 2659900.000953353010118 ], [ 219385.520367498393171, 2659869.248745901044458 ], [ 219388.995290933933575, 2659853.218017764389515 ], [ 219389.251288169529289, 2659838.820318381302059 ], [ 219391.596496777550783, 2659822.62598340632394 ], [ 219390.626930827100296, 2659809.443230006378144 ], [ 219387.104649590852205, 2659790.996284649241716 ], [ 219387.61525396478828, 2659759.197061074431986 ], [ 219387.308285935025197, 2659744.811294804792851 ], [ 219383.88082713552285, 2659733.746096650138497 ], [ 219383.608614273252897, 2659720.986607132479548 ], [ 219376.377607366477605, 2659681.218105952255428 ], [ 219358.849776246293914, 2659654.496925714891404 ], [ 219359.253896557493135, 2659647.041764695663005 ], [ 219346.396627542795613, 2659636.865993195213377 ], [ 219341.275532446161378, 2659631.468863226473331 ], [ 219328.613888486695942, 2659618.72324224980548 ], [ 219317.424051541020162, 2659607.510754708666354 ], [ 219298.959807799896225, 2659592.636099816765636 ], [ 219295.31326650781557, 2659588.896861783694476 ], [ 219264.07289244804997, 2659561.780024135485291 ], [ 219239.884899681608658, 2659539.643572360742837 ], [ 219236.560272637871094, 2659536.335637780372053 ], [ 219223.425363424990792, 2659510.209046130534261 ], [ 219223.836700465762988, 2659488.424113290850073 ], [ 219225.241469303320628, 2659478.00663004303351 ], [ 219226.325425765651744, 2659467.220571515150368 ], [ 219228.375521610665601, 2659454.787038887385279 ], [ 219228.521173717512283, 2659441.080051225610077 ], [ 219228.897029152954929, 2659429.370378157589585 ], [ 219229.871681249758694, 2659413.455524027347565 ], [ 219233.8117169328616, 2659404.548295855522156 ], [ 219234.234222532657441, 2659392.086966016795486 ], [ 219237.588286046055146, 2659376.246456735767424 ], [ 219239.976215636648703, 2659362.053532746154815 ], [ 219244.083510765049141, 2659346.322056770324707 ], [ 219243.691361466015223, 2659330.874301701318473 ], [ 219246.103635331557598, 2659320.748302241787314 ], [ 219247.179944473493379, 2659315.469101248774678 ], [ 219252.623984439007472, 2659289.071318837348372 ], [ 219259.480482170009054, 2659267.274200873449445 ], [ 219264.673076658509672, 2659243.760298840235919 ], [ 219271.224295869178604, 2659213.521809859201312 ], [ 219279.650242768286262, 2659174.357793197035789 ], [ 219280.274220695893746, 2659171.34091917052865 ], [ 219295.723259537073318, 2659124.080016809981316 ], [ 219311.012051622208674, 2659086.897171046584845 ], [ 219314.522199007042218, 2659078.374621426686645 ], [ 219321.165266489144415, 2659049.510944418143481 ], [ 219328.276033347065095, 2659030.837123495526612 ], [ 219330.900988324603532, 2659018.954440181609243 ], [ 219334.855243147700094, 2659001.9121976159513 ], [ 219339.84566590434406, 2658974.773314309772104 ], [ 219342.750267145282123, 2658940.795640487689525 ], [ 219343.575953229039442, 2658923.757577863056213 ], [ 219336.148527380428277, 2658915.843853209167719 ], [ 219338.770738788298331, 2658877.429344670847058 ], [ 219340.66753501445055, 2658860.743926471564919 ], [ 219340.980225083767436, 2658857.796124193817377 ], [ 219340.018486574990675, 2658842.047868262045085 ], [ 219339.424534631078131, 2658831.798093598801643 ], [ 219338.675970655225683, 2658820.175121837295592 ], [ 219337.718418864358682, 2658804.614330913405865 ], [ 219335.040039946092293, 2658787.588581207208335 ], [ 219328.350151420396287, 2658758.508502186276019 ], [ 219324.442430192953907, 2658748.392337729223073 ], [ 219323.500810027180705, 2658733.581975676119328 ], [ 219322.930771763378289, 2658724.458232115954161 ], [ 219321.680064224055968, 2658703.960136983543634 ], [ 219322.191696564317681, 2658686.866275758016855 ], [ 219323.375821310852189, 2658654.364429110195488 ], [ 219325.476226681144908, 2658635.484537753742188 ], [ 219324.460070885426831, 2658620.112777099013329 ], [ 219324.064479363034479, 2658613.300462925806642 ], [ 219322.949758344038855, 2658596.241274016909301 ], [ 219321.113350455765612, 2658568.810007971711457 ], [ 219320.965714317571837, 2658541.342848995700479 ], [ 219323.849446439708117, 2658512.24625391792506 ], [ 219328.877752971311565, 2658498.622880098409951 ], [ 219332.071256476570852, 2658489.919355739373714 ], [ 219337.100561738712713, 2658467.535475376527756 ], [ 219339.535255259717815, 2658455.531626711133868 ], [ 219341.80767614452634, 2658441.779195688199252 ], [ 219340.790124046208803, 2658426.344950137194246 ], [ 219342.440576457069255, 2658403.970366274006665 ], [ 219344.936659858038183, 2658391.902691080234945 ], [ 219349.401866667962167, 2658375.350261361803859 ], [ 219350.037870734988246, 2658372.89624693710357 ], [ 219354.06028004741529, 2658359.043997307773679 ], [ 219355.897125496412627, 2658336.602917312178761 ], [ 219354.148767441627569, 2658319.181730979587883 ], [ 219325.754262853530236, 2658267.036383121740073 ], [ 219308.693425546924118, 2658232.858608277514577 ], [ 219291.343973268289119, 2658199.81355967419222 ], [ 219291.140047898050398, 2658193.184923825785518 ], [ 219290.973421779694036, 2658188.307544067036361 ], [ 219290.596081274852622, 2658173.547970545012504 ], [ 219290.65122724941466, 2658155.587631298229098 ], [ 219289.645752718264703, 2658137.775230478961021 ], [ 219289.323282883036882, 2658131.461941064335406 ], [ 219290.071780693018809, 2658113.737401949707419 ], [ 219292.191994148422964, 2658092.854531335178763 ], [ 219292.609774840355385, 2658088.96605079760775 ], [ 219280.882047197548673, 2658070.130580436903983 ], [ 219268.463707069575321, 2658051.184738566167653 ], [ 219261.005751151649747, 2658044.773416788782924 ], [ 219243.727518111874815, 2658029.748441413976252 ], [ 219240.544125388259999, 2658027.188109531998634 ], [ 219228.635827676509507, 2658017.492575002834201 ], [ 219210.149532318289857, 2658007.436489504761994 ], [ 219195.159187961602584, 2657999.934283491689712 ], [ 219189.020390284538735, 2657999.627079032827169 ], [ 219178.650733494432643, 2657997.532954044174403 ], [ 219170.643491430149879, 2657997.641054263338447 ], [ 219156.441297877579927, 2657997.756202249322087 ], [ 219156.498821148474235, 2658003.386688832193613 ], [ 219149.997875322645996, 2658000.77197676198557 ], [ 219131.185130798083264, 2658013.563095438759774 ], [ 219114.274181404558476, 2658027.502281959168613 ], [ 219100.72058611427201, 2658040.431553340051323 ], [ 219094.969109737779945, 2658043.620326732750982 ], [ 219086.373760260874406, 2658048.434124197810888 ], [ 219064.010421566898003, 2658059.0482331761159 ], [ 219036.669517092523165, 2658059.25567672168836 ], [ 219013.898330825439189, 2658056.612466361373663 ], [ 218991.70346662675729, 2658051.641570217907429 ], [ 218964.926163109601475, 2658043.076572395395488 ], [ 218957.806396610743832, 2658040.787782046943903 ], [ 218933.548610595869832, 2658035.923537558875978 ], [ 218917.006982313992921, 2658034.899614586494863 ], [ 218913.631970442365855, 2658035.096575089264661 ], [ 218910.506009996694047, 2658035.225797346327454 ], [ 218883.565661327796988, 2658036.613682354334742 ], [ 218852.060826544999145, 2658041.102559542749077 ], [ 218809.117414223146625, 2658050.591022353153676 ], [ 218781.867908635176718, 2658056.553375183138996 ], [ 218777.866235904104542, 2658056.701272905804217 ], [ 218773.083920301462058, 2658056.928466090466827 ], [ 218731.837547913193703, 2658056.493801107164472 ], [ 218693.749691538512707, 2658055.991637729573995 ], [ 218675.75490067503415, 2658057.251446424517781 ], [ 218629.513368525716942, 2658058.80048267589882 ], [ 218598.269411698915064, 2658063.784376719035208 ], [ 218572.128759511862881, 2658067.470555849839002 ], [ 218565.954790347430389, 2658069.917339586187154 ], [ 218544.808539254474454, 2658073.059225359931588 ], [ 218542.984978812513873, 2658074.099106683861464 ], [ 218516.489573007565923, 2658077.292239136062562 ], [ 218493.367839258513413, 2658077.284626987762749 ], [ 218487.141837965114973, 2658077.29224115377292 ], [ 218476.551801597466692, 2658075.140213884878904 ], [ 218471.995374254300259, 2658075.675313149113208 ], [ 218439.685691880935337, 2658060.031846093945205 ], [ 218419.915725761267822, 2658052.881694799289107 ], [ 218411.118471036897972, 2658049.690309401135892 ], [ 218390.880071615800261, 2658041.110987411346287 ], [ 218370.968502298055682, 2658037.593270981218666 ], [ 218335.095768094470259, 2658036.79374844674021 ], [ 218325.597047373943496, 2658035.932302018161863 ], [ 218306.067083301139064, 2658034.158610737882555 ], [ 218288.010818123642821, 2658032.541161963716149 ], [ 218246.233743809571024, 2658029.239371189381927 ], [ 218237.05998040776467, 2658028.934341371059418 ], [ 218219.1487714353716, 2658028.252307042945176 ], [ 218196.378159364510793, 2658027.110855207312852 ], [ 218188.924482726491988, 2658026.769220871385187 ], [ 218166.536370331887156, 2658024.493221272248775 ], [ 218144.178261668304913, 2658022.154037931933999 ], [ 218120.131394263880793, 2658019.850804773624986 ], [ 218096.05860111489892, 2658017.798407897818834 ], [ 218076.78661718236981, 2658016.394594996701926 ], [ 218068.670797075610608, 2658015.816774571314454 ], [ 218045.962713339366019, 2658014.673882436472923 ], [ 218043.678336446173489, 2658014.66013221303001 ], [ 218033.946927047334611, 2658014.617277347948402 ], [ 218026.779419157304801, 2658018.900056651327759 ], [ 218020.270505394728389, 2658018.851148776710033 ], [ 218015.967572195979301, 2658023.948961748275906 ], [ 218011.123804653179832, 2658028.620260875672102 ], [ 218002.051051074813586, 2658040.390105269383639 ], [ 217991.609380149573553, 2658054.003999291453511 ], [ 217980.429087081400212, 2658062.31469705933705 ], [ 217976.200008588901255, 2658066.472218368202448 ], [ 217957.766545878199395, 2658069.180560775566846 ], [ 217942.811623048444744, 2658067.747292102314532 ], [ 217900.939880552818067, 2658060.004508385434747 ], [ 217880.782805646944325, 2658055.240531900431961 ], [ 217868.95057862700196, 2658052.051200240384787 ], [ 217865.729321844002698, 2658052.119902595877647 ], [ 217862.383176121627912, 2658052.191067340783775 ], [ 217855.030990394996479, 2658049.281667083501816 ], [ 217845.091845200397074, 2658045.363590749446303 ], [ 217841.99899351753993, 2658044.115483792033046 ], [ 217829.66297053656308, 2658042.250951041467488 ], [ 217818.819294740271289, 2658048.73962619015947 ], [ 217805.501996614329983, 2658046.332809757906944 ], [ 217761.722057111212052, 2658045.952202097512782 ], [ 217756.828540296293795, 2658055.630652990657836 ], [ 217754.506125533604063, 2658068.508149714674801 ], [ 217751.478584053809755, 2658083.528322314377874 ], [ 217751.462720545125194, 2658085.718813546467572 ], [ 217746.729729185812175, 2658098.522694406099617 ], [ 217744.972472765715793, 2658102.690187599044293 ], [ 217736.474040595116094, 2658106.187879609875381 ], [ 217723.330793834815267, 2658110.472948786336929 ], [ 217693.784208786557429, 2658093.831961841788143 ], [ 217681.555000431428198, 2658080.826672040857375 ], [ 217669.135062667599414, 2658061.818036135286093 ], [ 217667.874124485242646, 2658059.905120929703116 ], [ 217650.44496093300404, 2658051.015439914073795 ], [ 217645.83028057316551, 2658047.35925260791555 ], [ 217630.972318874497432, 2658041.66872880468145 ], [ 217627.642620016471483, 2658041.051388850901276 ], [ 217617.435926742386073, 2658039.266625919379294 ], [ 217606.30144544999348, 2658045.323483810760081 ], [ 217601.599866030737758, 2658047.864357281010598 ], [ 217588.866560300986748, 2658059.649750258307904 ], [ 217585.614141171216033, 2658062.660174319986254 ], [ 217581.968152561807074, 2658067.744067431427538 ], [ 217570.772633272572421, 2658079.746877374593168 ], [ 217555.785119054315146, 2658091.455299907363951 ], [ 217533.777365966991056, 2658115.8285171110183 ], [ 217518.863826734537724, 2658132.478873419109732 ], [ 217509.995019003981724, 2658137.674068919848651 ], [ 217478.736815271433443, 2658146.412844899576157 ], [ 217475.097858035995159, 2658147.429070886224508 ], [ 217466.196775540709496, 2658148.1819386058487 ], [ 217449.497041197493672, 2658144.15771341137588 ], [ 217434.496830700198188, 2658140.597870642319322 ], [ 217407.736038886243477, 2658134.285065924748778 ], [ 217398.083025258907583, 2658129.10942649608478 ], [ 217392.513333181326743, 2658126.161959207616746 ], [ 217376.162000937096309, 2658114.996510556899011 ], [ 217365.095915459329262, 2658103.718511655926704 ], [ 217362.218399926903658, 2658097.897666498553008 ], [ 217359.073928219033405, 2658089.829945158679038 ], [ 217357.659982937504537, 2658086.606006754096597 ], [ 217348.948242748330813, 2658066.892558116000146 ], [ 217344.119300576800015, 2658048.786062557715923 ], [ 217339.926344472565688, 2658028.225204827263951 ], [ 217328.128548818756826, 2657978.228115719743073 ], [ 217321.706504266359843, 2657969.04118732875213 ], [ 217291.634229369345121, 2657938.018984558060765 ], [ 217274.307245845266152, 2657925.122202249709517 ], [ 217240.663351601047907, 2657910.007723113056272 ], [ 217228.732063433621079, 2657909.51116512157023 ], [ 217199.748330335889477, 2657906.061722162179649 ], [ 217182.15699375391705, 2657904.246566665824503 ], [ 217177.422459261841141, 2657903.784330761991441 ], [ 217152.310181908484083, 2657902.880421882029623 ], [ 217113.993036504369229, 2657900.443363063968718 ], [ 217092.409202381968498, 2657893.331888747867197 ], [ 217087.619530141819268, 2657891.74447345873341 ], [ 217085.373722366988659, 2657890.603369601536542 ], [ 217055.135054205602501, 2657873.789242997765541 ], [ 217045.573085649171844, 2657868.486308007966727 ], [ 217020.975669615203515, 2657849.17412886582315 ], [ 216987.451243266346864, 2657814.721094453241676 ], [ 216969.206398157693911, 2657795.461082442197949 ], [ 216966.251862263714429, 2657791.894634630065411 ], [ 216950.031747527129482, 2657772.215962237212807 ], [ 216933.939666017598938, 2657752.659805225208402 ], [ 216929.923681735584978, 2657747.739425971638411 ], [ 216923.177427126618568, 2657739.498017045203596 ], [ 216914.203941680840217, 2657728.050113313831389 ], [ 216913.843716731644236, 2657721.424696018919349 ], [ 216899.750892115931492, 2657700.261347010731697 ], [ 216898.357559217372909, 2657696.536675117909908 ], [ 216890.07052838645177, 2657682.070411529857665 ], [ 216880.735610215575434, 2657663.934500201139599 ], [ 216877.733118253061548, 2657655.175355204381049 ], [ 216869.487348922528327, 2657642.648187373299152 ], [ 216857.071481711405795, 2657623.827006173785776 ], [ 216834.04315258708084, 2657601.790497994050384 ], [ 216799.528039308090229, 2657591.325043008197099 ], [ 216784.58098809060175, 2657590.267076704185456 ], [ 216780.674619511235505, 2657590.47559478925541 ], [ 216768.232211737311445, 2657589.489140623714775 ], [ 216745.91810787882423, 2657595.09611447667703 ], [ 216742.307600829284638, 2657595.986585691105574 ], [ 216715.11207870952785, 2657601.572362023871392 ], [ 216702.924630500318017, 2657605.21137983398512 ], [ 216694.467521691170987, 2657607.706819934304804 ], [ 216664.673535159265157, 2657613.2230738196522 ], [ 216635.451409811386839, 2657617.663180192001164 ], [ 216621.045596170704812, 2657622.913868531119078 ], [ 216611.311731763649732, 2657631.569159817416221 ], [ 216587.264419552055188, 2657642.469441341701895 ], [ 216569.455640953266993, 2657649.544789429754019 ], [ 216540.51715971971862, 2657661.425431973766536 ], [ 216518.953666041314136, 2657702.246894488111138 ], [ 216497.497859603550751, 2657755.456274435389787 ], [ 216493.366914456826635, 2657765.681684764102101 ], [ 216488.14119268412469, 2657805.278730710502714 ], [ 216487.169955797377042, 2657812.558360866736621 ], [ 216484.456821867614053, 2657823.254281956236809 ], [ 216473.999055116146337, 2657846.380201074294746 ], [ 216468.828034901001956, 2657856.252342004794627 ], [ 216464.430571003351361, 2657865.732510174624622 ], [ 216461.095084345550276, 2657869.245435763150454 ], [ 216457.422487154428381, 2657876.019360391888767 ], [ 216449.411820516746957, 2657883.323927662800997 ], [ 216442.639408505463507, 2657895.858505702577531 ], [ 216440.671685536275618, 2657898.966581740882248 ], [ 216428.327860647987109, 2657915.812478014733642 ], [ 216423.521838639280759, 2657920.796095783356577 ], [ 216420.835130279767327, 2657923.919527262449265 ], [ 216410.726244501769543, 2657935.523941665887833 ], [ 216398.088762114639394, 2657948.871853792108595 ], [ 216390.229367616469972, 2657958.863805579487234 ], [ 216372.911028788250405, 2657977.192567813675851 ], [ 216355.563861728587653, 2657995.646962079685181 ], [ 216337.477875156793743, 2658016.119674643501639 ], [ 216320.992380512703676, 2658032.428251115139574 ], [ 216308.382784010493197, 2658044.148493277374655 ], [ 216299.625921275583096, 2658054.597801039926708 ], [ 216295.842667320044711, 2658059.121476344764233 ], [ 216289.670729070436209, 2658069.014877175912261 ], [ 216284.498722565593198, 2658074.444204264786094 ], [ 216280.183770268864464, 2658078.979199837427586 ], [ 216270.121892366849352, 2658088.392383372876793 ], [ 216264.041295248724055, 2658095.217767264693975 ], [ 216262.543450177414343, 2658096.876783777028322 ], [ 216253.761587623041123, 2658101.757167067378759 ], [ 216246.682988043699879, 2658104.348518200218678 ], [ 216229.238630138745066, 2658115.295991444960237 ], [ 216215.53703373047756, 2658124.22360298410058 ], [ 216209.58484301075805, 2658125.351754495874047 ], [ 216204.248528272437397, 2658127.467972110491246 ], [ 216193.053872318589129, 2658130.710489884950221 ], [ 216190.86541068617953, 2658132.25895052915439 ], [ 216180.037312029802706, 2658133.61603547539562 ], [ 216176.615685123484582, 2658134.565220151096582 ], [ 216165.767862708598841, 2658134.984062790405005 ], [ 216152.873616042197682, 2658137.762063433416188 ], [ 216146.794443169201259, 2658137.328611219767481 ], [ 216143.283781726786401, 2658137.02800662862137 ], [ 216126.545878734497819, 2658135.632639693561941 ], [ 216122.627358068421017, 2658135.278166015166789 ], [ 216115.466854545928072, 2658132.552370948716998 ], [ 216097.89770022634184, 2658125.918418619781733 ], [ 216089.017075503303204, 2658123.229303090367466 ], [ 216084.701796476030722, 2658121.881879172287881 ], [ 216074.910264013742562, 2658119.024507708381861 ], [ 216068.370021838753019, 2658116.035142289940268 ], [ 216057.957992422860116, 2658110.499964381568134 ], [ 216048.856870147865266, 2658101.870786968618631 ], [ 216040.617469728866126, 2658094.036578106228262 ], [ 216033.975105341000017, 2658087.732955893035978 ], [ 216024.90654169570189, 2658079.165550938807428 ], [ 215996.082714093325194, 2658027.466005980968475 ], [ 215993.87524084089091, 2658003.170746776275337 ], [ 215996.906995716970414, 2657994.220063502434641 ], [ 215992.816309831221588, 2657979.914717422798276 ], [ 215990.324507599347271, 2657952.559204711578786 ], [ 215988.259810887102503, 2657940.838832713197917 ], [ 215987.799984148296062, 2657938.345602834131569 ], [ 215986.340243976097554, 2657930.05400531180203 ], [ 215985.57260802021483, 2657905.790590890217572 ], [ 215985.04091683292063, 2657889.657166081015021 ], [ 215983.083621150522958, 2657865.356612097937614 ], [ 215980.116826841782313, 2657855.344986348878592 ], [ 215972.585846359608695, 2657805.882194331847131 ], [ 215967.178591590840369, 2657791.479710312560201 ], [ 215961.96682014450198, 2657781.828761903569102 ], [ 215957.649866639927495, 2657774.536824667826295 ], [ 215917.57550746074412, 2657739.597178757656366 ], [ 215888.114693817740772, 2657728.460942928679287 ], [ 215864.765236462291796, 2657719.259332276880741 ], [ 215821.28357726498507, 2657700.599699488375336 ], [ 215797.852954485453665, 2657693.464755094144493 ], [ 215786.168833030504175, 2657689.896787840873003 ], [ 215742.467367453151383, 2657672.681075483094901 ], [ 215727.348291739122942, 2657666.495436452329159 ], [ 215705.582382293941919, 2657658.198604306206107 ], [ 215686.339358769357204, 2657655.229857907164842 ], [ 215680.384428615332581, 2657653.291586017701775 ], [ 215656.975880611571483, 2657645.718350417446345 ], [ 215644.121330933354329, 2657641.549338033888489 ], [ 215619.289894423214719, 2657637.698269968852401 ], [ 215609.094546601874754, 2657637.915646285749972 ], [ 215594.108903546759393, 2657635.04368144646287 ], [ 215583.100182031048462, 2657635.278342691715807 ], [ 215553.534854611614719, 2657652.992078721988946 ], [ 215545.62747979327105, 2657663.673628596123308 ], [ 215531.737669398833532, 2657693.130535459611565 ], [ 215524.24810645065736, 2657716.068201118614525 ], [ 215518.41344897710951, 2657738.845403799787164 ], [ 215512.413483652693685, 2657756.807837488129735 ], [ 215504.922753844351973, 2657779.682917738333344 ], [ 215502.371732607891317, 2657802.390113119967282 ], [ 215500.725237869250122, 2657824.95285825477913 ], [ 215505.658278232906014, 2657867.024542111437768 ], [ 215506.940136317454744, 2657871.377509339246899 ], [ 215513.373442982905544, 2657892.829503034707159 ], [ 215514.640708974620793, 2657896.494513735640794 ], [ 215521.372390098811593, 2657923.133855150081217 ], [ 215525.680140090349596, 2657938.811525924596936 ], [ 215528.900543570809532, 2657950.444618635810912 ], [ 215530.092460696527269, 2657984.335901942104101 ], [ 215527.83604872750584, 2658014.984061607625335 ], [ 215526.741580109577626, 2658031.152289752848446 ], [ 215522.827667871664744, 2658061.835833616554737 ], [ 215519.168494680256117, 2658075.117599838878959 ], [ 215512.181653503503185, 2658089.34629323054105 ], [ 215496.232618991227355, 2658107.333140803966671 ], [ 215493.215662835165858, 2658109.650167804677039 ], [ 215466.826728993677534, 2658120.788400093093514 ], [ 215436.988305588136427, 2658121.29943955829367 ], [ 215413.718926091678441, 2658121.73302762536332 ], [ 215408.840193738753442, 2658121.836901389062405 ], [ 215377.347908744763117, 2658126.951494753360748 ], [ 215374.575129638134968, 2658127.511095228139311 ], [ 215371.953615748207085, 2658127.817396224476397 ], [ 215347.581532833050005, 2658130.840122320689261 ], [ 215336.505937496665865, 2658132.327809709589928 ], [ 215317.630371338280383, 2658134.857745695859194 ], [ 215314.603381467575673, 2658135.235304747708142 ], [ 215296.49381621228531, 2658139.939149250276387 ], [ 215261.539999842992984, 2658144.126123388763517 ], [ 215247.733291449781973, 2658143.732159744016826 ], [ 215238.193321190192364, 2658143.873068257234991 ], [ 215224.681396818719804, 2658144.098549659829587 ], [ 215221.665178943774663, 2658144.976499336306006 ], [ 215208.258451101311948, 2658144.260918729007244 ], [ 215198.375699022319168, 2658144.471745976712555 ], [ 215179.98369373427704, 2658144.738726718816906 ], [ 215160.535018152964767, 2658142.400017413310707 ], [ 215123.255066350451671, 2658135.810740653425455 ], [ 215094.970951691968367, 2658132.909505957737565 ], [ 215066.683350531326141, 2658128.381381339393556 ], [ 215041.71020581421908, 2658122.280579947866499 ], [ 215023.36513391288463, 2658114.474159635137767 ], [ 214998.446340522437822, 2658105.05579946981743 ], [ 214986.70009759691311, 2658097.108499556779861 ], [ 214970.434377709636465, 2658085.565645409747958 ], [ 214959.982186355977319, 2658078.154036534950137 ], [ 214946.535051095706876, 2658063.797752949874848 ], [ 214942.810995016363449, 2658059.371630385983735 ], [ 214930.218665906810202, 2658013.207799955271184 ], [ 214920.467483472893946, 2657988.760220924392343 ], [ 214919.746014127624221, 2657954.921408990398049 ], [ 214909.569887960213237, 2657912.022687749005854 ], [ 214889.97515076136915, 2657917.509145503398031 ], [ 214887.375407518527936, 2657917.376807898283005 ], [ 214877.850535055156797, 2657916.766425479669124 ], [ 214860.04593390703667, 2657913.766830025240779 ], [ 214839.459970350842923, 2657912.39092908333987 ], [ 214830.562204802408814, 2657911.82971612457186 ], [ 214815.656125430716202, 2657912.710836430545896 ], [ 214800.752941099111922, 2657913.71683965716511 ], [ 214782.415045888163149, 2657915.04646398127079 ], [ 214762.740214772580657, 2657919.721188815310597 ], [ 214755.384842011902947, 2657921.066900661680847 ], [ 214739.490858205012046, 2657924.033982206135988 ], [ 214732.377046470879577, 2657926.438584025017917 ], [ 214713.642537783598527, 2657932.657589326612651 ], [ 214692.951258563727606, 2657942.485240685287863 ], [ 214680.132813063857611, 2657945.887468621134758 ], [ 214650.886211707897019, 2657952.143060333095491 ], [ 214646.714842810702976, 2657954.609766317997128 ], [ 214635.239407106535509, 2657959.360106087289751 ], [ 214604.827738546882756, 2657971.147257335484028 ], [ 214575.893338278285228, 2657984.71760178450495 ], [ 214556.548522471624892, 2658000.461492396425456 ], [ 214555.525253424711991, 2658002.360652670729905 ], [ 214545.587307290581521, 2658020.532208347693086 ], [ 214543.039784935303032, 2658028.721661315765232 ], [ 214537.07253011391731, 2658049.687101297080517 ], [ 214528.918941881274804, 2658070.82440030714497 ], [ 214523.314850701251999, 2658085.336599646601826 ], [ 214517.765282803855371, 2658102.413393947761506 ], [ 214511.249059248599224, 2658122.57718015043065 ], [ 214505.41791964386357, 2658149.922648141626269 ], [ 214500.878568524960428, 2658164.474814957939088 ], [ 214493.353183709841687, 2658188.664890970569104 ], [ 214484.269362171646208, 2658216.079804729204625 ], [ 214481.866195959737524, 2658220.761729268822819 ], [ 214467.302598398586269, 2658271.447151449974626 ], [ 214467.455976518453099, 2658278.640322617255151 ], [ 214455.660217940283474, 2658324.135203543584794 ], [ 214455.84270663530333, 2658359.11210232693702 ], [ 214455.372781169775408, 2658384.027958369813859 ], [ 214454.435976071632467, 2658413.459311443846673 ], [ 214453.931824539264198, 2658429.42722793482244 ], [ 214454.061632393975742, 2658434.055190259125084 ], [ 214454.711146314861253, 2658464.516595038585365 ], [ 214455.594134805025533, 2658505.923988520633429 ], [ 214446.78710042120656, 2658541.906079105101526 ], [ 214439.121814881335013, 2658562.46986710652709 ], [ 214430.066807591647375, 2658576.555074230302125 ], [ 214415.866377422586083, 2658594.379552801139653 ], [ 214410.736625931982417, 2658606.190994828473777 ], [ 214401.699931318697054, 2658612.328519021626562 ], [ 214389.219643768621609, 2658616.912519110366702 ], [ 214378.788804654031992, 2658620.764490408822894 ], [ 214365.490609582338948, 2658623.676403366960585 ], [ 214346.557091969298199, 2658627.897306598722935 ], [ 214336.867437799635809, 2658631.295336740557104 ], [ 214327.04868890583748, 2658631.567270227242261 ], [ 214318.012033139937557, 2658627.442113865166903 ], [ 214307.236694069812074, 2658622.47797014657408 ], [ 214287.29556473926641, 2658610.262590882368386 ], [ 214264.068560202431399, 2658596.55276907607913 ], [ 214247.47454040060984, 2658585.76783021306619 ], [ 214233.294781103322748, 2658576.683657071553171 ], [ 214230.732267504907213, 2658575.36164260096848 ], [ 214205.894738360890187, 2658556.554794404655695 ], [ 214189.169476671435405, 2658541.079341159202158 ], [ 214168.451362329244148, 2658523.248541792854667 ], [ 214166.453709271445405, 2658520.537747301161289 ], [ 214150.737174782087095, 2658505.416183659341186 ], [ 214118.747913436382078, 2658481.380168626550585 ], [ 214115.581818232953083, 2658479.63304384984076 ], [ 214098.351898439752404, 2658471.302158291917294 ], [ 214089.380563786893617, 2658467.300747333560139 ], [ 214051.788483404554427, 2658451.957319734152406 ], [ 214040.28592522215331, 2658449.574346304871142 ], [ 214009.849722334067337, 2658448.47113725496456 ], [ 214001.463405485847034, 2658446.960372010711581 ], [ 213964.02527462010039, 2658440.311892596073449 ], [ 213961.917941364401486, 2658439.793672718573362 ], [ 213918.884806380723603, 2658429.009316463023424 ], [ 213865.040153957612347, 2658408.630716411396861 ], [ 213827.677016234898474, 2658395.222320807632059 ], [ 213822.036149577354081, 2658393.340065001510084 ], [ 213787.092709019721951, 2658381.882642975542694 ], [ 213756.210073074616957, 2658371.589907106477767 ], [ 213731.833293681091163, 2658362.660452183801681 ], [ 213707.456683267722838, 2658353.731031670700759 ], [ 213691.086220099707134, 2658344.630847251508385 ], [ 213673.253369476995431, 2658340.31788184819743 ], [ 213655.122871752479114, 2658326.436690669041127 ], [ 213634.017575347796082, 2658310.991994992829859 ], [ 213617.36505934788147, 2658300.395973462145776 ], [ 213589.306574125541374, 2658277.277084717061371 ], [ 213574.461813886475284, 2658264.890419909730554 ], [ 213566.128946671437006, 2658255.618870760779828 ], [ 213562.347152458212804, 2658249.942291753832251 ], [ 213557.726798653835431, 2658243.094642615411431 ], [ 213549.323386209493037, 2658230.507924553006887 ], [ 213545.733954310999252, 2658216.254362734500319 ], [ 213537.030626290128566, 2658192.534925829153508 ], [ 213532.373983940808102, 2658178.116166262421757 ], [ 213539.612626881571487, 2658166.885775876697153 ], [ 213552.027951490017585, 2658148.973929980769753 ], [ 213573.999693990277592, 2658124.350424264091998 ], [ 213596.173244235105813, 2658107.732612371910363 ], [ 213616.753963611088693, 2658092.713219822384417 ], [ 213640.590759702667128, 2658079.251321139279753 ], [ 213659.679160940751899, 2658069.082209349609911 ], [ 213681.786869193252642, 2658050.838837849907577 ], [ 213695.092950965510681, 2658039.478762870654464 ], [ 213699.439984754775651, 2658036.444912707898766 ], [ 213708.510348887299187, 2658024.549598481971771 ], [ 213720.84535605693236, 2658010.206537207122892 ], [ 213722.61658251931658, 2658008.166421670466661 ], [ 213735.027005482756067, 2657988.565219192299992 ], [ 213742.555306528054643, 2657967.441170611884445 ], [ 213747.098340355907567, 2657954.515861972235143 ], [ 213746.929708041250706, 2657948.074070636183023 ], [ 213746.837695234338753, 2657943.75792601518333 ], [ 213746.5915276184096, 2657933.688290284015238 ], [ 213738.046203565027099, 2657912.969478634186089 ], [ 213732.96332904760493, 2657903.503474245779216 ], [ 213721.332947805698495, 2657887.794077183119953 ], [ 213714.756560573005117, 2657883.115776504389942 ], [ 213698.343268636555877, 2657869.072767675388604 ], [ 213688.478833298955578, 2657861.335866573732346 ], [ 213672.626746300549712, 2657851.59864623984322 ], [ 213634.524833763600327, 2657835.827865863684565 ], [ 213632.631128885783255, 2657835.054780882317573 ], [ 213620.239488495222759, 2657832.064788623712957 ], [ 213605.48310441133799, 2657832.629802474752069 ], [ 213583.551812730962411, 2657838.604237051680684 ], [ 213537.653596570016816, 2657847.530096123926342 ], [ 213529.053829243581276, 2657849.215269431937486 ], [ 213454.213258291012608, 2657877.218689942732453 ], [ 213405.245599750604015, 2657880.140026782173663 ], [ 213380.643389117147308, 2657854.757308999076486 ], [ 213370.746415091620293, 2657833.754336842335761 ], [ 213356.489735504903365, 2657803.45765342656523 ], [ 213347.682443873141892, 2657793.94594458816573 ], [ 213338.959468414715957, 2657781.053108517080545 ], [ 213335.923686866648495, 2657776.612222996074706 ], [ 213319.350665170175489, 2657760.945529348216951 ], [ 213307.855974159669131, 2657750.114240370225161 ], [ 213294.50845234276494, 2657737.507799760904163 ], [ 213276.34505344030913, 2657723.564657886978239 ], [ 213253.231635364820249, 2657704.908515884075314 ], [ 213241.641545810736716, 2657694.016772132832557 ], [ 213236.672980423434637, 2657686.988720608409494 ], [ 213224.744024724175688, 2657670.472104522399604 ], [ 213212.929723449226003, 2657643.18967376369983 ], [ 213200.619047680229414, 2657599.960291210561991 ], [ 213199.199852791964076, 2657589.164672248065472 ], [ 213215.660668717930093, 2657529.114400221500546 ], [ 213217.383341406530235, 2657526.261565090157092 ], [ 213287.116019112174399, 2657471.458734970539808 ], [ 213305.653214728925377, 2657455.982303357217461 ], [ 213344.76197580184089, 2657435.311351612210274 ], [ 213363.864385536580812, 2657424.328579304274172 ], [ 213386.204062491771765, 2657411.086453184019774 ], [ 213432.888667980558239, 2657392.06895893951878 ], [ 213462.406174056464806, 2657382.366027957294136 ], [ 213468.060833536379505, 2657380.493258310947567 ], [ 213476.295183795969933, 2657377.814655212219805 ], [ 213502.051511217781808, 2657372.196577706839889 ], [ 213507.774096130102407, 2657370.572983146645129 ], [ 213514.895996743463911, 2657368.543843126390129 ], [ 213527.936919208383188, 2657366.763965180609375 ], [ 213567.760115286451764, 2657347.329545125830919 ], [ 213570.104928175394889, 2657345.777539195027202 ], [ 213578.518764399399515, 2657333.896214019041508 ], [ 213582.848885763203725, 2657325.668781939893961 ], [ 213580.505625611462165, 2657317.020377088338137 ], [ 213570.720351803407539, 2657308.593224477488548 ], [ 213568.350866856460925, 2657307.517397311981767 ], [ 213552.713908818433993, 2657300.529070347547531 ], [ 213530.67136461584596, 2657289.547235447447747 ], [ 213498.948567131825257, 2657285.342294453643262 ], [ 213472.855327476747334, 2657283.958484580274671 ], [ 213456.255381750757806, 2657284.625210086349398 ], [ 213439.749925531912595, 2657279.470296668354422 ], [ 213436.300355702871457, 2657279.105693657882512 ], [ 213427.174207795469556, 2657278.111239121295512 ], [ 213398.701324872323312, 2657276.653032156638801 ], [ 213372.241979964310303, 2657269.83284666063264 ], [ 213341.999172074778471, 2657261.654069116804749 ], [ 213336.268307222286239, 2657259.961413529701531 ], [ 213306.928234424383845, 2657251.575635388959199 ], [ 213302.163154591224156, 2657249.674658725503832 ], [ 213285.060174956335686, 2657242.905171765480191 ], [ 213274.039938710862771, 2657238.196510260924697 ], [ 213225.752573624660727, 2657227.523726144805551 ], [ 213194.172065852908418, 2657218.24680452933535 ], [ 213164.009400702547282, 2657209.440365149173886 ], [ 213131.273452879453544, 2657212.015610851347446 ], [ 213129.347890764998738, 2657212.682478184811771 ], [ 213095.615725724725053, 2657233.113558745011687 ], [ 213055.942160833743401, 2657241.969128157477826 ], [ 213024.197000778047368, 2657245.52429874567315 ], [ 213021.563216740498319, 2657245.267704982310534 ], [ 212969.314346868777648, 2657248.383844305761158 ], [ 212960.783135943871457, 2657248.878537569195032 ], [ 212931.73845537554007, 2657261.700407263357192 ], [ 212908.132915100839455, 2657271.339887873735279 ], [ 212901.56665071536554, 2657271.542485664132982 ], [ 212876.811875967425294, 2657259.554368322249502 ], [ 212863.964189242164139, 2657251.317635071463883 ], [ 212852.280199137108866, 2657240.427682023961097 ], [ 212844.008003241266124, 2657232.531520572025329 ], [ 212820.886975273140706, 2657212.06069955881685 ], [ 212812.932178148650564, 2657202.906035632826388 ], [ 212807.905326502572279, 2657196.067038148641586 ], [ 212800.176247124210931, 2657187.220446749590337 ], [ 212776.024970420228783, 2657159.512279974296689 ], [ 212728.819069256191142, 2657143.810235765296966 ], [ 212677.893626801553182, 2657162.042069514282048 ], [ 212640.921922671666835, 2657177.2856938065961 ], [ 212634.284919869271107, 2657180.055544667877257 ], [ 212585.401404450996779, 2657192.799514971207827 ], [ 212583.243428847519681, 2657192.845489836297929 ], [ 212575.86400136287557, 2657193.065330285578966 ], [ 212569.426013006770518, 2657194.892214528284967 ], [ 212561.366495060094167, 2657198.443211747333407 ], [ 212546.860974802402779, 2657200.504547792952508 ], [ 212488.533053404069506, 2657198.806566810701042 ], [ 212441.590691203367896, 2657196.928614946547896 ], [ 212417.394652783346828, 2657200.886118068825454 ], [ 212377.061873039288912, 2657205.2500333879143 ], [ 212351.234922821691725, 2657207.552838308271021 ], [ 212289.859577375056688, 2657212.615742062218487 ], [ 212242.945468813064508, 2657210.611948410980403 ], [ 212229.998955297109205, 2657210.950495150405914 ], [ 212217.061244229902513, 2657213.166115107014775 ], [ 212207.427910791710019, 2657214.81074693845585 ], [ 212196.015225811279379, 2657215.179132358171046 ], [ 212166.241590421006549, 2657240.782612296752632 ], [ 212162.809619602514431, 2657247.113498468883336 ], [ 212159.685183987079654, 2657256.128858213312924 ], [ 212153.641686000395566, 2657273.529373900964856 ], [ 212150.669865206989925, 2657288.236129171214998 ], [ 212148.079973026877269, 2657319.392841897904873 ], [ 212142.062571733607911, 2657342.424896509386599 ], [ 212137.589387842395809, 2657367.426415920257568 ], [ 212131.686459351447411, 2657389.955249497666955 ], [ 212129.46230098005617, 2657414.783750203903764 ], [ 212127.506872002442833, 2657418.454945913515985 ], [ 212116.673423396539874, 2657447.472082589287311 ], [ 212110.760160322010051, 2657475.383009830489755 ], [ 212103.111979065579362, 2657496.760093098971993 ], [ 212098.750940244819503, 2657519.69425745960325 ], [ 212089.719094521133229, 2657552.490102671086788 ], [ 212085.979187550488859, 2657563.458630925044417 ], [ 212047.74504783982411, 2657644.249063200317323 ], [ 212043.264895244850777, 2657649.851404184475541 ], [ 212029.035352437000256, 2657664.860695704817772 ], [ 212014.772654969361611, 2657678.306358613539487 ], [ 211999.017448638856877, 2657696.602149975951761 ], [ 211983.262184142833576, 2657714.898075976409018 ], [ 211970.698254363145679, 2657733.188567560631782 ], [ 211966.089884958113544, 2657743.049049109220505 ], [ 211951.999146636284422, 2657764.56353720696643 ], [ 211945.124313866253942, 2657776.72531799133867 ], [ 211927.554783209401648, 2657828.789704458788037 ], [ 211928.000038059952203, 2657849.68151011550799 ], [ 211928.172187307674903, 2657857.750474856700748 ], [ 211928.514127972943243, 2657872.323915174696594 ], [ 211931.976752419082914, 2657883.576897558290511 ], [ 211932.458870862203185, 2657891.514142621308565 ], [ 211929.480880407907534, 2657917.672814922872931 ], [ 211926.502173633023631, 2657929.12569937389344 ], [ 211917.080893238540739, 2657940.715887397527695 ], [ 211901.218211800325662, 2657952.506000274792314 ], [ 211886.950646155979484, 2657964.26192285772413 ], [ 211869.433247735723853, 2657976.212527203839272 ], [ 211850.349309745244682, 2657988.071314523927867 ], [ 211834.521199019043706, 2658001.487655038479716 ], [ 211820.965144666668493, 2658015.794293865095824 ], [ 211809.275306996423751, 2658028.121171266306192 ], [ 211802.134367888967972, 2658036.596437773667276 ], [ 211779.640682816680055, 2658063.171284599229693 ], [ 211760.989718965720385, 2658086.53528380766511 ], [ 211759.161295870202594, 2658088.827238790225238 ], [ 211751.387111653457396, 2658102.822882153093815 ], [ 211728.485922913532704, 2658167.51679209433496 ], [ 211744.783917211228982, 2658204.028190340846777 ], [ 211782.568272450356744, 2658245.963799591176212 ], [ 211791.507869557593949, 2658251.405111765954643 ], [ 211859.657445266493596, 2658292.568191185593605 ], [ 211863.035553118970711, 2658298.378566242754459 ], [ 211861.980830535816494, 2658329.627720048651099 ], [ 211817.718302794208284, 2658366.867201266344637 ], [ 211810.721581010671798, 2658371.834944168571383 ], [ 211778.858392781228758, 2658390.41191340982914 ], [ 211773.883106313121971, 2658393.33391070086509 ], [ 211752.229242170520592, 2658404.997249689884484 ], [ 211735.549522143730428, 2658413.676003950182348 ], [ 211729.273847631760873, 2658417.251623087562621 ], [ 211723.239336887549143, 2658420.384085794445127 ], [ 211707.257899378833827, 2658426.607223939616233 ], [ 211699.259782692359295, 2658430.094399305526167 ], [ 211670.679549916065298, 2658444.158417746890336 ], [ 211667.571875345602166, 2658445.163253700360656 ], [ 211645.020403363159858, 2658454.342633970081806 ], [ 211627.428674531518482, 2658461.350988403428346 ], [ 211624.613541007682215, 2658462.850429387297481 ], [ 211614.714571247168351, 2658468.192907029297203 ], [ 211592.544737860269379, 2658484.998844630550593 ], [ 211570.687740534136537, 2658504.739047598559409 ], [ 211550.003092741128057, 2658526.644737211987376 ], [ 211531.119130748789757, 2658544.944894472602755 ], [ 211515.858809402619954, 2658557.09776293952018 ], [ 211499.458350679138675, 2658570.088386401534081 ], [ 211472.438690575887449, 2658585.433094087988138 ], [ 211453.387278027425054, 2658597.353977837599814 ], [ 211434.369357506919187, 2658610.838427967391908 ], [ 211428.479852240183391, 2658617.847768507897854 ], [ 211425.397216089593712, 2658621.480536944698542 ], [ 211393.264677955769002, 2658643.567693798337132 ], [ 211385.351655765960459, 2658651.058275010436773 ], [ 211369.588428189104889, 2658666.037743399385363 ], [ 211365.557449185464066, 2658670.692077660467476 ], [ 211337.547265733941458, 2658720.288524627219886 ], [ 211306.985327914764639, 2658774.94598758360371 ], [ 211284.081301009457093, 2658857.099868252873421 ], [ 211269.915387847635429, 2658892.696431842632592 ], [ 211265.371878618141636, 2658904.120275096502155 ], [ 211268.267822609865107, 2658931.342880041338503 ], [ 211264.657270583207719, 2658945.437583405058831 ], [ 211255.270653852319811, 2658982.121294935233891 ], [ 211255.38259797426872, 2658984.43426562147215 ], [ 211254.381983623839915, 2658990.338085545226932 ], [ 211252.39642166759586, 2659020.480908412486315 ], [ 211252.133106302877422, 2659046.269121778663248 ], [ 211252.504364577878732, 2659049.014498520176858 ], [ 211250.160123528097756, 2659062.331203021109104 ], [ 211250.431521293590777, 2659073.589720372110605 ], [ 211250.300598828878719, 2659087.985564723610878 ], [ 211248.50519447674742, 2659099.162970213219523 ], [ 211247.621698850940447, 2659104.688644960522652 ], [ 211245.135168545297347, 2659120.136338677722961 ], [ 211244.568884865206201, 2659171.337904068641365 ], [ 211249.829922620032448, 2659187.683873470872641 ], [ 211253.422786466311663, 2659203.564903336111456 ], [ 211262.004194489913061, 2659227.412204104475677 ], [ 211265.697592936456203, 2659246.545121167320758 ], [ 211270.885492120520212, 2659262.392078212462366 ], [ 211271.285882945696358, 2659281.157249792478979 ], [ 211271.635832478990778, 2659296.106069804634899 ], [ 211268.624853213957977, 2659307.497120660729706 ], [ 211267.003223657200579, 2659309.22132073296234 ], [ 211262.014721676998306, 2659314.459269558545202 ], [ 211223.656946785398759, 2659320.471499921754003 ], [ 211210.808131152298301, 2659320.995791158173233 ], [ 211190.643861159449443, 2659324.742553091607988 ], [ 211188.306184728513472, 2659325.167967775836587 ], [ 211165.698881169606466, 2659324.398578540422022 ], [ 211143.034701716271229, 2659322.441496503073722 ], [ 211140.923338724649511, 2659321.735549700446427 ], [ 211120.401699077279773, 2659314.60118057904765 ], [ 211095.939881211321335, 2659306.111770982854068 ], [ 211079.642597918282263, 2659300.451713198330253 ], [ 211070.339616893557832, 2659298.522444175556302 ], [ 211059.084427381283604, 2659309.213201835285872 ], [ 211057.320780829177238, 2659316.009292837232351 ], [ 211034.152186089428142, 2659374.013700493611395 ], [ 211033.36719699279638, 2659378.285904430784285 ], [ 211027.057310149888508, 2659412.526000749785453 ], [ 211021.670374422275927, 2659441.615056215785444 ], [ 211021.193553118151613, 2659444.191001472994685 ], [ 211021.449036261008587, 2659457.640058610588312 ], [ 211020.937130574893672, 2659468.852566702291369 ], [ 211020.808103651739657, 2659471.608714126050472 ], [ 211017.4008044290822, 2659498.152331624180079 ], [ 211015.453087962872814, 2659512.461871710605919 ], [ 211002.6642130521941, 2659523.122716373763978 ], [ 210996.739058096660301, 2659524.062716107349843 ], [ 210988.473832535732072, 2659525.30284617561847 ], [ 210974.249067926954012, 2659525.856612188275903 ], [ 210963.18873088323744, 2659525.153918687719852 ], [ 210943.513185430609155, 2659523.946569740772247 ], [ 210936.737715463212226, 2659523.152327823918313 ], [ 210912.742691736610141, 2659520.410328481346369 ], [ 210893.359982645662967, 2659521.199213053099811 ], [ 210884.107782559935004, 2659521.646811053156853 ], [ 210872.353721894207411, 2659522.14786242833361 ], [ 210856.222312879341189, 2659522.80501822847873 ], [ 210822.740866340755019, 2659521.266319459769875 ], [ 210815.755719682725612, 2659520.91467817267403 ], [ 210775.769959069206379, 2659523.957922712899745 ], [ 210740.893638922716491, 2659528.894619833678007 ], [ 210719.23357609694358, 2659535.865082625765353 ], [ 210701.858500031579752, 2659538.363309940323234 ], [ 210700.43138497043401, 2659543.337473552208394 ], [ 210693.731764270516578, 2659566.634700770489872 ], [ 210694.690448096604086, 2659586.639622464310378 ], [ 210691.65972283174051, 2659616.179080137517303 ], [ 210690.469423186674248, 2659620.52236830862239 ], [ 210685.588830899563618, 2659638.148794659879059 ], [ 210676.047925950551871, 2659652.933139331173152 ], [ 210663.815545786696021, 2659669.151812004391104 ], [ 210662.630497784644831, 2659670.80418986082077 ], [ 210642.744820646184962, 2659694.945830387994647 ], [ 210640.76847680087667, 2659696.177240995690227 ], [ 210636.569714716111775, 2659698.832380022387952 ], [ 210624.561836219101679, 2659707.974895351100713 ], [ 210606.81105778797064, 2659714.861718187574297 ], [ 210587.509996615350246, 2659722.407683727797121 ], [ 210566.570882011495996, 2659727.985730171669275 ], [ 210547.226239851210266, 2659732.027953156735748 ], [ 210529.053970256878529, 2659732.35312491748482 ], [ 210524.931803752144333, 2659734.193210618570447 ], [ 210513.349315181956626, 2659736.880980234127492 ], [ 210487.624091760080773, 2659745.439926597289741 ], [ 210469.961176586162765, 2659753.514149154536426 ], [ 210449.137032883008942, 2659764.471678091213107 ], [ 210429.879729432461318, 2659771.140262536238879 ], [ 210405.746202051697765, 2659778.038291915785521 ], [ 210391.302393701160327, 2659781.53800016688183 ], [ 210380.792770387779456, 2659784.640807412099093 ], [ 210373.640731751394924, 2659786.733286706265062 ], [ 210347.943274694785941, 2659793.664749651215971 ], [ 210320.620261467876844, 2659802.132665385492146 ], [ 210303.016444691864308, 2659808.578390726353973 ], [ 210282.253603710152674, 2659819.472204191144556 ], [ 210258.209938726853579, 2659829.121686531696469 ], [ 210229.929619281727355, 2659888.048900585155934 ], [ 210207.362850155390333, 2659914.125421549659222 ], [ 210205.058385309937876, 2659923.436340430285782 ], [ 210201.918552356248256, 2659930.261925246100873 ], [ 210190.703942387888674, 2659931.126995777245611 ], [ 210184.241787663835566, 2659928.88692251034081 ], [ 210174.456021290156059, 2659917.518474841490388 ], [ 210168.287138128711376, 2659912.893914569169283 ], [ 210163.037083216768224, 2659908.813311093952507 ], [ 210153.242042695113923, 2659899.948099946137518 ], [ 210140.147726038878318, 2659891.904435202479362 ], [ 210059.771084008971229, 2659893.681847359519452 ], [ 210053.429826300765853, 2659898.573151765391231 ], [ 210048.702695790969301, 2659902.866724998224527 ], [ 210043.916374293912668, 2659905.847570410463959 ], [ 210032.532555527344812, 2659911.973021316807717 ], [ 210024.996550890326034, 2659925.400561938993633 ], [ 210028.750341958948411, 2659937.08542306534946 ], [ 210037.459780994162429, 2659963.996560322120786 ], [ 210045.836671374272555, 2659992.91731708869338 ], [ 210044.311257780180313, 2660012.349464034195989 ], [ 210016.967434388177935, 2660015.436030325945467 ], [ 210007.363085959630553, 2660015.515808781608939 ], [ 209987.872880189737771, 2660015.681314893998206 ], [ 209970.264495045645162, 2660020.437651905696839 ], [ 209952.856066921318416, 2660021.372207761742175 ], [ 209948.511457637650892, 2660021.590234133414924 ], [ 209927.617653123917989, 2660016.090807945467532 ], [ 209920.065641295921523, 2660015.56356382695958 ], [ 209914.695741883653682, 2660008.794428795576096 ], [ 209903.053812076919712, 2660007.227988948114216 ], [ 209888.23596377047943, 2659997.594079507049173 ], [ 209880.235142282152083, 2659993.634328891988844 ], [ 209868.241410388553049, 2659981.436892890837044 ], [ 209862.629434180562384, 2659977.989604983944446 ], [ 209858.899978637928143, 2659973.313244589604437 ], [ 209836.083408527716529, 2659971.546985446009785 ], [ 209833.928138146351557, 2659971.718190416228026 ], [ 209814.996318927907851, 2659973.123564154841006 ], [ 209807.724093146447558, 2659976.908286069054157 ], [ 209800.951561412774026, 2659982.121625689323992 ], [ 209799.990726892428938, 2659984.019513515289873 ], [ 209797.075815801450517, 2659989.651425286196172 ], [ 209796.215923229930922, 2660008.005399539601058 ], [ 209788.392689814150799, 2660025.569507285952568 ], [ 209799.533865999430418, 2660054.994558478705585 ], [ 209806.032090187422, 2660072.127957114484161 ], [ 209807.878400933695957, 2660076.531682696659118 ], [ 209808.962524455331732, 2660078.949101958423853 ], [ 209830.323509864334483, 2660109.282537101767957 ], [ 209838.520614733337425, 2660122.437239681836218 ], [ 209839.147590163862333, 2660125.427619128953665 ], [ 209841.681559302378446, 2660137.138414476066828 ], [ 209845.938222628377844, 2660156.259543620981276 ], [ 209846.299110076157376, 2660161.446095688734204 ], [ 209847.597181531134993, 2660179.754176982212812 ], [ 209847.492179188877344, 2660204.162438102066517 ], [ 209848.403098455804866, 2660224.856821867637336 ], [ 209847.57749020884512, 2660228.691769411321729 ], [ 209836.695277945545968, 2660278.862507475540042 ], [ 209838.688693207979668, 2660282.82504982734099 ], [ 209835.77598543651402, 2660295.903754950501025 ], [ 209829.65216785838129, 2660318.312766402028501 ], [ 209827.537353455671109, 2660339.44733205344528 ], [ 209819.071705570851918, 2660372.357028009369969 ], [ 209800.921969631337561, 2660430.943452777341008 ], [ 209806.677485767111648, 2660473.374680570792407 ], [ 209808.236515458964277, 2660484.856060311663896 ], [ 209809.769784447271377, 2660496.588267559651285 ], [ 209811.505751312244684, 2660514.887136749923229 ], [ 209812.919556702487171, 2660529.81354133784771 ], [ 209814.888019480567891, 2660544.352456915192306 ], [ 209818.911262866633479, 2660573.053301210515201 ], [ 209824.544521641859319, 2660600.968785024713725 ], [ 209828.630164420930669, 2660619.405095072928816 ], [ 209831.112585922644939, 2660627.237210051622242 ], [ 209833.410909862373956, 2660633.759016946423799 ], [ 209847.529760053497739, 2660678.076954049058259 ], [ 209850.37388821557397, 2660689.656078844331205 ], [ 209851.605121715692803, 2660694.573558235075325 ], [ 209866.092099500470795, 2660753.214362255297601 ], [ 209876.289805663516745, 2660810.257029351312667 ], [ 209879.239363397529814, 2660826.777699735015631 ], [ 209880.039235070289578, 2660836.397976600565016 ], [ 209883.63675026036799, 2660878.875328092370182 ], [ 209869.116507036029361, 2660883.190260926261544 ], [ 209882.913917030615266, 2660887.526615252718329 ], [ 209894.105969933036249, 2660898.802439908497036 ], [ 209900.287782230821904, 2660908.432899456005543 ], [ 209909.01069520477904, 2660922.765149810817093 ], [ 209914.066121060110163, 2660933.859216142911464 ], [ 209922.143084896786604, 2660951.647097599226981 ], [ 209923.868966353766154, 2660957.74299090122804 ], [ 209926.611680833564606, 2660967.509414666332304 ], [ 209929.394501903734636, 2660983.532972467131913 ], [ 209935.983500121918041, 2661012.241625341121107 ], [ 209937.472225633740891, 2661023.348977102898061 ], [ 209937.174621540121734, 2661032.867366060148925 ], [ 209937.653596081770957, 2661039.177783745806664 ], [ 209936.050046390679199, 2661063.743274610023946 ], [ 209936.327873314614408, 2661076.75381019199267 ], [ 209932.595321711094584, 2661104.180811618920416 ], [ 209931.771991970599629, 2661133.047399783506989 ], [ 209922.026821446488611, 2661183.69461158849299 ], [ 209920.957277417415753, 2661189.286979509983212 ], [ 209916.559609103598632, 2661203.148407374043018 ], [ 209910.390227938769385, 2661220.489531541708857 ], [ 209907.969662851304747, 2661227.299761783331633 ], [ 209906.301709596766159, 2661232.717156947590411 ], [ 209899.669070551288314, 2661256.200933095999062 ], [ 209896.88082104845671, 2661264.833947930019349 ], [ 209890.994248104689177, 2661282.231536872684956 ], [ 209886.901963538257405, 2661294.271576269995421 ], [ 209885.322370903915726, 2661299.436767340172082 ], [ 209884.237559892411809, 2661305.780365957412869 ], [ 209880.417100400780328, 2661321.757248631678522 ], [ 209877.059780402050819, 2661338.913072004448622 ], [ 209872.096619499439839, 2661352.661406402941793 ], [ 209866.547821878513787, 2661375.621498532127589 ], [ 209861.116883032897022, 2661402.646491591352969 ], [ 209860.849574593070429, 2661404.780063220765442 ], [ 209860.982175214565359, 2661416.855081624351442 ], [ 209861.094815241987817, 2661427.991806567180902 ], [ 209860.275485488935374, 2661443.841940735466778 ], [ 209861.438189543783665, 2661457.271729718893766 ], [ 209861.568156671128236, 2661469.221760715823621 ], [ 209861.711939601344056, 2661480.357743339147419 ], [ 209860.932895184319932, 2661501.025708028580993 ], [ 209864.463429845985956, 2661516.908154940232635 ], [ 209864.200938762049191, 2661523.67238118685782 ], [ 209865.043320963974111, 2661529.411630077753216 ], [ 209868.694275178597309, 2661553.864964450709522 ], [ 209869.562555619806517, 2661562.294521074742079 ], [ 209872.152830221981276, 2661586.895757908932865 ], [ 209872.221045645594131, 2661590.085816493723541 ], [ 209872.020877871196717, 2661601.229225069284439 ], [ 209871.639139343518764, 2661624.391843496821821 ], [ 209872.799915160343517, 2661636.25721139088273 ], [ 209874.51600828487426, 2661653.617683139629662 ], [ 209875.316221363609657, 2661661.798538553062826 ], [ 209879.073731282143854, 2661685.373421629425138 ], [ 209879.090542350779288, 2661687.625935758464038 ], [ 209879.223159190034494, 2661699.700956407468766 ], [ 209879.743111706105992, 2661712.330912777222693 ], [ 209879.064329578250181, 2661730.368422238156199 ], [ 209879.02805696928408, 2661733.060103184077889 ], [ 209876.675536063732579, 2661750.382226842455566 ], [ 209876.014694974001031, 2661767.793389712926 ], [ 209876.134928687883075, 2661783.686091411393136 ], [ 209876.311599861539435, 2661797.825291084591299 ], [ 209875.750437011767644, 2661811.104177742265165 ], [ 209875.669312352081761, 2661813.171007105149329 ], [ 209875.500412314780988, 2661816.9920858964324 ], [ 209875.483911283838097, 2661842.587603987660259 ], [ 209874.777263631578535, 2661844.667686275672168 ], [ 209874.871545745700132, 2661853.489301064051688 ], [ 209875.016224849328864, 2661866.127321464009583 ], [ 209874.126716794853564, 2661877.222872954327613 ], [ 209874.313821922347415, 2661896.243143261410296 ], [ 209875.356952405418269, 2661902.603968744631857 ], [ 209877.191255680751055, 2661913.766494642477483 ], [ 209879.68201332166791, 2661924.91513959178701 ], [ 209881.869970515195746, 2661942.390743433497846 ], [ 209883.808459270338062, 2661961.373463724274188 ], [ 209884.160690623859409, 2661964.682688420172781 ], [ 209887.281328068580478, 2661978.946915862616152 ], [ 209896.574970958579797, 2661998.022866480983794 ], [ 209911.670029444561806, 2662001.580755955073982 ], [ 209927.878749973431695, 2662001.610011906828731 ], [ 209944.259924890124239, 2662002.386700556613505 ], [ 209953.124256524431985, 2662002.823232777416706 ], [ 209977.844371690240223, 2662001.419292007107288 ], [ 209981.464891845767852, 2661999.527390944305807 ], [ 209999.342492172087077, 2661991.260472678113729 ], [ 210015.568084781349171, 2661990.601204063277692 ], [ 210030.471860344230663, 2661992.535784114152193 ], [ 210041.485553630103823, 2661993.990391966421157 ], [ 210069.185384676966351, 2661995.839529694989324 ], [ 210078.012983182212338, 2661996.026579737197608 ], [ 210095.669648822804447, 2661996.46318696718663 ], [ 210118.418112439860124, 2662002.360538371838629 ], [ 210126.912723032699432, 2662005.99644780671224 ], [ 210132.817266373720486, 2662008.498778976965696 ], [ 210142.200374209613074, 2662014.180854933802038 ], [ 210155.91235016786959, 2662021.835768145509064 ], [ 210157.362413003342226, 2662023.807351838797331 ], [ 210165.133626917609945, 2662034.592849805951118 ], [ 210176.100439395639114, 2662051.442783132195473 ], [ 210181.729470521851908, 2662060.083842547144741 ], [ 210186.037304871482775, 2662066.938155322801322 ], [ 210187.827850025496446, 2662084.860241369344294 ], [ 210189.567786313069519, 2662090.142315538134426 ], [ 210189.095766187238041, 2662104.670986081007868 ], [ 210188.243813516164664, 2662120.459106367081404 ], [ 210188.374115685001016, 2662128.02833906468004 ], [ 210188.45377144246595, 2662133.220817702822387 ], [ 210187.574061006482225, 2662150.636591640301049 ], [ 210187.061955287645105, 2662163.288571847137064 ], [ 210187.483089034853037, 2662178.611787869594991 ], [ 210187.352715614018962, 2662188.627164542209357 ], [ 210187.316396689973772, 2662194.260084014385939 ], [ 210187.90735724195838, 2662202.883380381390452 ], [ 210187.178613658878021, 2662209.78264196543023 ], [ 210186.091998668271117, 2662220.444394296966493 ], [ 210184.94196870806627, 2662226.66436254279688 ], [ 210184.425663538393565, 2662236.187402236275375 ], [ 210181.7286855733837, 2662252.015166311059147 ], [ 210180.719635832298081, 2662266.304762504063547 ], [ 210180.361029789200984, 2662271.506464139092714 ], [ 210179.997557429072913, 2662276.458181756082922 ], [ 210178.944608444639016, 2662291.624624315649271 ], [ 210178.092709818098228, 2662307.412861683405936 ], [ 210175.276192498742603, 2662326.434826410841197 ], [ 210174.879583729081787, 2662335.704914805013686 ], [ 210171.828594926570076, 2662345.219511230010539 ], [ 210169.529539999028202, 2662354.780711903236806 ], [ 210169.680977433163207, 2662370.672644342761487 ], [ 210168.901702858216595, 2662392.779879983980209 ], [ 210165.437789726129267, 2662407.872854005079716 ], [ 210164.207803994591814, 2662413.281015887856483 ], [ 210162.453110601461958, 2662436.598152179270983 ], [ 210161.311461726552807, 2662441.753885826095939 ], [ 210155.569771521259099, 2662471.789412184152752 ], [ 210152.677994021039922, 2662484.367187705822289 ], [ 210150.791201560758054, 2662497.11114099342376 ], [ 210146.863941428426187, 2662508.083721986971796 ], [ 210143.049953791487496, 2662528.753811524715275 ], [ 210140.795706200413406, 2662538.939766927156597 ], [ 210139.195133473258466, 2662546.045730078592896 ], [ 210136.30349381029373, 2662558.623400114476681 ], [ 210132.453440191573463, 2662577.604284372646362 ], [ 210130.530491634854116, 2662588.659477822482586 ], [ 210128.99978073470993, 2662594.63721180241555 ], [ 210125.678238671447616, 2662607.599731816910207 ], [ 210121.5039166623028, 2662624.585097578819841 ], [ 210119.862936717981938, 2662631.253686335869133 ], [ 210118.008845777250826, 2662647.000756850466132 ], [ 210116.338543998426758, 2662655.234180201310664 ], [ 210114.157488778117113, 2662665.919270701706409 ], [ 210110.308787898451556, 2662684.962996666319668 ], [ 210113.794614003563765, 2662704.601161421276629 ], [ 210114.47015327133704, 2662708.404213846195489 ], [ 210117.460695069981739, 2662725.361929457169026 ], [ 210117.619676258531399, 2662732.805548122152686 ], [ 210119.908052961865906, 2662740.328672203700989 ], [ 210129.175254512985703, 2662761.094954684376717 ], [ 210132.359832055342849, 2662775.420201280619949 ], [ 210133.120882932853419, 2662787.606950476299971 ], [ 210133.258822683535982, 2662789.669110551010817 ], [ 210137.660890060651582, 2662802.403863248880953 ], [ 210140.068636904237792, 2662814.05492775188759 ], [ 210141.510922991903499, 2662815.651313891634345 ], [ 210143.888982101983856, 2662822.984724936075509 ], [ 210150.857196152326651, 2662835.727272224612534 ], [ 210158.840450903750025, 2662860.838868301827461 ], [ 210178.2686306196847, 2662901.726456887554377 ], [ 210182.975699829810765, 2662909.698573599569499 ], [ 210193.387186364037916, 2662932.755816423799843 ], [ 210201.611758086539339, 2662948.663110299501568 ], [ 210213.368519751820713, 2662945.345566240139306 ], [ 210237.010816469148267, 2662946.217367657460272 ], [ 210254.233776376582682, 2662946.850940661504865 ], [ 210261.141170291113667, 2662947.955041736830026 ], [ 210271.249684482056182, 2662948.051974315661937 ], [ 210292.254262764181476, 2662948.47952785436064 ], [ 210303.556722532084677, 2662948.801353866234422 ], [ 210310.281019254878629, 2662948.657669028267264 ], [ 210318.669409426045604, 2662948.791514043230563 ], [ 210329.282444287266117, 2662949.065374786965549 ], [ 210338.830898933752906, 2662949.29941844008863 ], [ 210351.971777403261513, 2662949.269072303548455 ], [ 210366.110514948784839, 2662950.531661246903241 ], [ 210376.806602383207064, 2662950.303153465501964 ], [ 210389.360737134411465, 2662949.15892278496176 ], [ 210398.204903224424925, 2662948.657147939316928 ], [ 210402.38374569057487, 2662948.004643456079066 ], [ 210407.562159951252397, 2662947.268468498717993 ], [ 210418.584147656336427, 2662944.717572456225753 ], [ 210421.588018630980514, 2662944.715872950851917 ], [ 210429.502047732938081, 2662944.609538391232491 ], [ 210437.723379469127394, 2662944.246120505034924 ], [ 210447.469941373332404, 2662942.03547823196277 ], [ 210450.801704474142753, 2662941.275782668497413 ], [ 210465.882871445443016, 2662938.325387404300272 ], [ 210478.468701632635202, 2662935.741179703269154 ], [ 210480.826969628222287, 2662934.814768942538649 ], [ 210491.902722638798878, 2662930.385451093316078 ], [ 210494.188475120638032, 2662930.461728609632701 ], [ 210501.733988156949636, 2662930.676060742232949 ], [ 210512.22175875963876, 2662930.952707570511848 ], [ 210523.336776609707158, 2662931.278617342468351 ], [ 210540.174031844886485, 2662929.980328691191971 ], [ 210573.790936804842204, 2662926.13323788670823 ], [ 210577.911215317668393, 2662925.669756256975234 ], [ 210592.902735243435018, 2662925.850225010421127 ], [ 210610.13411440938944, 2662925.419655110221356 ], [ 210623.118328475102317, 2662926.832146982196718 ], [ 210625.250322201172821, 2662927.036933763884008 ], [ 210637.325001402758062, 2662931.284611642360687 ], [ 210647.475233421369921, 2662936.261777269188315 ], [ 210658.660601204435807, 2662944.283482042141259 ], [ 210666.778042597870808, 2662952.245507871732116 ], [ 210672.298047344549559, 2662961.63969930075109 ], [ 210673.603203333390411, 2662965.616681810002774 ], [ 210677.6507804262219, 2662977.858332296833396 ], [ 210686.372450835886411, 2662992.127907131332904 ], [ 210689.523538841167465, 2663004.889210744295269 ], [ 210699.183212145988364, 2663016.197560565546155 ], [ 210702.030096013331786, 2663017.638620504178107 ], [ 210709.650576537416782, 2663024.297133136540651 ], [ 210711.934366421424784, 2663025.750263896770775 ], [ 210723.566364315513056, 2663035.639684705063701 ], [ 210725.159575608849991, 2663036.982426714152098 ], [ 210740.933183812885545, 2663047.409199970308691 ], [ 210748.710489980177954, 2663052.624698590487242 ], [ 210754.840485627704766, 2663052.493694792501628 ], [ 210766.302510980400257, 2663051.498050883878022 ], [ 210779.905398742819671, 2663052.584209308028221 ], [ 210782.880534766300116, 2663052.708427139557898 ], [ 210798.976688263530377, 2663051.864073824603111 ], [ 210801.57119087909814, 2663051.745920284185559 ], [ 210820.105259821226355, 2663047.845709591172636 ], [ 210824.298717357451096, 2663047.881309790536761 ], [ 210827.42887638945831, 2663047.939656429924071 ], [ 210847.316579721053131, 2663045.887802030425519 ], [ 210860.406161460385192, 2663044.920034990645945 ], [ 210876.566156479064375, 2663044.136776822153479 ], [ 210892.678906662098598, 2663042.603583591524512 ], [ 210925.039719006628729, 2663037.0937813334167 ], [ 210928.9370925714029, 2663036.447237086016685 ], [ 210936.018035965273157, 2663035.419897750485688 ], [ 210959.167222391872201, 2663030.795290475245565 ], [ 210979.252172957640141, 2663024.796750337351114 ], [ 210995.366911596211139, 2663021.886858887039125 ], [ 211005.43853103928268, 2663018.793075720313936 ], [ 211014.304695702856407, 2663017.852814954705536 ], [ 211018.529494633665308, 2663017.887838897760957 ], [ 211040.674752424121834, 2663014.598712852224708 ], [ 211055.819308438687585, 2663013.148813016247004 ], [ 211066.895968676777557, 2663010.221308522857726 ], [ 211082.012474660587031, 2663010.399083834141493 ], [ 211090.086806951498147, 2663010.476874230895191 ], [ 211098.162608317914419, 2663010.617270580027252 ], [ 211113.332426783395931, 2663010.356026158668101 ], [ 211129.472943690838292, 2663017.458100038580596 ], [ 211146.288560359447729, 2663026.861339413095266 ], [ 211148.075569138047285, 2663029.952101820148528 ], [ 211153.884619202348404, 2663036.774269352667034 ], [ 211163.110665970947593, 2663051.220880105625838 ], [ 211173.306372631515842, 2663065.646446786820889 ], [ 211179.122131566167809, 2663072.781530558131635 ], [ 211181.243681223189924, 2663075.427002838347107 ], [ 211192.685534856689628, 2663088.136454045772552 ], [ 211195.281515533220954, 2663091.022194447927177 ], [ 211223.397645836928859, 2663109.445695139467716 ], [ 211245.030906077648979, 2663126.130234829615802 ], [ 211253.387760678248014, 2663130.645322439726442 ], [ 211271.196807469299529, 2663141.153521012049168 ], [ 211284.537299995950889, 2663149.003834839444607 ], [ 211295.357866225822363, 2663157.533842581789941 ], [ 211303.371600699727423, 2663163.55792684154585 ], [ 211319.025061498512514, 2663178.618070058058947 ], [ 211341.816228236362804, 2663196.779701138846576 ], [ 211344.013031237816904, 2663198.547502196393907 ], [ 211355.595387210778426, 2663206.122575693763793 ], [ 211357.962659995420836, 2663210.014503083191812 ], [ 211363.743963153858203, 2663218.464261816814542 ], [ 211364.733467709040269, 2663226.703686911612749 ], [ 211371.363036730792373, 2663239.703712434973568 ], [ 211371.641933812992647, 2663242.513700024690479 ], [ 211370.971307245607022, 2663250.663295767270029 ], [ 211371.152939442603383, 2663266.491854840423912 ], [ 211370.171975208737422, 2663271.831987907644361 ], [ 211364.103025932505261, 2663286.542557675857097 ], [ 211362.093582599423826, 2663296.472879506647587 ], [ 211361.611261962272692, 2663298.798643846530467 ], [ 211356.518728697497863, 2663313.801201107446104 ], [ 211349.230986133392435, 2663330.039557940792292 ], [ 211341.237386070715729, 2663339.597207925282419 ], [ 211334.858787934179418, 2663350.059026968665421 ], [ 211333.704966785851866, 2663351.710754195228219 ], [ 211327.738225963665172, 2663362.414001737721264 ], [ 211317.653457548643928, 2663375.145266685634851 ], [ 211307.81070915638702, 2663387.495862737298012 ], [ 211297.882472139724996, 2663403.164870270527899 ], [ 211295.379432443412952, 2663406.096940140239894 ], [ 211288.53942142840242, 2663414.003013858105987 ], [ 211287.275282213871833, 2663416.345252870582044 ], [ 211281.921847336227074, 2663423.531118160579354 ], [ 211271.992927093117032, 2663437.698349331039935 ], [ 211262.027121421822812, 2663451.616033182945102 ], [ 211255.062945146928541, 2663461.026454208884388 ], [ 211246.879051354015246, 2663473.404315005522221 ], [ 211238.137017935630865, 2663484.542176127433777 ], [ 211226.48985523666488, 2663500.310746011789888 ], [ 211221.108106567582581, 2663510.563367482740432 ], [ 211197.163661093625706, 2663546.807381478138268 ], [ 211190.995691620337311, 2663553.94802144030109 ], [ 211187.728136999940034, 2663557.710003956686705 ], [ 211182.921064291440416, 2663565.572482851333916 ], [ 211174.919759920972865, 2663577.696184141095728 ], [ 211173.308713632519357, 2663579.920745843090117 ], [ 211164.618041146080941, 2663591.996320630423725 ], [ 211167.321739678562153, 2663594.066329170018435 ], [ 211159.645984766713809, 2663608.247958379797637 ], [ 211152.759707051620353, 2663627.16882580704987 ], [ 211147.32526773243444, 2663636.421454025432467 ], [ 211140.979760362009984, 2663660.149336321745068 ], [ 211141.091185790312011, 2663671.223485395777971 ], [ 211140.278530355950352, 2663691.766648021992296 ], [ 211140.358725029975176, 2663702.841540190856904 ], [ 211140.013153917039745, 2663724.751478496473283 ], [ 211142.768273945956025, 2663742.402518386952579 ], [ 211146.955744585546199, 2663758.270690288860351 ], [ 211152.146310538577382, 2663775.682023112662137 ], [ 211158.405065822240431, 2663794.760019614361227 ], [ 211162.62491213157773, 2663812.129355867393315 ], [ 211162.773187249607872, 2663826.394066688604653 ], [ 211161.888097967021167, 2663840.618379493709654 ], [ 211159.997287775680888, 2663853.174655699171126 ], [ 211159.354906127788126, 2663865.579086685087532 ], [ 211153.215521146019455, 2663879.915784994140267 ], [ 211151.077365966630168, 2663885.28080224711448 ], [ 211137.758527979487553, 2663906.278937245253474 ], [ 211129.252297294791788, 2663919.664759965613484 ], [ 211126.853633522521704, 2663923.095370995346457 ], [ 211110.502789616642985, 2663947.162066556047648 ], [ 211106.923258894821629, 2663952.432546121068299 ], [ 211103.965756296762265, 2663956.062806275207549 ], [ 211098.448123390611727, 2663965.817876536864787 ], [ 211088.457404872286133, 2663981.48838244471699 ], [ 211081.123711894499138, 2663997.0395094351843 ], [ 211080.417151539993938, 2663999.119639029726386 ], [ 211072.575696772197261, 2664012.866848274599761 ], [ 211066.646350215829443, 2664025.321637166198343 ], [ 211062.684677508485038, 2664034.668013451620936 ], [ 211052.831741973757744, 2664059.722472019027919 ], [ 211038.114493736939039, 2664082.627979740034789 ], [ 211035.882997457287274, 2664086.55550352903083 ], [ 211032.356045108346734, 2664092.826270218472928 ], [ 211019.512385628768243, 2664119.947047592140734 ], [ 211011.065063418995123, 2664131.704698331188411 ], [ 211008.232076173648238, 2664136.771433495916426 ], [ 211004.103747869492508, 2664144.181524253450334 ], [ 210996.732665042334702, 2664165.303003675304353 ], [ 210994.255207056761719, 2664172.364752085879445 ], [ 210988.328160641889554, 2664186.383997676894069 ], [ 210985.446885422396008, 2664193.579629209823906 ], [ 210981.408589057507925, 2664203.741134964860976 ], [ 210978.483995854854584, 2664217.696171544492245 ], [ 210977.596711046528071, 2664230.356120957992971 ], [ 210979.747489045897964, 2664246.080035589169711 ], [ 210975.001580446958542, 2664246.556999687571079 ], [ 210975.730396847298834, 2664254.301209392026067 ], [ 210976.945241563778836, 2664267.229099659714848 ], [ 210998.679149953532033, 2664284.224123173393309 ], [ 211004.852275415149052, 2664289.036169362720102 ], [ 211022.4641702597728, 2664296.169149524532259 ], [ 211028.577634999586735, 2664296.726922148372978 ], [ 211044.973351507680491, 2664298.191529014147818 ], [ 211089.376947620126884, 2664313.012648174073547 ], [ 211101.61427681252826, 2664314.628424977883697 ], [ 211113.762875111598987, 2664317.935831101611257 ], [ 211126.877954453695565, 2664318.15620204154402 ], [ 211151.123108135652728, 2664320.892308394424617 ], [ 211166.327949121769052, 2664325.198217581957579 ], [ 211181.477184351184405, 2664325.437897525727749 ], [ 211194.623479129222687, 2664325.657476290129125 ], [ 211207.739807534206193, 2664325.940526124555618 ], [ 211222.160603373777121, 2664328.698568288702518 ], [ 211234.84024390403647, 2664333.434073538519442 ], [ 211247.14054834342096, 2664337.989811439067125 ], [ 211256.697038376529235, 2664341.540314797312021 ], [ 211271.725933937937953, 2664350.793868486303836 ], [ 211285.64027917641215, 2664359.132393299601972 ], [ 211293.658436032303143, 2664363.904685934539884 ], [ 211310.149477049708366, 2664375.692590749356896 ], [ 211328.321601298812311, 2664387.069179742597044 ], [ 211336.318423818214796, 2664398.162456552963704 ], [ 211344.252951344416942, 2664404.876698211301118 ], [ 211354.7403921301011, 2664413.914318915922195 ], [ 211361.133965912158601, 2664421.725229721982032 ], [ 211370.321810886613093, 2664432.918260504491627 ], [ 211378.470627632399555, 2664440.879365365952253 ], [ 211385.621649775479455, 2664448.986906446982175 ], [ 211393.806626148230862, 2664458.636774430517107 ], [ 211402.279741100326646, 2664468.593643611297011 ], [ 211413.18122728104936, 2664479.437233138363808 ], [ 211416.303057353186887, 2664483.500569221097976 ], [ 211419.297321725112852, 2664487.441665826831013 ], [ 211432.594152118370403, 2664503.490759739652276 ], [ 211440.104879726830404, 2664512.341514131985605 ], [ 211444.856689213193022, 2664517.997210111003369 ], [ 211453.039699975459371, 2664529.024028576910496 ], [ 211464.271611478878185, 2664543.614952142816037 ], [ 211472.422625849954784, 2664553.140720972325653 ], [ 211474.083740845846478, 2664554.732228111941367 ], [ 211482.609321237017866, 2664562.747950450982898 ], [ 211491.089261701330543, 2664568.636917307041585 ], [ 211496.837012908945326, 2664572.581680769100785 ], [ 211507.984753067139536, 2664575.910388427786529 ], [ 211526.23913383600302, 2664580.902142431586981 ], [ 211536.386776804924011, 2664585.754114988259971 ], [ 211546.501515015610494, 2664587.603019597940147 ], [ 211556.764738272991963, 2664589.073477137833834 ], [ 211559.651284155726898, 2664589.449687405023724 ], [ 211573.214953405666165, 2664593.102418432477862 ], [ 211575.669074341538362, 2664593.738225711043924 ], [ 211589.047128900245298, 2664596.018058640416712 ], [ 211604.358971171779558, 2664598.006315144244581 ], [ 211630.356328142283019, 2664602.206805982161313 ], [ 211633.68485224316828, 2664602.761440624948591 ], [ 211646.695008178241551, 2664606.863835931289941 ], [ 211659.808585805178154, 2664607.021728252060711 ], [ 211668.496328932757024, 2664610.90373052470386 ], [ 211670.960955146176275, 2664612.039945270400494 ], [ 211685.498708861356135, 2664611.478934136219323 ], [ 211689.73894190217834, 2664613.703763528726995 ], [ 211701.299759155139327, 2664617.336647995747626 ], [ 211706.356121195480227, 2664619.669152033515275 ], [ 211715.520641225390136, 2664623.916450001299381 ], [ 211723.911115383147262, 2664625.614510243292898 ], [ 211732.212239805259742, 2664630.443376047536731 ], [ 211742.791834378847852, 2664636.475083821918815 ], [ 211746.970394663279876, 2664640.203207091428339 ], [ 211759.303140403062571, 2664659.464084281120449 ], [ 211764.416645278106444, 2664668.866869519464672 ], [ 211770.604382547782734, 2664681.688451946247369 ], [ 211775.754965543863364, 2664692.842493471689522 ], [ 211781.899269948014989, 2664709.482226021122187 ], [ 211783.359635440632701, 2664713.393497040495276 ], [ 211783.12846754223574, 2664724.537597195245326 ], [ 211790.508055831654929, 2664760.925795319024473 ], [ 211791.69509492488578, 2664779.861808306537569 ], [ 211792.968858568114229, 2664795.541812964715064 ], [ 211792.521376585413236, 2664806.815432219300419 ], [ 211793.070247918542009, 2664819.319556090980768 ], [ 211795.676199664943852, 2664843.168996283318847 ], [ 211796.20287741656648, 2664845.848608393687755 ], [ 211803.946301736054011, 2664884.606996686663479 ], [ 211807.024384656338952, 2664918.834433800540864 ], [ 211807.725825821282342, 2664926.766857572831213 ], [ 211809.304282117111143, 2664934.743205995298922 ], [ 211816.566115799243562, 2664955.364209270104766 ], [ 211826.552512612193823, 2664977.553949913941324 ], [ 211838.090198662015609, 2664988.884433458093554 ], [ 211843.848954677931033, 2664991.890285681933165 ], [ 211847.265258997562341, 2664993.631953476928174 ], [ 211851.387906132033095, 2664994.732830697204918 ], [ 211854.626620163267944, 2664995.477210679091513 ], [ 211862.392948940687347, 2664997.251221377402544 ], [ 211872.501575510017574, 2664997.347994775976986 ], [ 211891.721837794000749, 2664997.750800761394203 ], [ 211903.869870506867301, 2664998.116810605395585 ], [ 211919.06092593917856, 2664998.856054725591093 ], [ 211935.609698901418597, 2665001.631292558275163 ], [ 211946.32396237028297, 2665003.717752648051828 ], [ 211956.044627140159719, 2665004.698913685977459 ], [ 211958.428210724145174, 2665004.960969071369618 ], [ 211968.830764356884174, 2665004.175267771817744 ], [ 211987.281077267311048, 2665009.538248185999691 ], [ 212009.069119396677706, 2665015.893635072279721 ], [ 212024.287791025068145, 2665019.385636149439961 ], [ 212036.265923853206914, 2665023.510149228386581 ], [ 212046.761891053873114, 2665027.103004776407033 ], [ 212061.380567229120061, 2665031.796800586860627 ], [ 212064.810847855114844, 2665032.724920686334372 ], [ 212081.832748956803698, 2665042.999482840765268 ], [ 212094.22896139632212, 2665049.117462439462543 ], [ 212107.9725311989896, 2665055.331871294416487 ], [ 212112.490479150263127, 2665057.362976246513426 ], [ 212120.64974091615295, 2665062.883269120473415 ], [ 212123.348285448155366, 2665064.702992412727326 ], [ 212126.632502623775508, 2665067.573962598573416 ], [ 212138.696668127842713, 2665074.262239466421306 ], [ 212141.029628295102157, 2665075.088466935791075 ], [ 212153.158489022869617, 2665083.339998602867126 ], [ 212164.744186768715736, 2665089.600527268368751 ], [ 212168.41624641395174, 2665091.587185631971806 ], [ 212177.535172725445591, 2665098.088136966340244 ], [ 212193.792303560650907, 2665106.251342587172985 ], [ 212207.135377568658441, 2665111.28525845753029 ], [ 212220.518358747125603, 2665110.874054704792798 ], [ 212223.099052290432155, 2665111.569815725553781 ], [ 212230.234921869647224, 2665111.667692254297435 ], [ 212242.349056447914336, 2665111.909398498013616 ], [ 212253.46095499774674, 2665112.109910981263965 ], [ 212257.290557418600656, 2665111.214619165752083 ], [ 212265.539496302604675, 2665109.223370034713298 ], [ 212279.996348216373008, 2665106.348751345649362 ], [ 212286.524097006011289, 2665104.331801367457956 ], [ 212299.734404933697078, 2665100.23227039212361 ], [ 212314.914315834932495, 2665097.52978541655466 ], [ 212328.593685230764095, 2665097.800538585521281 ], [ 212344.732640598085709, 2665101.898732179775834 ], [ 212375.42781261971686, 2665113.633164039347321 ], [ 212390.158622893737629, 2665130.902791145257652 ], [ 212396.935931567801163, 2665142.022094872314483 ], [ 212401.863916231493931, 2665155.934415497351438 ], [ 212401.004639261867851, 2665166.966516450047493 ], [ 212398.736367202014662, 2665175.025066534988582 ], [ 212396.935083539225161, 2665181.509216802194715 ], [ 212396.350018903613091, 2665186.340239374432713 ], [ 212395.631137283402495, 2665192.23790338775143 ], [ 212393.456916782713961, 2665203.235649483278394 ], [ 212390.378708516189363, 2665217.319074430502951 ], [ 212389.403489415475633, 2665233.172193344216794 ], [ 212390.028281111619435, 2665238.978595928754658 ], [ 212390.147786817862652, 2665250.427947494667023 ], [ 212389.529944573820103, 2665274.22097070608288 ], [ 212389.170517608639784, 2665286.681732854340225 ], [ 212388.93844361230731, 2665300.704253223724663 ], [ 212391.916855243267491, 2665321.479273640085012 ], [ 212392.627981924277265, 2665325.469089228659868 ], [ 212396.049756733060349, 2665342.104545609094203 ], [ 212404.841579236090183, 2665362.567305321339518 ], [ 212420.249746400979348, 2665386.643590430729091 ], [ 212440.610063802159857, 2665415.495080535765737 ], [ 212455.648078152735252, 2665429.566711013671011 ], [ 212468.864651984942611, 2665434.540632701013237 ], [ 212478.864354598044883, 2665438.33198108477518 ], [ 212482.555452450411394, 2665439.754978369455785 ], [ 212498.9520868951804, 2665445.662284133490175 ], [ 212512.278757999825757, 2665447.004554536659271 ], [ 212531.471323808364104, 2665449.034879221580923 ], [ 212551.20025251316838, 2665452.743121392093599 ], [ 212554.78160594124347, 2665453.417556040454656 ], [ 212572.968177498027217, 2665453.779724378138781 ], [ 212585.333904533996247, 2665454.078582549933344 ], [ 212587.397953890555073, 2665454.034459038171917 ], [ 212615.741895214014221, 2665447.98424820182845 ], [ 212633.955938805243932, 2665443.777682970743626 ], [ 212662.623793469916563, 2665429.460250784642994 ], [ 212677.165246322925668, 2665421.764965772163123 ], [ 212682.37974149727961, 2665418.337008458562195 ], [ 212687.400862628826872, 2665416.101928315591067 ], [ 212695.674914879433345, 2665412.358083237893879 ], [ 212710.85328362515429, 2665403.71077801194042 ], [ 212720.944501976598985, 2665398.61390572367236 ], [ 212725.927598410402425, 2665396.066786493640393 ], [ 212734.332786995742936, 2665391.131234688684344 ], [ 212738.319022593321279, 2665388.793188117910177 ], [ 212742.20465833414346, 2665386.144459107890725 ], [ 212761.04362924315501, 2665373.100916648749262 ], [ 212771.082388189155608, 2665367.003940532915294 ], [ 212783.152965472720098, 2665359.361727701034397 ], [ 212790.848602039855905, 2665353.439960893243551 ], [ 212793.351172776485328, 2665351.947319226339459 ], [ 212795.233524055569433, 2665350.718015070538968 ], [ 212805.228936437750235, 2665344.05881970282644 ], [ 212818.33379970502574, 2665337.958814539946616 ], [ 212831.205444197228644, 2665334.11665837559849 ], [ 212842.216447720653377, 2665331.065405296161771 ], [ 212849.295083698933013, 2665328.473505974747241 ], [ 212859.570267271541525, 2665326.12634050520137 ], [ 212872.716416904877406, 2665326.345795365516096 ], [ 212890.92771987960441, 2665326.394625679589808 ], [ 212901.021938241145108, 2665331.685717227403075 ], [ 212912.167386581772007, 2665333.450029140338302 ], [ 212923.388815051468555, 2665343.160113215912133 ], [ 212931.29607851797482, 2665350.062419127672911 ], [ 212934.142294883204158, 2665352.942802555393428 ], [ 212941.760231337160803, 2665362.417003727052361 ], [ 212950.638461177004501, 2665376.682849464006722 ], [ 212951.302076949214097, 2665379.922619774471968 ], [ 212954.269210441620089, 2665386.993148196022958 ], [ 212957.643065074458718, 2665394.054830454755574 ], [ 212960.268165457702707, 2665407.077576568350196 ], [ 212962.267475701752119, 2665417.172499722801149 ], [ 212966.386719870963134, 2665448.874257386196405 ], [ 212965.912863045348786, 2665454.51630701450631 ], [ 212966.024482287000865, 2665465.59031974663958 ], [ 212962.101255926827434, 2665478.189763050060719 ], [ 212959.214018419617787, 2665493.896005671471357 ], [ 212955.285830903449096, 2665504.806085368152708 ], [ 212952.399476284277625, 2665519.073035078588873 ], [ 212945.265110783511773, 2665536.622364295180887 ], [ 212939.956948907580227, 2665547.374095922801644 ], [ 212932.400433062692173, 2665562.742082987446338 ], [ 212930.151221453677863, 2665567.295833627693355 ], [ 212919.338589982420672, 2665592.808507224544883 ], [ 212909.406793214089703, 2665615.611584533937275 ], [ 212908.479456839093473, 2665619.073140488471836 ], [ 212906.996200117806438, 2665630.181246173102409 ], [ 212903.620305608026683, 2665655.222179539967328 ], [ 212907.395674497412983, 2665664.96621493017301 ], [ 212907.470784725097474, 2665671.410201536491513 ], [ 212916.350516508624423, 2665693.060160032473505 ], [ 212922.2555144149228, 2665720.468452501110733 ], [ 212924.754592969547957, 2665731.991931207943708 ], [ 212926.430367124848999, 2665734.27143628615886 ], [ 212931.425199468329083, 2665741.048197385855019 ], [ 212934.575245945714414, 2665753.74678268423304 ], [ 212940.761597786098719, 2665766.505769912619144 ], [ 212948.91537282889476, 2665776.15617626812309 ], [ 212954.064168138895184, 2665785.745662016328424 ], [ 212958.212042504863348, 2665795.356727265752852 ], [ 212968.439091560197994, 2665809.781316859647632 ], [ 212974.618242788594216, 2665819.286117844283581 ], [ 212978.279047447023913, 2665826.592211566865444 ], [ 212980.358140126802027, 2665830.177403528243303 ], [ 212986.988963478710502, 2665843.239615494385362 ], [ 212994.175551199528854, 2665854.475144750438631 ], [ 213000.359652132785413, 2665865.669542722869664 ], [ 213006.544951166433748, 2665878.365827296394855 ], [ 213010.979250997654162, 2665885.279808346647769 ], [ 213014.734070216480177, 2665891.144405387807637 ], [ 213020.91981065942673, 2665902.401517132297158 ], [ 213030.178152143955231, 2665918.348639300093055 ], [ 213035.32900817116024, 2665929.502530111465603 ], [ 213037.088660350360442, 2665932.781555242836475 ], [ 213040.476240634161513, 2665939.029547156300396 ], [ 213047.119540729152504, 2665948.274289430119097 ], [ 213049.699102868675254, 2665951.848645468708128 ], [ 213054.883320705266669, 2665964.566297547891736 ], [ 213061.071153775788844, 2665977.387584303505719 ], [ 213067.222777206392493, 2665988.520355679560453 ], [ 213074.059287818381563, 2666000.952152033802122 ], [ 213086.710380221251398, 2666020.456525458954275 ], [ 213090.862518438429106, 2666033.196271997410804 ], [ 213101.090485521417577, 2666049.122813854832202 ], [ 213104.241805770085193, 2666061.883798269089311 ], [ 213107.356336857716087, 2666071.454369795508683 ], [ 213111.508651047362946, 2666084.194115643389523 ], [ 213113.3196893845452, 2666088.410570008214563 ], [ 213125.038130449887831, 2666141.851966621819884 ], [ 213149.817415204248391, 2666209.094383996445686 ], [ 213155.247161714360118, 2666220.117096978239715 ], [ 213161.231131559819914, 2666232.19205150892958 ], [ 213170.245921267487574, 2666271.861385273281485 ], [ 213169.264404055720661, 2666278.640870569739491 ], [ 213170.915868623822462, 2666284.17499729571864 ], [ 213170.024218923063017, 2666295.145247539039701 ], [ 213176.321439161838498, 2666317.476073357276618 ], [ 213184.586351904610638, 2666339.639746096916497 ], [ 213193.665849187411368, 2666357.468101654667407 ], [ 213195.880032632558141, 2666360.048954063560814 ], [ 213202.0353830770473, 2666368.427944176830351 ], [ 213210.185681980918162, 2666376.451456933282316 ], [ 213218.340046446130145, 2666384.66244985954836 ], [ 213221.737557266955264, 2666389.909179443959147 ], [ 213224.766269185114652, 2666407.178361210972071 ], [ 213231.010993508447427, 2666440.211273874621838 ], [ 213229.74652009998681, 2666458.63614228181541 ], [ 213222.942168253066484, 2666466.729100626893342 ], [ 213220.59283528191736, 2666469.532734147738665 ], [ 213218.728771602443885, 2666473.077176981139928 ], [ 213213.133129761670716, 2666480.643466440029442 ], [ 213204.255456237297039, 2666495.664353252388537 ], [ 213201.205198943032883, 2666500.79840838490054 ], [ 213195.064951785258017, 2666515.07233434682712 ], [ 213193.09326438466087, 2666522.373660845216364 ], [ 213192.293423037743196, 2666527.396843461319804 ], [ 213192.616941979620606, 2666542.533902586903423 ], [ 213195.401362937118392, 2666567.38038657233119 ], [ 213196.877622709900606, 2666572.042320553213358 ], [ 213199.991611568490043, 2666587.432539006695151 ], [ 213199.106130822387058, 2666603.09583914000541 ], [ 213202.222192952351179, 2666612.728904997464269 ], [ 213202.371624957188033, 2666628.495324953459203 ], [ 213202.964039009122644, 2666637.181043975055218 ], [ 213203.555298123334069, 2666645.804266805294901 ], [ 213202.635658251703717, 2666658.402029964607209 ], [ 213203.603003883152269, 2666664.138358624186367 ], [ 213205.067386230628472, 2666672.617987386882305 ], [ 213205.866994987882208, 2666683.677053282503039 ], [ 213206.761289769026916, 2666696.236234185751528 ], [ 213206.104519645217806, 2666700.630570186302066 ], [ 213206.769779191352427, 2666718.576351657044142 ], [ 213206.406102312321309, 2666739.610269119497389 ], [ 213205.956580683356151, 2666741.997930590994656 ], [ 213203.671972778858617, 2666800.494700375478715 ], [ 213193.625464505923446, 2666848.644415538758039 ], [ 213183.767981380515266, 2666904.174298343714327 ], [ 213176.71629500889685, 2666927.040966120082885 ], [ 213175.92321319313487, 2666939.698825689032674 ], [ 213171.000955049763434, 2666955.323394941631705 ], [ 213168.63718641595915, 2666964.760615263599902 ], [ 213172.003727111790795, 2666980.270566555671394 ], [ 213160.234821053687483, 2667000.547343234997243 ], [ 213154.41184375109151, 2667020.884548417292535 ], [ 213151.525957064703107, 2667038.092679441906512 ], [ 213147.872228094493039, 2667045.742679240647703 ], [ 213142.601964688336011, 2667056.806685695890337 ], [ 213140.716481749550439, 2667071.05217816028744 ], [ 213134.790783319971524, 2667086.573250153567642 ], [ 213127.175826166174375, 2667106.510664674453437 ], [ 213121.017707891121972, 2667128.732553915586323 ], [ 213114.902930810465477, 2667148.575506072025746 ], [ 213112.99950798851205, 2667151.745100134052336 ], [ 213102.330032151017804, 2667169.307393762283027 ], [ 213092.22024629736552, 2667192.552484192885458 ], [ 213073.303500259178691, 2667203.407593933399767 ], [ 213055.88154927972937, 2667221.23950028186664 ], [ 213048.065229967818595, 2667225.91239814972505 ], [ 213031.028887296677567, 2667241.295546419452876 ], [ 213025.311265643278603, 2667244.609318505972624 ], [ 213015.920217527658679, 2667250.254606920760125 ], [ 213003.888684192264918, 2667262.652071272954345 ], [ 212987.811283855407964, 2667273.133575058076531 ], [ 212973.772204921231605, 2667283.821818264201283 ], [ 212963.701034367375541, 2667289.857175194192678 ], [ 212955.662615113251377, 2667295.848624349106103 ], [ 212940.554274375957903, 2667303.368488889187574 ], [ 212923.285029240651056, 2667312.248561047017574 ], [ 212917.40566990186926, 2667315.31544995540753 ], [ 212904.296893822494894, 2667321.22789328917861 ], [ 212896.805198380316142, 2667323.515720594674349 ], [ 212890.184918139129877, 2667325.597337208688259 ], [ 212879.078309333766811, 2667330.027656827121973 ], [ 212869.004903538443614, 2667334.498479434754699 ], [ 212853.893177723162808, 2667340.391228591091931 ], [ 212836.779518756316975, 2667347.765926532447338 ], [ 212826.706036372983363, 2667352.236894528847188 ], [ 212807.983213969797362, 2667360.459458115976304 ], [ 212805.035700838488992, 2667363.088345725554973 ], [ 212795.917052840348333, 2667371.230986365117133 ], [ 212777.508005609735847, 2667380.948967908509076 ], [ 212763.049443925207015, 2667396.902660405728966 ], [ 212749.820512143836822, 2667404.507379747461528 ], [ 212730.101554358785506, 2667418.821641456801444 ], [ 212727.61072284867987, 2667422.316623802296817 ], [ 212719.200235822238028, 2667434.323831365909427 ], [ 212714.204153800732456, 2667443.567132608499378 ], [ 212709.243840059672948, 2667454.499301984440535 ], [ 212700.312448250828311, 2667471.398775865789503 ], [ 212695.926874242315535, 2667479.940736548509449 ], [ 212692.353884612675756, 2667486.96329941926524 ], [ 212686.42660389613593, 2667502.421825165394694 ], [ 212683.590526036627125, 2667513.183279202785343 ], [ 212678.474130239977967, 2667524.118833220563829 ], [ 212669.079412897117436, 2667544.219844212755561 ], [ 212668.179258441086859, 2667547.493007123470306 ], [ 212664.6533733101096, 2667555.26564572378993 ], [ 212655.695830930140801, 2667573.855278093833476 ], [ 212647.917385117441881, 2667606.625017132610083 ], [ 212642.588796971249394, 2667625.199606223031878 ], [ 212638.072324556938838, 2667639.313821625430137 ], [ 212629.145703886984847, 2667657.902860017959028 ], [ 212623.778959383489564, 2667673.224095605313778 ], [ 212620.653854657022748, 2667682.177216389216483 ], [ 212604.053970698965713, 2667704.810163542162627 ], [ 212600.65748673141934, 2667708.387287075165659 ], [ 212593.294387463771272, 2667719.621146423276514 ], [ 212586.263372891582549, 2667727.343544601462781 ], [ 212576.45014035271015, 2667738.129315111320466 ], [ 212569.262007398705464, 2667747.294179546646774 ], [ 212559.163268151110969, 2667757.898494891356677 ], [ 212556.226478714088444, 2667761.027504443656653 ], [ 212546.191777399741113, 2667771.692949290852994 ], [ 212537.190660130523611, 2667782.398528679274023 ], [ 212532.237233883526642, 2667789.263092986308038 ], [ 212528.599430955422577, 2667810.805169914849102 ], [ 212525.423833098495379, 2667820.322575804777443 ], [ 212527.35595034470316, 2667840.431431721895933 ], [ 212532.517747828969732, 2667859.407330169342458 ], [ 212534.645603594952263, 2667879.887691011186689 ], [ 212540.022975926694926, 2667897.231951457913965 ], [ 212560.899135308573022, 2667953.105943552684039 ], [ 212576.748577044403646, 2668005.082253157626837 ], [ 212578.904008997778874, 2668012.232681131456047 ], [ 212584.183920604758896, 2668032.332561033312231 ], [ 212592.292262135772035, 2668055.938933504745364 ], [ 212595.410015578265302, 2668068.575589759275317 ], [ 212602.606095476017799, 2668087.570561011321843 ], [ 212608.809374703036156, 2668111.342828318476677 ], [ 212613.967047140002251, 2668127.189833445940167 ], [ 212617.082438505138271, 2668138.262211436405778 ], [ 212620.727133984910324, 2668156.519691541790962 ], [ 212622.095516987203155, 2668163.436687383800745 ], [ 212625.795060048869345, 2668188.639088904950768 ], [ 212625.918772539822385, 2668204.656542105134577 ], [ 212625.308900873584207, 2668206.859806400258094 ], [ 212624.555328927410301, 2668215.511836191173643 ], [ 212627.674198775726836, 2668228.211102756205946 ], [ 212629.75632962374948, 2668239.242903080303222 ], [ 212629.764095706806984, 2668248.379187202546746 ], [ 212629.751234134077094, 2668258.016489947214723 ], [ 212629.308295727183577, 2668265.097374857868999 ], [ 212628.17482969147386, 2668283.769893403630704 ], [ 212627.984730218187906, 2668290.970498873386532 ], [ 212628.073139399231877, 2668306.800884315744042 ], [ 212627.660170788760297, 2668313.818534980062395 ], [ 212627.156719200953376, 2668322.465079706162214 ], [ 212625.292877260420937, 2668333.331131636165082 ], [ 212625.209213066613302, 2668339.653315355069935 ], [ 212625.22418681770796, 2668343.282493685372174 ], [ 212625.291407965531107, 2668353.731718058232218 ], [ 212624.342796036391519, 2668367.894645520485938 ], [ 212624.397656001790892, 2668382.161381477955729 ], [ 212624.435113175481092, 2668388.293231083080173 ], [ 212620.489453093206976, 2668407.151270568370819 ], [ 212616.499446955218446, 2668421.003846872597933 ], [ 212614.897603528224863, 2668425.105596564244479 ], [ 212609.644095861061942, 2668438.422195415012538 ], [ 212608.51592591550434, 2668441.262443971820176 ], [ 212602.533525403472595, 2668459.976224302779883 ], [ 212596.369699189206585, 2668476.065503127872944 ], [ 212590.52135876507964, 2668487.892855811398476 ], [ 212581.502455790527165, 2668506.546398060861975 ], [ 212578.514014984597452, 2668517.498997419141233 ], [ 212574.520761281368323, 2668528.28541274368763 ], [ 212567.496929623535834, 2668542.202973132021725 ], [ 212560.513232961820904, 2668562.377489807549864 ], [ 212560.541185688052792, 2668568.07156342593953 ], [ 212560.596784346329514, 2668576.518507405649871 ], [ 212561.690741783764679, 2668582.314900024794042 ], [ 212562.681578408635687, 2668587.6752894888632 ], [ 212567.830420026672073, 2668597.264912948943675 ], [ 212575.993142702791374, 2668613.172779786400497 ], [ 212580.108756425848696, 2668622.721834214404225 ], [ 212584.090879112947732, 2668628.957031074911356 ], [ 212591.342612571490463, 2668640.316327448468655 ], [ 212599.531444209162146, 2668651.592876468785107 ], [ 212607.689819563762285, 2668664.371962777804583 ], [ 212614.17406845279038, 2668673.494808041956276 ], [ 212617.915778995142318, 2668678.733875556848943 ], [ 212630.156600046902895, 2668698.05897264322266 ], [ 212638.34421314363135, 2668709.273041675798595 ], [ 212646.528207916417159, 2668718.860116881784052 ], [ 212652.64906451117713, 2668728.553868437651545 ], [ 212658.80330148950452, 2668741.250676289200783 ], [ 212666.994169360550586, 2668754.091760898008943 ], [ 212675.154101113032084, 2668766.933361578732729 ], [ 212683.265072440321092, 2668790.664837910793722 ], [ 212683.780168769939337, 2668795.722555601969361 ], [ 212683.97190012637293, 2668803.227952377870679 ], [ 212674.770350724866148, 2668811.872858479619026 ], [ 212673.268753799027763, 2668813.344421013258398 ], [ 212668.702259344689082, 2668817.82254141708836 ], [ 212661.489699950208887, 2668827.301078014075756 ], [ 212646.762226517312229, 2668835.063106740359217 ], [ 212632.074748214276042, 2668844.701607245951891 ], [ 212608.217894067172892, 2668860.105967017821968 ], [ 212602.849116519209929, 2668869.482394489459693 ], [ 212593.688601835863665, 2668877.125441488344222 ], [ 212580.271014047728386, 2668903.695272625423968 ], [ 212579.463527704298031, 2668906.904181564226747 ], [ 212579.867879063007422, 2668925.794352328870445 ], [ 212579.382677477260586, 2668941.136278945952654 ], [ 212583.217749544011895, 2668947.812738831620663 ], [ 212583.358430305146612, 2668949.999874041881412 ], [ 212588.116527843347285, 2668964.729111684020609 ], [ 212595.592512431845535, 2668993.855839967727661 ], [ 212599.280627031228505, 2669008.295059910509735 ], [ 212608.371877762663644, 2669025.184289541561157 ], [ 212613.781264258956071, 2669032.327717555686831 ], [ 212627.047362347191665, 2669048.376854025758803 ], [ 212634.309590415970888, 2669057.295108788646758 ], [ 212636.442312622675672, 2669059.001765717752278 ], [ 212641.345820130081847, 2669062.964336784556508 ], [ 212653.570372560992837, 2669074.217025212477893 ], [ 212661.572466282581445, 2669082.618989868555218 ], [ 212663.504310025833547, 2669083.704280056059361 ], [ 212679.429944800736848, 2669095.378403532318771 ], [ 212682.748074254253879, 2669091.051930122077465 ], [ 212679.934665633365512, 2669075.092142993118614 ], [ 212683.882920277712401, 2669056.359188462607563 ], [ 212684.927968254778534, 2669054.021440232172608 ], [ 212691.316468676493969, 2669041.118704453576356 ], [ 212700.978464955172967, 2669021.825586605351418 ], [ 212711.762593227031175, 2668997.940023780334741 ], [ 212712.71796925237868, 2668995.792090071830899 ], [ 212722.002395892573986, 2668983.703602954279631 ], [ 212726.99375286034774, 2668972.77061553299427 ], [ 212734.702290783287026, 2668960.152453580405563 ], [ 212740.380944608186837, 2668952.083527272101492 ], [ 212741.95501179312123, 2668949.609304337762296 ], [ 212761.171667816408444, 2668923.540742176119238 ], [ 212788.359373848710675, 2668889.792417061980814 ], [ 212795.421657245839015, 2668882.069308867212385 ], [ 212822.008001873677131, 2668853.840700983535498 ], [ 212859.127719980897382, 2668851.419222105760127 ], [ 212863.314509066811297, 2668851.141860473901033 ], [ 212870.377050387905911, 2668850.740372774191201 ], [ 212903.921497441828251, 2668853.777183062862605 ], [ 212961.631184492318425, 2668854.356769382953644 ], [ 212984.837048635235988, 2668853.860162192024291 ], [ 213008.185313629976008, 2668858.554519649129361 ], [ 213021.403556423669215, 2668862.151436186861247 ], [ 213032.553854188881814, 2668865.604891305789351 ], [ 213052.848323611135129, 2668869.425906713120639 ], [ 213068.130797334713861, 2668872.978633449412882 ], [ 213081.315365325543098, 2668876.451240676920861 ], [ 213092.463332755491138, 2668878.340241806115955 ], [ 213112.757957157155033, 2668882.161113338544965 ], [ 213128.97562257386744, 2668882.627506154589355 ], [ 213147.229040332313161, 2668883.175645204260945 ], [ 213167.478442910534795, 2668879.050077443942428 ], [ 213178.652516889967956, 2668876.307840502355248 ], [ 213190.78907687892206, 2668870.290783179923892 ], [ 213201.890515536186285, 2668861.229779202025384 ], [ 213210.960879015561659, 2668855.215817927848548 ], [ 213221.062457878899295, 2668847.677977055776864 ], [ 213236.197348405432422, 2668837.028704624157399 ], [ 213248.296003049588762, 2668826.319282405544072 ], [ 213259.396589977783151, 2668815.756326669361442 ], [ 213266.870455733791459, 2668809.713899428490549 ], [ 213285.63080030848505, 2668794.481456263922155 ], [ 213293.696799994562753, 2668786.862146284431219 ], [ 213305.796245051256847, 2668777.654457284137607 ], [ 213313.8614543309086, 2668768.533266216516495 ], [ 213339.056535603071097, 2668744.026519872713834 ], [ 213351.1543337572366, 2668731.815200806129724 ], [ 213360.254854183644056, 2668724.298946694470942 ], [ 213373.352440178801771, 2668712.003468359820545 ], [ 213380.416157768806443, 2668704.343079620506614 ], [ 213388.450828267319594, 2668696.724355566315353 ], [ 213400.584250191284809, 2668687.641120155341923 ], [ 213412.296169193752576, 2668674.93747061630711 ], [ 213424.043209204392042, 2668662.420796496793628 ], [ 213447.714330826187506, 2668636.882993277627975 ], [ 213462.67040357372025, 2668620.793201178312302 ], [ 213477.087233346130233, 2668598.519854563288391 ], [ 213482.720437584095635, 2668591.265405467245728 ], [ 213489.14672959735617, 2668583.055337519850582 ], [ 213499.17338723881403, 2668567.6343635157682 ], [ 213509.229931145498995, 2668552.150057503953576 ], [ 213516.262271672894713, 2668544.490275799296796 ], [ 213529.92708449519705, 2668519.229193199891597 ], [ 213537.838366660813335, 2668510.236410484649241 ], [ 213540.119783085770905, 2668507.183964875992388 ], [ 213551.736132637946866, 2668491.478571717161685 ], [ 213557.969420249457471, 2668483.022236855700612 ], [ 213571.516840355470777, 2668462.519703091587871 ], [ 213576.575639300688636, 2668453.275119449943304 ], [ 213586.602085778838955, 2668437.854125239886343 ], [ 213593.631237975961994, 2668428.567402245942503 ], [ 213605.687700054259039, 2668410.036526347510517 ], [ 213611.620325608062558, 2668402.14993810839951 ], [ 213619.738781706022564, 2668388.209033174905926 ], [ 213626.768364654155448, 2668377.482937149237841 ], [ 213636.784749385842588, 2668355.741862914990634 ], [ 213641.773802861454897, 2668343.244603622239083 ], [ 213647.800847813603468, 2668333.91675323760137 ], [ 213657.781725094653666, 2668309.047565864399076 ], [ 213662.775760753371287, 2668298.239793287124485 ], [ 213666.764994019409642, 2668287.265871609561145 ], [ 213678.778749796212651, 2668262.353096462320536 ], [ 213683.767782938084565, 2668249.85597302718088 ], [ 213690.754561158886645, 2668232.74793703854084 ], [ 213699.705257188761607, 2668210.904412578325719 ], [ 213702.536180076363962, 2668202.833877250552177 ], [ 213704.6881363223074, 2668196.655110592953861 ], [ 213711.675835103495046, 2668181.048978463746607 ], [ 213717.925654760038015, 2668171.90392413828522 ], [ 213721.863982057548128, 2668158.553211508784443 ], [ 213723.134644909121562, 2668156.523524603806436 ], [ 213727.493762915255502, 2668145.291460803709924 ], [ 213738.423156879434828, 2668126.722201494965702 ], [ 213743.44921394798439, 2668117.415735892951488 ], [ 213750.384355988993775, 2668108.131013338919729 ], [ 213758.316641008190345, 2668094.256819795351475 ], [ 213765.182715771661606, 2668080.280113974120468 ], [ 213768.562004315550439, 2668075.889886650722474 ], [ 213771.927513799222652, 2668070.874190060887486 ], [ 213779.894132849876769, 2668060.065651257988065 ], [ 213784.028345251339488, 2668054.407667215447873 ], [ 213795.505331492808182, 2668036.577706586103886 ], [ 213799.092057162255514, 2668033.121777965687215 ], [ 213805.568431086256169, 2668025.786839744076133 ], [ 213816.139167694200296, 2668013.858558875974268 ], [ 213831.476395953272004, 2667996.571781280450523 ], [ 213835.142292477714363, 2667992.425787110812962 ], [ 213853.215973909420427, 2667977.270834312774241 ], [ 213865.412052325031254, 2667968.186410267371684 ], [ 213875.289166427741293, 2667960.403032624628395 ], [ 213881.632684034470003, 2667955.636642277706414 ], [ 213885.655654941219836, 2667953.54807190829888 ], [ 213896.79254482476972, 2667947.615223289001733 ], [ 213900.603216621326283, 2667945.844179910141975 ], [ 213933.616144060681108, 2667935.751193234231323 ], [ 213976.074207689322066, 2667932.777629567310214 ], [ 213979.431232760893181, 2667933.206320830155164 ], [ 213991.16265382891288, 2667934.582460428588092 ], [ 214009.47213671519421, 2667937.757739746943116 ], [ 214017.417835576925427, 2667939.152102380990982 ], [ 214022.857820872217417, 2667940.412397028878331 ], [ 214033.89233408193104, 2667944.306421163026243 ], [ 214063.8725472985534, 2667954.803692883811891 ], [ 214080.098048603453208, 2667960.02612895751372 ], [ 214095.18837704625912, 2667964.834603936877102 ], [ 214112.861872307781596, 2667970.464002114720643 ], [ 214122.690385779656935, 2667973.570415919646621 ], [ 214124.960890435788315, 2667974.397707934491336 ], [ 214136.375984449288808, 2667978.533915748819709 ], [ 214149.597255008586217, 2667985.197192810010165 ], [ 214167.860390733170789, 2667992.065542628988624 ], [ 214181.877760312694591, 2668000.839195399079472 ], [ 214185.909044160565827, 2668002.067049223463982 ], [ 214205.064657494658604, 2668011.169229676481336 ], [ 214222.559514617605601, 2668018.679567178711295 ], [ 214226.66930772253545, 2668020.656750965863466 ], [ 214230.019072194292676, 2668022.212205183226615 ], [ 214241.045968515682034, 2668028.672024925239384 ], [ 214264.420971827872563, 2668041.938873958773911 ], [ 214276.159012201882433, 2668048.008017070125788 ], [ 214298.532289654074702, 2668064.175081103574485 ], [ 214304.12469204707304, 2668068.185471998993307 ], [ 214313.271418985794298, 2668073.058640176896006 ], [ 214337.746857905818615, 2668089.49344572192058 ], [ 214354.012749813147821, 2668099.533304969780147 ], [ 214367.234982364578173, 2668107.698302943725139 ], [ 214377.418582487502135, 2668114.238740077242255 ], [ 214391.825914320361335, 2668123.6926857419312 ], [ 214410.960798157670069, 2668130.354402262251824 ], [ 214425.017562287743203, 2668123.420585236046463 ], [ 214427.121271631447598, 2668126.692161242943257 ], [ 214433.379316193750128, 2668125.2440150314942 ], [ 214440.16755499393912, 2668123.722065356560051 ], [ 214464.548772952635773, 2668125.515887128654867 ], [ 214479.685043930774555, 2668126.631316242739558 ], [ 214489.775537173787598, 2668127.354000998195261 ], [ 214492.847088839160278, 2668127.601188870146871 ], [ 214519.09226770431269, 2668125.85061037633568 ], [ 214528.278776845370885, 2668125.278531695716083 ], [ 214535.199873587000184, 2668125.568455955944955 ], [ 214547.382914033601992, 2668126.121351610403508 ], [ 214562.562959949485958, 2668126.359729080460966 ], [ 214587.946705889597069, 2668126.755274242255837 ], [ 214598.639123979141004, 2668124.899383684620261 ], [ 214638.821906154509634, 2668117.969651018735021 ], [ 214664.506715969066136, 2668116.356265344657004 ], [ 214691.566228370007593, 2668114.650894806720316 ], [ 214697.964188281737734, 2668113.88832850381732 ], [ 214707.888094967696816, 2668112.674645291175693 ], [ 214724.11577849497553, 2668110.700410852674395 ], [ 214747.833543347544037, 2668107.815094485413283 ], [ 214756.344256892974954, 2668107.820688583888113 ], [ 214759.473038987780455, 2668107.816269879695028 ], [ 214801.698747134651057, 2668107.163179722148925 ], [ 214805.995223168458324, 2668107.634447924792767 ], [ 214821.032954486378003, 2668107.062318792566657 ], [ 214829.224135554162785, 2668106.761977563146502 ], [ 214867.772006802610122, 2668105.311396148055792 ], [ 214883.861789837363176, 2668105.655403101816773 ], [ 214896.915215554472525, 2668105.939226870425045 ], [ 214921.172542935528327, 2668103.417857360094786 ], [ 214935.282802985806484, 2668098.985803577117622 ], [ 214948.401383770047687, 2668099.393409160897136 ], [ 214961.51299664832186, 2668096.547313930932432 ], [ 214979.729478025634307, 2668092.465500606689602 ], [ 214997.81347412453033, 2668086.571657720021904 ], [ 215010.941654133028351, 2668083.036798330955207 ], [ 215020.000883798638824, 2668080.902957710903138 ], [ 215048.57816739223199, 2668074.096384955570102 ], [ 215059.065508222731296, 2668071.431654366664588 ], [ 215081.252952886803541, 2668065.762943672481924 ], [ 215105.580139800906181, 2668057.733103876467794 ], [ 215125.72814964747522, 2668051.795298007782549 ], [ 215148.087722407071851, 2668043.93289150763303 ], [ 215150.882214524084702, 2668042.934278827626258 ], [ 215158.917699567740783, 2668036.81758679728955 ], [ 215171.214481831761077, 2668030.985094128642231 ], [ 215176.263119856943376, 2668027.122455676551908 ], [ 215189.071048022946343, 2668021.779582088813186 ], [ 215202.659036768600345, 2668013.41647734772414 ], [ 215208.84695208928315, 2668010.155276629608124 ], [ 215220.834158901707269, 2668003.015241824090481 ], [ 215228.188919399515726, 2667995.786751590203494 ], [ 215240.76459408539813, 2667985.442656487226486 ], [ 215255.124355396663304, 2667970.742730017285794 ], [ 215263.612006485520396, 2667962.363527534063905 ], [ 215278.442932661972009, 2667941.896311559248716 ], [ 215294.271281175082549, 2667915.400438847951591 ], [ 215310.025797384907492, 2667878.1429159399122 ], [ 215325.83876232575858, 2667852.398289568722248 ], [ 215327.591643623018172, 2667848.042971409391612 ], [ 215338.019027208501939, 2667822.100753359962255 ], [ 215340.239381541847251, 2667810.351279299706221 ], [ 215345.851088632363826, 2667794.774666101671755 ], [ 215350.186824225937016, 2667767.836314794141799 ], [ 215357.134792381315492, 2667718.189201089087874 ], [ 215368.818170362152159, 2667685.148834438063204 ], [ 215369.704217272403184, 2667682.689378714654595 ], [ 215372.126069238700438, 2667670.122157611884177 ], [ 215376.915443529898766, 2667645.364468129351735 ], [ 215379.384535275574308, 2667630.60594645794481 ], [ 215380.687225150526501, 2667622.755938878282905 ], [ 215380.817794225702528, 2667618.62301674624905 ], [ 215381.312021554098465, 2667600.778004667721689 ], [ 215385.125557430612389, 2667578.669237101916224 ], [ 215385.980207588814665, 2667564.508498379960656 ], [ 215385.800364224181976, 2667550.244816697202623 ], [ 215387.30876341968542, 2667544.70576979406178 ], [ 215388.479198722809087, 2667514.581243917346001 ], [ 215390.735156848619226, 2667505.959883508272469 ], [ 215391.92251981748268, 2667501.491500481963158 ], [ 215396.26174476504093, 2667484.941040758509189 ], [ 215400.183545790903736, 2667472.279046054463834 ], [ 215410.710340372577775, 2667461.228074222337455 ], [ 215422.04873208689969, 2667454.477339553646743 ], [ 215433.841126406739932, 2667448.468106334097683 ], [ 215439.911069654976018, 2667448.463345392607152 ], [ 215444.2283244964201, 2667448.43371036555618 ], [ 215447.795014792354777, 2667448.419943532440811 ], [ 215457.329359969880898, 2667448.028244657907635 ], [ 215465.492048694286495, 2667447.853587716817856 ], [ 215484.763560957682785, 2667452.134590907022357 ], [ 215501.047746857511811, 2667455.728668112773448 ], [ 215513.899995121115353, 2667459.771452018991113 ], [ 215564.552747794601601, 2667475.708817303180695 ], [ 215608.85099186951993, 2667485.649639891926199 ], [ 215638.423643550719135, 2667490.273503395728767 ], [ 215651.647236360004172, 2667489.740287284366786 ], [ 215665.651613579189871, 2667492.069013320840895 ], [ 215673.941570957598742, 2667493.456109417136759 ], [ 215687.058834517840296, 2667493.801299107726663 ], [ 215701.503435616148636, 2667493.304524127859622 ], [ 215711.989483979879878, 2667497.89868551492691 ], [ 215715.506883545895107, 2667498.511703153140843 ], [ 215723.168684138916433, 2667499.78709184192121 ], [ 215728.184396734868642, 2667500.242983397096395 ], [ 215730.754233978572302, 2667500.438268599100411 ], [ 215734.771335093129892, 2667499.539006049744785 ], [ 215738.590713925543241, 2667499.644864896312356 ], [ 215741.783302358700894, 2667499.701812169048935 ], [ 215751.717403562157415, 2667500.427884907927364 ], [ 215771.960628331347834, 2667501.872241639532149 ], [ 215785.988805237109773, 2667502.385585002135485 ], [ 215790.12220344657544, 2667502.547383040655404 ], [ 215801.26600639190292, 2667504.248778168577701 ], [ 215815.581953318382148, 2667506.508252210915089 ], [ 215844.374935798463412, 2667512.713240102399141 ], [ 215891.59810912742978, 2667517.522771038580686 ], [ 215951.752601000247523, 2667525.685004946775734 ], [ 215972.935151254525408, 2667531.552146370988339 ], [ 216004.506025117938407, 2667534.506141672376543 ], [ 216008.244776393170469, 2667535.239633756689727 ], [ 216015.677650763071142, 2667537.521131170447916 ], [ 216028.831920162367169, 2667541.057082768995315 ], [ 216042.307469227875117, 2667543.522066322155297 ], [ 216048.055840980785433, 2667544.588100272230804 ], [ 216052.325306549551897, 2667545.247628130484372 ], [ 216060.171790350519586, 2667546.393811259418726 ], [ 216070.357851991429925, 2667550.118385164067149 ], [ 216081.318815786915366, 2667549.133028759155422 ], [ 216109.770320834184531, 2667555.47036343999207 ], [ 216131.160534622904379, 2667554.950104732066393 ], [ 216136.533666459668893, 2667556.024198742583394 ], [ 216177.572950252855662, 2667545.259113289881498 ], [ 216210.669390893424861, 2667515.703334561083466 ], [ 216217.135812125401571, 2667509.369822707492858 ], [ 216220.864099810132757, 2667505.222633742261678 ], [ 216236.116237541253213, 2667489.815316641703248 ], [ 216241.927157867641654, 2667483.558603027369827 ], [ 216249.053328191046603, 2667475.896884843241423 ], [ 216258.058279819320887, 2667469.759397631045431 ], [ 216273.332061224326026, 2667458.294096766039729 ], [ 216277.581113716994878, 2667455.074331471230835 ], [ 216284.707541890093125, 2667450.353964614216238 ], [ 216288.166071755753364, 2667448.214844843372703 ], [ 216292.088329833815806, 2667445.815650620032102 ], [ 216295.574571925972123, 2667446.429318516980857 ], [ 216325.101930977078155, 2667451.867663482669741 ], [ 216337.751779397658538, 2667455.22638181084767 ], [ 216351.497162596613634, 2667463.004854660481215 ], [ 216366.393983948975801, 2667471.947495372034609 ], [ 216373.097936967795249, 2667501.59036417491734 ], [ 216372.659464288386516, 2667511.799918671604246 ], [ 216368.805806458345614, 2667527.651483132969588 ], [ 216368.911383357422892, 2667536.973412846680731 ], [ 216368.95233487378573, 2667540.351445060689002 ], [ 216365.168028759886511, 2667560.895128780510277 ], [ 216365.196550561930053, 2667572.471120006404817 ], [ 216361.416879612777848, 2667583.002321928739548 ], [ 216361.564768202253617, 2667595.764887100551277 ], [ 216362.750439105147962, 2667611.696436075493693 ], [ 216362.929554639616981, 2667624.458269441965967 ], [ 216362.041885401471518, 2667635.615862839389592 ], [ 216362.184857301064767, 2667646.68877026764676 ], [ 216365.334150554321241, 2667657.885316135361791 ], [ 216368.517093240225222, 2667670.645469957496971 ], [ 216369.698311532731168, 2667683.448331972584128 ], [ 216372.844121950503904, 2667693.01782009517774 ], [ 216376.272248515102547, 2667704.083118388894945 ], [ 216376.90462191880215, 2667707.323572740890086 ], [ 216381.439536014397163, 2667723.308534959796816 ], [ 216388.885366869042628, 2667746.678315645083785 ], [ 216393.868966661277227, 2667761.715143741574138 ], [ 216397.016194871801417, 2667771.347013002261519 ], [ 216400.16197958093835, 2667780.916725961025804 ], [ 216404.342525458836462, 2667790.589226327836514 ], [ 216412.603661087341607, 2667808.184054557234049 ], [ 216417.820510056859348, 2667820.963275423273444 ], [ 216429.8339924896718, 2667851.619196767918766 ], [ 216433.634270835435018, 2667856.668954194989055 ], [ 216499.25691677920986, 2667893.749741404782981 ], [ 216525.061473107431084, 2667918.228268483188003 ], [ 216535.568717024812941, 2667928.203289675526321 ], [ 216576.561643727647606, 2667940.154638641513884 ], [ 216611.898710384848528, 2667962.676966950763017 ], [ 216661.271868304116651, 2668025.573743249289691 ], [ 216682.362927666632459, 2668040.328580785542727 ], [ 216688.189096484158654, 2668049.402662093751132 ], [ 216694.338967457821127, 2668057.53121470939368 ], [ 216701.489660524413921, 2668065.63832515059039 ], [ 216717.646906750043854, 2668082.313483119476587 ], [ 216721.966866427450441, 2668086.789091719314456 ], [ 216733.222624941088725, 2668098.124853422865272 ], [ 216740.405548720620573, 2668107.732982785906643 ], [ 216752.628047378850169, 2668115.981963529251516 ], [ 216760.815707235247828, 2668125.756356868427247 ], [ 216777.145642527204473, 2668138.798339531291276 ], [ 216789.488554896728601, 2668148.296194407623261 ], [ 216799.55681153567275, 2668153.837789701297879 ], [ 216828.068396928953007, 2668183.452155410777777 ], [ 216866.469373102416284, 2668216.108718311414123 ], [ 216877.105563614692073, 2668218.947492293082178 ], [ 216888.083767405885737, 2668223.155422545503825 ], [ 216905.709955000784248, 2668226.595493014901876 ], [ 216934.962657887721434, 2668232.352260346990079 ], [ 216945.362363287364133, 2668234.382495514117181 ], [ 217003.75339955848176, 2668249.34041688637808 ], [ 217015.859313604712952, 2668252.147555395495147 ], [ 217040.163234361214563, 2668259.136639122385532 ], [ 217068.499341869843192, 2668264.475127094890922 ], [ 217098.87691060511861, 2668273.086354535073042 ], [ 217114.063574166502804, 2668276.578528985381126 ], [ 217125.207937393803149, 2668276.840734657365829 ], [ 217130.023498316993937, 2668278.17685243813321 ], [ 217137.358447079197504, 2668280.272704009898007 ], [ 217168.734280256438069, 2668287.298216798808426 ], [ 217192.999935476924293, 2668291.03417923534289 ], [ 217209.188999403500929, 2668294.567413620185107 ], [ 217234.519222630944569, 2668298.343175226356834 ], [ 217237.282189214718528, 2668298.784728062339127 ], [ 217239.668406292039435, 2668299.171682059764862 ], [ 217270.90077088563703, 2668303.885002444963902 ], [ 217282.63782524963608, 2668304.071833367459476 ], [ 217288.585284977569245, 2668304.194723704364151 ], [ 217305.240150953060947, 2668304.652031290344894 ], [ 217311.187713028513826, 2668304.775039781816304 ], [ 217318.354551535157952, 2668304.87198241148144 ], [ 217331.470393159601372, 2668305.154434350784868 ], [ 217354.632973278407007, 2668305.59745466709137 ], [ 217362.802261983742937, 2668305.73550439439714 ], [ 217386.067086769558955, 2668309.492962859105319 ], [ 217409.261071934073698, 2668309.935226145666093 ], [ 217422.403894500283059, 2668310.02956271590665 ], [ 217426.134983109717723, 2668310.387664863374084 ], [ 217447.637310418358538, 2668310.740934730507433 ], [ 217463.789355749322567, 2668311.083802806679159 ], [ 217488.395915297034662, 2668311.746153636369854 ], [ 217507.476409501570743, 2668312.964901606552303 ], [ 217537.546384163433686, 2668317.452758796047419 ], [ 217550.695611660717987, 2668319.298789558466524 ], [ 217567.797750348749105, 2668320.184491584543139 ], [ 217586.221106742450502, 2668322.856479945126921 ], [ 217600.225426168530248, 2668325.184972829651088 ], [ 217613.373090512817726, 2668326.968683949206024 ], [ 217633.596763077774085, 2668328.976339843124151 ], [ 217641.60239735909272, 2668330.24420865951106 ], [ 217676.321851842163596, 2668348.774784976616502 ], [ 217693.168902606819756, 2668356.736895420588553 ], [ 217738.049690904794261, 2668377.865855136886239 ], [ 217748.921814670378808, 2668382.952187604270875 ], [ 217777.722236175555736, 2668393.912476869300008 ], [ 217813.268733382865321, 2668407.231281385291368 ], [ 217834.748118453775533, 2668415.2820541607216 ], [ 217842.806440008920617, 2668417.550035361666232 ], [ 217892.163395984098315, 2668431.449554356280714 ], [ 217938.73899566946784, 2668446.972863003611565 ], [ 217987.106757960165851, 2668467.276214911136776 ], [ 218037.277477332856506, 2668487.040357882622629 ], [ 218056.742434399377089, 2668493.069116387981921 ], [ 218060.39563246932812, 2668494.179787377826869 ], [ 218071.639226686558686, 2668497.631221160758287 ], [ 218112.589415424328763, 2668506.141282050404698 ], [ 218121.075667755969334, 2668509.401438470929861 ], [ 218163.173019666341133, 2668523.268512753304094 ], [ 218197.635582140879706, 2668537.110986473970115 ], [ 218206.204415453888942, 2668541.307865148875862 ], [ 218235.516325786418747, 2668555.698759315069765 ], [ 218261.566722428891808, 2668572.66262688441202 ], [ 218263.7685668815393, 2668574.680492129642516 ], [ 218275.228434891731013, 2668582.382386683486402 ], [ 218292.660794484603684, 2668595.775972909294069 ], [ 218310.124442379863467, 2668609.168736553285271 ], [ 218339.454819345613942, 2668628.815861342474818 ], [ 218362.817101730732247, 2668645.899525118991733 ], [ 218370.920764394162688, 2668650.294120878912508 ], [ 218391.606896194280125, 2668663.680587195325643 ], [ 218398.577525536704343, 2668669.225774301681668 ], [ 218425.570106127706822, 2668690.737226121127605 ], [ 218432.413820818124805, 2668697.661968902684748 ], [ 218434.239301792520564, 2668699.625440659932792 ], [ 218436.3577739528846, 2668703.584772067144513 ], [ 218450.039744402572978, 2668725.94443110562861 ], [ 218462.060650761704892, 2668746.712587929796427 ], [ 218474.349476719158702, 2668775.609745597466826 ], [ 218483.084394402976613, 2668794.883794119115919 ], [ 218495.371913133189082, 2668823.718470709398389 ], [ 218498.218042195599992, 2668830.978931791614741 ], [ 218500.620789798849728, 2668846.759203313849866 ], [ 218524.197053348529153, 2668910.394614895340055 ], [ 218532.52682063129032, 2668954.582557039801031 ], [ 218536.5187625598046, 2668967.137311923317611 ], [ 218542.245999410981312, 2669015.44824496190995 ], [ 218544.212870500690769, 2669073.72653634659946 ], [ 218545.448583291319665, 2669110.995096756611019 ], [ 218548.502383983286563, 2669180.576451759319752 ], [ 218548.215178950107656, 2669193.473126564640552 ], [ 218547.870061893656384, 2669209.499893058557063 ], [ 218546.432065294648055, 2669235.875174310524017 ], [ 218541.39248593733646, 2669278.158668546471745 ], [ 218535.562751228397246, 2669317.143056989181787 ], [ 218533.837594598706346, 2669328.631256240885705 ], [ 218521.885195325128734, 2669371.000480317045003 ], [ 218510.074182405252941, 2669405.357118674088269 ], [ 218506.2818515234394, 2669418.203685274347663 ], [ 218499.920723571849521, 2669439.678137642331421 ], [ 218486.782783803180791, 2669482.197877715341747 ], [ 218476.761475757753942, 2669519.770191609859467 ], [ 218463.623402043886017, 2669562.289866272825748 ], [ 218455.442509307060391, 2669582.051402841694653 ], [ 218448.68879643746186, 2669598.340318967588246 ], [ 218433.557065674744081, 2669629.576565172988921 ], [ 218430.717860826349352, 2669634.330773212946951 ], [ 218422.837864098721184, 2669647.702899572439492 ], [ 218411.915725844562985, 2669659.262767214793712 ], [ 218396.319184505962767, 2669677.555938283912838 ], [ 218372.78502968052635, 2669699.210292703006417 ], [ 218342.846922395285219, 2669724.255737765226513 ], [ 218322.366808233840857, 2669740.963940985035151 ], [ 218314.167243929870892, 2669746.70873853052035 ], [ 218303.381016077764798, 2669754.386085755657405 ], [ 218289.207523059041705, 2669766.078323465771973 ], [ 218276.59435424359981, 2669776.110170355532318 ], [ 218263.93895774759585, 2669773.940731359180063 ], [ 218233.11188629938988, 2669780.858228933997452 ], [ 218228.366910588811152, 2669784.276478160638362 ], [ 218215.276948459388223, 2669792.503714733757079 ], [ 218201.993916668347083, 2669800.48504922632128 ], [ 218187.598608838568907, 2669809.115793675649911 ], [ 218179.953049138654023, 2669817.351622019894421 ], [ 218171.981503492686898, 2669823.529732631985098 ], [ 218159.18525838223286, 2669832.31387134315446 ], [ 218157.301233170670457, 2669834.919897966086864 ], [ 218146.00584188150242, 2669843.671912443358451 ], [ 218138.034630055131856, 2669849.850039083976299 ], [ 218123.029332736972719, 2669860.683913622517139 ], [ 218113.090768233232666, 2669869.970097723882645 ], [ 218100.121929063287098, 2669882.387479256372899 ], [ 218091.154814208450262, 2669890.276305661536753 ], [ 218074.214601492625661, 2669905.71972138248384 ], [ 218061.276846999011468, 2669918.136531309690326 ], [ 218052.340494106989354, 2669927.464004228357226 ], [ 218044.377534426865168, 2669936.958213320467621 ], [ 218036.410770098911598, 2669946.264841098338366 ], [ 218027.44352734729182, 2669954.153719636145979 ], [ 218023.683890639280435, 2669958.3015290601179 ], [ 218020.505066358251497, 2669961.811337828170508 ], [ 218009.57166315370705, 2669974.310453082900494 ], [ 218000.601768211694434, 2669982.074038141872734 ], [ 217992.632673643063754, 2669989.816482593305409 ], [ 217983.661456186207943, 2669997.517478809226304 ], [ 217975.695157428272069, 2670005.38480324158445 ], [ 217967.691138348309323, 2670011.501067304052413 ], [ 217960.758946121728513, 2670020.910632808227092 ], [ 217952.975823176151607, 2670025.645379359368235 ], [ 217950.752337691781577, 2670027.007043285761029 ], [ 217940.785260265285615, 2670036.419197259936482 ], [ 217931.847205255238805, 2670045.68383822357282 ], [ 217920.909169390099123, 2670056.493391504045576 ], [ 217910.940691219992004, 2670065.84308191947639 ], [ 217906.809782465337776, 2670070.18650124873966 ], [ 217901.974443963903468, 2670075.233671952970326 ], [ 217892.00330557016423, 2670084.45806442713365 ], [ 217885.069005896861199, 2670092.303457008674741 ], [ 217873.099976534023881, 2670103.197659965604544 ], [ 217865.199095209012739, 2670114.129884417634457 ], [ 217850.229593840776943, 2670128.092034440021962 ], [ 217835.876629155769479, 2670140.163475508335978 ], [ 217834.108198562753387, 2670142.328980961348861 ], [ 217818.287577485025395, 2670155.996336292009801 ], [ 217803.310863044986036, 2670166.704684440977871 ], [ 217795.706292745948303, 2670173.93857317045331 ], [ 217790.371929213230032, 2670179.058862721547484 ], [ 217779.366628621879499, 2670186.741023582406342 ], [ 217764.429642318107653, 2670200.765046005602926 ], [ 217748.458009356283583, 2670214.686001184396446 ], [ 217739.486656846594997, 2670222.387188143096864 ], [ 217731.588265737693291, 2670234.883834456093609 ], [ 217709.751263320969883, 2670259.818641957361251 ], [ 217699.784871229203418, 2670270.732406885828823 ], [ 217692.85066918830853, 2670278.577916096895933 ], [ 217686.675277421425562, 2670285.343151316978037 ], [ 217680.569769806053955, 2670295.361013736575842 ], [ 217670.512769304681569, 2670309.342837268486619 ], [ 217653.679969100805465, 2670332.73155178502202 ], [ 217650.465866755694151, 2670336.054169172886759 ], [ 217653.358163787634112, 2670339.621722663752735 ], [ 217637.336150345858186, 2670349.726502193603665 ], [ 217631.154011218575761, 2670356.17931541102007 ], [ 217630.765629500849172, 2670367.263468003831804 ], [ 217630.339199927111622, 2670382.415999964810908 ], [ 217628.300042004324496, 2670393.848468652926385 ], [ 217626.228697172133252, 2670399.399504468776286 ], [ 217623.170300102152396, 2670421.679456556681544 ], [ 217615.559385389380623, 2670431.541768422350287 ], [ 217603.698066712240689, 2670446.000501878093928 ], [ 217601.259006871259771, 2670448.993846691679209 ], [ 217593.357332357554697, 2670467.18496766127646 ], [ 217582.293333436711691, 2670492.577450124546885 ], [ 217576.765775745967403, 2670501.83204307127744 ], [ 217562.292811692517716, 2670522.917161101941019 ], [ 217559.823201204708312, 2670524.471778452396393 ], [ 217554.871952430868987, 2670529.959467715583742 ], [ 217548.254286353243515, 2670537.985793533734977 ], [ 217541.911397458461579, 2670545.693308966699988 ], [ 217536.468691578600556, 2670553.068719856906682 ], [ 217524.128118309658021, 2670556.837243970949203 ], [ 217510.223934665205888, 2670560.639129348099232 ], [ 217507.472451068926603, 2670579.721328063867986 ], [ 217505.732661974790972, 2670581.76106282370165 ], [ 217502.955998486781027, 2670586.513614563737065 ], [ 217496.254291717894375, 2670597.920800643973053 ], [ 217485.097062107292004, 2670608.735134237445891 ], [ 217470.334441542217974, 2670626.510034336242825 ], [ 217462.260191106586717, 2670639.573703743517399 ], [ 217453.948257230920717, 2670656.146627129521221 ], [ 217440.879147745727096, 2670675.574827683158219 ], [ 217420.816097762610298, 2670681.073071007616818 ], [ 217418.248969106702134, 2670681.002977217081934 ], [ 217414.524796952668112, 2670680.957511273678392 ], [ 217402.267635868280195, 2670678.4042401262559 ], [ 217399.282057219999842, 2670677.77979698870331 ], [ 217382.710660799406469, 2670675.381232584360987 ], [ 217366.808159762469586, 2670676.472722431179136 ], [ 217351.590077993576415, 2670677.361870881170034 ], [ 217335.117661470721941, 2670683.972247588448226 ], [ 217317.125690972607117, 2670692.680220442358404 ], [ 217300.027076657279395, 2670697.802096998784691 ], [ 217289.635530418134294, 2670712.229427429847419 ], [ 217293.549568871618249, 2670747.438600137364119 ], [ 217290.827076528628822, 2670773.716379169840366 ], [ 217288.365196882979944, 2670797.548136549070477 ], [ 217287.744560824765358, 2670803.631324991583824 ], [ 217290.545509024057537, 2670833.607904203236103 ], [ 217289.445246103394311, 2670850.90247495053336 ], [ 217276.336965782102197, 2670869.955996591597795 ], [ 217270.741130208829418, 2670876.020715149119496 ], [ 217255.728608879901003, 2670892.361744926311076 ], [ 217239.554352711013053, 2670909.979105164762586 ], [ 217227.232299604453146, 2670923.384049099870026 ], [ 217223.625225274183322, 2670927.341105625964701 ], [ 217213.538888388429768, 2670969.170383674092591 ], [ 217207.145465850248002, 2670994.963459424674511 ], [ 217199.219834875548258, 2671032.491207625716925 ], [ 217193.059400477679446, 2671060.407046298962086 ], [ 217188.323556136863772, 2671081.784430734347552 ], [ 217187.267070060072001, 2671086.500346990302205 ], [ 217184.071059264766518, 2671100.898695410694927 ], [ 217178.496502673777286, 2671121.104913550429046 ], [ 217177.68261171359336, 2671124.001001682598144 ], [ 217177.362541820446495, 2671138.275263304822147 ], [ 217172.371577144949697, 2671153.588187317829579 ], [ 217173.158233555324841, 2671164.021557383239269 ], [ 217173.70807973301271, 2671166.325119656976312 ], [ 217178.721686898206826, 2671187.118185188621283 ], [ 217177.811843036673963, 2671195.773134402930737 ], [ 217177.490542994404677, 2671209.984904265031219 ], [ 217174.211090261116624, 2671226.324965393636376 ], [ 217164.922604406310711, 2671252.806002157740295 ], [ 217171.833805116126314, 2671278.939993788488209 ], [ 217171.987817879999056, 2671286.133016378618777 ], [ 217174.196877370704897, 2671308.92595297889784 ], [ 217179.495963462046348, 2671329.9005649802275 ], [ 217178.865564681997057, 2671332.604901792947203 ], [ 217177.14450102718547, 2671339.900692671537399 ], [ 217178.044296970649157, 2671354.148835903499275 ], [ 217177.855252796842251, 2671362.850875346921384 ], [ 217177.054022001859266, 2671367.811463612597436 ], [ 217176.586125044443179, 2671385.405656935181469 ], [ 217180.0704930605134, 2671391.776195208542049 ], [ 217192.73858576483326, 2671414.971083317883313 ], [ 217208.445697297982406, 2671436.911663196515292 ], [ 217212.013198448519688, 2671447.160424458794296 ], [ 217220.068755026732106, 2671466.824489206075668 ], [ 217223.195646319887601, 2671472.577180542983115 ], [ 217230.850365436577704, 2671486.680476983543485 ], [ 217240.102343259844929, 2671506.694443852175027 ], [ 217241.349687550158706, 2671509.421108928043395 ], [ 217256.48735651030438, 2671548.582374674268067 ], [ 217258.295978391426615, 2671552.67361300624907 ], [ 217274.269768216705415, 2671600.202194886747748 ], [ 217286.209766872983892, 2671659.518912948668003 ], [ 217294.50741910294164, 2671678.802418076898903 ], [ 217299.786435191810597, 2671690.07821937603876 ], [ 217305.001966447802261, 2671699.85352720040828 ], [ 217311.387520399992354, 2671716.049133328720927 ], [ 217315.482066396914888, 2671727.53801428200677 ], [ 217316.369359106465708, 2671729.521511040627956 ], [ 217321.851974346558563, 2671741.543707156088203 ], [ 217372.583911341382191, 2671821.054909200873226 ], [ 217391.262636878178455, 2671867.774635871406645 ], [ 217394.799228257616051, 2671876.584686050191522 ], [ 217409.935711179743521, 2671928.824451775755733 ], [ 217418.290449799154885, 2671991.659636913798749 ], [ 217422.722052575962152, 2672112.336536730173975 ], [ 217430.43718844774412, 2672129.254644867032766 ], [ 217430.828530851576943, 2672134.377536870539188 ], [ 217434.04628949839389, 2672145.822435352019966 ], [ 217433.262659292842727, 2672160.357068069744855 ], [ 217436.51649593852926, 2672173.490890729241073 ], [ 217440.060526744753588, 2672206.017062620725483 ], [ 217443.418968502781354, 2672224.029622879810631 ], [ 217445.674028474953957, 2672238.749215824063867 ], [ 217448.999068199191242, 2672255.198056215886027 ], [ 217450.290611934033222, 2672273.12984175933525 ], [ 217452.884881090663839, 2672286.152503901626915 ], [ 217453.056982778594829, 2672288.339090167079121 ], [ 217453.819192264578305, 2672299.085866251494735 ], [ 217460.220749166503083, 2672324.792629492934793 ], [ 217460.312657521280926, 2672330.547753491904587 ], [ 217461.6021121792146, 2672346.914864755235612 ], [ 217462.970977427437901, 2672369.913704795762897 ], [ 217466.298163529485464, 2672387.926887065637857 ], [ 217468.631970873917453, 2672407.776024411432445 ], [ 217472.098702975199558, 2672432.294262748677284 ], [ 217473.519297303573694, 2672441.650247562211007 ], [ 217474.158670178265311, 2672471.485320746898651 ], [ 217478.261828291288111, 2672565.136393694207072 ], [ 217479.153260012506507, 2672606.730436077341437 ], [ 217481.463558502669912, 2672641.535853481385857 ], [ 217482.199822660302743, 2672652.533439219929278 ], [ 217482.976755493960809, 2672672.72907879576087 ], [ 217482.126080672023818, 2672684.136058440897614 ], [ 217482.34784739126917, 2672697.397493176627904 ], [ 217480.937469012045767, 2672703.122042637784034 ], [ 217477.571943990886211, 2672716.898332186508924 ], [ 217476.621757570072077, 2672729.496567825321108 ], [ 217474.915116101736203, 2672743.299881504382938 ], [ 217472.475782837078441, 2672756.493125002831221 ], [ 217473.456910537788644, 2672767.23522367188707 ], [ 217473.677522473502904, 2672774.614474344532937 ], [ 217473.145076886343304, 2672781.884643881581724 ], [ 217472.702409179182723, 2672797.726051814854145 ], [ 217475.25666129286401, 2672830.773916480597109 ], [ 217482.515814871876501, 2672841.006021384615451 ], [ 217484.479089203174226, 2672846.470695240423083 ], [ 217486.739620000356808, 2672852.679789076559246 ], [ 217494.032250921416562, 2672864.475506311282516 ], [ 217501.161673622613307, 2672875.961878718342632 ], [ 217501.163548958371393, 2672878.965463494416326 ], [ 217503.478233175701462, 2672886.237282231915742 ], [ 217512.502563013986219, 2672899.998405315447599 ], [ 217515.388357166841161, 2672903.253093410748988 ], [ 217520.099106425070204, 2672909.910236273892224 ], [ 217531.535931862716097, 2672926.748457168228924 ], [ 217547.088335940148681, 2672948.754783791024238 ], [ 217555.04451514565153, 2672960.849268934689462 ], [ 217563.669272881234065, 2672969.112024422269315 ], [ 217569.863852303824387, 2672979.304554369766265 ], [ 217575.683960466703866, 2672986.62626884970814 ], [ 217583.336129063041881, 2672996.224098404403776 ], [ 217602.896976104413625, 2673018.394854457117617 ], [ 217608.662275308684912, 2673027.532675070222467 ], [ 217610.472835043619853, 2673028.807937306817621 ], [ 217624.358531309175305, 2673046.031336080282927 ], [ 217638.654413176991511, 2673064.873502180911601 ], [ 217647.546430311631411, 2673075.383400129619986 ], [ 217661.142966999323107, 2673090.798333852551877 ], [ 217666.800721652980428, 2673099.312685780227184 ], [ 217672.718292503559496, 2673108.259394641034305 ], [ 217686.222938266815618, 2673135.440905558411032 ], [ 217701.242733515042346, 2673155.956723403651267 ], [ 217725.013159010442905, 2673192.05409709783271 ], [ 217735.684826867305674, 2673208.220257041044533 ], [ 217750.67628722632071, 2673237.622490050271153 ], [ 217755.622010808438063, 2673249.405903270933777 ], [ 217762.79588226886699, 2673262.956337290350348 ], [ 217770.999453302007169, 2673274.92018463416025 ], [ 217778.249213965493254, 2673293.47507165139541 ], [ 217783.408959558350034, 2673303.564383286051452 ], [ 217787.60554382414557, 2673315.426516364328563 ], [ 217798.895069094724022, 2673334.144776660017669 ], [ 217806.066610181762371, 2673346.130889088381082 ], [ 217815.310912742221262, 2673361.388976294547319 ], [ 217823.552901819581166, 2673376.606100047938526 ], [ 217832.762693479773588, 2673388.798856829293072 ], [ 217844.07704349712003, 2673405.764492925722152 ], [ 217857.432010907912627, 2673424.50144061865285 ], [ 217873.796594771381933, 2673444.988263592589647 ], [ 217879.99476721638348, 2673456.80737789394334 ], [ 217894.351731302042026, 2673475.585437775589526 ], [ 217904.599393874814268, 2673490.947032465599477 ], [ 217916.950885158614255, 2673509.580330985132605 ], [ 217924.10990497196326, 2673518.062201219145209 ], [ 217941.571971232828218, 2673538.650904897600412 ], [ 217946.731730712403078, 2673548.740143498405814 ], [ 217958.007860936806537, 2673562.452806050423533 ], [ 217966.198785330110695, 2673570.912784377112985 ], [ 217974.828145095030777, 2673582.304279671050608 ], [ 218004.561570810677949, 2673607.573371346108615 ], [ 218028.214348111476284, 2673627.966563688125461 ], [ 218036.519913514435757, 2673635.923273573629558 ], [ 218043.951024136738852, 2673648.34161164984107 ], [ 218047.746879471989814, 2673654.643242811784148 ], [ 218071.05609195062425, 2673682.365055267699063 ], [ 218075.879940412356518, 2673688.456762146670371 ], [ 218080.029103042499628, 2673695.188462637830526 ], [ 218086.341703055077232, 2673715.265215004328638 ], [ 218089.751591147913132, 2673729.834906324744225 ], [ 218093.766710513271391, 2673743.452952015213668 ], [ 218096.684325233858544, 2673758.408506147097796 ], [ 218102.342435578641016, 2673780.063501977361739 ], [ 218104.088096539722756, 2673794.356039692647755 ], [ 218104.356531514669769, 2673796.665638494305313 ], [ 218107.791015952185262, 2673806.541487263515592 ], [ 218107.882666368153878, 2673818.11604689154774 ], [ 218113.177843698882498, 2673834.522668978199363 ], [ 218115.374793286144268, 2673849.431213333737105 ], [ 218115.567423649539705, 2673864.25756238726899 ], [ 218114.937440016015898, 2673888.863368418999016 ], [ 218113.056301732605789, 2673900.355219915974885 ], [ 218113.437501294305548, 2673916.679027417674661 ], [ 218112.376668010489084, 2673927.026974065229297 ], [ 218111.725785754562821, 2673934.612587294541299 ], [ 218110.670204840134829, 2673949.590937540400773 ], [ 218108.822626072680578, 2673962.646283354610205 ], [ 218109.118597221036907, 2673982.28875696985051 ], [ 218105.311552399885841, 2674000.267079134471714 ], [ 218105.536412492103409, 2674016.594321665819734 ], [ 218104.800385661364999, 2674036.259143223520368 ], [ 218105.023020668362733, 2674051.022162744309753 ], [ 218104.451332035299856, 2674062.298288735561073 ], [ 218104.324226421187632, 2674073.877522425726056 ], [ 218106.541216457029805, 2674085.343881012871861 ], [ 218107.837016005069017, 2674103.463009492494166 ], [ 218107.09206284530228, 2674121.250711386092007 ], [ 218107.28126216318924, 2674134.450127108953893 ], [ 218106.500423471909016, 2674149.109340317547321 ], [ 218106.736943844822235, 2674163.058804391417652 ], [ 218106.899759385560174, 2674173.568052009679377 ], [ 218106.155168174242135, 2674189.916405033320189 ], [ 218106.376684050017502, 2674204.616931852418929 ], [ 218107.70191473455634, 2674224.112083204090595 ], [ 218107.918312849127688, 2674237.123297788202763 ], [ 218109.836986241745763, 2674255.104044680949301 ], [ 218109.67356612108415, 2674260.614147951826453 ], [ 218110.532407684077043, 2674271.484035188797861 ], [ 218110.820825524220709, 2674289.31199475331232 ], [ 218110.071535282128025, 2674303.970807507168502 ], [ 218110.263579343853053, 2674315.856082056183368 ], [ 218110.397427617572248, 2674323.549845735076815 ], [ 218109.871749988466036, 2674339.893639676272869 ], [ 218115.222036347782705, 2674354.484265191946179 ], [ 218114.440445440181065, 2674367.641968458425254 ], [ 218113.983074337011203, 2674401.755571649875492 ], [ 218115.303737109876238, 2674418.122057252563536 ], [ 218116.838535610528197, 2674447.374658978078514 ], [ 218120.337448472389951, 2674473.393821810372174 ], [ 218123.622727805690374, 2674486.526858772616833 ], [ 218122.874256210576277, 2674502.687409269623458 ], [ 218126.261422278708778, 2674520.574081768281758 ], [ 218126.516409218369517, 2674536.838328136596829 ], [ 218125.697061698068865, 2674548.244739678222686 ], [ 218127.427590926119592, 2674554.527687481604517 ], [ 218126.850583898252808, 2674561.173194019589573 ], [ 218130.340075768355746, 2674582.374038358218968 ], [ 218132.820050529844593, 2674597.339157122652978 ], [ 218136.045818042417523, 2674617.919834406115115 ], [ 218136.4183429054101, 2674627.986639169976115 ], [ 218137.189504869340453, 2674663.951412415131927 ], [ 218138.352549319912214, 2674718.179612490348518 ], [ 218139.10782960645156, 2674753.393717451021075 ], [ 218147.68628659285605, 2674813.470011821482331 ], [ 218148.383836954075377, 2674818.273577387910336 ], [ 218147.871165224700235, 2674827.921312572900206 ], [ 218148.122383998590522, 2674842.558628938160837 ], [ 218144.230902722978499, 2674852.216173911001533 ], [ 218144.482229954272043, 2674866.853488933295012 ], [ 218140.590558824420441, 2674876.511150912381709 ], [ 218137.809351854433771, 2674892.715348075143993 ], [ 218133.952690161939245, 2674903.99910614779219 ], [ 218129.101022862072568, 2674918.495651751756668 ], [ 218128.351633804384619, 2674933.154479617252946 ], [ 218126.529129104514141, 2674944.457201569806784 ], [ 218126.245973506825976, 2674950.220198392868042 ], [ 218125.956108449201565, 2674955.670518797356635 ], [ 218126.992020052799489, 2674970.416313895490021 ], [ 218126.206401854171418, 2674983.386335599701852 ], [ 218126.492662386677694, 2674999.649859994649887 ], [ 218130.778718231536914, 2675012.761380738578737 ], [ 218136.133056472579483, 2675027.539688838645816 ], [ 218145.519044389482588, 2675042.106241109315306 ], [ 218151.907542440574616, 2675058.426648789085448 ], [ 218159.185105630196631, 2675066.593163404613733 ], [ 218163.742861405364238, 2675076.31980519881472 ], [ 218167.197676955605857, 2675081.314325841609389 ], [ 218172.275805146084167, 2675087.588193015661091 ], [ 218180.846415218664333, 2675100.607881042174995 ], [ 218185.18069182022009, 2675107.210420726798475 ], [ 218192.921010652731638, 2675117.995281892362982 ], [ 218199.53196643962292, 2675127.177195605821908 ], [ 218200.909708891180344, 2675130.151271910406649 ], [ 218208.261566100467462, 2675140.318666512612253 ], [ 218221.754637364472728, 2675156.736979465931654 ], [ 218229.034451787825674, 2675166.467854942195117 ], [ 218242.489108045061585, 2675179.632817721925676 ], [ 218251.169341999746393, 2675189.020908907055855 ], [ 218259.100122846604791, 2675195.546394075267017 ], [ 218267.872381430468522, 2675201.92872390570119 ], [ 218277.972661094914656, 2675210.409993205685169 ], [ 218294.157396493188571, 2675223.954725064802915 ], [ 218298.553569070412777, 2675227.614857679232955 ], [ 218308.519286073802505, 2675235.661300444509834 ], [ 218321.751368642027956, 2675247.204282320570201 ], [ 218336.389432816242334, 2675258.654449492692947 ], [ 218344.63427623489406, 2675265.235822555143386 ], [ 218363.158697476494126, 2675279.919194379355758 ], [ 218372.474335973791312, 2675288.292253940366209 ], [ 218385.860182465461548, 2675299.706647532526404 ], [ 218399.279802133678459, 2675311.245749494060874 ], [ 218414.043954628345091, 2675324.195010833907872 ], [ 218423.592013900808524, 2675333.188776907045394 ], [ 218437.467304260993842, 2675344.092262967955321 ], [ 218453.955441547557712, 2675357.192289313767105 ], [ 218462.205065179383382, 2675365.463035036344081 ], [ 218478.765566638496239, 2675381.940806649625301 ], [ 218490.148483782017138, 2675393.335548390168697 ], [ 218499.460152603278402, 2675401.520979234483093 ], [ 218506.706438475695904, 2675409.688028478994966 ], [ 218526.337829180469271, 2675429.291178624145687 ], [ 218530.740209482726641, 2675434.703396296594292 ], [ 218535.689199145068415, 2675440.792257002554834 ], [ 218547.109190605639014, 2675455.377679882571101 ], [ 218558.494882700208109, 2675466.897665379568934 ], [ 218566.879220952047035, 2675479.983840950299054 ], [ 218571.442142325162422, 2675485.580329355318099 ], [ 218594.897031743719708, 2675514.237465161830187 ], [ 218591.036990023218095, 2675518.074823094531894 ], [ 218598.003606594807934, 2675524.87128757731989 ], [ 218614.472647210408468, 2675542.915255561936647 ], [ 218634.515409167157486, 2675564.198894890956581 ], [ 218664.950129194825422, 2675591.517320640850812 ], [ 218670.819658069754951, 2675596.772935383953154 ], [ 218674.212551306001842, 2675600.329432491213083 ], [ 218677.47484839259414, 2675603.638668373227119 ], [ 218709.941871296672616, 2675636.73292740713805 ], [ 218719.057378239929676, 2675645.986478857696056 ], [ 218721.326151604182087, 2675648.190301883034408 ], [ 218729.726844040676951, 2675656.207442088983953 ], [ 218736.728368579526432, 2675664.630159933585674 ], [ 218742.975147666817065, 2675672.881267083343118 ], [ 218751.188653673685621, 2675679.463226868305355 ], [ 218756.467736703285482, 2675690.738648469559848 ], [ 218764.780969034298323, 2675700.509904725011438 ], [ 218772.028703632589895, 2675708.739544666837901 ], [ 218779.341974519367795, 2675720.033898153342307 ], [ 218793.901896631228738, 2675738.056178477592766 ], [ 218803.287902261188719, 2675752.622598631773144 ], [ 218814.710675309004728, 2675767.333159393165261 ], [ 218821.990600965102203, 2675777.063925832044333 ], [ 218828.268094646511599, 2675786.753568759188056 ], [ 218839.693697165697813, 2675801.589122467674315 ], [ 218845.972713279130403, 2675811.341368800029159 ], [ 218854.390498234075494, 2675825.991153323091567 ], [ 218859.471655306930188, 2675830.95072975801304 ], [ 218862.636114592372905, 2675834.074271190911531 ], [ 218867.916709595534485, 2675845.412317361216992 ], [ 218874.200745440379251, 2675856.8538798536174 ], [ 218880.479920297220815, 2675866.606133285909891 ], [ 218882.345643660693895, 2675870.445727599784732 ], [ 218886.798659789841622, 2675879.673902320675552 ], [ 218897.214192833402194, 2675894.093073706142604 ], [ 218903.553479535738006, 2675902.279772266745567 ], [ 218909.276159414905123, 2675912.356851108372211 ], [ 218921.272289354761597, 2675933.375024620443583 ], [ 218931.582158661622088, 2675941.413781622424722 ], [ 218940.972025454975665, 2675956.167850031517446 ], [ 218954.8197405001265, 2675974.518254824914038 ], [ 218962.846370317041874, 2675986.986165758222342 ], [ 218971.160947022086475, 2675996.820110487751663 ], [ 218977.408687832881697, 2676006.572793448343873 ], [ 218986.788782223418821, 2676017.948042542673647 ], [ 218995.538145752274431, 2676029.086480016354471 ], [ 218996.678253626218066, 2676031.189623187761754 ], [ 219014.805281194043346, 2676052.138782943598926 ], [ 219021.049474684405141, 2676060.264882939402014 ], [ 219031.366913020960055, 2676070.11798596708104 ], [ 219037.609648192068562, 2676078.181492165662348 ], [ 219047.806871844222769, 2676089.72683070320636 ], [ 219057.340824089944363, 2676100.973593549802899 ], [ 219072.83260563435033, 2676117.223843685351312 ], [ 219081.145686665200628, 2676126.994794480968267 ], [ 219088.428244173934218, 2676136.850640683900565 ], [ 219096.674062067933846, 2676144.93374544242397 ], [ 219107.094557205098681, 2676159.602997757960111 ], [ 219123.688279843365308, 2676179.083389453124255 ], [ 219131.032979652518407, 2676190.377247447147965 ], [ 219141.458642543642782, 2676206.735819587018341 ], [ 219147.807702373480424, 2676219.74043659446761 ], [ 219162.44055799691705, 2676244.081099917646497 ], [ 219172.860092307382729, 2676258.687887531239539 ], [ 219181.41949909646064, 2676277.026617712341249 ], [ 219188.598399074515328, 2676287.88571008387953 ], [ 219198.085592846327927, 2676305.703860932961106 ], [ 219206.439951681648381, 2676318.853187500499189 ], [ 219211.682966039981693, 2676328.439915470313281 ], [ 219215.538132440997288, 2676336.053975692484528 ], [ 219220.767424345016479, 2676346.454364699777216 ], [ 219226.486801304388791, 2676359.284786472562701 ], [ 219239.218198637128808, 2676386.857558221090585 ], [ 219245.537938644352835, 2676401.427039455622435 ], [ 219254.364812080748379, 2676422.012676589656621 ], [ 219255.222254979365971, 2676424.05923604266718 ], [ 219266.663093783543445, 2676446.904125135391951 ], [ 219271.974999904690776, 2676458.241313978098333 ], [ 219281.46568142256001, 2676477.686426228377968 ], [ 219283.814020712627098, 2676482.141353531740606 ], [ 219290.922887323715258, 2676495.567613709717989 ], [ 219299.274594382790383, 2676508.591882123146206 ], [ 219313.869195033388678, 2676529.679630064405501 ], [ 219324.283471892704256, 2676542.596749125048518 ], [ 219333.012409091577865, 2676558.616502221673727 ], [ 219339.460879180114716, 2676570.42994143627584 ], [ 219342.481186861346941, 2676574.119617240969092 ], [ 219347.428731908090413, 2676580.145749236922711 ], [ 219355.679138069972396, 2676591.357384231407195 ], [ 219368.132630924868863, 2676605.983156088273972 ], [ 219379.241751017572824, 2676619.198494280222803 ], [ 219384.955877846630756, 2676625.959139307960868 ], [ 219390.413257807202172, 2676632.412273724097759 ], [ 219393.224504688056186, 2676635.105482782702893 ], [ 219399.993918769876473, 2676641.467962278984487 ], [ 219422.605681310058571, 2676665.825074177701026 ], [ 219453.532733466825448, 2676692.756944658234715 ], [ 219484.695925340754911, 2676730.697176279965788 ], [ 219510.561331045813859, 2676775.446490836329758 ], [ 219517.385049189673737, 2676787.25190821941942 ], [ 219522.844486734713428, 2676796.708737901411951 ], [ 219543.662122546695173, 2676827.862464555073529 ], [ 219557.467249283392448, 2676847.152101998683065 ], [ 219565.402115891920403, 2676858.245354720856994 ], [ 219567.852815512742382, 2676861.634394529275596 ], [ 219572.055803849361837, 2676870.867976620793343 ], [ 219580.081751740013715, 2676886.214248976670206 ], [ 219582.234391151112504, 2676890.298193287104368 ], [ 219591.133516873349436, 2676905.500530022196472 ], [ 219596.263249162759166, 2676917.092015508562326 ], [ 219602.180427363200579, 2676927.477691798470914 ], [ 219602.919457381067332, 2676929.839630518108606 ], [ 219624.854343853774481, 2676998.451960260048509 ], [ 219658.228327157499734, 2677081.085668731015176 ], [ 219680.669984471751377, 2677141.23926665307954 ], [ 219682.663096950331237, 2677146.640555162914097 ], [ 219692.835810785996728, 2677168.698972460348159 ], [ 219697.366203837853391, 2677178.613687017932534 ], [ 219712.789546149026137, 2677212.073126999661326 ], [ 219730.339690642198548, 2677245.48715744772926 ], [ 219736.999534833710641, 2677264.241904446855187 ], [ 219740.593256681982893, 2677274.239185166545212 ], [ 219747.556580927572213, 2677292.549549669027328 ], [ 219752.450105947093107, 2677307.712740429211408 ], [ 219758.929696605540812, 2677320.964572846423835 ], [ 219769.584115760284476, 2677336.317219324409962 ], [ 219775.154230650572572, 2677348.024306144099683 ], [ 219779.531937135267071, 2677359.569151964969933 ], [ 219788.587923420185689, 2677373.329246913082898 ], [ 219789.8164965302567, 2677375.18006287002936 ], [ 219797.790734938171227, 2677382.267436109948903 ], [ 219804.782359971548431, 2677396.071717359125614 ], [ 219812.491544974443968, 2677402.476641894318163 ], [ 219863.832932305464055, 2677424.277054152917117 ], [ 219898.604984305275138, 2677437.922966572921723 ], [ 219933.253169900504872, 2677445.814418491907418 ], [ 219944.568239287065808, 2677451.140685703139752 ], [ 219946.717768963251729, 2677452.158298281952739 ], [ 219959.865243171341717, 2677455.380275454372168 ], [ 219976.28225846006535, 2677459.345615674741566 ], [ 219979.357803315331694, 2677459.780099430587143 ], [ 219996.403171488374937, 2677463.856993072200567 ], [ 220002.760582507995423, 2677465.597800808027387 ], [ 220008.537647408491466, 2677466.537560026627034 ], [ 220019.02317505213432, 2677468.189755004830658 ], [ 220034.966881263826508, 2677473.416603022255003 ], [ 220054.391531113826204, 2677477.567574492655694 ], [ 220060.049009678361472, 2677478.760222281329334 ], [ 220062.950270144967362, 2677479.8243253743276 ], [ 220070.013322737650014, 2677482.363411113154143 ], [ 220095.864177458803169, 2677485.625442899297923 ], [ 220110.830676881654654, 2677489.058762000873685 ], [ 220126.403766073577572, 2677491.602797060739249 ], [ 220128.237858170061372, 2677492.502063271123916 ], [ 220141.532516136590857, 2677493.843689112924039 ], [ 220153.241168074076995, 2677497.096415702719241 ], [ 220166.07445126096718, 2677500.262693018652499 ], [ 220185.127539614855777, 2677501.668316278140992 ], [ 220195.12597289448604, 2677503.956622572615743 ], [ 220205.187012314097956, 2677506.243590792175382 ], [ 220211.521679159835912, 2677506.920931464526802 ], [ 220218.232936818036251, 2677507.652926457114518 ], [ 220236.22982580633834, 2677512.335287804715335 ], [ 220249.256027719296981, 2677515.747568778693676 ], [ 220265.367179792723618, 2677520.032278736587614 ], [ 220285.48683513503056, 2677524.481219433248043 ], [ 220307.706586710526608, 2677530.574544557835907 ], [ 220323.860480431874748, 2677536.860670154448599 ], [ 220341.050289368140511, 2677544.751616548281163 ], [ 220352.919035942410119, 2677549.627884428482503 ], [ 220363.337167606106959, 2677553.972191637381911 ], [ 220374.512565853947308, 2677558.61306441295892 ], [ 220391.924815225589555, 2677568.126114273443818 ], [ 220404.233288555813488, 2677575.99644165020436 ], [ 220409.097777067509014, 2677578.144915192387998 ], [ 220442.447515796113294, 2677610.092978150118142 ], [ 220466.141781130398158, 2677644.063054172322154 ], [ 220477.959107299975585, 2677658.201524671632797 ], [ 220489.836711106472649, 2677675.154611046891659 ], [ 220507.250489187485073, 2677719.709283053874969 ], [ 220508.409751467115711, 2677727.068290903698653 ], [ 220515.638785515155178, 2677743.182595119811594 ], [ 220519.78877760656178, 2677752.855134866666049 ], [ 220525.952869964181446, 2677765.988616345450282 ], [ 220529.110478709044401, 2677778.99906190065667 ], [ 220532.207107052323408, 2677792.073114008177072 ], [ 220535.453279832785483, 2677815.031039615161717 ], [ 220538.709879722446203, 2677829.72870347648859 ], [ 220537.874681129353121, 2677846.203852213453501 ], [ 220541.31178753299173, 2677872.223769556265324 ], [ 220540.746022706909571, 2677898.329479476902634 ], [ 220540.991711201204453, 2677909.775483283679932 ], [ 220539.442797116702422, 2677930.896454630885273 ], [ 220538.722842816903722, 2677943.990005888976157 ], [ 220539.015182441740762, 2677963.444529476575553 ], [ 220537.709960651001893, 2677978.427762601524591 ], [ 220536.247547163453419, 2677986.093333431985229 ], [ 220521.544087705144193, 2678061.936802327167243 ], [ 220516.365905000362545, 2678109.291893455665559 ], [ 220511.465190474700648, 2678131.673793712165207 ], [ 220508.677090816723648, 2678144.624078324530274 ], [ 220501.286943090264685, 2678155.983583956956863 ], [ 220494.713685180642642, 2678167.513337900396436 ], [ 220489.166303441685159, 2678177.268990857060999 ], [ 220475.378680332913063, 2678199.591168649028987 ], [ 220477.163593786535785, 2678201.117378094233572 ], [ 220479.20385999098653, 2678202.88829249329865 ], [ 220489.150533246516716, 2678211.497706055175513 ], [ 220500.544490214553662, 2678217.573080795817077 ], [ 220518.139636375126429, 2678244.352689406834543 ], [ 220518.59576963057043, 2678283.07673866674304 ], [ 220518.713731665629894, 2678294.400231435429305 ], [ 220518.833128703816328, 2678305.786212706007063 ], [ 220518.900309275137261, 2678308.913602467626333 ], [ 220519.826771811232902, 2678317.09101977897808 ], [ 220522.22234992403537, 2678338.314900182187557 ], [ 220523.214657098636962, 2678349.557106249965727 ], [ 220523.361016021168325, 2678356.374631737824529 ], [ 220523.597426461754367, 2678367.382766018621624 ], [ 220527.156912617618218, 2678378.694904598873109 ], [ 220527.372355542727746, 2678391.643240499310195 ], [ 220527.117758754407987, 2678403.099880173802376 ], [ 220527.644211893726606, 2678407.218602224718779 ], [ 220527.670894694456365, 2678414.288883827161044 ], [ 220525.601509720901959, 2678434.482269577682018 ], [ 220525.911774200561922, 2678448.930468211416155 ], [ 220522.586360163171776, 2678463.081265236251056 ], [ 220523.086911899561528, 2678477.650528628844768 ], [ 220517.10471514146775, 2678502.120457796379924 ], [ 220509.445551212469582, 2678533.009097306989133 ], [ 220505.06555863696849, 2678544.679455183446407 ], [ 220500.15115160739515, 2678557.675518890842795 ], [ 220495.177944076131098, 2678570.860404569655657 ], [ 220502.918140723602846, 2678593.283662133384496 ], [ 220508.304602298361715, 2678611.001795008312911 ], [ 220515.65952234348515, 2678630.054306956008077 ], [ 220522.040328369708732, 2678641.618689133785665 ], [ 220526.075322486169171, 2678648.853331852704287 ], [ 220529.78948816441698, 2678655.719305131584406 ], [ 220531.771969135326799, 2678660.620182563085109 ], [ 220537.720836918451823, 2678675.385193480178714 ], [ 220538.26824996387586, 2678677.563713816925883 ], [ 220545.096479475498199, 2678698.316994866821915 ], [ 220548.915653294476215, 2678710.061523301061243 ], [ 220553.01960789662553, 2678723.426984579768032 ], [ 220555.104524680471513, 2678741.841742811258882 ], [ 220560.563923175155651, 2678777.517237916588783 ], [ 220561.623973886715248, 2678794.827656937297434 ], [ 220563.333010241389275, 2678816.129019788466394 ], [ 220564.200696604675613, 2678836.134325026068836 ], [ 220562.960547081660479, 2678857.060810277704149 ], [ 220566.217336913396139, 2678871.758687594439834 ], [ 220570.866939023835585, 2678884.298802534118295 ], [ 220575.330238394672051, 2678891.086179612204432 ], [ 220580.527512714557815, 2678899.98533351579681 ], [ 220585.031767404696438, 2678905.770642368588597 ], [ 220590.115451088815462, 2678912.294297611806542 ], [ 220593.003925095195882, 2678915.673944788984954 ], [ 220603.104366629209835, 2678928.535028838086873 ], [ 220615.390558515791781, 2678944.102588843088597 ], [ 220618.799542630906217, 2678948.409628630615771 ], [ 220629.910114539437927, 2678961.687011054251343 ], [ 220645.802926203468814, 2678979.116933208424598 ], [ 220650.010263114760164, 2678982.718692136928439 ], [ 220660.743773548223544, 2678993.000614014919847 ], [ 220666.2035259391414, 2679005.398211616557091 ], [ 220686.759999653615523, 2679018.535433288197964 ], [ 220700.775423966057133, 2679024.304114272352308 ], [ 220708.288417379080784, 2679027.396544661838561 ], [ 220712.656362320354674, 2679029.743162880185992 ], [ 220739.255470246251207, 2679041.624341073911637 ], [ 220775.579163159476593, 2679063.433424206450582 ], [ 220778.167742338730022, 2679064.504339192528278 ], [ 220796.128341023810208, 2679073.316963081248105 ], [ 220810.168046942097135, 2679080.21144706197083 ], [ 220812.888281721039675, 2679081.592248652130365 ], [ 220833.514658990374301, 2679092.162330642808229 ], [ 220838.072929841291625, 2679094.629938129801303 ], [ 220864.479053857328836, 2679106.264834444504231 ], [ 220867.757068541133776, 2679107.383385465946048 ], [ 220897.111728515534196, 2679116.451794103253633 ], [ 220920.235141436220147, 2679123.839724410325289 ], [ 220922.313951564370655, 2679124.483297526370734 ], [ 220934.766022739582695, 2679124.466026283334941 ], [ 220943.015290687209927, 2679123.976102543994784 ], [ 220954.201573787315283, 2679123.297839073464274 ], [ 220980.223848735389765, 2679125.804990285076201 ], [ 221009.366139128163923, 2679124.99133069626987 ], [ 221025.209497451607604, 2679128.468001889064908 ], [ 221028.982474528311286, 2679129.325569879263639 ], [ 221036.674142873380333, 2679129.097728432621807 ], [ 221046.179762254701927, 2679128.83100902615115 ], [ 221067.879239689500537, 2679128.177230270113796 ], [ 221078.554924738185946, 2679129.950236119329929 ], [ 221082.63784246519208, 2679130.676137266214937 ], [ 221106.79427218035562, 2679139.543331925757229 ], [ 221116.333746833610348, 2679135.020667388569564 ], [ 221131.129434982314706, 2679136.32986350171268 ], [ 221142.111154020123649, 2679137.783541953191161 ], [ 221173.155675303016324, 2679146.878245230764151 ], [ 221176.498709475214127, 2679148.120618238579482 ], [ 221179.763370557222515, 2679148.613671069499105 ], [ 221193.384008843800984, 2679150.573736466001719 ], [ 221200.358043817279395, 2679154.804177049547434 ], [ 221220.291130392986815, 2679165.13899873290211 ], [ 221231.038092970789876, 2679170.226848969701678 ], [ 221249.49541513773147, 2679175.96283614449203 ], [ 221271.670008746208623, 2679182.870150534901768 ], [ 221279.230623115203343, 2679185.273245956748724 ], [ 221283.344512681826018, 2679187.437576392665505 ], [ 221299.606622121529654, 2679195.848643866367638 ], [ 221311.656152899668086, 2679206.227503637317568 ], [ 221319.134460303757805, 2679216.454196455422789 ], [ 221327.515385997481644, 2679227.913043252658099 ], [ 221328.8677938147448, 2679229.698672817088664 ], [ 221333.059000119043048, 2679232.549729782156646 ], [ 221337.236592736036982, 2679234.775116587989032 ], [ 221345.649893997295294, 2679241.915611659642309 ], [ 221361.955177129770163, 2679252.328185142949224 ], [ 221370.720755115267821, 2679284.616031832993031 ], [ 221371.329292328329757, 2679286.730408050119877 ], [ 221377.323371595761273, 2679294.86149815376848 ], [ 221390.15711226145504, 2679300.968359357211739 ], [ 221404.494630991073791, 2679312.987512111198157 ], [ 221418.390942333266139, 2679321.950050403364003 ], [ 221420.701794264605269, 2679324.653721136040986 ], [ 221435.846646904887166, 2679342.224758571013808 ], [ 221462.70994361222256, 2679357.666609650012106 ], [ 221472.083614972070791, 2679362.909163129050285 ], [ 221483.704582744161598, 2679373.735165379010141 ], [ 221489.16072206775425, 2679380.125624041538686 ], [ 221491.215827380248811, 2679382.584481897298247 ], [ 221507.903669812716544, 2679402.062289780005813 ], [ 221529.08392601046944, 2679441.341822172515094 ], [ 221533.124533066293225, 2679448.826625902671367 ], [ 221539.789765642024577, 2679459.070696273818612 ], [ 221551.101223760808352, 2679478.788870162796229 ], [ 221553.441475328640081, 2679482.86844436917454 ], [ 221559.167402161285281, 2679487.2510025058873 ], [ 221563.170142998744268, 2679492.984217834658921 ], [ 221564.439116496127099, 2679496.711387597490102 ], [ 221566.176770269463304, 2679501.867783782538027 ], [ 221565.446825292368885, 2679517.401864000130445 ], [ 221561.016917426721193, 2679544.216262801550329 ], [ 221555.468795365479309, 2679556.850358323194087 ], [ 221548.394832516845781, 2679571.269298486877233 ], [ 221546.420143932278734, 2679572.563265116885304 ], [ 221527.59917478589341, 2679584.85661579342559 ], [ 221511.287803694431204, 2679635.329053992405534 ], [ 221508.016064513591118, 2679663.62036307528615 ], [ 221512.002791711303871, 2679694.821809167508036 ], [ 221518.96053111780202, 2679741.978494927752763 ], [ 221534.973950441344641, 2679782.495597589295357 ], [ 221539.686084706743713, 2679795.034348869696259 ], [ 221544.836705078079831, 2679810.504527484066784 ], [ 221563.238980841531884, 2679857.352950945030898 ], [ 221566.543421156937256, 2679865.541657049208879 ], [ 221574.591361252707429, 2679881.888380344957113 ], [ 221597.399885433318559, 2679903.737400689627975 ], [ 221617.460810227843467, 2679928.774062318727374 ], [ 221662.56360697268974, 2679963.096926397643983 ], [ 221677.137774981674738, 2679974.48512301966548 ], [ 221678.789473534619901, 2679975.638630414847285 ], [ 221695.314707893528976, 2679987.548204961232841 ], [ 221730.703986492590047, 2680015.384061301127076 ], [ 221739.86905681429198, 2680022.570932707283646 ], [ 221757.19205774232978, 2680030.833880157209933 ], [ 221771.018369978468399, 2680042.363414242863655 ], [ 221790.525222890253644, 2680038.690416667610407 ], [ 221822.619267910718918, 2680020.918122253846377 ], [ 221878.460562328575179, 2679990.058023435529321 ], [ 221892.251074222906027, 2679982.440612828824669 ], [ 221913.833413254760671, 2679970.525857517495751 ], [ 221927.780334658455104, 2679967.285309712868184 ], [ 221939.645768461166881, 2679963.275761320255697 ], [ 221956.567418305436149, 2679961.598122819792479 ], [ 221960.782060702913441, 2679962.63390841241926 ], [ 221970.255307132494636, 2679966.685417888686061 ], [ 221983.40982294123387, 2679973.160750080365688 ], [ 221997.984076926251873, 2679978.729601932223886 ], [ 222000.640488884528168, 2679980.049333637580276 ], [ 222006.923936179548036, 2679984.169158031698316 ], [ 222029.712253780453466, 2679999.260464385617524 ], [ 222041.569501028745435, 2680006.514677768573165 ], [ 222056.220981241669506, 2680018.589493691455573 ], [ 222062.603623034956399, 2680038.976731471717358 ], [ 222075.165163309196942, 2680067.365515580866486 ], [ 222078.200075714266859, 2680077.562645040918142 ], [ 222080.563970130053349, 2680085.646385104395449 ], [ 222089.179000437026843, 2680090.529926186427474 ], [ 222160.192479439196177, 2680130.928544744383544 ], [ 222165.95665851427475, 2680134.183710545301437 ], [ 222166.494546984671615, 2680141.743584054987878 ], [ 222168.073941325535998, 2680159.918739439919591 ], [ 222168.926529209595174, 2680170.475428458303213 ], [ 222169.494756307045463, 2680176.53277373732999 ], [ 222170.690954487770796, 2680188.521261955145746 ], [ 222168.418090612103697, 2680207.968120357953012 ], [ 222166.034944085520692, 2680228.105592258740216 ], [ 222202.691071310429834, 2680268.30398495355621 ], [ 222228.533107567403931, 2680338.144203619565815 ], [ 222244.967092749022413, 2680415.695918570738286 ], [ 222272.343085573695134, 2680495.765272207092494 ], [ 222302.902473944006488, 2680557.995397345628589 ], [ 222325.776561253354885, 2680600.367116666398942 ], [ 222329.63878121227026, 2680608.293508018832654 ], [ 222330.432276841078419, 2680610.27891905605793 ], [ 222338.094876314222347, 2680629.073932161089033 ], [ 222328.945294975826982, 2680657.554084359668195 ], [ 222316.924723802483641, 2680695.106512296479195 ], [ 222316.353633148712106, 2680700.562676808796823 ], [ 222323.812992160732392, 2680721.552488991990685 ], [ 222327.562243331922218, 2680730.04439803538844 ], [ 222331.808759520587046, 2680761.67817450966686 ], [ 222357.110400000936352, 2680785.976284553296864 ], [ 222369.048448419955093, 2680785.344119319226593 ], [ 222387.162262432801072, 2680783.828534218017012 ], [ 222425.497472037968691, 2680791.514768835622817 ], [ 222427.951518336776644, 2680792.150293115526438 ], [ 222448.15213352435967, 2680797.472885743249208 ], [ 222462.563629155338276, 2680801.293069519568235 ], [ 222465.836195586132817, 2680802.161309009883553 ], [ 222479.107105266826693, 2680805.31771532073617 ], [ 222490.372528524196241, 2680808.329279427416623 ], [ 222512.148867255426012, 2680814.181427257601172 ], [ 222528.736664419237059, 2680820.269832877907902 ], [ 222544.94643682136666, 2680826.241509859450161 ], [ 222569.514404508692678, 2680836.789083425886929 ], [ 222596.923748968692962, 2680848.526976786088198 ], [ 222611.333199771179352, 2680855.162877422757447 ], [ 222626.626298619317822, 2680862.155376947019249 ], [ 222629.217539949226193, 2680863.351223418023437 ], [ 222645.205474707297981, 2680870.641616189386696 ], [ 222654.810319636308122, 2680875.0031643724069 ], [ 222662.741419099154882, 2680880.088682606816292 ], [ 222669.719542588340119, 2680884.50683738803491 ], [ 222676.380705419403967, 2680888.743537683971226 ], [ 222691.099467717984226, 2680898.126256944611669 ], [ 222706.7073663683841, 2680908.115534992422909 ], [ 222708.420338124793489, 2680909.205094143748283 ], [ 222725.533215110132005, 2680919.349617113359272 ], [ 222755.954036501876544, 2680937.280007089022547 ], [ 222772.671564501535613, 2680952.313965511042625 ], [ 222789.013749929377809, 2680961.536445192527026 ], [ 222783.162496080447454, 2680980.434390915557742 ], [ 222780.118565807235427, 2680990.198700849432498 ], [ 222791.207025616487954, 2680999.534119430463761 ], [ 222800.438045391289052, 2681009.785520040430129 ], [ 222823.521630071161781, 2681024.056801407597959 ], [ 222833.801005399611313, 2681033.59727722639218 ], [ 222852.128546818741597, 2681047.845760667230934 ], [ 222857.276643671735656, 2681051.552133690565825 ], [ 222872.020876837254036, 2681062.122972784098238 ], [ 222881.917846696625929, 2681068.417701603844762 ], [ 222898.42422898352379, 2681079.451468674931675 ], [ 222916.728057384840213, 2681089.695606395602226 ], [ 222925.720981116814073, 2681094.695870347321033 ], [ 222927.513922341051511, 2681096.597145592793822 ], [ 222936.630598942690995, 2681101.532259296160191 ], [ 222948.243753656570334, 2681106.163311585783958 ], [ 222968.386267519439571, 2681120.435194672551006 ], [ 222983.071371745492797, 2681128.254052367992699 ], [ 222998.031744062027428, 2681134.315001930110157 ], [ 223003.180446328071412, 2681135.143031561747193 ], [ 223027.574824370676652, 2681143.441581253893673 ], [ 223037.661347222747281, 2681146.916618555318564 ], [ 223050.144711330940481, 2681151.278574664611369 ], [ 223062.153983188036364, 2681153.961551194544882 ], [ 223075.121479398163501, 2681157.562330581247807 ], [ 223090.258549142454285, 2681163.118684416636825 ], [ 223112.906416154990438, 2681168.764208093751222 ], [ 223121.526085704565048, 2681170.956791092641652 ], [ 223123.477143232477829, 2681171.477994464803487 ], [ 223131.342235580610577, 2681173.498995291534811 ], [ 223162.060423688497394, 2681181.974401386920363 ], [ 223169.286549695243593, 2681183.383411573711783 ], [ 223181.412901522475295, 2681185.688327685929835 ], [ 223213.171280425041914, 2681193.077767553273588 ], [ 223229.802020788483787, 2681195.348191608674824 ], [ 223249.486237417557277, 2681199.931056034751236 ], [ 223274.111261444690172, 2681204.407620516140014 ], [ 223295.565852340077981, 2681206.949946540407836 ], [ 223321.749133835255634, 2681211.142672971822321 ], [ 223332.604245991853531, 2681212.536236603744328 ], [ 223343.082989375281613, 2681213.875414845533669 ], [ 223370.803433017048519, 2681219.724478724878281 ], [ 223393.985890840587672, 2681224.044399484526366 ], [ 223416.855671341298148, 2681228.370901128742844 ], [ 223420.170511771750171, 2681228.299678532872349 ], [ 223434.88738875213312, 2681228.859465923160315 ], [ 223437.266802905942313, 2681228.933414396364242 ], [ 223469.08438549208222, 2681227.435976062435657 ], [ 223485.399158323009033, 2681226.647163992747664 ], [ 223487.838319255330134, 2681226.594813861418515 ], [ 223518.144133226247504, 2681224.629405289888382 ], [ 223547.263033027295023, 2681222.751943950075656 ], [ 223576.182795967557468, 2681223.256667905952781 ], [ 223580.051102057273965, 2681222.735530334059149 ], [ 223599.641677427862305, 2681220.061711127869785 ], [ 223619.155453303363174, 2681219.642405438236892 ], [ 223645.293711054488085, 2681218.830161672085524 ], [ 223661.972955320496112, 2681217.533107082359493 ], [ 223671.136788340925705, 2681218.837749139871448 ], [ 223706.645843703707214, 2681223.142985362093896 ], [ 223720.67060437973123, 2681223.529789274558425 ], [ 223724.114381607272662, 2681223.643559414427727 ], [ 223746.515474460436963, 2681226.5410893894732 ], [ 223767.952647217491176, 2681234.089548654388636 ], [ 223770.600906451989431, 2681235.033747551031411 ], [ 223782.471703553164843, 2681237.093857699073851 ], [ 223800.7538766565267, 2681240.51776787545532 ], [ 223805.716606735019013, 2681241.412217284552753 ], [ 223812.243827858532313, 2681242.335705815348774 ], [ 223842.951956251868978, 2681247.43235171912238 ], [ 223847.771182928991038, 2681250.39482805179432 ], [ 223871.782594024320133, 2681261.26699133682996 ], [ 223876.07853331102524, 2681263.177023952826858 ], [ 223878.120461345766671, 2681265.010371446609497 ], [ 223899.308469598588999, 2681284.265503308735788 ], [ 223903.052443634951487, 2681286.687857004348189 ], [ 223910.284746928082313, 2681291.28804034832865 ], [ 223913.511393026565202, 2681295.849202052224427 ], [ 223916.997638563218061, 2681300.84258097037673 ], [ 223923.652849861769937, 2681307.707658680621535 ], [ 223925.955589997058269, 2681310.036052500829101 ], [ 223933.677995872742031, 2681322.885123444255441 ], [ 223934.630225112021435, 2681332.250715868547559 ], [ 223947.488703055016231, 2681342.423998876474798 ], [ 223953.531116099038627, 2681352.806412929669023 ], [ 223955.997808541869745, 2681356.945885326713324 ], [ 223965.54682815913111, 2681373.25979493604973 ], [ 223973.602230180928018, 2681387.040564999449998 ], [ 223977.692970035015605, 2681393.960703914985061 ], [ 223979.822836316074245, 2681396.981023625005037 ], [ 223989.498209895566106, 2681413.35499824443832 ], [ 223999.957947736547794, 2681431.276358222588897 ], [ 224018.514442406129092, 2681453.27866696100682 ], [ 224030.972006713273004, 2681468.090917977970093 ], [ 224043.955577141372487, 2681478.261499459855258 ], [ 224055.672095484333113, 2681487.708575030323118 ], [ 224072.238206965965219, 2681498.615581401158124 ], [ 224081.927099870110396, 2681503.97615776816383 ], [ 224104.53983847721247, 2681507.995454135816544 ], [ 224129.147954999178182, 2681514.599580264184624 ], [ 224142.446140359214041, 2681516.12850673450157 ], [ 224177.702209626208059, 2681531.95236858446151 ], [ 224181.612231995852198, 2681533.370203163009137 ], [ 224207.189343528589234, 2681547.211991569492966 ], [ 224213.14109524176456, 2681550.463002156466246 ], [ 224218.597805244498886, 2681553.975038209930062 ], [ 224241.215862777666189, 2681564.063486593775451 ], [ 224250.502023096254561, 2681565.240616891067475 ], [ 224268.006951913295779, 2681567.429780054837465 ], [ 224278.180101473641116, 2681572.029101889114827 ], [ 224301.538628531387076, 2681578.722880300600082 ], [ 224317.868513917201199, 2681581.563103273045272 ], [ 224321.58829597820295, 2681582.859644026029855 ], [ 224339.991750160465017, 2681586.093280689790845 ], [ 224350.501257437979802, 2681588.870847071055323 ], [ 224357.989509032922797, 2681590.837295039556921 ], [ 224366.170101200521458, 2681592.976606635842472 ], [ 224415.092806288099382, 2681621.647150598466396 ], [ 224418.938860440975986, 2681623.003552350681275 ], [ 224449.890080572862644, 2681633.601298060268164 ], [ 224451.970137072785292, 2681634.30748568335548 ], [ 224465.188517511065584, 2681640.843539685942233 ], [ 224476.271497287321836, 2681644.109606523998082 ], [ 224487.952991698868573, 2681651.930290577933192 ], [ 224501.935940781841055, 2681662.01674188952893 ], [ 224524.005750261305366, 2681684.4439841886051 ], [ 224536.033010240236763, 2681696.70008047670126 ], [ 224539.151367195008788, 2681699.135847101919353 ], [ 224556.254577962914482, 2681708.842577493283898 ], [ 224566.406303259136621, 2681718.260464681778103 ], [ 224580.258745736384299, 2681733.918655849527568 ], [ 224593.328955608536489, 2681745.213805797044188 ], [ 224596.012207855586894, 2681747.784065962769091 ], [ 224604.830359881045297, 2681756.292054315563291 ], [ 224618.360506943776272, 2681765.699958589859307 ], [ 224632.079135678999592, 2681778.044734348542988 ], [ 224634.256702824030071, 2681780.3757652528584 ], [ 224644.68469652463682, 2681788.098323489539325 ], [ 224646.464131364307832, 2681789.374008135404438 ], [ 224654.832356595026795, 2681797.328685253392905 ], [ 224669.934861996676773, 2681810.019029642920941 ], [ 224680.294855550688226, 2681817.492760816588998 ], [ 224690.899025913444348, 2681827.589259116910398 ], [ 224702.191950911481399, 2681834.792713255155832 ], [ 224710.084514596092049, 2681841.005357578396797 ], [ 224716.677918261673767, 2681850.812792335636914 ], [ 224720.944183641928248, 2681857.166051649022847 ], [ 224741.104079121083487, 2681872.250599253922701 ], [ 224747.367892246926203, 2681878.373305751476437 ], [ 224753.567791364563163, 2681884.434630339033902 ], [ 224760.670762577734422, 2681894.669009490404278 ], [ 224766.060953827283811, 2681903.813943589106202 ], [ 224769.870833638764452, 2681920.939475924707949 ], [ 224779.803713639383204, 2681928.922898504883051 ], [ 224788.759470022167079, 2681946.751423506531864 ], [ 224789.140650827495847, 2681961.57286924123764 ], [ 224787.988640982948709, 2681969.106433828361332 ], [ 224796.36558035685448, 2681986.196358482353389 ], [ 224797.935135584382806, 2681989.353903904557228 ], [ 224799.949887692579068, 2681995.75556392269209 ], [ 224800.369566732551903, 2681997.811396572273225 ], [ 224799.832806926977355, 2682001.952892490662634 ], [ 224799.090453182463534, 2682008.163473707158118 ], [ 224807.943946356652305, 2682032.877039317972958 ], [ 224810.993096440681256, 2682046.64011433487758 ], [ 224811.547366289480124, 2682049.131047060247511 ], [ 224812.113566962128971, 2682063.823536976240575 ], [ 224813.017316039011348, 2682076.756620305590332 ], [ 224812.25997192581417, 2682088.098688241560012 ], [ 224806.776264287356753, 2682100.793599469587207 ], [ 224805.987223706673831, 2682119.394755326677114 ], [ 224805.425044699804857, 2682128.166937547270209 ], [ 224805.558826998516452, 2682131.480502161663026 ], [ 224806.751821536221541, 2682152.041306369937956 ], [ 224806.953556920867413, 2682155.603610160760581 ], [ 224804.752370540343691, 2682166.726325730327517 ], [ 224802.724875238491222, 2682191.736466976348311 ], [ 224802.228534364665393, 2682197.754062892869115 ], [ 224800.832286638324149, 2682214.303365238476545 ], [ 224792.583814222889487, 2682241.011626848485321 ], [ 224785.669555389380548, 2682271.570671309251338 ], [ 224780.038532400503755, 2682291.965321909170598 ], [ 224783.547064631711692, 2682306.719704814720899 ], [ 224784.231574836943764, 2682309.458276610355824 ], [ 224784.011720945360139, 2682313.780389033257961 ], [ 224779.786473590764217, 2682329.702092207036912 ], [ 224775.616632895020302, 2682345.309815323911607 ], [ 224763.284709619940259, 2682391.628655822016299 ], [ 224753.291218757804018, 2682415.746356394141912 ], [ 224746.01117151073413, 2682429.29345516487956 ], [ 224739.449397783551831, 2682476.239101421553642 ], [ 224731.247475283103995, 2682508.014778423123062 ], [ 224728.400572606595233, 2682524.032101139426231 ], [ 224725.611096202395856, 2682539.797806994989514 ], [ 224725.002445759135298, 2682560.960479856934398 ], [ 224724.420117551111616, 2682580.433190194889903 ], [ 224726.295631265675183, 2682589.090516642667353 ], [ 224727.905051460431423, 2682602.821923707611859 ], [ 224730.975716738437768, 2682629.224089606665075 ], [ 224732.965029035171028, 2682646.076072585303336 ], [ 224730.889572798099834, 2682654.317704703193158 ], [ 224725.005896774528082, 2682686.231246881186962 ], [ 224724.216335906879976, 2682690.252859750296921 ], [ 224722.011095447058324, 2682701.187925796024501 ], [ 224722.060868441592902, 2682715.140623221173882 ], [ 224718.507481984153856, 2682730.297145248856395 ], [ 224720.004377805162221, 2682741.715917516965419 ], [ 224723.074496976332739, 2682753.538727384060621 ], [ 224724.353605876327492, 2682760.644329223316163 ], [ 224726.086648031370714, 2682780.130019866395742 ], [ 224726.222547478275374, 2682798.085319213569164 ], [ 224726.509728167555295, 2682814.348004919942468 ], [ 224726.750575618236326, 2682825.543455848004669 ], [ 224719.092189069488086, 2682865.129069994203746 ], [ 224715.82504134910414, 2682887.788026281632483 ], [ 224721.251105145493057, 2682918.957839128561318 ], [ 224722.212099012744147, 2682931.63931947434321 ], [ 224711.690056298219133, 2682948.635266629047692 ], [ 224713.158766681794077, 2682964.559868902899325 ], [ 224715.572466763143893, 2682992.415309313684702 ], [ 224716.65458523115376, 2683004.906559241469949 ], [ 224717.033895422122441, 2683016.724581618327647 ], [ 224717.343371053808369, 2683031.109730876050889 ], [ 224717.558608389692381, 2683041.116903171874583 ], [ 224718.68379467894556, 2683055.609565353952348 ], [ 224718.439648822590243, 2683070.444520575925708 ], [ 224719.695373884867877, 2683085.184705246705562 ], [ 224719.168114070023876, 2683101.40259680012241 ], [ 224719.520661388465669, 2683117.788937570527196 ], [ 224719.842856666422449, 2683135.677888002246618 ], [ 224720.153557852550875, 2683150.12553003616631 ], [ 224718.746980720199645, 2683177.812817794736475 ], [ 224713.348021321231499, 2683194.448289562016726 ], [ 224708.912193004332948, 2683209.311079923063517 ], [ 224702.652506733895279, 2683220.833744802046567 ], [ 224697.858635500189848, 2683230.698320204857737 ], [ 224693.126338655478321, 2683240.49885372351855 ], [ 224678.32108723919373, 2683259.088794719893485 ], [ 224669.983425064827316, 2683272.909065373241901 ], [ 224660.047607354761567, 2683282.258233116008341 ], [ 224644.135969258029945, 2683298.869476140476763 ], [ 224631.835111070715357, 2683311.71128755947575 ], [ 224628.101941011089366, 2683315.608483908232301 ], [ 224617.090193132637069, 2683327.296207513660192 ], [ 224607.482065021176822, 2683337.326934945303947 ], [ 224593.357924301410094, 2683355.589065420441329 ], [ 224581.578275320178363, 2683372.299161790404469 ], [ 224579.165409302921034, 2683393.938689440488815 ], [ 224579.759955822722986, 2683398.306055184919387 ], [ 224587.393391088524368, 2683427.363385334610939 ], [ 224594.962596799014136, 2683456.359451310709119 ], [ 224596.598189667391125, 2683462.581686718389392 ], [ 224601.301289682916831, 2683480.501399201806635 ], [ 224602.733113412687089, 2683485.977085833903402 ], [ 224612.347583813359961, 2683514.053181968163699 ], [ 224611.541276419709902, 2683520.202643857337534 ], [ 224611.924727161065675, 2683538.027688252273947 ], [ 224616.381836624990683, 2683567.779151393100619 ], [ 224618.214533051417675, 2683580.25425953278318 ], [ 224619.13119711499894, 2683585.052633401937783 ], [ 224625.916273446695413, 2683600.862658399157226 ], [ 224631.375205612741411, 2683613.197305080480874 ], [ 224632.452734632126521, 2683628.379232835490257 ], [ 224632.267782973533031, 2683634.327846464235336 ], [ 224633.088350769306999, 2683643.38320742174983 ], [ 224633.628458771097939, 2683653.946376657579094 ], [ 224647.008937312988564, 2683676.747866426594555 ], [ 224647.830872906488366, 2683680.046615863218904 ], [ 224653.307936741854064, 2683690.315814707428217 ], [ 224658.172834513883572, 2683695.40474246814847 ], [ 224663.261761531117372, 2683702.178216178901494 ], [ 224665.129411654255819, 2683704.64094458008185 ], [ 224669.956828688329551, 2683713.797844010405242 ], [ 224688.352886181848589, 2683725.416072356514633 ], [ 224695.215390123194084, 2683736.093509939033538 ], [ 224704.98917795548914, 2683751.213646444957703 ], [ 224738.666811854462139, 2683760.563270174432546 ], [ 224745.402110074064694, 2683762.420727531425655 ], [ 224769.633587270101998, 2683774.789397475775331 ], [ 224771.897212925774511, 2683775.303928571753204 ], [ 224785.999957814754453, 2683785.137258714996278 ], [ 224784.89995286409976, 2683803.807474490255117 ], [ 224784.177871279011015, 2683816.77561530424282 ], [ 224785.180712329631206, 2683831.396023342385888 ], [ 224784.580202264187392, 2683835.476373689249158 ], [ 224797.838937561144121, 2683849.707920386455953 ], [ 224810.969856292416807, 2683863.817263724282384 ], [ 224848.438293500919826, 2683860.320446784608066 ], [ 224854.059009458112996, 2683859.824044807814062 ], [ 224856.171099369646981, 2683882.367379307746887 ], [ 224855.591405739891343, 2683884.507364455610514 ], [ 224850.685641728457995, 2683903.697445623576641 ], [ 224845.861145361675881, 2683917.942842831369489 ], [ 224837.341819366905838, 2683923.31964965024963 ], [ 224834.273354859557003, 2683940.655781702138484 ], [ 224833.20266027393518, 2683943.244356536772102 ], [ 224828.004995735071134, 2683960.501167323440313 ], [ 224826.241820684401318, 2683965.795110777951777 ], [ 224824.480606139055453, 2683979.911706629674882 ], [ 224820.310488033632282, 2683998.398184525314718 ], [ 224818.995608178025577, 2684004.182981412857771 ], [ 224818.204460624838248, 2684022.658983981702477 ], [ 224842.995720089646056, 2684055.226663339883089 ], [ 224845.759056580718607, 2684058.608614059630781 ], [ 224866.08680876926519, 2684072.750580350402743 ], [ 224882.601139849226456, 2684084.158940533641726 ], [ 224896.184552466846071, 2684093.127556697931141 ], [ 224905.960348562104627, 2684099.612494472414255 ], [ 224916.498828620940913, 2684106.644143436569721 ], [ 224921.451171429245733, 2684109.979137645568699 ], [ 224930.325723499699961, 2684115.294706316664815 ], [ 224937.957507965038531, 2684121.012175540439785 ], [ 224949.640600276004989, 2684128.895262050908059 ], [ 224962.957118070975412, 2684139.996950052678585 ], [ 224976.139827591250651, 2684147.785080400295556 ], [ 224984.535381832101848, 2684154.112105109263211 ], [ 224990.33604785753414, 2684159.05558152217418 ], [ 225002.959283275878988, 2684169.921928524505347 ], [ 225012.223816704703495, 2684175.917406522203237 ], [ 225017.680783741525374, 2684179.429062913637608 ], [ 225032.869682215095963, 2684190.302900744136423 ], [ 225045.747615635278635, 2684198.473092557862401 ], [ 225060.548446254979353, 2684211.670310820452869 ], [ 225076.100485246861354, 2684221.972949945367873 ], [ 225086.032242399756797, 2684229.893690617755055 ], [ 225102.671046770003159, 2684244.17774621816352 ], [ 225120.92722535278881, 2684255.110589870717376 ], [ 225132.672771522891708, 2684262.992147752083838 ], [ 225149.214082514343318, 2684275.651317366398871 ], [ 225155.629281027126126, 2684280.0811373796314 ], [ 225162.806943649949972, 2684285.057569860015064 ], [ 225174.204834969190415, 2684291.319969394244254 ], [ 225189.138734638807364, 2684299.070391627494246 ], [ 225202.290489300037734, 2684305.420134405605495 ], [ 225206.673319409950636, 2684308.454582020174712 ], [ 225215.56948554480914, 2684314.770562843885273 ], [ 225227.217432839854155, 2684321.027591502293944 ], [ 225247.107160139014013, 2684335.178855731151998 ], [ 225257.031481809040997, 2684339.845973643474281 ], [ 225260.507843765080906, 2684341.460634504910558 ], [ 225277.550099125073757, 2684351.230653479229659 ], [ 225293.995864677475765, 2684365.268473731353879 ], [ 225303.637109290808439, 2684371.318099183496088 ], [ 225317.503044748445973, 2684381.782261127606034 ], [ 225325.321803504251875, 2684390.374279922805727 ], [ 225337.505916113383137, 2684401.187434801831841 ], [ 225342.380343714321498, 2684406.713962922338396 ], [ 225346.920437385502737, 2684411.246744982432574 ], [ 225355.412428191397339, 2684419.135725044179708 ], [ 225357.072210634127259, 2684420.664502918720245 ], [ 225363.413410319073591, 2684427.473500947002321 ], [ 225375.817467036773451, 2684439.783763796556741 ], [ 225377.542344301997218, 2684441.435977400746197 ], [ 225395.904860174225178, 2684457.309706900268793 ], [ 225400.788007482711691, 2684460.333279376383871 ], [ 225413.645170250325464, 2684470.443663079291582 ], [ 225419.235262936912477, 2684474.32795582851395 ], [ 225425.484295061381999, 2684479.762333711143583 ], [ 225437.743638515355997, 2684488.258619596716017 ], [ 225442.512438901234418, 2684491.785425958223641 ], [ 225457.495550377469044, 2684504.728171735070646 ], [ 225462.160930833022576, 2684509.25822075875476 ], [ 225465.45690768735949, 2684514.130507988855243 ], [ 225475.133127920562401, 2684527.625662047881633 ], [ 225479.364605746464804, 2684532.352672307752073 ], [ 225490.867524597328156, 2684543.493491350673139 ], [ 225492.741598890919704, 2684546.268861177377403 ], [ 225499.55990000726888, 2684560.701419586781412 ], [ 225503.273710195731837, 2684570.445405419450253 ], [ 225508.236911900050472, 2684580.099876424763352 ], [ 225513.520393598533701, 2684593.001223449129611 ], [ 225522.23114996246295, 2684613.963336298707873 ], [ 225527.999461849918589, 2684629.044292191974819 ], [ 225531.446754377218895, 2684638.043053714092821 ], [ 225537.240111818711739, 2684651.371565929148346 ], [ 225543.366255622415338, 2684665.63134494330734 ], [ 225545.886811785865575, 2684672.272303517907858 ], [ 225548.821956489584409, 2684680.719032381195575 ], [ 225555.500272269709967, 2684700.285614398308098 ], [ 225556.375233808765188, 2684703.145094437524676 ], [ 225561.535007705155294, 2684716.11180787300691 ], [ 225563.517632604052778, 2684721.012236631009728 ], [ 225573.367424374737311, 2684736.756255730055273 ], [ 225581.81767431134358, 2684748.52570769097656 ], [ 225589.581999144458678, 2684757.494198923464864 ], [ 225596.297902833961416, 2684767.173451805487275 ], [ 225598.869664387369994, 2684770.371907915920019 ], [ 225603.306254998838995, 2684775.908099335618317 ], [ 225607.951399400772061, 2684785.319032569881529 ], [ 225618.585352683265228, 2684796.791228051297367 ], [ 225626.739850681798998, 2684812.258781573735178 ], [ 225639.356353488110472, 2684822.812362370546907 ], [ 225640.889691237942316, 2684824.280991130974144 ], [ 225648.617044050886761, 2684834.439218666404486 ], [ 225652.983033289376181, 2684839.601370436139405 ], [ 225657.349017305183224, 2684844.76341247279197 ], [ 225673.054987531155348, 2684847.67912707477808 ], [ 225682.332418552483432, 2684857.178187315352261 ], [ 225690.202866983832791, 2684865.268241167068481 ], [ 225692.955544884200208, 2684868.150076815858483 ], [ 225708.644156876136549, 2684881.891149448230863 ], [ 225716.0068171407911, 2684886.738528455141932 ], [ 225725.400458411837462, 2684892.918654050212353 ], [ 225735.26366071391385, 2684897.649523848667741 ], [ 225744.153055895585567, 2684903.652997263241559 ], [ 225747.009129111364018, 2684905.531164870597422 ], [ 225755.460689521569293, 2684911.543794149998575 ], [ 225760.226844246557448, 2684914.945484315510839 ], [ 225766.126809573208448, 2684918.697964346036315 ], [ 225770.12356728175655, 2684921.239917957223952 ], [ 225781.984746208763681, 2684928.681075102183968 ], [ 225786.615124444128014, 2684931.58484454639256 ], [ 225792.196946498588659, 2684935.093773007392883 ], [ 225797.737923704902641, 2684939.605056373868138 ], [ 225802.122040351387113, 2684942.701920920051634 ], [ 225806.571354626037646, 2684945.922441489063203 ], [ 225811.719592906127218, 2684949.628429028205574 ], [ 225814.39873879175866, 2684952.011149417608976 ], [ 225820.645292675646488, 2684957.320460385177284 ], [ 225826.762247455131728, 2684962.444962739478797 ], [ 225830.077941375260707, 2684965.314471276476979 ], [ 225832.755969948018901, 2684967.634590829256922 ], [ 225845.125006897898857, 2684978.318478777538985 ], [ 225854.941826309077442, 2684989.620543207973242 ], [ 225857.892773420666344, 2684992.998568504117429 ], [ 225862.397423023241572, 2684998.783340513240546 ], [ 225865.813054885948077, 2685003.402765046805143 ], [ 225870.554458478174638, 2685008.556810749229044 ], [ 225878.871582340041641, 2685019.953556396067142 ], [ 225884.937146675831173, 2685031.398795685265213 ], [ 225894.191806615504902, 2685045.65393791301176 ], [ 225895.58596447162563, 2685049.378242662642151 ], [ 225900.299939843069296, 2685061.979026812594384 ], [ 225900.935328948893584, 2685065.344161442946643 ], [ 225900.55977653467562, 2685079.869081757497042 ], [ 225899.571241351310164, 2685086.272681761533022 ], [ 225899.241217136615887, 2685091.285549099557102 ], [ 225900.597946691792458, 2685110.716443107463419 ], [ 225900.869212180259638, 2685114.59007626445964 ], [ 225901.379676160519011, 2685123.77723663719371 ], [ 225901.22789562138496, 2685134.167437442578375 ], [ 225896.184406617714558, 2685149.856497147120535 ], [ 225895.714616493438371, 2685160.003355308901519 ], [ 225894.56730580306612, 2685164.846063410397619 ], [ 225890.380027561914176, 2685182.519115489441901 ], [ 225887.973910898785107, 2685192.832724904175848 ], [ 225886.507277001393959, 2685197.369491360615939 ], [ 225884.904277388763148, 2685210.106162179727107 ], [ 225882.127752545871772, 2685223.556440593209118 ], [ 225880.977929540036712, 2685228.27406025538221 ], [ 225874.689585288928356, 2685247.181141940876842 ], [ 225872.124210086010862, 2685264.631585012190044 ], [ 225870.803044382249936, 2685270.103697068057954 ], [ 225869.304772155475803, 2685276.080353817902505 ], [ 225862.232402192719746, 2685299.259272505529225 ], [ 225861.24060613947222, 2685302.596853163093328 ], [ 225855.942381821456365, 2685320.982103871181607 ], [ 225855.705675753008109, 2685327.431998651940376 ], [ 225854.23765976348659, 2685331.906395187135786 ], [ 225846.43845286371652, 2685353.286159604322165 ], [ 225846.073200984450523, 2685356.673008817248046 ], [ 225844.814587344473694, 2685367.963192163035274 ], [ 225840.815501647011843, 2685382.753750568721443 ], [ 225837.948264624341391, 2685400.711173080373555 ], [ 225835.047487201460171, 2685417.104944126214832 ], [ 225833.818761119560804, 2685421.073484070599079 ], [ 225829.429725014197174, 2685435.184168150182813 ], [ 225827.286621439910959, 2685448.99617689428851 ], [ 225822.126900871284306, 2685468.004137995652854 ], [ 225820.273664257547352, 2685474.927065055817366 ], [ 225819.537336584937293, 2685478.509426871314645 ], [ 225817.265892038762104, 2685489.258166702929884 ], [ 225816.08120301523013, 2685503.988216681405902 ], [ 225813.144104872306343, 2685518.693370948079973 ], [ 225810.136873514798936, 2685530.146249391138554 ], [ 225808.608336424396839, 2685537.625296545214951 ], [ 225807.416117815708276, 2685543.282466829288751 ], [ 225801.861646907636896, 2685558.481938239652663 ], [ 225799.145464794011787, 2685568.92750766268 ], [ 225803.568989667401183, 2685585.476514446083456 ], [ 225803.783058092463762, 2685595.420931110158563 ], [ 225806.536055527802091, 2685609.940997350495309 ], [ 225808.763623245002236, 2685620.405142711941153 ], [ 225810.348111569182947, 2685624.250556708779186 ], [ 225812.916831366135739, 2685636.021338974125683 ], [ 225813.196795934985857, 2685649.030461111105978 ], [ 225817.481009149807505, 2685662.01584876794368 ], [ 225819.393081900198013, 2685672.361634202301502 ], [ 225820.424127807258628, 2685676.657038657926023 ], [ 225822.764980528678279, 2685692.374864337500185 ], [ 225823.231219572888222, 2685711.136589481960982 ], [ 225825.995289049926214, 2685731.976172773633152 ], [ 225828.333119297341909, 2685741.749635682441294 ], [ 225829.298959264764562, 2685745.921164101455361 ], [ 225830.87087102321675, 2685757.901247540023178 ], [ 225834.090538742835633, 2685770.846969808451831 ], [ 225834.606538146152161, 2685780.284310624934733 ], [ 225835.306023151148111, 2685783.71071600029245 ], [ 225835.034660872886889, 2685800.17303392989561 ], [ 225835.285909356258344, 2685814.747017233632505 ], [ 225835.699731809087098, 2685819.431133564095944 ], [ 225836.859416365448851, 2685832.608866645023227 ], [ 225837.090354430256411, 2685846.244861013721675 ], [ 225835.051395179471001, 2685850.355690781958401 ], [ 225829.417516568268184, 2685861.865135313011706 ], [ 225810.145668334676884, 2685876.421475531067699 ], [ 225781.032129644532688, 2685875.609146159142256 ], [ 225776.65009169105906, 2685875.515746503137052 ], [ 225752.169971708091907, 2685874.853963088709861 ], [ 225747.01980502466904, 2685873.963882826734334 ], [ 225719.447525862720795, 2685869.176174928899854 ], [ 225708.392689006694127, 2685867.224122263956815 ], [ 225702.997791571135167, 2685866.589415157213807 ], [ 225684.817845382203814, 2685867.919445553328842 ], [ 225674.07254024175927, 2685868.713943950366229 ], [ 225679.390025698347017, 2685894.817307329270989 ], [ 225681.172576717392076, 2685913.675675513222814 ], [ 225680.910823729471304, 2685930.575990301091224 ], [ 225680.754465454549063, 2685943.656990813557059 ], [ 225680.514258206996601, 2685961.558009159751236 ], [ 225680.443749323661905, 2685967.003135916776955 ], [ 225679.045388554979581, 2685989.246551917400211 ], [ 225678.342236168507952, 2685997.270815616939217 ], [ 225676.344919748953544, 2686023.656912808772177 ], [ 225675.023635250865482, 2686029.129178638570011 ], [ 225669.464495158579666, 2686052.8386997631751 ], [ 225668.650509449769743, 2686064.431995936203748 ], [ 225660.99499146011658, 2686080.865752724930644 ], [ 225658.398062473337632, 2686093.936676921322942 ], [ 225659.144887707312591, 2686105.371349220629781 ], [ 225660.554324386175722, 2686127.24131725449115 ], [ 225662.866016003128607, 2686132.885646740905941 ], [ 225669.001706258975901, 2686147.583280731458217 ], [ 225675.991335734783206, 2686155.441946430131793 ], [ 225683.960017161327414, 2686162.278511344920844 ], [ 225696.263978321163449, 2686172.838523342274129 ], [ 225716.130317574192304, 2686188.804834064096212 ], [ 225724.34387663344387, 2686195.385834647342563 ], [ 225728.355484771600459, 2686198.615778096951544 ], [ 225732.561573179787956, 2686202.154413610696793 ], [ 225744.29493930976605, 2686209.472880158573389 ], [ 225757.298074254009407, 2686217.640277322847396 ], [ 225759.137543056684081, 2686218.789618406910449 ], [ 225772.583303958876058, 2686230.075948715209961 ], [ 225782.315339631808456, 2686237.437566719949245 ], [ 225789.376219580299221, 2686242.792095330078155 ], [ 225800.808906747610308, 2686250.680059782695025 ], [ 225809.330075270729139, 2686257.004082203377038 ], [ 225815.515073681948707, 2686262.377374662552029 ], [ 225824.188050868629944, 2686269.949528949335217 ], [ 225833.377439984236844, 2686278.261630467604846 ], [ 225848.930497434106655, 2686297.324041795451194 ], [ 225859.622398566396441, 2686311.485396706964821 ], [ 225861.254633024393115, 2686314.641558906529099 ], [ 225866.111294746864587, 2686328.052453462500125 ], [ 225882.822934116062243, 2686345.713458158541471 ], [ 225881.516672710888088, 2686357.692908508237451 ], [ 225881.386669225117657, 2686374.903222368098795 ], [ 225879.01888165489072, 2686384.089649807661772 ], [ 225873.237866961862892, 2686397.479499856010079 ], [ 225868.615429139754269, 2686415.28698280826211 ], [ 225860.120777947362512, 2686427.608943517785519 ], [ 225852.171359206433408, 2686439.105768694076687 ], [ 225847.438364401343279, 2686445.965492252260447 ], [ 225842.978591966617387, 2686453.883001897949725 ], [ 225835.090577126888093, 2686471.135200898628682 ], [ 225833.250274745223578, 2686481.561708489898592 ], [ 225835.506155004841276, 2686513.675521973986179 ], [ 225854.135646723792888, 2686547.751714797690511 ], [ 225857.706834463810083, 2686550.865854830946773 ], [ 225865.144968418695498, 2686559.215562146622688 ], [ 225873.618838816299103, 2686569.169799018651247 ], [ 225887.841595611826051, 2686584.569312033709139 ], [ 225904.872143354266882, 2686605.414366995450109 ], [ 225920.128449065494351, 2686619.415006026159972 ], [ 225924.002326223824639, 2686624.962912088260055 ], [ 225933.343153534107842, 2686637.401399265043437 ], [ 225941.499744600732811, 2686650.053044520318508 ], [ 225947.547062780708075, 2686657.744405620731413 ], [ 225951.343600980180781, 2686662.605823330115527 ], [ 225958.73823573597474, 2686677.651562247890979 ], [ 225961.160121482040267, 2686682.605238505639136 ], [ 225964.110630968061741, 2686688.861476436257362 ], [ 225965.286349046276882, 2686691.151398386340588 ], [ 225971.671417398145422, 2686702.902548028621823 ], [ 225967.76394574274309, 2686716.126934865023941 ], [ 225965.272761951084249, 2686731.198095181956887 ], [ 225959.128767681715544, 2686750.977980133611709 ], [ 225956.865148569922894, 2686756.282822588458657 ], [ 225951.506966213404667, 2686768.975361296441406 ], [ 225946.304532066802494, 2686791.800998458173126 ], [ 225944.075486903137062, 2686801.610212521161884 ], [ 225940.35830546496436, 2686814.955734244547784 ], [ 225939.01671960146632, 2686819.489766450598836 ], [ 225932.60688730631955, 2686835.646321369335055 ], [ 225925.086550199077465, 2686843.817552983760834 ], [ 225918.435569060908165, 2686848.778819102793932 ], [ 225910.207714310439769, 2686853.148500836919993 ], [ 225904.670793089899234, 2686854.644447449594736 ], [ 225890.814038178941701, 2686859.135111710056663 ], [ 225888.514669438300189, 2686859.872887046542019 ], [ 225875.316718557151034, 2686860.094594976399094 ], [ 225863.933781365107279, 2686860.339763241820037 ], [ 225845.919974670337979, 2686860.665060121100396 ], [ 225832.848466635623481, 2686860.946649177465588 ], [ 225815.084719376231078, 2686861.26669364515692 ], [ 225801.450316774775274, 2686861.560334770008922 ], [ 225787.251607892860193, 2686861.803636734373868 ], [ 225772.490003160201013, 2686862.058866831008345 ], [ 225756.164655564120039, 2686862.347875995095819 ], [ 225735.08642451610649, 2686862.739286426454782 ], [ 225709.729627099761274, 2686867.853330107871443 ], [ 225698.228885846270714, 2686865.535598658025265 ], [ 225679.257201216067187, 2686862.064741662703454 ], [ 225667.801168027799577, 2686867.630112216342241 ], [ 225665.511316954856738, 2686868.805675969924778 ], [ 225661.900862876733299, 2686872.575284221675247 ], [ 225653.135808984923642, 2686889.783588072750717 ], [ 225645.978067953896243, 2686906.081518065650016 ], [ 225643.202451629389543, 2686916.653472612146288 ], [ 225640.16160425596172, 2686926.542912716045976 ], [ 225635.973760864231735, 2686941.275004409719259 ], [ 225633.756926729518455, 2686957.46643597446382 ], [ 225633.930523569462821, 2686959.715371039696038 ], [ 225635.585532513039652, 2686978.451308213640004 ], [ 225635.109082543116529, 2686988.285562267992646 ], [ 225631.567503309750464, 2687001.06416983390227 ], [ 225624.984648137819022, 2687012.093522293958813 ], [ 225603.603571760992054, 2687036.20639785984531 ], [ 225602.727430424711201, 2687039.10373431770131 ], [ 225583.771490087907296, 2687100.269767424557358 ], [ 225576.079112315492239, 2687117.89316213876009 ], [ 225556.822044409695081, 2687162.171375379431993 ], [ 225545.559065654699225, 2687188.318897346034646 ], [ 225542.678134883288294, 2687194.012458528392017 ], [ 225533.733774510619696, 2687211.600339354481548 ], [ 225533.099718826648314, 2687214.116897777654231 ], [ 225523.784559641091619, 2687229.022076582536101 ], [ 225508.070646964944899, 2687246.067485587205738 ], [ 225492.176368568849284, 2687260.551315973512828 ], [ 225490.458886251668446, 2687262.152521395124495 ], [ 225477.16531822347315, 2687284.088986462447792 ], [ 225462.910140415537171, 2687302.041530147660524 ], [ 225453.008762415731326, 2687318.773857506457716 ], [ 225450.620608646015171, 2687321.203224790282547 ], [ 225409.78933440556284, 2687363.192843922879547 ], [ 225405.258040920831263, 2687367.795670399442315 ], [ 225399.984391563921236, 2687372.790002297610044 ], [ 225371.817815216665622, 2687395.609829978086054 ], [ 225366.19906143983826, 2687399.109969393815845 ], [ 225357.222556659951806, 2687406.499058767221868 ], [ 225337.240840668673627, 2687422.948267289903015 ], [ 225338.986144087975845, 2687431.357862317468971 ], [ 225342.822690508910455, 2687440.97413371456787 ], [ 225346.92680149700027, 2687451.397790429182351 ], [ 225354.735422671481501, 2687471.127600700128824 ], [ 225359.22165345295798, 2687487.675284408032894 ], [ 225356.963738894904964, 2687499.049755464307964 ], [ 225353.607606799923815, 2687508.820730099454522 ], [ 225349.315898104105145, 2687512.917811269871891 ], [ 225345.805263231333811, 2687512.617910964880139 ], [ 225321.170493388024624, 2687510.583206498529762 ], [ 225307.254798441950697, 2687509.443687899038196 ], [ 225276.359879252442624, 2687515.991171368397772 ], [ 225273.014797789161094, 2687517.565072088968009 ], [ 225258.330672331852838, 2687524.326287737581879 ], [ 225236.677639570087194, 2687535.805516168475151 ], [ 225196.526006311934907, 2687557.069171781186014 ], [ 225184.585812781297136, 2687563.396057103294879 ], [ 225177.274800448096357, 2687558.047064720187336 ], [ 225168.138228568190243, 2687549.296017275191844 ], [ 225157.979655101720709, 2687539.565934184938669 ], [ 225149.587712084932718, 2687533.426825737580657 ], [ 225139.231566111731809, 2687526.141119187232107 ], [ 225135.696699781459756, 2687524.715584710706025 ], [ 225114.046191314642783, 2687515.983874244615436 ], [ 225103.336918411892839, 2687512.647827302571386 ], [ 225096.282170403865166, 2687510.484592935536057 ], [ 225080.892101230798289, 2687504.809258224908262 ], [ 225078.432763685006648, 2687503.923682773020118 ], [ 225054.605715546989813, 2687507.44044955028221 ], [ 225050.888208181480877, 2687509.147454618941993 ], [ 225046.143721178930718, 2687512.565778132993728 ], [ 225027.216013872355688, 2687534.37360878707841 ], [ 225022.465562782250345, 2687540.420240815728903 ], [ 225013.206819670798723, 2687552.133155879098922 ], [ 225008.029292766645085, 2687558.689774453639984 ], [ 225004.436325256596319, 2687563.272282509598881 ], [ 225001.762543448363431, 2687566.959149821661413 ], [ 224994.916009611217305, 2687577.368535732850432 ], [ 224988.444496114854701, 2687596.467656355816871 ], [ 224976.815104270412121, 2687605.603527577593923 ], [ 224974.107665127899963, 2687607.726738105993718 ], [ 224966.694252430403139, 2687617.960624081548303 ], [ 224957.155048129032366, 2687631.181292137131095 ], [ 224952.433551632217132, 2687635.663073119707406 ], [ 224947.10696277365787, 2687646.915911896154284 ], [ 224944.551642099919263, 2687650.287248236592859 ], [ 224940.0459424800938, 2687656.078429377637804 ], [ 224959.743223695375491, 2687675.80231315176934 ], [ 224982.134951869724318, 2687684.080194259993732 ], [ 225024.284485175274312, 2687694.560368025675416 ], [ 225029.253805721586104, 2687695.76731892535463 ], [ 225041.64759358036099, 2687698.879105510655791 ], [ 225054.597651264397427, 2687701.666398649569601 ], [ 225078.4244541512453, 2687706.847173082642257 ], [ 225085.717090264020953, 2687708.441906758584082 ], [ 225126.986390148405917, 2687721.631625422276556 ], [ 225139.376278396812268, 2687724.556133976206183 ], [ 225148.952872538531665, 2687727.603522792458534 ], [ 225162.752463476266712, 2687732.06163149420172 ], [ 225172.950313749839552, 2687734.908080939203501 ], [ 225180.061115307034925, 2687736.757231595460325 ], [ 225194.19214493362233, 2687742.084245920181274 ], [ 225206.810016484640073, 2687746.88093613833189 ], [ 225228.765121884993277, 2687755.230513390619308 ], [ 225236.145913284795824, 2687758.012499319855124 ], [ 225244.672985990822781, 2687761.708269807975739 ], [ 225250.994773968472145, 2687764.700830911751837 ], [ 225275.142388618376572, 2687776.069206893444061 ], [ 225296.06940945237875, 2687786.068018130026758 ], [ 225322.371815871214494, 2687798.704189138952643 ], [ 225338.160779074532911, 2687808.375605676788837 ], [ 225367.294730070629157, 2687824.64232911169529 ], [ 225375.378321651252918, 2687828.097613641060889 ], [ 225391.2479671354522, 2687835.702304929960519 ], [ 225412.744439375179354, 2687846.001672325655818 ], [ 225422.373744256328791, 2687851.488393309060484 ], [ 225467.919265628384892, 2687877.288137065246701 ], [ 225511.077349883969873, 2687902.638687608297914 ], [ 225526.486441055021714, 2687915.008906569331884 ], [ 225528.966128028579988, 2687916.832763161044568 ], [ 225549.887874895357527, 2687932.400374512653798 ], [ 225558.282438035064843, 2687938.664543842896819 ], [ 225569.71819853229681, 2687946.677721593528986 ], [ 225582.170714949257672, 2687955.419792551081628 ], [ 225587.574463051685598, 2687959.370693168602884 ], [ 225618.213582597847562, 2687981.612060970626771 ], [ 225621.382628837833181, 2687983.483511592727154 ], [ 225633.556181382213254, 2687993.79590163147077 ], [ 225668.861460686428472, 2688023.507969277445227 ], [ 225704.699458439776208, 2688054.710346526000649 ], [ 225712.476664062938653, 2688061.362992167938501 ], [ 225724.015271009877324, 2688071.251273155212402 ], [ 225735.808148010575678, 2688081.321617622859776 ], [ 225765.961315214342903, 2688107.140012593008578 ], [ 225783.676513875019737, 2688124.904166324529797 ], [ 225790.201430937508121, 2688131.52151143969968 ], [ 225801.650210281310137, 2688143.038410674780607 ], [ 225847.024868980282918, 2688187.050253464374691 ], [ 225856.946831820183434, 2688197.411243381444365 ], [ 225882.743499729200266, 2688224.324556889478117 ], [ 225886.007276823162101, 2688227.695680792909116 ], [ 225908.972616327228025, 2688256.797650173772126 ], [ 225914.341646082059015, 2688264.941357695031911 ], [ 225932.988203627290204, 2688291.070214639417827 ], [ 225937.699357059085742, 2688297.726556164212525 ], [ 225953.768526252184529, 2688320.406921945512295 ], [ 225970.329289018409327, 2688339.76027872832492 ], [ 225977.557037879014388, 2688347.050725547596812 ], [ 225993.034789574157912, 2688362.610489367973059 ], [ 226020.620227197941858, 2688385.41810035938397 ], [ 226040.773840234382078, 2688400.188949702773243 ], [ 226043.761929250031244, 2688402.377114128787071 ], [ 226049.738002865458839, 2688406.753446593414992 ], [ 226059.565651542390697, 2688412.736360665876418 ], [ 226087.146608472452499, 2688429.537109845783561 ], [ 226098.369115819630679, 2688436.365997658576816 ], [ 226102.742474600439891, 2688438.962264282628894 ], [ 226116.753227647626773, 2688447.420471407007426 ], [ 226126.579501886270009, 2688453.34082695748657 ], [ 226142.618579070607666, 2688463.006712079513818 ], [ 226146.36926742841024, 2688465.741638706065714 ], [ 226180.991525371733587, 2688484.080128413625062 ], [ 226190.346983852796257, 2688491.387183026410639 ], [ 226197.877334096643608, 2688495.292081410530955 ], [ 226230.221486911585089, 2688509.549744355026633 ], [ 226253.68172634014627, 2688518.054660666268319 ], [ 226263.926898122183047, 2688523.089785989373922 ], [ 226301.789235455158632, 2688540.795271493494511 ], [ 226312.213965853734408, 2688545.451197942718863 ], [ 226334.891934837738518, 2688555.412103565875441 ], [ 226363.764200069359504, 2688574.061865880154073 ], [ 226367.874004447949119, 2688576.038384919054806 ], [ 226389.770688183081802, 2688590.395942835602909 ], [ 226404.686800508352462, 2688600.211299904156476 ], [ 226407.288733827881515, 2688601.907223982270807 ], [ 226451.892821608576924, 2688630.479975679889321 ], [ 226456.842492675874382, 2688633.689438495319337 ], [ 226460.156680743384641, 2688636.496398915536702 ], [ 226475.245518938871101, 2688645.619597787037492 ], [ 226501.366551913844887, 2688661.45063165994361 ], [ 226513.159737158915959, 2688668.642405261751264 ], [ 226548.152582600887399, 2688689.663518237881362 ], [ 226556.963334273721557, 2688694.917459340300411 ], [ 226589.334786134015303, 2688716.244990825187415 ], [ 226613.652688927890267, 2688732.615422230213881 ], [ 226634.527156010619365, 2688745.993962281849235 ], [ 226644.42401028086897, 2688752.288129405584186 ], [ 226655.676028238958679, 2688760.492921872530133 ], [ 226664.3208140876377, 2688766.751469412818551 ], [ 226679.766849547449965, 2688777.931806452106684 ], [ 226697.950527872191742, 2688791.305727996863425 ], [ 226702.533117536397185, 2688794.898670321330428 ], [ 226720.678713972738478, 2688809.399830128531903 ], [ 226769.299334791721776, 2688850.149887000210583 ], [ 226773.652038718981203, 2688854.686449564993382 ], [ 226806.680527324788272, 2688889.077380334958434 ], [ 226816.463762440602295, 2688898.815456504002213 ], [ 226818.958227886119857, 2688901.327206136658788 ], [ 226826.184630407544319, 2688908.554854743182659 ], [ 226832.004231395141687, 2688914.373762472998351 ], [ 226839.934673131792806, 2688922.33708871062845 ], [ 226848.823623021016829, 2688931.218492419924587 ], [ 226886.818311382376123, 2688981.208070263266563 ], [ 226890.810625057318248, 2688986.440503670834005 ], [ 226902.882819460355677, 2689000.759545591659844 ], [ 226916.575149995798711, 2689017.671768231317401 ], [ 226931.682489116559736, 2689036.367900498211384 ], [ 226935.726645483868197, 2689041.098894774448127 ], [ 226959.287768214126118, 2689068.810935883782804 ], [ 226967.627163548895624, 2689078.329822988249362 ], [ 226991.751264507183805, 2689106.02969449525699 ], [ 227006.433491357485764, 2689122.419967785011977 ], [ 227019.320087909756694, 2689136.783976920414716 ], [ 227030.382643656339496, 2689147.808582202997059 ], [ 227050.003668488643598, 2689161.088702377863228 ], [ 227078.56742872617906, 2689185.751995834987611 ], [ 227084.264999096514657, 2689188.820390596520156 ], [ 227103.675593217602, 2689192.344005089718848 ], [ 227127.972026147996075, 2689199.016023443080485 ], [ 227133.187457832449581, 2689200.02989552076906 ], [ 227155.553708326362539, 2689204.24056031787768 ], [ 227158.877984239952639, 2689204.6070811515674 ], [ 227171.736981104710139, 2689206.081744194496423 ], [ 227183.081466093834024, 2689206.963629776611924 ], [ 227190.582004592579324, 2689209.492475784383714 ], [ 227213.519865754176863, 2689211.188078123144805 ], [ 227227.647269258799497, 2689213.448985451366752 ], [ 227262.433725392271299, 2689224.900622779037803 ], [ 227269.698925636475906, 2689228.12292586825788 ], [ 227284.861403678951319, 2689234.866579839494079 ], [ 227307.669815392931923, 2689245.074721294920892 ], [ 227313.799947800463997, 2689247.883463635575026 ], [ 227315.698939186579082, 2689248.906220310833305 ], [ 227350.124044995463919, 2689266.810517085716128 ], [ 227364.489747399755288, 2689274.322454881854355 ], [ 227392.106091685185675, 2689289.870549514424056 ], [ 227408.257997339300346, 2689298.970760239753872 ], [ 227412.182873492012732, 2689301.076028973795474 ], [ 227434.228098683001008, 2689313.61575568979606 ], [ 227454.856058028351981, 2689321.367949377279729 ], [ 227480.108030898438301, 2689337.530314170289785 ], [ 227485.437158315442502, 2689340.919418738223612 ], [ 227504.078614670434035, 2689349.402753243688494 ], [ 227511.096284055151045, 2689352.755413435399532 ], [ 227525.496272394957487, 2689358.952489090152085 ], [ 227539.516793207265437, 2689364.969909683335572 ], [ 227560.493060707522091, 2689371.463249997235835 ], [ 227575.301192934159189, 2689376.274865425657481 ], [ 227601.770480096107349, 2689382.149023470468819 ], [ 227610.950121315428987, 2689384.203772861510515 ], [ 227651.409604714019224, 2689391.77887334767729 ], [ 227658.731004773639143, 2689391.808738844003528 ], [ 227675.69091086712433, 2689391.943738296627998 ], [ 227678.497277300572023, 2689391.507789614144713 ], [ 227682.917464426602237, 2689390.47389222169295 ], [ 227695.259042680554558, 2689388.268222554586828 ], [ 227706.407461821218021, 2689382.959538060706109 ], [ 227713.499557893374003, 2689381.054481614381075 ], [ 227717.338061070244294, 2689379.157279242295772 ], [ 227721.855100513028447, 2689376.807406506501138 ], [ 227734.123973967856728, 2689371.224322095513344 ], [ 227737.96519573207479, 2689369.452101281378418 ], [ 227754.942209102388006, 2689364.580994523130357 ], [ 227771.21584950061515, 2689361.914996333885938 ], [ 227784.039777928031981, 2689361.76362336659804 ], [ 227793.804504364030436, 2689361.928584984969348 ], [ 227814.818621000391431, 2689370.17316573113203 ], [ 227818.847582854097709, 2689374.215901815798134 ], [ 227820.636592971161008, 2689375.92937816446647 ], [ 227837.435276908101514, 2689394.714086651802063 ], [ 227849.908304836193565, 2689424.72978297714144 ], [ 227852.612849051423836, 2689431.1788888447918 ], [ 227862.099532384541817, 2689464.888126855250448 ], [ 227866.06140984816011, 2689480.32053954526782 ], [ 227872.281163619656581, 2689504.714432490058243 ], [ 227876.282288279384375, 2689513.262921423651278 ], [ 227885.136724370066077, 2689532.156272886320949 ], [ 227889.082646527676843, 2689538.140655776485801 ], [ 227894.420188490650617, 2689547.724140967708081 ], [ 227903.209945950249676, 2689563.615533996839076 ], [ 227916.126405321643688, 2689585.174491202458739 ], [ 227917.815805846534204, 2689588.078986820299178 ], [ 227943.588728956179693, 2689625.504119314718992 ], [ 227952.20918963215081, 2689636.455993454903364 ], [ 227979.166758061619475, 2689670.789748603012413 ], [ 227989.716399816796184, 2689684.140192988794297 ], [ 228013.142158601782285, 2689708.475971889216453 ], [ 228026.412480559782125, 2689720.328800540883094 ], [ 228038.360042068583425, 2689731.772063757758588 ], [ 228062.361871052300557, 2689750.901856588665396 ], [ 228070.702078266127501, 2689757.542520263232291 ], [ 228079.976024070114363, 2689763.975008863024414 ], [ 228104.393260709533934, 2689779.15406557964161 ], [ 228113.439238318183925, 2689783.714553005062044 ], [ 228150.131828789657447, 2689802.320403763558716 ], [ 228154.940202530589886, 2689804.782264256384224 ], [ 228169.463894747023005, 2689810.913910138886422 ], [ 228179.304011523141526, 2689814.581187357194722 ], [ 228195.577517593745142, 2689820.612564438022673 ], [ 228202.445757444482297, 2689822.842266956809908 ], [ 228230.796936315484345, 2689834.745084875263274 ], [ 228248.330764751997776, 2689841.187532447744161 ], [ 228262.026334477530327, 2689846.648658059071749 ], [ 228283.437214098696131, 2689855.88563375454396 ], [ 228305.930812637030613, 2689868.916026216931641 ], [ 228327.036999475851189, 2689878.535001991782337 ], [ 228352.596918703755364, 2689897.380977912805974 ], [ 228356.471369883103762, 2689900.050621379166842 ], [ 228363.96734735253267, 2689905.269970434252173 ], [ 228377.128146881994326, 2689914.935101357288659 ], [ 228388.203669740119949, 2689920.765615160576999 ], [ 228403.301607216300908, 2689930.326452025678009 ], [ 228415.883851986553054, 2689936.374736733268946 ], [ 228430.150444298225921, 2689942.199220861773938 ], [ 228435.622683100460563, 2689943.520273954141885 ], [ 228458.202099157730117, 2689948.915148608386517 ], [ 228470.970978039316833, 2689952.018760086968541 ], [ 228487.435265662905294, 2689955.292963280342519 ], [ 228496.235526960575953, 2689957.167984153144062 ], [ 228520.505400164169259, 2689959.710694306064397 ], [ 228526.212974467838649, 2689960.33849955489859 ], [ 228545.605014200147707, 2689960.10793535457924 ], [ 228560.250623130530585, 2689960.292834612540901 ], [ 228564.94523875095183, 2689960.379277531988919 ], [ 228573.196824303711765, 2689960.013740049675107 ], [ 228576.821556594921276, 2689959.810399733483791 ], [ 228594.443408014369197, 2689958.742062165867537 ], [ 228612.004319429921452, 2689957.737763924524188 ], [ 228644.97534364630701, 2689954.649309416301548 ], [ 228655.701472652319353, 2689952.978909428697079 ], [ 228680.467119224660564, 2689949.504092472139746 ], [ 228692.449682993872557, 2689948.056753827724606 ], [ 228704.432148658495862, 2689946.609538319986314 ], [ 228773.970387729175854, 2689938.915631328709424 ], [ 228818.946365250041708, 2689929.624011370353401 ], [ 228832.140464901458472, 2689926.336098034400493 ], [ 228839.417409354355186, 2689924.302237921394408 ], [ 228874.510320241504814, 2689915.161003950517625 ], [ 228878.801367873849813, 2689913.942187779583037 ], [ 228927.870653505902737, 2689900.057201654650271 ], [ 228935.565029549354222, 2689897.075686981435865 ], [ 228941.090870965097565, 2689895.079372906591743 ], [ 228951.087105307495221, 2689891.484970522113144 ], [ 228978.032294691423886, 2689881.706118261441588 ], [ 228989.282168770616408, 2689878.209831244777888 ], [ 229031.196976781473495, 2689857.533752941526473 ], [ 229037.225656084774528, 2689855.651971577201039 ], [ 229039.401215305551887, 2689854.979223208036274 ], [ 229074.948499703314155, 2689843.700917153153569 ], [ 229121.828540714574046, 2689829.862974261399359 ], [ 229129.652192969922908, 2689827.066412588115782 ], [ 229160.697916663601063, 2689815.947720570955426 ], [ 229169.367456589417998, 2689811.756234688684344 ], [ 229192.218840778630693, 2689800.751868340186775 ], [ 229209.333964419260155, 2689790.684275968465954 ], [ 229221.994577104225755, 2689782.965332354884595 ], [ 229235.185631212138105, 2689773.733367386739701 ], [ 229246.342538075638004, 2689765.921687710564584 ], [ 229268.357439428626094, 2689748.052508301567286 ], [ 229274.918712977785617, 2689741.841569701675326 ], [ 229279.161290897463914, 2689738.371235897298902 ], [ 229290.411026393994689, 2689729.055951426271349 ], [ 229302.830035183229484, 2689718.839425364043564 ], [ 229321.705285970470868, 2689703.353039614390582 ], [ 229327.976765057537705, 2689698.212291707284749 ], [ 229339.906217422743794, 2689688.506732476409525 ], [ 229343.358675252413377, 2689686.117389352060854 ], [ 229352.099199333926663, 2689679.421266024000943 ], [ 229382.1369184498908, 2689656.373462016228586 ], [ 229387.080923324392643, 2689653.513860079925507 ], [ 229392.371924476989079, 2689649.332620829343796 ], [ 229411.693023560277652, 2689634.212138077244163 ], [ 229431.9376308703213, 2689618.383137522265315 ], [ 229441.95391938224202, 2689609.90784206893295 ], [ 229470.298809988657013, 2689586.70869583170861 ], [ 229480.875412204302847, 2689578.096234393771738 ], [ 229488.766592099331319, 2689569.72951450990513 ], [ 229504.244413701817393, 2689553.37766659585759 ], [ 229515.747388909221627, 2689541.303850630763918 ], [ 229525.062307719606906, 2689532.218036653008312 ], [ 229544.794817228044849, 2689512.958828599192202 ], [ 229552.320252420962788, 2689505.037744746077806 ], [ 229557.705264562566299, 2689499.415540905669332 ], [ 229578.27727432618849, 2689484.267944655846804 ], [ 229594.085352570400573, 2689468.722675229422748 ], [ 229612.527787720377091, 2689456.374013264663517 ], [ 229652.718755523790605, 2689434.108358289115131 ], [ 229657.053550674463622, 2689432.012676383368671 ], [ 229688.84113190905191, 2689414.683562132995576 ], [ 229720.649175704515073, 2689398.292716576717794 ], [ 229733.498136102920398, 2689393.51069015217945 ], [ 229749.761420688999351, 2689387.466186097357422 ], [ 229783.749902204959653, 2689379.350204665213823 ], [ 229789.185586333915126, 2689378.982647549826652 ], [ 229812.428201075643301, 2689377.418023475911468 ], [ 229822.550337562861387, 2689376.761772314552218 ], [ 229844.702162819681689, 2689376.847388863563538 ], [ 229864.711411737313028, 2689376.228294998873025 ], [ 229876.114066276350059, 2689376.921101513784379 ], [ 229897.012432637624443, 2689376.90862648980692 ], [ 229901.333153409999795, 2689377.065638820175081 ], [ 229943.946645861433353, 2689377.21083257207647 ], [ 229971.479761491762474, 2689377.305490091908723 ], [ 229989.313633090991061, 2689377.359049770981073 ], [ 230005.144619808415882, 2689377.393279652111232 ], [ 230008.523256646876689, 2689377.383010428398848 ], [ 230036.869235706981272, 2689377.460151864681393 ], [ 230041.124804705032147, 2689377.493537235073745 ], [ 230076.181563402235042, 2689378.302164280321449 ], [ 230083.19293167500291, 2689378.463788893073797 ], [ 230100.761598621611483, 2689377.834806065075099 ], [ 230123.667990328161977, 2689378.092094102874398 ], [ 230126.477063640253618, 2689377.7811692757532 ], [ 230152.80686404457083, 2689377.213635849300772 ], [ 230164.214958965603728, 2689378.156397435348481 ], [ 230181.932968171604443, 2689378.650444405153394 ], [ 230209.449753673980013, 2689377.994615837931633 ], [ 230238.546412760566454, 2689378.055716582108289 ], [ 230266.153971470892429, 2689378.712026957422495 ], [ 230268.404060403408948, 2689378.600894405506551 ], [ 230287.854465531127062, 2689378.18160657165572 ], [ 230306.165046039677691, 2689380.0394377107732 ], [ 230314.686830762657337, 2689380.606600916013122 ], [ 230326.125813182559796, 2689382.987909762188792 ], [ 230352.040413754235487, 2689386.371175648178905 ], [ 230371.434824100870173, 2689386.266076574567705 ], [ 230397.276503639179282, 2689386.272035264410079 ], [ 230407.100904099526815, 2689386.310522014740855 ], [ 230409.920543002022896, 2689386.500106589403003 ], [ 230439.487193825363647, 2689388.052615312393755 ], [ 230467.456630059634335, 2689388.075399439316243 ], [ 230470.336126062611584, 2689388.138496233616024 ], [ 230473.466135589813348, 2689388.19614846073091 ], [ 230491.37162532878574, 2689388.686115578748286 ], [ 230494.56517660105601, 2689388.804961708374321 ], [ 230522.690698633319698, 2689390.263439156115055 ], [ 230565.180658014782239, 2689396.292901468928903 ], [ 230567.746193691680674, 2689396.300159152131528 ], [ 230574.004400003119372, 2689396.352918125223368 ], [ 230575.519371671485715, 2689394.067699044942856 ], [ 230599.160008450213354, 2689393.558161501772702 ], [ 230621.032455883338116, 2689395.214013498742133 ], [ 230633.397233552939724, 2689391.193217932246625 ], [ 230652.114343509078026, 2689385.784096012357622 ], [ 230668.277071228832938, 2689377.989823472686112 ], [ 230689.384629852196667, 2689370.276748929638416 ], [ 230703.955103411222808, 2689364.081119630951434 ], [ 230711.731494138133712, 2689359.095473160967231 ], [ 230718.585842191590928, 2689354.880660941824317 ], [ 230734.581796702987049, 2689345.150327824056149 ], [ 230754.344565945793875, 2689330.208126920741051 ], [ 230778.43791015871102, 2689321.679826608859003 ], [ 230823.310343335673679, 2689325.0298378970474 ], [ 230862.149789236369543, 2689353.287599380128086 ], [ 230871.623829415999353, 2689366.097896134015173 ], [ 230884.614186089776922, 2689391.096160817425698 ], [ 230893.617750348115806, 2689440.144735679961741 ], [ 230899.401702204602771, 2689476.247995648067445 ], [ 230901.684694899478927, 2689489.275996591430157 ], [ 230902.111175107071176, 2689491.644446578808129 ], [ 230911.679515699273907, 2689532.046038038097322 ], [ 230924.819870531500783, 2689584.321644065435976 ], [ 230928.635351398785133, 2689595.877348571550101 ], [ 230929.571592385764234, 2689598.672786785289645 ], [ 230938.219358019938227, 2689625.391536774579436 ], [ 230944.830422019294929, 2689650.527316054794937 ], [ 230952.53857823862927, 2689677.203563282266259 ], [ 230956.124125713307876, 2689689.702776442281902 ], [ 230956.925901321170386, 2689692.063191093504429 ], [ 230965.241373636177741, 2689720.791220744606107 ], [ 230980.529325601179153, 2689762.383668423630297 ], [ 230991.756256248918362, 2689786.856620045378804 ], [ 231009.776585001091007, 2689807.178782985080034 ], [ 231025.051968584826682, 2689819.17582537792623 ], [ 231030.383707737259101, 2689822.689903775695711 ], [ 231058.232892796746455, 2689840.359793142415583 ], [ 231092.427846580394544, 2689862.147757510654628 ], [ 231096.932967459608335, 2689865.053916067816317 ], [ 231126.530586527718697, 2689882.560950251761824 ], [ 231143.685432034544647, 2689891.76446620002389 ], [ 231159.258106383669656, 2689900.125831141136587 ], [ 231169.62936352356337, 2689905.220653656404465 ], [ 231192.394729883875698, 2689916.367908443324268 ], [ 231195.408848497201689, 2689916.866052011493593 ], [ 231221.674444140284322, 2689924.934392252936959 ], [ 231228.493549281614833, 2689927.790672122500837 ], [ 231247.94825942843454, 2689933.377805205993354 ], [ 231250.654891433892772, 2689934.132857784163207 ], [ 231253.734137062099762, 2689934.754797997418791 ], [ 231282.017247990763281, 2689943.530449839774519 ], [ 231312.626874572597444, 2689949.940849252045155 ], [ 231324.685971176833846, 2689952.058388006873429 ], [ 231340.326089698704891, 2689954.849752331152558 ], [ 231369.401166426890995, 2689959.729099100455642 ], [ 231379.323026262747589, 2689961.392229226883501 ], [ 231419.804891982872505, 2689967.151656721718609 ], [ 231467.168407853983808, 2689972.888068786822259 ], [ 231505.083809187170118, 2689975.699505258817226 ], [ 231512.730014170694631, 2689976.285542676690966 ], [ 231558.221329369058367, 2689976.430991090368479 ], [ 231594.021028955408838, 2689979.788629151880741 ], [ 231628.937528126174584, 2689979.91174235381186 ], [ 231631.378036263864487, 2689979.92166752833873 ], [ 231670.35961622139439, 2689979.957211385015398 ], [ 231698.017423642217182, 2689980.049173888284713 ], [ 231720.724299330380745, 2689976.869023843668401 ], [ 231754.823652086255606, 2689976.82198796980083 ], [ 231758.64668980735587, 2689977.115018750075251 ], [ 231789.024462303612381, 2689978.587392732966691 ], [ 231815.09488516865531, 2689983.406325524207205 ], [ 231829.550738891121, 2689986.410679855383933 ], [ 231846.081125185126439, 2689989.871094493195415 ], [ 231870.557680252066348, 2689996.226106311194599 ], [ 231887.684522226103581, 2690001.237705440726131 ], [ 231904.749110939388629, 2690006.250949169509113 ], [ 231908.19286806677701, 2690006.36434925859794 ], [ 231933.361109046440106, 2690007.072842410765588 ], [ 231973.367700061644427, 2689999.515407874714583 ], [ 231977.444225703191478, 2689997.04984130943194 ], [ 231990.47572999651311, 2689989.135508169885725 ], [ 231999.135310560232028, 2689978.687309433706105 ], [ 232003.921537906222511, 2689968.510467430576682 ], [ 232005.957617213425692, 2689964.274449932854623 ], [ 232006.486220032267738, 2689942.363684160634875 ], [ 232005.924353710142896, 2689936.619384416844696 ], [ 232003.4453087640577, 2689917.401498506311327 ], [ 231984.889661186258309, 2689872.250834337435663 ], [ 231980.491674539982341, 2689862.710036247037351 ], [ 231967.099720181198791, 2689833.591088712215424 ], [ 231964.933586574858055, 2689828.882634770590812 ], [ 231935.09803646459477, 2689774.214321097359061 ], [ 231929.259389712358825, 2689761.7010876997374 ], [ 231911.875959630415309, 2689724.471661581192166 ], [ 231895.248309610411525, 2689687.476175113581121 ], [ 231892.216796091757715, 2689677.467770154587924 ], [ 231881.700115391751751, 2689642.405322062782943 ], [ 231874.8403010541806, 2689608.640402473509312 ], [ 231869.281682022789028, 2689568.465488719753921 ], [ 231864.25669377646409, 2689529.843351340387017 ], [ 231859.709446972061414, 2689481.449884430039674 ], [ 231857.61566443979973, 2689459.783515952993184 ], [ 231858.086731315590441, 2689388.756952094379812 ], [ 231867.166018095333129, 2689351.332335638348013 ], [ 231878.609099431603681, 2689316.171810023952276 ], [ 231880.485888651048299, 2689313.253218059428036 ], [ 231890.475451153819449, 2689286.132891164161265 ], [ 231895.311290790559724, 2689272.45100256614387 ], [ 231897.565227632410824, 2689266.708679418545216 ], [ 231903.857600092247594, 2689242.233494679909199 ], [ 231910.374171802483033, 2689219.442765293177217 ], [ 231916.857036282366607, 2689195.088668546639383 ], [ 231923.745011288207024, 2689177.921283416450024 ], [ 231924.064962102333084, 2689175.349015662446618 ], [ 231926.630037641967647, 2689155.021261255722493 ], [ 231928.811675984878093, 2689128.507467091549188 ], [ 231927.59880801406689, 2689107.072107602842152 ], [ 231925.779118066711817, 2689095.223089635372162 ], [ 231925.047133253479842, 2689090.295892206486315 ], [ 231922.358449532825034, 2689072.959560373332351 ], [ 231917.813952554482967, 2689047.904550869017839 ], [ 231918.045859602978453, 2689044.145344591699541 ], [ 231910.114051282522269, 2689007.087521191686392 ], [ 231905.286385053419508, 2688992.112252724356949 ], [ 231903.343260210880544, 2688986.147445590700954 ], [ 231885.034836522187106, 2688952.441618670709431 ], [ 231868.434799454582389, 2688928.334738581907004 ], [ 231863.317104057176039, 2688923.126570467837155 ], [ 231835.553014446573798, 2688894.880502570886165 ], [ 231832.097612527257297, 2688891.325949129182845 ], [ 231802.491365145193413, 2688870.502816982101649 ], [ 231777.419325140421279, 2688856.8398148259148 ], [ 231773.288215121603571, 2688853.862924336921424 ], [ 231745.824511779646855, 2688833.744260365143418 ], [ 231713.823534348455723, 2688800.521249852608889 ], [ 231708.536357095581479, 2688793.252014063298702 ], [ 231703.872924944502302, 2688785.906871555838734 ], [ 231678.180258823500481, 2688702.804821980651468 ], [ 231678.342259877012111, 2688687.096423467155546 ], [ 231678.772342042531818, 2688648.982308056205511 ], [ 231684.89104153617518, 2688616.439435699488968 ], [ 231695.56084503949387, 2688594.748056460171938 ], [ 231714.1883939265972, 2688573.573494133539498 ], [ 231752.994542007218115, 2688559.660157611127943 ], [ 231811.939293434144929, 2688571.466786105651408 ], [ 231884.163770176004618, 2688592.685704314615577 ], [ 231894.458198622625787, 2688594.215759166516364 ], [ 231917.77195996476803, 2688601.784774666652083 ], [ 231944.116663193737622, 2688607.724222614429891 ], [ 231949.929736541584134, 2688610.352044259663671 ], [ 231970.487547327473294, 2688617.792759804520756 ], [ 231977.868819372670259, 2688617.69630289869383 ], [ 232000.221878212410957, 2688615.525087354704738 ], [ 232012.481231101090088, 2688615.323490746784955 ], [ 232033.662590723251924, 2688611.050264071207494 ], [ 232061.121208507043775, 2688593.189326771534979 ], [ 232088.136245367059018, 2688569.268800974357873 ], [ 232124.038452520384453, 2688539.650569269433618 ], [ 232148.272297497838736, 2688520.232314351946115 ], [ 232154.442663159279618, 2688516.220014532562345 ], [ 232180.60270121647045, 2688499.075359418988228 ], [ 232197.632068191887811, 2688487.946527733933181 ], [ 232200.71850015030941, 2688486.002933144569397 ], [ 232202.736540977028199, 2688483.831979405134916 ], [ 232225.048957833962049, 2688459.449703564867377 ], [ 232228.035292306973133, 2688455.756359823979437 ], [ 232239.36588629882317, 2688441.496618243400007 ], [ 232244.158396649581846, 2688419.994609969202429 ], [ 232245.88295849354472, 2688395.492770658805966 ], [ 232245.537838903488591, 2688379.482394219841808 ], [ 232244.703844367351849, 2688375.621262998785824 ], [ 232240.609675849205814, 2688356.938621062319726 ], [ 232236.08008924179012, 2688347.087665392551571 ], [ 232226.598075570829678, 2688328.083280055318028 ], [ 232223.77709907857934, 2688319.134076755493879 ], [ 232213.560874188551679, 2688286.38009930215776 ], [ 232208.525832683837507, 2688267.592594775836915 ], [ 232203.220543125935365, 2688247.872428328264505 ], [ 232198.04737397027202, 2688219.765122297685593 ], [ 232195.262071176664904, 2688209.56379559636116 ], [ 232189.179453234246466, 2688174.092930266167969 ], [ 232185.344721573288552, 2688135.507646314334124 ], [ 232184.839614485565107, 2688103.357916303444654 ], [ 232181.03995621210197, 2688066.398598869331181 ], [ 232180.628529909066856, 2688035.685747200157493 ], [ 232180.444968614610843, 2688021.361450551543385 ], [ 232181.755987364507746, 2688012.510955102276057 ], [ 232184.916995353065431, 2687990.793916487600654 ], [ 232195.89473383751465, 2687960.148557482287288 ], [ 232206.814487862575334, 2687932.633212591055781 ], [ 232208.073998805135489, 2687930.10312482342124 ], [ 232229.338945219060406, 2687894.85639335308224 ], [ 232230.863460568187293, 2687893.009025238454342 ], [ 232251.091061412240379, 2687879.308552478440106 ], [ 232259.601596373890061, 2687873.556437229737639 ], [ 232294.290351277741138, 2687868.929784605745226 ], [ 232313.807117911113892, 2687868.697024149820209 ], [ 232318.186368259950541, 2687868.665292103774846 ], [ 232346.522291920264252, 2687868.305124110542238 ], [ 232373.46731270296732, 2687870.164569119922817 ], [ 232408.557006993738469, 2687872.53709564357996 ], [ 232422.75863319443306, 2687875.359553375281394 ], [ 232448.565110185591038, 2687879.558712359052151 ], [ 232470.547032508358825, 2687883.402481635566801 ], [ 232499.819685665483121, 2687891.6565523725003 ], [ 232504.100629164779093, 2687892.878405535593629 ], [ 232549.048154839198105, 2687905.549985648132861 ], [ 232569.569483311846852, 2687911.302310212049633 ], [ 232617.661564522190019, 2687924.719484316185117 ], [ 232630.364860854810104, 2687927.699387024156749 ], [ 232655.26671030028956, 2687933.482346763834357 ], [ 232659.920294796815142, 2687934.570842852350324 ], [ 232686.331410987593699, 2687940.696716572158039 ], [ 232695.376066595839802, 2687942.316314656287432 ], [ 232745.691694658366032, 2687951.493616702035069 ], [ 232751.40864116337616, 2687952.559152377769351 ], [ 232811.826277425920125, 2687965.961130874231458 ], [ 232832.327292397036217, 2687970.77520037535578 ], [ 232848.237707763793878, 2687974.49955115839839 ], [ 232882.357996876002289, 2687984.150702147278935 ], [ 232925.796383490087464, 2687996.479523375164717 ], [ 232945.185209842631593, 2688001.943089570384473 ], [ 233002.063705584849231, 2688016.610174783971161 ], [ 233022.9536334630684, 2688022.041381984949112 ], [ 233026.875643762818072, 2688024.021849020384252 ], [ 233062.684481870965101, 2688033.63663426740095 ], [ 233064.886910803557839, 2688034.214716150425375 ], [ 233100.255326771235559, 2688043.714106098748744 ], [ 233121.710843899752945, 2688049.258461312856525 ], [ 233154.743627750081941, 2688057.806894756387919 ], [ 233178.848793404526077, 2688064.357784369494766 ], [ 233217.365787296497729, 2688074.790202606003731 ], [ 233231.652419304649811, 2688078.674513001460582 ], [ 233286.278057694493327, 2688093.327341254800558 ], [ 233345.63391583727207, 2688112.633415332064033 ], [ 233355.653117458918132, 2688115.921492155175656 ], [ 233360.063353527977597, 2688117.328238341491669 ], [ 233394.618078658939339, 2688129.723052541725338 ], [ 233400.418948401638772, 2688131.787982531823218 ], [ 233445.899859770666808, 2688154.709282463882118 ], [ 233466.522175883117598, 2688165.151898820418864 ], [ 233517.132145788287744, 2688190.903376769740134 ], [ 233524.978661272325553, 2688194.988980695605278 ], [ 233556.32254848984303, 2688212.270890607032925 ], [ 233572.711831715132575, 2688220.802416985388845 ], [ 233574.798462555510923, 2688221.821107581723481 ], [ 233580.37064278969774, 2688224.892030211165547 ], [ 233607.15780674823327, 2688239.769153690896928 ], [ 233629.132698513101786, 2688251.997191907837987 ], [ 233661.031327107397374, 2688268.891679104417562 ], [ 233678.816511814075056, 2688278.331675384193659 ], [ 233682.303412089473568, 2688280.446414520964026 ], [ 233696.564758919004817, 2688288.961311893071979 ], [ 233720.146367348381318, 2688303.156771115493029 ], [ 233740.549475559149869, 2688315.043171580415219 ], [ 233757.847909771080595, 2688325.119307553395629 ], [ 233791.753494573407806, 2688348.039675187319517 ], [ 233815.435848959721625, 2688366.925670587923378 ], [ 233825.863090062339325, 2688377.525328492745757 ], [ 233849.982335930515546, 2688402.158008999656886 ], [ 233861.655081844306551, 2688418.299568223301321 ], [ 233868.748613652482163, 2688428.094978899229318 ], [ 233876.643957372638397, 2688440.250920679420233 ], [ 233889.065365544054657, 2688459.19182235468179 ], [ 233889.801760090573225, 2688461.428340162150562 ], [ 233897.815912126679905, 2688484.90657835546881 ], [ 233898.841099773882888, 2688491.829508320894092 ], [ 233908.074320578190964, 2688525.417623719666153 ], [ 233913.83374608453596, 2688551.697442767675966 ], [ 233917.108808378572576, 2688567.206478578969836 ], [ 233916.971120846632402, 2688569.524517044425011 ], [ 233918.808644653880037, 2688579.308197163045406 ], [ 233924.957134181109723, 2688612.024171555414796 ], [ 233928.410641323251184, 2688632.910202766768634 ], [ 233929.556779283098876, 2688639.642880356870592 ], [ 233933.724618093983736, 2688664.64305177424103 ], [ 233934.582890212768689, 2688669.630074425600469 ], [ 233935.851898230786901, 2688687.872717543970793 ], [ 233939.837850596522912, 2688718.946060807909817 ], [ 233948.629245766322128, 2688766.871756865177304 ], [ 233950.403006103122607, 2688776.594128354918212 ], [ 233952.442290792416316, 2688798.636972727719694 ], [ 233954.968128831300419, 2688814.224625514820218 ], [ 233955.757136682339478, 2688818.900288468692452 ], [ 233965.094950998318382, 2688845.728750864975154 ], [ 233970.547016248863656, 2688866.446478683035821 ], [ 233973.682559106033295, 2688878.392153872177005 ], [ 233977.663913538970519, 2688883.124082856345922 ], [ 233988.524721720954403, 2688893.526674900203943 ], [ 233993.720253036357462, 2688896.543080236297101 ], [ 233999.383067970804404, 2688895.107109318487346 ], [ 234001.804580812633503, 2688894.241452130954713 ], [ 234011.80064380686963, 2688890.647304809652269 ], [ 234019.620555629895534, 2688884.785007229540497 ], [ 234021.392403144447599, 2688882.807168130297214 ], [ 234032.147327146085445, 2688870.874964938033372 ], [ 234043.946451349824201, 2688858.044530068524182 ], [ 234060.390826409333386, 2688840.108302489854395 ], [ 234064.973409277386963, 2688835.004122221842408 ], [ 234092.898862919479143, 2688803.993818351067603 ], [ 234111.565026016964111, 2688784.63330110302195 ], [ 234126.56907440489158, 2688769.543794344644994 ], [ 234150.515109812549781, 2688745.501978383399546 ], [ 234154.085865359113086, 2688742.797042481135577 ], [ 234193.689122960146051, 2688716.540733301546425 ], [ 234219.709903693175875, 2688698.773706195410341 ], [ 234234.153969671635423, 2688689.640247468836606 ], [ 234244.902462163125165, 2688683.214393963105977 ], [ 234264.854633284150623, 2688671.271793286781758 ], [ 234282.35520673164865, 2688661.696975614409894 ], [ 234312.585391029773746, 2688650.5339559991844 ], [ 234320.68509399308823, 2688646.042268710210919 ], [ 234326.334339324908797, 2688643.980928713921458 ], [ 234328.383446682360955, 2688643.248466324526817 ], [ 234347.432955314579885, 2688644.589827063027769 ], [ 234367.540561246103607, 2688645.65817531151697 ], [ 234389.78007317520678, 2688652.749659837689251 ], [ 234399.73396546964068, 2688655.913727281149477 ], [ 234419.265342558850534, 2688662.187665529549122 ], [ 234433.814247620292008, 2688666.629311009775847 ], [ 234439.102675204689149, 2688668.142106820829213 ], [ 234457.581726859149057, 2688674.939170734025538 ], [ 234469.88055635051569, 2688679.491855677682906 ], [ 234500.725408579572104, 2688682.331008084584028 ], [ 234502.91979032458039, 2688682.533941307570785 ], [ 234508.068035396107007, 2688683.361559107899666 ], [ 234525.910642513656057, 2688683.852900850120932 ], [ 234550.764415908080991, 2688684.506140947341919 ], [ 234554.443342324171681, 2688683.926300555467606 ], [ 234559.680494964879472, 2688683.062601202167571 ], [ 234587.392717133858241, 2688679.90005437284708 ], [ 234606.356158293783665, 2688677.238938705995679 ], [ 234614.589764633099549, 2688676.060290369205177 ], [ 234627.440507200139109, 2688674.281766145024449 ], [ 234638.640971100132447, 2688671.412497127428651 ], [ 234651.287826573010534, 2688668.887367718853056 ], [ 234668.593347458867356, 2688661.882193079218268 ], [ 234679.470342513872311, 2688658.519393342081457 ], [ 234700.765551821386907, 2688647.924466647673398 ], [ 234702.750435970723629, 2688647.130866856779903 ], [ 234713.846692996157799, 2688642.324246210511774 ], [ 234727.853755400923546, 2688636.141069877427071 ], [ 234731.7519417143194, 2688634.117318063508719 ], [ 234751.304075832886156, 2688623.935250292532146 ], [ 234766.165820474154316, 2688613.854447459802032 ], [ 234776.269845425500534, 2688606.566427695564926 ], [ 234784.164325882331468, 2688601.265688919462264 ], [ 234819.454773890727665, 2688575.227698354516178 ], [ 234830.505556298594456, 2688565.416557380929589 ], [ 234841.493800810014363, 2688555.606822088360786 ], [ 234847.018669803044759, 2688550.670015383511782 ], [ 234867.323326138721313, 2688528.959267815109342 ], [ 234874.968113972106948, 2688520.785807908978313 ], [ 234880.017396595969331, 2688514.107321497052908 ], [ 234883.298906572861597, 2688509.594224874861538 ], [ 234887.917100059275981, 2688503.237933385185897 ], [ 234906.815609755401965, 2688477.240324415732175 ], [ 234909.048652903118636, 2688473.438175670802593 ], [ 234915.069322791940067, 2688462.484137634281069 ], [ 234931.505119487002958, 2688432.535113979596645 ], [ 234946.363102592236828, 2688404.872730653733015 ], [ 234951.835982589749619, 2688394.618819445371628 ], [ 234960.704436085303314, 2688379.348731965757906 ], [ 234961.593927281093784, 2688377.077137829270214 ], [ 234963.559400342695881, 2688372.467276875395328 ], [ 234969.108585590496659, 2688359.959139581769705 ], [ 234973.100625549792312, 2688350.675765488762408 ], [ 234974.947774770029355, 2688346.38123130146414 ], [ 234987.892628521542065, 2688328.645809006877244 ], [ 235004.183538095909171, 2688309.399281844496727 ], [ 235014.141565337777138, 2688298.23525567445904 ], [ 235037.789730848744512, 2688274.888185393530875 ], [ 235064.523591139120981, 2688246.657066922169179 ], [ 235075.366609271615744, 2688235.912079304922372 ], [ 235077.878035166591872, 2688233.417793794069439 ], [ 235111.385328480566386, 2688211.735530876554549 ], [ 235143.817814765090588, 2688186.6351158474572 ], [ 235160.62674900010461, 2688174.009606059640646 ], [ 235174.651063511497341, 2688162.820610707160085 ], [ 235180.728102127148304, 2688157.371433084830642 ], [ 235195.949271227233112, 2688143.653869898524135 ], [ 235217.881565913558006, 2688121.970674613956362 ], [ 235234.383813652326353, 2688098.027057566214353 ], [ 235246.004551679594442, 2688079.819435275159776 ], [ 235247.834899653040338, 2688077.652934216428548 ], [ 235263.876170813688077, 2688049.714699217118323 ], [ 235271.224234174820594, 2688021.963927576784045 ], [ 235272.767230945930351, 2688015.173305103555322 ], [ 235279.912227970198728, 2687983.797996169887483 ], [ 235290.708755694155116, 2687953.470063365995884 ], [ 235291.26798999303719, 2687950.39238821156323 ], [ 235292.271061977138743, 2687944.677101770881563 ], [ 235295.386663149110973, 2687926.653003092389554 ], [ 235300.494126758072525, 2687913.96668450627476 ], [ 235306.923302050214261, 2687907.446320485789329 ], [ 235317.321858437673654, 2687902.216758226044476 ], [ 235325.071859813877381, 2687893.10255362931639 ], [ 235326.960572779760696, 2687890.746779482346028 ], [ 235340.870121643005405, 2687882.939121171832085 ], [ 235403.174372191017028, 2687899.741429085377604 ], [ 235450.423335822182707, 2687914.740683850366622 ], [ 235471.212226102128625, 2687921.300483670085669 ], [ 235478.774720733286813, 2687923.827694725710899 ], [ 235482.741734598472249, 2687924.99378300877288 ], [ 235511.008946028072387, 2687933.081606184598058 ], [ 235512.967785877699498, 2687933.978053339291364 ], [ 235541.255747682938818, 2687940.125743899960071 ], [ 235546.098231856944039, 2687941.272807478904724 ], [ 235558.296796566166449, 2687944.075847549363971 ], [ 235568.620442473038565, 2687946.981806395109743 ], [ 235584.168662688753102, 2687951.339473077096045 ], [ 235588.952493803866673, 2687952.67528817569837 ], [ 235603.770926521741785, 2687955.109044880606234 ], [ 235655.321327818732243, 2687963.571119502186775 ], [ 235686.108757160429377, 2687966.661669959779829 ], [ 235705.48429691628553, 2687968.621946721803397 ], [ 235719.341912829433568, 2687970.012673075310886 ], [ 235746.027279158763122, 2687974.380598695017397 ], [ 235755.633349108917173, 2687975.925554123241454 ], [ 235794.783455970929936, 2687978.0226408704184 ], [ 235802.930951227201149, 2687978.660462115425617 ], [ 235806.821832698304206, 2687979.202297292184085 ], [ 235851.777123801817652, 2687980.673877946101129 ], [ 235858.583034531853627, 2687980.026650080922991 ], [ 235892.136067363084294, 2687980.805295239668339 ], [ 235912.481272831733804, 2687981.305462488438934 ], [ 235920.055283729161602, 2687981.455207875464112 ], [ 235947.165474145323969, 2687982.310036022216082 ], [ 235969.842152016644832, 2687983.573255741968751 ], [ 235972.222682297462597, 2687983.709552015177906 ], [ 236008.031376729952171, 2687990.446258940733969 ], [ 236020.513651339395437, 2687994.807234323583543 ], [ 236027.062083244614769, 2687996.731005677953362 ], [ 236043.452153728110716, 2687999.506146088708192 ], [ 236062.638863208005205, 2688007.226520937401801 ], [ 236067.098002374870703, 2688008.006410887464881 ], [ 236071.746078763972037, 2688008.844840140081942 ], [ 236102.006199261872098, 2688016.514197369571775 ], [ 236126.199547072057612, 2688021.373787270858884 ], [ 236131.61833529517753, 2688023.134048385545611 ], [ 236149.091536641353741, 2688026.824398959055543 ], [ 236170.865408192679752, 2688035.552733222488314 ], [ 236195.765475466439966, 2688041.272935759276152 ], [ 236216.176030047994573, 2688047.715591452084482 ], [ 236230.01330687396694, 2688048.168320355005562 ], [ 236249.052030049206223, 2688049.009325893595815 ], [ 236253.309871604898944, 2688049.167933300603181 ], [ 236263.70962318056263, 2688023.666478321887553 ], [ 236268.798637383675668, 2688001.408010296523571 ], [ 236275.253094486659393, 2687990.257077448070049 ], [ 236282.098386518540792, 2687982.72662402363494 ], [ 236292.610755202826113, 2687979.872266770340502 ], [ 236317.973334027046803, 2687983.830579167231917 ], [ 236345.735133876441978, 2688003.31668449845165 ], [ 236369.619616037642118, 2688022.886023411061615 ], [ 236371.594710186764132, 2688024.532946440856904 ], [ 236385.672425738768652, 2688039.058053275104612 ], [ 236392.271632758027408, 2688046.236155439633876 ], [ 236405.42430725187296, 2688064.285156894475222 ], [ 236426.666206301248167, 2688094.798238090239465 ], [ 236447.87479856290156, 2688123.747897471766919 ], [ 236467.264239392185118, 2688152.486341992393136 ], [ 236470.561457734671421, 2688157.420845104381442 ], [ 236482.420956913556438, 2688190.951684959698468 ], [ 236486.340418512932956, 2688213.141153522767127 ], [ 236492.322508595243562, 2688246.861281433608383 ], [ 236499.327666388067883, 2688293.197882377542555 ], [ 236498.119584303873125, 2688332.954238748177886 ], [ 236498.655797238519881, 2688337.509977504145354 ], [ 236502.468672086950392, 2688354.758978541009128 ], [ 236504.671497475181241, 2688381.490336863789707 ], [ 236511.727347801846918, 2688395.353343999478966 ], [ 236531.404904143302701, 2688425.837609263136983 ], [ 236542.017747034609783, 2688445.067415788304061 ], [ 236546.385715052019805, 2688453.232121306937188 ], [ 236552.26111258106539, 2688455.858473707456142 ], [ 236563.4516566049424, 2688461.248422203119844 ], [ 236583.402933656005189, 2688466.699715259019285 ], [ 236592.7363183562411, 2688473.00564422365278 ], [ 236611.666081463743467, 2688480.418573358096182 ], [ 236635.590572572022211, 2688490.226614087354392 ], [ 236640.333532963995822, 2688492.564441371709108 ], [ 236651.929794882424176, 2688502.262808447238058 ], [ 236661.244414120155852, 2688513.511910538654774 ], [ 236679.846333024499472, 2688537.637321940623224 ], [ 236698.578057115722913, 2688564.888460177462548 ], [ 236731.718979524273891, 2688616.230043173767626 ], [ 236740.734286461665761, 2688628.111405963078141 ], [ 236751.683979405032005, 2688642.641197886317968 ], [ 236767.527974137978163, 2688663.63520043483004 ], [ 236777.193910572503228, 2688679.56922732014209 ], [ 236792.834794841823168, 2688702.757409651763737 ], [ 236818.750994939764496, 2688741.115638589020818 ], [ 236833.373942294158041, 2688763.512299286667258 ], [ 236838.874438731232658, 2688771.965638620313257 ], [ 236840.104419955576304, 2688773.878521931823343 ], [ 236849.928279631363694, 2688788.432774911634624 ], [ 236848.198811895155814, 2688789.471121218055487 ], [ 236865.557702192221768, 2688822.695458108559251 ], [ 236873.218487644335255, 2688838.485111120156944 ], [ 236886.509413863765076, 2688865.853274070192128 ], [ 236902.038099995697848, 2688901.24446580465883 ], [ 236919.405435832275543, 2688940.66297953389585 ], [ 236921.534125868871342, 2688949.438920269720256 ], [ 236930.136679544870276, 2688974.092802081257105 ], [ 236931.697685088438448, 2688979.752742684446275 ], [ 236939.562718225701246, 2689007.926089307758957 ], [ 236954.638830747629981, 2689057.154253878630698 ], [ 236957.195875617326237, 2689065.483104328159243 ], [ 236968.284153398242779, 2689109.666863796766847 ], [ 236970.700340707728174, 2689123.066908474080265 ], [ 236973.618999624275602, 2689139.458928807172924 ], [ 236977.326360144477803, 2689169.223554170690477 ], [ 236977.779767458094284, 2689172.842865936923772 ], [ 236977.692219995136838, 2689197.808968225959688 ], [ 236977.446258782350924, 2689227.033084705937654 ], [ 236977.440334386657923, 2689229.660911852959543 ], [ 236977.273593836463988, 2689256.756133486051112 ], [ 236977.227966234320775, 2689260.448576828464866 ], [ 236976.029977878613863, 2689277.4300712258555 ], [ 236975.278093943139538, 2689291.89934190409258 ], [ 236974.861191232514102, 2689304.484326264355332 ], [ 236974.737826884782407, 2689310.368258855771273 ], [ 236971.193675533635542, 2689331.717556686140597 ], [ 236970.692832915985491, 2689334.606521673500538 ], [ 236970.971532244118862, 2689364.945488388650119 ], [ 236975.013027112057898, 2689381.188256081193686 ], [ 236980.363503526139539, 2689400.093440223950893 ], [ 236987.081168936390895, 2689412.774883992504328 ], [ 237002.647588337073103, 2689435.401442210655659 ], [ 237008.178303039632738, 2689442.352367168292403 ], [ 237017.634305615676567, 2689454.349096813704818 ], [ 237023.102352168236393, 2689461.301192968618125 ], [ 237024.658027876808774, 2689466.711199629120529 ], [ 237029.926919435150921, 2689484.741785556543618 ], [ 237032.455770011933055, 2689491.757584625855088 ], [ 237037.518723582033999, 2689506.038901086896658 ], [ 237041.309525728633162, 2689510.649536616634578 ], [ 237051.060730211320333, 2689521.8265026579611 ], [ 237053.488325380894821, 2689524.151783048640937 ], [ 237070.520515030773822, 2689539.30131054436788 ], [ 237088.189949638152029, 2689555.00013496959582 ], [ 237090.167687864624895, 2689556.77176544861868 ], [ 237102.36648232920561, 2689565.393519165925682 ], [ 237108.329937832604628, 2689569.206634195987135 ], [ 237143.035791730100755, 2689591.545673498883843 ], [ 237146.267017993261106, 2689593.415564300492406 ], [ 237147.918639097420964, 2689594.568732894491404 ], [ 237162.087084364320617, 2689604.586820116266608 ], [ 237180.45031176781049, 2689617.642898550722748 ], [ 237188.583390013489407, 2689623.411419239360839 ], [ 237196.326135919371154, 2689628.500049262307584 ], [ 237224.938047314644791, 2689646.778505987487733 ], [ 237245.49286853853846, 2689659.91258141444996 ], [ 237254.456373821129091, 2689666.476420023478568 ], [ 237270.285830076027196, 2689678.085390461608768 ], [ 237299.630042358767241, 2689698.412713366094977 ], [ 237317.732394923223183, 2689710.973834217060357 ], [ 237323.632114244916011, 2689714.725703798700124 ], [ 237352.859269958862569, 2689735.431018116418272 ], [ 237371.731014144199435, 2689748.851354562211782 ], [ 237374.590985432383604, 2689750.91705186245963 ], [ 237397.816434457665309, 2689768.935995513107628 ], [ 237400.106844684574753, 2689770.701183198485523 ], [ 237429.800485647981986, 2689798.529094020370394 ], [ 237434.790303524176124, 2689803.614379791542888 ], [ 237446.078796427929774, 2689816.447404408827424 ], [ 237447.74255561985774, 2689818.16340222582221 ], [ 237468.235014601959847, 2689845.814209161326289 ], [ 237473.296173192211427, 2689854.214152982924134 ], [ 237481.667144568113144, 2689868.111223250161856 ], [ 237485.040365816676058, 2689873.669568515848368 ], [ 237495.70924383943202, 2689892.584946807939559 ], [ 237502.047776656865608, 2689905.086862658150494 ], [ 237508.512756104639266, 2689917.648495679255575 ], [ 237519.222037254599854, 2689938.440179949626327 ], [ 237529.342729098396376, 2689958.055691367480904 ], [ 237531.230562838551123, 2689961.456052040215582 ], [ 237543.149709036690183, 2689983.222745766397566 ], [ 237558.193259732215665, 2690010.615268957801163 ], [ 237560.08098330872599, 2690014.015855886507779 ], [ 237568.153875180054456, 2690028.607651482336223 ], [ 237576.284038842655718, 2690042.947906266432256 ], [ 237589.55267656641081, 2690066.374741976615041 ], [ 237602.142111198161729, 2690087.313180868513882 ], [ 237617.912148720119148, 2690113.564202162902802 ], [ 237625.2502139051212, 2690123.103782472666353 ], [ 237635.482354308885988, 2690136.27241503354162 ], [ 237640.946361406065989, 2690143.036909027025104 ], [ 237646.226827007951215, 2690149.993339362088591 ], [ 237655.050774559087586, 2690161.690701020415872 ], [ 237671.778921332559548, 2690180.162538782227784 ], [ 237678.829433057748247, 2690187.956564974039793 ], [ 237686.24292198655894, 2690195.179496306926012 ], [ 237696.944332737359218, 2690206.898966806475073 ], [ 237699.757896062277723, 2690209.716461549978703 ], [ 237725.451818296685815, 2690237.755357081070542 ], [ 237730.962217180640437, 2690243.768021423835307 ], [ 237741.525909433781635, 2690257.805568727664649 ], [ 237753.508528471982572, 2690273.814505791757256 ], [ 237756.343799304158892, 2690277.632525633554906 ], [ 237762.503397427906748, 2690287.6354895029217 ], [ 237769.656784341612365, 2690297.304349975660443 ], [ 237777.005880801705644, 2690307.344299738295376 ], [ 237791.807114788738545, 2690329.298782197292894 ], [ 237806.375380665529519, 2690346.253116873092949 ], [ 237818.635711243143305, 2690360.629155459813774 ], [ 237840.137440046586562, 2690385.755380568094552 ], [ 237846.998763032839634, 2690393.490918417926878 ], [ 237855.819214937917423, 2690402.122619181405753 ], [ 237870.095472328044707, 2690417.14365168241784 ], [ 237874.136453115264885, 2690421.748816589359194 ], [ 237891.381652807700448, 2690438.08229425502941 ], [ 237912.571735164267011, 2690457.458915127906948 ], [ 237923.079231540701585, 2690465.991725026164204 ], [ 237929.693733868654817, 2690470.979489171877503 ], [ 237941.610767223930452, 2690481.045987289398909 ], [ 237947.792905902984785, 2690486.29348199814558 ], [ 237956.765813151636394, 2690493.295066615566611 ], [ 237961.152412928495323, 2690496.516534832306206 ], [ 237984.865900785080157, 2690513.961944016162306 ], [ 237999.737108971428825, 2690524.652831754647195 ], [ 238014.099866444477811, 2690534.979444819036871 ], [ 238027.993942111846991, 2690543.877174008172005 ], [ 238034.971459744992899, 2690548.294001369737089 ], [ 238054.57481935058604, 2690560.822493041865528 ], [ 238069.78550373663893, 2690572.757543731480837 ], [ 238074.494311232119799, 2690576.409960796590894 ], [ 238090.465026404999662, 2690588.766607108060271 ], [ 238104.256877679290483, 2690598.72994486708194 ], [ 238115.044655991980108, 2690605.75524641899392 ], [ 238121.217328688449925, 2690610.564753462094814 ], [ 238124.539351029176032, 2690613.746496259700507 ], [ 238151.809876037674258, 2690636.558443932328373 ], [ 238174.472062373097287, 2690657.467591324355453 ], [ 238201.628928683552658, 2690683.722702433355153 ], [ 238204.172290830145357, 2690685.607545801904052 ], [ 238225.41172275779536, 2690710.176189987454563 ], [ 238227.686927392409416, 2690714.1314592435956 ], [ 238238.085033142240718, 2690726.295215938705951 ], [ 238242.513330146670341, 2690731.455308013595641 ], [ 238260.620920372282853, 2690752.96305376989767 ], [ 238266.786504512827378, 2690760.338263733312488 ], [ 238285.001222999650054, 2690783.908277160022408 ], [ 238289.719339235307416, 2690787.998474257066846 ], [ 238300.772027753351722, 2690795.70602400880307 ], [ 238310.963793744886061, 2690798.301717365160584 ], [ 238320.276078274531756, 2690800.728743780869991 ], [ 238328.689700837043347, 2690802.111226407811046 ], [ 238343.97723548967042, 2690803.095428057480603 ], [ 238366.713412884069839, 2690804.231967427767813 ], [ 238391.836778998258524, 2690805.817279007285833 ], [ 238403.049577775673242, 2690791.936036367435008 ], [ 238403.224313977581915, 2690779.73174134735018 ], [ 238402.413619980390649, 2690774.055701478850096 ], [ 238395.722667023946997, 2690748.109684690833092 ], [ 238391.002372694812948, 2690732.319615465123206 ], [ 238385.306399000546662, 2690714.798714440315962 ], [ 238383.522796733683208, 2690690.123316615819931 ], [ 238382.631883061287226, 2690677.817077409941703 ], [ 238382.674491187848616, 2690673.999599156435579 ], [ 238383.069599413371179, 2690645.898714018054307 ], [ 238391.008520520845195, 2690610.75281777465716 ], [ 238393.125893166172318, 2690598.694399910513312 ], [ 238396.968749345309334, 2690576.713227517902851 ], [ 238399.358603774337098, 2690562.771953288465738 ], [ 238400.726030210702447, 2690556.548279932234436 ], [ 238401.923436605953611, 2690551.141921891830862 ], [ 238403.915239525347715, 2690541.964116553310305 ], [ 238405.522356853238307, 2690532.356876505538821 ], [ 238406.1373982168152, 2690528.964802211616188 ], [ 238409.362742468190845, 2690510.250631080940366 ], [ 238413.230525038554333, 2690495.213789888657629 ], [ 238421.418576742929872, 2690480.334083819296211 ], [ 238433.19241501999204, 2690469.256173619069159 ], [ 238439.784140613483032, 2690464.484027601312846 ], [ 238456.674277215526672, 2690458.551664286293089 ], [ 238490.711864579090616, 2690452.811962293926626 ], [ 238512.279532091371948, 2690449.093657946679741 ], [ 238514.960648908978328, 2690448.660415346734226 ], [ 238530.311091325653251, 2690446.765193334314972 ], [ 238541.039240556798177, 2690445.219919502735138 ], [ 238544.860717350500636, 2690445.450388421770185 ], [ 238577.769735487963771, 2690439.610110522247851 ], [ 238588.41639445326291, 2690437.190708249341697 ], [ 238608.625571523443796, 2690437.192919546272606 ], [ 238616.759242262603948, 2690437.205144346226007 ], [ 238627.741917114239186, 2690441.660925141535699 ], [ 238652.736048713355558, 2690451.758191623259336 ], [ 238665.631699258781737, 2690454.983832429163158 ], [ 238669.787554042326519, 2690456.208060282748193 ], [ 238690.823189283401007, 2690462.636792869307101 ], [ 238700.647877808281919, 2690465.615737580228597 ], [ 238718.540109860448865, 2690474.239502890966833 ], [ 238728.966147476341575, 2690481.897803589235991 ], [ 238738.056830860761693, 2690491.462284145411104 ], [ 238739.301114478381351, 2690496.941338004078716 ], [ 238743.505672069266438, 2690514.93237298540771 ], [ 238747.458784317655955, 2690532.865996290463954 ], [ 238752.950416473526275, 2690552.518617667257786 ], [ 238754.094876075891079, 2690562.066562922671437 ], [ 238752.994467762240674, 2690589.369346068706363 ], [ 238752.728855061373906, 2690591.564719479065388 ], [ 238748.25374100159388, 2690613.246666638180614 ], [ 238747.290368741028942, 2690617.897329468745738 ], [ 238747.116662952845218, 2690624.34546136809513 ], [ 238743.131821924325777, 2690648.456837915815413 ], [ 238742.967670939164236, 2690678.554741933941841 ], [ 238749.093336120800814, 2690695.690962581895292 ], [ 238754.750408080668421, 2690711.398271006066352 ], [ 238763.233888478251174, 2690724.729710240848362 ], [ 238776.963752323557856, 2690746.331678104121238 ], [ 238787.49276112797088, 2690764.561675836332142 ], [ 238793.539477029378759, 2690775.130100158508867 ], [ 238801.216739678406157, 2690788.791675713378936 ], [ 238803.618510501517449, 2690792.806742182932794 ], [ 238805.522458215302322, 2690796.957588811405003 ], [ 238810.939922650024528, 2690804.473857410717756 ], [ 238820.461678841937101, 2690822.412625986617059 ], [ 238827.561942841013661, 2690832.520461164880544 ], [ 238855.324578799598385, 2690854.94600809039548 ], [ 238858.365038399846526, 2690859.572909724898636 ], [ 238860.111339598603081, 2690862.225587271619588 ], [ 238880.887473396782298, 2690885.615200411528349 ], [ 238891.405496179097099, 2690894.648175370879471 ], [ 238897.931459039828042, 2690901.327142680995166 ], [ 238913.304095118568512, 2690912.069891796447337 ], [ 238923.874143552180612, 2690920.601080945227295 ], [ 238932.344103327923222, 2690927.488376666791737 ], [ 238939.589256082923384, 2690932.712817052844912 ], [ 238944.368496119015617, 2690936.739124670159072 ], [ 238958.391177800949663, 2690948.699640577659011 ], [ 238963.911736213805852, 2690958.090741722844541 ], [ 238980.69795986180543, 2690979.251197652425617 ], [ 238983.478877899207873, 2690983.445914015639573 ], [ 238989.469450439966749, 2691003.025075734127313 ], [ 238990.569732559932163, 2691016.327894403133541 ], [ 238992.577848624729086, 2691039.809562752023339 ], [ 238992.090371210419107, 2691060.717122859787196 ], [ 238991.655925371829653, 2691081.185700609348714 ], [ 238990.175273290224141, 2691090.852681717369705 ], [ 238984.280049016873818, 2691116.319072819780558 ], [ 238973.760432555660373, 2691147.82924464950338 ], [ 238965.570479539310327, 2691182.917956318240613 ], [ 238965.24242097476963, 2691185.114812496583909 ], [ 238957.614711548842024, 2691214.372533486690372 ], [ 238955.125806789525086, 2691220.808063981123269 ], [ 238953.399033736321144, 2691253.880277153570205 ], [ 238953.017462795629399, 2691259.394287546630949 ], [ 238948.271129380911589, 2691294.5963294073008 ], [ 238944.242410898441449, 2691313.765861656982452 ], [ 238932.305367593158735, 2691325.973559403792024 ], [ 238916.510693686577724, 2691342.081057115457952 ], [ 238912.347145831270609, 2691346.300266923382878 ], [ 238909.237457767216256, 2691350.058764863293618 ], [ 238903.016421003907453, 2691357.513174762949347 ], [ 238894.779762841120828, 2691370.141549990978092 ], [ 238893.223573139985092, 2691376.306594341527671 ], [ 238892.548474776791409, 2691388.521545722149312 ], [ 238894.685039048519684, 2691400.550815680529922 ], [ 238895.561770689790137, 2691409.291218574624509 ], [ 238896.67059748826432, 2691420.091216940898448 ], [ 238897.141696091421181, 2691424.523376756347716 ], [ 238897.47529029197176, 2691437.091946653090417 ], [ 238893.617146856326144, 2691461.263246669434011 ], [ 238892.864456660900032, 2691466.972763702273369 ], [ 238887.076059260871261, 2691488.683098465204239 ], [ 238887.278978843765799, 2691503.882327818777412 ], [ 238883.60343448605272, 2691524.921395414043218 ], [ 238882.613342722179368, 2691560.229996811132878 ], [ 238883.166240897087846, 2691571.355042063165456 ], [ 238883.531888303055894, 2691579.605721038766205 ], [ 238885.523108778492315, 2691622.60844593308866 ], [ 238885.753577768278774, 2691627.483616060111672 ], [ 238885.031002866395283, 2691672.296662064269185 ], [ 238884.886612403293839, 2691674.301824055612087 ], [ 238878.984480230516056, 2691702.333853734191507 ], [ 238876.489242410665611, 2691714.275273002684116 ], [ 238870.259272296418203, 2691735.807389667257667 ], [ 238864.357964242633898, 2691749.386307728942484 ], [ 238862.760776391340187, 2691756.553368648514152 ], [ 238852.310628035833361, 2691779.67810335336253 ], [ 238849.02775426703738, 2691787.0067019155249 ], [ 238842.165044220426353, 2691802.420942658558488 ], [ 238837.093673319555819, 2691813.854682667646557 ], [ 238832.952571104106028, 2691822.015108307357877 ], [ 238827.110002051922493, 2691844.102001346647739 ], [ 238817.093010914919432, 2691861.210952914319932 ], [ 238812.350963288539788, 2691879.207334166392684 ], [ 238812.368992076633731, 2691917.747765199746937 ], [ 238812.581455138366437, 2691924.687939650844783 ], [ 238812.706352184439311, 2691942.078757775016129 ], [ 238812.619538584345719, 2691949.651220970787108 ], [ 238815.829161397356074, 2691967.913810269441456 ], [ 238816.619573603704339, 2691972.651827688794583 ], [ 238818.765602368628606, 2691985.118810486979783 ], [ 238826.343168514431454, 2692002.849241791293025 ], [ 238833.324479487462668, 2692019.028440760448575 ], [ 238835.658802248944994, 2692025.73527367785573 ], [ 238847.803068855486345, 2692060.823075040243566 ], [ 238851.522256448166445, 2692070.816123173572123 ], [ 238862.276702958391979, 2692099.48960829153657 ], [ 238867.327270586625673, 2692116.085811187978834 ], [ 238871.504240080423187, 2692129.885408252011985 ], [ 238872.314136397006223, 2692132.620907056611031 ], [ 238873.524794943747111, 2692136.536429928615689 ], [ 238876.672238942119293, 2692160.619126657024026 ], [ 238876.828636819991516, 2692176.570109612774104 ], [ 238876.579744513350306, 2692185.334785982966423 ], [ 238870.332286872057011, 2692206.054096526000649 ], [ 238859.198330329672899, 2692229.381052741315216 ], [ 238857.636102277523605, 2692238.174142530187964 ], [ 238856.407514845719561, 2692245.0202975589782 ], [ 238853.665198443282861, 2692271.607517332304269 ], [ 238844.115284177940339, 2692292.961199873127043 ], [ 238835.75013524966198, 2692311.223276102915406 ], [ 238830.261845049564727, 2692329.423455248586833 ], [ 238826.060410412057536, 2692349.284998105838895 ], [ 238822.825017333874712, 2692364.620943737216294 ], [ 238821.442376898310613, 2692373.034669019281864 ], [ 238817.088272164430236, 2692388.707641184329987 ], [ 238815.958400015806546, 2692397.241040297783911 ], [ 238813.75071620644303, 2692413.806252334266901 ], [ 238813.700274758477462, 2692440.46047367202118 ], [ 238813.63933903927682, 2692455.039859729819 ], [ 238812.681157695682487, 2692462.818758821114898 ], [ 238813.453645880712429, 2692487.015252816025168 ], [ 238813.340197877201717, 2692507.852240552194417 ], [ 238812.628759279381484, 2692527.075408728327602 ], [ 238812.276546714128926, 2692536.84336604969576 ], [ 238813.384595279290807, 2692553.399612838868052 ], [ 238833.725648387335241, 2692585.620142129715532 ], [ 238866.955374371988, 2692623.631614877376705 ], [ 238881.132520056853537, 2692639.843068306799978 ], [ 238896.062660651718033, 2692656.163394624367356 ], [ 238906.520762134343386, 2692668.200772399548441 ], [ 238906.584030059311772, 2692688.533411995507777 ], [ 238905.479110653628595, 2692704.01122761843726 ], [ 238904.274396527500357, 2692706.164473433047533 ], [ 238888.632318838703213, 2692729.338728947099298 ], [ 238886.633317893923959, 2692732.385015818756074 ], [ 238868.531407917791512, 2692760.430084845982492 ], [ 238868.38787212560419, 2692765.375912736635655 ], [ 238870.859556790586794, 2692781.339459278155118 ], [ 238874.492661633557873, 2692796.026675961446017 ], [ 238877.920471713063307, 2692809.90508136479184 ], [ 238887.076636638055788, 2692845.683250493369997 ], [ 238888.105914776184363, 2692852.793394939042628 ], [ 238887.547998077439843, 2692873.327284987084568 ], [ 238883.53678434266476, 2692887.491151173599064 ], [ 238881.677307368663605, 2692894.100733576342463 ], [ 238876.767799687891966, 2692913.039207047782838 ], [ 238868.776190293108812, 2692951.502207416575402 ], [ 238868.525092312454944, 2692957.263860072009265 ], [ 238868.356915225565899, 2692990.052103438880295 ], [ 238868.253078918642132, 2693020.023717807605863 ], [ 238868.109546258783666, 2693051.059491663705558 ], [ 238868.120936303690542, 2693057.378641434945166 ], [ 238868.062348367035156, 2693066.264159163460135 ], [ 238867.937818049831549, 2693089.478905663825572 ], [ 238867.832575399224879, 2693110.691134020220488 ], [ 238867.125845505011966, 2693118.527336305007339 ], [ 238865.442871344741434, 2693136.207226415164769 ], [ 238862.592547581065446, 2693157.791697662789375 ], [ 238860.598721506859874, 2693172.662904131691903 ], [ 238859.469048497529002, 2693181.196308967191726 ], [ 238851.83859003460384, 2693213.207178053446114 ], [ 238851.572835098195355, 2693226.977533293422312 ], [ 238853.920838343881769, 2693234.309744977857918 ], [ 238859.223293078073766, 2693242.266417906153947 ], [ 238863.707406801899197, 2693247.112257585860789 ], [ 238870.257143657130655, 2693249.098090706858784 ], [ 238869.598513957200339, 2693253.366862458176911 ], [ 238876.195052156923339, 2693260.419578790664673 ], [ 238895.926815741811879, 2693278.888723768293858 ], [ 238909.465920877788449, 2693288.73219465278089 ], [ 238922.408405996713554, 2693297.0243383301422 ], [ 238928.787081305636093, 2693296.886626995634288 ], [ 238933.085563454864314, 2693298.921036579180509 ], [ 238939.573554399830755, 2693303.848940700292587 ], [ 238950.477080186828971, 2693301.736584375612438 ], [ 238958.942238755378639, 2693296.798742559738457 ], [ 238963.082182107522385, 2693294.394435162190348 ], [ 238989.938329861121019, 2693271.916558933444321 ], [ 238996.610672198090469, 2693265.0779277109541 ], [ 239026.705046701448737, 2693241.904363163281232 ], [ 239043.938887577969581, 2693228.706450141966343 ], [ 239065.726926376490155, 2693223.606268547940999 ], [ 239097.452517969999462, 2693212.222578626126051 ], [ 239138.089412804110907, 2693210.782440699636936 ], [ 239176.755266087362543, 2693233.973102876450866 ], [ 239228.675647815107368, 2693271.205267284531146 ], [ 239283.089299329585629, 2693325.401675686705858 ], [ 239313.5633921380213, 2693354.587881982792169 ], [ 239346.30141176408506, 2693390.106937513686717 ], [ 239372.385270644648699, 2693413.006293431855738 ], [ 239394.245841265335912, 2693440.250941358041018 ], [ 239428.971055029163836, 2693469.282750100828707 ], [ 239448.584387582173804, 2693488.067180237732828 ], [ 239469.509096573689021, 2693509.638729178812355 ], [ 239480.046773597132415, 2693525.365386668592691 ], [ 239496.84648971867864, 2693550.029102082364261 ], [ 239513.962082290265244, 2693580.629949377384037 ], [ 239518.259580144367646, 2693588.420408237725496 ], [ 239519.704205349262338, 2693591.58020768687129 ], [ 239533.960499088600045, 2693614.359276788309216 ], [ 239559.78018442375469, 2693648.213061770889908 ], [ 239600.297171785612591, 2693693.386741079390049 ], [ 239621.258129745605402, 2693728.221645962912589 ], [ 239634.172819105762755, 2693749.715659562963992 ], [ 239652.643401106644887, 2693782.226478192023933 ], [ 239667.929674424987752, 2693809.237856468651444 ], [ 239698.580773491907166, 2693864.009406897705048 ], [ 239730.828998702665558, 2693920.310788547620177 ], [ 239743.657296824385412, 2693937.802386066410691 ], [ 239768.411271197284805, 2693971.554097415879369 ], [ 239772.111096325155813, 2693977.730869183316827 ], [ 239773.661883487045998, 2693980.012279689311981 ], [ 239783.803994770190911, 2693994.809107922017574 ], [ 239787.188844565331237, 2693997.989413617644459 ], [ 239801.891884629672859, 2694015.378174321725965 ], [ 239809.39083368392312, 2694023.662536578252912 ], [ 239814.841599966399372, 2694029.801568853668869 ], [ 239824.561972448165761, 2694039.539595256559551 ], [ 239830.178385194041766, 2694044.673779929988086 ], [ 239840.353669518837705, 2694058.093292352277786 ], [ 239844.591861623513978, 2694063.132333278656006 ], [ 239846.709446073102299, 2694065.589262892492115 ], [ 239860.114056874270318, 2694074.997537024784833 ], [ 239884.453559536515968, 2694089.55038717482239 ], [ 239892.601476364507107, 2694096.006412924733013 ], [ 239903.488354955450632, 2694104.718172694090754 ], [ 239918.750007290684152, 2694113.210576144047081 ], [ 239956.241658130165888, 2694134.17380159534514 ], [ 239980.559547386132181, 2694147.726176897063851 ], [ 239991.122010292019695, 2694153.003588208463043 ], [ 240010.601934207516024, 2694162.718755167443305 ], [ 240013.890454284352018, 2694164.336958178784698 ], [ 240025.779521944961743, 2694170.211793503258377 ], [ 240056.375459461356513, 2694184.754697726573795 ], [ 240058.398210348183056, 2694185.711875692009926 ], [ 240067.732027927646413, 2694189.139298712834716 ], [ 240082.205826703051571, 2694193.018564938567579 ], [ 240093.517035820783349, 2694201.095661195460707 ], [ 240102.233396554685896, 2694204.911644630599767 ], [ 240114.154678689024877, 2694215.165181938093156 ], [ 240129.078881247463869, 2694216.7199503374286 ], [ 240134.069347142358311, 2694218.927007016725838 ], [ 240172.966624030785169, 2694238.358429414220154 ], [ 240194.395781992498087, 2694251.409897685516626 ], [ 240202.193063415208599, 2694256.121647817082703 ], [ 240218.336251240776619, 2694270.663706602994353 ], [ 240231.998053064919077, 2694277.501168441027403 ], [ 240237.816025492851622, 2694280.378602062352002 ], [ 240244.719137599080568, 2694284.233843058347702 ], [ 240263.782876723271329, 2694294.958783444948494 ], [ 240307.53988332717563, 2694319.227931197267026 ], [ 240336.846992963226512, 2694332.046671327669173 ], [ 240357.833436840184731, 2694341.97933644335717 ], [ 240382.194035218446516, 2694351.714114487171173 ], [ 240408.175450143608032, 2694358.285476875957102 ], [ 240426.283015146269463, 2694362.399047161452472 ], [ 240443.889316627930384, 2694366.461135338526219 ], [ 240465.017452416650485, 2694371.385376348625869 ], [ 240478.769878850725945, 2694373.716264940798283 ], [ 240485.300641044188524, 2694374.826563886366785 ], [ 240502.323548109910917, 2694377.962618621066213 ], [ 240515.492604745988501, 2694379.367437777575105 ], [ 240518.565090051764855, 2694379.676502138841897 ], [ 240544.663923567102756, 2694382.991980309132487 ], [ 240554.362410826754058, 2694383.0326789454557 ], [ 240561.749863799021114, 2694383.248695858288556 ], [ 240588.226505272439681, 2694377.984510216861963 ], [ 240599.139352538739331, 2694376.309855933766812 ], [ 240617.774981524271425, 2694367.21069450955838 ], [ 240640.58361439127475, 2694354.330181896686554 ], [ 240673.149418720917311, 2694338.423756030853838 ], [ 240703.738103607029188, 2694317.867354728281498 ], [ 240708.980713864701102, 2694314.375538221560419 ], [ 240728.531059710629052, 2694298.374648112338036 ], [ 240741.586058505461551, 2694288.707691750023514 ], [ 240752.793522397638299, 2694280.394930905196816 ], [ 240760.155676332447911, 2694276.544521417934448 ], [ 240767.580361507134512, 2694272.692855382338166 ], [ 240780.609521581674926, 2694264.715901277959347 ], [ 240795.264270149898948, 2694256.703969870693982 ], [ 240804.983996209979523, 2694251.926700852811337 ], [ 240811.567643272661371, 2694243.901392749045044 ], [ 240821.340833271911833, 2694235.807135415263474 ], [ 240832.736148081457941, 2694224.612087848130614 ], [ 240845.757667120342376, 2694213.381944813765585 ], [ 240845.246933091373648, 2694210.014471875037998 ], [ 240854.397406803822378, 2694202.058812361676246 ], [ 240860.520972275640815, 2694198.79823695262894 ], [ 240862.314347081759479, 2694197.821112004574388 ], [ 240871.251557738840347, 2694188.68129445053637 ], [ 240878.350462014524965, 2694181.333030950743705 ], [ 240889.771872192097362, 2694168.448187370318919 ], [ 240907.66615043769707, 2694153.984537067357451 ], [ 240927.187504423229257, 2694139.548419779632241 ], [ 240946.695560009306064, 2694133.183283270802349 ], [ 240969.40078237580019, 2694130.002957127988338 ], [ 241006.753652612125734, 2694130.072261180263013 ], [ 241035.909030634065857, 2694130.06827035266906 ], [ 241058.628035841073142, 2694133.331672142725438 ], [ 241082.07487511227373, 2694144.212223520502448 ], [ 241087.573497306380887, 2694146.78387485537678 ], [ 241112.269561993132811, 2694157.57491833390668 ], [ 241136.418507700058399, 2694172.006591402925551 ], [ 241157.442143911699532, 2694186.568282421212643 ], [ 241191.434808089252329, 2694210.672551871743053 ], [ 241197.676873180113034, 2694215.793404826428741 ], [ 241205.064764701004606, 2694221.82773459982127 ], [ 241234.566156261396827, 2694234.954911142587662 ], [ 241275.779297643603059, 2694239.9462168244645 ], [ 241316.844670333608519, 2694240.999048233497888 ], [ 241323.867284886568086, 2694244.601121800020337 ], [ 241340.509973938664189, 2694244.617231406737119 ], [ 241369.762868920923211, 2694246.237753947731107 ], [ 241404.997630528843729, 2694246.728413291275501 ], [ 241407.062734349980019, 2694246.746385710313916 ], [ 241412.809258859459078, 2694246.30947489105165 ], [ 241439.463063351606252, 2694246.359607382211834 ], [ 241469.518052925908705, 2694247.462347581982613 ], [ 241484.902001824288163, 2694247.13021485786885 ], [ 241487.155929661501432, 2694247.206689310725778 ], [ 241518.483750001207227, 2694246.405090861022472 ], [ 241545.886586482811254, 2694246.376410324592143 ], [ 241598.626791254995624, 2694240.48259058361873 ], [ 241601.67610933931428, 2694239.728580641560256 ], [ 241624.654206207575044, 2694237.605598039459437 ], [ 241662.868156922399066, 2694234.090028623118997 ], [ 241666.625599486287683, 2694234.259225860238075 ], [ 241705.76638035668293, 2694233.101183322723955 ], [ 241737.223658304195851, 2694229.606559488456696 ], [ 241742.984918598667718, 2694229.857539302669466 ], [ 241760.870284222299233, 2694229.471346332225949 ], [ 241788.383799343166174, 2694225.874091314151883 ], [ 241804.615918525872985, 2694224.272303404752165 ], [ 241830.636617092590313, 2694221.082730031106621 ], [ 241848.489918256382225, 2694216.317622552625835 ], [ 241864.755414202867541, 2694210.460695527959615 ], [ 241888.960710246086819, 2694201.429234602488577 ], [ 241892.374513793358346, 2694200.166784158907831 ], [ 241921.928099913988262, 2694189.643231090158224 ], [ 241941.849895541381557, 2694179.265371306333691 ], [ 241950.753929934551707, 2694174.380740563385189 ], [ 241969.751148167939391, 2694164.648248087149113 ], [ 241978.868182837439235, 2694160.947819633875042 ], [ 241983.576378170400858, 2694158.781500576995313 ], [ 242000.61293536631274, 2694150.968361211940646 ], [ 242012.507870913104853, 2694145.518667658790946 ], [ 242019.136961866723141, 2694142.497629600111395 ], [ 242024.438084163295571, 2694138.816864710301161 ], [ 242046.813284144271165, 2694123.255488796625286 ], [ 242060.199693150905659, 2694114.45779572147876 ], [ 242066.811389783397317, 2694110.623620599508286 ], [ 242071.692272870888701, 2694107.765597660560161 ], [ 242090.20765623866464, 2694093.100930111948401 ], [ 242098.368155696312897, 2694085.667101682163775 ], [ 242108.184845111070899, 2694076.696157298516482 ], [ 242124.508789681975031, 2694061.953713474329561 ], [ 242131.508272130333353, 2694055.796499692369252 ], [ 242149.024769628013019, 2694038.338038455229253 ], [ 242159.069874196109595, 2694028.361071023158729 ], [ 242173.059371923241997, 2694015.608536456245929 ], [ 242174.716810225450899, 2694014.133797788992524 ], [ 242179.918924515746767, 2694008.765888944733888 ], [ 242187.84460576690617, 2693999.14767004083842 ], [ 242191.624680737470044, 2693994.561178896576166 ], [ 242201.853863977768924, 2693981.514596814289689 ], [ 242216.44686728619854, 2693967.748304776847363 ], [ 242219.880081039475044, 2693964.483254032675177 ], [ 242228.183768388989847, 2693954.98194700665772 ], [ 242230.138938354153652, 2693952.812531467992812 ], [ 242238.876383239869028, 2693943.113895740825683 ], [ 242254.80341043494991, 2693927.379223043564707 ], [ 242258.417288144497434, 2693923.797458598390222 ], [ 242274.037311135063646, 2693908.31956218322739 ], [ 242278.02232181202271, 2693904.542167820967734 ], [ 242284.881881034380058, 2693897.699694249313325 ], [ 242296.486314876325196, 2693887.501390394289047 ], [ 242308.450272640708135, 2693873.666460574604571 ], [ 242314.272375011176337, 2693868.034924968611449 ], [ 242335.012040062400047, 2693843.374628791585565 ], [ 242346.363229484966723, 2693827.238288674503565 ], [ 242358.442821713775629, 2693812.962974551133811 ], [ 242360.883343647816218, 2693810.094917952548712 ], [ 242362.145370974583784, 2693807.69015896692872 ], [ 242367.855312505853362, 2693796.868404073640704 ], [ 242372.485630534123629, 2693788.197051260620356 ], [ 242375.481345863052411, 2693782.06349904416129 ], [ 242380.929088070814032, 2693770.684312333818525 ], [ 242393.212517481821124, 2693748.458940173499286 ], [ 242398.632646024110727, 2693738.706891865003854 ], [ 242411.659636706695892, 2693716.152651187498122 ], [ 242415.272795963159297, 2693709.630572009831667 ], [ 242426.517815927189076, 2693685.67579045984894 ], [ 242437.418121500842972, 2693666.045290695969015 ], [ 242438.122709889139514, 2693663.902969609480351 ], [ 242444.415663226973265, 2693645.310432018712163 ], [ 242448.623426730540814, 2693634.45864692889154 ], [ 242450.225572232593549, 2693630.419844929128885 ], [ 242459.254763515491504, 2693613.958209858741611 ], [ 242468.488346624508267, 2693595.364841665606946 ], [ 242470.291538429708453, 2693591.947219288907945 ], [ 242478.046702798397746, 2693577.327448643743992 ], [ 242488.404262698837556, 2693561.525387419387698 ], [ 242495.811096042627469, 2693548.164348606951535 ], [ 242497.518943614151794, 2693546.125399102456868 ], [ 242506.240090141625842, 2693535.676529855001718 ], [ 242511.138984441611683, 2693530.753194952849299 ], [ 242518.173920186731266, 2693523.343885297421366 ], [ 242529.84017401561141, 2693510.203770567197353 ], [ 242537.57819331457722, 2693500.58945829840377 ], [ 242540.187666537502082, 2693496.841820611152798 ], [ 242550.518938570574392, 2693482.729428504128009 ], [ 242566.622763561084867, 2693466.490374946966767 ], [ 242575.221747580828378, 2693456.169358485378325 ], [ 242581.192115822312189, 2693448.720341819804162 ], [ 242592.712589373375522, 2693437.522774648386985 ], [ 242601.447222608985612, 2693427.699357459787279 ], [ 242604.197918618418043, 2693424.699350990355015 ], [ 242614.073079425783362, 2693415.539485993795097 ], [ 242616.831746732699685, 2693412.91471095662564 ], [ 242629.152576413791394, 2693404.014882892370224 ], [ 242631.930275398219237, 2693402.265636301599443 ], [ 242643.885260276467307, 2693393.811711283866316 ], [ 242648.401672275736928, 2693391.461855652742088 ], [ 242654.506397913792171, 2693387.32595007866621 ], [ 242661.301430439780233, 2693383.30024666339159 ], [ 242672.606369043438463, 2693376.612062747124583 ], [ 242675.566287126130192, 2693374.608586526941508 ], [ 242692.238978741457686, 2693364.426148785278201 ], [ 242713.135146312764846, 2693355.716597088612616 ], [ 242714.928427635895787, 2693354.739402812439948 ], [ 242734.223457476531621, 2693344.312676306813955 ], [ 242741.84783881745534, 2693341.0197509736754 ], [ 242760.118779264535988, 2693332.429432688746601 ], [ 242773.304841945675435, 2693328.828817312605679 ], [ 242799.553381517267553, 2693318.815078653860837 ], [ 242821.895479094440816, 2693313.327577048912644 ], [ 242828.059600921726087, 2693311.943077203817666 ], [ 242847.981784366100328, 2693307.383713878691196 ], [ 242868.105003293778282, 2693303.445892743300647 ], [ 242872.138705427001696, 2693301.919833416584879 ], [ 242878.903947504033567, 2693299.396281637251377 ], [ 242885.39760916607338, 2693292.999716857913882 ], [ 242895.26332111103693, 2693283.402039347216487 ], [ 242897.713343752577202, 2693280.97158390050754 ], [ 242918.783995309437159, 2693260.058287244290113 ], [ 242920.977296046738047, 2693257.320648261345923 ], [ 242935.11022653785767, 2693239.622848704457283 ], [ 242955.694528697320493, 2693216.467357936315238 ], [ 242960.992146592820063, 2693209.721365487203002 ], [ 242969.688854932930553, 2693198.146951429545879 ], [ 242978.007815155113349, 2693186.455524126067758 ], [ 242992.957698749698466, 2693168.927437454927713 ], [ 243005.235380258003715, 2693158.026565530803055 ], [ 243009.611988270859001, 2693154.991593060083687 ], [ 243018.904850534250727, 2693147.846545381005853 ], [ 243026.831457723892527, 2693141.168602525722235 ], [ 243037.811966230336111, 2693131.046358520165086 ], [ 243049.330221542419167, 2693116.845851919148117 ], [ 243051.784330992086325, 2693114.603207678999752 ], [ 243061.104759851616109, 2693105.830633671022952 ], [ 243064.736304581369041, 2693103.062053507659584 ], [ 243071.200030775944469, 2693098.167629585601389 ], [ 243077.662216890283162, 2693093.210730525664985 ], [ 243079.197276715538464, 2693091.863696805667132 ], [ 243092.211823060875759, 2693080.321211186703295 ], [ 243095.912519259523833, 2693077.863913969602436 ], [ 243107.281349890661659, 2693071.237028052099049 ], [ 243115.791046646801988, 2693065.485014587640762 ], [ 243119.858980330289342, 2693062.644443830475211 ], [ 243128.364765004138462, 2693056.704990472178906 ], [ 243132.946261455712374, 2693054.478806177619845 ], [ 243140.810055371199269, 2693050.680269613396376 ], [ 243156.202738397754729, 2693044.967611963395029 ], [ 243161.968494568165625, 2693042.528249511960894 ], [ 243192.970608581323177, 2693035.352385332342237 ], [ 243199.569600087008439, 2693033.833692118525505 ], [ 243245.392422937555239, 2693026.337767627555877 ], [ 243248.323600315052317, 2693025.899167852010578 ], [ 243267.375279352883808, 2693024.486839811317623 ], [ 243289.05199082539184, 2693022.955382125917822 ], [ 243292.17199836843065, 2693022.575196023564786 ], [ 243305.095109458867228, 2693021.295311788097024 ], [ 243322.054618353111437, 2693018.614265442360193 ], [ 243355.074899122148054, 2693015.086378031410277 ], [ 243376.6379227375146, 2693011.179773103445768 ], [ 243378.943596660508774, 2693010.754578015767038 ], [ 243399.233370299916714, 2693002.934154846239835 ], [ 243405.423274266911903, 2692999.860010237433016 ], [ 243413.764399228966795, 2692994.98757118685171 ], [ 243425.436382378626149, 2692987.916352508123964 ], [ 243436.66787218261743, 2692980.729031878057867 ], [ 243453.330997528508306, 2692970.108904418069869 ], [ 243469.182743894227315, 2692956.690878211986274 ], [ 243478.930100338970078, 2692947.408808346372098 ], [ 243480.197458590089809, 2692945.254220323171467 ], [ 243486.569420623593032, 2692936.10758379008621 ], [ 243488.053185415861662, 2692932.384072198998183 ], [ 243498.695794589148136, 2692918.202587274834514 ], [ 243504.60687213158235, 2692908.0021777972579 ], [ 243513.404894107981818, 2692892.421594107057899 ], [ 243521.564121850824449, 2692876.229011345189065 ], [ 243534.207505774509627, 2692856.185890475288033 ], [ 243538.470135910029057, 2692850.775828175712377 ], [ 243549.808735996135511, 2692828.258412865921855 ], [ 243557.987012832891196, 2692812.941269188653678 ], [ 243565.674723544507287, 2692795.194969624746591 ], [ 243567.37351027096156, 2692789.84040027949959 ], [ 243569.635077560204081, 2692784.473604488186538 ], [ 243573.905316102318466, 2692773.620597128290683 ], [ 243575.889373925776454, 2692769.886230988893658 ], [ 243580.52246599434875, 2692761.340142151340842 ], [ 243587.848430199548602, 2692752.923642365261912 ], [ 243597.27673563893768, 2692740.457549168262631 ], [ 243612.919647640723269, 2692726.042981559876353 ], [ 243621.072903150576167, 2692721.174771517980844 ], [ 243627.052897302724887, 2692714.16366582037881 ], [ 243637.319982427201467, 2692711.564682006835938 ], [ 243648.720233297062805, 2692703.498081348836422 ], [ 243668.253920719958842, 2692695.443821853026748 ], [ 243675.140097354975296, 2692692.729985157493502 ], [ 243684.507242413819768, 2692689.024162843823433 ], [ 243699.125693739129929, 2692679.324166860431433 ], [ 243705.625674219656503, 2692676.118200179655105 ], [ 243715.054341641109204, 2692669.470603928901255 ], [ 243716.453626324131619, 2692667.626068074721843 ], [ 243726.797104360914091, 2692654.076633874326944 ], [ 243737.513014461554121, 2692640.394100703764707 ], [ 243743.092477865313413, 2692629.324983823578805 ], [ 243748.859852464258438, 2692618.251902317628264 ], [ 243752.289755914825946, 2692609.043391144834459 ], [ 243752.877205302240327, 2692598.582642143592238 ], [ 243756.233874433703022, 2692588.875302230473608 ], [ 243756.211043433257146, 2692579.1158695993945 ], [ 243756.241757826181129, 2692574.73565995786339 ], [ 243756.273120377940359, 2692564.599651158321649 ], [ 243755.269015700614545, 2692561.555748709943146 ], [ 243754.584163699706551, 2692558.817691517993808 ], [ 243753.55441201213398, 2692554.58563811192289 ], [ 243748.187819905113429, 2692543.6276068915613 ], [ 243744.980571374529973, 2692537.064859708305448 ], [ 243731.464925988897448, 2692519.58864695392549 ], [ 243715.984567598585272, 2692503.843567749485373 ], [ 243701.125595641060499, 2692479.201230887323618 ], [ 243695.137631035089726, 2692468.444238835945725 ], [ 243683.554390746081481, 2692447.735374121926725 ], [ 243680.531088962801732, 2692438.103160267230123 ], [ 243677.20737549974001, 2692420.34404577780515 ], [ 243677.248275861580623, 2692410.645847021136433 ], [ 243681.200616161600919, 2692399.549314508680254 ], [ 243689.814801540051121, 2692387.038269171491265 ], [ 243700.578912737808423, 2692378.484915409237146 ], [ 243724.96892786299577, 2692369.324724342674017 ], [ 243739.024839946388965, 2692365.455319480039179 ], [ 243746.955810563027626, 2692364.783602849580348 ], [ 243773.05770084503456, 2692362.468647250439972 ], [ 243784.856442224205239, 2692361.275414541363716 ], [ 243831.574533495178912, 2692357.577174698933959 ], [ 243839.082908625423443, 2692357.602858933620155 ], [ 243878.623778279084945, 2692357.625447026453912 ], [ 243888.259403536678292, 2692357.667727016843855 ], [ 243891.700254839583067, 2692357.656016611959785 ], [ 243909.470815604116069, 2692357.773052810225636 ], [ 243922.917337191000115, 2692357.545468023046851 ], [ 243928.921933450765209, 2692357.478361725341529 ], [ 243956.95899448468117, 2692357.874461017549038 ], [ 243959.71197972484515, 2692357.877468716353178 ], [ 243979.230978129955474, 2692357.831750333309174 ], [ 243991.872869059705408, 2692355.119031202048063 ], [ 244001.976536279602442, 2692353.649643981363624 ], [ 244024.742374326189747, 2692350.405575598590076 ], [ 244045.799746160337236, 2692343.381996512413025 ], [ 244063.625499218149344, 2692340.24436179548502 ], [ 244078.223918834002689, 2692335.424769686535001 ], [ 244092.792118847835809, 2692332.10744013544172 ], [ 244109.461098898493219, 2692318.859542332123965 ], [ 244128.595848472497892, 2692306.809751155786216 ], [ 244133.541599596035667, 2692298.257121600676328 ], [ 244134.494592621922493, 2692290.228196744341403 ], [ 244136.035479277634295, 2692277.557063736021519 ], [ 244138.498636734089814, 2692269.933637761510909 ], [ 244138.473433829232818, 2692265.867542228195816 ], [ 244140.376471927913371, 2692258.381393677555025 ], [ 244139.035799044795567, 2692242.644313078839332 ], [ 244140.845341882115463, 2692225.024788417853415 ], [ 244137.806810560839949, 2692217.582713500130922 ], [ 244135.495417949627154, 2692194.546481129713356 ], [ 244132.933896012516925, 2692180.212107218801975 ], [ 244132.851508370978991, 2692176.397405910305679 ], [ 244130.302209723915439, 2692145.233160095755011 ], [ 244131.361871514469385, 2692107.359199146740139 ], [ 244137.872600980335847, 2692095.95722436811775 ], [ 244144.743938217376126, 2692083.859263503924012 ], [ 244157.099764159065671, 2692076.585532567929476 ], [ 244165.253060650458792, 2692071.717256525531411 ], [ 244172.107957847241778, 2692067.565304902382195 ], [ 244210.776966591132805, 2692061.976071508135647 ], [ 244218.539416814659489, 2692062.183998896740377 ], [ 244233.346088941645576, 2692064.116799379698932 ], [ 244247.838849471561844, 2692065.993796792346984 ], [ 244267.270998132968089, 2692064.823766248766333 ], [ 244277.049425791832618, 2692056.980008319485933 ], [ 244289.696757983736461, 2692045.821093335282058 ], [ 244291.090427233226364, 2692043.726265001110733 ], [ 244304.336192100599874, 2692031.303185984957963 ], [ 244306.556278410716914, 2692029.816336381714791 ], [ 244309.931002552184509, 2692026.740481784567237 ], [ 244320.972843896044651, 2692016.554492779541761 ], [ 244340.906070927536348, 2692000.921429696492851 ], [ 244345.024439786007861, 2691997.516809511464089 ], [ 244363.220115924312267, 2691982.54675597557798 ], [ 244373.096127877681283, 2691976.32757186377421 ], [ 244374.824274763319409, 2691975.226678282953799 ], [ 244393.589135693997378, 2691963.435269377660006 ], [ 244408.741554258682299, 2691955.287904052995145 ], [ 244427.733972461661324, 2691948.246309793088585 ], [ 244430.843228826444829, 2691947.365886513609439 ], [ 244437.931679612549488, 2691945.336047153919935 ], [ 244456.205316645093262, 2691936.870986014138907 ], [ 244462.27565544549725, 2691934.049793628975749 ], [ 244480.127220499620307, 2691929.222629014402628 ], [ 244490.278441553906305, 2691927.064205914735794 ], [ 244502.795391679683235, 2691924.354037497192621 ], [ 244515.24693895431119, 2691921.520274861250073 ], [ 244537.476888723467709, 2691919.539157814346254 ], [ 244541.855642359121703, 2691919.507199830375612 ], [ 244546.610939069301821, 2691919.529712558258325 ], [ 244575.755539429432247, 2691921.966555597260594 ], [ 244587.076655371318338, 2691924.725430053193122 ], [ 244591.926827608054737, 2691926.247267091646791 ], [ 244606.398791487270501, 2691930.064250259194523 ], [ 244621.633376045152545, 2691934.427779813762754 ], [ 244636.590808140201261, 2691937.546002940274775 ], [ 244653.459696415840881, 2691939.371773722581565 ], [ 244675.805617041565711, 2691942.768595267087221 ], [ 244680.113714649400208, 2691942.362812322564423 ], [ 244704.09201770144864, 2691940.218878382351249 ], [ 244720.712615307420492, 2691939.23457658290863 ], [ 244728.121773380669765, 2691937.573232959490269 ], [ 244758.943210441066185, 2691927.836479644291103 ], [ 244779.787940607755445, 2691916.750864779576659 ], [ 244782.991092727635987, 2691914.429639765527099 ], [ 244793.602634426904842, 2691907.506360349711031 ], [ 244800.561304022616241, 2691893.654944820795208 ], [ 244808.455027876771055, 2691879.657843049615622 ], [ 244815.270162499538856, 2691853.35931176925078 ], [ 244815.569746902328916, 2691849.849250605795532 ], [ 244818.937391868181294, 2691823.249677437357605 ], [ 244820.376648207573453, 2691808.766540052369237 ], [ 244821.994591103808489, 2691799.659875197801739 ], [ 244823.341106451611267, 2691786.680215987376869 ], [ 244826.262897655600682, 2691768.411171676125377 ], [ 244829.232256500486983, 2691749.452930387575179 ], [ 244838.870439019199694, 2691717.71303341910243 ], [ 244846.383233053551521, 2691688.959433698561043 ], [ 244848.194661173998611, 2691685.91731778299436 ], [ 244853.81505020064651, 2691665.150132670998573 ], [ 244854.94136032339884, 2691662.247855790425092 ], [ 244861.992851187387714, 2691644.014873888809234 ], [ 244869.320930020068772, 2691624.086805498693138 ], [ 244870.668772483826615, 2691619.865911182481796 ], [ 244875.392301589279668, 2691606.813352407421917 ], [ 244879.665886546659749, 2691593.207599001005292 ], [ 244881.663881593645783, 2691587.220914544537663 ], [ 244886.073317546281032, 2691574.112421557307243 ], [ 244886.995629521406954, 2691570.463990664109588 ], [ 244889.012129701237427, 2691559.534481859765947 ], [ 244896.303578443737933, 2691546.614162876736373 ], [ 244899.141913713421673, 2691538.982711125165224 ], [ 244906.081144225987373, 2691527.133690341375768 ], [ 244911.420087194623193, 2691516.507858679629862 ], [ 244913.496750392427202, 2691511.270271035376936 ], [ 244925.671337776177097, 2691489.798618632368743 ], [ 244935.441380601929268, 2691467.065137634053826 ], [ 244940.401190934760962, 2691447.563392802607268 ], [ 244948.552745824214071, 2691428.118006150703877 ], [ 244951.697997052135179, 2691423.10770188877359 ], [ 244956.718406472093193, 2691415.116325256414711 ], [ 244966.468597488681553, 2691397.263219632674009 ], [ 244973.438728090928635, 2691386.852426539175212 ], [ 244980.263194518658565, 2691378.384160772431642 ], [ 244995.77543303015409, 2691355.026211189106107 ], [ 245008.806345358927501, 2691335.538260262459517 ], [ 245020.450822111975867, 2691321.397991232573986 ], [ 245023.054720010375604, 2691317.400349529460073 ], [ 245030.800597793568159, 2691311.039439309388399 ], [ 245057.433926381840138, 2691298.577841056976467 ], [ 245085.595772569038672, 2691284.456673918291926 ], [ 245092.712928679480683, 2691280.862168604508042 ], [ 245107.862125165120233, 2691275.467755645979196 ], [ 245131.708352730434854, 2691264.317509669344872 ], [ 245153.27288638666505, 2691257.596086146775633 ], [ 245165.372657913132571, 2691252.955669462215155 ], [ 245174.357764410786331, 2691248.945355024188757 ], [ 245188.821226288942853, 2691246.568890205584466 ], [ 245224.713663112721406, 2691242.791533674579114 ], [ 245247.00853333651321, 2691240.934277398977429 ], [ 245255.938865421660012, 2691240.178615941666067 ], [ 245260.312270861817524, 2691239.89642345905304 ], [ 245278.578891694225604, 2691239.815311247017235 ], [ 245289.46395817110897, 2691239.768140107858926 ], [ 245316.403995812259382, 2691238.623995122965425 ], [ 245325.01211713720113, 2691237.437319189310074 ], [ 245365.688123611354968, 2691234.995784559752792 ], [ 245369.309752446773928, 2691234.667344199959189 ], [ 245404.531708565540612, 2691231.717778726480901 ], [ 245422.424626931198873, 2691231.707208340521902 ], [ 245433.561065629241057, 2691231.717233240138739 ], [ 245449.953191274864366, 2691231.739198368508369 ], [ 245470.97531752588111, 2691231.786179183516651 ], [ 245495.257457442960003, 2691232.138131281360984 ], [ 245501.652016630774597, 2691232.751051920000464 ], [ 245506.611184620240238, 2691233.51996710523963 ], [ 245529.077478877065005, 2691239.604453864041716 ], [ 245563.582599592482438, 2691246.930831946898252 ], [ 245579.665467395825544, 2691250.02493851352483 ], [ 245584.503534554096404, 2691250.983911420218647 ], [ 245589.152666326641338, 2691251.884783850982785 ], [ 245605.023657712008571, 2691253.857309453655034 ], [ 245613.500945474457694, 2691255.301051307935268 ], [ 245623.423130997340195, 2691257.026405301876366 ], [ 245626.506067960523069, 2691257.835827772505581 ], [ 245636.445845733105671, 2691260.374107200652361 ], [ 245639.591419449454406, 2691261.182181801181287 ], [ 245652.670450180390617, 2691261.338010269217193 ], [ 245663.796997343335534, 2691272.484305987134576 ], [ 245679.805536171421409, 2691280.835401339456439 ], [ 245706.064595144212944, 2691294.533304971642792 ], [ 245744.298242246062728, 2691312.289809429552406 ], [ 245749.425694776029559, 2691315.057160431984812 ], [ 245764.172752963611856, 2691322.934793697670102 ], [ 245803.090816285053734, 2691337.610815154854208 ], [ 245818.424878366175108, 2691346.601911983918399 ], [ 245822.481102891586488, 2691349.016984850168228 ], [ 245841.924958960036747, 2691357.106112708803266 ], [ 245851.233454527100548, 2691362.285662885755301 ], [ 245855.286908140027663, 2691364.575672809500247 ], [ 245865.807917963160435, 2691370.85527566075325 ], [ 245868.278940945951035, 2691372.30347769940272 ], [ 245871.670146975753596, 2691375.796340593602508 ], [ 245875.76550662732916, 2691380.024813430383801 ], [ 245891.9458987636026, 2691393.439716788008809 ], [ 245903.490730208868627, 2691397.882828325033188 ], [ 245910.241094459372107, 2691400.490015482995659 ], [ 245913.570439469825942, 2691401.10643525980413 ], [ 245954.032464680960402, 2691391.662401686422527 ], [ 245957.057495644403389, 2691389.782884730491787 ], [ 245983.074474933760939, 2691371.9543183343485 ], [ 245992.626885445555672, 2691365.24162039346993 ], [ 246010.683738742984133, 2691352.527207667939365 ], [ 246041.600771924277069, 2691329.838024789001793 ], [ 246062.55187533039134, 2691314.996637265197933 ], [ 246072.006360536412103, 2691309.537416864186525 ], [ 246123.525846079224721, 2691284.839772887993604 ], [ 246127.995903720700881, 2691283.241952334996313 ], [ 246168.441115647263359, 2691270.107099533081055 ], [ 246210.399346911261091, 2691263.321228900458664 ], [ 246214.433087433950277, 2691261.795229276176542 ], [ 246261.096202470420394, 2691255.595952844712883 ], [ 246290.236024191282922, 2691252.026736865285784 ], [ 246322.654716581455432, 2691249.638327982742339 ], [ 246355.886764592723921, 2691244.354386124759912 ], [ 246397.234420410823077, 2691238.269720428623259 ], [ 246423.880142679525306, 2691232.189440965186805 ], [ 246450.649628900340758, 2691226.043931666761637 ], [ 246496.73147114936728, 2691216.103389049880207 ], [ 246529.601363715919433, 2691205.634703536517918 ], [ 246534.080859848210821, 2691204.474494289141148 ], [ 246556.148020187305519, 2691197.86728246556595 ], [ 246558.697037373029161, 2691197.124091832432896 ], [ 246568.943608186149504, 2691193.587107939645648 ], [ 246585.587141163501656, 2691184.9700145884417 ], [ 246603.240130685473559, 2691179.646799399517477 ], [ 246614.72611589616281, 2691178.460454815067351 ], [ 246638.894688132946612, 2691173.559803842101246 ], [ 246646.306502673978684, 2691172.023608133662492 ], [ 246685.111116935702739, 2691164.054470781702548 ], [ 246700.734078931884142, 2691160.339083270635456 ], [ 246753.563633088953793, 2691152.880689757876098 ], [ 246766.357976102764951, 2691148.538000541273504 ], [ 246796.107926677766955, 2691138.44933615764603 ], [ 246805.7505132543738, 2691135.926549097523093 ], [ 246860.141453990072478, 2691116.735333861783147 ], [ 246871.845135838375427, 2691114.042971990071237 ], [ 246900.917302438727347, 2691107.347272258251905 ], [ 246931.336987811140716, 2691099.308780401013792 ], [ 246943.413264400238404, 2691096.48323915572837 ], [ 246978.274039765034104, 2691088.411441821139306 ], [ 247010.670436406013323, 2691079.204187696333975 ], [ 247030.091807701886864, 2691074.656193319242448 ], [ 247060.982863581302809, 2691068.171497486997396 ], [ 247073.688421565835597, 2691065.520093153696507 ], [ 247120.173366753093433, 2691059.762821447569877 ], [ 247131.90399205320864, 2691058.320958685595542 ], [ 247166.128103350958554, 2691052.640325637068599 ], [ 247172.174875596625498, 2691051.634115905035287 ], [ 247182.981085334293311, 2691050.837669191416353 ], [ 247217.089613731135614, 2691045.59765213355422 ], [ 247230.569768840272445, 2691044.055607846472412 ], [ 247264.942098014726071, 2691039.435365571640432 ], [ 247288.709256972069852, 2691036.232456409372389 ], [ 247309.213808385713492, 2691032.599709853995591 ], [ 247327.412925872427877, 2691029.391714590601623 ], [ 247356.837549960706383, 2691027.44323944253847 ], [ 247366.807803632953437, 2691025.601540093310177 ], [ 247372.99858366852277, 2691025.468014555983245 ], [ 247380.621006623405265, 2691024.990804811473936 ], [ 247382.80818273202749, 2691024.881064544431865 ], [ 247412.909215888474137, 2691019.477094681467861 ], [ 247441.850530997879105, 2691015.411965902429074 ], [ 247470.791550048830686, 2691011.346792550291866 ], [ 247501.410925557633163, 2691003.867109050508589 ], [ 247510.139107751107076, 2690999.54966418677941 ], [ 247526.729422422155039, 2690991.37158229900524 ], [ 247540.776852811948629, 2690987.127242009155452 ], [ 247564.01772408792749, 2690976.928637918550521 ], [ 247583.681672492006328, 2690969.122218023519963 ], [ 247600.347905450849794, 2690961.567916815634817 ], [ 247611.625033353309846, 2690956.507550090085715 ], [ 247618.578715821000515, 2690954.042846449185163 ], [ 247630.066427839221433, 2690950.041082409676164 ], [ 247634.412853178480873, 2690948.508593182545155 ], [ 247650.720513860171195, 2690938.83506696484983 ], [ 247667.465407583134947, 2690932.030052185989916 ], [ 247678.318325700529385, 2690927.604254416190088 ], [ 247687.024956924724393, 2690922.286359570454806 ], [ 247699.436400707316352, 2690914.698972128331661 ], [ 247704.124028306046966, 2690911.594918789342046 ], [ 247711.525618637853768, 2690906.680602127220482 ], [ 247723.663872892153449, 2690898.035438163671643 ], [ 247729.296278717403766, 2690895.223705416079611 ], [ 247736.065701491577784, 2690890.01017521135509 ], [ 247750.045715947082499, 2690882.63905960554257 ], [ 247762.904703060310567, 2690872.602081728167832 ], [ 247764.808221969462465, 2690870.93420071573928 ], [ 247779.483940562815405, 2690858.105280071496964 ], [ 247799.350097638438456, 2690842.286723062396049 ], [ 247803.409951457550051, 2690839.071021281648427 ], [ 247819.034953163936734, 2690823.844265436287969 ], [ 247830.0076220354822, 2690810.469599664676934 ], [ 247835.798429215385113, 2690803.400365731678903 ], [ 247852.322869391151471, 2690783.462014134973288 ], [ 247860.675208975037094, 2690773.334534080699086 ], [ 247867.480861180636566, 2690763.991164592094719 ], [ 247878.720217167574447, 2690748.483649039175361 ], [ 247885.430759700626368, 2690737.64067001035437 ], [ 247900.664576522511197, 2690712.975456942804158 ], [ 247903.33098265924491, 2690708.976665367372334 ], [ 247911.486448617797578, 2690698.415433053392917 ], [ 247919.319792913040146, 2690687.423205615952611 ], [ 247924.308762052969541, 2690680.871695736888796 ], [ 247927.898436867486453, 2690676.16477738134563 ], [ 247931.122119278996252, 2690671.903587004635483 ], [ 247934.73341882872046, 2690668.19701635511592 ], [ 247936.44673423434142, 2690666.408327629324049 ], [ 247945.471406374592334, 2690652.63790380815044 ], [ 247949.137132425414165, 2690648.55478700902313 ], [ 247957.88425442337757, 2690636.416764738503844 ], [ 247961.284812247584341, 2690631.651283983141184 ], [ 247971.023138181684772, 2690619.054056982044131 ], [ 247978.935153494676342, 2690608.81096166651696 ], [ 247985.363687309465604, 2690602.290854034014046 ], [ 247987.076714872207958, 2690600.50228906981647 ], [ 248001.280940989789087, 2690586.119467635639012 ], [ 248003.427784982748562, 2690584.133764829486609 ], [ 248020.268444814020768, 2690567.254053991287947 ], [ 248038.528166170435725, 2690549.468220338225365 ], [ 248046.205915388301946, 2690542.858803140930831 ], [ 248052.54302202136023, 2690537.904851200059056 ], [ 248071.370503276091767, 2690523.23458406329155 ], [ 248077.64772793641896, 2690518.407165411859751 ], [ 248093.151104253658559, 2690506.248538680840284 ], [ 248113.758523024123861, 2690489.975885515566915 ], [ 248122.186508197948569, 2690483.350471753627062 ], [ 248148.453780115523841, 2690462.638962847646326 ], [ 248162.971554506191751, 2690451.189764494076371 ], [ 248168.507901450298959, 2690446.816240499727428 ], [ 248191.804548919230001, 2690427.607932172250003 ], [ 248207.625884961948032, 2690415.692689838353544 ], [ 248211.009982579649659, 2690413.054598988965154 ], [ 248225.837718002236215, 2690401.473832319956273 ], [ 248239.250081460166257, 2690390.986986555624753 ], [ 248248.971028584463056, 2690383.395171546377242 ], [ 248260.944730487011839, 2690375.817166562192142 ], [ 248281.31201363922446, 2690362.928175846580416 ], [ 248307.274341028009076, 2690345.476534854620695 ], [ 248338.882445737835951, 2690325.838741677813232 ], [ 248343.018181365478085, 2690323.247023116797209 ], [ 248346.341103707178263, 2690320.672896758653224 ], [ 248365.784420893149218, 2690305.551480641122907 ], [ 248388.883588451397372, 2690288.787385247182101 ], [ 248396.644137568480801, 2690283.114497385453433 ], [ 248411.594189475930762, 2690271.405994326341897 ], [ 248424.084713850083062, 2690261.689815898891538 ], [ 248433.928083273989614, 2690253.970184086356312 ], [ 248451.706101007119287, 2690239.948458745144308 ], [ 248468.007500022184104, 2690227.084452257491648 ], [ 248477.676872742042178, 2690219.994213805533946 ], [ 248488.801019330538111, 2690210.745401028078049 ], [ 248515.65995557687711, 2690188.457343716640025 ], [ 248535.810006768704625, 2690174.196673183236271 ], [ 248539.815369760006433, 2690171.357549283187836 ], [ 248550.84287325720652, 2690163.424536554608494 ], [ 248570.029775182862068, 2690153.814226509537548 ], [ 248614.369361197605031, 2690138.531606495846063 ], [ 248685.792628568247892, 2690120.0998929226771 ], [ 248697.274866288295016, 2690115.848409139085561 ], [ 248732.640935015981086, 2690108.016340448986739 ], [ 248742.790520873793866, 2690105.795491097029299 ], [ 248775.596913073386531, 2690098.206347190774977 ], [ 248779.270210534858052, 2690097.376207378227264 ], [ 248794.645595801179297, 2690093.791511588729918 ], [ 248828.052848096995149, 2690085.063524956349283 ], [ 248851.878842862526653, 2690078.794071214273572 ], [ 248881.580245806224411, 2690072.272884437348694 ], [ 248912.281019608082715, 2690062.789670372847468 ], [ 248936.717667397024343, 2690061.637135038152337 ], [ 248964.222553562169196, 2690060.606078299693763 ], [ 248969.411414956441149, 2690060.43170927464962 ], [ 248994.324886455840897, 2690061.083180554676801 ], [ 249019.112054834462469, 2690061.674769287928939 ], [ 249039.636029595567379, 2690061.857768694404513 ], [ 249069.776709419995314, 2690061.207844002638012 ], [ 249098.31306508986745, 2690061.593530080281198 ], [ 249132.984450330201071, 2690053.463877045083791 ], [ 249157.270426604838576, 2690051.125838079489768 ], [ 249165.927394428435946, 2690049.312492892611772 ], [ 249191.734113978949608, 2690042.062028766609728 ], [ 249199.427407768380363, 2690039.080915077589452 ], [ 249208.84738341011689, 2690034.936317095533013 ], [ 249213.805465702404035, 2690032.764917072840035 ], [ 249222.160217071970692, 2690025.640520142391324 ], [ 249225.103860617382452, 2690022.886958932038397 ], [ 249234.510799807379954, 2690015.239312204997987 ], [ 249237.005947043711785, 2690011.994799086824059 ], [ 249248.044272437924519, 2689995.866033886559308 ], [ 249259.086669621930923, 2689979.925050910562277 ], [ 249260.295230816554977, 2689972.141632022801787 ], [ 249261.341406485124025, 2689959.731849146075547 ], [ 249263.88432991495938, 2689947.102216345258057 ], [ 249264.621456485328963, 2689937.764693465083838 ], [ 249264.585571953502949, 2689933.198364986572415 ], [ 249264.573155898746336, 2689903.607175376266241 ], [ 249263.291645696619526, 2689878.98571585258469 ], [ 249260.591710450913524, 2689864.029163690749556 ], [ 249258.184193134889938, 2689856.82383557362482 ], [ 249253.540015791659243, 2689844.536816087551415 ], [ 249244.817042207170743, 2689820.075752452015877 ], [ 249243.466076986165717, 2689818.353301107883453 ], [ 249223.790241632959805, 2689787.871965270955116 ], [ 249206.865285804145969, 2689760.209420402999967 ], [ 249196.183093686326174, 2689737.729976204223931 ], [ 249181.334437252749922, 2689707.70786309754476 ], [ 249179.547657112998422, 2689703.179390542209148 ], [ 249157.351641000423115, 2689657.362583197653294 ], [ 249142.707109759940067, 2689625.208758872002363 ], [ 249129.348354761285009, 2689594.654092674143612 ], [ 249123.474507034610724, 2689586.27247244073078 ], [ 249118.32690076858853, 2689576.748789101373404 ], [ 249114.678228447039146, 2689570.008256673812866 ], [ 249109.496379097690806, 2689561.799420188646764 ], [ 249101.527956717036432, 2689552.023862617556006 ], [ 249097.416635491535999, 2689547.045086681842804 ], [ 249090.604907884437125, 2689538.683573781047016 ], [ 249084.179145078349393, 2689530.814126337412745 ], [ 249073.023673192656133, 2689509.596103589050472 ], [ 249065.192138247279217, 2689494.562512380070984 ], [ 249063.757245317654451, 2689491.840732089243829 ], [ 249062.314528328250162, 2689485.866025330498815 ], [ 249056.352393788081827, 2689470.479169235099107 ], [ 249051.588423049601261, 2689458.44499802775681 ], [ 249049.27443896283512, 2689452.676718704868108 ], [ 249046.014411285548704, 2689446.553220043424517 ], [ 249043.137533440254629, 2689440.797159442212433 ], [ 249033.719047978054732, 2689421.793766386341304 ], [ 249031.940386424481403, 2689417.640625725500286 ], [ 249022.397347351128701, 2689395.762070854194462 ], [ 249018.392796848464059, 2689387.027211048174649 ], [ 249015.241555027198046, 2689380.150854665786028 ], [ 249011.375174584100023, 2689374.916399723384529 ], [ 249004.471608279447537, 2689362.302759743761271 ], [ 248996.454779071325902, 2689350.276092420797795 ], [ 248990.843275268591242, 2689342.45182679221034 ], [ 248980.261662527103908, 2689327.539949609898031 ], [ 248964.676992251799675, 2689301.099422267638147 ], [ 248961.562221509229857, 2689295.911684460006654 ], [ 248946.50059739217977, 2689270.523549088742584 ], [ 248941.456079319003038, 2689262.874514366965741 ], [ 248925.219799812068231, 2689238.137296564877033 ], [ 248907.358260231849272, 2689210.557475185487419 ], [ 248890.011879810335813, 2689183.654610723722726 ], [ 248872.639647413801868, 2689164.259524508845061 ], [ 248858.791501296480419, 2689148.729995686560869 ], [ 248832.850527397793485, 2689117.820731147192419 ], [ 248821.213933358958457, 2689103.307155024725944 ], [ 248813.369352019508369, 2689093.466125051025301 ], [ 248807.550877189089078, 2689087.64825867395848 ], [ 248792.756617839477258, 2689071.763685913290828 ], [ 248785.028482669004006, 2689064.423070035409182 ], [ 248775.185547203931492, 2689054.750470905099064 ], [ 248772.948500685190083, 2689052.546441600192338 ], [ 248746.895122154965065, 2689025.142939040903002 ], [ 248733.90635430245311, 2689008.844076982699335 ], [ 248727.216132167290198, 2688997.414418947417289 ], [ 248723.125784979580203, 2688990.495632340200245 ], [ 248717.733314720913768, 2688981.227640128694475 ], [ 248702.509735236671986, 2688957.031584559939802 ], [ 248697.522270885878243, 2688949.131252148188651 ], [ 248684.979600220132852, 2688924.502079371828586 ], [ 248680.424368602689356, 2688916.342052245046943 ], [ 248664.067746533604804, 2688888.917210600804538 ], [ 248646.582841260358691, 2688875.905814066994935 ], [ 248622.802072782156756, 2688858.150456958916038 ], [ 248588.627176577749196, 2688834.175247849430889 ], [ 248580.427083881921135, 2688828.158357699401677 ], [ 248558.303131954860874, 2688811.806095173582435 ], [ 248544.285828936670441, 2688800.03369968617335 ], [ 248525.745069301279727, 2688784.48001121962443 ], [ 248497.146402392332675, 2688760.885150596965104 ], [ 248490.013940018368885, 2688752.15509927412495 ], [ 248472.498297130776336, 2688729.009404302574694 ], [ 248458.566191308957059, 2688712.480510859750211 ], [ 248446.406250118103344, 2688691.096313236281276 ], [ 248423.176900149410358, 2688661.191833789460361 ], [ 248420.70641608061851, 2688656.865769120398909 ], [ 248405.486115236708429, 2688629.916957603767514 ], [ 248397.081562723964453, 2688611.517186348326504 ], [ 248388.287120571534615, 2688592.437706500757486 ], [ 248385.30716030934127, 2688578.988628144841641 ], [ 248382.659989508858416, 2688566.470736995339394 ], [ 248379.494902624865063, 2688547.332457240205258 ], [ 248376.85755972910556, 2688541.070643384475261 ], [ 248367.159776527201757, 2688517.818950498476624 ], [ 248361.819151429721387, 2688493.534927704837173 ], [ 248359.321360728878062, 2688482.139889510814101 ], [ 248356.539846915955422, 2688469.187088229693472 ], [ 248354.492075626738369, 2688449.649345187004656 ], [ 248355.652813093765872, 2688436.73660222440958 ], [ 248355.916266660700785, 2688431.538333397358656 ], [ 248356.247985491238069, 2688423.710919403005391 ], [ 248356.844577903102618, 2688410.747715438716114 ], [ 248356.690592970029684, 2688397.800760357640684 ], [ 248358.196198349789483, 2688386.382189714815468 ], [ 248358.827745228685671, 2688375.044792416971177 ], [ 248359.28740521077998, 2688367.33977600093931 ], [ 248362.340880283212755, 2688358.077394724357873 ], [ 248363.487060444807867, 2688350.295100365299731 ], [ 248368.969252457784023, 2688337.601965488865972 ], [ 248376.029257997783134, 2688319.744900453835726 ], [ 248400.168275763047859, 2688290.258695389609784 ], [ 248427.056853187357774, 2688263.528502629604191 ], [ 248447.984698550251778, 2688250.502698834519833 ], [ 248478.757302504120162, 2688229.819647723808885 ], [ 248487.342882329103304, 2688224.692358176223934 ], [ 248496.915481464820914, 2688218.918037687428296 ], [ 248510.984807357628597, 2688206.978451726492494 ], [ 248543.117688341240864, 2688188.455767723731697 ], [ 248553.510156574426219, 2688182.976760297548026 ], [ 248587.088041624054313, 2688150.221529050730169 ], [ 248617.67119937663665, 2688117.843932257499546 ], [ 248642.77902071189601, 2688098.471688859164715 ], [ 248668.962683825695422, 2688082.579901280347258 ], [ 248709.621609514142619, 2688064.874825232196599 ], [ 248766.409856574377045, 2688046.634332039393485 ], [ 248811.153181308327476, 2688038.475747110787779 ], [ 248826.981353535520611, 2688035.569715172518045 ], [ 248859.136184189643245, 2688029.684238727204502 ], [ 248930.647285518760327, 2688015.318236290942878 ], [ 248945.780567042937037, 2688012.114275920204818 ], [ 248990.744519919593586, 2688002.574625622481108 ], [ 249021.156648146425141, 2687997.102265688125044 ], [ 249044.403041235753335, 2687992.972598826047033 ], [ 249089.894666165491799, 2687981.794939296785742 ], [ 249141.934584272268694, 2687969.662831275258213 ], [ 249148.59458823595196, 2687968.080328957177699 ], [ 249155.931533933500759, 2687965.983017030637711 ], [ 249202.009294237999711, 2687952.978302570059896 ], [ 249216.349145763932029, 2687947.789504681713879 ], [ 249228.889096284750849, 2687943.265118408482522 ], [ 249237.766581850737566, 2687940.070977665949613 ], [ 249247.141539829404792, 2687936.740904098376632 ], [ 249255.578656142519321, 2687933.431022811681032 ], [ 249267.979997610585997, 2687928.28409989643842 ], [ 249285.96207557732123, 2687920.827186601702124 ], [ 249302.274706290249014, 2687914.282161561306566 ], [ 249307.419207887927769, 2687912.044183252844959 ], [ 249320.816938885662239, 2687906.688026171643287 ], [ 249324.227812562225154, 2687905.300772454123944 ], [ 249346.550896266649943, 2687896.061294036451727 ], [ 249383.818872547650244, 2687880.681414575781673 ], [ 249390.745654018071946, 2687876.966089039109647 ], [ 249425.129724241211079, 2687858.395388333126903 ], [ 249437.744742410752224, 2687851.554703259840608 ], [ 249486.505582678510109, 2687826.605641044676304 ], [ 249490.943113854824333, 2687823.507106182631105 ], [ 249496.885588569304673, 2687820.563756536692381 ], [ 249524.369592149509117, 2687806.95884773787111 ], [ 249538.85525762141333, 2687799.827673407271504 ], [ 249551.545030076464172, 2687793.548416074831039 ], [ 249585.575354024535045, 2687775.98624213738367 ], [ 249592.459855156979756, 2687773.210320457816124 ], [ 249607.383232139109168, 2687766.06958476267755 ], [ 249620.138335159164853, 2687759.914133546408266 ], [ 249632.39435007472639, 2687753.831812239252031 ], [ 249644.093068846967071, 2687748.011824818328023 ], [ 249646.387775784503901, 2687747.086603697855026 ], [ 249659.733014134631958, 2687739.29166801366955 ], [ 249679.998327532404801, 2687727.468849461525679 ], [ 249713.347977446683217, 2687707.356445458717644 ], [ 249734.124371723475633, 2687696.023358863312751 ], [ 249736.095748535473831, 2687694.604408347979188 ], [ 249748.356443654338364, 2687685.831934979185462 ], [ 249762.157433791842777, 2687675.962669848930091 ], [ 249764.050138728081947, 2687673.79485823912546 ], [ 249785.09451735339826, 2687654.57319349469617 ], [ 249795.328645946690813, 2687644.655734976753592 ], [ 249807.96498246936244, 2687632.997321382630616 ], [ 249825.916495130921248, 2687615.406351628247648 ], [ 249830.100020085868891, 2687612.12536851502955 ], [ 249843.926267394796014, 2687597.626426257193089 ], [ 249855.672457275592024, 2687585.299055686220527 ], [ 249858.050681672088103, 2687582.432474473956972 ], [ 249874.337188536213944, 2687563.063113169744611 ], [ 249888.244188774260692, 2687546.497537195682526 ], [ 249915.894233514554799, 2687517.374183728825301 ], [ 249945.607371332356706, 2687485.26567920576781 ], [ 249948.603995498036966, 2687482.07311401842162 ], [ 249974.531651378259994, 2687454.300580718554556 ], [ 250007.936520863440819, 2687422.237871749326587 ], [ 250018.419467986474046, 2687412.252599789761007 ], [ 250059.042483901488595, 2687381.285517702810466 ], [ 250060.321940625464777, 2687379.694116720929742 ], [ 250067.872656926163472, 2687370.084552641492337 ], [ 250077.126910161372507, 2687358.24874083744362 ], [ 250087.130097504035803, 2687346.334533844143152 ], [ 250090.661459499475313, 2687341.816666781902313 ], [ 250104.136101862677606, 2687325.510784893296659 ], [ 250106.942520927434089, 2687322.19717186037451 ], [ 250121.460050826455699, 2687304.930345348082483 ], [ 250123.900730123743415, 2687302.062605580780655 ], [ 250129.149147750082193, 2687295.943738466594368 ], [ 250133.184575704683084, 2687291.602599976584315 ], [ 250138.870969489245908, 2687285.474222884513438 ], [ 250148.592503150895936, 2687275.004831523634493 ], [ 250150.565288649551803, 2687273.648538718465716 ], [ 250155.595832225342747, 2687269.035819515120238 ], [ 250161.300968348485185, 2687263.782937962561846 ], [ 250169.950743723689811, 2687255.839047581888735 ], [ 250184.428271238866728, 2687242.51445581484586 ], [ 250212.441541568463435, 2687218.638407418038696 ], [ 250216.812627581646666, 2687215.353582832496613 ], [ 250241.315089287381852, 2687196.933494873344898 ], [ 250243.108386759588029, 2687195.956402394920588 ], [ 250264.979908448585775, 2687180.282986214384437 ], [ 250267.07349361924571, 2687178.736405075062066 ], [ 250275.206489707925357, 2687172.930693944450468 ], [ 250288.514037470711628, 2687163.385042197071016 ], [ 250306.900832724641077, 2687151.477762502152473 ], [ 250313.996218599990243, 2687146.883275504224002 ], [ 250325.904632310179295, 2687139.181826288811862 ], [ 250346.022567955165869, 2687129.239354366902262 ], [ 250348.622026370401727, 2687127.932091715745628 ], [ 250369.792529263300821, 2687117.466393529437482 ], [ 250406.385887557640672, 2687102.727042845450342 ], [ 250431.627541683905292, 2687092.486570551525801 ], [ 250451.576440005243057, 2687086.300956011749804 ], [ 250478.607946214877302, 2687077.836239592637867 ], [ 250493.336303381569451, 2687073.264835005160421 ], [ 250530.089763431024039, 2687060.148738506250083 ], [ 250533.62844898115145, 2687058.883785392623395 ], [ 250549.397122546302853, 2687053.226554388180375 ], [ 250551.879443838319276, 2687052.297191001940519 ], [ 250566.401487889437703, 2687046.85447087045759 ], [ 250574.035015699220821, 2687043.999821949284524 ], [ 250599.045343041711021, 2687034.64011992700398 ], [ 250625.290720181365032, 2687021.625217734370381 ], [ 250641.260828121972736, 2687013.711458309553564 ], [ 250654.327022176701576, 2687007.486745136789978 ], [ 250662.87305755741545, 2687003.42374032177031 ], [ 250695.658317124529276, 2686983.261331163346767 ], [ 250715.727387324470328, 2686973.945434373803437 ], [ 250724.244923126854701, 2686968.569421928841621 ], [ 250731.392217796528712, 2686963.47323558293283 ], [ 250757.827728533477057, 2686944.761205634102225 ], [ 250768.771094228955917, 2686935.829683954827487 ], [ 250795.757903482852271, 2686913.664726986084133 ], [ 250801.767329413472908, 2686908.030104663223028 ], [ 250812.743773490656167, 2686897.721433299127966 ], [ 250815.318800089415163, 2686895.288653455674648 ], [ 250825.574347699119244, 2686886.371965897269547 ], [ 250842.593206835794263, 2686869.051416729576886 ], [ 250852.755301290686475, 2686858.697623298503458 ], [ 250860.63536394701805, 2686852.772411704529077 ], [ 250879.102590051916195, 2686838.798869238235056 ], [ 250910.105962937523145, 2686811.417809091508389 ], [ 250915.978319127752911, 2686805.223026962485164 ], [ 250918.678388237167383, 2686802.787623710930347 ], [ 250937.268843435973395, 2686785.808557575568557 ], [ 250940.905626395950094, 2686783.290389083325863 ], [ 250953.2024379389768, 2686770.388344562146813 ], [ 250954.965912177751306, 2686768.035605989862233 ], [ 250967.422518322156975, 2686750.938555458094925 ], [ 250970.13004919627565, 2686745.937884114217013 ], [ 250976.619602769613266, 2686733.536210980731994 ], [ 250984.651101621246198, 2686711.404550435952842 ], [ 250985.650727728236234, 2686702.624638308770955 ], [ 250989.654214942129329, 2686688.086929557844996 ], [ 250990.569086658593733, 2686681.185578421223909 ], [ 250992.388095921836793, 2686666.88271403266117 ], [ 250992.809300511289621, 2686654.48651977442205 ], [ 250993.729656549054198, 2686627.503180300351232 ], [ 250993.922586575587047, 2686621.931083844974637 ], [ 250994.532515151717234, 2686603.775361218955368 ], [ 250993.534491835598601, 2686598.103775785304606 ], [ 250987.806008212384768, 2686564.507208228111267 ], [ 250984.358709046238801, 2686543.873853346798569 ], [ 250983.262672072130954, 2686539.455593896098435 ], [ 250977.996747346158372, 2686518.61123727215454 ], [ 250969.1499355105625, 2686491.275167637504637 ], [ 250964.271937748300843, 2686473.925779397599399 ], [ 250961.425663045025431, 2686452.153474333230406 ], [ 250961.226573839929188, 2686448.716909633949399 ], [ 250960.247407366638072, 2686443.920913430862129 ], [ 250957.012801508128177, 2686427.349353774916381 ], [ 250951.273630857875105, 2686413.584420295897871 ], [ 250949.189073231071234, 2686403.932481538970023 ], [ 250945.02627213622327, 2686384.94133775215596 ], [ 250942.754821835755138, 2686378.233628981281072 ], [ 250931.527161253150553, 2686347.820808011572808 ], [ 250929.13329953525681, 2686341.24092611996457 ], [ 250926.142316586949164, 2686330.169502908363938 ], [ 250913.148790462553734, 2686293.288314965553582 ], [ 250902.836690060328692, 2686258.914414138533175 ], [ 250901.942942119319923, 2686255.180010546464473 ], [ 250894.87163547516684, 2686234.749907243531197 ], [ 250892.972575162159046, 2686227.909198112785816 ], [ 250892.362682200095151, 2686225.732688176911324 ], [ 250891.361486312409397, 2686222.813817225862294 ], [ 250886.67591955017997, 2686208.588390565942973 ], [ 250884.898667346104048, 2686198.679592848755419 ], [ 250879.477385759848403, 2686179.339932485483587 ], [ 250878.935981076734606, 2686174.534454758279026 ], [ 250877.531458708486753, 2686161.614653469529003 ], [ 250873.136704080505297, 2686134.745649852324277 ], [ 250870.26125407096697, 2686117.415859315544367 ], [ 250869.709179826721083, 2686091.777978767640889 ], [ 250870.045878433738835, 2686087.07849260373041 ], [ 250870.900742162804818, 2686074.485375816933811 ], [ 250871.227320767124183, 2686066.408166755456477 ], [ 250871.354353525006445, 2686063.590106347110122 ], [ 250862.593646662920946, 2686054.770114385057241 ], [ 250848.284314979973715, 2686038.124244228936732 ], [ 250833.264025020354893, 2686020.430252437014133 ], [ 250825.345136179268593, 2686010.028011836111546 ], [ 250823.027999552141409, 2686007.012530081439763 ], [ 250812.652375092351576, 2685998.727570928633213 ], [ 250798.58372438835795, 2685987.456810926087201 ], [ 250787.444223414378939, 2685978.562739406712353 ], [ 250761.628688879485708, 2685956.346510381437838 ], [ 250741.068180873902747, 2685942.838261252269149 ], [ 250721.704350804764545, 2685926.801645584404469 ], [ 250710.259683242824394, 2685915.349293392151594 ], [ 250704.53875475138193, 2685911.155846938490868 ], [ 250699.455457155301701, 2685907.511580961290747 ], [ 250688.270952585618943, 2685899.431898177135736 ], [ 250677.59312378501636, 2685891.654031394049525 ], [ 250684.576977342134342, 2685881.869309649337083 ], [ 250701.077396458626026, 2685866.62465281272307 ], [ 250702.229244788526557, 2685864.9108005175367 ], [ 250713.555246839532629, 2685853.405775900464505 ], [ 250724.752833126985934, 2685838.838520376477391 ], [ 250727.916986676165834, 2685834.703919135034084 ], [ 250731.933657811430749, 2685829.487320759799331 ], [ 250735.501882683951408, 2685823.780158108100295 ], [ 250739.965609418781241, 2685818.991982959210873 ], [ 250748.711126579815755, 2685809.669961836654693 ], [ 250762.519470712024486, 2685797.235793642234057 ], [ 250764.66905197390588, 2685795.375152040738612 ], [ 250774.981878199731, 2685786.207058417610824 ], [ 250790.578164374543121, 2685772.545896146912128 ], [ 250806.047448471246753, 2685761.702703979332 ], [ 250812.052385333867278, 2685758.758045829832554 ], [ 250825.679273414280033, 2685749.518649501726031 ], [ 250849.49214419911732, 2685733.928740847390145 ], [ 250873.883809395076241, 2685724.895314636640251 ], [ 250878.723647639417322, 2685723.039399512112141 ], [ 250926.611009196611121, 2685701.113219144754112 ], [ 250976.226381457003299, 2685683.904315201099962 ], [ 250986.4073807868117, 2685680.244466842152178 ], [ 251037.627136204071576, 2685661.999978669453412 ], [ 251043.073236863448983, 2685659.255208289250731 ], [ 251046.171594910178101, 2685657.87483376218006 ], [ 251063.463044692762196, 2685650.307968165259808 ], [ 251078.584707742673345, 2685643.663868450094014 ], [ 251092.712494764884468, 2685631.535853742621839 ], [ 251108.164847769861808, 2685617.001818108838052 ], [ 251115.093516569555504, 2685610.47165998024866 ], [ 251132.727142236457439, 2685592.637526563368738 ], [ 251153.619532810116652, 2685577.986682891380042 ], [ 251171.224282097071409, 2685561.717333701439202 ], [ 251196.817195545008872, 2685535.829343325924128 ], [ 251213.225487367948517, 2685519.210297903046012 ], [ 251214.756387967063347, 2685517.67589744925499 ], [ 251219.22438119459548, 2685513.075555285438895 ], [ 251246.478207242122153, 2685488.778426529373974 ], [ 251264.111641591676744, 2685470.944384880829602 ], [ 251283.335788359923754, 2685451.449590440839529 ], [ 251304.15236685439595, 2685430.356412327848375 ], [ 251323.315369460586226, 2685410.925704869907349 ], [ 251332.082341408502543, 2685402.603882967960089 ], [ 251350.596747682226123, 2685385.001505287829787 ], [ 251374.637153098650742, 2685365.465546265244484 ], [ 251379.125178269750904, 2685361.802889021113515 ], [ 251397.811702819890343, 2685346.386243391316384 ], [ 251399.88654344965471, 2685343.96417676191777 ], [ 251422.719665899552638, 2685326.456355680245906 ], [ 251438.768378101143753, 2685313.473611685913056 ], [ 251454.810959634225583, 2685297.300619668792933 ], [ 251469.16404806022183, 2685281.101474761497229 ], [ 251483.585678606439615, 2685268.091188090387732 ], [ 251497.024753205536399, 2685253.037603081669658 ], [ 251515.634621091303416, 2685234.056658448651433 ], [ 251524.96211526193656, 2685222.719940482638776 ], [ 251531.607067701814231, 2685214.631906497757882 ], [ 251544.070843943336513, 2685203.665784372016788 ], [ 251555.613950239756377, 2685193.532800953369588 ], [ 251563.34359582781326, 2685186.422225279733539 ], [ 251573.2823773996206, 2685177.3247758038342 ], [ 251595.438406674977159, 2685160.331850945483893 ], [ 251598.537914374726824, 2685159.013985957484692 ], [ 251606.976996813435107, 2685152.889131939504296 ], [ 251614.935103973257355, 2685144.772663008421659 ], [ 251627.793377211055486, 2685131.796203916892409 ], [ 251630.24215795804048, 2685129.303783138748258 ], [ 251641.73422467825003, 2685116.794487389270216 ], [ 251653.701680155500071, 2685106.026693259365857 ], [ 251664.624834628455574, 2685096.157365086488426 ], [ 251679.26774197188206, 2685084.70642774598673 ], [ 251685.482520826131804, 2685079.880567747633904 ], [ 251688.576649654511129, 2685078.312700983602554 ], [ 251701.509709309466416, 2685071.715640706475824 ], [ 251712.557540947396774, 2685064.72147451993078 ], [ 251727.246049032197334, 2685055.396522871218622 ], [ 251743.187905576021876, 2685046.169837118592113 ], [ 251749.736844398081303, 2685042.337845209985971 ], [ 251778.635973403375829, 2685027.639702732209116 ], [ 251801.196893746382557, 2685017.832645415794104 ], [ 251807.874883444572333, 2685014.185593097470701 ], [ 251811.771331397991162, 2685012.099900321569294 ], [ 251825.25094097913825, 2685004.740364366210997 ], [ 251843.00175519331242, 2684998.164782159030437 ], [ 251859.02890695881797, 2684989.999831985216588 ], [ 251876.7458369594533, 2684981.86101325461641 ], [ 251892.042447933345102, 2684977.52795581612736 ], [ 251891.530696738569532, 2684974.09810732351616 ], [ 251905.622296959889354, 2684971.918128552380949 ], [ 251916.96453892061254, 2684966.981872708071023 ], [ 251939.531471814523684, 2684960.365315088070929 ], [ 251961.723789976880653, 2684956.69715935504064 ], [ 251970.140103553887457, 2684955.327190076932311 ], [ 251995.965902442636434, 2684951.893614676780999 ], [ 252018.53890714107547, 2684948.46744523011148 ], [ 252031.389300474402262, 2684946.751958392094821 ], [ 252049.147268721600994, 2684943.42939022462815 ], [ 252065.284463043877622, 2684943.269752185791731 ], [ 252083.048754413321149, 2684943.137588709592819 ], [ 252102.468916910234839, 2684941.468306212220341 ], [ 252124.984087274206104, 2684941.171514380723238 ], [ 252129.425157206685981, 2684941.138379422482103 ], [ 252145.937410334678134, 2684940.970601289067417 ], [ 252162.034620183258085, 2684936.057430887129158 ], [ 252176.60836564519559, 2684935.931398828979582 ], [ 252195.922315174975665, 2684929.322259498294443 ], [ 252210.427315194829134, 2684926.007108913734555 ], [ 252228.121570360730402, 2684922.623607499524951 ], [ 252245.803469589620363, 2684912.858855608385056 ], [ 252268.327840030775405, 2684901.363473147619516 ], [ 252297.254575159720844, 2684885.038399873301387 ], [ 252316.809819974558195, 2684875.1083048065193 ], [ 252326.153666131023783, 2684870.340471214614809 ], [ 252363.114435406954726, 2684852.340872663538903 ], [ 252400.110241784510436, 2684835.967250268906355 ], [ 252432.295985988166649, 2684822.825127311050892 ], [ 252474.032729960250435, 2684802.908691241405904 ], [ 252504.695472443359904, 2684791.676081236451864 ], [ 252536.888590268674307, 2684781.786828200798482 ], [ 252561.039967948338017, 2684770.319137963932008 ], [ 252583.530735513311811, 2684757.260473457630724 ], [ 252604.360598397091962, 2684742.611164777074009 ], [ 252628.402329508389812, 2684723.138234009500593 ], [ 252647.634001395053929, 2684706.896551558747888 ], [ 252663.675239002099261, 2684690.661235407460481 ], [ 252681.281069323245902, 2684674.454672545660287 ], [ 252702.258847412711475, 2684655.047627368476242 ], [ 252704.952242359519005, 2684652.299590011592954 ], [ 252726.131656987621682, 2684630.636019609402865 ], [ 252756.527112811774714, 2684598.264139061793685 ], [ 252762.519231766927987, 2684591.816669390071183 ], [ 252783.738347952195909, 2684569.088657613843679 ], [ 252794.111460983345751, 2684556.916610601823777 ], [ 252810.160050771548413, 2684538.11615246348083 ], [ 252814.126332842715783, 2684533.46410651691258 ], [ 252832.145633163338061, 2684516.12242274498567 ], [ 252846.18133448890876, 2684502.620252163149416 ], [ 252850.645048647362273, 2684497.832313043065369 ], [ 252858.165334852761589, 2684489.725303479470313 ], [ 252871.737622284999816, 2684475.04461654741317 ], [ 252902.371792093559634, 2684439.226837688591331 ], [ 252899.883836352120852, 2684434.087981000542641 ], [ 252907.205931800563121, 2684425.484786331653595 ], [ 252924.338530868873931, 2684416.357818794436753 ], [ 252950.154445297666825, 2684389.2143390965648 ], [ 252956.240669972787146, 2684381.325914226472378 ], [ 252972.549575743672904, 2684360.080156499519944 ], [ 252994.923206689127255, 2684335.763539222069085 ], [ 253015.663261431152932, 2684308.228950276505202 ], [ 253033.220619556086604, 2684283.953345894347876 ], [ 253047.547822813357925, 2684260.748221246059984 ], [ 253048.612803592724958, 2684257.910212248563766 ], [ 253065.105201069032773, 2684230.654621381312609 ], [ 253076.226493988040602, 2684209.645581580232829 ], [ 253082.579668052087072, 2684199.624425556976348 ], [ 253090.565906536416151, 2684187.003370056860149 ], [ 253103.320614894124446, 2684169.212164680473506 ], [ 253114.470917226688471, 2684146.63846822315827 ], [ 253127.22559424964129, 2684128.847292685415596 ], [ 253139.424197469023056, 2684111.381106590852141 ], [ 253146.402609214506811, 2684101.346426146570593 ], [ 253152.513694527442567, 2684091.705982707906514 ], [ 253160.74205388824339, 2684078.704311133362353 ], [ 253173.489209030522034, 2684057.660156836267561 ], [ 253183.025922141270712, 2684041.502318300306797 ], [ 253191.79897326536593, 2684030.553381177131087 ], [ 253193.243074519938091, 2684027.894841537345201 ], [ 253200.830025844828924, 2684014.156033042352647 ], [ 253206.816057894058758, 2684004.518245323561132 ], [ 253214.916499848768581, 2683991.394177239853889 ], [ 253229.222319785156287, 2683967.188663022127002 ], [ 253249.761561663268367, 2683939.032688984181732 ], [ 253256.385066343558719, 2683929.94444488780573 ], [ 253280.337202724360395, 2683897.58634664863348 ], [ 253310.627700675046071, 2683860.337289333343506 ], [ 253314.668748437805334, 2683856.246520489919931 ], [ 253341.120856563735288, 2683829.590107520576566 ], [ 253365.161213017505361, 2683810.054795631207526 ], [ 253387.604751508508343, 2683788.989918423816562 ], [ 253405.175593707914231, 2683771.157950483262539 ], [ 253426.060583250684431, 2683753.254435011651367 ], [ 253442.046691490861122, 2683740.273565165232867 ], [ 253454.912390622164821, 2683730.550346151459962 ], [ 253464.853906470962102, 2683721.577873731032014 ], [ 253468.696699981257552, 2683716.991156293079257 ], [ 253485.355096868996043, 2683706.185397657565773 ], [ 253502.894321766216308, 2683689.792758130468428 ], [ 253527.104801072680857, 2683675.258658230770379 ], [ 253546.41255391901359, 2683665.459291796199977 ], [ 253561.11856254725717, 2683656.947520063724369 ], [ 253597.115688358695479, 2683643.598597256932408 ], [ 253649.892340569844237, 2683619.253956569358706 ], [ 253673.997376492392505, 2683608.538185372948647 ], [ 253681.521896781283431, 2683606.436943396460265 ], [ 253716.818425467179623, 2683595.417837692890316 ], [ 253721.175319318077527, 2683594.385697183199227 ], [ 253745.878760849125683, 2683588.22376656671986 ], [ 253765.549512449186295, 2683583.671813100110739 ], [ 253774.887592786661116, 2683581.531547377817333 ], [ 253799.08739344694186, 2683578.133276668842882 ], [ 253824.885341618937673, 2683576.32707495521754 ], [ 253847.311531382671092, 2683571.903307429514825 ], [ 253850.62696171583957, 2683571.894537071697414 ], [ 253873.447752997511998, 2683571.278498231898993 ], [ 253878.261202770081582, 2683571.112374809104949 ], [ 253881.325174823374255, 2683571.046479387674481 ], [ 253916.845664699940244, 2683567.529753879643977 ], [ 253945.902646371716401, 2683568.906424415297806 ], [ 253983.062372844375204, 2683571.797963421326131 ], [ 253997.71821943402756, 2683575.48651041649282 ], [ 254013.758747616870096, 2683579.582978837192059 ], [ 254044.693716707581189, 2683589.740271327085793 ], [ 254091.467788133537397, 2683606.250473994761705 ], [ 254143.227971698681358, 2683621.902837829198688 ], [ 254180.494604985840851, 2683632.67431381996721 ], [ 254217.644281998364022, 2683643.823913827072829 ], [ 254238.708338219905272, 2683651.691058172378689 ], [ 254258.117513975914335, 2683661.157783851958811 ], [ 254267.479567736241734, 2683665.961097655817866 ], [ 254276.083181896305177, 2683670.405236191116273 ], [ 254293.809580035769613, 2683680.158529012929648 ], [ 254333.149798826460028, 2683700.081764976028353 ], [ 254342.594600698648719, 2683705.821640285663307 ], [ 254373.207682623789879, 2683721.365666912402958 ], [ 254407.307431786350207, 2683741.964677242096514 ], [ 254426.638048476568656, 2683756.500287144910544 ], [ 254447.870082253066357, 2683772.183802137151361 ], [ 254467.355393426318187, 2683788.092232640367001 ], [ 254476.178990549815353, 2683794.033231939654797 ], [ 254495.223113269719761, 2683806.886042213067412 ], [ 254511.796530315245036, 2683818.290569627657533 ], [ 254521.124069438053994, 2683824.408250764943659 ], [ 254525.054858718533069, 2683826.825929604005069 ], [ 254551.555616095254663, 2683843.146618595346808 ], [ 254564.661399856617209, 2683853.312108129728585 ], [ 254587.460717439564178, 2683869.149261916521937 ], [ 254610.198909322411055, 2683885.050450775306672 ], [ 254637.751855555980001, 2683900.84816161962226 ], [ 254663.680433306668419, 2683916.743109836708754 ], [ 254688.07932183824596, 2683934.234988213982433 ], [ 254710.754923890024656, 2683950.137512574438006 ], [ 254733.526726893527666, 2683967.60191093897447 ], [ 254737.359259221208049, 2683971.273015520535409 ], [ 254749.944013590080431, 2683983.388850993942469 ], [ 254751.670007932814769, 2683985.103420788887888 ], [ 254767.647672244871501, 2683997.89686317415908 ], [ 254785.534521510679042, 2684012.213332690764219 ], [ 254794.912143698020373, 2684020.644703356549144 ], [ 254805.054883042437723, 2684029.747560817748308 ], [ 254819.647874667192809, 2684039.25528356526047 ], [ 254827.799041059333831, 2684048.839129075407982 ], [ 254842.440705784567399, 2684066.415789107326418 ], [ 254845.928900210768916, 2684071.533162047155201 ], [ 254852.259933763474692, 2684080.843242035247386 ], [ 254863.717260106350295, 2684101.616489611100405 ], [ 254876.77420056486153, 2684124.044235321227461 ], [ 254886.668266091903206, 2684144.851104917470366 ], [ 254892.968503163516289, 2684158.540972110815346 ], [ 254901.433148430660367, 2684176.876129511743784 ], [ 254911.33480493654497, 2684200.935892825946212 ], [ 254917.907157444918994, 2684218.561130660586059 ], [ 254922.881557525281096, 2684234.594235578086227 ], [ 254931.081120601884322, 2684252.247043149545789 ], [ 254949.022922894335352, 2684277.822769639547914 ], [ 254970.209987355628982, 2684300.138188226614147 ], [ 254984.879153389978455, 2684316.08769658440724 ], [ 254999.47967435567989, 2684328.848225609399378 ], [ 255010.854825938731665, 2684339.989163822494447 ], [ 255022.293908133695368, 2684351.19117087777704 ], [ 255028.818055346637266, 2684360.747413217555732 ], [ 255041.861362158611882, 2684376.731869080103934 ], [ 255051.610813444422092, 2684387.907729738391936 ], [ 255060.66424244409427, 2684398.723298457916826 ], [ 255062.442714638018515, 2684402.876388075761497 ], [ 255074.444565161335049, 2684419.884215543046594 ], [ 255090.673285944300005, 2684447.248488718178123 ], [ 255093.62626907939557, 2684450.750823251903057 ], [ 255110.425613597675692, 2684472.660171984229237 ], [ 255131.592533330142032, 2684499.855478665791452 ], [ 255142.887944681948284, 2684516.00267270160839 ], [ 255146.180429925239878, 2684520.748816317878664 ], [ 255162.564103019423783, 2684534.972432037815452 ], [ 255178.922781866218429, 2684550.948167432565242 ], [ 255183.71623618339072, 2684555.661925531923771 ], [ 255206.426931635127403, 2684573.190050686709583 ], [ 255214.614116600336274, 2684578.644100842997432 ], [ 255237.463939783105161, 2684593.91719137551263 ], [ 255270.908237096795347, 2684610.21322463825345 ], [ 255276.156026402837597, 2684612.790263910312206 ], [ 255311.77928546606563, 2684628.601672966964543 ], [ 255319.296869235578924, 2684632.005842251237482 ], [ 255339.325988490163581, 2684641.208693932276219 ], [ 255368.507382420473732, 2684657.096029864158481 ], [ 255396.05427219052217, 2684669.702925697434694 ], [ 255419.003897632384906, 2684680.907491598743945 ], [ 255428.487020324595505, 2684685.52043414209038 ], [ 255465.708525068854215, 2684702.923816703259945 ], [ 255471.496251740347361, 2684704.425763332750648 ], [ 255473.872223799058702, 2684698.55656381091103 ], [ 255526.387209219043143, 2684717.319963541347533 ], [ 255559.705607408977812, 2684730.678512550424784 ], [ 255628.488318455143599, 2684758.287738810759038 ], [ 255680.932456409645965, 2684776.67711527319625 ], [ 255713.632453145663021, 2684790.361834424547851 ], [ 255727.709650306089316, 2684796.252039216924459 ], [ 255740.019939409947256, 2684801.429735668934882 ], [ 255785.961247756757075, 2684819.959089767187834 ], [ 255852.448912401800044, 2684836.857585364952683 ], [ 255857.858596651640255, 2684838.242532256990671 ], [ 255868.447089130029781, 2684841.893299512099475 ], [ 255873.9967028615647, 2684843.963338545057923 ], [ 255898.151293270930182, 2684853.014846508391201 ], [ 255923.567317164968699, 2684862.539648031350225 ], [ 255949.928642193874111, 2684875.297191376797855 ], [ 255967.440337412554072, 2684883.803581691347063 ], [ 255975.912089941703016, 2684887.937736165709794 ], [ 255986.792300156201236, 2684893.521386602893472 ], [ 256074.958072400273522, 2684943.922365362755954 ], [ 256080.885532684274949, 2684946.109413411933929 ], [ 256093.964415372523945, 2684955.023917712736875 ], [ 256113.47712553027668, 2684969.30503770057112 ], [ 256136.215148979332298, 2684985.205902490764856 ], [ 256140.328073267883155, 2684987.369502547662705 ], [ 256157.286336643825052, 2684996.325799575075507 ], [ 256176.6954303207458, 2685005.792075959965587 ], [ 256192.915564630326116, 2685015.327064947690815 ], [ 256205.910342760267667, 2685023.242445309180766 ], [ 256223.721058649127372, 2685031.116751780733466 ], [ 256232.286372158268932, 2685036.68770481320098 ], [ 256238.314206199342152, 2685040.62418833328411 ], [ 256256.195011832634918, 2685051.749977757688612 ], [ 256274.054535923845833, 2685067.693409253377467 ], [ 256291.913910478237085, 2685083.636418765876442 ], [ 256308.181244013947435, 2685101.17789621790871 ], [ 256322.879083967709448, 2685115.562693540472537 ], [ 256339.152518195245648, 2685136.294468264095485 ], [ 256353.81559054920217, 2685149.053564252797514 ], [ 256365.198039600392804, 2685163.447062810882926 ], [ 256376.608324091590475, 2685176.213320211041719 ], [ 256391.249826210754691, 2685193.789739230647683 ], [ 256409.142939378478331, 2685211.296224631834775 ], [ 256420.560487011447549, 2685227.315478870179504 ], [ 256441.556622971722391, 2685246.569324151147157 ], [ 256471.044642725610174, 2685276.713004139717668 ], [ 256503.538169099629158, 2685306.979651052504778 ], [ 256526.289755809266353, 2685329.323611509520561 ], [ 256553.947533391386969, 2685349.997744097840041 ], [ 256576.622979173873318, 2685365.899954070337117 ], [ 256610.73003356391564, 2685389.750992367044091 ], [ 256635.058821686310694, 2685403.990759461652488 ], [ 256652.49189532638411, 2685417.565823634620756 ], [ 256663.370626476884354, 2685423.087010428775102 ], [ 256684.371175105217844, 2685433.832807269878685 ], [ 256723.642437701229937, 2685450.566042587626725 ], [ 256756.43736369672115, 2685462.872078609187156 ], [ 256795.471139843866695, 2685477.295762086752802 ], [ 256832.857059992587892, 2685493.631835729349405 ], [ 256836.583942985424073, 2685495.303248842712492 ], [ 256861.465204685431672, 2685506.153124769683927 ], [ 256912.982308989187004, 2685536.698347683995962 ], [ 256987.082982155494392, 2685567.257579949684441 ], [ 257017.252952275885036, 2685579.682512005325407 ], [ 257021.039790563285351, 2685581.227607805281878 ], [ 257036.440677707112627, 2685587.589703947305679 ], [ 257062.682983672275441, 2685597.722049168311059 ], [ 257061.208522207685746, 2685601.882537220139056 ], [ 257081.008781757118413, 2685612.091083495412022 ], [ 257083.362711648282129, 2685613.917115429416299 ], [ 257115.27620224156999, 2685628.869571118149906 ], [ 257124.313393091928447, 2685633.11652342742309 ], [ 257160.213355898449663, 2685650.172596207819879 ], [ 257161.866073110984871, 2685651.388119933661073 ], [ 257177.782114045985509, 2685658.427234021481127 ], [ 257206.920711465092609, 2685669.435631077736616 ], [ 257231.243257859634468, 2685680.485070093534887 ], [ 257247.393223323160782, 2685686.768584952689707 ], [ 257265.239148678490892, 2685696.268444053828716 ], [ 257287.929760265193181, 2685704.162602274212986 ], [ 257312.217269418761134, 2685713.586342674214393 ], [ 257326.964884371496737, 2685718.648776559624821 ], [ 257336.354271289688768, 2685721.824770568404347 ], [ 257353.98323694919236, 2685727.075277192983776 ], [ 257375.955159432429355, 2685733.546180783305317 ], [ 257383.770612428052118, 2685736.255521781742573 ], [ 257395.001702254434349, 2685740.705581329762936 ], [ 257418.994709081278415, 2685748.071175097022206 ], [ 257441.615352253807941, 2685752.71391202416271 ], [ 257467.470713538874406, 2685759.413899808190763 ], [ 257483.78056537892553, 2685761.502477401867509 ], [ 257496.073913507629186, 2685762.989503934048116 ], [ 257515.046374095545616, 2685760.891885335091501 ], [ 257519.167641309439205, 2685760.553065348882228 ], [ 257538.589980999444379, 2685759.008820654824376 ], [ 257541.837240400403971, 2685758.751034180168062 ], [ 257567.562616049632197, 2685756.508151293732226 ], [ 257576.660795233969111, 2685754.87351322453469 ], [ 257594.836916136235232, 2685750.666114616207778 ], [ 257599.773961216618773, 2685750.434680428821594 ], [ 257617.524016476090765, 2685749.677284908480942 ], [ 257636.942010066413786, 2685742.127554871141911 ], [ 257664.225199021806475, 2685739.60084964055568 ], [ 257686.833445394469891, 2685737.863049199339002 ], [ 257695.88263791432837, 2685736.854876426514238 ], [ 257716.787854777881876, 2685734.465564631391317 ], [ 257722.978065349074313, 2685734.332278329413384 ], [ 257744.925505108752986, 2685733.859643361996859 ], [ 257769.143573616660433, 2685737.154297362081707 ], [ 257798.199892246047966, 2685738.53062017261982 ], [ 257820.820350989786675, 2685743.173178195953369 ], [ 257845.094253899995238, 2685746.1538415546529 ], [ 257869.271918711951002, 2685747.572604227345437 ], [ 257885.443315145384986, 2685749.038573704194278 ], [ 257899.781179538025754, 2685749.60576852504164 ], [ 257924.160462786792777, 2685748.767988306935877 ], [ 257938.733524902170757, 2685748.64204401569441 ], [ 257950.026298024284188, 2685750.150461300741881 ], [ 257972.646863559290068, 2685754.79303114162758 ], [ 257990.454559934238205, 2685756.724243764299899 ], [ 257992.515343223727541, 2685756.554789951071143 ], [ 258010.998357950884383, 2685754.968315713573247 ], [ 258013.726709155191202, 2685759.663819064386189 ], [ 258029.200727215822553, 2685760.706823823507875 ], [ 258051.815228824067162, 2685762.159282269421965 ], [ 258079.286679743090644, 2685768.386574189644307 ], [ 258100.791739188600332, 2685770.613502934575081 ], [ 258105.104317683493719, 2685773.335701405536383 ], [ 258174.597900966415182, 2685816.567794139962643 ], [ 258214.837356170202838, 2685855.049860053695738 ], [ 258240.117844130611047, 2685867.016822207253426 ], [ 258247.978299753245665, 2685874.729981936980039 ], [ 258256.170623100391822, 2685889.129304625559598 ], [ 258265.953556811087765, 2685901.868048759642988 ], [ 258275.765404095436679, 2685913.042165528517216 ], [ 258288.767494520550827, 2685924.210194319020957 ], [ 258293.291659412236186, 2685928.053809060715139 ], [ 258300.10895373148378, 2685933.787508790381253 ], [ 258322.839116900082445, 2685946.435137837659568 ], [ 258347.133968223468401, 2685959.11136224726215 ], [ 258379.531347775104223, 2685973.302326171658933 ], [ 258387.729984386533033, 2685976.378863348159939 ], [ 258400.532180035399506, 2685981.17028936278075 ], [ 258418.573403966409387, 2685985.22331438632682 ], [ 258423.244809206633363, 2685987.187264480162412 ], [ 258447.468889338866575, 2685993.671803697943687 ], [ 258481.41728508612141, 2686001.448855877388269 ], [ 258512.175093319179723, 2686009.231814198661596 ], [ 258544.490101034723921, 2686013.790500175673515 ], [ 258571.907037024677265, 2686020.394379528239369 ], [ 258579.302950209093979, 2686021.048373290337622 ], [ 258617.034979874122655, 2686024.427119399886578 ], [ 258631.938182056939695, 2686025.107159121427685 ], [ 258636.419899543339852, 2686024.072359888348728 ], [ 258657.495017729408573, 2686020.866030002012849 ], [ 258668.55171051810612, 2686020.127507514785975 ], [ 258686.54371855664067, 2686018.989529146812856 ], [ 258700.408756950579118, 2686017.940266889519989 ], [ 258709.089296847290825, 2686017.252953795716166 ], [ 258735.153242998057976, 2686013.313705876003951 ], [ 258742.967924159485847, 2686013.082776113413274 ], [ 258747.580141114682192, 2686012.295339335221797 ], [ 258765.034129981824663, 2686009.417004418559372 ], [ 258767.466086085856659, 2686009.051949257962406 ], [ 258767.408137342659757, 2686006.363160588312894 ], [ 258780.057443442870863, 2686006.966664464678615 ], [ 258809.066138691909146, 2686000.336647971533239 ], [ 258817.923688680690248, 2685999.145175132900476 ], [ 258840.429073365114164, 2685995.532540127635002 ], [ 258847.660715314792469, 2685994.375901516526937 ], [ 258862.40376933614607, 2685993.43295010831207 ], [ 258868.705524178629275, 2685992.671712435316294 ], [ 258876.764946382900234, 2685992.185360355768353 ], [ 258890.933182062726701, 2685990.691744259092957 ], [ 258925.661497584776953, 2685985.314734751358628 ], [ 258941.219360670365859, 2685981.539218266960233 ], [ 258968.600963067903649, 2685974.881422675214708 ], [ 258989.978090128919575, 2685971.168470909819007 ], [ 258997.64341708846041, 2685969.8148088674061 ], [ 259026.623223306844011, 2685964.749213203322142 ], [ 259050.849659966101171, 2685959.723321310710162 ], [ 259076.646520668582525, 2685957.916775890160352 ], [ 259095.845940696424805, 2685954.751046608202159 ], [ 259107.252174312190618, 2685952.816453350242227 ], [ 259131.380886295344681, 2685946.166184126399457 ], [ 259158.830439864861546, 2685939.757498695980757 ], [ 259187.763591827359051, 2685929.625883960165083 ], [ 259211.927360520785442, 2685924.601567906327546 ], [ 259239.343825059680967, 2685919.569576625246555 ], [ 259268.351337147061713, 2685912.877064397092909 ], [ 259302.134760726912646, 2685901.38990424387157 ], [ 259342.393701791181229, 2685891.389799692668021 ], [ 259371.36718709312845, 2685883.134183621034026 ], [ 259402.230109141353751, 2685875.463275684509426 ], [ 259427.418387128825998, 2685865.725108227692544 ], [ 259459.211608297366183, 2685854.781272137071937 ], [ 259469.360611337411683, 2685852.560968878213316 ], [ 259490.532956937706331, 2685845.161328924354166 ], [ 259514.620616378815612, 2685833.695298764389008 ], [ 259534.345380617014598, 2685825.888946689199656 ], [ 259543.259315624512965, 2685821.505685052834451 ], [ 259554.465097916254308, 2685816.072413442656398 ], [ 259627.447055858501699, 2685780.219925414770842 ], [ 259651.301372762798565, 2685766.631950683426112 ], [ 259666.894011150987353, 2685758.664636265020818 ], [ 259673.439836169505725, 2685754.707551250699908 ], [ 259698.326030771277146, 2685739.658686114475131 ], [ 259720.320447012141813, 2685721.043947413098067 ], [ 259747.577194083976792, 2685699.875948860310018 ], [ 259770.025410829024622, 2685682.002022400032729 ], [ 259783.049779227672843, 2685670.961973211262375 ], [ 259789.255869712651474, 2685665.761084143072367 ], [ 259805.338603928452358, 2685654.405057443771511 ], [ 259816.286792068363866, 2685645.724261405877769 ], [ 259819.731804252747679, 2685643.022664436139166 ], [ 259842.24866040944471, 2685628.33766977628693 ], [ 259861.479067302367184, 2685612.096736334264278 ], [ 259872.181097578868503, 2685603.609104909002781 ], [ 259883.496399490250042, 2685594.545042376965284 ], [ 259903.343323295208393, 2685574.975317481439561 ], [ 259928.949453015200561, 2685549.776900277007371 ], [ 259934.156525810394669, 2685544.660192580427974 ], [ 259941.355666646210011, 2685536.185305893421173 ], [ 259945.382990734680789, 2685531.469486050307751 ], [ 260005.096333970635897, 2685434.285149022936821 ], [ 260081.108407337160315, 2685364.838014086242765 ], [ 260083.191243190289242, 2685362.791225426830351 ], [ 260099.791516151221003, 2685346.419428451452404 ], [ 260124.493375082151033, 2685322.804666457697749 ], [ 260128.66180424997583, 2685318.836276200599968 ], [ 260151.109974798804615, 2685300.962517681997269 ], [ 260168.679818161675939, 2685283.130939261522144 ], [ 260184.69251661846647, 2685268.523492832668126 ], [ 260199.107056053850101, 2685252.323855814523995 ], [ 260213.529010448430199, 2685239.377006101887673 ], [ 260224.993579794972902, 2685231.435929598286748 ], [ 260234.420200241234852, 2685224.727170052472502 ], [ 260248.854431983520044, 2685218.160724419634789 ], [ 260271.903987056721235, 2685210.783440453466028 ], [ 260274.70956352178473, 2685210.347838505171239 ], [ 260303.611173488316126, 2685201.655844105407596 ], [ 260330.992528251634212, 2685194.998579044826329 ], [ 260356.74685671745101, 2685188.313632503151894 ], [ 260369.199764858960407, 2685185.60589255951345 ], [ 260375.301837396080373, 2685184.285936553962529 ], [ 260395.414597248542123, 2685179.97457894589752 ], [ 260438.751145848829765, 2685173.474185946863145 ], [ 260474.382017629599432, 2685166.451586054172367 ], [ 260496.98852028127294, 2685164.651381332427263 ], [ 260509.900666488916613, 2685162.934634022880346 ], [ 260515.542884266818874, 2685163.50123189156875 ], [ 260527.418992420687573, 2685157.240127772092819 ], [ 260535.888302169507369, 2685158.371452755760401 ], [ 260539.829671678715385, 2685167.107098312582821 ], [ 260563.202128584787715, 2685168.918475195765495 ], [ 260582.557260954199592, 2685167.188169370405376 ], [ 260595.440512642089743, 2685167.035989898256958 ], [ 260609.141273603512673, 2685164.176261884626001 ], [ 260611.581257305340841, 2685164.186283778399229 ], [ 260634.143196270510089, 2685160.322738029062748 ], [ 260655.054078871762613, 2685155.30590441217646 ], [ 260679.252612913813209, 2685151.90741734392941 ], [ 260696.973250957526034, 2685146.896851250436157 ], [ 260716.287191547366092, 2685140.350658582523465 ], [ 260735.599987662688363, 2685133.741904710885137 ], [ 260751.653569674614118, 2685123.950368312187493 ], [ 260777.395555851078825, 2685110.885107070207596 ], [ 260803.075027465820312, 2685097.821175994351506 ], [ 260841.729121246287832, 2685083.039141671266407 ], [ 260860.467693417624105, 2685078.819960470777005 ], [ 260864.825738910032669, 2685077.850390463136137 ], [ 260915.730252443347126, 2685059.676801142748445 ], [ 260938.389770269306609, 2685051.619777286425233 ], [ 260986.68709054091596, 2685034.378335667774081 ], [ 261012.624077704531373, 2685024.561792454682291 ], [ 261036.477491786499741, 2685013.851666083559394 ], [ 261052.503703771071741, 2685005.687460970599204 ], [ 261071.816282483807299, 2684999.078538916539401 ], [ 261087.905082020239206, 2684990.912766756955534 ], [ 261099.1504170736589, 2684984.415058430749923 ], [ 261111.986393783416133, 2684976.256810530554503 ], [ 261125.013834139186656, 2684968.282060936558992 ], [ 261140.255482292879606, 2684955.630711731966585 ], [ 261160.393484554399038, 2684940.871874951757491 ], [ 261172.649231464631157, 2684931.91278692567721 ], [ 261187.428368698718259, 2684921.022784417960793 ], [ 261202.362459920783294, 2684908.628024507313967 ], [ 261219.20274039497599, 2684894.690977823920548 ], [ 261229.151719316374511, 2684886.094442791305482 ], [ 261234.073172997770598, 2684882.235166298225522 ], [ 261250.378940059134038, 2684869.623178992420435 ], [ 261268.848896492418135, 2684855.838773366063833 ], [ 261270.625976674142294, 2684854.11160472035408 ], [ 261309.468232050974621, 2684816.117463215719908 ], [ 261336.858910256676609, 2684804.080222497694194 ], [ 261341.506641915242653, 2684802.041028210427612 ], [ 261339.56887660981738, 2684799.205247588455677 ], [ 261343.678271739656338, 2684792.485819553025067 ], [ 261360.23708018718753, 2684765.480751807801425 ], [ 261367.56605882581789, 2684754.313148199114949 ], [ 261371.679154303186806, 2684747.781383252702653 ], [ 261398.05258999534999, 2684705.927047585137188 ], [ 261403.770003862708108, 2684698.360084043815732 ], [ 261450.939586977590807, 2684672.322504711803049 ], [ 261548.259179583605146, 2684633.758166170679033 ], [ 261550.542304457805585, 2684629.392742312978953 ], [ 261574.526946435100399, 2684584.086742403917015 ], [ 261633.716557571548037, 2684532.330433662980795 ], [ 261648.371482477901736, 2684509.870533505454659 ], [ 261653.208891189162387, 2684505.012220466975123 ], [ 261672.147121234622318, 2684475.203587528783828 ], [ 261706.097872808721149, 2684436.626827877014875 ], [ 261731.412026298465207, 2684409.496069621294737 ], [ 261790.2849263146054, 2684363.376855668611825 ], [ 261832.991950153227663, 2684263.682842028327286 ], [ 261903.288826111762319, 2684190.29402341414243 ], [ 261976.26873179586255, 2684104.961989727802575 ], [ 262049.504406226711581, 2684031.510130513925105 ], [ 262097.85919035912957, 2684005.322390355635434 ], [ 262116.965736483427463, 2683994.965170043054968 ], [ 262122.407644501625327, 2683992.032867323607206 ], [ 262153.077507525566034, 2683975.421487828716636 ], [ 262183.88809207174927, 2683962.435090820305049 ], [ 262280.600327881635167, 2683921.820195626467466 ], [ 262336.045976273133419, 2683902.486246974673122 ], [ 262437.769078596145846, 2683870.896552240010351 ], [ 262545.290711098175962, 2683844.249243272002786 ], [ 262720.6438895786996, 2683809.88688630098477 ], [ 262777.204722826601937, 2683787.151049563195556 ], [ 262807.16070960246725, 2683772.244021515361965 ], [ 262834.887635894003324, 2683761.325891510117799 ], [ 262840.518493148323614, 2683758.452222893480211 ], [ 262901.338438945414964, 2683721.424886589404196 ], [ 262909.365741291258018, 2683716.560636368114501 ], [ 262967.245004065334797, 2683670.776250797323883 ], [ 263002.385617625550367, 2683646.812374646775424 ], [ 263057.098191612923983, 2683622.489997863769531 ], [ 263109.561193587607704, 2683575.008239143993706 ], [ 263153.772631804691628, 2683559.794586855452508 ], [ 263173.213424374233, 2683550.430959519464523 ], [ 263206.772294825757854, 2683537.260607917327434 ], [ 263227.772754809469916, 2683518.980605169665068 ], [ 263261.598283822182566, 2683509.495233385358006 ], [ 263297.477927525120322, 2683487.89270214503631 ], [ 263397.350106244091876, 2683463.349614928010851 ], [ 263408.156918475287966, 2683459.739138339646161 ], [ 263452.191740994225256, 2683445.029741492122412 ], [ 263483.307129907538183, 2683434.601900219451636 ], [ 263539.266298780916259, 2683415.882755163591355 ], [ 263545.167193780536763, 2683413.941779042594135 ], [ 263578.341939094709232, 2683403.28186297044158 ], [ 263675.446245578234084, 2683404.195525295566767 ], [ 263766.732779195415787, 2683405.109071964398026 ], [ 263770.999513266026042, 2683405.705509647261351 ], [ 263782.290289385593496, 2683407.151571891270578 ], [ 263847.775484481710009, 2683415.438755851238966 ], [ 263871.862628137110732, 2683415.608582200948149 ], [ 263898.129327303846367, 2683412.416167716495693 ], [ 263902.060323457582854, 2683411.956358558498323 ], [ 263943.563052118406631, 2683390.045410851016641 ], [ 263965.131466880557127, 2683377.821066137868911 ], [ 263993.310926652513444, 2683361.763930979650468 ], [ 264076.175558043178171, 2683325.951725022401661 ], [ 264122.286819533270318, 2683306.005778933875263 ], [ 264128.91788187349448, 2683303.110907602123916 ], [ 264216.794632777047809, 2683258.933692158665508 ], [ 264219.331326267565601, 2683257.628009072970599 ], [ 264255.669802653603256, 2683242.834221168421209 ], [ 264284.108112074784003, 2683230.086931871715933 ], [ 264353.592930248123594, 2683209.137959065381438 ], [ 264371.741413318435661, 2683203.68068100232631 ], [ 264464.257231, 2683189.054527899250388 ], [ 264509.517299859784544, 2683181.888036191929132 ], [ 264565.787848656298593, 2683154.40481147961691 ], [ 264591.010906889976468, 2683143.415766845922917 ], [ 264617.71739653754048, 2683178.121832555625588 ], [ 264663.859284967475105, 2683238.119408272672445 ], [ 264667.464234680170193, 2683242.858611410949379 ], [ 264690.21337417315226, 2683238.991292415186763 ], [ 264702.893888917984441, 2683238.155499336775392 ], [ 264710.190415958524682, 2683237.122852379456162 ], [ 264729.125974750029854, 2683236.27755425311625 ], [ 264729.959709657239728, 2683234.320342269726098 ], [ 264734.70347949245479, 2683233.842945261858404 ], [ 264736.740397952904459, 2683183.130626655649394 ], [ 264739.974428022338543, 2683103.742582364473492 ], [ 264745.77311761805322, 2682960.369163036812097 ], [ 264752.847146846179385, 2682951.897247400600463 ], [ 264794.073147542425431, 2682902.593738010153174 ], [ 264806.140523099456914, 2682884.88149874098599 ], [ 264831.171211408218369, 2682847.498937584459782 ], [ 264857.22321386646945, 2682825.607767292298377 ], [ 264872.887445553671569, 2682812.25957022048533 ], [ 264889.237331092939712, 2682795.893892746418715 ], [ 264914.649887732230127, 2682770.450977061875165 ], [ 264927.681362612522207, 2682756.846596302464604 ], [ 264954.249665869458113, 2682724.060270143207163 ], [ 264963.834026717348024, 2682704.337132767308503 ], [ 264972.939017098979093, 2682671.050280986819416 ], [ 264974.197682717582211, 2682665.581176313105971 ], [ 264976.663695386610925, 2682652.266540058888495 ], [ 264984.48931152978912, 2682597.301033163908869 ], [ 264986.230564050725661, 2682585.190723879728466 ], [ 264988.365293594892137, 2682576.825186754111201 ], [ 264988.944718044542242, 2682574.685950126498938 ], [ 264995.519910560920835, 2682548.834894127678126 ], [ 264999.67603680700995, 2682532.669055383186787 ], [ 265006.208888871246018, 2682478.669672297779471 ], [ 264997.029845972545445, 2682409.619828650727868 ], [ 264990.37387862149626, 2682385.179381240159273 ], [ 264989.171879810281098, 2682370.004644703585654 ], [ 264981.117480329470709, 2682350.348273551091552 ], [ 264978.560842328472063, 2682339.080946787260473 ], [ 264974.880561488098465, 2682313.387976841535419 ], [ 264967.7399767570314, 2682286.768443996086717 ], [ 264962.787739491672255, 2682265.919394141994417 ], [ 264951.686465758713894, 2682238.38415499869734 ], [ 264939.320661546546035, 2682218.945714454632252 ], [ 264932.60712924413383, 2682197.634129837621003 ], [ 264921.085741957766004, 2682176.738522375933826 ], [ 264912.506432945257984, 2682153.027438658289611 ], [ 264904.587301977153402, 2682136.746060932520777 ], [ 264890.061355618236121, 2682118.667546219192445 ], [ 264884.957861961680464, 2682111.1458176872693 ], [ 264876.106753296684474, 2682098.074630193412304 ], [ 264864.575415292172693, 2682079.618995362427086 ], [ 264853.496396014932543, 2682061.841651592869312 ], [ 264832.306475590739865, 2682042.217545941937715 ], [ 264816.551712250860874, 2682019.348637674469501 ], [ 264809.689414854045026, 2682005.671919486951083 ], [ 264795.330834056949243, 2681980.83383576059714 ], [ 264765.633014723542146, 2681946.62996191252023 ], [ 264736.982468344620429, 2681914.592667264398187 ], [ 264727.923181621939875, 2681903.46525993430987 ], [ 264718.866362605825998, 2681892.462807921692729 ], [ 264702.673204690567218, 2681872.480962404049933 ], [ 264686.153153786552139, 2681848.940632896497846 ], [ 264677.975318065378815, 2681829.349254750646651 ], [ 264668.979847219656222, 2681818.282979841344059 ], [ 264651.591894920973573, 2681803.831411955878139 ], [ 264639.291211582079995, 2681790.334070320241153 ], [ 264633.66736586362822, 2681781.885056347120553 ], [ 264621.189988356665708, 2681768.891959428787231 ], [ 264602.478206492902245, 2681753.968450633343309 ], [ 264590.348364290723111, 2681742.594385230913758 ], [ 264576.156699226470664, 2681725.509394151158631 ], [ 264559.843107978696935, 2681702.840247757732868 ], [ 264544.147989623714238, 2681685.662475008051842 ], [ 264516.858218072680756, 2681664.54292525537312 ], [ 264504.273312562610954, 2681646.547812463250011 ], [ 264492.279394050128758, 2681635.67097006784752 ], [ 264485.345107434259262, 2681627.375201439484954 ], [ 264481.592260212113615, 2681621.57581327855587 ], [ 264471.39468819758622, 2681612.787341260816902 ], [ 264456.262377198960166, 2681601.414965733420104 ], [ 264451.459949574491475, 2681596.263753111939877 ], [ 264394.024393776897341, 2681560.841666225809604 ], [ 264356.29295330052264, 2681522.493967725429684 ], [ 264340.559633722587023, 2681506.443162205163389 ], [ 264311.622659141314216, 2681490.175502769183367 ], [ 264295.258587695891038, 2681479.705576977692544 ], [ 264285.823355227592401, 2681471.463566960766912 ], [ 264264.865430098026991, 2681459.71600804803893 ], [ 264253.97722384845838, 2681450.817158139776438 ], [ 264249.379376260505524, 2681449.352192739024758 ], [ 264234.778015094983857, 2681439.407156105153263 ], [ 264231.287516890559345, 2681434.165255160070956 ], [ 264207.221932662767358, 2681423.360267775598913 ], [ 264194.292118776938878, 2681415.506004001013935 ], [ 264171.730671873840038, 2681401.916352368425578 ], [ 264160.56689333578106, 2681397.652511797845364 ], [ 264157.335074753616937, 2681395.720164115075022 ], [ 264152.736531711416319, 2681391.315152759663761 ], [ 264130.523212747997604, 2681382.2844178378582 ], [ 264119.67811922886176, 2681375.386366349644959 ], [ 264097.287428495183121, 2681363.919953625183553 ], [ 264086.383097062644083, 2681360.088212070986629 ], [ 264023.754806319251657, 2681298.442357966210693 ], [ 263998.714391336077824, 2681283.0294268601574 ], [ 263974.380164926522411, 2681265.536749013699591 ], [ 263951.643793354392983, 2681249.636298344004899 ], [ 263919.200086629251018, 2681227.376266191247851 ], [ 263909.412516624142881, 2681220.205323621165007 ], [ 263893.950498196994886, 2681228.419434478972107 ], [ 263887.72881964140106, 2681224.174509031698108 ], [ 263883.937690680613741, 2681219.501702684909105 ], [ 263868.566670060914475, 2681211.575016836635768 ], [ 263851.069035137188621, 2681200.754106448497623 ], [ 263850.211950666911434, 2681192.890542777255177 ], [ 263845.029660077590961, 2681190.437157907523215 ], [ 263839.568575447308831, 2681183.736130099743605 ], [ 263824.626395398168825, 2681178.302298933733255 ], [ 263831.410865969024599, 2681170.900119473226368 ], [ 263837.273409686749801, 2681164.268580137286335 ], [ 263823.378805443644524, 2681149.366513158194721 ], [ 263800.560598346230108, 2681123.834242414683104 ], [ 263782.620778030657675, 2681098.259806273505092 ], [ 263772.75527906633215, 2681075.827201541047543 ], [ 263753.106396643910557, 2681040.593477303162217 ], [ 263733.459178648074158, 2681005.422351470217109 ], [ 263708.850090320571326, 2680960.599400650709867 ], [ 263689.228962713736109, 2680923.738489547744393 ], [ 263666.246897232718766, 2680878.94309200765565 ], [ 263648.223764288588427, 2680843.674493927974254 ], [ 263641.611142390582245, 2680821.234358872286975 ], [ 263634.977014121250249, 2680803.611671845894307 ], [ 263631.553068299312145, 2680781.102963960263878 ], [ 263629.783853722852655, 2680756.994948162697256 ], [ 263629.571769158006646, 2680729.663352313451469 ], [ 263629.324546348536387, 2680700.705667699221522 ], [ 263629.024676261702552, 2680660.55217064358294 ], [ 263623.769127805309836, 2680613.936934230849147 ], [ 263620.251419707317837, 2680575.416457329876721 ], [ 263618.77689407003345, 2680535.913719160947949 ], [ 263614.401615272450726, 2680524.435065534431487 ], [ 263613.291155332874041, 2680513.511974403634667 ], [ 263611.935979436209891, 2680502.844278705772012 ], [ 263614.06329335924238, 2680491.226057194638997 ], [ 263612.332959170686081, 2680480.566279456485063 ], [ 263610.698687772732228, 2680471.468525009695441 ], [ 263610.919882389775012, 2680461.392414292320609 ], [ 263609.136505463044159, 2680451.171881429851055 ], [ 263607.544391878473107, 2680441.134872412774712 ], [ 263607.892190387297887, 2680431.118592963553965 ], [ 263606.831379372801166, 2680422.508919296786189 ], [ 263607.645211865601595, 2680413.796292833518237 ], [ 263606.438482076395303, 2680401.311293577309698 ], [ 263606.750558090687264, 2680392.54708644002676 ], [ 263606.437366323021706, 2680383.796075799036771 ], [ 263608.163450111635029, 2680373.875380410812795 ], [ 263608.451272804639302, 2680363.985537827480584 ], [ 263608.825930438237265, 2680355.219955435954034 ], [ 263609.459476106567308, 2680343.946550313383341 ], [ 263610.25495212781243, 2680331.481133241206408 ], [ 263605.751974718645215, 2680319.880058398470283 ], [ 263602.314491560449824, 2680308.381334738340229 ], [ 263613.303638799930923, 2680304.517028687987477 ], [ 263613.188716735923663, 2680302.079929726663977 ], [ 263611.337872631731443, 2680268.340220890473574 ], [ 263606.193100305972621, 2680229.792141891550273 ], [ 263601.054552256129682, 2680194.434148742351681 ], [ 263594.366075283382088, 2680165.552630032878369 ], [ 263587.623381864279509, 2680125.412390617188066 ], [ 263582.486024403711781, 2680090.116877012420446 ], [ 263574.088973289821297, 2680051.576161231379956 ], [ 263567.324597364058718, 2680016.252929722890258 ], [ 263562.262048836913891, 2679987.336549320723861 ], [ 263558.859951369930059, 2679960.010734896175563 ], [ 263557.344740859232843, 2679947.720144616439939 ], [ 263555.361783227301203, 2679931.123120026197284 ], [ 263551.972899944055825, 2679910.240181134082377 ], [ 263546.876618518203031, 2679879.760630489792675 ], [ 263545.065305351512507, 2679850.77419224428013 ], [ 263539.887250789615791, 2679810.662834180518985 ], [ 263537.960498084896244, 2679770.481747420504689 ], [ 263536.504792382009327, 2679743.489371247123927 ], [ 263536.074718762130942, 2679735.116287428420037 ], [ 263535.746092177927494, 2679696.527361567597836 ], [ 263535.567732348688878, 2679670.758736342657357 ], [ 263540.130605363752693, 2679638.570127557963133 ], [ 263546.237658656085841, 2679596.714961730875075 ], [ 263547.576989438617602, 2679562.969281819649041 ], [ 263550.507093270658515, 2679527.563094278331846 ], [ 263553.540559549350291, 2679496.971382983960211 ], [ 263559.736542640894186, 2679468.000607189722359 ], [ 263565.925287411024328, 2679435.777275923639536 ], [ 263568.966096100513823, 2679408.438025851268321 ], [ 263572.012950767122675, 2679384.289196096826345 ], [ 263571.807062599982601, 2679360.147608523257077 ], [ 263569.981593488890212, 2679339.230962191242725 ], [ 263564.953895059588831, 2679311.940232064574957 ], [ 263558.265742454095744, 2679283.058487877715379 ], [ 263549.938559635949787, 2679247.769068541936576 ], [ 263543.209510836866684, 2679214.071593518834561 ], [ 263533.262566627876367, 2679182.007013744208962 ], [ 263528.130295686540194, 2679149.839231504593045 ], [ 263524.729666765371803, 2679122.575789433903992 ], [ 263521.216876080958173, 2679087.182956013828516 ], [ 263517.718925404711626, 2679058.295239793136716 ], [ 263514.324508332996629, 2679034.222103087231517 ], [ 263512.485668355424423, 2679006.862704996019602 ], [ 263512.314879173529334, 2678984.346764450427145 ], [ 263512.103037475608289, 2678957.014982601627707 ], [ 263515.046345715411007, 2678928.051687475293875 ], [ 263518.093406043131836, 2678903.902637337800115 ], [ 263517.881693923845887, 2678876.570857093203813 ], [ 263522.485736078582704, 2678849.198136207647622 ], [ 263527.963020903873257, 2678830.439320749137551 ], [ 263530.315553495893255, 2678826.385282418690622 ], [ 263535.216154195542913, 2678818.648370884358883 ], [ 263536.329823045060039, 2678812.243898363783956 ], [ 263543.722333586309105, 2678798.198000306263566 ], [ 263554.684405888081528, 2678778.508184698875993 ], [ 263560.034324066364206, 2678768.384511117357761 ], [ 263568.134081960190088, 2678758.139329031575471 ], [ 263574.485701646655798, 2678748.056699981912971 ], [ 263582.810440802015364, 2678739.558224623091519 ], [ 263589.236388388439082, 2678721.279396581929177 ], [ 263596.511404817108996, 2678704.671271272003651 ], [ 263605.063648174458649, 2678689.286805057898164 ], [ 263613.732365004951134, 2678676.402022290974855 ], [ 263622.512264902819879, 2678668.707002229988575 ], [ 263633.690688941860572, 2678653.266171054448932 ], [ 263641.272445258917287, 2678648.036341793835163 ], [ 263647.462206497788429, 2678639.145873474422842 ], [ 263656.363922271237243, 2678628.382995792664587 ], [ 263667.771760299452581, 2678609.058856193907559 ], [ 263670.555232559097931, 2678604.682974782772362 ], [ 263673.264698244282044, 2678602.685615184251219 ], [ 263678.430404969141819, 2678595.630814077332616 ], [ 263684.81413571536541, 2678592.866625721566379 ], [ 263692.279809252882842, 2678585.137147468049079 ], [ 263708.388486050302163, 2678563.335083013866097 ], [ 263723.435825694934465, 2678550.375955939292908 ], [ 263736.866060687345453, 2678532.009170277509838 ], [ 263740.81537339091301, 2678529.484895203728229 ], [ 263748.697740441479255, 2678523.685559093952179 ], [ 263761.751761679304764, 2678514.022209017537534 ], [ 263777.098665439989418, 2678494.613315783906728 ], [ 263786.415184294630308, 2678482.77821011049673 ], [ 263795.146277632098645, 2678469.892088498454541 ], [ 263807.427500967285596, 2678453.364213979803026 ], [ 263821.192812690045685, 2678441.871275650803 ], [ 263826.961616575834341, 2678430.863051624037325 ], [ 263831.829445122624747, 2678424.503062678966671 ], [ 263836.820900929975323, 2678418.077857319265604 ], [ 263848.163013205921743, 2678410.265232007950544 ], [ 263873.031113059725612, 2678376.89027397474274 ], [ 263886.500819970038719, 2678357.459251417778432 ], [ 263896.632323542260565, 2678348.60937356390059 ], [ 263905.41237189352978, 2678340.914121021982282 ], [ 263914.05531917011831, 2678326.841473118402064 ], [ 263920.810988303390332, 2678321.003932439256459 ], [ 263923.573609559913166, 2678318.567498506512493 ], [ 263930.391772504663095, 2678312.728701842483133 ], [ 263938.807131041539833, 2678290.966656017582864 ], [ 263952.280953321838751, 2678271.723466632887721 ], [ 263955.143002670025453, 2678268.096301909070462 ], [ 263974.637065618648194, 2678243.719412427861243 ], [ 263994.094480810628738, 2678223.471995588392019 ], [ 264007.757550380658358, 2678213.044738618191332 ], [ 264011.108015851234086, 2678208.844231889117509 ], [ 264032.227381911303382, 2678184.432432636152953 ], [ 264036.633994762669317, 2678179.896350785158575 ], [ 264046.98414901853539, 2678160.845393133815378 ], [ 264056.487737198011018, 2678151.883653078228235 ], [ 264059.489096850040369, 2678146.00168820284307 ], [ 264082.021781758405268, 2678123.311159086879343 ], [ 264097.337687524384819, 2678108.282030570786446 ], [ 264112.867965951911174, 2678094.499275202862918 ], [ 264114.586518490221351, 2678092.961056750733405 ], [ 264116.533608022960834, 2678090.417111795861274 ], [ 264132.574178758775815, 2678074.183908628765494 ], [ 264145.634564598556608, 2678056.075631757266819 ], [ 264156.897523669002112, 2678044.573929475620389 ], [ 264160.541686209966429, 2678039.491317791864276 ], [ 264167.760713110328652, 2678029.014881533104926 ], [ 264177.999035092419945, 2678016.409182216506451 ], [ 264193.074794183601625, 2678004.763376063667238 ], [ 264199.182513104111422, 2677992.058902474120259 ], [ 264215.340197525452822, 2677975.447675527073443 ], [ 264225.438075383601245, 2677965.034585778135806 ], [ 264231.727600722922944, 2677963.710870525799692 ], [ 264252.103930555284023, 2677948.385565305594355 ], [ 264253.9461446297355, 2677946.782152334693819 ], [ 264274.456342115532607, 2677928.951838661450893 ], [ 264279.649422178452369, 2677926.087732962332666 ], [ 264312.538598326442298, 2677902.111675237305462 ], [ 264333.807824891642667, 2677881.762600655201823 ], [ 264351.528668114740867, 2677865.118177190423012 ], [ 264359.257858324795961, 2677858.008603585418314 ], [ 264373.245118043734692, 2677845.19744464661926 ], [ 264394.14529835403664, 2677828.046872492413968 ], [ 264413.616711828508414, 2677811.364504273049533 ], [ 264428.35431516985409, 2677798.537408350501209 ], [ 264441.742344818194397, 2677789.86752765160054 ], [ 264450.503004017402418, 2677784.17474725889042 ], [ 264464.693672262888867, 2677777.927459661383182 ], [ 264476.417750386404805, 2677770.41957120411098 ], [ 264487.949535511317663, 2677759.787886370904744 ], [ 264499.028227153001353, 2677751.355510690249503 ], [ 264525.256554041057825, 2677734.716111180372536 ], [ 264532.340782257961109, 2677729.622084658592939 ], [ 264549.120284327422269, 2677715.750136204529554 ], [ 264550.91205234505469, 2677714.710841512307525 ], [ 264573.019462381256744, 2677701.350009564310312 ], [ 264592.415356223937124, 2677692.801584471017122 ], [ 264595.266095328843221, 2677691.551815164741129 ], [ 264612.602060299250297, 2677680.295316067524254 ], [ 264621.470072981261183, 2677673.78699176106602 ], [ 264634.711680412758142, 2677664.119484059978276 ], [ 264639.492499242944177, 2677662.452993299812078 ], [ 264642.784213375300169, 2677658.441573877353221 ], [ 264654.941958423645701, 2677650.736515376251191 ], [ 264656.793544959044084, 2677649.570809441618621 ], [ 264677.141867903352249, 2677627.114867551717907 ], [ 264691.38396771857515, 2677617.426179255824536 ], [ 264697.659489662735723, 2677612.537241456098855 ], [ 264705.844414041959681, 2677603.353770500980318 ], [ 264715.202873856236693, 2677593.457084706053138 ], [ 264731.040611354866996, 2677567.782696368638426 ], [ 264747.202948366990313, 2677554.299328144174069 ], [ 264748.418539838283323, 2677552.646762076765299 ], [ 264768.178669549233746, 2677529.015088520944118 ], [ 264773.002713871945161, 2677523.531939649954438 ], [ 264788.025390787690412, 2677506.507487570866942 ], [ 264793.320415730646346, 2677493.820475113112479 ], [ 264799.644629955058917, 2677479.547597766388208 ], [ 264813.505320715368725, 2677452.10159126855433 ], [ 264825.708636640338227, 2677431.947386611718684 ], [ 264843.352860519196838, 2677411.739069448318332 ], [ 264855.043063549033832, 2677393.910495664924383 ], [ 264860.780263984925114, 2677384.341632604133338 ], [ 264862.167364912456833, 2677381.934852362144738 ], [ 264871.17869548976887, 2677373.359111143276095 ], [ 264889.998989079671446, 2677346.744995357468724 ], [ 264900.136187867959961, 2677326.51030141999945 ], [ 264904.333207335555926, 2677318.037925603799522 ], [ 264916.632694405387156, 2677293.628113014623523 ], [ 264925.581140201364178, 2677276.296232223510742 ], [ 264929.666416131425649, 2677268.451890853699297 ], [ 264954.029604381415993, 2677217.385417797602713 ], [ 264966.077819438592996, 2677187.100940599106252 ], [ 264971.883036618470214, 2677163.205720476806164 ], [ 264978.091350600880105, 2677155.190733682364225 ], [ 264978.291483380482532, 2677144.114435796160251 ], [ 264985.437778654508293, 2677121.504219389054924 ], [ 264990.158624302712269, 2677105.389134809840471 ], [ 264994.844845188781619, 2677087.648306311108172 ], [ 264997.973469249438494, 2677073.131387268658727 ], [ 265000.987229459453374, 2677047.419507083017379 ], [ 265002.40156661090441, 2677020.053156548645347 ], [ 265005.407972175220493, 2676991.088763243984431 ], [ 265006.788739080308005, 2676962.159369516652077 ], [ 265008.092357411282137, 2676926.725865423213691 ], [ 265011.058142422349192, 2676892.94580000359565 ], [ 265013.038728560670279, 2676877.389795993454754 ], [ 265020.162376124644652, 2676862.474238259252161 ], [ 265033.501629180042073, 2676819.463673605583608 ], [ 265042.324895941535942, 2676787.559506469406188 ], [ 265043.089077881712001, 2676776.53361130040139 ], [ 265045.075571195688099, 2676769.985490413382649 ], [ 265055.041570898843929, 2676744.687486300244927 ], [ 265066.101894300780259, 2676709.169803349301219 ], [ 265077.10112811223371, 2676673.715863743331283 ], [ 265089.8089452428394, 2676647.921218358911574 ], [ 265099.519504868832882, 2676622.378618625923991 ], [ 265100.882521206222009, 2676618.846250624861568 ], [ 265104.063639674684964, 2676606.767715887632221 ], [ 265108.520300816977397, 2676592.91012524580583 ], [ 265112.463022256444674, 2676569.680763879325241 ], [ 265119.353092566248961, 2676549.703266754280776 ], [ 265123.536333998432383, 2676517.273157473653555 ], [ 265128.480286380741745, 2676491.144707798957825 ], [ 265130.579094775370322, 2676466.516113965306431 ], [ 265132.024114344036207, 2676446.405307102948427 ], [ 265132.754983877879567, 2676427.999003622215241 ], [ 265131.176383057725616, 2676415.647174439392984 ], [ 265131.664867066545412, 2676403.4386698435992 ], [ 265131.800172190996818, 2676386.421102354768664 ], [ 265127.153239387320355, 2676371.007558963261545 ], [ 265129.373747104837094, 2676343.311144457664341 ], [ 265123.314441491733305, 2676323.298750230111182 ], [ 265123.864288758893963, 2676311.026403897441924 ], [ 265120.753341670148075, 2676300.146396602038294 ], [ 265119.953421075828373, 2676283.273942577186972 ], [ 265114.203978877514601, 2676263.129994037561119 ], [ 265112.754467612539884, 2676250.963184371124953 ], [ 265108.56447933614254, 2676224.780270871240646 ], [ 265106.584359132451937, 2676214.126334355212748 ], [ 265105.034099393931683, 2676197.269948021974415 ], [ 265101.297333567868918, 2676183.463238598778844 ], [ 265095.356787747936323, 2676157.318145926576108 ], [ 265090.990199236781336, 2676140.397314525209367 ], [ 265086.095870629535057, 2676125.113967748824507 ], [ 265081.081012905749958, 2676112.961034771054983 ], [ 265078.411782821756788, 2676102.258995220530778 ], [ 265071.63892175006913, 2676086.891152574215084 ], [ 265066.090856044262182, 2676076.125927606597543 ], [ 265056.033164437511005, 2676059.264450876973569 ], [ 265054.481482182687614, 2676048.163193402811885 ], [ 265027.54539371089777, 2676005.579042431432754 ], [ 265021.560384496406186, 2675991.94572195969522 ], [ 265013.320980595191941, 2675981.112790227867663 ], [ 265009.341371919261292, 2675970.564187732990831 ], [ 265004.358859969826881, 2675959.911953399889171 ], [ 265000.57953986118082, 2675952.861768392380327 ], [ 264995.301651544054039, 2675943.0290780775249 ], [ 264987.876124620903283, 2675929.301481228321791 ], [ 264984.309431427391246, 2675900.102734829299152 ], [ 264974.114798885420896, 2675882.681438700761646 ], [ 264971.995754745206796, 2675877.222015034407377 ], [ 264967.232358416658826, 2675865.126334083266556 ], [ 264963.557898285216652, 2675857.135772216599435 ], [ 264967.26713042636402, 2675828.844368257559836 ], [ 264953.777919257991016, 2675800.734280996024609 ], [ 264960.369303958315868, 2675746.421306109987199 ], [ 264938.242853167001158, 2675677.273526533041149 ], [ 264937.271746586542577, 2675632.00545266084373 ], [ 264930.495776395197026, 2675628.147247576154768 ], [ 264917.972964715096168, 2675580.937629447784275 ], [ 264913.867702810792252, 2675544.118947415612638 ], [ 264912.856635809352156, 2675505.732664397917688 ], [ 264916.928866423550062, 2675476.870578696019948 ], [ 264917.673918089480139, 2675462.029252198524773 ], [ 264920.087521480221767, 2675411.246369449887425 ], [ 264922.024680158239789, 2675367.417214233893901 ], [ 264922.343501965457108, 2675364.783037929795682 ], [ 264923.138707852456719, 2675355.195251514203846 ], [ 264926.625687485444359, 2675287.374636570457369 ], [ 264926.358040116610937, 2675277.809645996429026 ], [ 264926.732003797835205, 2675271.921480773948133 ], [ 264927.114152551395819, 2675243.076149071101099 ], [ 264928.162232101196423, 2675219.032931563444436 ], [ 264928.466916175675578, 2675166.168438954744488 ], [ 264925.007666543358937, 2675156.546777953393757 ], [ 264927.95642680930905, 2675145.286299801897258 ], [ 264930.568942913901992, 2675121.272163431625813 ], [ 264929.582918060128577, 2675081.133958819322288 ], [ 264919.04215860273689, 2675047.580871501471847 ], [ 264910.217413948965259, 2675012.364658371079713 ], [ 264905.138181122834794, 2674973.877833519596606 ], [ 264898.64344375487417, 2674965.63497654767707 ], [ 264895.912326208141167, 2674957.874465849250555 ], [ 264889.235435574839357, 2674949.885604201816022 ], [ 264882.449166797916405, 2674933.892293850425631 ], [ 264879.093398872530088, 2674929.08493789518252 ], [ 264878.755880060256459, 2674916.268693026155233 ], [ 264869.333086818631273, 2674899.831572345923632 ], [ 264855.263958778348751, 2674879.678082125727087 ], [ 264850.839350365800783, 2674871.703598447609693 ], [ 264838.154887247481383, 2674849.018421047367156 ], [ 264827.421012961305678, 2674829.794387879315764 ], [ 264821.632358296134043, 2674819.471987156197429 ], [ 264817.468433133442886, 2674811.992382828611881 ], [ 264809.855471344024409, 2674798.268701361492276 ], [ 264804.25965459854342, 2674788.192540978081524 ], [ 264801.603304713382386, 2674775.175550823565573 ], [ 264799.076462745899335, 2674771.101218299474567 ], [ 264795.317192924732808, 2674764.989040924236178 ], [ 264793.125916012329981, 2674756.15353116299957 ], [ 264792.151744673028588, 2674745.727738080080599 ], [ 264787.447670991241466, 2674730.565508246887475 ], [ 264781.901221281033941, 2674719.862697071395814 ], [ 264774.840829302323982, 2674702.749264066107571 ], [ 264770.415651562914718, 2674691.834758803714067 ], [ 264764.984111120458692, 2674677.751316152513027 ], [ 264759.284085944411345, 2674656.980781809892505 ], [ 264755.80923523491947, 2674640.791083228774369 ], [ 264755.006086937151849, 2674626.671249594539404 ], [ 264754.960321684018709, 2674624.545284192543477 ], [ 264754.718263076734729, 2674616.168387063313276 ], [ 264753.388846973190084, 2674574.598461472429335 ], [ 264754.352309997426346, 2674561.191239763516933 ], [ 264754.188253407424781, 2674550.623169124126434 ], [ 264754.146518476773053, 2674539.927307627163827 ], [ 264753.700381106697023, 2674522.046530997846276 ], [ 264752.075039405666757, 2674507.50649827811867 ], [ 264752.259677181369625, 2674489.862159441225231 ], [ 264750.967414600891061, 2674479.193203545175493 ], [ 264749.73698117985623, 2674456.825197274331003 ], [ 264749.102582204272039, 2674441.825976722408086 ], [ 264748.863390623941086, 2674427.756424644496292 ], [ 264749.469286140811164, 2674415.170111278537661 ], [ 264751.260439365985803, 2674402.433205404318869 ], [ 264750.986891201173421, 2674389.678063668310642 ], [ 264753.595664048800245, 2674374.233902980107814 ], [ 264755.449725778715219, 2674355.678137679118663 ], [ 264756.648308343079407, 2674347.395407835952938 ], [ 264756.341923919855617, 2674344.774681245908141 ], [ 264756.145448550232686, 2674323.948510797694325 ], [ 264758.595051890704781, 2674318.578806499019265 ], [ 264761.700228850764688, 2674311.693934340029955 ], [ 264762.282405225501861, 2674300.922263360116631 ], [ 264769.241762929712422, 2674287.073753455188125 ], [ 264773.668244971428066, 2674274.718297373503447 ], [ 264782.81008792668581, 2674257.632459164597094 ], [ 264786.259903732337989, 2674243.483913375064731 ], [ 264789.551485890988261, 2674236.532584468368441 ], [ 264791.614784819423221, 2674213.15558774350211 ], [ 264800.870923450915143, 2674172.234484234359115 ], [ 264800.83951358392369, 2674159.09882005257532 ], [ 264801.260562975890934, 2674146.641565298195928 ], [ 264799.725242324057035, 2674130.473064348567277 ], [ 264798.662574715446681, 2674115.920842462684959 ], [ 264795.885673428303562, 2674088.519426704850048 ], [ 264792.059794779284857, 2674073.463213986717165 ], [ 264792.461432558717206, 2674057.190638223197311 ], [ 264791.40144000609871, 2674042.763473940081894 ], [ 264791.20533214014722, 2674039.452256702352315 ], [ 264790.651384969241917, 2674028.204528769478202 ], [ 264787.711560991825536, 2674013.629849142860621 ], [ 264787.146996797877364, 2674001.881892140954733 ], [ 264789.550899587571621, 2673985.628819812554866 ], [ 264784.276656819274649, 2673973.043526588473469 ], [ 264785.516672709491104, 2673949.183857607189566 ], [ 264786.580187750339974, 2673937.526085168123245 ], [ 264793.865142055670731, 2673921.356025692075491 ], [ 264796.325769484508783, 2673901.911551367491484 ], [ 264804.034002696280368, 2673887.984435067977756 ], [ 264810.200915304478258, 2673869.273687264416367 ], [ 264813.286833805614151, 2673858.573409050703049 ], [ 264820.68527034658473, 2673844.778084252029657 ], [ 264822.149953807936981, 2673837.240248511079699 ], [ 264822.770834005903453, 2673834.099234579131007 ], [ 264829.108893850003369, 2673820.451657076831907 ], [ 264832.101430848473683, 2673808.314655428286642 ], [ 264833.88073401915608, 2673803.77260475140065 ], [ 264837.316710442246404, 2673794.816299016587436 ], [ 264840.815400682971813, 2673785.858735631685704 ], [ 264854.464388073305599, 2673768.926701285410672 ], [ 264861.328997522359714, 2673753.578966711647809 ], [ 264867.226358467480168, 2673745.633297618478537 ], [ 264878.255146590527147, 2673723.190208386164159 ], [ 264888.743564823060296, 2673716.39713907148689 ], [ 264894.414080952643417, 2673703.702170723583549 ], [ 264897.595988997491077, 2673694.563711104448885 ], [ 264903.875466955709271, 2673695.68018567096442 ], [ 264906.047527797229122, 2673686.125394599046558 ], [ 264910.446441233507358, 2673666.639605446252972 ], [ 264911.302538420888595, 2673662.805268283933401 ], [ 264914.731065140222199, 2673647.656335009727627 ], [ 264919.357163744105492, 2673627.102162166498601 ], [ 264926.957111497991718, 2673593.5354069089517 ], [ 264907.662684872047976, 2673530.957422894891351 ], [ 264903.159795858198777, 2673516.416221747174859 ], [ 264895.447206160635687, 2673445.520490372087806 ], [ 264890.610727516876068, 2673392.078162893652916 ], [ 264888.156025264644995, 2673365.107456081081182 ], [ 264886.14333149662707, 2673350.012598262168467 ], [ 264885.701247972552665, 2673346.894377072807401 ], [ 264882.631170550826937, 2673323.314898502081633 ], [ 264882.103512148081791, 2673319.135010672267526 ], [ 264878.382037861272693, 2673306.015951757319272 ], [ 264874.467277623829432, 2673292.650884703733027 ], [ 264869.504951922222972, 2673282.936389583162963 ], [ 264867.301222610636614, 2673270.597801097203046 ], [ 264860.61627462785691, 2673253.476315503474325 ], [ 264857.769049433409236, 2673243.215915658976883 ], [ 264854.008931769407354, 2673231.223630214110017 ], [ 264844.556449561263435, 2673210.470787353813648 ], [ 264839.943350307294168, 2673196.62008357886225 ], [ 264834.194003940967377, 2673182.293529553338885 ], [ 264830.244847077992745, 2673143.970104854553938 ], [ 264816.473680323164444, 2673079.334347584284842 ], [ 264806.028551490453538, 2673023.947825783398002 ], [ 264792.853753300092649, 2672987.135814745444804 ], [ 264772.624243707337882, 2672907.187776293139905 ], [ 264768.239582136448007, 2672848.543582445010543 ], [ 264769.117044907412492, 2672845.709807705599815 ], [ 264767.916197013808414, 2672830.53504487266764 ], [ 264768.849514503730461, 2672818.629911089781672 ], [ 264770.522464930545539, 2672797.45074572507292 ], [ 264769.445627914508805, 2672785.150702250190079 ], [ 264772.916974508669227, 2672772.002444808371365 ], [ 264776.388535795616917, 2672758.854407125152647 ], [ 264776.590686755138449, 2672742.023147083818913 ], [ 264780.322096412302926, 2672732.247212267946452 ], [ 264783.896359165897593, 2672720.973552238196135 ], [ 264788.901312945352402, 2672706.416293716058135 ], [ 264790.626591359614395, 2672696.433311395347118 ], [ 264795.795514475670643, 2672683.686589914374053 ], [ 264796.85347019508481, 2672668.838587027508765 ], [ 264797.297372893313877, 2672657.444285385776311 ], [ 264803.279348875104915, 2672644.680245763622224 ], [ 264807.382563780061901, 2672631.831262132152915 ], [ 264814.927324837306514, 2672633.608726002741605 ], [ 264815.556017435679678, 2672630.843006244394928 ], [ 264821.690907391021028, 2672593.11664560995996 ], [ 264831.98699197685346, 2672553.987488247454166 ], [ 264838.378712708014064, 2672525.325886770617217 ], [ 264850.91629707836546, 2672494.468437909614295 ], [ 264856.887760045821778, 2672449.11410358408466 ], [ 264861.931351454171818, 2672424.67261781450361 ], [ 264873.854696279915515, 2672397.268682224676013 ], [ 264880.125302742584608, 2672365.857346478383988 ], [ 264880.042113739938941, 2672361.980926774442196 ], [ 264884.252584786736406, 2672354.133914451580495 ], [ 264891.534231060766615, 2672340.716413679998368 ], [ 264899.042037839302793, 2672329.108311700168997 ], [ 264905.74286074610427, 2672320.70755717298016 ], [ 264908.154678630759008, 2672310.647330468986183 ], [ 264916.9465921773226, 2672300.575297667179257 ], [ 264922.612166916660499, 2672290.570337750948966 ], [ 264932.409837822255213, 2672280.727244200650603 ], [ 264934.693805056042038, 2672279.302091155666858 ], [ 264946.637805619859137, 2672264.533530275803059 ], [ 264960.101722432533279, 2672253.548517730087042 ], [ 264970.356711529835593, 2672241.693738747853786 ], [ 264979.687708693672903, 2672233.424426296725869 ], [ 264989.075769835035317, 2672224.903422841802239 ], [ 264999.528176481369883, 2672216.422352855559438 ], [ 265009.042829614714719, 2672207.961547125130892 ], [ 265012.296223128854763, 2672205.076916243415326 ], [ 265018.557285214774311, 2672199.500419799704105 ], [ 265026.983910935523454, 2672192.814329414628446 ], [ 265037.944940980290994, 2672187.637567025609314 ], [ 265048.809926750953309, 2672180.899250820279121 ], [ 265060.796617032377981, 2672173.94906142167747 ], [ 265076.931500429403968, 2672162.093449755571783 ], [ 265093.088468333124183, 2672154.178442208096385 ], [ 265109.100608333596028, 2672148.267899625003338 ], [ 265120.022917492373381, 2672141.278164146933705 ], [ 265130.850523785571568, 2672132.788905041757971 ], [ 265143.994150037702639, 2672124.375329778064042 ], [ 265155.916777228063438, 2672117.364125256892294 ], [ 265163.2415265601594, 2672108.887400104664266 ], [ 265175.389252766501158, 2672103.623020068276674 ], [ 265189.751600895659067, 2672096.621882640291005 ], [ 265200.667627071437892, 2672092.259543343447149 ], [ 265202.760000334586948, 2672090.650781624019146 ], [ 265219.255346372607164, 2672078.099301199428737 ], [ 265221.044527263147756, 2672076.935115612111986 ], [ 265230.857362869312055, 2672070.719597232993692 ], [ 265244.31942521838937, 2672065.489549638703465 ], [ 265267.643912315368652, 2672056.35717854462564 ], [ 265278.885812192689627, 2672052.613479071296751 ], [ 265300.119384613703005, 2672045.152384931687266 ], [ 265311.011214650410693, 2672039.664521933998913 ], [ 265321.845887093921192, 2672034.428144281264395 ], [ 265333.470899933367036, 2672031.051367322914302 ], [ 265350.188955620862544, 2672028.878942552488297 ], [ 265362.636683077958878, 2672028.862453619483858 ], [ 265402.107825182261877, 2672005.497548174578696 ], [ 265427.10256278415909, 2671992.576373981311917 ], [ 265436.795650423038751, 2671986.613630879670382 ], [ 265450.554751919582486, 2671983.566545377019793 ], [ 265466.656980040424969, 2671976.027763509191573 ], [ 265481.677924218820408, 2671967.636552891694009 ], [ 265493.956892829039134, 2671959.741980586666614 ], [ 265499.772396142128855, 2671956.739897722378373 ], [ 265502.057803383679129, 2671955.377428680192679 ], [ 265516.707311629434116, 2671947.181638633832335 ], [ 265531.048386415233836, 2671939.180316317826509 ], [ 265544.307212590822019, 2671927.38644030643627 ], [ 265556.00652486080071, 2671921.630954852327704 ], [ 265569.746456281631254, 2671914.768475928343832 ], [ 265579.918282468919642, 2671907.7947141607292 ], [ 265590.379195696325041, 2671902.628986935596913 ], [ 265598.172393636894412, 2671895.580964755266905 ], [ 265610.543267289875075, 2671889.060761294327676 ], [ 265621.790258381108288, 2671882.626786593813449 ], [ 265629.809942937514279, 2671877.388285345863551 ], [ 265638.61302154767327, 2671870.756572750397027 ], [ 265648.544104806613177, 2671864.225957050453871 ], [ 265653.837785343988799, 2671857.294157326221466 ], [ 265664.119127218611538, 2671852.507524541113526 ], [ 265672.01504957000725, 2671847.334137522615492 ], [ 265678.310485836234875, 2671840.44346933811903 ], [ 265688.525226120837033, 2671835.470469220075756 ], [ 265697.577783834422007, 2671825.893563938792795 ], [ 265718.12667770247208, 2671812.754975667688996 ], [ 265725.831198825617321, 2671807.397955446504056 ], [ 265729.208710728446022, 2671798.630658950190991 ], [ 265732.09926811652258, 2671796.316748565528542 ], [ 265741.384993072017096, 2671788.861630329862237 ], [ 265746.603711668285541, 2671778.428417112678289 ], [ 265758.661977824638598, 2671771.914836291223764 ], [ 265765.475968148442917, 2671762.948812738526613 ], [ 265776.054304678109474, 2671742.830028493888676 ], [ 265781.39625788066769, 2671729.391739524435252 ], [ 265782.877590948482975, 2671725.544436670374125 ], [ 265785.923813153640367, 2671715.908353886101395 ], [ 265786.655523000285029, 2671706.259399957023561 ], [ 265792.013814047095366, 2671696.511575318407267 ], [ 265794.290318290586583, 2671680.13631295086816 ], [ 265793.239038734522182, 2671669.024262634571642 ], [ 265796.086971891578287, 2671658.892156629357487 ], [ 265798.379063958011102, 2671649.084776068106294 ], [ 265792.84667439525947, 2671633.189746196847409 ], [ 265793.446498166187666, 2671623.230824869126081 ], [ 265789.18684862088412, 2671605.431698861997575 ], [ 265786.471016546129249, 2671592.541353044565767 ], [ 265784.820782549446449, 2671579.753248958382756 ], [ 265783.96787965396652, 2671577.895109741948545 ], [ 265781.40528722689487, 2671566.31496062874794 ], [ 265780.690250847255811, 2671562.13926101103425 ], [ 265779.468033564917278, 2671554.721526756882668 ], [ 265776.246742251445539, 2671541.591850447002798 ], [ 265772.3890316542238, 2671525.035337578039616 ], [ 265763.173086044727825, 2671509.46920872759074 ], [ 265759.919947427231818, 2671497.778874511364847 ], [ 265755.672320118872449, 2671489.300113155972213 ], [ 265751.166727244504727, 2671480.451518134213984 ], [ 265742.846855726093054, 2671471.684552039951086 ], [ 265738.137592477200087, 2671462.089599387720227 ], [ 265733.329376011854038, 2671450.807925621513277 ], [ 265724.999008500832133, 2671441.540961911901832 ], [ 265720.19158770760987, 2671436.139088687486947 ], [ 265724.3536567351548, 2671431.858830186072737 ], [ 265724.073736405000091, 2671427.54876311449334 ], [ 265715.712775140302256, 2671402.268510058056563 ], [ 265709.098792883800343, 2671394.278478705324233 ], [ 265705.218703863560222, 2671379.598954775836319 ], [ 265698.077592652756721, 2671352.85382418660447 ], [ 265696.716030818235595, 2671347.691184549592435 ], [ 265692.128552202600986, 2671335.028566045220941 ], [ 265689.009081233700272, 2671326.650580873247236 ], [ 265683.770881676813588, 2671312.813275204971433 ], [ 265678.245150020113215, 2671297.230967014096677 ], [ 265673.286658966506366, 2671284.763939380645752 ], [ 265669.361044687393587, 2671276.715914287604392 ], [ 265667.592558372532949, 2671273.000676699914038 ], [ 265662.155495968763717, 2671264.484675472136587 ], [ 265658.919496232527308, 2671259.424816397018731 ], [ 265650.979030682181474, 2671242.079795640427619 ], [ 265646.582118609687313, 2671232.478167711291462 ], [ 265633.06351423705928, 2671214.62743483716622 ], [ 265630.451510649756528, 2671209.49137479159981 ], [ 265603.626385539071634, 2671177.851037595421076 ], [ 265586.739391381153837, 2671169.204964112490416 ], [ 265575.059431836358272, 2671161.260637284256518 ], [ 265572.62315982254222, 2671158.49792721029371 ], [ 265565.893505417450797, 2671150.947978333570063 ], [ 265555.320774505787995, 2671147.984222424216568 ], [ 265546.164941535214894, 2671143.989239844959229 ], [ 265541.68290426110616, 2671142.083746818825603 ], [ 265533.495367474970408, 2671136.566521564964205 ], [ 265525.43686852126848, 2671131.234658464323729 ], [ 265520.948041608091444, 2671129.016255863010883 ], [ 265512.230888660182245, 2671122.134324961807579 ], [ 265508.912500687642023, 2671119.077895092312247 ], [ 265506.996666409773752, 2671117.242266618646681 ], [ 265496.564806524896994, 2671112.086035396903753 ], [ 265488.959768456814345, 2671104.554973043501377 ], [ 265473.855956403887831, 2671100.311993642244488 ], [ 265464.121398112503812, 2671095.578764382749796 ], [ 265447.395504295127466, 2671088.618316111154854 ], [ 265433.079968416830525, 2671080.292474755086005 ], [ 265424.908227008476388, 2671072.585846273694187 ], [ 265414.464382119127549, 2671066.8669712417759 ], [ 265402.936545114789624, 2671063.110508882906288 ], [ 265390.807318456587382, 2671057.552730133291334 ], [ 265380.460793983540498, 2671053.458133184816688 ], [ 265373.379933210206218, 2671047.041725718416274 ], [ 265363.276882925303653, 2671042.629212256520987 ], [ 265352.816381475480739, 2671033.220028968527913 ], [ 265340.384739737666678, 2671025.229315449018031 ], [ 265330.890413479239214, 2671017.112948836293072 ], [ 265324.1809046662529, 2671010.500849765725434 ], [ 265315.135140531579964, 2671005.81541440077126 ], [ 265303.159489781479351, 2670995.750562464352697 ], [ 265294.636579256621189, 2670989.17746392544359 ], [ 265285.837152033345774, 2670984.299058080185205 ], [ 265282.089179501519538, 2670981.6268315827474 ], [ 265262.894559888169169, 2670976.220572541002184 ], [ 265241.299102967139333, 2670955.102153767365962 ], [ 265234.643370400648564, 2670953.931012711953372 ], [ 265215.680340793915093, 2670950.583984402939677 ], [ 265211.661500551155768, 2670949.856904719024897 ], [ 265204.867264086613432, 2670948.063335634768009 ], [ 265187.298599081928842, 2670945.562285267282277 ], [ 265183.346176939434372, 2670945.021269487217069 ], [ 265165.777500012773089, 2670942.52013427298516 ], [ 265161.55094946740428, 2670940.859073294792324 ], [ 265150.592052038176917, 2670934.463311291765422 ], [ 265140.938787132035941, 2670930.603867657948285 ], [ 265115.798039880348369, 2670919.194577670656145 ], [ 265097.82405530125834, 2670909.445935527328402 ], [ 265087.177361770067364, 2670900.103375713340938 ], [ 265071.009352865745313, 2670895.820624249055982 ], [ 265058.269043864682317, 2670888.024150114040822 ], [ 265050.977285566914361, 2670886.366067636292428 ], [ 265048.336766157415695, 2670885.734621216543019 ], [ 265044.395719016902149, 2670882.816433858592063 ], [ 265034.992225788068026, 2670876.011907616164535 ], [ 265026.547669231775217, 2670870.187595664989203 ], [ 265021.280485808441881, 2670866.67234121542424 ], [ 265014.618793718400411, 2670862.311055251862854 ], [ 265007.70857247360982, 2670858.017810466699302 ], [ 265001.874511412344873, 2670854.327095999382436 ], [ 264991.812503865745384, 2670848.9125642394647 ], [ 264979.407630890666042, 2670842.172362238634378 ], [ 264973.102495525148697, 2670836.927729420363903 ], [ 264967.934805028955452, 2670832.221784807741642 ], [ 264954.756854442181066, 2670824.434502626303583 ], [ 264942.822750676656142, 2670816.307900180574507 ], [ 264928.465651383623481, 2670806.043972958344966 ], [ 264919.314336043200456, 2670796.419089369475842 ], [ 264910.403812731383368, 2670786.350996494758874 ], [ 264902.159822476562113, 2670778.207911445293576 ], [ 264891.905078111914918, 2670763.789935240987688 ], [ 264883.374511726433411, 2670751.023977734614164 ], [ 264869.999304282828234, 2670731.105593006592244 ], [ 264863.351692122058012, 2670721.552071257960051 ], [ 264862.55856460146606, 2670719.567330160178244 ], [ 264855.036933482741006, 2670710.095287065021694 ], [ 264856.758968130801804, 2670705.80466541973874 ], [ 264852.910695017199032, 2670698.443197672720999 ], [ 264846.574778226553462, 2670691.760517427232116 ], [ 264841.983840715780389, 2670681.850247793830931 ], [ 264835.043701634858735, 2670664.483941676560789 ], [ 264829.329425126663409, 2670651.782731536310166 ], [ 264820.054001488722861, 2670630.525365550536662 ], [ 264814.774586091574747, 2670614.749737327452749 ], [ 264806.85321922111325, 2670592.462662949692458 ], [ 264800.993615563842468, 2670575.886183967813849 ], [ 264795.24535308405757, 2670558.68192025879398 ], [ 264783.189308717963286, 2670524.410401758272201 ], [ 264774.5060656494461, 2670504.516606525052339 ], [ 264768.795044872909784, 2670486.122889518737793 ], [ 264764.657037836092059, 2670471.073586216196418 ], [ 264755.803023270040285, 2670437.358940007630736 ], [ 264747.959717274759896, 2670409.940691354684532 ], [ 264736.481540887267329, 2670370.527305071242154 ], [ 264730.467310656036716, 2670352.57806604122743 ], [ 264722.458636481431313, 2670323.286823134869337 ], [ 264718.027538539259695, 2670306.241756872273982 ], [ 264709.718776553403586, 2670289.21744958171621 ], [ 264698.996925094223116, 2670264.675681685097516 ], [ 264692.225788301613647, 2670246.42992179421708 ], [ 264689.526203550049104, 2670234.289576180279255 ], [ 264677.435047168866731, 2670207.149983388371766 ], [ 264673.822130453772843, 2670199.095328023657203 ], [ 264653.964889246970415, 2670145.2238027905114 ], [ 264609.341012027696706, 2670100.327296660747379 ], [ 264603.991178355179727, 2670087.117942776530981 ], [ 264595.649814336793497, 2670074.410361695569009 ], [ 264584.777767462888733, 2670051.623320355080068 ], [ 264581.906658537278417, 2670048.994919516611844 ], [ 264578.331143940682523, 2670042.690962114371359 ], [ 264576.481790288642514, 2670041.041709874290973 ], [ 264559.216694242029916, 2670020.580842905677855 ], [ 264547.071885213546921, 2670008.455303794238716 ], [ 264545.389896695734933, 2670005.863978774752468 ], [ 264508.900324384274427, 2669966.923594804480672 ], [ 264487.688240924733691, 2669937.41444053966552 ], [ 264462.748364550760016, 2669906.171015670523047 ], [ 264453.610071178292856, 2669894.231162985786796 ], [ 264447.690464490791783, 2669886.538703385740519 ], [ 264439.635536105139181, 2669878.453965892549604 ], [ 264433.157035775715485, 2669870.961122656241059 ], [ 264430.924575570737943, 2669868.944583007600158 ], [ 264417.784643376711756, 2669857.090561471413821 ], [ 264410.735489394981414, 2669849.23452410241589 ], [ 264406.998949202592485, 2669841.245121211744845 ], [ 264395.499371766054537, 2669830.043777068611234 ], [ 264387.760674417659175, 2669819.200060282368213 ], [ 264375.726604454976041, 2669809.323957728222013 ], [ 264371.750460784533061, 2669801.840037778019905 ], [ 264365.168039865093306, 2669792.410151656251401 ], [ 264360.271130150591489, 2669782.81918693613261 ], [ 264357.432632780284621, 2669775.87402458768338 ], [ 264352.108876250567846, 2669766.792523256968707 ], [ 264346.87780128128361, 2669756.207835395820439 ], [ 264342.271147679188289, 2669748.487034145276994 ], [ 264335.181912525498774, 2669738.755396756343544 ], [ 264333.677451760391705, 2669729.842392542399466 ], [ 264331.106088334985543, 2669720.764434952754527 ], [ 264327.353397437662352, 2669712.024708185344934 ], [ 264326.635027230775449, 2669701.843807574827224 ], [ 264320.059586246614344, 2669695.66666621575132 ], [ 264314.820729923143517, 2669684.706701296847314 ], [ 264311.153322016587481, 2669677.028535957448184 ], [ 264299.269132260000333, 2669665.39770228555426 ], [ 264291.268788063083775, 2669656.936491377651691 ], [ 264277.808657256478909, 2669647.653825489338487 ], [ 264269.168581199832261, 2669641.458355525042862 ], [ 264259.803788532852195, 2669636.466947145294398 ], [ 264241.090056330140214, 2669627.234158029779792 ], [ 264234.332541123498231, 2669621.311263084877282 ], [ 264227.830365552566946, 2669615.632794225588441 ], [ 264129.729305899469182, 2669556.429985544178635 ], [ 264099.11771653505275, 2669532.001225082203746 ], [ 264078.031672340468504, 2669520.066889129113406 ], [ 264051.562414563202765, 2669502.117516544647515 ], [ 264036.43136901978869, 2669493.683812527917325 ], [ 264033.247530799359083, 2669491.06212458666414 ], [ 264031.017535135208163, 2669489.170697253663093 ], [ 264013.974341775290668, 2669476.148928464855999 ], [ 264005.543166524497792, 2669470.949726770631969 ], [ 263992.46398553752806, 2669464.849346350412816 ], [ 263992.084408497903496, 2669461.729768987745047 ], [ 263958.082437738892622, 2669430.867591909132898 ], [ 263945.478900283691473, 2669411.933333994820714 ], [ 263941.017824517213739, 2669408.088025426492095 ], [ 263934.739103846834041, 2669401.153735673055053 ], [ 263926.431441428547259, 2669392.949321683496237 ], [ 263917.967865844490007, 2669383.309441322460771 ], [ 263909.596419251407497, 2669375.043818986043334 ], [ 263901.410077239212114, 2669369.589189956896007 ], [ 263899.858622494095471, 2669367.245408616960049 ], [ 263893.980172148440033, 2669358.55108617246151 ], [ 263882.425708270689938, 2669344.78625147184357 ], [ 263875.716980040655471, 2669335.296363756991923 ], [ 263853.940802736440673, 2669285.281470346264541 ], [ 263849.414554214978125, 2669281.312274690717459 ], [ 263843.086759523837827, 2669266.24702538177371 ], [ 263837.754078364698216, 2669250.91008952120319 ], [ 263837.489012881822418, 2669238.530122714117169 ], [ 263833.858787146164104, 2669229.662691794801503 ], [ 263834.948823517013807, 2669192.920025527942926 ], [ 263826.491999810095876, 2669151.439858275931329 ], [ 263824.130285679828376, 2669128.783163897227496 ], [ 263821.544296465930529, 2669098.562392707448453 ], [ 263820.694382524117827, 2669058.858550266362727 ], [ 263820.909132540924475, 2668989.98181672859937 ], [ 263821.809685745160095, 2668979.453283675946295 ], [ 263822.274776646634564, 2668974.876994730439037 ], [ 263827.759083097334951, 2668959.308640208095312 ], [ 263835.215147729846649, 2668945.261891853995621 ], [ 263840.886381431831978, 2668935.507376492489129 ], [ 263845.574744846788235, 2668926.586803487502038 ], [ 263849.062027940875851, 2668920.006333171855658 ], [ 263858.430043351720087, 2668907.607742596417665 ], [ 263862.795390715706162, 2668901.133833774831146 ], [ 263866.857500431942753, 2668895.104192436672747 ], [ 263877.381351785734296, 2668881.179593622684479 ], [ 263885.592490224225912, 2668873.184615639038384 ], [ 263892.323025689343922, 2668866.159588473848999 ], [ 263894.958101704833098, 2668863.601038285531104 ], [ 263902.618594145169482, 2668856.18075765343383 ], [ 263916.507486020564102, 2668847.501324083190411 ], [ 263928.78556141856825, 2668839.544356109108776 ], [ 263939.741513084736653, 2668834.117868164088577 ], [ 263953.161381160083693, 2668829.827112522441894 ], [ 263974.4099677890772, 2668823.054341495037079 ], [ 263979.504851254285313, 2668821.444119009654969 ], [ 263989.322341652587056, 2668818.356388808693737 ], [ 264001.13799910270609, 2668815.10071212053299 ], [ 264006.487016966799274, 2668813.672778007108718 ], [ 264015.820106494007632, 2668808.406094652600586 ], [ 264028.910240538185462, 2668806.249367585871369 ], [ 264043.880193175806198, 2668804.240027627907693 ], [ 264057.160411147749983, 2668799.264131832867861 ], [ 264070.263960810843855, 2668797.732616167981178 ], [ 264074.455817874521017, 2668797.768129824195057 ], [ 264078.944319258444011, 2668797.046464109327644 ], [ 264083.430039943312295, 2668796.19985570712015 ], [ 264097.073642527335323, 2668793.593238045927137 ], [ 264128.928014393546619, 2668779.650076613761485 ], [ 264166.698081171140075, 2668773.211741700768471 ], [ 264178.053133418201469, 2668768.902758004609495 ], [ 264187.857291353167966, 2668765.189999380614609 ], [ 264206.433629033446778, 2668762.164990471210331 ], [ 264222.586626447271556, 2668762.82022637501359 ], [ 264233.920708065736108, 2668760.450866169296205 ], [ 264248.416850058827549, 2668756.762556506786495 ], [ 264259.716647298191674, 2668755.707509971689433 ], [ 264275.182751297368668, 2668753.499955919571221 ], [ 264289.517214599996805, 2668753.943688742350787 ], [ 264302.008504961617291, 2668750.110872480086982 ], [ 264316.470271763741039, 2668747.737038651481271 ], [ 264334.090315248526167, 2668746.796893006656319 ], [ 264353.809582045883872, 2668744.560955680906773 ], [ 264369.30104146519443, 2668743.541155971586704 ], [ 264387.958383337478153, 2668738.450278832577169 ], [ 264403.611679599969648, 2668733.298741929233074 ], [ 264417.165958311990835, 2668729.443023107480258 ], [ 264427.589891098556109, 2668725.466553089208901 ], [ 264442.150903188972734, 2668718.962223258800805 ], [ 264460.841160163457971, 2668712.494352662470192 ], [ 264479.345194720895961, 2668706.09330060845241 ], [ 264496.84767582709901, 2668699.650878372136503 ], [ 264507.79451685026288, 2668696.726689577102661 ], [ 264520.235417246236466, 2668693.458027049899101 ], [ 264541.52660771610681, 2668688.686166408937424 ], [ 264552.702152875892352, 2668684.756099804770201 ], [ 264573.560165431408677, 2668683.121177934575826 ], [ 264591.620264320808928, 2668679.356832768768072 ], [ 264601.637363897170871, 2668676.828037521801889 ], [ 264629.669345060829073, 2668671.348910457454622 ], [ 264639.511891556321643, 2668666.509277228266001 ], [ 264654.444957913015969, 2668656.931578828487545 ], [ 264675.634976574452594, 2668662.045421665534377 ], [ 264682.225511877331883, 2668663.092939557507634 ], [ 264687.650425554602407, 2668662.288635445293039 ], [ 264698.295939737814479, 2668662.811445065308362 ], [ 264712.843227104633115, 2668664.439275162294507 ], [ 264719.585319724632427, 2668663.794509486760944 ], [ 264728.103374178695958, 2668664.300174515228719 ], [ 264745.384343721438199, 2668665.056389095727354 ], [ 264759.880793275195174, 2668664.308309385553002 ], [ 264770.227037657168694, 2668665.463055985979736 ], [ 264785.550944776507095, 2668665.385458701755852 ], [ 264796.88269756763475, 2668665.830970956943929 ], [ 264800.764707703958265, 2668665.998135938309133 ], [ 264811.910644776129629, 2668669.450354553293437 ], [ 264833.819804521626793, 2668670.169942144304514 ], [ 264853.478615722618997, 2668673.877587534021586 ], [ 264861.076137074676808, 2668675.216496360022575 ], [ 264863.775482199620456, 2668675.65916015021503 ], [ 264866.421657765167765, 2668676.540719187352806 ], [ 264866.534991850261576, 2668678.915310982614756 ], [ 264885.488814779790118, 2668684.764995065517724 ], [ 264910.201346375164576, 2668687.864203781820834 ], [ 264916.850458305096254, 2668688.722822295036167 ], [ 264921.315147348912433, 2668689.815830904990435 ], [ 264950.748489491408691, 2668700.132805293891579 ], [ 264964.889042340917513, 2668703.208076791837811 ], [ 264976.012070027994923, 2668705.597166051156819 ], [ 264980.728189495683182, 2668706.747320319991559 ], [ 264986.548299891059287, 2668706.873033500742167 ], [ 264991.93082531017717, 2668707.008072615135461 ], [ 265014.065861291717738, 2668715.354317097458988 ], [ 265016.775881136651151, 2668716.297122391406447 ], [ 265026.412771048548166, 2668716.466161082964391 ], [ 265046.06514477788005, 2668722.801602052524686 ], [ 265062.877937852637842, 2668725.068887733388692 ], [ 265074.807667666580528, 2668730.068193385377526 ], [ 265083.203842104063369, 2668733.641637021675706 ], [ 265095.303660130535718, 2668737.823839644901454 ], [ 265109.118773077265359, 2668746.160700861364603 ], [ 265118.493769392836839, 2668748.712348862085491 ], [ 265133.40493609092664, 2668755.64940865477547 ], [ 265148.769338533631526, 2668760.387377655133605 ], [ 265158.782267959555611, 2668766.428676240611821 ], [ 265168.21986669767648, 2668768.978990366216749 ], [ 265178.594474164652638, 2668774.386734188068658 ], [ 265192.748486840515397, 2668781.02729282528162 ], [ 265206.023314150748774, 2668787.498859469313174 ], [ 265215.49037476599915, 2668791.424927987158298 ], [ 265224.017210327321663, 2668798.185845607426018 ], [ 265235.478649141849019, 2668804.696186164859682 ], [ 265245.975687329191715, 2668809.976413308642805 ], [ 265257.141937536827754, 2668817.306279436219484 ], [ 265269.553893112344667, 2668827.299348774366081 ], [ 265279.734497615834698, 2668835.33867303468287 ], [ 265291.2880875072442, 2668843.223412728402764 ], [ 265301.93571737408638, 2668852.628606903832406 ], [ 265310.743162088620011, 2668857.882417248096317 ], [ 265318.670221592125017, 2668865.844539404381067 ], [ 265325.508872449863702, 2668872.64174138661474 ], [ 265336.466944574844092, 2668884.85531703196466 ], [ 265349.296335582388565, 2668893.901158893015236 ], [ 265360.19243898941204, 2668900.29856951860711 ], [ 265378.652679515478667, 2668906.471568523906171 ], [ 265401.230555906542577, 2668923.816042814403772 ], [ 265441.948927576653659, 2668944.087731008883566 ], [ 265444.604450522689149, 2668945.406918304972351 ], [ 265458.414199805003591, 2668953.493525015655905 ], [ 265468.433618637849577, 2668959.847270697820932 ], [ 265476.48805797775276, 2668964.992014905437827 ], [ 265493.2288374096388, 2668975.580482628196478 ], [ 265496.525717106356751, 2668977.636727320030332 ], [ 265512.060939823742956, 2668987.437840110622346 ], [ 265533.762589978519827, 2668998.920999361202121 ], [ 265537.562125532655045, 2669001.091751759406179 ], [ 265549.409186957753263, 2669005.154251888860017 ], [ 265562.51608152926201, 2669009.62783729378134 ], [ 265572.532664763391949, 2669012.916474211029708 ], [ 265585.912494068150409, 2669021.387560226488858 ], [ 265595.085827118018642, 2669026.195273977238685 ], [ 265607.284259825653862, 2669032.064486394636333 ], [ 265616.301547638955526, 2669035.437075474765152 ], [ 265626.441506296512671, 2669038.660447170492262 ], [ 265636.550021849630866, 2669043.323377109132707 ], [ 265645.628581779659726, 2669046.63181600254029 ], [ 265663.725273982505314, 2669050.435681892558932 ], [ 265674.983215113752522, 2669056.199862910434604 ], [ 265688.056566459243186, 2669059.110084594693035 ], [ 265698.031534473237116, 2669060.460499118547887 ], [ 265709.116193549125455, 2669063.976537663023919 ], [ 265720.91191434051143, 2669062.723115150816739 ], [ 265727.474132127535995, 2669062.457511259708554 ], [ 265731.642051001370419, 2669061.367446483578533 ], [ 265778.850704014126677, 2669048.784668076783419 ], [ 265789.996755569824018, 2669043.479187922552228 ], [ 265799.966843774891458, 2669038.761927676852793 ], [ 265857.620557591319084, 2669011.505686592310667 ], [ 265885.794193779234774, 2668992.199253126978874 ], [ 265898.060340376978274, 2668986.619718189816922 ], [ 265918.291657736641355, 2668976.178019309416413 ], [ 265929.756794898537919, 2668968.238777062855661 ], [ 265943.203982077247929, 2668962.321090977173299 ], [ 265954.947622074338142, 2668958.629345231689513 ], [ 265968.827375359833241, 2668952.452163410838693 ], [ 265981.532386149629019, 2668946.925775191280991 ], [ 265991.152463403064758, 2668940.464572129305452 ], [ 266000.76722017681459, 2668933.753265155013651 ], [ 266022.984339239716064, 2668919.6410360513255 ], [ 266033.588563514873385, 2668912.408008140046149 ], [ 266046.242914957751054, 2668904.505739802960306 ], [ 266055.819065309828147, 2668898.921113656833768 ], [ 266070.455023814691231, 2668887.160770870745182 ], [ 266090.254623050568625, 2668871.161122179590166 ], [ 266105.367033862276003, 2668861.204554754775017 ], [ 266116.775817767658737, 2668850.639213708695024 ], [ 266132.45242617232725, 2668840.732918817084283 ], [ 266147.668337477603927, 2668829.773245038930327 ], [ 266160.452279294666369, 2668816.238393231295049 ], [ 266172.974512516753748, 2668805.08606510842219 ], [ 266192.311160594690591, 2668787.908010275103152 ], [ 266197.310879711061716, 2668781.858315851539373 ], [ 266206.516748287365772, 2668770.651972262654454 ], [ 266216.110894943238236, 2668760.062876455951482 ], [ 266226.43771879473934, 2668745.704803145956248 ], [ 266240.890968491032254, 2668731.258421815000474 ], [ 266250.578510113991797, 2668722.106074191164225 ], [ 266257.897626046324149, 2668710.439640675671399 ], [ 266265.340681195317302, 2668698.708130708895624 ], [ 266279.688598360924516, 2668682.262162735685706 ], [ 266288.853839734045323, 2668666.240072970744222 ], [ 266301.154732839961071, 2668650.588944877963513 ], [ 266312.143300106748939, 2668632.088061600923538 ], [ 266324.182978216325864, 2668613.002073689363897 ], [ 266330.409893799573183, 2668599.982944537885487 ], [ 266337.886128167621791, 2668589.814291129354388 ], [ 266348.776144686038606, 2668569.626725332811475 ], [ 266355.896895926038269, 2668554.524222093634307 ], [ 266364.904824548226316, 2668537.004257229156792 ], [ 266370.178257492429111, 2668526.19495165720582 ], [ 266379.250182308023795, 2668508.73611223930493 ], [ 266387.468442649813369, 2668495.236382403410971 ], [ 266394.116194721369538, 2668475.57760154036805 ], [ 266401.248919949051924, 2668461.037825542967767 ], [ 266410.26761364430422, 2668444.018011063337326 ], [ 266416.407916754484177, 2668429.874577822163701 ], [ 266422.229885779495817, 2668412.547951958142221 ], [ 266429.30935845291242, 2668398.447193191852421 ], [ 266438.24555136077106, 2668380.490792750846595 ], [ 266442.446423040528316, 2668369.266414945013821 ], [ 266446.550399632193148, 2668356.417785330675542 ], [ 266453.60568459663773, 2668341.191551448777318 ], [ 266459.800817230949178, 2668329.611830558627844 ], [ 266466.961520151235163, 2668316.385017009451985 ], [ 266473.323361323738936, 2668306.740773183293641 ], [ 266479.590468080423307, 2668295.597564564086497 ], [ 266484.607976063038222, 2668281.603327145334333 ], [ 266488.727774386061355, 2668269.504829346667975 ], [ 266495.002890842035413, 2668258.736795995384455 ], [ 266497.228527712519281, 2668248.743168192449957 ], [ 266503.254500493174419, 2668235.102726168930531 ], [ 266507.474398283055052, 2668224.753758645616472 ], [ 266511.698087713273708, 2668214.592323770746589 ], [ 266515.826017378713004, 2668202.86922372598201 ], [ 266519.049471487174742, 2668192.729057093150914 ], [ 266520.954053138266318, 2668179.427075253799558 ], [ 266523.828514217340853, 2668164.665747324470431 ], [ 266528.503664565389045, 2668146.362734268419445 ], [ 266532.339530782250222, 2668129.7665741071105 ], [ 266535.558668893179856, 2668116.499016769696027 ], [ 266536.239006460935343, 2668110.291770334821194 ], [ 266537.032436580338981, 2668103.519117416348308 ], [ 266538.219892409688327, 2668088.856350495480001 ], [ 266538.762948166113347, 2668079.148921249434352 ], [ 266536.804134624951985, 2668063.615138239692897 ], [ 266536.189465437782928, 2668052.431363791693002 ], [ 266534.232441391446628, 2668039.900032353121787 ], [ 266534.714098655851558, 2668030.25654655508697 ], [ 266532.184403740800917, 2668023.117167290300131 ], [ 266531.670513877295889, 2668019.562543662730604 ], [ 266529.903528051450849, 2668007.152311454061419 ], [ 266527.182753621716984, 2667994.011877484153956 ], [ 266526.538388698594645, 2667990.210080482997 ], [ 266524.675992751028389, 2667979.177941074129194 ], [ 266519.798358042899054, 2667950.007572753354907 ], [ 266516.509588502987754, 2667936.629018027801067 ], [ 266510.446085230854806, 2667936.821214790455997 ], [ 266509.32691462704679, 2667922.520564657635987 ], [ 266500.184675334021449, 2667898.695935752242804 ], [ 266496.511395530542359, 2667884.88766610249877 ], [ 266492.285223638289608, 2667874.469224736560136 ], [ 266484.979096401075367, 2667851.66849390277639 ], [ 266480.310740803543013, 2667838.131825459189713 ], [ 266473.478765700012445, 2667819.949988446198404 ], [ 266435.403399592847563, 2667747.765326242428273 ], [ 266407.748454807209782, 2667697.751661759801209 ], [ 266402.279546341043897, 2667687.735106852371246 ], [ 266392.9054526987602, 2667670.608381729573011 ], [ 266353.043253754382022, 2667585.075341301038861 ], [ 266350.064216437982395, 2667580.322662918828428 ], [ 266298.320554449688643, 2667535.890832015778869 ], [ 266287.232708497729618, 2667526.369768374599516 ], [ 266275.416061892407015, 2667520.80521080782637 ], [ 266271.282555340789258, 2667517.640807460993528 ], [ 266262.824979677970987, 2667511.191137903369963 ], [ 266250.860319674015045, 2667501.626193315256387 ], [ 266241.910352143459022, 2667492.622353071346879 ], [ 266236.415161356213503, 2667484.295388408005238 ], [ 266224.934020422690082, 2667468.089408659376204 ], [ 266219.635921782755759, 2667460.196009964216501 ], [ 266211.019026706926525, 2667446.305869744624943 ], [ 266206.779755415976979, 2667438.20219664555043 ], [ 266201.833685358113144, 2667426.297757837921381 ], [ 266198.382743725087494, 2667414.111285768449306 ], [ 266197.398374391486868, 2667403.185430186800659 ], [ 266198.525043233006727, 2667391.526434205006808 ], [ 266196.352458999084774, 2667377.68606031825766 ], [ 266193.947673913789913, 2667370.543894501868635 ], [ 266189.253768730093725, 2667364.576689909212291 ], [ 266177.655658064002637, 2667360.446087242104113 ], [ 266169.794630615389906, 2667358.487467425875366 ], [ 266159.864822279894724, 2667356.322784863878042 ], [ 266151.005136069958098, 2667357.388140321243554 ], [ 266145.155567600333598, 2667355.886848255526274 ], [ 266132.323297640308738, 2667355.473429398611188 ], [ 266120.9920169810066, 2667357.96763109927997 ], [ 266111.392695769318379, 2667359.549088584259152 ], [ 266100.908612596103922, 2667360.711711465381086 ], [ 266088.743125495733693, 2667362.22293552197516 ], [ 266078.381445304374211, 2667363.257802886888385 ], [ 266066.353896084881853, 2667362.451730445958674 ], [ 266056.923336977662984, 2667363.15398690616712 ], [ 266047.543223120854236, 2667363.291977389715612 ], [ 266034.723129914491437, 2667363.441115480847657 ], [ 266017.682093829032965, 2667365.119296636432409 ], [ 266006.674918298551347, 2667365.229616146534681 ], [ 265994.803253226331435, 2667365.858964232262224 ], [ 265979.703373435419053, 2667367.62067367695272 ], [ 265961.376409077434801, 2667364.759955098386854 ], [ 265909.949707026942633, 2667358.541440207976848 ], [ 265836.593284668284468, 2667356.482512435410172 ], [ 265814.822663975530304, 2667356.38530051894486 ], [ 265807.440792692650575, 2667356.355548477731645 ], [ 265802.432066932320595, 2667356.149744296912104 ], [ 265786.469555252464488, 2667355.615650390274823 ], [ 265775.741704189160373, 2667354.156320797745138 ], [ 265756.848268780333456, 2667351.119900046382099 ], [ 265748.689149691665079, 2667349.855724592227489 ], [ 265739.527152134804055, 2667348.487810854800045 ], [ 265727.611275534960441, 2667347.053802120033652 ], [ 265709.810792916628998, 2667339.552967885043472 ], [ 265695.862084774533287, 2667336.661065458785743 ], [ 265687.326310246018693, 2667332.402502943295985 ], [ 265671.251793945615645, 2667329.555981935467571 ], [ 265659.005998853070196, 2667327.315801431424916 ], [ 265647.652879355708137, 2667325.869724587537348 ], [ 265633.211881088791415, 2667323.363820836413652 ], [ 265620.953071284224279, 2667323.438502036035061 ], [ 265606.914455319056287, 2667325.114899986889213 ], [ 265593.745860883151181, 2667326.52259600860998 ], [ 265579.421017995337024, 2667326.516270730178803 ], [ 265569.055201682436746, 2667327.363428627606481 ], [ 265553.819142478285357, 2667328.627652422059327 ], [ 265542.326617372455075, 2667329.436517445836216 ], [ 265526.961595888948068, 2667330.515851621516049 ], [ 265516.245679019193631, 2667329.619186866562814 ], [ 265491.715679577086121, 2667326.265402842778713 ], [ 265480.868122299201787, 2667325.058790285140276 ], [ 265469.025581888156012, 2667324.123630358837545 ], [ 265456.239717479562387, 2667322.958455759566277 ], [ 265447.105404919129796, 2667319.963753573596478 ], [ 265437.034532963065431, 2667317.051394338719547 ], [ 265425.964574415353127, 2667314.223073739558458 ], [ 265402.545802683860529, 2667304.340100260917097 ], [ 265373.500436709146015, 2667300.457596715074033 ], [ 265358.80578461434925, 2667300.709327284712344 ], [ 265346.111971591133624, 2667300.918386039789766 ], [ 265332.24481782107614, 2667301.840526273474097 ], [ 265329.856775325257331, 2667301.328690830618143 ], [ 265319.706369922496378, 2667300.544968459755182 ], [ 265293.139559514122084, 2667298.486017325427383 ], [ 265263.815438438206911, 2667299.113352702464908 ], [ 265225.44748441450065, 2667298.05740830861032 ], [ 265205.36556948220823, 2667303.804128464777023 ], [ 265201.69657658750657, 2667304.820814982522279 ], [ 265177.055849316879176, 2667310.915138496086001 ], [ 265164.898561619163956, 2667315.741776469163597 ], [ 265157.015355993818957, 2667318.600129035301507 ], [ 265116.845955875411164, 2667326.903349874541163 ], [ 265105.809735495422501, 2667328.578200089745224 ], [ 265091.310594082693569, 2667329.201068172231317 ], [ 265067.658780006808229, 2667328.893768632318825 ], [ 265053.173983210115694, 2667327.264419208280742 ], [ 265050.117178192303982, 2667327.642675893381238 ], [ 265007.885138675919734, 2667333.112660537008196 ], [ 264991.314607090200298, 2667333.404450603760779 ], [ 264979.685077648144215, 2667333.653246633242816 ], [ 264967.793188187060878, 2667333.344591430854052 ], [ 264943.021585021167994, 2667336.251607353799045 ], [ 264915.810558339115232, 2667342.088164501823485 ], [ 264903.163411164132413, 2667344.485492715146393 ], [ 264892.238709816068877, 2667345.532507407944649 ], [ 264866.798183129983954, 2667349.329494925681502 ], [ 264848.441147183766589, 2667350.910675894934684 ], [ 264824.55284681590274, 2667354.174088743049651 ], [ 264814.094050497573335, 2667356.52464695321396 ], [ 264792.367856540018693, 2667361.430602536536753 ], [ 264764.843944932916202, 2667367.274172181729227 ], [ 264743.148629379924387, 2667373.618182327132672 ], [ 264729.027382673346438, 2667377.298092358745635 ], [ 264710.49421189975692, 2667385.263581829145551 ], [ 264698.093237190274522, 2667387.468110885471106 ], [ 264676.058260061661713, 2667392.568495488259941 ], [ 264672.572795969201252, 2667393.393591118976474 ], [ 264669.012969474017154, 2667393.657462788745761 ], [ 264605.756434005685151, 2667398.826458409428596 ], [ 264556.703849008888938, 2667404.19204924069345 ], [ 264536.02569994609803, 2667408.387563185300678 ], [ 264533.274578872835264, 2667408.446415651589632 ], [ 264528.647689658217132, 2667408.545451458543539 ], [ 264513.912921252427623, 2667406.921444495674223 ], [ 264493.498808011237998, 2667405.919386054389179 ], [ 264473.010216800030321, 2667404.356133788824081 ], [ 264447.088961257250048, 2667406.161666611675173 ], [ 264439.260037529980764, 2667405.703655321151018 ], [ 264428.570882144849747, 2667406.057370035443455 ], [ 264398.404241946642287, 2667405.326652061659843 ], [ 264365.449364282307215, 2667405.843784504570067 ], [ 264350.642551322642248, 2667403.783559851814061 ], [ 264327.373626993736252, 2667403.84347628057003 ], [ 264308.058669082820415, 2667404.506770478561521 ], [ 264289.619064745435026, 2667405.151405578944832 ], [ 264276.821102804038674, 2667403.423478414304554 ], [ 264257.50469984888332, 2667404.024370102211833 ], [ 264246.969960913469549, 2667405.75110923871398 ], [ 264229.373561097076163, 2667404.8763477941975 ], [ 264211.61469563562423, 2667402.253883307334036 ], [ 264195.86726916290354, 2667400.088485413230956 ], [ 264183.065263417316601, 2667398.17300111008808 ], [ 264170.200819011137355, 2667396.25867174519226 ], [ 264153.321191519848071, 2667393.804783961270005 ], [ 264142.468198772403412, 2667392.348183143883944 ], [ 264126.655531661352143, 2667390.059170578606427 ], [ 264088.061923722270876, 2667384.316479512024671 ], [ 264083.054456603829749, 2667384.173418189864606 ], [ 264067.292440432473086, 2667381.320400693453848 ], [ 264045.135013228689786, 2667374.850819212850183 ], [ 264011.437124385556672, 2667369.879395117051899 ], [ 264000.46571554930415, 2667368.737666811794043 ], [ 263985.268667965312488, 2667363.057677604723722 ], [ 263969.325599580770358, 2667360.521344833076 ], [ 263941.208158097637352, 2667353.240879899822176 ], [ 263934.137119525461458, 2667350.201866941526532 ], [ 263929.843934801989235, 2667348.354676766786724 ], [ 263907.408184253901709, 2667340.577289329376072 ], [ 263900.894465734600089, 2667337.276310739573091 ], [ 263888.751757462276146, 2667331.092851389665157 ], [ 263868.480863052536733, 2667325.083487979136407 ], [ 263857.882766955648549, 2667320.93137429933995 ], [ 263855.129036671249196, 2667320.865187374409288 ], [ 263843.744736232445575, 2667315.040956589393318 ], [ 263830.27691890229471, 2667308.322912148199975 ], [ 263816.621589838061482, 2667301.608872388489544 ], [ 263798.069253994442988, 2667294.061495250556618 ], [ 263773.660836201393977, 2667287.640023507643491 ], [ 263757.340875065652654, 2667282.109176650643349 ], [ 263748.561637439182959, 2667278.168222122360021 ], [ 263742.037523768492974, 2667277.306896907277405 ], [ 263735.822051374125294, 2667276.25131178367883 ], [ 263718.337957525858656, 2667268.931098761968315 ], [ 263700.891204316285439, 2667263.361590708605945 ], [ 263696.107284822093789, 2667261.962835952173918 ], [ 263672.310664133226965, 2667254.902667260263115 ], [ 263661.614416380180046, 2667252.003770103678107 ], [ 263639.591202871291898, 2667245.969245544634759 ], [ 263612.895877179456875, 2667237.907889302354306 ], [ 263590.722588525444735, 2667233.628005683422089 ], [ 263542.737293623504229, 2667221.643144473433495 ], [ 263533.321978118037805, 2667217.215671959333122 ], [ 263518.114449334214441, 2667213.975295207463205 ], [ 263501.67890321125742, 2667208.884438885375857 ], [ 263486.407585751323495, 2667205.583211344201118 ], [ 263471.919654301076662, 2667200.888566285837442 ], [ 263451.2506127753295, 2667193.824168262537569 ], [ 263436.761416410445236, 2667189.067193116061389 ], [ 263423.400303936679848, 2667184.411404503043741 ], [ 263411.046228842518758, 2667180.046515632420778 ], [ 263399.566277748555876, 2667175.600423258729279 ], [ 263385.984163831686601, 2667169.38539945660159 ], [ 263374.790387365617789, 2667166.622169512789696 ], [ 263350.894903684500605, 2667157.875333080999553 ], [ 263347.369532303535379, 2667156.824563085567206 ], [ 263335.469160935550462, 2667153.200817211065441 ], [ 263324.276704398798756, 2667150.50031964154914 ], [ 263313.866285951167811, 2667146.344025351572782 ], [ 263302.777494024368934, 2667142.640346537809819 ], [ 263300.509108938276768, 2667141.875653645955026 ], [ 263252.941355782037135, 2667128.943581974133849 ], [ 263223.777309863944538, 2667125.376034698914737 ], [ 263171.331097497954033, 2667112.485688923858106 ], [ 263167.206929723499343, 2667112.699026084970683 ], [ 263113.379173261113465, 2667128.801101834513247 ], [ 263109.711563388060313, 2667129.880253882613033 ], [ 263098.105483020946849, 2667140.012205780949444 ], [ 263056.896820142283104, 2667175.799080123659223 ], [ 263036.325176863232628, 2667193.754411476664245 ], [ 263026.223286427906714, 2667201.101769471541047 ], [ 263015.319425451220013, 2667208.966752395965159 ], [ 263001.334596046421211, 2667219.024320251774043 ], [ 262999.35388444311684, 2667220.004986026789993 ], [ 262962.360917866928503, 2667230.617429867852479 ], [ 262959.843629864277318, 2667229.920643535908312 ], [ 262941.469788246671669, 2667224.871396741364151 ], [ 262922.57080279517686, 2667212.827312995679677 ], [ 262900.480468097142875, 2667200.726296714041382 ], [ 262893.858641858329065, 2667195.300594391766936 ], [ 262884.498788235126995, 2667187.618961668107659 ], [ 262862.516159355291165, 2667186.40017297398299 ], [ 262858.256277411826886, 2667186.11589543428272 ], [ 262848.420914130925667, 2667185.450554494280368 ], [ 262837.821309794788249, 2667178.295853035990149 ], [ 262835.298824569792487, 2667177.348859167657793 ], [ 262818.283639501722064, 2667153.94203765457496 ], [ 262815.399468010291457, 2667141.930715560447425 ], [ 262792.484069225960411, 2667129.284438597969711 ], [ 262776.514616852859035, 2667116.739685498643667 ], [ 262765.284300775034353, 2667109.348423583433032 ], [ 262754.434453550959006, 2667102.198825497645885 ], [ 262748.53404681669781, 2667098.321680458262563 ], [ 262740.85605754586868, 2667093.23130121640861 ], [ 262721.223992439452559, 2667082.015971818007529 ], [ 262709.685284250590485, 2667074.818808183073997 ], [ 262689.17664012836758, 2667063.559712371323258 ], [ 262669.513835775665939, 2667050.906341001391411 ], [ 262662.27675177983474, 2667048.871717873029411 ], [ 262659.004015802987851, 2667047.940787401981652 ], [ 262634.35559907060815, 2667027.386980606243014 ], [ 262626.069349916826468, 2667020.182819199282676 ], [ 262611.416892730281688, 2667007.797579598147422 ], [ 262594.00913596409373, 2666995.283710812684149 ], [ 262577.699042206513695, 2666984.372699331026524 ], [ 262563.394084897008725, 2666973.606379020027816 ], [ 262553.133328597410582, 2666964.755400961730629 ], [ 262536.790011059551034, 2666952.281263133510947 ], [ 262520.571733770600986, 2666939.80439374782145 ], [ 262510.47225406288635, 2666932.63891292642802 ], [ 262496.193570231320336, 2666920.183168452698737 ], [ 262477.87434780865442, 2666905.999771253205836 ], [ 262469.65606942132581, 2666899.044204506091774 ], [ 262450.272442721528932, 2666884.821061144582927 ], [ 262431.727064075646922, 2666868.828222074080259 ], [ 262422.183306548511609, 2666858.397998843807727 ], [ 262405.518919070076663, 2666842.615295805037022 ], [ 262397.112960955069866, 2666835.663778085261583 ], [ 262383.684560718247667, 2666824.94128883862868 ], [ 262371.296625646296889, 2666816.073348362464458 ], [ 262359.65084469615249, 2666803.874017200898379 ], [ 262348.006187172490172, 2666791.737170695792884 ], [ 262337.715062817092985, 2666784.388055350165814 ], [ 262328.269996841379907, 2666775.644841079600155 ], [ 262315.658394675818272, 2666765.092399541754276 ], [ 262307.373479312285781, 2666757.950756635516882 ], [ 262297.829659702256322, 2666747.520602433942258 ], [ 262287.221663606818765, 2666737.050463730469346 ], [ 262273.691976016329136, 2666724.516044773627073 ], [ 262265.18612035078695, 2666715.815158810466528 ], [ 262256.839960259268992, 2666708.737278716173023 ], [ 262242.275103926076554, 2666694.598690478131175 ], [ 262233.853950447170064, 2666684.019208590500057 ], [ 262218.420878569595516, 2666673.151876732707024 ], [ 262203.882395739434287, 2666657.323723086621612 ], [ 262193.716168355080299, 2666649.971837012562901 ], [ 262182.814215774124023, 2666640.384042858146131 ], [ 262169.168907925486565, 2666628.289880269672722 ], [ 262160.974166004452854, 2666619.519809158984572 ], [ 262152.935696527245454, 2666612.185091711115092 ], [ 262146.745754581759684, 2666603.55976660689339 ], [ 262139.608823088608915, 2666594.516869607847184 ], [ 262130.391647616721457, 2666578.88756037550047 ], [ 262118.478942723246291, 2666571.760761497542262 ], [ 262114.486295812850585, 2666569.344047426711768 ], [ 262094.163785113836639, 2666558.01831902936101 ], [ 262082.34698421639041, 2666552.45333876600489 ], [ 262036.391382710280595, 2666527.16295578982681 ], [ 262032.474525847908808, 2666525.370066221337765 ], [ 262026.602088425279362, 2666522.805788602214307 ], [ 262012.076602830988122, 2666516.360483678523451 ], [ 261990.322957420605235, 2666508.318195466417819 ], [ 261981.627591494820081, 2666505.376545475795865 ], [ 261977.544584853458218, 2666504.587927523069084 ], [ 261952.85394837486092, 2666499.611137170810252 ], [ 261922.354298195539741, 2666474.553188572637737 ], [ 261887.78724909707671, 2666458.214897569268942 ], [ 261840.383520470088115, 2666441.275398414582014 ], [ 261834.638954320806079, 2666441.773571983911097 ], [ 261823.843060650222469, 2666440.065151671878994 ], [ 261812.187727423355682, 2666439.125809645280242 ], [ 261799.476099761435762, 2666438.521919090300798 ], [ 261778.950873380614212, 2666435.270044207572937 ], [ 261764.819008528487757, 2666438.449858355335891 ], [ 261755.605023362702923, 2666440.523655694443733 ], [ 261742.939268464833731, 2666444.985540407244116 ], [ 261723.285806857631542, 2666444.467449835501611 ], [ 261712.141765694046626, 2666446.957919871434569 ], [ 261701.041463745816145, 2666448.57150596473366 ], [ 261687.486496230092598, 2666449.48691881261766 ], [ 261674.805707294406602, 2666450.321028394624591 ], [ 261664.978609339654213, 2666452.970809931401163 ], [ 261647.358365001709899, 2666456.850849166046828 ], [ 261635.531821205018787, 2666459.605875394307077 ], [ 261621.689307101682061, 2666458.775938630104065 ], [ 261604.80384779846645, 2666464.829557731281966 ], [ 261580.591533178958343, 2666479.297163243405521 ], [ 261565.487188048340613, 2666483.811399095691741 ], [ 261549.172211361670634, 2666490.228199947159737 ], [ 261531.794510971812997, 2666496.667557283304632 ], [ 261505.157478636450833, 2666503.054913575295359 ], [ 261490.666536349221133, 2666509.933159346226603 ], [ 261467.823909537983127, 2666518.24104318767786 ], [ 261453.2330327181553, 2666523.369782657828182 ], [ 261435.48933560034493, 2666530.255076948553324 ], [ 261424.930685299506877, 2666533.796317369211465 ], [ 261410.220269513985841, 2666539.177974727936089 ], [ 261389.164076812798157, 2666546.196431247983128 ], [ 261370.116704490676057, 2666553.547416210174561 ], [ 261344.598707099969033, 2666562.5382084348239 ], [ 261328.639045060786884, 2666568.00901116989553 ], [ 261312.239599263848504, 2666579.244372949004173 ], [ 261292.223944983241381, 2666588.117458381690085 ], [ 261287.187706832832191, 2666592.478873757179826 ], [ 261270.175304770295043, 2666607.230430234223604 ], [ 261241.243640308850445, 2666629.180597370956093 ], [ 261214.548728312161984, 2666653.334927380550653 ], [ 261190.061237904010341, 2666669.560098112560809 ], [ 261162.906983115477487, 2666692.723293302115053 ], [ 261119.887021698901663, 2666716.976648321840912 ], [ 261112.840434383164393, 2666720.943206687923521 ], [ 261077.43817365335417, 2666744.533101032022387 ], [ 261018.469104731193511, 2666786.455386296845973 ], [ 260971.913156857655849, 2666823.795884447172284 ], [ 260935.558860252262093, 2666852.598312428221107 ], [ 260884.577871118439361, 2666922.875222176779062 ], [ 260892.735020067950245, 2666929.894694480113685 ], [ 260885.709258011949714, 2666940.679451141506433 ], [ 260869.643485463166144, 2666961.666441710200161 ], [ 260862.689566706423648, 2666972.887482972815633 ], [ 260852.40069955389481, 2666986.1191415656358 ], [ 260824.178561493405141, 2667023.693135978188366 ], [ 260814.24843763638637, 2667033.226428076159209 ], [ 260799.038314709207043, 2667044.498928796965629 ], [ 260781.548765041399747, 2667063.264385319780558 ], [ 260767.464032006071648, 2667074.512834593653679 ], [ 260757.695215528510744, 2667085.731756777036935 ], [ 260745.748821225046413, 2667100.437609857879579 ], [ 260737.102761196321808, 2667111.50728529272601 ], [ 260722.06757688257494, 2667128.030747790355235 ], [ 260711.394059189449763, 2667140.832734793424606 ], [ 260692.220688102883287, 2667162.762160181999207 ], [ 260683.735644164728001, 2667175.51724297227338 ], [ 260675.335654270806117, 2667186.394016423262656 ], [ 260667.934675087424694, 2667197.186652562581003 ], [ 260659.609571355278604, 2667211.565085569862276 ], [ 260650.216172732965788, 2667225.715908127371222 ], [ 260641.927075315528782, 2667241.782263844273984 ], [ 260628.61920346081024, 2667263.023147761356086 ], [ 260618.389279938972322, 2667279.005983896553516 ], [ 260608.253829465218587, 2667296.48815667303279 ], [ 260594.263753058738075, 2667320.934067709371448 ], [ 260587.80514208189561, 2667334.834429689217359 ], [ 260587.480826772167347, 2667337.218511296436191 ], [ 260584.524401088361628, 2667345.22638552216813 ], [ 260578.552180550381308, 2667355.550632648169994 ], [ 260573.887275224406039, 2667374.354778774548322 ], [ 260569.787289571511792, 2667387.391448949929327 ], [ 260567.913532010832569, 2667393.374163740314543 ], [ 260558.723415900371037, 2667428.727259955368936 ], [ 260545.100168692035368, 2667461.547602618578821 ], [ 260540.268451093143085, 2667484.233679551165551 ], [ 260539.643479223945178, 2667487.187278088182211 ], [ 260532.166966750082793, 2667523.692074671387672 ], [ 260519.750603589549428, 2667557.362482715398073 ], [ 260503.595966374996351, 2667591.738305180799216 ], [ 260496.446109863085439, 2667611.346291165333241 ], [ 260491.935639565024758, 2667628.582931672222912 ], [ 260488.355820092256181, 2667642.546911854296923 ], [ 260480.387590350874234, 2667658.982113911304623 ], [ 260472.816139237111202, 2667679.349380067083985 ], [ 260468.466029845265439, 2667692.39152496913448 ], [ 260457.167836053471547, 2667719.84498891653493 ], [ 260445.75334144604858, 2667765.254676834214479 ], [ 260444.947485009441152, 2667768.524693579878658 ], [ 260443.075106144911842, 2667774.570243900176138 ], [ 260438.261208690149942, 2667803.94932399969548 ], [ 260426.706593259295914, 2667845.733715229202062 ], [ 260418.243632737081498, 2667897.523233395069838 ], [ 260416.639518968382617, 2667933.652419604361057 ], [ 260418.718162424629554, 2667960.631977039389312 ], [ 260410.505720709363231, 2667983.202786280307919 ], [ 260412.119288447720464, 2668014.758956274017692 ], [ 260412.31035255768802, 2668032.458139198832214 ], [ 260414.007144000963308, 2668059.133075886406004 ], [ 260412.926698441035114, 2668078.798789178952575 ], [ 260408.23522259274614, 2668096.352236967999488 ], [ 260405.620886632619658, 2668105.729135319590569 ], [ 260405.221553837618558, 2668116.309529134072363 ], [ 260400.723696154542267, 2668116.593585904221982 ], [ 260391.063092301337747, 2668121.178985502570868 ], [ 260371.153662153927144, 2668129.174366275314242 ], [ 260355.684367125679273, 2668131.256876760628074 ], [ 260310.058604320074664, 2668136.049167379271239 ], [ 260305.782683765981346, 2668135.01465345127508 ], [ 260283.26946838281583, 2668129.490845172666013 ], [ 260260.720207459584344, 2668122.279157627373934 ], [ 260231.610338292492088, 2668112.517675189767033 ], [ 260202.17707351030549, 2668099.322707183659077 ], [ 260170.851719190512085, 2668085.417211084626615 ], [ 260152.330144914012635, 2668073.490201797802001 ], [ 260151.046187775820727, 2668071.953603339847177 ], [ 260134.086040442518424, 2668056.990295578259975 ], [ 260125.750825453375001, 2668041.654886861331761 ], [ 260117.848244403314311, 2668029.000003529712558 ], [ 260116.746446940320311, 2668027.209467669483274 ], [ 260082.505003480473533, 2667991.033897372893989 ], [ 260068.626294194691582, 2667944.664227262604982 ], [ 260058.550854131521191, 2667874.316646940074861 ], [ 260055.468073906056816, 2667826.71474990202114 ], [ 260051.924523356166901, 2667775.119488038122654 ], [ 260051.16071876953356, 2667751.114302893634886 ], [ 260047.945950803754386, 2667723.658428998664021 ], [ 260042.292487613187404, 2667696.254582394380122 ], [ 260043.61223171785241, 2667673.143129241652787 ], [ 260045.255681306414772, 2667653.465544823091477 ], [ 260044.133393133146456, 2667624.40083431918174 ], [ 260039.29725303791929, 2667565.013581936713308 ], [ 260045.984084346477175, 2667512.073184540495276 ], [ 260035.703417582000839, 2667481.828390882816166 ], [ 260024.206762394082034, 2667450.295851344708353 ], [ 260024.590883884928189, 2667424.389462125021964 ], [ 260017.22056465499918, 2667389.828502635937184 ], [ 260013.611656970082549, 2667358.565194332972169 ], [ 260010.305766330537153, 2667347.313257322646677 ], [ 260009.249822865152964, 2667338.890757949557155 ], [ 260006.218594281992409, 2667299.545226802118123 ], [ 259999.675370701734209, 2667271.47255863295868 ], [ 259999.00662218555226, 2667240.20873161079362 ], [ 259990.886094855697593, 2667217.361818393226713 ], [ 259986.264161050872644, 2667170.918882944621146 ], [ 259986.198454000172205, 2667141.519031683448702 ], [ 259981.383179851312889, 2667124.043719187378883 ], [ 259986.23999920085771, 2667096.665385742206126 ], [ 259989.425462215323932, 2667078.893928874284029 ], [ 259998.013915928429924, 2667038.799630696885288 ], [ 260008.573073560401099, 2667003.104342695325613 ], [ 260007.14806935339584, 2666942.330309687647969 ], [ 260013.885533228778513, 2666900.524049318395555 ], [ 260016.723084863420809, 2666886.951287893112749 ], [ 260021.898221252689837, 2666874.454373038839549 ], [ 260022.338282602373511, 2666859.931992415338755 ], [ 260025.634823096421314, 2666847.350238448940217 ], [ 260028.266849098028615, 2666827.088474339339882 ], [ 260029.839724684541579, 2666807.036792569328099 ], [ 260031.573828076419886, 2666788.670806918758899 ], [ 260032.985192871943582, 2666775.691508527845144 ], [ 260033.86244720837567, 2666755.27965923352167 ], [ 260037.62249094757135, 2666735.118592941202223 ], [ 260040.437906236882554, 2666714.665042589884251 ], [ 260044.977013466646895, 2666701.68142589693889 ], [ 260047.658767920249375, 2666686.67321409098804 ], [ 260050.034869803435868, 2666674.924407431390136 ], [ 260051.339329802402062, 2666668.641041417140514 ], [ 260055.300216158648254, 2666649.101352426223457 ], [ 260067.700660548056476, 2666611.740410927217454 ], [ 260068.42112093869946, 2666607.408704183995724 ], [ 260069.599499764794018, 2666604.005413079634309 ], [ 260072.126546423794935, 2666584.684109679423273 ], [ 260075.969677075830987, 2666571.340123301837593 ], [ 260079.188427934306674, 2666552.191683598794043 ], [ 260084.093469978979556, 2666538.762462847400457 ], [ 260085.22734984284034, 2666530.35553580429405 ], [ 260086.205581546208123, 2666523.453474639449269 ], [ 260089.541605098493164, 2666503.92731230892241 ], [ 260094.36285617784597, 2666492.439010012429208 ], [ 260095.262122630723752, 2666478.907649733126163 ], [ 260098.724302346206969, 2666459.441202441230416 ], [ 260100.832588007091545, 2666443.944905962795019 ], [ 260102.915726293460466, 2666430.200601902324706 ], [ 260103.933304898469942, 2666416.353995307348669 ], [ 260110.292165783495875, 2666400.703978736884892 ], [ 260111.956835926132044, 2666379.086600426118821 ], [ 260113.102121146017453, 2666365.362287702970207 ], [ 260115.599876192136435, 2666347.605468140449375 ], [ 260118.037919283931842, 2666329.975201764144003 ], [ 260120.448200812301366, 2666313.971867507789284 ], [ 260122.713684225018369, 2666299.973521593492478 ], [ 260125.983563909598161, 2666286.141229750122875 ], [ 260127.330803991528228, 2666270.160765604116023 ], [ 260133.723083786928328, 2666256.073954745661467 ], [ 260139.532267924689222, 2666238.121389124076813 ], [ 260141.003253540577134, 2666222.075575791299343 ], [ 260147.311942928063218, 2666209.92979237716645 ], [ 260148.867832680698484, 2666192.00566090317443 ], [ 260154.524215077894041, 2666175.682694246061146 ], [ 260160.955207010469167, 2666163.409316826146096 ], [ 260169.701745040569222, 2666157.029306959360838 ], [ 260179.330910346528981, 2666130.487289607990533 ], [ 260170.562043221550994, 2666089.012563180178404 ], [ 260165.525159949524095, 2665999.727802488487214 ], [ 260168.124818964570295, 2665975.025198425166309 ], [ 260166.632787696522428, 2665905.244598051998764 ], [ 260167.142961093835765, 2665899.8540008822456 ], [ 260168.885318247281248, 2665881.863034003879875 ], [ 260169.084645967028337, 2665879.481599241029471 ], [ 260170.499492535513127, 2665860.809896804392338 ], [ 260173.975940297968918, 2665836.150956540834159 ], [ 260176.232374019542476, 2665812.957043755799532 ], [ 260181.247501281177392, 2665795.897152742836624 ], [ 260185.361881673074095, 2665765.97002824023366 ], [ 260189.857441787957214, 2665742.165151081513613 ], [ 260195.358808669407154, 2665718.589033756405115 ], [ 260198.084576583962189, 2665691.006279977504164 ], [ 260201.934057938196929, 2665672.094539597630501 ], [ 260204.949031721131178, 2665649.259769143536687 ], [ 260206.144882860244252, 2665634.971397331915796 ], [ 260207.21440000156872, 2665620.623207222670317 ], [ 260208.293210426403675, 2665606.712669636588544 ], [ 260209.310842164995847, 2665592.866211532615125 ], [ 260210.410771232942352, 2665577.016043809708208 ], [ 260208.248853836994385, 2665563.675355058163404 ], [ 260209.106468503188808, 2665545.265351896639913 ], [ 260207.480894531414378, 2665533.602167883887887 ], [ 260207.038850210694363, 2665530.483995928429067 ], [ 260204.316675561363809, 2665514.340159255079925 ], [ 260202.477156757813646, 2665492.672594768926501 ], [ 260200.527748957974836, 2665474.635443758685142 ], [ 260200.196193762501935, 2665459.128691764548421 ], [ 260199.39767354662763, 2665456.893900999799371 ], [ 260196.152778303483501, 2665442.637957874219865 ], [ 260195.727588302193908, 2665434.452186921145767 ], [ 260195.09444807190448, 2665422.392356561962515 ], [ 260192.463660748035181, 2665401.742581045720726 ], [ 260190.828962278435938, 2665392.581850248854607 ], [ 260189.756074660923332, 2665386.286516294814646 ], [ 260189.994367047678679, 2665374.020448998082429 ], [ 260187.391545032325666, 2665354.683849900960922 ], [ 260187.650849815894617, 2665340.478153765201569 ], [ 260187.755233537143795, 2665333.657408139668405 ], [ 260188.13962678660755, 2665319.448945069685578 ], [ 260188.46147792757256, 2665305.241755201946944 ], [ 260189.908072965918109, 2665282.190354729071259 ], [ 260190.189855686505325, 2665266.107281720265746 ], [ 260189.669704783416819, 2665253.482087990734726 ], [ 260191.873533536796458, 2665221.969520245213062 ], [ 260192.071633780491538, 2665219.525613287463784 ], [ 260193.052513759961585, 2665209.808427813462913 ], [ 260194.546346619172255, 2665194.825601292774081 ], [ 260199.127203929703683, 2665172.082547066733241 ], [ 260199.122307911660755, 2665163.074600569438189 ], [ 260199.004955887648975, 2665145.874189015943557 ], [ 260198.852754492982058, 2665127.048013983294368 ], [ 260202.629795672895852, 2665101.819944747257978 ], [ 260203.249874335568165, 2665089.858509517274797 ], [ 260201.388377587514697, 2665073.008204824756831 ], [ 260199.918385445402237, 2665059.840276035945863 ], [ 260198.127898918522988, 2665034.605937467422336 ], [ 260197.848122499359306, 2665030.2955002784729 ], [ 260191.572624556225492, 2665014.72819709405303 ], [ 260188.050983827037271, 2664999.227084942627698 ], [ 260185.738947561272653, 2664987.641039592213929 ], [ 260184.332033512415364, 2664980.351929924916476 ], [ 260180.722752798494184, 2664966.604298749007285 ], [ 260181.110885701229563, 2664949.643385367002338 ], [ 260173.069497364369454, 2664930.485511025413871 ], [ 260171.365193176286994, 2664915.133036072831601 ], [ 260170.662563857476925, 2664899.821901272516698 ], [ 260167.772110703488579, 2664890.437720639631152 ], [ 260167.71596892704838, 2664887.811595248058438 ], [ 260167.460718964692205, 2664875.868860379327089 ], [ 260167.219275493640453, 2664870.431623391807079 ], [ 260167.085703272197861, 2664864.179010963533074 ], [ 260166.894356429722393, 2664852.29747724859044 ], [ 260166.224413980467943, 2664844.367139108013362 ], [ 260165.005120441521285, 2664837.073990524746478 ], [ 260162.995138487982331, 2664824.98112535616383 ], [ 260163.142757243709639, 2664811.403387128841132 ], [ 260165.217752166034188, 2664779.705731737427413 ], [ 260165.933886839688057, 2664769.306204027496278 ], [ 260169.437059615331236, 2664757.595946254208684 ], [ 260168.747967483126558, 2664745.850209957920015 ], [ 260167.857809014647501, 2664730.542893946636468 ], [ 260166.802594025357394, 2664713.362681896425784 ], [ 260165.945827425981406, 2664699.618546770885587 ], [ 260165.757919636613224, 2664682.044459070079029 ], [ 260162.645150600757916, 2664671.038550960365683 ], [ 260160.888769673532806, 2664667.885734170675278 ], [ 260149.826095923985122, 2664647.85404267674312 ], [ 260149.199205898767104, 2664644.864747266285121 ], [ 260147.655269674170995, 2664637.01569525944069 ], [ 260145.23490532085998, 2664632.062970682047307 ], [ 260139.242098631977569, 2664623.871160496026278 ], [ 260135.383562660979806, 2664618.948924603872001 ], [ 260128.565841532108607, 2664610.211727448739111 ], [ 260121.23061920699547, 2664600.672438734211028 ], [ 260115.422711754596094, 2664592.351427264045924 ], [ 260106.899208453512983, 2664579.897219861391932 ], [ 260104.662674292892916, 2664577.693028940353543 ], [ 260101.176866750407498, 2664575.578096229117364 ], [ 260083.347187029052293, 2664560.883193385321647 ], [ 260071.672708980127936, 2664556.12815407756716 ], [ 260061.168980883085169, 2664550.535002546850592 ], [ 260049.795301372971153, 2664548.150565945077688 ], [ 260043.043440920737339, 2664545.417279262561351 ], [ 260022.552764434047276, 2664543.790838941931725 ], [ 260011.714212907420006, 2664543.021678571589291 ], [ 260002.64755897471332, 2664543.215472068171948 ], [ 259983.466485563083552, 2664544.313477797899395 ], [ 259968.36958168912679, 2664546.262427874375135 ], [ 259956.425532980327262, 2664546.455223287455738 ], [ 259950.984223474428291, 2664546.508956827688962 ], [ 259937.952219332772074, 2664548.47639759676531 ], [ 259925.827109161793487, 2664548.985744481906295 ], [ 259911.467205146356719, 2664550.293514423072338 ], [ 259902.585680008342024, 2664550.358267153613269 ], [ 259896.827766887348844, 2664550.231076837517321 ], [ 259865.518680489127291, 2664537.075292186811566 ], [ 259802.991564958472736, 2664500.377412423957139 ], [ 259761.341636621538782, 2664457.040234250482172 ], [ 259752.667307205148973, 2664440.460636656265706 ], [ 259760.149906011851272, 2664433.482217824552208 ], [ 259747.890491400903556, 2664433.556379482615739 ], [ 259735.174847988033434, 2664432.764719193335623 ], [ 259721.183213703596266, 2664433.751770930830389 ], [ 259699.198028619925026, 2664426.589727989397943 ], [ 259663.404943190078484, 2664420.223353741690516 ], [ 259647.884762230416527, 2664405.29136051889509 ], [ 259643.469349783670623, 2664391.873412531800568 ], [ 259636.34386898894445, 2664377.51268094452098 ], [ 259635.084188592329156, 2664365.403664062265307 ], [ 259630.902854085608851, 2664351.230153826996684 ], [ 259624.836176246782998, 2664336.659007326234132 ], [ 259617.940607950440608, 2664318.41496041463688 ], [ 259613.076308432384394, 2664298.62603656295687 ], [ 259608.207390558411134, 2664287.407548986840993 ], [ 259601.543506710440852, 2664274.162775360047817 ], [ 259598.831062091776403, 2664261.396857845131308 ], [ 259594.197397797193844, 2664246.544726954307407 ], [ 259587.070804354385473, 2664220.423568779602647 ], [ 259580.657978368399199, 2664201.355952422134578 ], [ 259580.161487418838078, 2664198.614016865380108 ], [ 259578.517647162749199, 2664189.015550473239273 ], [ 259575.372204226092435, 2664170.628457671031356 ], [ 259570.071374005230609, 2664165.549685593228787 ], [ 259569.563825282559264, 2664141.789099582936615 ], [ 259571.179662795184413, 2664106.160152608994395 ], [ 259573.149580711644376, 2664087.100830076262355 ], [ 259574.38785835597082, 2664083.571294559631497 ], [ 259607.750380876619602, 2663987.898126257583499 ], [ 259608.677973298006691, 2663961.041738409548998 ], [ 259612.767073181050364, 2663941.624622972216457 ], [ 259613.706567939632805, 2663929.969021093100309 ], [ 259624.533934042119654, 2663906.779514090158045 ], [ 259631.481907581357518, 2663886.488075542263687 ], [ 259634.508125073771225, 2663867.093523429706693 ], [ 259638.096874800132355, 2663859.384907157160342 ], [ 259644.585161857423373, 2663829.281933988444507 ], [ 259653.364908453921089, 2663806.886870526243001 ], [ 259667.104359872435452, 2663767.746102124452591 ], [ 259681.094801679166267, 2663725.722187405917794 ], [ 259699.461924903356703, 2663680.664686577860266 ], [ 259725.219780007755617, 2663624.314238027669489 ], [ 259736.576995066687232, 2663605.429987200070173 ], [ 259763.26816599391168, 2663557.62984361872077 ], [ 259778.869873673276743, 2663517.823643270879984 ], [ 259788.116320567351067, 2663487.974463030230254 ], [ 259810.2126821190177, 2663444.714161510113627 ], [ 259839.218984890059801, 2663414.505505466833711 ], [ 259884.162476237484952, 2663360.185169691219926 ], [ 259905.077348550927127, 2663328.960774118080735 ], [ 259918.0822643294523, 2663319.862516274675727 ], [ 259919.161998674302595, 2663314.772396686952561 ], [ 259920.424355509341694, 2663312.368328282143921 ], [ 259928.902875805652002, 2663296.360431896522641 ], [ 259935.355086663621478, 2663279.207375348545611 ], [ 259943.842917678150116, 2663266.577468873467296 ], [ 259957.777571657905355, 2663236.565654185600579 ], [ 259968.519702488236362, 2663212.314755534287542 ], [ 259974.665014223544858, 2663201.298739827238023 ], [ 259987.436222696007462, 2663181.258195832837373 ], [ 259995.193804344569799, 2663166.642049371730536 ], [ 260005.745588026300538, 2663142.270063677802682 ], [ 260017.722531640785746, 2663120.182186495047063 ], [ 260025.352264630957507, 2663105.443773700390011 ], [ 260038.942589025071356, 2663079.818374006077647 ], [ 260044.229743515170412, 2663066.693716202862561 ], [ 260049.183111955062486, 2663055.515493292827159 ], [ 260056.020312096195994, 2663044.672400066629052 ], [ 260064.192622800066601, 2663026.043698323890567 ], [ 260077.467626050114632, 2663000.299987092148513 ], [ 260088.006777116213925, 2662984.123087898828089 ], [ 260095.660417225648416, 2662967.57004974083975 ], [ 260101.765789600030985, 2662954.67823041556403 ], [ 260107.075455819984199, 2662939.676455666311085 ], [ 260113.724997996847378, 2662928.837329470086843 ], [ 260120.055411621346138, 2662917.692304801661521 ], [ 260121.997499671939295, 2662914.898432300426066 ], [ 260130.446598478243686, 2662897.514954993035644 ], [ 260140.930906902096467, 2662875.834367110859603 ], [ 260144.067032693012152, 2662867.447411968838423 ], [ 260148.672142298775725, 2662857.527897738851607 ], [ 260180.13390856795013, 2662789.983568688854575 ], [ 260185.616715073148953, 2662777.230241460725665 ], [ 260190.264114563033218, 2662766.371373969130218 ], [ 260201.469155868981034, 2662740.359082601498812 ], [ 260209.512389266281389, 2662721.545629363972694 ], [ 260211.848711896018358, 2662707.921106969472021 ], [ 260215.849223838653415, 2662693.134849261492491 ], [ 260227.364455179369543, 2662669.931046438403428 ], [ 260232.754785462777363, 2662649.923193808179349 ], [ 260243.340908649406629, 2662635.934925215318799 ], [ 260248.867632982059149, 2662625.244827644899487 ], [ 260255.640800243942067, 2662611.400466305203736 ], [ 260257.558980830188375, 2662607.480980515480042 ], [ 260260.955804264405742, 2662596.648901625070721 ], [ 260267.274407311924733, 2662587.881245766300708 ], [ 260278.850024282990489, 2662555.793047099374235 ], [ 260283.517298716382356, 2662542.931908414233476 ], [ 260287.885251082479954, 2662530.702863317448646 ], [ 260288.784507444943301, 2662528.869618989527225 ], [ 260293.874982231267495, 2662518.251359650865197 ], [ 260297.527593784383498, 2662510.604306219145656 ], [ 260298.962863534194184, 2662507.508375694975257 ], [ 260304.075786841480294, 2662495.013084959704429 ], [ 260310.046878227498382, 2662484.626385531388223 ], [ 260318.049140960734803, 2662466.814874569885433 ], [ 260326.028784957248718, 2662450.880298952106386 ], [ 260331.058020886965096, 2662440.326137274503708 ], [ 260338.757577736338135, 2662431.779136094730347 ], [ 260346.612159054435324, 2662415.847450858447701 ], [ 260355.357107263378566, 2662403.524839669000357 ], [ 260365.155365215876373, 2662387.80179262207821 ], [ 260370.935022240475519, 2662377.231405824422836 ], [ 260378.614362936234102, 2662364.806572466157377 ], [ 260384.452436828432838, 2662354.047503298148513 ], [ 260391.106049874448217, 2662343.395872432738543 ], [ 260396.568023594823899, 2662335.522375615313649 ], [ 260399.724619070591871, 2662331.01347547210753 ], [ 260409.297249355702661, 2662322.301472252700478 ], [ 260414.92399630221189, 2662313.361013019457459 ], [ 260424.367675320216222, 2662304.464028786402196 ], [ 260427.971357816364616, 2662300.383671424817294 ], [ 260433.771260755398544, 2662293.691288115922362 ], [ 260442.18785299549927, 2662286.505365677643567 ], [ 260452.505498704442289, 2662277.527262915391475 ], [ 260459.876395994157065, 2662268.236677756998688 ], [ 260467.277679245366016, 2662257.444239894859493 ], [ 260468.383891256089555, 2662247.724383784923702 ], [ 260468.748152570449747, 2662244.27611251687631 ], [ 260473.219830649730284, 2662231.043814321048558 ], [ 260483.490556167642353, 2662234.515337088145316 ], [ 260491.154925072623882, 2662200.884478242602199 ], [ 260498.61698660813272, 2662184.147928533609957 ], [ 260499.631930755160283, 2662181.874071958474815 ], [ 260506.856489071535179, 2662174.526012749411166 ], [ 260513.676505854935385, 2662162.869958536699414 ], [ 260518.808105372590944, 2662151.250189703889191 ], [ 260527.507907945284387, 2662139.741922715678811 ], [ 260538.212028250476578, 2662122.498184137511998 ], [ 260539.228340053901775, 2662120.287026426289231 ], [ 260550.509193087782478, 2662094.898835616651922 ], [ 260556.041247914283304, 2662063.940692913718522 ], [ 260564.772093491599662, 2662042.172385059762746 ], [ 260566.393593906366732, 2662021.431968630757183 ], [ 260572.018891908053774, 2662009.48881697608158 ], [ 260583.804687451804057, 2661993.097738294396549 ], [ 260595.310444197413744, 2661987.034407993778586 ], [ 260605.06560578616336, 2661981.008398394566029 ], [ 260613.715119553322438, 2661973.004371675662696 ], [ 260623.514435626770137, 2661969.041890299413353 ], [ 260604.016599335271167, 2661952.380394185427576 ], [ 260600.693985136400443, 2661943.255572004709393 ], [ 260599.765277062222594, 2661940.773285122588277 ], [ 260593.43013603577856, 2661925.332099203020334 ], [ 260588.992580983147491, 2661913.791605921462178 ], [ 260583.531576158798998, 2661898.26917941076681 ], [ 260572.979007859161356, 2661878.664338923059404 ], [ 260580.573221517843194, 2661850.539732145611197 ], [ 260584.573942046496086, 2661835.75376397697255 ], [ 260592.748105175007368, 2661805.490043214987963 ], [ 260596.572001959371846, 2661791.208231841214001 ], [ 260598.080183607613435, 2661785.671010109595954 ], [ 260606.639463898347458, 2661764.657248456031084 ], [ 260611.640787141222972, 2661752.790071833878756 ], [ 260612.533378458116204, 2661750.644157835282385 ], [ 260616.284452678548405, 2661741.743665378075093 ], [ 260621.01026001968421, 2661728.693685008678585 ], [ 260629.885223194054561, 2661713.6785978092812 ], [ 260638.556599336647196, 2661694.976892774924636 ], [ 260645.817651457618922, 2661674.679020066279918 ], [ 260655.880495590390638, 2661656.698435055091977 ], [ 260661.56810630109976, 2661638.873693649191409 ], [ 260665.655379322939552, 2661628.151881844736636 ], [ 260675.885777744464576, 2661609.229298469610512 ], [ 260680.042497901566094, 2661598.818920840043575 ], [ 260689.501590298954397, 2661581.85207493416965 ], [ 260696.734679816843709, 2661563.181381097063422 ], [ 260702.064304029860068, 2661546.177325726952404 ], [ 260710.792377010715427, 2661521.344148965086788 ], [ 260716.325724358612206, 2661508.026724675670266 ], [ 260720.01940735662356, 2661496.437692990526557 ], [ 260730.623055294679943, 2661468.624407862778753 ], [ 260736.853564588498557, 2661455.730025228578597 ], [ 260746.310756777384086, 2661429.880420554894954 ], [ 260754.485245118790772, 2661402.556718908250332 ], [ 260755.601183713559294, 2661399.154723279643804 ], [ 260759.305447242077207, 2661388.06594310933724 ], [ 260763.347527761216043, 2661375.218298727180809 ], [ 260767.880264371284284, 2661358.982121545821428 ], [ 260770.859343866293784, 2661346.157262154854834 ], [ 260775.272493454918731, 2661330.17407256225124 ], [ 260780.623347999760881, 2661314.170535778161138 ], [ 260783.637195444025565, 2661302.971434648148715 ], [ 260788.322987145627849, 2661288.045565956272185 ], [ 260799.38564654981019, 2661258.283211981412023 ], [ 260804.909899260645034, 2661247.468271754682064 ], [ 260821.293524975131731, 2661212.02494765073061 ], [ 260837.349470675428165, 2661170.020301390439272 ], [ 260853.105616142362123, 2661137.405167910270393 ], [ 260869.211956527258735, 2661094.836497536860406 ], [ 260883.408316210639896, 2661056.562272310722619 ], [ 260892.47286639091908, 2661029.907839797902852 ], [ 260916.711720994411735, 2661001.991013425868005 ], [ 260926.93979005899746, 2660985.883603875525296 ], [ 260942.407875526987482, 2660966.161428309045732 ], [ 260964.751739000697853, 2660931.529177611228079 ], [ 260968.747747814370086, 2660925.313273777253926 ], [ 260981.645569463958964, 2660905.333070397842675 ], [ 261016.168910790293012, 2660890.333699898328632 ], [ 261019.477072303765453, 2660884.13252760656178 ], [ 261024.557174705289071, 2660875.954500689636916 ], [ 261026.432621246523922, 2660870.034136898815632 ], [ 261028.914688527525868, 2660863.22525592520833 ], [ 261033.283118274848675, 2660856.876495535951108 ], [ 261037.252372737741098, 2660849.4101508455351 ], [ 261042.089204053336289, 2660844.490301728714257 ], [ 261043.86789719335502, 2660842.825815185904503 ], [ 261048.80785292715882, 2660828.082435230724514 ], [ 261064.213516199262813, 2660808.361361986491829 ], [ 261079.681584005214972, 2660788.639045446645468 ], [ 261095.744559068145463, 2660770.405376187991351 ], [ 261098.28924140217714, 2660763.595023477450013 ], [ 261104.316419970418792, 2660755.834798961877823 ], [ 261111.100453683786327, 2660739.550652103964239 ], [ 261113.906942431349307, 2660733.297614580020308 ], [ 261115.879511658160482, 2660729.001865076832473 ], [ 261121.657852320640814, 2660715.429051636718214 ], [ 261127.93666521483101, 2660707.72580196801573 ], [ 261132.116175735456636, 2660698.378449495416135 ], [ 261133.490125520533184, 2660695.346610045991838 ], [ 261137.334534419700503, 2660690.823013907764107 ], [ 261138.530242570472183, 2660688.232620793394744 ], [ 261142.769633082963992, 2660678.759059332776815 ], [ 261149.495112883625552, 2660665.604028915986419 ], [ 261156.425540158874355, 2660653.257801601197571 ], [ 261163.514977178565459, 2660633.714159196708351 ], [ 261166.716945188876707, 2660628.391300775576383 ], [ 261168.168319867341779, 2660626.045736415777355 ], [ 261170.02605195340584, 2660616.372631980106235 ], [ 261177.245212236448424, 2660605.834303805138916 ], [ 261179.595362894557184, 2660595.775231099221855 ], [ 261188.945621657272568, 2660582.50158439995721 ], [ 261191.011643030971754, 2660579.64257675409317 ], [ 261192.748644773790147, 2660576.039671361912042 ], [ 261195.073700363602256, 2660570.672963938675821 ], [ 261202.226173422852298, 2660554.068255899008363 ], [ 261203.802385509741725, 2660551.720057426486164 ], [ 261210.215272000525147, 2660538.571620462927967 ], [ 261223.021098872413859, 2660514.277059441898018 ], [ 261227.01554573973408, 2660505.058939297683537 ], [ 261233.836173769348534, 2660481.705168620217592 ], [ 261236.608199064561632, 2660473.826526301912963 ], [ 261238.970419553952524, 2660467.270572863984853 ], [ 261239.06140672339825, 2660453.944290997926146 ], [ 261241.685575050039915, 2660445.005361405201256 ], [ 261242.735115808318369, 2660441.417270651087165 ], [ 261246.364911726443097, 2660426.826966629829258 ], [ 261248.541204947046936, 2660405.699447635561228 ], [ 261240.066350403852994, 2660398.436126979999244 ], [ 261223.538681199337589, 2660389.030196817126125 ], [ 261211.638282571482705, 2660382.465679412242025 ], [ 261207.651072320906678, 2660380.298607829492539 ], [ 261193.790778768161545, 2660372.774996563792229 ], [ 261189.872678441897733, 2660370.91958586871624 ], [ 261179.560947212099563, 2660368.449614572804421 ], [ 261169.03098146879347, 2660364.54556269897148 ], [ 261158.496862598316511, 2660360.454211115371436 ], [ 261143.291748654708499, 2660354.397824521642178 ], [ 261129.477154899825109, 2660351.940201269462705 ], [ 261113.56174399133306, 2660347.775901408400387 ], [ 261104.628189514041878, 2660345.40174005087465 ], [ 261091.06210228803684, 2660339.936105606146157 ], [ 261086.140949794847984, 2660337.976923030335456 ], [ 261067.270599956566002, 2660330.184664095751941 ], [ 261033.638763929688139, 2660304.87927140109241 ], [ 261041.03272283426486, 2660279.073822773993015 ], [ 261046.507278124947334, 2660260.065179159399122 ], [ 261051.629417182353791, 2660242.127737553790212 ], [ 261056.871194392966572, 2660223.937209172174335 ], [ 261060.36544237047201, 2660211.789438777137548 ], [ 261067.119595546508208, 2660188.249651256948709 ], [ 261068.518758515449008, 2660183.465515228454024 ], [ 261072.419936835707631, 2660169.870335611980408 ], [ 261079.176735693821684, 2660146.455617060884833 ], [ 261089.711166644992772, 2660112.450805469416082 ], [ 261096.895503058942268, 2660097.346759517677128 ], [ 261107.368706641340395, 2660063.405822033062577 ], [ 261117.983264025970129, 2660033.152774276677519 ], [ 261131.363278007571353, 2659997.648562377784401 ], [ 261132.308998774620704, 2659995.063682489097118 ], [ 261139.294794531946536, 2659976.523398405872285 ], [ 261153.758516244590282, 2659953.694829097483307 ], [ 261156.552400728862267, 2659908.720434905029833 ], [ 261176.983595575758955, 2659810.82317042350769 ], [ 261186.417641654290492, 2659728.173828276339918 ], [ 261181.867169154458679, 2659690.800310214050114 ], [ 261202.858718271629186, 2659619.164452070835978 ], [ 261229.361360481037991, 2659580.064885719213635 ], [ 261286.478855703899171, 2659527.488421387970448 ], [ 261333.691017292061588, 2659488.572786651086062 ], [ 261338.301944781269412, 2659484.78367592394352 ], [ 261362.940984127839329, 2659475.625394514761865 ], [ 261389.947843357687816, 2659463.101321325171739 ], [ 261414.41128221352119, 2659451.569684766698629 ], [ 261445.931974095728947, 2659433.631942862644792 ], [ 261457.798239242023556, 2659426.873114590067416 ], [ 261486.592732185468776, 2659430.700222014915198 ], [ 261497.122031573497225, 2659422.844013269990683 ], [ 261503.38288738153642, 2659426.025722627528012 ], [ 261517.505895509530092, 2659422.409160962793976 ], [ 261521.984976573672611, 2659421.250115922186524 ], [ 261523.930963301914744, 2659412.763608429580927 ], [ 261550.8054197152087, 2659388.169150735251606 ], [ 261574.242360864242073, 2659363.710395235102624 ], [ 261580.394932447292376, 2659358.887659568339586 ], [ 261587.641983973968308, 2659343.782365113031119 ], [ 261594.444534758978989, 2659328.373780813068151 ], [ 261611.195318524492905, 2659307.185558169148862 ], [ 261630.701918402628507, 2659277.368512462358922 ], [ 261640.477616161981132, 2659257.642775539774448 ], [ 261649.576645650930004, 2659244.312160918489099 ], [ 261663.449701404955704, 2659223.122884287498891 ], [ 261674.024036077375058, 2659208.57220760313794 ], [ 261679.741117440658854, 2659195.063387808855623 ], [ 261686.952231705508893, 2659181.209890505764633 ], [ 261696.207728722103639, 2659160.556995990220457 ], [ 261699.610509940452175, 2659152.915211321320385 ], [ 261705.091577080456773, 2659128.339243375696242 ], [ 261710.323961219284683, 2659106.771299244370311 ], [ 261712.793886621890124, 2659096.459532944019884 ], [ 261715.317265551508171, 2659085.70885573560372 ], [ 261716.400452011934249, 2659069.045998414978385 ], [ 261718.430672656919342, 2659046.920743076130748 ], [ 261721.02596474706661, 2659016.088255622889847 ], [ 261720.314586649328703, 2658997.399373532272875 ], [ 261719.472667995811207, 2658975.523188031278551 ], [ 261717.449349679576699, 2658953.984697889536619 ], [ 261711.528356292459648, 2658911.010520238429308 ], [ 261702.998476310138358, 2658865.965041807387024 ], [ 261698.023166411003331, 2658843.864067812915891 ], [ 261696.448994839767693, 2658837.517205761279911 ], [ 261691.250319727550959, 2658816.671965459361672 ], [ 261683.71498448625789, 2658788.933210565708578 ], [ 261673.586651036253897, 2658753.993068911600858 ], [ 261662.15698699085624, 2658716.703886535018682 ], [ 261653.304731905576773, 2658688.805354156531394 ], [ 261651.090704053000081, 2658681.783810685388744 ], [ 261649.415500169357983, 2658676.56499093119055 ], [ 261641.160686913062818, 2658653.220220763236284 ], [ 261629.069781612197403, 2658611.315862335264683 ], [ 261615.802416537713725, 2658564.119338241871446 ], [ 261608.264276570669608, 2658527.435173453297466 ], [ 261607.373501840658719, 2658512.065633497666568 ], [ 261622.975979287963128, 2658434.10182754136622 ], [ 261633.840350954909809, 2658392.083320979494601 ], [ 261640.464988560619531, 2658350.718300942331553 ], [ 261661.55494523132802, 2658286.587337255943567 ], [ 261667.859279557014816, 2658230.215848150663078 ], [ 261674.186366497800918, 2658169.027201048098505 ], [ 261681.110316484729992, 2658156.368512004613876 ], [ 261689.276872252317844, 2658146.24800624139607 ], [ 261699.405647815117845, 2658134.271609427407384 ], [ 261709.051758490590146, 2658126.058958224020898 ], [ 261719.809838298038812, 2658117.197085302788764 ], [ 261736.641044160583988, 2658105.640665748622268 ], [ 261744.710590582253644, 2658096.835987333673984 ], [ 261749.837350809102645, 2658087.906560472678393 ], [ 261755.707856899069156, 2658081.588335887528956 ], [ 261759.624045908625703, 2658071.621080306824297 ], [ 261762.19931781894411, 2658063.309003082104027 ], [ 261767.054291671549436, 2658047.504093213472515 ], [ 261772.908433381642681, 2658028.675358900800347 ], [ 261778.976361703535076, 2658005.212994033005089 ], [ 261779.292532486608252, 2657993.633371540345252 ], [ 261781.81967887817882, 2657983.070279712323099 ], [ 261781.991170387569582, 2657979.375996347051114 ], [ 261782.51081976556452, 2657968.542819569818676 ], [ 261783.934351022588089, 2657938.486071646679193 ], [ 261790.924652956571663, 2657923.073463886976242 ], [ 261787.748083642742131, 2657900.246105664409697 ], [ 261775.533705362759065, 2657802.670324831269681 ], [ 261778.573443980305456, 2657733.982706620823592 ], [ 261776.18379661423387, 2657724.587697671260685 ], [ 261769.975228529860033, 2657700.386159112211317 ], [ 261739.983049756323453, 2657652.107419621199369 ], [ 261724.412861906457692, 2657628.918708630371839 ], [ 261719.243957621598383, 2657621.209362051449716 ], [ 261714.884116192348301, 2657610.355249397456646 ], [ 261712.208359357609879, 2657602.217683881055564 ], [ 261716.523482561751734, 2657590.427884470205754 ], [ 261702.048849759215955, 2657580.477252732496709 ], [ 261697.076794531400083, 2657567.321566144470125 ], [ 261693.214233453269117, 2657556.331639721989632 ], [ 261691.34769201776362, 2657553.869443107862025 ], [ 261685.62279518097057, 2657546.484718397259712 ], [ 261683.150900647189701, 2657539.093483203556389 ], [ 261679.560998865577858, 2657532.10115217231214 ], [ 261678.370281171490205, 2657526.12132347933948 ], [ 261659.052447978814598, 2657500.25989439804107 ], [ 261657.302769355854252, 2657494.479629335924983 ], [ 261647.354289880109718, 2657462.100438435096294 ], [ 261638.260143927414902, 2657466.860780246555805 ], [ 261620.424337720149197, 2657472.370487397070974 ], [ 261611.969767205242533, 2657468.98517582565546 ], [ 261599.498891988507239, 2657464.99714882671833 ], [ 261584.827518147503724, 2657460.49318604497239 ], [ 261576.447324051725445, 2657457.669334198348224 ], [ 261566.021308722149115, 2657455.701974225696176 ], [ 261557.58152589132078, 2657453.004337466787547 ], [ 261542.990009124885546, 2657449.3120775250718 ], [ 261534.555401445250027, 2657446.864570081233978 ], [ 261523.044916417537024, 2657443.919370147865266 ], [ 261510.38117445629905, 2657439.685423521324992 ], [ 261500.928719325398561, 2657436.446442487183958 ], [ 261489.74956118222326, 2657434.370238637086004 ], [ 261454.766924413008383, 2657407.278803650289774 ], [ 261453.174167873279657, 2657405.936542637180537 ], [ 261433.291503988963086, 2657388.782486210111529 ], [ 261401.64646665280452, 2657362.745828835293651 ], [ 261395.711504506092751, 2657360.182492647785693 ], [ 261379.059345652320189, 2657353.718979243654758 ], [ 261367.644761164643569, 2657349.395735063124448 ], [ 261363.481694715825142, 2657347.795376046095043 ], [ 261356.291197699611075, 2657345.008765080943704 ], [ 261347.813762463367311, 2657340.560226117726415 ], [ 261338.486451366799884, 2657337.318480272311717 ], [ 261321.743758052878547, 2657329.543248315807432 ], [ 261305.036767008801689, 2657320.516201562713832 ], [ 261292.559215789078735, 2657316.215500745922327 ], [ 261276.904382661887212, 2657309.605710950680077 ], [ 261256.134563230967615, 2657300.727577817626297 ], [ 261238.479021462670062, 2657294.160278811119497 ], [ 261225.060767207556637, 2657289.754652405157685 ], [ 261213.705854269384872, 2657285.305091851390898 ], [ 261202.045086785685271, 2657281.174669867381454 ], [ 261188.831867705623154, 2657277.57798468042165 ], [ 261176.41152088236413, 2657273.025887753348798 ], [ 261166.082430162059609, 2657269.742894847877324 ], [ 261156.812410473270575, 2657266.249877766240388 ], [ 261144.41985271309386, 2657263.010855388827622 ], [ 261133.15288421252626, 2657259.74785433569923 ], [ 261112.579757899511606, 2657251.303656331263483 ], [ 261110.257051556021906, 2657250.915140897035599 ], [ 261101.038790185149992, 2657246.920554278884083 ], [ 261087.551418650837149, 2657242.203613199293613 ], [ 261078.2545793983154, 2657237.459851676598191 ], [ 261058.584994122124044, 2657230.310058993287385 ], [ 261054.101473190879915, 2657228.341155834961683 ], [ 261044.565394983364968, 2657224.102922432124615 ], [ 261031.646074322721688, 2657219.624203534331173 ], [ 261009.033429697563406, 2657212.349299774970859 ], [ 260994.453790135681629, 2657206.279429481830448 ], [ 260984.269789093959844, 2657203.931679893285036 ], [ 260956.499485120904865, 2657195.327949678525329 ], [ 260947.475513661163859, 2657191.641801110934466 ], [ 260943.247677875129739, 2657189.917867002543062 ], [ 260940.923300576396286, 2657189.466909910552204 ], [ 260927.732645724667236, 2657186.933273315429688 ], [ 260875.221516175370198, 2657176.855143970809877 ], [ 260813.816450034006266, 2657160.397990561556071 ], [ 260737.640369070577435, 2657140.62767757056281 ], [ 260710.858423851139378, 2657134.380052899476141 ], [ 260695.833079594449373, 2657130.884336037561297 ], [ 260682.254031171061797, 2657127.733226624783128 ], [ 260670.307157474890118, 2657124.860120555851609 ], [ 260668.234425532689784, 2657124.466497426852584 ], [ 260649.075743499153759, 2657120.746172449551523 ], [ 260635.507271909213159, 2657118.095226160250604 ], [ 260623.383444856008282, 2657115.726300103124231 ], [ 260601.799385455524316, 2657109.743112822528929 ], [ 260588.836113318015123, 2657106.140997189097106 ], [ 260551.395160443760687, 2657095.804134185425937 ], [ 260486.721051215747138, 2657072.723365011159331 ], [ 260454.23203884094255, 2657068.724227825645357 ], [ 260431.333243277331349, 2657056.826184574514627 ], [ 260394.734464426408522, 2657047.847640087362379 ], [ 260391.339294148841873, 2657047.044145892839879 ], [ 260385.51612550028949, 2657043.852706292644143 ], [ 260367.091604681190802, 2657036.425999880302697 ], [ 260362.359350149956299, 2657034.525175306946039 ], [ 260348.035014323279029, 2657028.699964820872992 ], [ 260301.875701224664226, 2657005.537228687666357 ], [ 260269.077383407537127, 2656987.031786788254976 ], [ 260267.121655528870178, 2656986.260065684560686 ], [ 260249.941008139809128, 2656978.494095851667225 ], [ 260240.529836849716958, 2656974.253268249332905 ], [ 260222.021316752885468, 2656965.827208099421114 ], [ 260210.042425621097209, 2656961.453436740208417 ], [ 260191.758975185337476, 2656954.77430209890008 ], [ 260187.093304115114734, 2656953.059791937004775 ], [ 260166.602622379519744, 2656945.551911764312536 ], [ 260155.632274994597537, 2656941.531831698957831 ], [ 260145.796715643722564, 2656937.925566541496664 ], [ 260136.165970500238473, 2656935.128211885690689 ], [ 260128.121105372178135, 2656930.42022165749222 ], [ 260108.782535289064981, 2656924.139044862706214 ], [ 260097.420941343327286, 2656919.376607912126929 ], [ 260086.185752223391319, 2656914.674113830085844 ], [ 260074.882666510326089, 2656906.78281580703333 ], [ 260061.582787230407121, 2656902.061859538778663 ], [ 260052.348514698300278, 2656897.316772908437997 ], [ 260046.288613925047684, 2656894.756046040914953 ], [ 260035.521540954854572, 2656885.601996225770563 ], [ 260027.456408376456238, 2656877.016214875038713 ], [ 260017.869183882517973, 2656861.581508554052562 ], [ 260008.311308162141358, 2656847.522443922702223 ], [ 259998.851926247065421, 2656835.150230942294002 ], [ 259983.131612494209548, 2656819.596061332151294 ], [ 259977.804496654425748, 2656810.326260758563876 ], [ 259968.442247137718368, 2656802.518626854289323 ], [ 259960.083379648363916, 2656794.814847810193896 ], [ 259955.55598913889844, 2656790.78252409864217 ], [ 259947.649247496679891, 2656783.757075501605868 ], [ 259930.863230848190142, 2656765.160401507280767 ], [ 259921.469248185312608, 2656755.851981948595494 ], [ 259903.439461571688298, 2656740.534730578772724 ], [ 259894.106472652114462, 2656731.162696300074458 ], [ 259892.193366374820471, 2656729.451758843380958 ], [ 259884.476910830504494, 2656722.547475339379162 ], [ 259874.655836774414638, 2656713.748648234177381 ], [ 259863.685341925913235, 2656703.848385774996132 ], [ 259852.010900701134233, 2656693.21242209430784 ], [ 259842.747195787262172, 2656684.15151155507192 ], [ 259833.098921026889002, 2656674.661024541128427 ], [ 259822.702975176973268, 2656665.311620998196304 ], [ 259813.370184755563969, 2656655.939294034149498 ], [ 259805.877197410271037, 2656647.779050588607788 ], [ 259796.947048636851832, 2656630.891595056280494 ], [ 259779.926682876423001, 2656607.170222626533359 ], [ 259758.85767451414722, 2656569.585275307763368 ], [ 259737.815242794487858, 2656533.250710241496563 ], [ 259730.036456420377363, 2656491.128599944524467 ], [ 259711.89179982690257, 2656461.613464001566172 ], [ 259697.364362092834199, 2656428.643139577936381 ], [ 259693.650974188232794, 2656418.775895696599036 ], [ 259683.944932388752932, 2656394.836132191121578 ], [ 259680.646747946069809, 2656386.836692903190851 ], [ 259666.566026555083226, 2656345.474340958055109 ], [ 259665.191539655934321, 2656339.686051901895553 ], [ 259648.795802576612914, 2656292.430090281646699 ], [ 259635.032911606365815, 2656245.430908952839673 ], [ 259622.243785005644895, 2656197.160041311755776 ], [ 259607.135829848644789, 2656145.748002974316478 ], [ 259595.868724023341201, 2656098.445443727076054 ], [ 259584.702802454849007, 2656055.894878211431205 ], [ 259577.936548504629172, 2656008.434006037656218 ], [ 259567.305124233651441, 2655952.79784425534308 ], [ 259562.569464740314288, 2655924.310550990048796 ], [ 259561.497200475860154, 2655918.015230877324939 ], [ 259559.565050199569669, 2655906.60867218952626 ], [ 259558.199798932735575, 2655898.317842926364392 ], [ 259543.324489691323834, 2655840.207320190034807 ], [ 259538.67667475156486, 2655815.846840151119977 ], [ 259527.303590673574945, 2655819.342069051694125 ], [ 259523.475845003093127, 2655809.977623586542904 ], [ 259523.54727000623825, 2655798.653448960743845 ], [ 259518.802841476979665, 2655787.369342335499823 ], [ 259515.058858088683337, 2655776.063898334745318 ], [ 259513.257256349461386, 2655764.904802428092808 ], [ 259508.968908292066772, 2655745.666292098350823 ], [ 259503.807861267938279, 2655729.51160971308127 ], [ 259500.456010667083319, 2655710.190560964401811 ], [ 259491.449973178299842, 2655677.978446258697659 ], [ 259486.22235211863881, 2655658.697312163189054 ], [ 259484.322157889895607, 2655645.851260842755437 ], [ 259480.639252004271839, 2655634.4819674664177 ], [ 259475.217489581700647, 2655611.95197322871536 ], [ 259473.22153144524782, 2655597.544131816364825 ], [ 259469.312475249316776, 2655581.425391127355397 ], [ 259464.630090094637126, 2655552.499079946894199 ], [ 259458.909988488827366, 2655521.843294930178672 ], [ 259455.905620381236076, 2655504.141313856467605 ], [ 259447.202658153779339, 2655468.544682932086289 ], [ 259443.675435068667866, 2655455.670658683869988 ], [ 259437.654723095911322, 2655431.464553070254624 ], [ 259431.595707836822839, 2655405.445044169668108 ], [ 259426.155442905030213, 2655390.860346131492406 ], [ 259420.644453068001894, 2655372.961554144974798 ], [ 259414.09854459419148, 2655353.45834652101621 ], [ 259407.781581826624461, 2655338.829645246267319 ], [ 259403.501458297745558, 2655325.846490218304098 ], [ 259398.316604543419089, 2655314.446581308264285 ], [ 259392.970889691234333, 2655301.361205612774938 ], [ 259388.946212151582586, 2655291.563057117629796 ], [ 259384.824514776002616, 2655280.140532877296209 ], [ 259375.615039699710906, 2655258.942370240110904 ], [ 259366.892384401668096, 2655231.228244750294834 ], [ 259361.259222221677192, 2655216.39714883454144 ], [ 259358.139234754053177, 2655205.015869610477239 ], [ 259351.118235556263244, 2655183.771210639737546 ], [ 259341.111782249703538, 2655157.460438826587051 ], [ 259335.259194560698234, 2655141.13301760982722 ], [ 259329.314590852358378, 2655126.371096464339644 ], [ 259323.495259107090533, 2655111.606740277726203 ], [ 259316.700653730717022, 2655095.11142525728792 ], [ 259309.0386518908781, 2655081.95017674099654 ], [ 259305.228230870357947, 2655070.458389913663268 ], [ 259296.618993697018595, 2655053.939265728462487 ], [ 259291.844049733364955, 2655044.157171661034226 ], [ 259283.205476121656829, 2655029.202388395555317 ], [ 259271.892773373896489, 2655006.172472333535552 ], [ 259266.23840174311772, 2654996.221436887979507 ], [ 259257.449416312942049, 2654974.201259626075625 ], [ 259246.530562201282009, 2654954.978774881921709 ], [ 259238.140898335666861, 2654939.956224172841758 ], [ 259235.426685271319002, 2654930.005109284538776 ], [ 259231.770553103851853, 2654916.946012344677001 ], [ 259228.337881951971212, 2654905.57133180834353 ], [ 259227.184259058645694, 2654895.461913560051471 ], [ 259224.627017464517849, 2654884.068424986675382 ], [ 259220.027420299127698, 2654870.779518408700824 ], [ 259218.46399085430312, 2654856.112111011985689 ], [ 259214.045548531139502, 2654839.566264342050999 ], [ 259207.890747528726934, 2654814.924877967685461 ], [ 259206.441409496736014, 2654796.814390108920634 ], [ 259202.873157362046186, 2654782.002045417204499 ], [ 259197.405079523770837, 2654771.984513336792588 ], [ 259193.015587487141602, 2654753.873896996956319 ], [ 259189.428791208803887, 2654744.066540420986712 ], [ 259186.066606712760404, 2654724.245284697040915 ], [ 259183.651670578925405, 2654707.781904933974147 ], [ 259180.060788742441218, 2654697.786797369364649 ], [ 259173.795686750789173, 2654679.716122020501643 ], [ 259166.56072742518154, 2654663.105250721797347 ], [ 259164.156264765741071, 2654653.02228308422491 ], [ 259136.46066572132986, 2654595.059379590675235 ], [ 259119.400051745265955, 2654525.359755944926292 ], [ 259118.646921119448962, 2654522.310435921885073 ], [ 259117.618474185932428, 2654518.078649156726897 ], [ 259108.226794923539273, 2654497.134411131963134 ], [ 259102.380973723746138, 2654484.059499216731638 ], [ 259086.292016708641313, 2654448.244610221590847 ], [ 259084.209809882682748, 2654444.473106586840004 ], [ 259080.048204178834567, 2654437.054934199899435 ], [ 259073.73015069734538, 2654422.363621946424246 ], [ 259068.170044080208754, 2654410.971644432749599 ], [ 259062.73552018115879, 2654399.577003312297165 ], [ 259057.147463987756055, 2654389.812060086987913 ], [ 259049.742509963485645, 2654379.898150494787842 ], [ 259044.271844251517905, 2654366.815285378135741 ], [ 259038.656039825931657, 2654358.677597075235099 ], [ 259031.163145670376252, 2654350.517059455160052 ], [ 259019.190756140771555, 2654325.874565169680864 ], [ 259014.601946621842217, 2654316.025684182997793 ], [ 259002.637394701567246, 2654294.698576730675995 ], [ 258989.583493991434807, 2654275.083726019132882 ], [ 258984.993498828465817, 2654265.172375187743455 ], [ 258976.643624080170412, 2654252.025577888358384 ], [ 258970.172595370531781, 2654238.963984154164791 ], [ 258962.694105790986214, 2654225.611062851734459 ], [ 258958.984991142642684, 2654215.931344169657677 ], [ 258950.716329525079345, 2654197.778290338814259 ], [ 258946.184952197538223, 2654184.737940028309822 ], [ 258940.281781449972186, 2654174.854664666112512 ], [ 258937.274929171020631, 2654168.788139464799315 ], [ 258934.530252495489549, 2654163.279117265716195 ], [ 258930.678721214964753, 2654149.848814223427325 ], [ 258923.881383171130437, 2654136.16853547655046 ], [ 258918.106189315352822, 2654117.58739163633436 ], [ 258910.329692130588228, 2654101.988529499620199 ], [ 258906.53916238466627, 2654088.494486289098859 ], [ 258903.569735469471198, 2654078.298488334286958 ], [ 258895.826280988461804, 2654049.562355977948755 ], [ 258888.080675648176111, 2654032.46185419568792 ], [ 258884.19583441465511, 2654020.408585449215025 ], [ 258875.555966383806663, 2653996.570770490448922 ], [ 258866.744522898632567, 2653979.367642865050584 ], [ 258859.008221197378589, 2653965.64478049846366 ], [ 258844.332250719657168, 2653943.311903249006718 ], [ 258840.485902221989818, 2653933.07193499058485 ], [ 258832.759034466347657, 2653922.727042727172375 ], [ 258823.956980377610307, 2653908.901672650128603 ], [ 258812.302686738257762, 2653893.323092000558972 ], [ 258805.488370257371571, 2653884.710203860420734 ], [ 258796.115492294426076, 2653870.52179949497804 ], [ 258771.709274086577352, 2653843.641866311430931 ], [ 258763.382056468952214, 2653834.49807796953246 ], [ 258756.143507937405957, 2653826.519857095554471 ], [ 258742.542743157566292, 2653810.607295443769544 ], [ 258728.557591295393649, 2653794.265068584587425 ], [ 258716.605168625392253, 2653782.321111366618425 ], [ 258707.849938200815814, 2653773.624463258776814 ], [ 258698.116466380452039, 2653763.071834027767181 ], [ 258686.374348201788962, 2653749.246700019575655 ], [ 258675.583488999574911, 2653738.966851363424212 ], [ 258667.739466977509437, 2653731.939736136235297 ], [ 258653.018565563805168, 2653716.301289312541485 ], [ 258639.335243870213162, 2653702.392402421683073 ], [ 258633.519983360078186, 2653693.695720660500228 ], [ 258618.775183327670675, 2653679.871758249588311 ], [ 258610.021086085849674, 2653671.237524827942252 ], [ 258602.113251092727296, 2653664.149571076966822 ], [ 258593.324636301811552, 2653653.889694082085043 ], [ 258577.700365411874373, 2653639.896741650532931 ], [ 258570.760909469012404, 2653631.286602051928639 ], [ 258560.978358982567443, 2653624.300819348543882 ], [ 258549.635409137175884, 2653611.593099835794419 ], [ 258541.332471921487013, 2653603.574825697112828 ], [ 258533.427075525454711, 2653596.611743804533035 ], [ 258522.608209512603935, 2653587.959026910364628 ], [ 258511.877397729957011, 2653577.552831780165434 ], [ 258502.971664539858466, 2653570.611043919343501 ], [ 258495.12882397530484, 2653563.646482795476913 ], [ 258478.383238286391133, 2653549.865092575084418 ], [ 258467.589567514864029, 2653539.460316051263362 ], [ 258458.710511884622974, 2653530.828928041737527 ], [ 258442.965164505789289, 2653517.026290604844689 ], [ 258430.10822086877306, 2653506.665382429026067 ], [ 258412.384628141182475, 2653491.02808078750968 ], [ 258404.481924418825656, 2653484.190005419775844 ], [ 258396.641911877173698, 2653477.350655776914209 ], [ 258389.121256548300153, 2653470.81708068959415 ], [ 258382.747137234604452, 2653465.260142202489078 ], [ 258374.904585497832159, 2653458.295520090032369 ], [ 258364.025944064138457, 2653449.769236070569605 ], [ 258358.152004496572772, 2653441.261562197003514 ], [ 258349.210526952898363, 2653432.631281884852797 ], [ 258338.363656549103325, 2653425.605610572267324 ], [ 258327.430390458845068, 2653420.395902949851006 ], [ 258317.683965344243916, 2653415.098273381590843 ], [ 258303.744082177989185, 2653409.702457698062062 ], [ 258293.936402936175, 2653404.46870393678546 ], [ 258280.132208995055407, 2653393.690169508568943 ], [ 258267.353592094354099, 2653389.958556822966784 ], [ 258262.805269867036259, 2653387.865808384958655 ], [ 258258.004896222555544, 2653385.71592208230868 ], [ 258239.936736829695292, 2653374.46501027001068 ], [ 258236.894332591531565, 2653372.590660663321614 ], [ 258212.804857663169969, 2653357.651731597259641 ], [ 258203.835080622171517, 2653350.648685690481216 ], [ 258195.995097718696343, 2653343.809318088926375 ], [ 258185.415837697888492, 2653337.591246387921274 ], [ 258173.869227481802227, 2653327.077240116894245 ], [ 258166.022310842381557, 2653319.924966944847256 ], [ 258156.899853638082277, 2653311.611541256774217 ], [ 258075.88102122550481, 2653237.7674974007532 ], [ 258031.175508506508777, 2653215.322800826281309 ], [ 258026.745381237386027, 2653212.914755085948855 ], [ 258018.945139787974767, 2653196.190599834080786 ], [ 258018.684349591901992, 2653192.755476539488882 ], [ 258016.343913421675097, 2653170.972829923033714 ], [ 258006.556287959159818, 2653169.617237199097872 ], [ 258005.638317629665835, 2653167.634944502264261 ], [ 257994.107796262920601, 2653160.811625901143998 ], [ 257992.016247576917522, 2653159.542250976897776 ], [ 257984.233617759688059, 2653152.451360770501196 ], [ 257975.0816527736024, 2653145.702381965238601 ], [ 257965.859221196005819, 2653138.579507490154356 ], [ 257962.042382431798615, 2653135.595445844344795 ], [ 257944.809850468707737, 2653125.390309622511268 ], [ 257928.607976200379198, 2653113.661672701593488 ], [ 257910.24703643360408, 2653097.474843590985984 ], [ 257900.307693596143508, 2653091.931063720025122 ], [ 257885.932811327103991, 2653083.729386686813086 ], [ 257871.431403141526971, 2653072.527586007956415 ], [ 257839.754357758763945, 2653047.928718497976661 ], [ 257819.155934238689952, 2653026.534820353612304 ], [ 257804.388330799323739, 2653011.647724908776581 ], [ 257800.99181134623359, 2653007.841486593708396 ], [ 257769.326778611255577, 2652972.044796575326473 ], [ 257713.403259716549655, 2652901.607311514671892 ], [ 257651.422136619570665, 2652816.97313751000911 ], [ 257627.621039016637951, 2652777.380673055071384 ], [ 257619.029205003054813, 2652735.212417406029999 ], [ 257605.530866317451, 2652709.41343700280413 ], [ 257588.43901537678903, 2652670.554000534117222 ], [ 257573.177951952326111, 2652635.408891433384269 ], [ 257572.387614637089428, 2652633.549011126626283 ], [ 257569.732308904465754, 2652620.468592775985599 ], [ 257567.15376446742448, 2652587.493217051960528 ], [ 257563.918049081461504, 2652573.611814107280225 ], [ 257563.775751447246876, 2652569.861538770142943 ], [ 257562.470536503591575, 2652540.862878174521029 ], [ 257559.214887284877477, 2652526.043587026186287 ], [ 257559.776321129320422, 2652496.567259925417602 ], [ 257557.428040949103888, 2652468.52910862583667 ], [ 257554.207084936468164, 2652452.395361308008432 ], [ 257553.946298309339909, 2652431.319228382315487 ], [ 257552.316525819682283, 2652413.525144363287836 ], [ 257551.667219519120408, 2652406.532615240197629 ], [ 257548.196362204645993, 2652369.822857930324972 ], [ 257548.772288786160061, 2652349.854976567905396 ], [ 257545.584556948131649, 2652329.40407851850614 ], [ 257544.134425276046386, 2652290.649641869124025 ], [ 257542.744062246580143, 2652260.589207367040217 ], [ 257541.408231402514502, 2652233.092651879414916 ], [ 257538.18335677110008, 2652210.890814579557627 ], [ 257538.777977549878415, 2652182.977791040670127 ], [ 257539.491199002717622, 2652157.689617557451129 ], [ 257538.675599497946678, 2652134.06028275936842 ], [ 257538.039730752760079, 2652115.932379231322557 ], [ 257537.993175008508842, 2652113.743900230620056 ], [ 257537.685760853812099, 2652090.479296045377851 ], [ 257536.379396716220072, 2652064.358058741781861 ], [ 257536.203781662101392, 2652050.224046208430082 ], [ 257535.402868120145286, 2651989.06025821575895 ], [ 257536.094645617733477, 2651962.771621316671371 ], [ 257535.824672710208688, 2651944.19806692795828 ], [ 257535.657026389439125, 2651933.379234171006829 ], [ 257536.275631425436586, 2651903.651308818720281 ], [ 257536.755967066303128, 2651864.480533444788307 ], [ 257535.44689673074754, 2651841.17457569250837 ], [ 257535.132941116549773, 2651811.716830820776522 ], [ 257535.63194118818501, 2651779.301804673392326 ], [ 257535.540212909865659, 2651772.047100197058171 ], [ 257534.502557136613177, 2651746.79606092069298 ], [ 257535.708051812282065, 2651718.181946651544422 ], [ 257536.351988013659138, 2651689.642145934514701 ], [ 257536.936040423694067, 2651664.169126493856311 ], [ 257536.763156786211766, 2651656.040398767217994 ], [ 257536.340058562753256, 2651630.275903612840921 ], [ 257536.60236835028627, 2651589.670740404631943 ], [ 257537.237048397335457, 2651587.154834776185453 ], [ 257537.093386201857356, 2651553.940216407179832 ], [ 257536.650554255000316, 2651533.118274191394448 ], [ 257538.31092044027173, 2651508.24783135112375 ], [ 257538.852514455880737, 2651486.653980898205191 ], [ 257538.492015794618055, 2651466.768652184400707 ], [ 257538.896616976824589, 2651450.495088399387896 ], [ 257538.979186209995532, 2651445.551366846077144 ], [ 257538.598875102441525, 2651424.728038758970797 ], [ 257539.19618199946126, 2651402.820212897378951 ], [ 257538.684286451374646, 2651378.746627861168236 ], [ 257539.294897049257997, 2651360.404539785347879 ], [ 257539.511825411085738, 2651329.434159281197935 ], [ 257538.713768663961673, 2651303.677670949138701 ], [ 257538.599376615602523, 2651301.240464535541832 ], [ 257536.99113386272802, 2651281.50664149876684 ], [ 257534.855873566441005, 2651254.652459911070764 ], [ 257534.507373484288109, 2651244.150282043032348 ], [ 257533.876834140304709, 2651238.033168463036418 ], [ 257530.046942697226768, 2651199.141679860185832 ], [ 257530.379934668366332, 2651129.508576209656894 ], [ 257530.447953696508193, 2651112.116210428532213 ], [ 257530.49061342261848, 2651093.535952523816377 ], [ 257530.430846977047622, 2651081.901633935980499 ], [ 257523.083694271132117, 2651012.932377523276955 ], [ 257513.461127287766431, 2650969.347124109510332 ], [ 257510.341979462769814, 2650913.862769920378923 ], [ 257509.078443970764056, 2650863.280974550172687 ], [ 257510.501150438532932, 2650806.63663042197004 ], [ 257509.100534663069993, 2650787.836754321120679 ], [ 257508.223908053361811, 2650776.032182230614126 ], [ 257507.195542607281823, 2650762.979688658379018 ], [ 257505.71754585558665, 2650752.313869250938296 ], [ 257505.82416665769415, 2650736.734918466303498 ], [ 257505.269500560010783, 2650725.361275929491967 ], [ 257505.67803763464326, 2650712.21569856768474 ], [ 257503.118664034758694, 2650700.696961647830904 ], [ 257503.30498924467247, 2650685.929563413839787 ], [ 257501.61549797776388, 2650671.20193984452635 ], [ 257501.863174439116847, 2650656.370676770340651 ], [ 257499.246428632643074, 2650645.103449278976768 ], [ 257497.884112007392105, 2650642.817856911104172 ], [ 257497.251071384293027, 2650624.814812607131898 ], [ 257494.98356065916596, 2650559.365953997708857 ], [ 257492.601642510329839, 2650485.599348968826234 ], [ 257490.935369195562089, 2650424.89185116905719 ], [ 257487.59294776522438, 2650355.962574189063162 ], [ 257481.362057348160306, 2650295.352236642036587 ], [ 257476.2211564425088, 2650218.328575012274086 ], [ 257465.488196839345619, 2650169.574762926436961 ], [ 257464.521050852054032, 2650165.278950527776033 ], [ 257461.613002737169154, 2650152.078699401579797 ], [ 257458.167763840931002, 2650113.61666209762916 ], [ 257458.931723379122559, 2650096.584875243250281 ], [ 257457.040093939867802, 2650081.173652257304639 ], [ 257456.368473539565457, 2650070.177744758315384 ], [ 257456.666607736784499, 2650057.722608782816678 ], [ 257456.386343452555593, 2650035.708518884144723 ], [ 257454.488103643554496, 2650019.984482278116047 ], [ 257453.654052978730761, 2650007.240530382376164 ], [ 257453.783397684834199, 2649989.784315805416554 ], [ 257453.723857758159284, 2649972.269792678765953 ], [ 257452.788868134579388, 2649954.773491148836911 ], [ 257452.986036539281486, 2649940.506445036735386 ], [ 257453.020813708077185, 2649921.550916122272611 ], [ 257452.216256317711668, 2649907.242503550834954 ], [ 257452.510423324565636, 2649894.599726018030196 ], [ 257452.321827666135505, 2649873.95979000069201 ], [ 257451.710106647602515, 2649862.837768868077546 ], [ 257451.940404955297709, 2649850.133685107342899 ], [ 257451.911426911508897, 2649831.117070994805545 ], [ 257451.142719565075822, 2649818.496899580582976 ], [ 257451.595243707910413, 2649807.414636775385588 ], [ 257450.920808406284777, 2649796.293786257505417 ], [ 257451.119456607295433, 2649782.089103758800775 ], [ 257452.412757151410915, 2649769.362636495381594 ], [ 257451.74240795802325, 2649758.429317605681717 ], [ 257451.956891454581637, 2649744.9749910752289 ], [ 257451.233408619125839, 2649731.540716181509197 ], [ 257451.526232588337734, 2649718.835246375761926 ], [ 257451.327087631740142, 2649703.575619075912982 ], [ 257452.182627991685877, 2649696.738750019576401 ], [ 257452.474200303026009, 2649683.970916440710425 ], [ 257453.799381042947061, 2649672.745047709904611 ], [ 257456.936791902553523, 2649658.477885853033513 ], [ 257453.245180829282617, 2649646.670553151983768 ], [ 257453.015242843364831, 2649635.853017975110561 ], [ 257452.012281526520383, 2649626.928750114981085 ], [ 257448.025734867958818, 2649595.359564460348338 ], [ 257444.384518165170448, 2649585.928241806104779 ], [ 257444.00822977401549, 2649571.172909218352288 ], [ 257438.305219286412466, 2649553.027565940283239 ], [ 257436.218060516141122, 2649537.244891808833927 ], [ 257434.289352981984848, 2649523.022950815968215 ], [ 257428.850979247130454, 2649502.619721380993724 ], [ 257428.792838868015679, 2649485.167678903788328 ], [ 257424.803230808814988, 2649471.114511739928275 ], [ 257421.778171304205898, 2649455.351888808421791 ], [ 257415.990147044038167, 2649430.264450549148023 ], [ 257410.551831091608619, 2649409.861334032844752 ], [ 257406.855182043189416, 2649386.043135055340827 ], [ 257405.99197932088282, 2649371.923539455514401 ], [ 257401.072689441556577, 2649346.504960413556546 ], [ 257395.256825167511124, 2649320.104240488726646 ], [ 257392.947592426207848, 2649302.699857528787106 ], [ 257392.935734856291674, 2649296.256827341858298 ], [ 257392.957145044900244, 2649288.436650983057916 ], [ 257388.875920151040191, 2649273.009337570052594 ], [ 257388.816353006084682, 2649258.434705406427383 ], [ 257382.900303674803581, 2649244.985523287672549 ], [ 257379.5015067596687, 2649226.353270949330181 ], [ 257377.51420755131403, 2649212.32025545462966 ], [ 257375.560129848541692, 2649199.85030951583758 ], [ 257372.065681354113622, 2649179.656153743155301 ], [ 257368.247633311402751, 2649167.788801805116236 ], [ 257365.910585687146522, 2649149.07135665602982 ], [ 257359.30307944881497, 2649126.628826309461147 ], [ 257355.391791867936263, 2649113.324745682068169 ], [ 257351.575079369999003, 2649101.519869868177921 ], [ 257348.743103643500945, 2649086.003534912597388 ], [ 257349.187547352776164, 2649083.366522284224629 ], [ 257344.305510736041469, 2649068.519198368769139 ], [ 257339.38072158000432, 2649042.850292273331434 ], [ 257337.118059735017596, 2649027.634497310966253 ], [ 257331.571898783586221, 2649016.867534058634192 ], [ 257328.24904297143803, 2648998.859079694375396 ], [ 257324.64283408402116, 2648976.352674284949899 ], [ 257319.104511560231913, 2648965.960781597066671 ], [ 257314.715952435566578, 2648956.670415623113513 ], [ 257313.76622984703863, 2648944.366786021273583 ], [ 257308.877317374222912, 2648929.206880330573767 ], [ 257306.035813373688143, 2648916.192895888816565 ], [ 257302.329688876052387, 2648903.697699991054833 ], [ 257298.719303529214812, 2648892.764296425506473 ], [ 257294.33984065905679, 2648883.911698794458061 ], [ 257291.024930331361247, 2648863.338320629205555 ], [ 257287.290894779958762, 2648849.529842508025467 ], [ 257287.426857255632058, 2648838.266766650602221 ], [ 257280.844438097439706, 2648822.892580670770258 ], [ 257277.11164770310279, 2648809.14669007062912 ], [ 257274.651870175817749, 2648799.377627856098115 ], [ 257269.768463776184944, 2648781.527517137117684 ], [ 257264.857158839877229, 2648762.364233608357608 ], [ 257261.282713322958443, 2648750.179079168941826 ], [ 257257.128087235760177, 2648740.132929040119052 ], [ 257256.30219821157516, 2648727.764268301893026 ], [ 257253.906376251485199, 2648718.056291321758181 ], [ 257250.397153172263643, 2648705.994807632640004 ], [ 257246.10293465241557, 2648692.323340547271073 ], [ 257245.935339985822793, 2648690.325176559388638 ], [ 257239.883984664367745, 2648664.617698085028678 ], [ 257233.420296360069187, 2648637.167285853531212 ], [ 257232.429517522599781, 2648622.925408760551363 ], [ 257229.357976197323296, 2648610.854648846201599 ], [ 257227.792464962112717, 2648599.002002728171647 ], [ 257226.189631851419108, 2648585.398645249195397 ], [ 257221.94056061853189, 2648573.853404439520091 ], [ 257219.189810672629392, 2648556.270664748270065 ], [ 257218.421066157810856, 2648543.650499197188765 ], [ 257216.066608597000595, 2648535.88076843554154 ], [ 257214.822815080697183, 2648533.279812461230904 ], [ 257212.632054960064124, 2648518.500396627467126 ], [ 257209.339466795150656, 2648507.810512265656143 ], [ 257206.840098903805483, 2648493.225130286067724 ], [ 257205.173367467446951, 2648479.560578541364521 ], [ 257200.315206869883696, 2648471.719130038283765 ], [ 257198.007134993298678, 2648460.257667663041502 ], [ 257193.116679560713237, 2648450.915410196408629 ], [ 257191.144010094198165, 2648443.45049394108355 ], [ 257187.608163669588976, 2648430.138429545797408 ], [ 257184.471500404382823, 2648420.884108273778111 ], [ 257178.616437035932904, 2648410.311215361580253 ], [ 257174.583036551775876, 2648400.074874655809253 ], [ 257173.324797795561608, 2648390.905828020535409 ], [ 257170.919512269931147, 2648386.640420171432197 ], [ 257167.344886082340963, 2648380.335601719561964 ], [ 257162.545003152394202, 2648372.30513306800276 ], [ 257155.536828902171692, 2648357.502968025393784 ], [ 257148.647063509386498, 2648342.385213573928922 ], [ 257145.567532754241256, 2648332.879502548836172 ], [ 257145.597028908727225, 2648328.374713070224971 ], [ 257145.673241021839203, 2648317.237856925465167 ], [ 257135.877281942550326, 2648318.44700890686363 ], [ 257127.691587438981514, 2648310.050588145386428 ], [ 257120.975869231449906, 2648303.12436755001545 ], [ 257087.82051855608006, 2648270.736133863218129 ], [ 257066.247282796888612, 2648250.550638373475522 ], [ 257041.799230343836825, 2648227.548681379761547 ], [ 257033.984648221055977, 2648216.016438153572381 ], [ 257027.513964114245027, 2648202.954357402864844 ], [ 257024.427623002498876, 2648199.016177993733436 ], [ 257017.41798315232154, 2648190.031803909689188 ], [ 257009.894766037352383, 2648180.43270178604871 ], [ 256999.263992263760883, 2648165.895065659191459 ], [ 256988.631098297366407, 2648174.816395072732121 ], [ 256986.670178922067862, 2648173.794646543450654 ], [ 256970.237313922261819, 2648162.946032467763871 ], [ 256962.416062129923375, 2648156.981667065992951 ], [ 256944.941447679244447, 2648147.156180806923658 ], [ 256932.254886550043011, 2648138.917859313078225 ], [ 256921.399163159396267, 2648131.45405588997528 ], [ 256910.605739768536296, 2648123.98876256076619 ], [ 256901.866500688687665, 2648118.982055582106113 ], [ 256899.71392262444715, 2648117.776734514627606 ], [ 256890.755219537822995, 2648111.273495092056692 ], [ 256876.895233063900378, 2648103.748290165327489 ], [ 256863.025991907838034, 2648095.785334234125912 ], [ 256844.058824235136854, 2648083.426613016054034 ], [ 256827.894860300148139, 2648070.507878682110459 ], [ 256815.698171187366825, 2648058.818614333402365 ], [ 256807.532187840726692, 2648051.36023534508422 ], [ 256798.336710328701884, 2648042.547346808947623 ], [ 256790.233629926922731, 2648035.087357439566404 ], [ 256774.706822238018503, 2648016.837809316813946 ], [ 256761.46297939150827, 2648005.921471272129565 ], [ 256748.602550020470517, 2647986.551523201167583 ], [ 256733.235911022435175, 2647958.164314683526754 ], [ 256724.267002244654577, 2647939.39991221530363 ], [ 256706.890516588842729, 2647895.916455624159425 ], [ 256695.901927981321933, 2647876.319165712222457 ], [ 256692.408529456646647, 2647867.948010443709791 ], [ 256685.556213715521153, 2647851.641123230569065 ], [ 256680.53560260188533, 2647839.111205360386521 ], [ 256675.248942108708434, 2647825.836164792068303 ], [ 256663.591206512617646, 2647810.069164462853223 ], [ 256651.279146069224225, 2647784.119088294450194 ], [ 256638.976292755512986, 2647758.606893852818757 ], [ 256626.746180504764197, 2647748.294462847523391 ], [ 256614.940841376810567, 2647728.526989184319973 ], [ 256605.160367863165447, 2647709.842419708613306 ], [ 256590.293819604936289, 2647687.32463827682659 ], [ 256578.86874291926506, 2647670.739518401678652 ], [ 256568.311025502538541, 2647656.700751709286124 ], [ 256547.892905917018652, 2647629.046022076625377 ], [ 256534.913984429847915, 2647609.991697358898818 ], [ 256527.609220874059247, 2647598.886509277392179 ], [ 256520.974280461872695, 2647601.654887760058045 ], [ 256508.619104799436172, 2647594.285214341711253 ], [ 256483.953795971086947, 2647581.672016037628055 ], [ 256470.874819832009962, 2647569.688655127771199 ], [ 256460.107074947300134, 2647557.530959924682975 ], [ 256448.321237624244532, 2647547.521947041619569 ], [ 256437.561344105226453, 2647535.739556076005101 ], [ 256426.801327715889784, 2647523.956951967440546 ], [ 256418.138020090467762, 2647516.634272036608309 ], [ 256408.498116428090725, 2647510.457962020300329 ], [ 256396.950423010712257, 2647502.821155593730509 ], [ 256382.587592018739088, 2647495.181534431409091 ], [ 256361.534137341979658, 2647484.743675977457315 ], [ 256346.234708038828103, 2647477.186335911974311 ], [ 256331.99559875234263, 2647469.481501403264701 ], [ 256312.913856793864397, 2647460.565836455207318 ], [ 256288.293871975300135, 2647444.19803528720513 ], [ 256273.048824253608473, 2647439.204650243278593 ], [ 256257.870337727857986, 2647431.456967239733785 ], [ 256247.454850271926261, 2647427.049021617975086 ], [ 256226.456017860327847, 2647416.234768935944885 ], [ 256208.24700192300952, 2647407.175336884334683 ], [ 256190.945234690298093, 2647399.598025963641703 ], [ 256180.409662808757275, 2647398.38293568091467 ], [ 256178.403607582295081, 2647398.175392404198647 ], [ 256156.091507950244704, 2647387.388824784196913 ], [ 256137.599243594770087, 2647379.711868888698518 ], [ 256124.957864830095787, 2647373.599494983907789 ], [ 256115.322852033918025, 2647370.613719938788563 ], [ 256101.73839399049757, 2647361.330797680653632 ], [ 256075.54970958805643, 2647350.626731683965772 ], [ 256063.902223887562286, 2647341.240169056691229 ], [ 256049.383850298530888, 2647335.105184487067163 ], [ 256037.684195937501499, 2647332.100637495983392 ], [ 256027.277834540465847, 2647325.190256929025054 ], [ 255948.873856504360447, 2647291.885817823000252 ], [ 255932.966411492001498, 2647285.154537331312895 ], [ 255900.180173513275804, 2647270.148973317351192 ], [ 255895.960231976641808, 2647265.859685152303427 ], [ 255883.224420583923347, 2647261.187977508176118 ], [ 255866.902140167279867, 2647243.76840148633346 ], [ 255848.466855624894379, 2647235.839719261042774 ], [ 255837.791818515339401, 2647230.999415021389723 ], [ 255827.11656429208233, 2647226.158789233770221 ], [ 255811.555250776844332, 2647218.044047098606825 ], [ 255791.139051380596356, 2647208.155820340383798 ], [ 255761.040178470197134, 2647193.030319592449814 ], [ 255751.360170974541688, 2647187.918638915289193 ], [ 255735.702999892062508, 2647181.182195753324777 ], [ 255712.394415080721956, 2647170.604326093569398 ], [ 255675.394791272090515, 2647154.562266301829368 ], [ 255655.927227275678888, 2647142.213947418611497 ], [ 255643.239190303400392, 2647136.853156117722392 ], [ 255626.71979658442433, 2647127.820412215776742 ], [ 255614.970950222952524, 2647122.502299377694726 ], [ 255606.222345704445615, 2647117.057846499141306 ], [ 255593.497168504807632, 2647109.946256232447922 ], [ 255571.99285680099274, 2647098.892353039234877 ], [ 255563.088511020119768, 2647092.012472594622523 ], [ 255553.339492935512681, 2647086.589266453869641 ], [ 255539.577845492109191, 2647077.810577083844692 ], [ 255520.989865486393683, 2647068.571433851961046 ], [ 255507.229552789271111, 2647059.855578602291644 ], [ 255496.442800493270624, 2647052.702681459952146 ], [ 255475.787182521249633, 2647040.379544804804027 ], [ 255466.914893649984151, 2647035.000321005936712 ], [ 255446.140816535829799, 2647022.992497908882797 ], [ 255433.300012151710689, 2647013.381229534279555 ], [ 255418.426170938590076, 2647005.251628020312637 ], [ 255406.473844722990179, 2647002.127521620132029 ], [ 255397.544453628564952, 2646994.059379883110523 ], [ 255383.609898894064827, 2646985.972450678702444 ], [ 255373.622557349997805, 2646981.11754357162863 ], [ 255364.204663113312563, 2646976.563002486713231 ], [ 255346.760518778668484, 2646968.175570824649185 ], [ 255335.771594676771201, 2646963.278999463655055 ], [ 255316.769483506999677, 2646955.17463695583865 ], [ 255305.683322975528426, 2646948.653927181381732 ], [ 255297.623739951872267, 2646946.197780683636665 ], [ 255273.568743106821785, 2646938.763655012473464 ], [ 255253.377228107565315, 2646930.621990880928934 ], [ 255241.265067087981151, 2646928.81483629019931 ], [ 255213.873302195948781, 2646917.447972733527422 ], [ 255194.669053972378606, 2646911.600092498585582 ], [ 255182.442630090779858, 2646907.355431565549225 ], [ 255164.221279466844862, 2646903.613767447415739 ], [ 255153.998559539497364, 2646899.451696091331542 ], [ 255138.781194598443108, 2646895.771163425873965 ], [ 255123.533473378542112, 2646893.592649266589433 ], [ 255112.223717461281922, 2646891.268076850567013 ], [ 255100.943026346765691, 2646887.378590860869735 ], [ 255082.526186165923718, 2646886.205846954602748 ], [ 255049.740902278397698, 2646877.143035323824733 ], [ 254947.505703534814529, 2646846.971726325340569 ], [ 254933.089395983173745, 2646842.711061365436763 ], [ 254843.210313638293883, 2646828.792730028741062 ], [ 254809.377482765528839, 2646835.203886726871133 ], [ 254780.21690875350032, 2646840.702814252581447 ], [ 254643.534031524788588, 2646843.980774301569909 ], [ 254638.023616112535819, 2646843.722418133169413 ], [ 254616.950934832973871, 2646844.169981609564275 ], [ 254615.214282826636918, 2646853.715749920345843 ], [ 254594.322238682740135, 2646859.727199322078377 ], [ 254579.602458913112059, 2646864.731554160360247 ], [ 254568.346752035315149, 2646867.910801001824439 ], [ 254544.965467444475507, 2646877.478416346944869 ], [ 254530.913302152272081, 2646881.530308553948998 ], [ 254507.090367571043316, 2646890.919588362798095 ], [ 254477.497123505425407, 2646902.558393864426762 ], [ 254450.270749708288349, 2646913.709058376494795 ], [ 254446.461736298108008, 2646914.040161866229028 ], [ 254418.274893093970604, 2646924.147493734490126 ], [ 254406.90890947036678, 2646928.017340671736747 ], [ 254372.79481227544602, 2646941.81662670802325 ], [ 254340.894504398631398, 2646953.817163611296564 ], [ 254327.349310861260165, 2646958.171100653707981 ], [ 254304.709149235510267, 2646964.344731987453997 ], [ 254291.250214034051169, 2646969.822965022642165 ], [ 254267.762577690795297, 2646977.328245138283819 ], [ 254255.364105802815175, 2646979.718580370303243 ], [ 254205.663911726995138, 2646996.038583445362747 ], [ 254192.803904448082903, 2647000.252844649367034 ], [ 254180.941539726045448, 2647004.320634531788528 ], [ 254165.601657807303127, 2647009.588805799372494 ], [ 254145.789819953672122, 2647016.390408397652209 ], [ 254123.853350295306882, 2647023.299955716822296 ], [ 254118.881609277130337, 2647024.844362683594227 ], [ 254100.674252116121352, 2647030.610984419472516 ], [ 254090.381949444825295, 2647032.018121602013707 ], [ 254068.550992965872865, 2647035.04677007952705 ], [ 254066.040298173291376, 2647034.662201806437224 ], [ 254054.593199168128194, 2647037.657988742925227 ], [ 254044.128180196043104, 2647036.816753332968801 ], [ 254026.570167117373785, 2647040.755497368983924 ], [ 254002.827176460210467, 2647042.135500453412533 ], [ 253984.37931625044439, 2647045.404926983173937 ], [ 253974.962481371941976, 2647043.853345084469765 ], [ 253967.995091676450102, 2647042.75019835261628 ], [ 253940.55333108609193, 2647046.711127708200365 ], [ 253929.448126999603119, 2647048.135618176776916 ], [ 253916.20512683322886, 2647046.1021444988437 ], [ 253901.10454118065536, 2647047.924369842279702 ], [ 253881.87057451059809, 2647046.581213980447501 ], [ 253869.953827447810909, 2647048.085353524889797 ], [ 253863.652898675703909, 2647048.907395698595792 ], [ 253852.584991157695185, 2647049.142407684586942 ], [ 253837.561561855865875, 2647051.651189056225121 ], [ 253823.415236719476525, 2647051.263417939655483 ], [ 253807.501635402470129, 2647053.10276563744992 ], [ 253792.584701595566003, 2647054.733249668031931 ], [ 253776.667383666470414, 2647056.385091313160956 ], [ 253765.805708030413371, 2647057.491609883494675 ], [ 253754.06838769064052, 2647058.61667907377705 ], [ 253738.461146868357901, 2647060.136927824467421 ], [ 253725.924372123583453, 2647061.904570510610938 ], [ 253704.682559919805499, 2647063.231593312695622 ], [ 253691.88105543499114, 2647064.316655987408012 ], [ 253685.6372534900147, 2647064.887253304477781 ], [ 253673.333293119736481, 2647065.836708079557866 ], [ 253661.218381754995789, 2647066.844546108972281 ], [ 253645.684074942953885, 2647068.863631486427039 ], [ 253634.296864230564097, 2647068.792680452112108 ], [ 253618.743992091855034, 2647069.936255311127752 ], [ 253600.626045527140377, 2647071.071722399909049 ], [ 253588.105200398393208, 2647073.589855561498553 ], [ 253572.18373500672169, 2647077.994348787236959 ], [ 253561.561455805698643, 2647078.595275366678834 ], [ 253550.24738194400561, 2647079.023343688808382 ], [ 253532.072199324989924, 2647083.350492500234395 ], [ 253522.728417509206338, 2647085.238002177327871 ], [ 253511.515390325250337, 2647087.477920486591756 ], [ 253485.321570321597392, 2647091.287475852761418 ], [ 253470.449894777906593, 2647092.103609992191195 ], [ 253445.00510106884758, 2647095.834797054994851 ], [ 253436.059293483238434, 2647095.837052555289119 ], [ 253425.52608590820455, 2647097.687291057314724 ], [ 253412.523556279425975, 2647101.091253872960806 ], [ 253377.065928434662055, 2647104.659635591786355 ], [ 253355.601771451852983, 2647107.305008078925312 ], [ 253340.815248138387688, 2647109.183061341289431 ], [ 253322.159785750525771, 2647111.518674054648727 ], [ 253318.72851400624495, 2647111.966937090270221 ], [ 253308.122381303925067, 2647113.318197901826352 ], [ 253292.51082092084107, 2647111.710451155900955 ], [ 253284.054684565257048, 2647111.201755395624787 ], [ 253263.137497807270847, 2647110.144729882478714 ], [ 253253.866961620253278, 2647109.590853368397802 ], [ 253243.727777403575601, 2647109.368370337411761 ], [ 253201.736504153959686, 2647102.815687784925103 ], [ 253186.017479130299762, 2647102.023483028169721 ], [ 253164.654510300984839, 2647100.60036942968145 ], [ 253146.291878407268086, 2647096.11079124128446 ], [ 253131.819390218122862, 2647095.104540567845106 ], [ 253108.26528589182999, 2647093.602887514512986 ], [ 253103.108652296912624, 2647092.33586505567655 ], [ 253098.392147204780485, 2647091.184953224379569 ], [ 253085.979353594360873, 2647087.00694334320724 ], [ 253070.19500787826837, 2647086.091098471079022 ], [ 253043.977435523440363, 2647082.894204266835004 ], [ 253034.508779572177446, 2647078.9038056707941 ], [ 253004.962532459234353, 2647072.149449910502881 ], [ 252981.971392552688485, 2647067.695589416660368 ], [ 252950.39367832581047, 2647059.54542884323746 ], [ 252931.187556621618569, 2647053.634917309042066 ], [ 252915.435144352901261, 2647051.279343570116907 ], [ 252892.912321514857467, 2647045.314065689686686 ], [ 252866.197255743609276, 2647039.312721768394113 ], [ 252835.21410254764487, 2647029.711019552778453 ], [ 252819.487137403368251, 2647025.603382280096412 ], [ 252791.468200280447491, 2647017.127309705596417 ], [ 252785.913697879557731, 2647014.805539028719068 ], [ 252775.751919122150866, 2647010.579770599957556 ], [ 252757.715220680693164, 2647006.708713044412434 ], [ 252736.352637373202015, 2646999.405155187938362 ], [ 252719.99764929516823, 2646992.245334052946419 ], [ 252709.289066381403245, 2646988.781874292064458 ], [ 252702.738074677385157, 2646986.668866191525012 ], [ 252691.530456268577836, 2646983.278383661992848 ], [ 252680.116793562105158, 2646976.07628039829433 ], [ 252667.870075291546527, 2646973.833866984583437 ], [ 252653.175871195388027, 2646962.384907557163388 ], [ 252639.588167534442618, 2646955.91702117305249 ], [ 252631.356896431650966, 2646951.274834727402776 ], [ 252627.881732294103131, 2646949.659461971372366 ], [ 252613.601007755438332, 2646942.956185870338231 ], [ 252606.094851908652345, 2646940.050163500010967 ], [ 252601.853513647423824, 2646937.700324276462197 ], [ 252568.993482432124438, 2646919.255225696600974 ], [ 252498.706013499817345, 2646882.336463518906385 ], [ 252419.123890843591653, 2646846.678516356274486 ], [ 252341.341072181763593, 2646798.533045567572117 ], [ 252290.642025370470947, 2646756.068520030938089 ], [ 252260.597720025718445, 2646725.864705150015652 ], [ 252253.940373766061384, 2646718.749174172990024 ], [ 252226.865550205344334, 2646689.921087629161775 ], [ 252216.617486017290503, 2646678.690337089821696 ], [ 252214.782903351908317, 2646677.728396876715124 ], [ 252174.489608335105004, 2646656.875986308325082 ], [ 252143.901169564604061, 2646627.559609735850245 ], [ 252127.872442768712062, 2646612.197472312953323 ], [ 252104.80053561119712, 2646592.167960964143276 ], [ 252083.75756351245218, 2646573.408883779775351 ], [ 252066.660580425610533, 2646560.759529743343592 ], [ 252051.590421255270485, 2646561.079512813128531 ], [ 252040.772514252341352, 2646561.309241839218885 ], [ 251997.1867295759439, 2646565.112585455644876 ], [ 251954.55395886633778, 2646557.822507329750806 ], [ 251915.558355308457976, 2646556.836477978155017 ], [ 251912.554176958452445, 2646556.77504936279729 ], [ 251841.250084045983385, 2646551.532742707524449 ], [ 251828.568281933810795, 2646549.424715552013367 ], [ 251752.882778948929626, 2646541.147468203213066 ], [ 251660.613580906763673, 2646529.656360700260848 ], [ 251643.865944744145963, 2646527.572267971467227 ], [ 251644.185364242090145, 2646524.937922322191298 ], [ 251649.458333223738009, 2646484.537555838469416 ], [ 251649.836230384913506, 2646481.714371935930103 ], [ 251664.589244821923785, 2646369.231467244680971 ], [ 251667.338803959341021, 2646348.465857975650579 ], [ 251673.902120407496113, 2646283.389460543636233 ], [ 251674.240554975782288, 2646272.809684140142053 ], [ 251678.76412251839065, 2646244.248977035284042 ], [ 251690.461331476893974, 2646185.25695145316422 ], [ 251700.867555125092622, 2646139.11732565658167 ], [ 251709.367720734386239, 2646085.698593463748693 ], [ 251713.929875272908248, 2646056.010944211855531 ], [ 251717.720081813138677, 2646031.219394656363875 ], [ 251720.418979535024846, 2645984.492442755494267 ], [ 251723.545978489302797, 2645949.07991207158193 ], [ 251726.678133404726395, 2645913.917402140330523 ], [ 251737.769028191658435, 2645852.873937749769539 ], [ 251739.838250480679562, 2645841.319068367127329 ], [ 251769.254990803048713, 2645753.548831077758223 ], [ 251776.501816516480176, 2645729.497202564030886 ], [ 251792.628202113643056, 2645675.791556530632079 ], [ 251801.003019747528015, 2645657.721695509273559 ], [ 251824.63038416148629, 2645606.672001979779452 ], [ 251827.336755654658191, 2645601.547190329059958 ], [ 251850.966534262930509, 2645556.503155657555908 ], [ 251869.396064637432573, 2645528.77333229733631 ], [ 251878.761868860252434, 2645513.184732613619417 ], [ 251888.011778251704527, 2645500.976945197209716 ], [ 251894.160251909372164, 2645492.964066971559078 ], [ 251910.595063426968409, 2645471.470149738248438 ], [ 251927.273438033764251, 2645449.658124002162367 ], [ 251958.301538892003009, 2645411.276080628391355 ], [ 251999.411976888019126, 2645370.427954501006752 ], [ 252026.771370294532971, 2645344.885856614913791 ], [ 252033.534385157778161, 2645339.299686274025589 ], [ 252073.145328228885774, 2645298.545808436814696 ], [ 252117.310810716095148, 2645251.314599164761603 ], [ 252120.796850614337018, 2645247.549404729623348 ], [ 252126.214500968548236, 2645243.430688155815005 ], [ 252142.283142828353448, 2645231.203389260452241 ], [ 252181.684673403331544, 2645201.214417208451778 ], [ 252189.742361948097823, 2645191.784433378838003 ], [ 252197.311632284108782, 2645182.928122657351196 ], [ 252206.021303510700818, 2645174.735562607645988 ], [ 252218.95278418349335, 2645159.134057700634003 ], [ 252225.915498516900698, 2645151.166402202565223 ], [ 252232.819527318992186, 2645143.3875891873613 ], [ 252239.784919906640425, 2645135.545003755949438 ], [ 252247.579574490751838, 2645119.614542645867914 ], [ 252259.510397997073596, 2645106.974610041361302 ], [ 252268.438356327853398, 2645094.335741826798767 ], [ 252275.272140442451928, 2645083.242755309212953 ], [ 252286.463518188917078, 2645065.238499321509153 ], [ 252309.425685673952103, 2645041.791872771922499 ], [ 252330.197090472851414, 2645009.44550101319328 ], [ 252335.223956838686718, 2645001.644205049145967 ], [ 252339.488250006630551, 2644996.235960384365171 ], [ 252349.419557633285876, 2644983.701010286808014 ], [ 252357.523747133498546, 2644973.519590580370277 ], [ 252368.186761823308188, 2644960.093210308346897 ], [ 252385.369240887113847, 2644938.458468416240066 ], [ 252409.444088253629161, 2644908.481988382060081 ], [ 252424.194506353989709, 2644890.152026695199311 ], [ 252457.63986375197419, 2644856.598432907368988 ], [ 252459.966901763458736, 2644854.234445322304964 ], [ 252470.416568975662813, 2644848.4448272571899 ], [ 252485.45772819389822, 2644840.868851826526225 ], [ 252500.528130227088695, 2644831.728049345780164 ], [ 252511.59519616959733, 2644825.550198100041598 ], [ 252523.569644466449972, 2644817.913973913993686 ], [ 252535.672932297893567, 2644813.403119906783104 ], [ 252545.706274201511405, 2644805.68305280758068 ], [ 252551.738813687406946, 2644801.0508674653247 ], [ 252553.904764421924483, 2644799.941406002733856 ], [ 252563.681299010640942, 2644794.854131680447608 ], [ 252608.762549438833958, 2644764.244440139271319 ], [ 252623.042902231100015, 2644753.24374541034922 ], [ 252625.504204508702969, 2644751.31474783597514 ], [ 252644.27763268398121, 2644736.840561410412192 ], [ 252659.797896590956952, 2644725.313073523342609 ], [ 252651.111585590348113, 2644722.80728358309716 ], [ 252631.847162627323996, 2644714.145157965365797 ], [ 252603.520186275185551, 2644697.041992764919996 ], [ 252576.777982766798232, 2644677.965765570756048 ], [ 252539.633211254898924, 2644655.10665672365576 ], [ 252501.109897469345015, 2644635.091737923212349 ], [ 252471.898998764023418, 2644626.452795334625989 ], [ 252465.217484824504936, 2644627.032559871207923 ], [ 252452.01401181097026, 2644629.815307770390064 ], [ 252437.027622409601463, 2644631.134204028639942 ], [ 252423.727028742054245, 2644632.292252121958882 ], [ 252413.930812960054027, 2644636.441369193140417 ], [ 252404.391083932918264, 2644643.838211277499795 ], [ 252394.818151960003888, 2644649.671621986664832 ], [ 252381.871188186894869, 2644655.70182306272909 ], [ 252373.921427749592112, 2644661.375790182035416 ], [ 252368.863080993294716, 2644661.795919683761895 ], [ 252359.129228302306728, 2644665.94367249822244 ], [ 252349.235814661369659, 2644668.468223084229976 ], [ 252333.140993935434381, 2644676.504711603745818 ], [ 252321.560726071591489, 2644679.127677559386939 ], [ 252293.209913963190047, 2644681.543379554990679 ], [ 252279.909362959529972, 2644682.701454808935523 ], [ 252268.294503493088996, 2644683.698882975615561 ], [ 252239.172557077836245, 2644676.309176262933761 ], [ 252213.678779488080181, 2644671.845242244191468 ], [ 252191.717022833181545, 2644668.745482388418168 ], [ 252173.420748659118544, 2644670.322438990697265 ], [ 252146.755697614164092, 2644672.577203698456287 ], [ 252126.835967424267437, 2644674.313711661379784 ], [ 252106.852423548814841, 2644675.98906984180212 ], [ 252088.55476912643644, 2644677.503328823018819 ], [ 252070.195764153439086, 2644679.081720766145736 ], [ 252051.703880730667152, 2644677.346902179066092 ], [ 252031.365323841397185, 2644674.087664394173771 ], [ 252017.451987980311969, 2644667.000752000138164 ], [ 252003.634122945601121, 2644661.475999505259097 ], [ 251989.623586424480891, 2644652.764605418778956 ], [ 251973.827706896612654, 2644642.464677740354091 ], [ 251963.48102417748305, 2644638.36769864987582 ], [ 251936.842717995576095, 2644638.933042685966939 ], [ 251925.326066701381933, 2644641.617289724294096 ], [ 251920.524193418590585, 2644645.28496548673138 ], [ 251920.941680272459053, 2644650.218369591515511 ], [ 251921.651581872487441, 2644660.087776800151914 ], [ 251922.069066622585524, 2644665.021070171147585 ], [ 251922.877225381496828, 2644676.577464017551392 ], [ 251923.58732837086427, 2644686.446757100056857 ], [ 251920.98711112482124, 2644696.574121640063822 ], [ 251915.140495066269068, 2644707.020513706374913 ], [ 251910.499444626359036, 2644712.373993156477809 ], [ 251899.078655390505446, 2644716.620188226457685 ], [ 251892.458322273916565, 2644717.13589589856565 ], [ 251885.520039979368448, 2644714.468108644708991 ], [ 251873.967724396468839, 2644715.463895054999739 ], [ 251860.150033916288521, 2644709.939054043963552 ], [ 251836.207498177507659, 2644701.939141645096242 ], [ 251818.788382589671528, 2644691.798567656893283 ], [ 251807.988518304831814, 2644681.080005862750113 ], [ 251793.266585999546805, 2644662.436686314642429 ], [ 251785.740764242858859, 2644649.771648833993822 ], [ 251779.613663456082577, 2644635.200109282042831 ], [ 251779.067346672527492, 2644627.141556922812015 ], [ 251777.805802355345804, 2644608.963580966927111 ], [ 251776.225095699599478, 2644587.539075542706996 ], [ 251777.627623234235216, 2644559.294989100657403 ], [ 251777.700836936826818, 2644536.208909398410469 ], [ 251782.573177676735213, 2644509.330047923605889 ], [ 251784.623089892120333, 2644490.956343372818083 ], [ 251791.2447985119652, 2644463.977843853645027 ], [ 251795.923431679839268, 2644433.850080525036901 ], [ 251798.022058370959712, 2644423.670726594980806 ], [ 251802.226045263349079, 2644403.625062733888626 ], [ 251800.00192049620091, 2644396.10252223815769 ], [ 251790.381227927602595, 2644399.684998019132763 ], [ 251782.26792593835853, 2644403.547997007146478 ], [ 251775.64883108244976, 2644404.126331402920187 ], [ 251769.383456100535113, 2644409.577006727457047 ], [ 251761.335267641901737, 2644413.563893080223352 ], [ 251748.288510298589244, 2644417.84443112835288 ], [ 251735.243146591703407, 2644422.18767802324146 ], [ 251723.947427842125762, 2644426.431169325485826 ], [ 251715.738136745785596, 2644428.732401686254889 ], [ 251702.755526884284336, 2644433.074154424015433 ], [ 251689.772723880538251, 2644437.416144641116261 ], [ 251668.288151041284436, 2644439.123292439151555 ], [ 251648.685095921711763, 2644443.980788517743349 ], [ 251635.700928759819362, 2644448.260244228411466 ], [ 251616.29299469362013, 2644456.429509902838618 ], [ 251595.260618003812851, 2644464.695762812159956 ], [ 251580.687978162692161, 2644470.760293858125806 ], [ 251572.736780226317933, 2644476.371806181967258 ], [ 251558.226293091720436, 2644482.435289565473795 ], [ 251540.699672552087577, 2644493.755087272729725 ], [ 251524.663159912248375, 2644501.602559165097773 ], [ 251507.136482795904158, 2644512.922293300740421 ], [ 251490.940345777053153, 2644519.146708807907999 ], [ 251476.528438326960895, 2644526.897044523153454 ], [ 251457.119193046441069, 2644535.003847966901958 ], [ 251431.507198613893706, 2644548.559776357840747 ], [ 251415.179389241762692, 2644551.533740806393325 ], [ 251389.309461458644364, 2644561.779442932922393 ], [ 251373.015191672020592, 2644566.316567363683134 ], [ 251359.898055290541379, 2644567.283049202058464 ], [ 251348.148958079371369, 2644564.9049405422993 ], [ 251343.178257599851349, 2644563.571620994247496 ], [ 251321.0719403604744, 2644553.655628281645477 ], [ 251309.188598040520446, 2644547.902161609381437 ], [ 251281.917720511730295, 2644533.403888140339404 ], [ 251258.018099703505868, 2644518.583776875399053 ], [ 251234.022864838771056, 2644502.201883838512003 ], [ 251223.629857386375079, 2644492.975866762455553 ], [ 251211.970034127763938, 2644488.906631710939109 ], [ 251193.165981587750139, 2644475.41718008229509 ], [ 251169.32762031359016, 2644460.533306791912764 ], [ 251169.160230508365203, 2644455.594798946753144 ], [ 251163.89730277704075, 2644449.325185589957982 ], [ 251160.026440513320267, 2644437.896294294856489 ], [ 251159.764556151028955, 2644431.458338365424424 ], [ 251159.20773188082967, 2644419.959081734064966 ], [ 251158.286921419261489, 2644400.147005587350577 ], [ 251157.366215554473456, 2644380.335038745775819 ], [ 251156.677808888402069, 2644365.58556638751179 ], [ 251155.952307393046794, 2644349.085104450583458 ], [ 251155.290631824464072, 2644332.646038289647549 ], [ 251141.873407184175448, 2644325.3609389946796 ], [ 251113.603327530989191, 2644310.946243963669986 ], [ 251111.712984448007774, 2644304.417539357207716 ], [ 251116.550723982363706, 2644302.438209644053131 ], [ 251116.222633475990733, 2644295.813790451269597 ], [ 251122.21835635122261, 2644280.609556434676051 ], [ 251126.526193647849141, 2644265.441266305744648 ], [ 251129.043129968078574, 2644245.493741068989038 ], [ 251125.46093988372013, 2644235.872995596844703 ], [ 251122.04573921096744, 2644231.190876181703061 ], [ 251113.987106232525548, 2644231.737215394619852 ], [ 251102.389782323414693, 2644227.666742490138859 ], [ 251084.516318815381965, 2644225.606136269401759 ], [ 251060.050678304367466, 2644222.433944966178387 ], [ 251055.177204033738235, 2644222.725219516549259 ], [ 251047.119847152061993, 2644223.333961855620146 ], [ 251035.750968954205746, 2644224.138162637595087 ], [ 251021.258184101257939, 2644225.133920102845877 ], [ 250993.772026266233297, 2644227.03072863118723 ], [ 250956.570870016264962, 2644228.070403225719929 ], [ 250956.332054962898837, 2644219.754969204310328 ], [ 250955.887357788771624, 2644201.747113835066557 ], [ 250955.372490301524522, 2644180.425035652704537 ], [ 250955.233129366562935, 2644173.859293058514595 ], [ 250961.667199618736049, 2644173.410007929895073 ], [ 250976.124214424344245, 2644170.726013018749654 ], [ 250993.802029578684596, 2644169.475106602534652 ], [ 251013.098110921040643, 2644164.874149457551539 ], [ 251045.323499005084159, 2644159.310611926950514 ], [ 251045.220102188701276, 2644154.433273261412978 ], [ 251045.016855108755408, 2644147.80614017881453 ], [ 251044.850920075230533, 2644142.930104660801589 ], [ 251049.410070199897746, 2644127.818834885954857 ], [ 251047.409858443512348, 2644113.159640130121261 ], [ 251040.725127961050021, 2644098.850176208652556 ], [ 251032.188783199730096, 2644079.825254540890455 ], [ 251025.461877943365835, 2644060.574566242750734 ], [ 251025.282770213700132, 2644049.192443535663188 ], [ 251028.32083028065972, 2644039.055749025661498 ], [ 251031.389676133840112, 2644027.417108799796551 ], [ 251034.430417036113795, 2644017.405368269886822 ], [ 251037.436533539032098, 2644005.768147849943489 ], [ 251040.531913530925522, 2643992.439809198491275 ], [ 251040.345416906900937, 2643977.742049719206989 ], [ 251040.213449479721021, 2643959.72769192699343 ], [ 251036.806994760612724, 2643943.659329184331 ], [ 251036.654830545361619, 2643930.587499480228871 ], [ 251033.414510432776297, 2643919.395500663667917 ], [ 251030.175674150174018, 2643908.265975452493876 ], [ 251030.085945229919162, 2643895.19284448819235 ], [ 251022.077821973216487, 2643874.530378844588995 ], [ 251020.462012820353266, 2643863.241142003796995 ], [ 251014.092642056697514, 2643849.050227178260684 ], [ 251010.955790851352504, 2643842.735456638969481 ], [ 251001.371961715485668, 2643830.364176271483302 ], [ 250995.044809076993261, 2643821.114383726380765 ], [ 250987.196322122676065, 2643802.075027429033071 ], [ 250980.925259048555745, 2643789.571111682336777 ], [ 250969.925908771372633, 2643772.412575223017484 ], [ 250966.853058681212133, 2643766.159313909709454 ], [ 250954.271600186650176, 2643754.039366717450321 ], [ 250943.291718673048308, 2643746.639761129394174 ], [ 250932.234180925035616, 2643747.375011496245861 ], [ 250922.677494612464216, 2643748.078213320113719 ], [ 250909.995508156745927, 2643748.910285902675241 ], [ 250895.787242297054036, 2643751.526280815713108 ], [ 250879.982529252447421, 2643752.612312653101981 ], [ 250865.738536719436524, 2643753.540043469984084 ], [ 250851.501009087514831, 2643757.72094785515219 ], [ 250834.015677209128626, 2643762.158198593184352 ], [ 250819.835617497941712, 2643763.14703623065725 ], [ 250811.964433073444525, 2643763.689386810176075 ], [ 250807.214690303924726, 2643763.915313016157597 ], [ 250791.494336871226551, 2643760.119853300508112 ], [ 250778.938518392853439, 2643761.011915011331439 ], [ 250752.129752799432026, 2643759.453494185116142 ], [ 250728.635185387043748, 2643757.824892616830766 ], [ 250706.637398813356413, 2643755.976711525581777 ], [ 250686.265340336161898, 2643754.094319289550185 ], [ 250662.677458580816165, 2643753.969078775029629 ], [ 250642.248164754215395, 2643755.278294323477894 ], [ 250638.774743202113314, 2643768.489626429975033 ], [ 250638.543909890780924, 2643778.253896337002516 ], [ 250635.279873731429689, 2643786.580913966987282 ], [ 250634.930476897454355, 2643799.600846784655005 ], [ 250631.575847715692362, 2643809.556516764685512 ], [ 250629.90148860833142, 2643816.160994864534587 ], [ 250629.698728747462155, 2643824.298030824866146 ], [ 250629.362268440629123, 2643843.823962240479887 ], [ 250629.222054967773147, 2643851.959915299434215 ], [ 250624.537651398481103, 2643852.309439091477543 ], [ 250618.227015660406323, 2643852.693447514437139 ], [ 250600.880549704947043, 2643848.932459391653538 ], [ 250583.69383906116127, 2643846.794808703940362 ], [ 250571.129085903288797, 2643844.308717215433717 ], [ 250566.499201957805781, 2643841.341537775471807 ], [ 250566.581980102637317, 2643836.397354684304446 ], [ 250566.694107820774661, 2643829.888855590485036 ], [ 250566.870158303354401, 2643823.441194230690598 ], [ 250567.072880955209257, 2643815.30404347833246 ], [ 250567.449088317895075, 2643800.594499585684389 ], [ 250567.764044165756786, 2643785.948737884871662 ], [ 250568.198844162485329, 2643768.109899925999343 ], [ 250570.052790988440393, 2643758.186081412248313 ], [ 250570.607743961270899, 2643737.153941201046109 ], [ 250562.852417897724081, 2643734.31570060737431 ], [ 250558.167977002070984, 2643734.665353453718126 ], [ 250553.627365612774156, 2643730.007046578451991 ], [ 250545.756153701804578, 2643730.549320239573717 ], [ 250536.413731066568289, 2643729.558930768165737 ], [ 250525.417310545424698, 2643730.230159773025662 ], [ 250514.572734188870527, 2643729.208962747361511 ], [ 250511.715338296344271, 2643721.324406799394637 ], [ 250506.467495904973475, 2643689.217201889958233 ], [ 250497.124937662651064, 2643688.226726306602359 ], [ 250472.250527412077645, 2643686.439703503623605 ], [ 250472.014743915497093, 2643693.013513398356736 ], [ 250471.748135515983449, 2643701.089499272406101 ], [ 250471.601448593632085, 2643705.972182944882661 ], [ 250471.127005148882745, 2643718.994744046125561 ], [ 250469.390263220877387, 2643725.600549342110753 ], [ 250469.005228373775026, 2643736.932200797367841 ], [ 250465.406568141363095, 2643750.146204257383943 ], [ 250463.256653365038801, 2643769.710459267254919 ], [ 250461.254715198650956, 2643784.454618573188782 ], [ 250456.191313954797806, 2643799.388914190232754 ], [ 250455.662094076746143, 2643815.72820857539773 ], [ 250455.548630846576998, 2643822.174459316767752 ], [ 250451.956768420903245, 2643838.641301958356053 ], [ 250451.608732305612648, 2643851.723954963497818 ], [ 250449.558379726979183, 2643873.037909924983978 ], [ 250449.29964317791746, 2643884.429433030541986 ], [ 250447.506852285936475, 2643894.289387600962073 ], [ 250439.578459644661052, 2643898.023502698168159 ], [ 250428.436586170253577, 2643903.63998459558934 ], [ 250422.187322114885319, 2643903.960186218377203 ], [ 250409.630324172205292, 2643904.789662900846452 ], [ 250403.318624169420218, 2643905.111287574283779 ], [ 250395.508652766846353, 2643905.589649894274771 ], [ 250389.226379750325577, 2643904.34673922881484 ], [ 250379.729541148466524, 2643904.92361350916326 ], [ 250370.357370937854284, 2643905.497667748015374 ], [ 250361.040389362082351, 2643902.755099333357066 ], [ 250346.857562753604725, 2643903.618915166240185 ], [ 250337.513628761167638, 2643902.566080754157156 ], [ 250317.226971440570196, 2643898.804886622354388 ], [ 250303.192044271854684, 2643894.848419883754104 ], [ 250287.626949960802449, 2643892.488520876970142 ], [ 250275.185945731762331, 2643889.937375201378018 ], [ 250264.306829142704373, 2643887.290443780366331 ], [ 250248.769834808132146, 2643883.303233053069562 ], [ 250228.547044022852788, 2643879.603328087367117 ], [ 250212.925775327399606, 2643880.497657247353345 ], [ 250195.616246941033751, 2643881.428054067306221 ], [ 250186.244463404553244, 2643882.002220243215561 ], [ 250172.157284545362927, 2643884.428137665614486 ], [ 250161.132850001362385, 2643886.72634547483176 ], [ 250145.44796129790484, 2643887.559575171675533 ], [ 250136.074588628165657, 2643888.071413628757 ], [ 250120.453627921931911, 2643888.965728257782757 ], [ 250107.984465231129434, 2643888.041635016910732 ], [ 250095.42346626604558, 2643888.683402749709785 ], [ 250081.365588074200787, 2643889.544645966030657 ], [ 250064.271574503305601, 2643888.843818825669587 ], [ 250047.024784745066427, 2643889.772752712946385 ], [ 250026.625698424380971, 2643892.520270066801459 ], [ 250026.332345454924507, 2643902.286013365257531 ], [ 250026.185721324494807, 2643907.168939580675215 ], [ 250025.859212005831068, 2643915.371112363412976 ], [ 250025.712588712398428, 2643920.254038676153868 ], [ 250025.300709714356344, 2643933.275353624019772 ], [ 250024.855678156862268, 2643944.733319603372365 ], [ 250024.444990035350202, 2643957.817113836295903 ], [ 250020.763705585268326, 2643975.975152795668691 ], [ 250009.945832012250321, 2643973.264408679679036 ], [ 249994.498063912382349, 2643967.586224477272481 ], [ 249985.151535686542047, 2643966.408222673460841 ], [ 249963.511963381752139, 2643957.858564571477473 ], [ 249941.81489967185189, 2643952.500729115214199 ], [ 249934.002361176564591, 2643952.854169559199363 ], [ 249927.607805599749554, 2643958.119885216467083 ], [ 249919.649871569999959, 2643963.418743333779275 ], [ 249919.440641238645185, 2643968.302762365434319 ], [ 249912.983759979018942, 2643973.569679284933954 ], [ 249908.178987083665561, 2643977.112549256999046 ], [ 249906.442332043428905, 2643983.718121169600636 ], [ 249895.123244780144887, 2643995.719602995086461 ], [ 249888.638102741970215, 2644002.613782610278577 ], [ 249883.832154381088912, 2644006.093961825128645 ], [ 249877.319149382645264, 2644014.615390329156071 ], [ 249872.513105844700476, 2644018.095575740560889 ], [ 249859.541477240127278, 2644031.821376828011125 ], [ 249835.926626695727464, 2644036.326287697535008 ], [ 249831.651178861095104, 2644023.5295664165169 ], [ 249832.060490080330055, 2644010.382938826922327 ], [ 249832.67900482728146, 2643992.35239919135347 ], [ 249833.181318107031984, 2643977.702728705480695 ], [ 249833.563959603285184, 2643966.246045735664666 ], [ 249837.134313390270108, 2643954.659064759965986 ], [ 249843.947351875773165, 2643939.625038332305849 ], [ 249847.217902306845644, 2643934.550749176181853 ], [ 249857.093605005124118, 2643919.389274473302066 ], [ 249865.705874697014224, 2643897.748375978786498 ], [ 249869.276175389182754, 2643886.161409446969628 ], [ 249869.813204561447492, 2643873.13745862711221 ], [ 249865.95608863531379, 2643850.572466942481697 ], [ 249864.630193049670197, 2643844.09434064431116 ], [ 249857.028094518318539, 2643839.626052357722074 ], [ 249844.52958128877799, 2643840.266727816779166 ], [ 249824.15612277231412, 2643841.261881400365382 ], [ 249817.878638502501417, 2643843.209370746742934 ], [ 249806.704854052979499, 2643850.265281844418496 ], [ 249798.712630777445156, 2643853.938484158366919 ], [ 249789.192564370750915, 2643859.33281975844875 ], [ 249784.38668629975291, 2643862.8130276883021 ], [ 249774.80311021086527, 2643868.146421500947326 ], [ 249770.025103523861617, 2643869.999501784797758 ], [ 249763.539945524069481, 2643876.893404637929052 ], [ 249755.519473493070109, 2643882.193662827368826 ], [ 249741.129751441738335, 2643891.007086014375091 ], [ 249733.171936744562117, 2643896.306047713849694 ], [ 249725.179645258642267, 2643899.978853574488312 ], [ 249717.36686531448504, 2643900.332302140071988 ], [ 249711.055140788463177, 2643900.653898821212351 ], [ 249700.181104362534825, 2643901.197318056598306 ], [ 249687.618803446239326, 2643901.776745183393359 ], [ 249678.245518820302095, 2643902.288438761606812 ], [ 249665.74575198761886, 2643902.86624382250011 ], [ 249659.433825524727581, 2643903.187977639958262 ], [ 249648.286818244348979, 2643908.554409620817751 ], [ 249638.913536723848665, 2643909.066129304468632 ], [ 249624.759792051045224, 2643911.305698205716908 ], [ 249602.49624474477605, 2643920.536447801627219 ], [ 249586.753865722654155, 2643924.561650899238884 ], [ 249562.83648574387189, 2643935.454087869264185 ], [ 249542.344205687928479, 2643939.705025619827211 ], [ 249523.175402664608555, 2643950.309147679246962 ], [ 249507.343777157744626, 2643956.025036831386387 ], [ 249488.265389923239127, 2643965.000763461459428 ], [ 249473.814535144803813, 2643973.877932636067271 ], [ 249460.985549472447019, 2643982.533412273041904 ], [ 249449.74907936991076, 2643989.590943366289139 ], [ 249440.138745193980867, 2643996.613868128508329 ], [ 249423.768790080270264, 2644015.291615036781877 ], [ 249420.435447379772086, 2644020.367000477854162 ], [ 249409.260477643838385, 2644027.3607769892551 ], [ 249397.933398420485901, 2644036.046696717850864 ], [ 249388.114318763575284, 2644042.073301247786731 ], [ 249383.543812566436827, 2644044.860182773321867 ], [ 249367.709444162115688, 2644050.451180224772543 ], [ 249348.477953265944961, 2644061.0567671735771 ], [ 249332.554452272655908, 2644068.338845000136644 ], [ 249313.532223455928033, 2644074.05998999485746 ], [ 249296.281105644797208, 2644074.801428400911391 ], [ 249291.621876368124504, 2644073.398859834764153 ], [ 249282.274006321706111, 2644072.158172807190567 ], [ 249269.883609460433945, 2644066.102369949221611 ], [ 249259.029765581100946, 2644061.703208450693637 ], [ 249246.66874926656601, 2644054.082756220363081 ], [ 249231.154348850483075, 2644048.218472586479038 ], [ 249212.71473714482272, 2644034.220794041641057 ], [ 249194.368412532057846, 2644018.719299853779376 ], [ 249185.131305312475888, 2644010.907617518212646 ], [ 249177.610855139180785, 2644001.432839291635901 ], [ 249168.520261605153792, 2643988.738201195839792 ], [ 249156.416662094561616, 2643969.663460624869913 ], [ 249145.847140334662981, 2643952.12050377484411 ], [ 249132.147044503479265, 2643931.515753580257297 ], [ 249119.862394083669642, 2643915.698389266151935 ], [ 249109.084921532019507, 2643903.101988391950727 ], [ 249095.057049070659559, 2643890.637146730907261 ], [ 249090.361889446532587, 2643887.545993585139513 ], [ 249074.106419536023168, 2643882.135369832627475 ], [ 249068.187342957593501, 2643880.32153331162408 ], [ 249058.623707209422719, 2643880.712169409263879 ], [ 249045.872429036098765, 2643881.232949483208358 ], [ 249026.682716191804502, 2643882.01545710908249 ], [ 249010.686124196217861, 2643885.858010725583881 ], [ 248999.440685430367012, 2643889.537414911203086 ], [ 248988.134008093067678, 2643893.280839191284031 ], [ 248968.865354579291306, 2643902.135261826682836 ], [ 248960.809071158553706, 2643905.747016884852201 ], [ 248949.508796686393907, 2643912.743347227107733 ], [ 248938.205946200236212, 2643919.61473282193765 ], [ 248926.849644495581742, 2643929.865378332789987 ], [ 248915.465181636682246, 2643941.743074092548341 ], [ 248902.52415217179805, 2643956.907230285927653 ], [ 248892.709528439794667, 2643972.005016421899199 ], [ 248886.13749295816524, 2643983.655747204087675 ], [ 248879.587128913030028, 2643990.426014338154346 ], [ 248874.75310817969148, 2643995.53348263213411 ], [ 248864.90928447819897, 2644012.195963663980365 ], [ 248853.440749426546972, 2644028.95539037277922 ], [ 248843.563586465752451, 2644044.054312977474183 ], [ 248836.916649607388536, 2644063.964683325961232 ], [ 248831.817385257512797, 2644077.210654368624091 ], [ 248827.52161675496609, 2644092.942053738981485 ], [ 248823.341726658603875, 2644105.2927804319188 ], [ 248819.840455342957284, 2644120.131556231994182 ], [ 248816.367046583385672, 2644133.343076220247895 ], [ 248812.923099961219123, 2644144.989923007320613 ], [ 248812.726795978291193, 2644156.380195637699217 ], [ 248807.538295189180644, 2644171.317233050242066 ], [ 248807.372747435641941, 2644181.205419727601111 ], [ 248807.226136063924059, 2644186.088071626611054 ], [ 248807.143361907161307, 2644191.032109661027789 ], [ 248806.879399448574986, 2644199.233296127524227 ], [ 248804.913185387878912, 2644215.666084884665906 ], [ 248806.164405721356161, 2644230.403993992134929 ], [ 248805.991036814230029, 2644236.976385083515197 ], [ 248805.906975470366888, 2644241.858167666010559 ], [ 248805.699126698251348, 2644246.804831827059388 ], [ 248807.095553208084311, 2644256.597280864138156 ], [ 248811.354639302764554, 2644274.524393155705184 ], [ 248814.022407347511034, 2644294.112028354313225 ], [ 248816.717031830950873, 2644312.009812416508794 ], [ 248820.857552011933876, 2644333.192760149948299 ], [ 248823.409450118924724, 2644356.161183302756399 ], [ 248827.54995179726393, 2644377.343910459894687 ], [ 248828.649420134024695, 2644393.774183702189475 ], [ 248831.493114696320845, 2644406.914162643719465 ], [ 248831.055793971376261, 2644421.68796274298802 ], [ 248830.80105605936842, 2644433.267090025357902 ], [ 248825.731217330030631, 2644444.94840931892395 ], [ 248820.753276214498328, 2644455.063855630811304 ], [ 248812.58612542093033, 2644465.247035094536841 ], [ 248807.89750112046022, 2644465.409083265345544 ], [ 248803.029092087468598, 2644468.890536856371909 ], [ 248787.276203508052276, 2644469.475064480211586 ], [ 248779.337119218835142, 2644469.768649640027434 ], [ 248763.521384350868175, 2644470.354411026928574 ], [ 248747.767198132438352, 2644470.87639393704012 ], [ 248743.100174880411942, 2644466.158431751653552 ], [ 248730.761810323194368, 2644456.66070231096819 ], [ 248724.64875550600118, 2644448.657259046565741 ], [ 248720.180378280754667, 2644435.614357460290194 ], [ 248717.489598301268416, 2644420.844503764528781 ], [ 248714.64838744327426, 2644407.829492925666273 ], [ 248710.444084778137039, 2644386.585283474065363 ], [ 248701.371150623512222, 2644368.822897274978459 ], [ 248689.255710057885153, 2644346.24516653874889 ], [ 248672.217119236622239, 2644330.465830284170806 ], [ 248659.525548641540809, 2644330.860288373194635 ], [ 248651.53180817203247, 2644334.470827381592244 ], [ 248643.328781243384583, 2644342.965347907040268 ], [ 248640.120761159865651, 2644348.038432300556451 ], [ 248636.786164190940326, 2644353.051449482794851 ], [ 248631.833646465762286, 2644361.41453053522855 ], [ 248630.007740566390567, 2644369.711380932945758 ], [ 248628.333649569511181, 2644376.315752355847508 ], [ 248623.354311434028205, 2644386.368802414741367 ], [ 248618.284507946955273, 2644398.050098583102226 ], [ 248616.466285512928152, 2644409.662534994073212 ], [ 248612.931815492367605, 2644422.937924237921834 ], [ 248612.765028626803542, 2644432.763652510009706 ], [ 248609.114460335084004, 2644449.41973201232031 ], [ 248603.824349513597554, 2644474.306141044478863 ], [ 248603.04952801798936, 2644505.603285880293697 ], [ 248599.696131664211862, 2644515.621528120245785 ], [ 248599.488270983798429, 2644520.568426828831434 ], [ 248594.454353527195053, 2644533.938167284242809 ], [ 248589.393612938787555, 2644548.997543682344258 ], [ 248584.3862431908492, 2644560.67755114287138 ], [ 248579.443121148215141, 2644569.478664687369019 ], [ 248567.997334659303306, 2644584.360796436667442 ], [ 248566.288690933928592, 2644589.339232224971056 ], [ 248559.830222174263326, 2644594.543814345262945 ], [ 248554.87893816945143, 2644602.969416591804475 ], [ 248540.315934754064074, 2644618.355833165813237 ], [ 248533.856189261918189, 2644623.497730052564293 ], [ 248522.617113361688098, 2644630.430359761696309 ], [ 248509.934585070761386, 2644634.20281897764653 ], [ 248500.315084920614026, 2644637.847855129279196 ], [ 248484.415472810593201, 2644643.315406418405473 ], [ 248470.043266504624626, 2644647.061134469229728 ], [ 248447.786788779456401, 2644647.783644282259047 ], [ 248428.843274408660363, 2644648.373372457455844 ], [ 248408.212655736570014, 2644649.061432023532689 ], [ 248389.143958781205583, 2644649.653622412122786 ], [ 248365.324149106862023, 2644650.409351132810116 ], [ 248342.950428231590195, 2644654.450130376499146 ], [ 248319.019839916640194, 2644661.777266799937934 ], [ 248304.503754356235731, 2644670.530908431857824 ], [ 248290.055279451538809, 2644682.47388811968267 ], [ 248280.235451762797311, 2644694.381258806213737 ], [ 248273.755490808689501, 2644704.466145443264395 ], [ 248268.776217298873235, 2644714.519027019385248 ], [ 248265.424206339550437, 2644724.599966463632882 ], [ 248258.737628470669733, 2644739.694037404377013 ], [ 248258.435961762967054, 2644757.905614943709224 ], [ 248258.154423526546452, 2644771.174555773846805 ], [ 248257.907440164126456, 2644786.069450561888516 ], [ 248257.660459235077724, 2644800.964345647487789 ], [ 248257.133451539441012, 2644829.190656975377351 ], [ 248256.695575352321612, 2644855.726019596680999 ], [ 248256.321539828088135, 2644882.32254526624456 ], [ 248254.149699591449462, 2644915.588513167575002 ], [ 248253.939993571315426, 2644932.234429225325584 ], [ 248253.758169412816642, 2644947.253077892120928 ], [ 248253.620749271358363, 2644955.513939450960606 ], [ 248250.187274934141897, 2644970.601658775471151 ], [ 248246.878773766191443, 2644985.686418085359037 ], [ 248245.015179184440058, 2645003.993922499008477 ], [ 248241.816123099037213, 2645012.444980832748115 ], [ 248229.116634836507728, 2645009.524071057792753 ], [ 248197.391766875691246, 2645000.375173553824425 ], [ 248170.426944056758657, 2644994.441046459600329 ], [ 248148.278642379882513, 2644988.467335988301784 ], [ 248127.662941654853057, 2644983.962410033680499 ], [ 248117.928941459656926, 2644982.2295045806095 ], [ 248103.860601109539857, 2644979.650367563590407 ], [ 248080.086205050844001, 2644973.711202268954366 ], [ 248080.18645255942829, 2644963.699195998255163 ], [ 248080.424425769451773, 2644945.426089084707201 ], [ 248080.834298470872454, 2644920.517955337185413 ], [ 248084.261216484563192, 2644902.177283810917288 ], [ 248087.613256059994455, 2644892.096503144130111 ], [ 248091.067061950510833, 2644872.065971885342151 ], [ 248100.989684522734024, 2644850.271725635975599 ], [ 248107.558969529491151, 2644838.495894328691065 ], [ 248112.510217995499261, 2644830.070210938807577 ], [ 248117.2269145345781, 2644828.280872188974172 ], [ 248122.123529773612972, 2644823.171990820672363 ], [ 248144.553216167871142, 2644815.876957122702152 ], [ 248149.415177616843721, 2644809.142133568879217 ], [ 248154.394535100494977, 2644799.089195723179728 ], [ 248157.80140306064277, 2644785.691308199428022 ], [ 248161.292206386715407, 2644767.412054521497339 ], [ 248161.62062541951309, 2644747.51049079792574 ], [ 248164.911522727139527, 2644737.493309857323766 ], [ 248169.981131717999233, 2644725.812022372148931 ], [ 248176.544157579599414, 2644710.78300656657666 ], [ 248193.015873078693403, 2644682.155936537776142 ], [ 248204.473842717095977, 2644661.955511511769146 ], [ 248217.559017834078986, 2644641.783594687003642 ], [ 248222.566371310298564, 2644630.103313477709889 ], [ 248225.919785967853386, 2644620.085061800200492 ], [ 248229.355961937078973, 2644605.122524674516171 ], [ 248234.556852305191569, 2644581.926962021272629 ], [ 248236.505914781155298, 2644558.800470096524805 ], [ 248236.86376218390069, 2644537.334242012817413 ], [ 248237.11335911025526, 2644522.564637044910342 ], [ 248235.618663525616284, 2644511.084972777403891 ], [ 248232.643290660402272, 2644494.694573746062815 ], [ 248228.015337720222306, 2644480.028232631739229 ], [ 248220.227633620932465, 2644463.864959513302892 ], [ 248212.306974868057296, 2644444.388841905165464 ], [ 248207.65359816889395, 2644431.474618269596249 ], [ 248201.282611915405141, 2644420.161257578991354 ], [ 248198.155426042358158, 2644405.463018426205963 ], [ 248191.799469522142317, 2644386.016274833120406 ], [ 248185.380958295456367, 2644366.570737775415182 ], [ 248182.170997055509361, 2644356.816676615737379 ], [ 248182.12220743301441, 2644348.622239561285824 ], [ 248177.261159500194481, 2644340.655047396663576 ], [ 248170.668043016892625, 2644327.719576410483569 ], [ 248162.58186004133313, 2644318.131495459936559 ], [ 248144.578434859518893, 2644304.061757760122418 ], [ 248129.740050414955476, 2644294.679591166321188 ], [ 248113.311600374174304, 2644287.020413523539901 ], [ 248100.169303603674052, 2644280.918009103741497 ], [ 248094.418734380276874, 2644281.165022753179073 ], [ 248080.476603163668187, 2644281.586080983281136 ], [ 248067.347372695367085, 2644281.989823766984046 ], [ 248052.66126577113755, 2644285.679596675559878 ], [ 248041.22797246160917, 2644289.362985371612012 ], [ 248026.515110751963221, 2644294.742758092936128 ], [ 248010.240186107781483, 2644300.218042101711035 ], [ 247995.657328039960703, 2644308.785749921575189 ], [ 247982.634237338526873, 2644314.192063975613564 ], [ 247977.764436941070016, 2644317.611113386694342 ], [ 247967.988966969889589, 2644322.760895794257522 ], [ 247954.99907555556274, 2644329.730494849383831 ], [ 247938.765009500901215, 2644340.084723490290344 ], [ 247925.844009049527813, 2644350.306157296523452 ], [ 247916.132515934878029, 2644355.517137852031738 ], [ 247908.053155353700276, 2644363.94668226968497 ], [ 247896.758098899677861, 2644374.133800025563687 ], [ 247887.116699982114369, 2644382.659088466782123 ], [ 247875.953081008658046, 2644396.096382714342326 ], [ 247866.387228037288878, 2644411.126391265541315 ], [ 247856.787109852884896, 2644424.530557463411242 ], [ 247845.629896842699964, 2644441.220894772093743 ], [ 247834.472715033887653, 2644457.911464920733124 ], [ 247823.357904187374515, 2644479.543271272908896 ], [ 247812.208431971317623, 2644499.549356417730451 ], [ 247807.407521599059692, 2644506.220061549451202 ], [ 247800.90678522005328, 2644506.483226630836725 ], [ 247786.151545586792054, 2644506.921499220654368 ], [ 247777.960978692688514, 2644507.157656227704138 ], [ 247750.068711675528903, 2644504.683961715083569 ], [ 247736.807703352853423, 2644501.837431362830102 ], [ 247707.062219879444456, 2644494.585753056686372 ], [ 247688.820196598244365, 2644486.96504911640659 ], [ 247657.378532742557582, 2644476.433663615956903 ], [ 247640.796857424022164, 2644470.40415726788342 ], [ 247614.162454018136486, 2644456.455109128728509 ], [ 247592.570372734655393, 2644447.216045659966767 ], [ 247560.990739972126903, 2644430.181231772527099 ], [ 247526.034150639257859, 2644413.218008001800627 ], [ 247501.121384407771984, 2644400.796478345990181 ], [ 247479.433462158311158, 2644389.995404767338187 ], [ 247457.938356016151374, 2644382.381167632993311 ], [ 247433.061300073575694, 2644371.647741917986423 ], [ 247409.780712444888195, 2644362.444757598917931 ], [ 247393.197879363026004, 2644356.352698628325015 ], [ 247376.650572603277396, 2644351.949213029351085 ], [ 247352.952263218990993, 2644343.693369764368981 ], [ 247359.747950092336396, 2644327.846217849291861 ], [ 247362.755658261448843, 2644316.271042606327683 ], [ 247368.836030250007752, 2644293.244446619413793 ], [ 247368.494740821130108, 2644280.11377926170826 ], [ 247373.156383716501296, 2644266.876921613700688 ], [ 247376.088688692863798, 2644248.796694678254426 ], [ 247375.714269627264002, 2644234.102653756737709 ], [ 247375.463732474774588, 2644219.343495276756585 ], [ 247378.472584807459498, 2644207.830920084845275 ], [ 247378.264232849789551, 2644198.013003340922296 ], [ 247374.638174114370486, 2644183.388101152144372 ], [ 247371.247254204936326, 2644176.890913150738925 ], [ 247367.82933460662025, 2644172.083710863720626 ], [ 247356.047324098501122, 2644159.32092422991991 ], [ 247339.395245972467819, 2644149.976980734616518 ], [ 247321.083075280272169, 2644139.041828469373286 ], [ 247297.725685365207028, 2644123.27144314488396 ], [ 247279.411837960593402, 2644112.273755047470331 ], [ 247259.411192354396917, 2644101.37440565880388 ], [ 247247.802896867331583, 2644096.803322182502598 ], [ 247237.91732586643775, 2644093.822475989814848 ], [ 247227.933553735318128, 2644089.154512214940041 ], [ 247221.368864038406173, 2644089.356319604907185 ], [ 247209.696701059234329, 2644084.723995999898762 ], [ 247198.115153447637567, 2644078.463298917282373 ], [ 247182.671071668999502, 2644049.386981835588813 ], [ 247177.38588600163348, 2644033.23304554913193 ], [ 247175.515907013497781, 2644021.761433263774961 ], [ 247175.204150319477776, 2644007.065946511458606 ], [ 247174.961317393492209, 2643995.622277766000479 ], [ 247174.719888000399806, 2643984.241085206158459 ], [ 247174.475755671068328, 2643972.734938857145607 ], [ 247174.30334964490612, 2643964.605451681651175 ], [ 247175.720937492093071, 2643954.753322648815811 ], [ 247183.703181552060414, 2643944.699263385962695 ], [ 247198.32051322152256, 2643937.75746681727469 ], [ 247216.316057165764505, 2643930.806796974502504 ], [ 247224.506572184764082, 2643930.570467367768288 ], [ 247231.002426014019875, 2643927.116851198021322 ], [ 247242.403835503442679, 2643921.932488703168929 ], [ 247253.70029692578828, 2643911.808215996716172 ], [ 247264.927872228989145, 2643898.432026792317629 ], [ 247274.294724361068802, 2643876.96220711665228 ], [ 247282.062135912332451, 2643853.837496436666697 ], [ 247289.490060701587936, 2643817.644263367168605 ], [ 247293.980504685896449, 2643796.340506898239255 ], [ 247300.059689221350709, 2643773.251318679191172 ], [ 247304.653502872824902, 2643756.82534715719521 ], [ 247310.942393925273791, 2643743.61656056297943 ], [ 247315.743082933797268, 2643736.945592644624412 ], [ 247327.074186923651723, 2643728.44702752539888 ], [ 247336.821711045573466, 2643724.924666849896312 ], [ 247349.814452814287506, 2643718.080048773437738 ], [ 247358.128864624566631, 2643717.778579648584127 ], [ 247372.850905018538469, 2643715.777025869116187 ], [ 247382.598440112458775, 2643712.254365628585219 ], [ 247395.791686745855259, 2643711.911985660437495 ], [ 247405.504597785242368, 2643706.763715565670282 ], [ 247411.993865941185504, 2643700.057070033624768 ], [ 247419.810181708773598, 2643685.126612122636288 ], [ 247424.327284248662181, 2643662.133169391192496 ], [ 247427.163902417523786, 2643642.491376096382737 ], [ 247427.018269651511218, 2643632.672257643193007 ], [ 247435.034893601521617, 2643624.243898678570986 ], [ 247441.49630529541173, 2643619.164548244327307 ], [ 247447.993342195957666, 2643615.773420670535415 ], [ 247460.950200287625194, 2643607.240483378060162 ], [ 247472.350435048167128, 2643601.99374983785674 ], [ 247485.308516116434475, 2643593.523316495120525 ], [ 247501.579736504063476, 2643584.920000689569861 ], [ 247514.503635233122623, 2643574.823742932640016 ], [ 247524.277710106223822, 2643569.611330260057002 ], [ 247532.295829659909941, 2643561.245731734205037 ], [ 247543.557955733384006, 2643549.495448089204729 ], [ 247551.575998037180398, 2643541.129975053947419 ], [ 247559.517538062587846, 2643526.196871221531183 ], [ 247564.111340908304555, 2643509.77080618776381 ], [ 247570.019457898946712, 2643478.61503479629755 ], [ 247569.673344809038099, 2643462.293741248548031 ], [ 247569.051242431305582, 2643432.96544244652614 ], [ 247570.36535377119435, 2643418.235738528426737 ], [ 247573.105240808887174, 2643391.088333095423877 ], [ 247572.780347073537996, 2643375.767563408706337 ], [ 247575.783033355924999, 2643361.001948425546288 ], [ 247578.896828206954524, 2643354.429593281820416 ], [ 247585.323293105815537, 2643347.724265933036804 ], [ 247593.333810127543984, 2643336.043005865532905 ], [ 247598.170588124979986, 2643331.060705608222634 ], [ 247602.909015639306745, 2643324.391067693941295 ], [ 247602.769589427800383, 2643317.825091762002558 ], [ 247607.432548443524865, 2643304.650860091205686 ], [ 247610.333076110779075, 2643285.07008333131671 ], [ 247614.891139867511811, 2643266.955617316998541 ], [ 247617.832559989037691, 2643252.253926724661142 ], [ 247620.764924711867934, 2643234.174048929009587 ], [ 247620.489000247907825, 2643221.167049406096339 ], [ 247620.14287284144666, 2643204.845765826292336 ], [ 247621.243808079481823, 2643177.10753711592406 ], [ 247620.554167957889149, 2643144.590148669201881 ], [ 247616.819559229828883, 2643121.896905604284257 ], [ 247613.021104069572175, 2643099.142724558245391 ], [ 247609.355585053650429, 2643079.701063675805926 ], [ 247609.079664778721053, 2643066.694065493065864 ], [ 247605.386305020423606, 2643048.879898358136415 ], [ 247600.122964144713478, 2643027.845659421756864 ], [ 247596.325874571775785, 2643005.153845746535808 ], [ 247592.522414077771828, 2642979.208797932602465 ], [ 247589.098283751722192, 2642971.148401684593409 ], [ 247588.759912279463606, 2642958.14271955890581 ], [ 247588.614339288847987, 2642948.323618225287646 ], [ 247583.329277435143013, 2642932.169781500473619 ], [ 247583.018947868549731, 2642917.537045857869089 ], [ 247582.874568855942925, 2642907.780313316732645 ], [ 247580.944836504000705, 2642896.435064665507525 ], [ 247579.111947213328676, 2642886.714348828885704 ], [ 247573.897572481335374, 2642873.874567070510238 ], [ 247573.794164563587401, 2642868.997135692276061 ], [ 247573.654744697676506, 2642862.431051113642752 ], [ 247549.019213225168642, 2642863.078547895420343 ], [ 247542.454487841780065, 2642863.280370954424143 ], [ 247529.322435034351656, 2642863.558849177323282 ], [ 247516.191680380958132, 2642863.899817080702633 ], [ 247504.619276946497848, 2642861.017203322611749 ], [ 247489.826936775236391, 2642859.704352078959346 ], [ 247478.218603174842428, 2642855.133213749155402 ], [ 247474.72685855824966, 2642843.883616514969617 ], [ 247474.242957457434386, 2642821.058820053003728 ], [ 247473.932526804186637, 2642806.425967709161341 ], [ 247475.516106067516375, 2642801.450032192282379 ], [ 247478.65804028956336, 2642793.250390102155507 ], [ 247481.806359555514064, 2642788.303874439094216 ], [ 247481.668506208749022, 2642781.800259857904166 ], [ 247484.643166179797845, 2642768.661805833689868 ], [ 247481.151312393223634, 2642757.412208518944681 ], [ 247476.27496503276052, 2642757.578254077583551 ], [ 247461.517129473679233, 2642757.891157222911716 ], [ 247456.515690063912189, 2642758.059845765121281 ], [ 247451.678842792054638, 2642763.042286423034966 ], [ 247438.753799204685492, 2642773.075925245415419 ], [ 247432.292583259346429, 2642778.155227344948798 ], [ 247422.551487203425495, 2642784.930906496010721 ], [ 247419.403084108431358, 2642789.877438620198518 ], [ 247409.593158507690532, 2642793.401206815615296 ], [ 247403.130460234242491, 2642798.418160486035049 ], [ 247394.939919263881166, 2642798.654319632332772 ], [ 247385.123704747704323, 2642798.925087257288396 ], [ 247376.800165592751, 2642795.848402890376747 ], [ 247361.766445174551336, 2642783.154287511482835 ], [ 247356.722776053473353, 2642778.381557710468769 ], [ 247343.488644187018508, 2642773.844793214928359 ], [ 247338.576671805902151, 2642772.322445449884981 ], [ 247333.499860577314394, 2642765.986239470541477 ], [ 247333.188196762144798, 2642751.290896872524172 ], [ 247337.749185259686783, 2642733.301508127711713 ], [ 247342.343108851229772, 2642716.87538739759475 ], [ 247343.893635281710885, 2642710.336171379312873 ], [ 247348.564340926735895, 2642700.477466963697225 ], [ 247349.837860487547005, 2642680.868647421244532 ], [ 247349.665425662591588, 2642672.739181283395737 ], [ 247351.215655017847894, 2642666.199861680157483 ], [ 247341.267847769864602, 2642663.220271360129118 ], [ 247329.763096714770654, 2642663.526887444779277 ], [ 247311.753457882587099, 2642663.908604864496738 ], [ 247301.908829050429631, 2642665.806704475544393 ], [ 247290.471635194029659, 2642669.302243006415665 ], [ 247277.375322356994729, 2642671.26925993245095 ], [ 247252.876369840785628, 2642678.357818563468754 ], [ 247236.569246503291652, 2642685.272541596088558 ], [ 247230.037667528522434, 2642687.037760597188026 ], [ 247215.424034039519029, 2642697.107110062148422 ], [ 247204.022523544903379, 2642702.291273685637861 ], [ 247194.309561714006122, 2642707.439719388261437 ], [ 247184.98519768533879, 2642713.205361013300717 ], [ 247178.070185316668358, 2642717.543737553991377 ], [ 247163.354372605565004, 2642722.79807289224118 ], [ 247142.16976660664659, 2642729.816362785641104 ], [ 247129.141008502978366, 2642734.972416512202471 ], [ 247122.546808849379886, 2642736.738787293899804 ], [ 247114.425430552073522, 2642740.226801514159888 ], [ 247101.360835022351239, 2642743.694664868526161 ], [ 247089.855923276947578, 2642744.001149827614427 ], [ 247075.035485809814418, 2642744.315324621740729 ], [ 247058.652906026632991, 2642744.725318134762347 ], [ 247050.357637308479752, 2642740.021524881012738 ], [ 247028.798772115958855, 2642732.345497844740748 ], [ 247008.962584497377975, 2642726.259831055998802 ], [ 246982.388123168842867, 2642712.183852321468294 ], [ 246964.206053250556579, 2642704.436303440947086 ], [ 246944.233510716556339, 2642691.909558098297566 ], [ 246912.787619203299982, 2642681.190028356388211 ], [ 246879.612747551553184, 2642665.627436738926917 ], [ 246861.297639058233472, 2642654.566923229489475 ], [ 246839.732304701552493, 2642643.638016168959439 ], [ 246821.48118855926441, 2642632.638812530320138 ], [ 246806.522765189525671, 2642626.449502764735371 ], [ 246791.591186857578577, 2642618.570552539080381 ], [ 246771.753707518888405, 2642612.422152616549283 ], [ 246753.509133813611697, 2642604.67605371773243 ], [ 246738.613089211459737, 2642598.485379219986498 ], [ 246720.401463702175533, 2642592.302588801365346 ], [ 246707.131710171437589, 2642586.077589357737452 ], [ 246682.320859847241081, 2642578.47051694849506 ], [ 246655.916066405945458, 2642572.398959166370332 ], [ 246631.236917552509112, 2642568.042355924379081 ], [ 246603.282842787215486, 2642568.572472871746868 ], [ 246573.702851357520558, 2642569.137230108026415 ], [ 246544.123055556876352, 2642569.70182307716459 ], [ 246519.552381708286703, 2642573.413536667823792 ], [ 246488.553289367380785, 2642583.767985220067203 ], [ 246459.175255072506843, 2642590.897452706936747 ], [ 246429.705064911249792, 2642599.592790630180389 ], [ 246400.332084700959967, 2642609.912724814843386 ], [ 246375.795817849371815, 2642615.250332506839186 ], [ 246348.083040257595712, 2642627.161744669545442 ], [ 246317.090375694126124, 2642640.769295855425298 ], [ 246284.396524205629248, 2642647.906444892752916 ], [ 246259.894687491265358, 2642654.870010952465236 ], [ 246243.550405460933689, 2642660.033869244623929 ], [ 246230.42329486948438, 2642663.502859969157726 ], [ 246205.846131709491601, 2642663.96142598753795 ], [ 246189.398305093374802, 2642664.247658816631883 ], [ 246176.264741806924576, 2642664.463767558801919 ], [ 246163.131273639388382, 2642664.679554156493396 ], [ 246135.177188305533491, 2642665.209712489042431 ], [ 246108.83991631938261, 2642662.327395284548402 ], [ 246080.844859193020966, 2642657.978530004154891 ], [ 246061.006006506941048, 2642651.767604579217732 ], [ 246037.887439148355043, 2642647.252960236743093 ], [ 246016.416231644310756, 2642637.823359771631658 ], [ 246001.525312439800473, 2642634.823208974208683 ], [ 245983.271515279309824, 2642623.698931097052991 ], [ 245974.941354100388708, 2642620.309514909051359 ], [ 245958.318758292036364, 2642609.400743599515408 ], [ 245954.583095060253982, 2642586.64461339591071 ], [ 245954.056869071559049, 2642558.878117414657027 ], [ 245960.063423243758734, 2642529.409073014277965 ], [ 245964.343662672152277, 2642495.221718390937895 ], [ 245970.452402358263498, 2642470.56768219685182 ], [ 245976.534610749571584, 2642447.603644541930407 ], [ 245984.231075707532, 2642418.161234898027033 ], [ 245991.725831495248713, 2642382.154121389612556 ], [ 245999.352023581275716, 2642349.397306735627353 ], [ 246003.803207949968055, 2642323.276930248830467 ], [ 246009.811327350442298, 2642293.870521427597851 ], [ 246012.428480788745219, 2642257.966820124536753 ], [ 246015.087822556030005, 2642227.004619153682142 ], [ 246014.486357246059924, 2642192.733152455184609 ], [ 246014.031776261515915, 2642168.343578062951565 ], [ 246006.416102122690063, 2642113.074708613101393 ], [ 245999.29715039205621, 2642087.1371333389543 ], [ 245975.324282160028815, 2642030.525823424104601 ], [ 245959.866588114586193, 2641994.880257609765977 ], [ 245940.992177481675753, 2641954.489779902622104 ], [ 245922.180628484144108, 2641914.097876767162234 ], [ 245906.889892665931256, 2641883.391089857090265 ], [ 245896.517889954469865, 2641857.459813302382827 ], [ 245887.835619896621211, 2641831.555483971722424 ], [ 245879.256860872905236, 2641810.528630475047976 ], [ 245872.158250404900173, 2641779.648042452055961 ], [ 245871.675637596199522, 2641756.885754778515548 ], [ 245871.180309738090727, 2641727.61703743506223 ], [ 245869.093647939065704, 2641700.00861402368173 ], [ 245868.747650657925988, 2641683.687185452319682 ], [ 245873.372661299217725, 2641665.758904024958611 ], [ 245876.309209007682512, 2641647.866381988395005 ], [ 245879.106448092265055, 2641623.407717937603593 ], [ 245882.097759183030576, 2641602.198240431956947 ], [ 245881.574411111912923, 2641574.556715232785791 ], [ 245881.120121002953965, 2641550.166911556851119 ], [ 245880.700110198027687, 2641527.403194867540151 ], [ 245878.75889449645183, 2641509.614081491250545 ], [ 245870.427830097032711, 2641503.221518705133349 ], [ 245855.425800588738639, 2641492.028171987272799 ], [ 245837.316288526577409, 2641490.660310935229063 ], [ 245817.607584633020451, 2641487.636912320740521 ], [ 245796.211889972153585, 2641484.712221710942686 ], [ 245786.225249059847556, 2641479.918854866642505 ], [ 245771.292400917649502, 2641471.97719579609111 ], [ 245756.354108139348682, 2641460.844874193891883 ], [ 245744.563012946135132, 2641444.703387959394604 ], [ 245735.989202026888961, 2641426.867046449799091 ], [ 245727.123372795555042, 2641386.38949624216184 ], [ 245716.711982569599058, 2641355.641632500570267 ], [ 245711.317318688583327, 2641331.356586337089539 ], [ 245701.070394981885329, 2641305.422738042194396 ], [ 245690.872213887691032, 2641287.68344379356131 ], [ 245687.482501399441389, 2641281.248778853565454 ], [ 245675.685065530240536, 2641261.854054886382073 ], [ 245665.486831201065797, 2641244.114995434880257 ], [ 245660.333440856309608, 2641231.21122075850144 ], [ 245655.241287584562087, 2641218.243532996159047 ], [ 245650.017779557645554, 2641202.025332347489893 ], [ 245646.386952519940678, 2641184.209518439602107 ], [ 245649.253194283344783, 2641163.002517097629607 ], [ 245655.636927732935874, 2641148.352815493475646 ], [ 245660.268376303021796, 2641133.67762912530452 ], [ 245666.652135167096276, 2641119.027824282646179 ], [ 245672.942578995978693, 2641105.881471168249846 ], [ 245677.465455422148807, 2641083.138025370892137 ], [ 245683.613138364249608, 2641060.297544307075441 ], [ 245688.272512624942465, 2641043.995189984329045 ], [ 245692.794134467869299, 2641021.189054875168949 ], [ 245700.557538829278201, 2640991.932891078758985 ], [ 245703.205762658792082, 2640954.527010422665626 ], [ 245702.545962099626195, 2640920.444392688572407 ], [ 245702.190148092078744, 2640897.741925407201052 ], [ 245701.701391250739107, 2640871.726141067221761 ], [ 245696.541623743047239, 2640855.569299835246056 ], [ 245679.495227828185307, 2640821.708914604038 ], [ 245657.597949411545414, 2640786.262101706117392 ], [ 245634.081178306805668, 2640754.102809377014637 ], [ 245620.662932253733743, 2640737.933109056204557 ], [ 245603.966250596713508, 2640723.522205023095012 ], [ 245592.416373964078957, 2640718.762036713771522 ], [ 245572.536673299618997, 2640707.671796948648989 ], [ 245556.045408302918077, 2640702.953530850820243 ], [ 245534.68147676991066, 2640701.529342636466026 ], [ 245514.978981996362563, 2640701.759181309491396 ], [ 245493.621401451498969, 2640703.58821766031906 ], [ 245478.893773981864797, 2640705.339252615813166 ], [ 245464.201864289148943, 2640708.778535260353237 ], [ 245449.439829900598852, 2640708.90373597247526 ], [ 245437.930767712270608, 2640709.022603740449995 ], [ 245418.255198802246014, 2640707.562571716494858 ], [ 245401.661917634657584, 2640698.029359192121774 ], [ 245385.066998487280216, 2640688.433580306358635 ], [ 245366.743051009660121, 2640673.994363399688154 ], [ 245343.403448464756366, 2640653.155255965422839 ], [ 245313.591008347721072, 2640633.892091987654567 ], [ 245278.742303216742584, 2640613.171378243714571 ], [ 245250.597792224289151, 2640598.815356660168618 ], [ 245212.638862235704437, 2640587.795331789180636 ], [ 245184.596338012313936, 2640578.254328274633735 ], [ 245166.410115724167554, 2640570.318910483270884 ], [ 245144.977192147111055, 2640565.64298601122573 ], [ 245128.450016901857452, 2640559.23627877375111 ], [ 245113.654646921757376, 2640557.797976941801608 ], [ 245097.197658634919208, 2640554.705738515593112 ], [ 245082.332164680497954, 2640549.95314181316644 ], [ 245055.949970494722947, 2640542.003731882199645 ], [ 245044.373336269782158, 2640538.933197248727083 ], [ 245024.655506188166328, 2640532.53170943679288 ], [ 245017.984726585011231, 2640527.730456554796547 ], [ 245004.740074696892407, 2640519.75283337244764 ], [ 244994.60937912814552, 2640505.202602304052562 ], [ 244981.115873239497887, 2640482.528152690269053 ], [ 244966.822413383197272, 2640463.436426473315805 ], [ 244952.649827975343214, 2640447.095074241049588 ], [ 244939.301866238936782, 2640434.239781538955867 ], [ 244922.664944732765434, 2640419.702279245480895 ], [ 244909.384456094849156, 2640410.036049497313797 ], [ 244892.789647115074331, 2640400.440211806911975 ], [ 244881.198967263830127, 2640390.800958788953722 ], [ 244869.481844229943817, 2640381.101670823059976 ], [ 244859.449569876829628, 2640368.238529351074249 ], [ 244844.543213856959483, 2640358.606880002655089 ], [ 244832.957554688822711, 2640352.158138332888484 ], [ 244810.00060126426979, 2640352.331779008265585 ], [ 244790.296915708982851, 2640352.498855091631413 ], [ 244772.294292801409028, 2640359.136672985740006 ], [ 244762.541292355686892, 2640362.408887978177518 ], [ 244754.3823080676666, 2640364.145765465684235 ], [ 244749.440801158023532, 2640364.187910359818488 ], [ 244739.625048675836297, 2640367.461584995966405 ], [ 244728.178507692617131, 2640367.57888460624963 ], [ 244711.754761058138683, 2640366.050111550837755 ], [ 244706.709772517206147, 2640361.214438600465655 ], [ 244698.303415411355672, 2640348.316955129615963 ], [ 244688.2351505793049, 2640333.765457647386938 ], [ 244681.309228165337117, 2640311.014175390359014 ], [ 244677.742279160389444, 2640293.25917738629505 ], [ 244674.384394409542438, 2640288.325377041939646 ], [ 244669.334550440777093, 2640280.299116702284664 ], [ 244659.381063986540539, 2640277.069022015668452 ], [ 244642.842640389601002, 2640264.218700980767608 ], [ 244631.228741076425649, 2640259.397085450123996 ], [ 244611.449656700133346, 2640253.059466754086316 ], [ 244595.060254250536673, 2640253.156463202554733 ], [ 244560.765121780394111, 2640261.515657137148082 ], [ 244549.254818137182156, 2640261.571938855573535 ], [ 244544.313165202154778, 2640261.614041853696108 ], [ 244531.211475530639291, 2640263.330552632920444 ], [ 244513.125635411066469, 2640260.147548043634742 ], [ 244501.611683552910108, 2640257.075858167838305 ], [ 244496.599785147845978, 2640253.803531993646175 ], [ 244488.157550286676269, 2640239.217574331909418 ], [ 244477.917119089601329, 2640216.536383982747793 ], [ 244469.296391147072427, 2640190.56765759177506 ], [ 244465.826547973672859, 2640174.437335184775293 ], [ 244465.618537597620161, 2640164.619396685156971 ], [ 244460.457496444345452, 2640148.39980102982372 ], [ 244451.803605545079336, 2640120.867685249540955 ], [ 244448.304178664286155, 2640106.301981538534164 ], [ 244439.85575055947993, 2640088.462850200012326 ], [ 244436.293750909739174, 2640073.898589116986841 ], [ 244426.053559564752504, 2640051.217525374609977 ], [ 244422.651077450806042, 2640038.27647950174287 ], [ 244419.156886323384242, 2640026.901484592817724 ], [ 244415.767259190150071, 2640020.466590089257807 ], [ 244405.876489893184043, 2640017.235201437491924 ], [ 244391.113020098244306, 2640017.297711397521198 ], [ 244368.052581368334359, 2640012.593490703497082 ], [ 244354.90862962891697, 2640009.368378104642034 ], [ 244344.957900614390383, 2640006.263427527155727 ], [ 244333.469101089809556, 2640001.439247709698975 ], [ 244315.281498254800681, 2639993.441080347634852 ], [ 244307.016501983831404, 2639990.175059274770319 ], [ 244292.184126556996489, 2639986.985807567369193 ], [ 244280.668682542687748, 2639983.851458178833127 ], [ 244264.238381553237559, 2639979.06928922701627 ], [ 244254.319413647230249, 2639977.464983311481774 ], [ 244242.871513292571763, 2639977.519823695532978 ], [ 244231.362366691406351, 2639977.638593500945717 ], [ 244223.236620669806143, 2639980.938926297239959 ], [ 244218.363846239662962, 2639984.232991851400584 ], [ 244215.088983927009394, 2639989.119664950296283 ], [ 244208.643888908030931, 2639989.068409255705774 ], [ 244198.835994487366406, 2639995.657659276388586 ], [ 244187.325442982371897, 2639995.713878065347672 ], [ 244180.756647196772974, 2639995.72788508888334 ], [ 244167.676491460559191, 2639992.56408501137048 ], [ 244152.740617063216632, 2639984.49690501159057 ], [ 244136.167629073257558, 2639970.020543976686895 ], [ 244119.496180362068117, 2639953.857067194301635 ], [ 244111.129162426688708, 2639945.77600065106526 ], [ 244106.181241143349325, 2639942.56504561798647 ], [ 244102.508360860723769, 2639919.807192468550056 ], [ 244102.08231948770117, 2639893.789845037739724 ], [ 244101.795410008868203, 2639874.338702555280179 ], [ 244101.507194658392109, 2639854.825303493067622 ], [ 244105.812447552074445, 2639815.882225323002785 ], [ 244105.455339649750385, 2639793.116854512598366 ], [ 244105.201485033438075, 2639775.229002821259201 ], [ 244106.621942049183417, 2639765.501729789655656 ], [ 244106.402649372030282, 2639749.239974305965006 ], [ 244103.047482396679698, 2639744.43111968273297 ], [ 244094.810599658783758, 2639739.537881849333644 ], [ 244071.71583386923885, 2639733.207865725271404 ], [ 244067.116402560262941, 2639731.678502953145653 ], [ 244047.021967961889459, 2639725.222146814223379 ], [ 244027.205651355034206, 2639717.133285012561828 ], [ 244007.392041409941157, 2639709.169625279027969 ], [ 243984.324154784349957, 2639701.149607274215668 ], [ 243962.916367165744305, 2639694.721214053221047 ], [ 243946.423446119122673, 2639689.940361377317458 ], [ 243933.252699794131331, 2639688.405057592783123 ], [ 243916.861963411036413, 2639688.439499306492507 ], [ 243895.380189455143409, 2639675.568393527064472 ], [ 243878.846656374633312, 2639665.908643753267825 ], [ 243848.962293001357466, 2639643.268058992922306 ], [ 243827.383751412649872, 2639628.772490895353258 ], [ 243805.936588125798153, 2639617.52726551098749 ], [ 243789.435988056968199, 2639609.430787019431591 ], [ 243767.896917710546404, 2639599.751787413377315 ], [ 243744.858170552586671, 2639590.167058000806719 ], [ 243730.645855636510532, 2639586.71431030286476 ], [ 243725.112167138780933, 2639585.39269750751555 ], [ 243705.255222933046753, 2639572.424709054175764 ], [ 243683.814298091107048, 2639564.432740442454815 ], [ 243654.108532032027142, 2639553.174887243192643 ], [ 243613.133379559702007, 2639553.354667208623141 ], [ 243577.099638687970582, 2639553.492380249779671 ], [ 243547.532796759216581, 2639548.800629897974432 ], [ 243529.41140978311887, 2639543.929154506418854 ], [ 243511.395782529609278, 2639544.060638167429715 ], [ 243496.632122974173399, 2639544.123014704789966 ], [ 243475.362085724773351, 2639544.198158099781722 ], [ 243459.005745489470428, 2639545.858540367335081 ], [ 243427.893241634330479, 2639550.896968853194267 ], [ 243403.47328995942371, 2639555.856089375913143 ], [ 243356.182950757764047, 2639573.937660415656865 ], [ 243323.644939604360843, 2639585.512990431394428 ], [ 243294.295968861901201, 2639597.020675341133028 ], [ 243265.009804439236177, 2639608.527085576672107 ], [ 243237.184773324843263, 2639615.185131551232189 ], [ 243214.35781253137975, 2639618.546698607038707 ], [ 243194.721268149995012, 2639621.903033820446581 ], [ 243176.807728296640562, 2639626.849676517769694 ], [ 243157.169880253146403, 2639630.14347508084029 ], [ 243135.901123446557904, 2639630.281167693901807 ], [ 243119.512843377160607, 2639630.440690744668245 ], [ 243108.069906496413751, 2639633.686142074409872 ], [ 243093.439094590867171, 2639637.061742476187646 ], [ 243077.123373928712681, 2639643.601126058027148 ], [ 243064.054470181843499, 2639646.880894894246012 ], [ 243054.302424668509047, 2639650.215625425800681 ], [ 243044.522597234434215, 2639655.17769023636356 ], [ 243033.248090704262722, 2639663.424598126672208 ], [ 243017.035735803830903, 2639674.841936760116369 ], [ 242999.129695082781836, 2639683.104294016957283 ], [ 242984.469436937652063, 2639688.044425249565393 ], [ 242969.802591646817746, 2639689.731466538738459 ], [ 242959.919278949033469, 2639689.815825235564262 ], [ 242945.183780979772564, 2639688.251002297736704 ], [ 242930.413595577701926, 2639685.060421737842262 ], [ 242917.236312310793437, 2639680.271703562699258 ], [ 242907.381268959550653, 2639678.728759597055614 ], [ 242900.812152925209375, 2639678.742673006374389 ], [ 242892.830284329480492, 2639691.799991094041616 ], [ 242886.51031340326881, 2639706.511265691369772 ], [ 242878.493984407803509, 2639717.942485863342881 ], [ 242868.851698553713504, 2639729.408349083736539 ], [ 242862.455156728072325, 2639737.552049693185836 ], [ 242844.757121403701603, 2639755.632315239403397 ], [ 242830.10309734713519, 2639763.825843886006624 ], [ 242817.207724679115927, 2639775.297998677473515 ], [ 242805.876894344546599, 2639786.799563135486096 ], [ 242794.607526552485069, 2639798.237207730300725 ], [ 242780.08624285669066, 2639809.743605050258338 ], [ 242765.432203219534131, 2639817.937099249102175 ], [ 242750.871435580600519, 2639824.627115227747709 ], [ 242741.118342120171292, 2639827.899262447375804 ], [ 242732.929672679456417, 2639831.201027852483094 ], [ 242718.23491644061869, 2639834.515234837308526 ], [ 242701.909067794389557, 2639834.673478234093636 ], [ 242688.835143679491011, 2639834.762754566967487 ], [ 242674.071271441498538, 2639834.825231390073895 ], [ 242651.004294317390304, 2639826.867770672775805 ], [ 242648.600192420417443, 2639825.604763119481504 ], [ 242626.331875764095457, 2639814.001738402526826 ], [ 242601.595526786637492, 2639801.074381994549185 ], [ 242573.53845062587061, 2639784.964178171008825 ], [ 242551.925177331868326, 2639768.842622959520668 ], [ 242528.844207004498458, 2639754.316173882689327 ], [ 242494.219669994752621, 2639738.282667328603566 ], [ 242493.120927392679732, 2639733.661247317679226 ], [ 242440.871019497106317, 2639620.520869042724371 ] ] ] } }
]
}
