{
"type": "FeatureCollection",
"name": "gazipur",
"crs": { "type": "name", "properties": { "name": "urn:ogc:def:crs:OGC:1.3:CRS84" } },
"features": [
{ "type": "Feature", "properties": { "shapeName": "Gazipur" }, "geometry": { "type": "Polygon", "coordinates": [ [ [ 90.471269423000081, 23.847308296000051 ], [ 90.471068783000078, 23.847308910000038 ], [ 90.470767113000079, 23.847329656000056 ], [ 90.469990062000079, 23.847014839000053 ], [ 90.469082912000033, 23.846482348000052 ], [ 90.468218519000061, 23.845850600000063 ], [ 90.467505216000063, 23.845277860000067 ], [ 90.466964551000046, 23.844764068000075 ], [ 90.466380079000032, 23.844052164000061 ], [ 90.466077422000069, 23.843795363000027 ], [ 90.465688983000064, 23.843657767000025 ], [ 90.465516565000087, 23.843658289000075 ], [ 90.465129470000079, 23.843897350000077 ], [ 90.464699764000045, 23.844275307000032 ], [ 90.464561806000063, 23.84444565900003 ], [ 90.464968824000039, 23.844642193000027 ], [ 90.464736633000086, 23.845275721000064 ], [ 90.464080366000076, 23.846261661000028 ], [ 90.464070074000063, 23.84630177300005 ], [ 90.463764910000066, 23.847472380000056 ], [ 90.463764365000031, 23.847492139000053 ], [ 90.464334401000031, 23.848477856000045 ], [ 90.464858193000055, 23.849738597000055 ], [ 90.464973609000083, 23.850898218000054 ], [ 90.465164430000073, 23.852398779000055 ], [ 90.465392413000075, 23.853095182000061 ], [ 90.465614426000059, 23.853762088000053 ], [ 90.466731756000058, 23.855021026000031 ], [ 90.467848496000045, 23.856109373000038 ], [ 90.468740108000077, 23.856481946000031 ], [ 90.469483226000079, 23.85682084900003 ], [ 90.470078584000078, 23.857330784000055 ], [ 90.470450885000048, 23.857704932000047 ], [ 90.470655481000051, 23.857991648000052 ], [ 90.470861022000065, 23.858283662000076 ], [ 90.471087294000085, 23.859306470000035 ], [ 90.471257985000079, 23.860346507000031 ], [ 90.471299895000072, 23.861676929000055 ], [ 90.471122420000086, 23.862527831000023 ], [ 90.471117622000065, 23.862564521000024 ], [ 90.471119598000087, 23.86311038100007 ], [ 90.471419456000035, 23.863962380000032 ], [ 90.471573400000068, 23.865497160000075 ], [ 90.471649693000074, 23.866076909000071 ], [ 90.471502540000074, 23.866418526000075 ], [ 90.471060213000044, 23.86720456300003 ], [ 90.470174062000069, 23.868367237000029 ], [ 90.469342620000077, 23.869273865000025 ], [ 90.468343919000063, 23.87009570500004 ], [ 90.467677866000031, 23.870575364000047 ], [ 90.466901247000067, 23.871260052000025 ], [ 90.46630999000007, 23.871910061000051 ], [ 90.46590361300008, 23.872388925000052 ], [ 90.464979308000068, 23.873278752000033 ], [ 90.464239878000058, 23.873997434000046 ], [ 90.463761354000042, 23.875056491000066 ], [ 90.46298626500004, 23.876184674000058 ], [ 90.46246807700004, 23.876527398000064 ], [ 90.461355797000067, 23.876735435000057 ], [ 90.460544182000035, 23.878034298000046 ], [ 90.459603719000086, 23.879623532000039 ], [ 90.459880224000074, 23.87985671000007 ], [ 90.460087478000048, 23.880031486000064 ], [ 90.460386580000034, 23.880678807000038 ], [ 90.460624088000031, 23.881388108000067 ], [ 90.460647410000036, 23.881430802000068 ], [ 90.460662678000062, 23.881468709000046 ], [ 90.46072773700007, 23.881775295000068 ], [ 90.460789942000076, 23.882052796000039 ], [ 90.460833303000072, 23.88225381500007 ], [ 90.46090870200004, 23.882371875000047 ], [ 90.460997272000043, 23.882518359000073 ], [ 90.461105901000053, 23.882695778000027 ], [ 90.461193060000085, 23.882832147000045 ], [ 90.461323827000058, 23.883044921000078 ], [ 90.46144006600008, 23.883234336000044 ], [ 90.461477351000042, 23.883273442000075 ], [ 90.461566916000038, 23.883370896000031 ], [ 90.461555943000064, 23.883391244000052 ], [ 90.461403725000082, 23.883658555000068 ], [ 90.461174026000037, 23.884052112000063 ], [ 90.46097908400003, 23.884396147000075 ], [ 90.46059525700008, 23.884518369000034 ], [ 90.459667867000064, 23.884806526000034 ], [ 90.459687409000082, 23.884860831000026 ], [ 90.459765562000086, 23.885078031000035 ], [ 90.459940686000039, 23.885587741000052 ], [ 90.459954664000065, 23.885740893000047 ], [ 90.459991159000083, 23.886087633000045 ], [ 90.460011979000058, 23.886275974000057 ], [ 90.46008689100006, 23.886562989000026 ], [ 90.460204223000062, 23.886971875000029 ], [ 90.460216335000041, 23.887019794000025 ], [ 90.460306422000031, 23.887376175000043 ], [ 90.460464740000077, 23.887976431000027 ], [ 90.460626495000042, 23.888598297000044 ], [ 90.460882655000034, 23.888844617000075 ], [ 90.461100027000043, 23.889046269000062 ], [ 90.461151803000064, 23.889438362000078 ], [ 90.46120176200003, 23.889791855000055 ], [ 90.46076667400007, 23.890241004000075 ], [ 90.460440343000073, 23.89057400300004 ], [ 90.460270835000074, 23.891084128000045 ], [ 90.459989807000056, 23.891880278000031 ], [ 90.459891735000042, 23.892169354000032 ], [ 90.460303282000041, 23.892659207000065 ], [ 90.460416929000075, 23.892799252000032 ], [ 90.460750271000052, 23.893196827000054 ], [ 90.460556745000076, 23.893564948000062 ], [ 90.460433321000039, 23.893809316000045 ], [ 90.460361608000085, 23.893953149000026 ], [ 90.460144695000054, 23.894358403000069 ], [ 90.460044641000081, 23.894562549000057 ], [ 90.45963626300005, 23.89488185600004 ], [ 90.458999464000044, 23.895381057000066 ], [ 90.458773347000033, 23.895559324000033 ], [ 90.458565752000084, 23.895751435000022 ], [ 90.458428440000034, 23.895869210000058 ], [ 90.458408398000074, 23.89588804300007 ], [ 90.457993181000063, 23.89627820100003 ], [ 90.457800620000057, 23.896447100000046 ], [ 90.457276411000066, 23.896399243000076 ], [ 90.456876547000036, 23.896366457000056 ], [ 90.456481684000039, 23.896322843000064 ], [ 90.456186105000086, 23.896332986000061 ], [ 90.455769642000064, 23.896355841000059 ], [ 90.455163397000035, 23.896383890000038 ], [ 90.454723385000079, 23.89639754500007 ], [ 90.454036908000035, 23.896416947000034 ], [ 90.453373172000056, 23.896333968000079 ], [ 90.453173870000057, 23.896307786000023 ], [ 90.452871167000069, 23.896271744000046 ], [ 90.452518224000073, 23.896207149000077 ], [ 90.451955196000085, 23.896104566000076 ], [ 90.451258877000043, 23.89593773200005 ], [ 90.451167221000048, 23.895915772000023 ], [ 90.450557806000063, 23.895755406000035 ], [ 90.450500525000052, 23.895739301000049 ], [ 90.44985798600004, 23.895558627000071 ], [ 90.449157184000057, 23.895684218000042 ], [ 90.448504568000033, 23.895780711000043 ], [ 90.447805039000059, 23.896276923000073 ], [ 90.447446867000053, 23.89652312100003 ], [ 90.446936991000086, 23.897223395000026 ], [ 90.446776077000038, 23.897441994000076 ], [ 90.446475403000079, 23.897925458000032 ], [ 90.446317381000085, 23.898180117000038 ], [ 90.446266603000083, 23.898261949000073 ], [ 90.446168488000069, 23.898426314000062 ], [ 90.445187199000031, 23.898807508000061 ], [ 90.444698620000054, 23.898988446000033 ], [ 90.44441938600005, 23.898859739000045 ], [ 90.444299074000071, 23.89880428400005 ], [ 90.443962606000071, 23.898646968000037 ], [ 90.443166688000076, 23.898593280000057 ], [ 90.442515674000049, 23.898548826000024 ], [ 90.441783484000041, 23.898867028000041 ], [ 90.441296012000066, 23.899066290000064 ], [ 90.440730572000064, 23.899492593000048 ], [ 90.44048831300006, 23.899696579000079 ], [ 90.440031829000077, 23.900080940000066 ], [ 90.439711075000048, 23.900243284000055 ], [ 90.439471274000084, 23.900401053000053 ], [ 90.439421079000056, 23.900428547000047 ], [ 90.439099284000065, 23.900604805000057 ], [ 90.438200628000061, 23.901063418000035 ], [ 90.437415986000076, 23.900307982000072 ], [ 90.436757650000061, 23.899648702000036 ], [ 90.43649050700003, 23.899382812000056 ], [ 90.436524467000083, 23.899308633000032 ], [ 90.436586565000084, 23.899135573000024 ], [ 90.436192702000085, 23.89889065400007 ], [ 90.435493544000053, 23.898445915000025 ], [ 90.435254093000083, 23.898293597000077 ], [ 90.434401353000055, 23.898365204000072 ], [ 90.432959140000037, 23.897208282000065 ], [ 90.432056745000068, 23.896490968000023 ], [ 90.431880240000055, 23.896234259000039 ], [ 90.431866319000051, 23.896229636000044 ], [ 90.431143624000072, 23.895046667000031 ], [ 90.430708315000061, 23.894602070000076 ], [ 90.429505257000073, 23.893502627000032 ], [ 90.42848262800004, 23.892942343000072 ], [ 90.427689450000059, 23.892311022000058 ], [ 90.42658966700003, 23.891563229000042 ], [ 90.425668912000049, 23.890932253000074 ], [ 90.425361764000058, 23.890651532000049 ], [ 90.424134799000058, 23.890021392000051 ], [ 90.423211517000084, 23.889754074000052 ], [ 90.423010909000084, 23.889695990000064 ], [ 90.422346589000085, 23.889439712000069 ], [ 90.421732319000057, 23.888878261000059 ], [ 90.421041650000063, 23.888363944000048 ], [ 90.420579740000051, 23.887567432000026 ], [ 90.420490217000065, 23.887347810000051 ], [ 90.420412547000069, 23.887157268000067 ], [ 90.419619442000055, 23.886525903000063 ], [ 90.418979225000044, 23.885823727000059 ], [ 90.417830018000075, 23.885545284000045 ], [ 90.416358141000046, 23.886053017000052 ], [ 90.416319540000075, 23.886038307000035 ], [ 90.415410417000032, 23.885691890000032 ], [ 90.415157237000074, 23.885424990000047 ], [ 90.414685373000054, 23.884927226000059 ], [ 90.414441913000076, 23.884626992000051 ], [ 90.413983961000042, 23.884061445000043 ], [ 90.413439358000062, 23.883660406000047 ], [ 90.413027679000038, 23.883357799000066 ], [ 90.412931068000034, 23.883286928000075 ], [ 90.411931874000061, 23.882793392000053 ], [ 90.410726333000071, 23.882470884000043 ], [ 90.409828514000083, 23.882387470000026 ], [ 90.409696483000062, 23.882375402000037 ], [ 90.409590829000081, 23.882357055000057 ], [ 90.408745001000057, 23.882211964000078 ], [ 90.408552128000053, 23.88217916900004 ], [ 90.40804307500008, 23.882143825000071 ], [ 90.407741532000045, 23.882109625000055 ], [ 90.406492984000067, 23.881967280000026 ], [ 90.406515205000062, 23.882005609000032 ], [ 90.406362921000039, 23.881995849000077 ], [ 90.405844073000083, 23.881968993000044 ], [ 90.405745233000061, 23.881969253000022 ], [ 90.405470755000067, 23.881951912000034 ], [ 90.40485245900004, 23.881927008000048 ], [ 90.404585434000069, 23.88193674300004 ], [ 90.404441795000082, 23.88194276400003 ], [ 90.404142855000032, 23.881955969000046 ], [ 90.403830399000071, 23.881965257000047 ], [ 90.403494814000055, 23.882039525000039 ], [ 90.403373318000035, 23.882059038000023 ], [ 90.403151190000074, 23.882095184000036 ], [ 90.402907516000084, 23.882112193000069 ], [ 90.402640465000047, 23.882114021000064 ], [ 90.402488191000032, 23.882107081000072 ], [ 90.402426791000039, 23.882104419000029 ], [ 90.401816417000077, 23.882060851000062 ], [ 90.401618094000071, 23.882052901000066 ], [ 90.401336111000035, 23.881989846000067 ], [ 90.40112969900008, 23.881946351000067 ], [ 90.400824999000065, 23.881883354000024 ], [ 90.400382062000062, 23.881785716000024 ], [ 90.400193463000051, 23.881745561000059 ], [ 90.400039270000036, 23.881713220000051 ], [ 90.399772053000049, 23.881660285000066 ], [ 90.399497465000081, 23.881606803000068 ], [ 90.399154068000087, 23.881536 ], [ 90.398887375000072, 23.881454271000052 ], [ 90.398505803000035, 23.881347436000055 ], [ 90.398231137000039, 23.881267420000029 ], [ 90.397941121000031, 23.881186878000051 ], [ 90.397659193000038, 23.881141317000072 ], [ 90.39732355700005, 23.880998230000046 ], [ 90.39712744600007, 23.880908978000036 ], [ 90.396987894000063, 23.880845546000046 ], [ 90.396789296000065, 23.880746702000067 ], [ 90.39675118100007, 23.880729300000041 ], [ 90.395888992000039, 23.880243209000071 ], [ 90.395715330000087, 23.880157010000062 ], [ 90.395700143000056, 23.880182783000066 ], [ 90.394782863000046, 23.881012547000068 ], [ 90.394763090000083, 23.88108614600003 ], [ 90.394515484000067, 23.88139695600006 ], [ 90.394509494000033, 23.881447490000028 ], [ 90.394256661000043, 23.881834636000065 ], [ 90.393826888000035, 23.882197484000073 ], [ 90.393110140000033, 23.882902998000077 ], [ 90.392393318000074, 23.883587184000078 ], [ 90.392814918000056, 23.884972147000042 ], [ 90.393397247000053, 23.885823606000031 ], [ 90.393545144000086, 23.886117434000028 ], [ 90.393793868000046, 23.886611567000045 ], [ 90.393729588000042, 23.888360271000067 ], [ 90.39344244800003, 23.888445088000026 ], [ 90.39271010200008, 23.888661409000065 ], [ 90.391273371000068, 23.889027570000053 ], [ 90.390303774000074, 23.890501364000045 ], [ 90.390503501000069, 23.892233305000047 ], [ 90.390530010000077, 23.892473228000028 ], [ 90.39048714900008, 23.893646137000076 ], [ 90.390185306000035, 23.893646904000036 ], [ 90.389582678000068, 23.893648430000042 ], [ 90.38740273500008, 23.893675259000076 ], [ 90.38693148200008, 23.893578030000072 ], [ 90.386908878000042, 23.893561495000029 ], [ 90.38627385500007, 23.893465822000053 ], [ 90.385788749000085, 23.893385984000076 ], [ 90.385295740000061, 23.893614179000053 ], [ 90.384433043000058, 23.894037832000038 ], [ 90.384089682000081, 23.89419269800004 ], [ 90.384601598000074, 23.89439406200006 ], [ 90.384770512000046, 23.894871875000035 ], [ 90.384782765000068, 23.894879926000044 ], [ 90.384762490000071, 23.894897333000074 ], [ 90.385066319000032, 23.895685547000028 ], [ 90.385368635000077, 23.895961997000029 ], [ 90.385693639000067, 23.896067801000072 ], [ 90.385487124000065, 23.896814647000042 ], [ 90.384827, 23.897104169000045 ], [ 90.38429433500005, 23.897361384000078 ], [ 90.383737973000052, 23.897448067000028 ], [ 90.382462713000052, 23.897557861000053 ], [ 90.381697368000061, 23.897559762000071 ], [ 90.380630896000071, 23.897690345000058 ], [ 90.379517914000076, 23.897778391000031 ], [ 90.378889065000067, 23.897881424000047 ], [ 90.378196572000036, 23.897994882000035 ], [ 90.377547308000032, 23.898039123000046 ], [ 90.377153039000063, 23.898040091000041 ], [ 90.376386763000085, 23.897722113000043 ], [ 90.375700218000077, 23.896902830000045 ], [ 90.375002730000062, 23.896307469000078 ], [ 90.37461234500006, 23.895948421000071 ], [ 90.37435163400005, 23.895711994000067 ], [ 90.374072350000063, 23.895371494000074 ], [ 90.373329044000059, 23.894968150000068 ], [ 90.372795144000065, 23.894798854000044 ], [ 90.372215836000066, 23.894970848000071 ], [ 90.371543639000038, 23.895100413000023 ], [ 90.371127279000063, 23.895485245000032 ], [ 90.370895907000033, 23.895677715000033 ], [ 90.37087673700006, 23.895687568000028 ], [ 90.370687484000086, 23.895784836000075 ], [ 90.370130632000041, 23.895700883000075 ], [ 90.369411258000071, 23.895553346000042 ], [ 90.368841753000083, 23.895096253000077 ], [ 90.368762378000042, 23.895010693000074 ], [ 90.368190390000052, 23.89439413100007 ], [ 90.367911124000045, 23.894053621000069 ], [ 90.366447521000055, 23.893161520000035 ], [ 90.365217771000061, 23.892951207000067 ], [ 90.364568052000038, 23.892824806000078 ], [ 90.364289755000073, 23.892825465000044 ], [ 90.363712590000034, 23.893765072000065 ], [ 90.363703721000036, 23.893773982000027 ], [ 90.36318066900003, 23.894299422000074 ], [ 90.361833829000034, 23.893684208000025 ], [ 90.361427472000059, 23.893503912000028 ], [ 90.361349949000044, 23.892945291000046 ], [ 90.36128547900006, 23.892480708000051 ], [ 90.36158518700006, 23.89184029200004 ], [ 90.360516555000061, 23.891181765000056 ], [ 90.360401448000061, 23.891110342000047 ], [ 90.359215611000081, 23.890374508000036 ], [ 90.357519850000074, 23.889354920000073 ], [ 90.356545027000038, 23.888697947000026 ], [ 90.35619551800005, 23.888462395000033 ], [ 90.355393893000041, 23.887899169000036 ], [ 90.354486670000085, 23.886877725000033 ], [ 90.353649070000074, 23.885856158000024 ], [ 90.353903696000032, 23.885658262000049 ], [ 90.354089008000074, 23.885620540000048 ], [ 90.354690967000067, 23.885256651000077 ], [ 90.354922111000064, 23.884978908000051 ], [ 90.355500407000079, 23.884444482000049 ], [ 90.355613677000065, 23.883463328000062 ], [ 90.355566597000063, 23.883207552000044 ], [ 90.355100417000074, 23.882334356000058 ], [ 90.35505895600005, 23.882299457000045 ], [ 90.355038763000039, 23.882260154000051 ], [ 90.354893368000035, 23.882090360000063 ], [ 90.354667823000057, 23.881929255000045 ], [ 90.35449172400007, 23.881807735000052 ], [ 90.354294011000036, 23.881674920000023 ], [ 90.354266172000052, 23.881643793000023 ], [ 90.35402558100003, 23.881618828000057 ], [ 90.353877615000044, 23.881636180000044 ], [ 90.353674181000031, 23.881667839000045 ], [ 90.353655798000034, 23.881674274000034 ], [ 90.353591294000069, 23.881676795000033 ], [ 90.353487115000064, 23.881693011000038 ], [ 90.352755874000081, 23.881806839000035 ], [ 90.352617739000038, 23.881828294000059 ], [ 90.351875903000064, 23.881915286000037 ], [ 90.351551997000058, 23.882193235000045 ], [ 90.351506137000058, 23.882385255000031 ], [ 90.35140752500007, 23.882586065000055 ], [ 90.351375376000078, 23.882568716000037 ], [ 90.351351400000055, 23.882556351000062 ], [ 90.351257928000052, 23.882498985000041 ], [ 90.35116445400007, 23.882441052000047 ], [ 90.351124448000064, 23.882403884000041 ], [ 90.351039633000084, 23.882369077000078 ], [ 90.350961548000043, 23.882325786000024 ], [ 90.350851542000044, 23.882283699000027 ], [ 90.350710796000044, 23.882225873000039 ], [ 90.35061679100005, 23.882197861000066 ], [ 90.35050628700003, 23.882199241000023 ], [ 90.350443056000074, 23.882199385000035 ], [ 90.350332019000064, 23.88223068700006 ], [ 90.35028421100003, 23.882260151000025 ], [ 90.350187412000082, 23.882334888000059 ], [ 90.350173360000042, 23.882360325000036 ], [ 90.350139150000075, 23.882423629000073 ], [ 90.350106731000039, 23.882467736000024 ], [ 90.350057242000048, 23.882556478000026 ], [ 90.350023066000062, 23.882632767000075 ], [ 90.349991335000084, 23.882704533000037 ], [ 90.349989690000086, 23.882777361000024 ], [ 90.349941923000074, 23.882822066000074 ], [ 90.349940279000066, 23.882895458000064 ], [ 90.349923247000049, 23.882954209000047 ], [ 90.349922177000053, 23.883012921000045 ], [ 90.349873302000049, 23.883101662000058 ], [ 90.349871657000051, 23.883175054000048 ], [ 90.349822740000036, 23.883248553000044 ], [ 90.349788182000054, 23.88341065000003 ], [ 90.349795742000083, 23.883482327000024 ], [ 90.349784437000039, 23.883616147000055 ], [ 90.349782833000063, 23.883704780000073 ], [ 90.349781147000044, 23.883762930000046 ], [ 90.349826318000055, 23.883894361000046 ], [ 90.349871411000038, 23.883996437000064 ], [ 90.349896817000058, 23.884083881000038 ], [ 90.349947356000087, 23.884157155000025 ], [ 90.349961139000072, 23.884259865000047 ], [ 90.34997300200007, 23.88433322700007 ], [ 90.350053924000065, 23.884518207000042 ], [ 90.350080533000039, 23.884596052000063 ], [ 90.35014043700005, 23.884726884000031 ], [ 90.350170141000035, 23.884814319000043 ], [ 90.350214165000068, 23.884975671000063 ], [ 90.350257077000037, 23.885180496000032 ], [ 90.350256, 23.885236386000031 ], [ 90.350252757000078, 23.885400106000077 ], [ 90.350249470000051, 23.885546890000057 ], [ 90.35024123200003, 23.885679570000036 ], [ 90.350253171000077, 23.885781159000032 ], [ 90.350243012000078, 23.885885053000038 ], [ 90.350240791000033, 23.885972560000027 ], [ 90.350243524000064, 23.886075297000048 ], [ 90.350236394000035, 23.886163379000038 ], [ 90.350229265000053, 23.886252026000022 ], [ 90.350225694000073, 23.886293808000062 ], [ 90.350231499000074, 23.88639766700004 ], [ 90.350227715000074, 23.886588486000051 ], [ 90.350224961000038, 23.886705913000071 ], [ 90.350190897000061, 23.886823411000023 ], [ 90.350182543000074, 23.88691319000003 ], [ 90.350180157000068, 23.886939163000022 ], [ 90.350153543000033, 23.887087694000058 ], [ 90.350149187000056, 23.887293754000041 ], [ 90.350147580000055, 23.887381259000051 ], [ 90.350145363000081, 23.887469331000034 ], [ 90.350135857000055, 23.887587902000064 ], [ 90.35014208900003, 23.887622323000073 ], [ 90.350141544000053, 23.887647728000047 ], [ 90.350138247000075, 23.887791689000039 ], [ 90.35013606800004, 23.887894438000046 ], [ 90.350134998000044, 23.887953150000044 ], [ 90.350148617000059, 23.887994330000026 ], [ 90.350200805000043, 23.887995340000032 ], [ 90.350183676000086, 23.888246593000076 ], [ 90.350176582000074, 23.888348222000047 ], [ 90.350168917000076, 23.888465661000055 ], [ 90.350164777000032, 23.888523816000031 ], [ 90.350166361000049, 23.888656475000062 ], [ 90.350180063000039, 23.888729268000077 ], [ 90.350177389000066, 23.888876050000079 ], [ 90.350158672000077, 23.888993515000038 ], [ 90.350156452000078, 23.889081020000049 ], [ 90.350105930000041, 23.889243154000042 ], [ 90.350104285000043, 23.889316545000042 ], [ 90.350070220000077, 23.889434043000051 ], [ 90.350036651000039, 23.889508072000069 ], [ 90.349986663000038, 23.889640285000041 ], [ 90.349952557000051, 23.889743106000026 ], [ 90.349887220000085, 23.88987591800003 ], [ 90.349787701000082, 23.890082758000062 ], [ 90.349722323000037, 23.890200329000038 ], [ 90.349656946000039, 23.890318464000075 ], [ 90.349590956000043, 23.890436599000054 ], [ 90.349542077000081, 23.890525338000032 ], [ 90.349459589000048, 23.890672868000024 ], [ 90.349327188000075, 23.890981963000058 ], [ 90.34924531200005, 23.891129489000036 ], [ 90.349211822000086, 23.891232873000035 ], [ 90.349144719000037, 23.891394478000052 ], [ 90.349094195000077, 23.891556612000045 ], [ 90.349027705000083, 23.891718216000072 ], [ 90.348992035000038, 23.891924348000032 ], [ 90.348940895000055, 23.892085918000078 ], [ 90.348938138000051, 23.892202780000048 ], [ 90.348935384000072, 23.892320208000058 ], [ 90.348933751000061, 23.892398115000049 ], [ 90.348931556000082, 23.892495783000072 ], [ 90.348932643000069, 23.892671913000072 ], [ 90.348927191000087, 23.892699586000049 ], [ 90.348925001000055, 23.892798947000074 ], [ 90.34892390400006, 23.892847498000037 ], [ 90.348919783000042, 23.892912992000049 ], [ 90.348917426000071, 23.892950257000052 ], [ 90.348920088000057, 23.893027025000038 ], [ 90.348913991000074, 23.893272043000024 ], [ 90.348905169000034, 23.893416581000054 ], [ 90.348907985000039, 23.893550367000046 ], [ 90.348905229000081, 23.893667229000073 ], [ 90.348903085000074, 23.893784090000054 ], [ 90.348900867000054, 23.893872161000047 ], [ 90.348894819000066, 23.894135806000065 ], [ 90.348892598000077, 23.894223314000044 ], [ 90.348890457000039, 23.894340738000039 ], [ 90.348870944000055, 23.894391026000051 ], [ 90.348856923000085, 23.894428317000063 ], [ 90.348822322000046, 23.894575734000057 ], [ 90.348804216000076, 23.894692632000044 ], [ 90.348797542000057, 23.894722567000031 ], [ 90.348769651000055, 23.894854165000027 ], [ 90.348734472000046, 23.895015133000072 ], [ 90.348732292000079, 23.895117881000033 ], [ 90.348706164000077, 23.895220119000044 ], [ 90.348707470000079, 23.895249471000056 ], [ 90.348647162000077, 23.895426868000072 ], [ 90.348644940000042, 23.895514375000062 ], [ 90.348612594000031, 23.895587271000068 ], [ 90.348560422000048, 23.895822231000068 ], [ 90.348558202000049, 23.895910301000072 ], [ 90.348509933000059, 23.895999040000049 ], [ 90.348508287000072, 23.896071870000071 ], [ 90.348491849000084, 23.896123842000065 ], [ 90.348465705000081, 23.896220434000043 ], [ 90.34840891500005, 23.896336290000079 ], [ 90.348391344000049, 23.896423832000039 ], [ 90.348340308000047, 23.896625482000047 ], [ 90.348325669000076, 23.896661080000058 ], [ 90.348254220000058, 23.896806324000067 ], [ 90.348191429000053, 23.89697469500004 ], [ 90.34817002300008, 23.897006356000077 ], [ 90.348079522000035, 23.89714430500004 ], [ 90.348040362000063, 23.897195200000056 ], [ 90.347999979000065, 23.897247791000041 ], [ 90.347946788000058, 23.897332590000076 ], [ 90.347860617000038, 23.89748294900005 ], [ 90.347838593000063, 23.897512918000075 ], [ 90.347733401000085, 23.89766783500005 ], [ 90.347593361000065, 23.897879848000059 ], [ 90.347554229000082, 23.897940905000041 ], [ 90.347533431000045, 23.897970308000026 ], [ 90.347406730000046, 23.898119063000024 ], [ 90.34737492000005, 23.898163168000053 ], [ 90.347296604000064, 23.898266652000075 ], [ 90.347202979000031, 23.898385414000074 ], [ 90.347065222000083, 23.898532501000034 ], [ 90.34698932200007, 23.898621303000027 ], [ 90.346944042000075, 23.898680114000058 ], [ 90.346831328000064, 23.898778031000063 ], [ 90.346727262000059, 23.898896250000064 ], [ 90.346658120000086, 23.898986730000047 ], [ 90.346607942000048, 23.899050635000037 ], [ 90.346586521000063, 23.899076086000036 ], [ 90.346457384000075, 23.899233314000071 ], [ 90.346345322000047, 23.899346471000058 ], [ 90.346274334000043, 23.899435262000054 ], [ 90.346215559000086, 23.899499186000071 ], [ 90.346063832000084, 23.899704449000069 ], [ 90.345954276000043, 23.899836793000077 ], [ 90.345864920000054, 23.899945383000045 ], [ 90.345830039000077, 23.899989494000067 ], [ 90.345797648000087, 23.900046584000052 ], [ 90.345703434000086, 23.900175507000029 ], [ 90.345688142000085, 23.900197558000059 ], [ 90.345598115000087, 23.900285261000079 ], [ 90.345464610000079, 23.90041653000003 ], [ 90.345278583000038, 23.900654612000039 ], [ 90.345263362000082, 23.900703760000056 ], [ 90.345257887000059, 23.900722965000057 ], [ 90.345136786000069, 23.90090106100007 ], [ 90.345040699000037, 23.901019262000034 ], [ 90.344972854000048, 23.901136271000041 ], [ 90.344961867000052, 23.901160571000048 ], [ 90.344915421000053, 23.901243094000051 ], [ 90.344902587000036, 23.901266269000075 ], [ 90.344867800000031, 23.90134594400007 ], [ 90.34485496700006, 23.901369119000037 ], [ 90.344815262000054, 23.901446547000035 ], [ 90.34480121100006, 23.90147367700007 ], [ 90.344762150000065, 23.901562393000063 ], [ 90.344737735000081, 23.901617772000066 ], [ 90.344700486000079, 23.901695761000042 ], [ 90.344666296000071, 23.901768660000073 ], [ 90.344626634000065, 23.901863025000068 ], [ 90.344610159000069, 23.90190201200005 ], [ 90.344588378000083, 23.90202399900005 ], [ 90.344565914000043, 23.902120017000072 ], [ 90.344531108000069, 23.902192920000061 ], [ 90.344517064000058, 23.90222287000006 ], [ 90.344490435000068, 23.902369143000044 ], [ 90.344496922000076, 23.90250009600004 ], [ 90.344493088000036, 23.902675106000061 ], [ 90.344483192000041, 23.902880051000068 ], [ 90.344488253000065, 23.902935927000044 ], [ 90.344486725000081, 23.903054481000026 ], [ 90.344484071000068, 23.903211988000066 ], [ 90.344481357000063, 23.903345787000035 ], [ 90.344479745000058, 23.903432726000062 ], [ 90.344503389000067, 23.903550094000025 ], [ 90.344506552000041, 23.903585088000057 ], [ 90.344504771000061, 23.903608238000061 ], [ 90.344525850000082, 23.903684401000078 ], [ 90.344550070000082, 23.903787654000041 ], [ 90.344566214000054, 23.903854797000065 ], [ 90.344611841000074, 23.903926388000059 ], [ 90.344672898000056, 23.904027301000042 ], [ 90.344703715000037, 23.904071265000027 ], [ 90.344761779000066, 23.904201539000042 ], [ 90.34476987100004, 23.904242732000057 ], [ 90.344829580000066, 23.904298486000073 ], [ 90.344955155000036, 23.904416752000031 ], [ 90.345058536000067, 23.904500635000034 ], [ 90.345149608000042, 23.904574384000057 ], [ 90.345182221000073, 23.904600278000032 ], [ 90.345258519000083, 23.904659947000027 ], [ 90.345275138000034, 23.904675152000038 ], [ 90.345331141000031, 23.904723011000044 ], [ 90.345363128000031, 23.904744390000076 ], [ 90.345425307000085, 23.904805219000025 ], [ 90.345521321000035, 23.904889683000079 ], [ 90.34559394300004, 23.904952181000056 ], [ 90.345632697000042, 23.904978625000069 ], [ 90.345647470000074, 23.904992141000037 ], [ 90.345691174000081, 23.905032688000063 ], [ 90.345790864000037, 23.905114320000052 ], [ 90.345825986000079, 23.905159968000078 ], [ 90.345896785000036, 23.905229245000044 ], [ 90.345989123000038, 23.905317103000073 ], [ 90.346004508000078, 23.905330052000068 ], [ 90.346075977000055, 23.905420216000039 ], [ 90.34613328100005, 23.905494603000022 ], [ 90.346200509000084, 23.905606792000071 ], [ 90.346212845000082, 23.905627651000032 ], [ 90.346247980000044, 23.90567838000004 ], [ 90.346278209000047, 23.905731376000062 ], [ 90.346290009000086, 23.905781027000046 ], [ 90.346302429000048, 23.905833501000075 ], [ 90.346294087000047, 23.905929488000027 ], [ 90.346281994000037, 23.905999516000065 ], [ 90.346282724000048, 23.906042982000031 ], [ 90.34621243600003, 23.906165642000076 ], [ 90.346161747000053, 23.906269629000064 ], [ 90.346144075000041, 23.906319911000026 ], [ 90.346127010000032, 23.906368498000063 ], [ 90.34608847700008, 23.90642560200007 ], [ 90.346023049000053, 23.906528492000064 ], [ 90.345974198000079, 23.906630780000057 ], [ 90.345941774000039, 23.906675450000023 ], [ 90.345925925000074, 23.906718955000031 ], [ 90.345908850000058, 23.906763591000072 ], [ 90.345907815000032, 23.906836415000043 ], [ 90.345874278000053, 23.906924556000035 ], [ 90.345873749000077, 23.906956735000051 ], [ 90.345843852000087, 23.907028498000045 ], [ 90.345831037000039, 23.907058445000075 ], [ 90.345806664000065, 23.907129631000032 ], [ 90.345785418000048, 23.907221696000079 ], [ 90.345764758000087, 23.907303598000055 ], [ 90.345771711000054, 23.907378099000027 ], [ 90.345770607000077, 23.907424957000046 ], [ 90.345769527000073, 23.907480283000041 ], [ 90.345767964000061, 23.907585288000064 ], [ 90.345766884000057, 23.907641177000073 ], [ 90.345762175000061, 23.907717963000039 ], [ 90.345760402000053, 23.907743371000038 ], [ 90.345764140000085, 23.907763685000077 ], [ 90.345779080000057, 23.90783986200006 ], [ 90.345779409000045, 23.907963492000079 ], [ 90.345798588000036, 23.908017642000061 ], [ 90.345829519000063, 23.908103381000046 ], [ 90.345870858000069, 23.908177805000037 ], [ 90.345889987000078, 23.908212762000062 ], [ 90.345915876000049, 23.90824996200007 ], [ 90.345987573000059, 23.908425932000057 ], [ 90.346052315000065, 23.908525706000034 ], [ 90.346059731000082, 23.90854375400005 ], [ 90.346094880000066, 23.908599563000053 ], [ 90.346140512000034, 23.90867171900004 ], [ 90.346194772000047, 23.908755147000022 ], [ 90.346293987000081, 23.908888151000042 ], [ 90.346355048000078, 23.908989628000029 ], [ 90.34643142300007, 23.909076391000042 ], [ 90.346477668000034, 23.909147981000046 ], [ 90.34657062000008, 23.909234709000032 ], [ 90.346632179000039, 23.909292151000045 ], [ 90.346678386000065, 23.909349628000029 ], [ 90.346786153000039, 23.909464548000074 ], [ 90.346816397000055, 23.909522625000022 ], [ 90.346877955000082, 23.909580067000036 ], [ 90.346891518000064, 23.90960036000007 ], [ 90.346953792000079, 23.909695623000061 ], [ 90.347000039000079, 23.909767779000049 ], [ 90.347030897000081, 23.909825854000076 ], [ 90.347091319000072, 23.909917171000075 ], [ 90.347107350000044, 23.909941973000059 ], [ 90.347137019000058, 23.910014729000068 ], [ 90.347167300000081, 23.910086921000072 ], [ 90.347211104000053, 23.910163597000064 ], [ 90.347274650000031, 23.910275229000035 ], [ 90.347320284000034, 23.910347949000027 ], [ 90.347349916000042, 23.910406592000072 ], [ 90.347369015000083, 23.910430259000066 ], [ 90.347388859000034, 23.910503037000069 ], [ 90.347439996000048, 23.910566713000037 ], [ 90.34745416800007, 23.91058474600004 ], [ 90.347464653000031, 23.910601657000029 ], [ 90.347488085000066, 23.910638299000027 ], [ 90.347554905000038, 23.910826133000057 ], [ 90.347567360000085, 23.910891025000069 ], [ 90.347574794000082, 23.910915283000065 ], [ 90.347594069000081, 23.911004434000063 ], [ 90.347599675000083, 23.911034341000061 ], [ 90.347624319000033, 23.911064769000063 ], [ 90.347662121000042, 23.911193395000055 ], [ 90.347697273000051, 23.911249768000062 ], [ 90.347727060000068, 23.911366556000075 ], [ 90.347725493000041, 23.911469303000047 ], [ 90.347770583000056, 23.911567428000069 ], [ 90.34776783500007, 23.911688242000025 ], [ 90.347767457000032, 23.911776308000071 ], [ 90.347780708000073, 23.911908376000042 ], [ 90.347778603000052, 23.912040479000041 ], [ 90.347772808000059, 23.912169767000023 ], [ 90.347771666000085, 23.91220138400007 ], [ 90.347773327000084, 23.912363398000025 ], [ 90.347771225000031, 23.912496066000074 ], [ 90.34776908200007, 23.912612926000065 ], [ 90.347767436000083, 23.912686318000056 ], [ 90.347764831000063, 23.912860196000054 ], [ 90.347763311000051, 23.912980443000038 ], [ 90.347728207000046, 23.913171896000051 ], [ 90.347727752000083, 23.913231171000064 ], [ 90.347725648000051, 23.913363274000062 ], [ 90.347721902000046, 23.913569333000055 ], [ 90.347687412000084, 23.913760785000022 ], [ 90.347686341000042, 23.913819496000031 ], [ 90.347684816000083, 23.913937485000076 ], [ 90.347636006000073, 23.914056145000075 ], [ 90.347633864000045, 23.914173571000049 ], [ 90.347598882000057, 23.914410749000069 ], [ 90.347594675000039, 23.914674955000066 ], [ 90.347587581000084, 23.914777714000024 ], [ 90.347588938000058, 23.914825695000047 ], [ 90.347585360000039, 23.914865785000075 ], [ 90.347589321000044, 23.914968518000023 ], [ 90.347589989000085, 23.914988839000046 ], [ 90.347565786000075, 23.915123815000072 ], [ 90.347562776000075, 23.915146402000062 ], [ 90.347536898000044, 23.915343479000057 ], [ 90.347529140000063, 23.915427611000041 ], [ 90.347496667000087, 23.915684541000076 ], [ 90.347495501000083, 23.915707689000044 ], [ 90.347488444000078, 23.915824562000068 ], [ 90.347482579000086, 23.915927882000062 ], [ 90.347480239000049, 23.915971357000046 ], [ 90.347472651000032, 23.91611871300006 ], [ 90.347476523000068, 23.916188706000071 ], [ 90.347474770000076, 23.916222015000073 ], [ 90.347477006000076, 23.916369350000025 ], [ 90.347482799000034, 23.916469258000063 ], [ 90.347504078000043, 23.916618808000067 ], [ 90.347502668000061, 23.916780264000067 ], [ 90.347500567000054, 23.91691293100007 ], [ 90.34749911800003, 23.91706027500004 ], [ 90.347497512000075, 23.917148908000058 ], [ 90.347526310000035, 23.917354329000034 ], [ 90.347525358000041, 23.917457074000026 ], [ 90.347530376000066, 23.917496580000034 ], [ 90.347539796000035, 23.917574462000061 ], [ 90.347538229000065, 23.917677773000037 ], [ 90.347568555000066, 23.917765770000074 ], [ 90.347572367000055, 23.917813181000042 ], [ 90.347606615000075, 23.917989799000054 ], [ 90.347606750000068, 23.918040606000034 ], [ 90.347606943000073, 23.918112300000075 ], [ 90.347617634000073, 23.918205986000032 ], [ 90.347631251000053, 23.918246602000067 ], [ 90.347656017000077, 23.918322191000073 ], [ 90.347655025000051, 23.91841026000003 ], [ 90.347653420000086, 23.918498893000049 ], [ 90.347667321000074, 23.918645072000061 ], [ 90.347666290000063, 23.918718462000072 ], [ 90.347725791000073, 23.918923248000056 ], [ 90.347724759000073, 23.918996639000056 ], [ 90.347754510000073, 23.91909931400005 ], [ 90.347753479000062, 23.91917270600004 ], [ 90.347750861000065, 23.919341502000066 ], [ 90.347749276000059, 23.919437474000063 ], [ 90.347792731000084, 23.919612943000061 ], [ 90.347813306000035, 23.919728059000079 ], [ 90.347844816000077, 23.919799682000075 ], [ 90.347852269000043, 23.919830714000057 ], [ 90.347888813000054, 23.919947487000059 ], [ 90.347935268000072, 23.920095286000048 ], [ 90.347945783000057, 23.920123489000048 ], [ 90.347962037000059, 23.920230710000055 ], [ 90.34797283000006, 23.920362785000066 ], [ 90.347993900000063, 23.920433867000042 ], [ 90.348014355000032, 23.920504386000061 ], [ 90.348050313000044, 23.92063132100003 ], [ 90.348048731000063, 23.920728422000025 ], [ 90.348045401000036, 23.920861092000052 ], [ 90.348043723000046, 23.92092206500007 ], [ 90.348044442000059, 23.92096157900005 ], [ 90.348042772000042, 23.92102593900006 ], [ 90.348044752000078, 23.92107730500004 ], [ 90.348050666000063, 23.921221809000031 ], [ 90.348051965000082, 23.92124777600003 ], [ 90.348052199000051, 23.921335274000057 ], [ 90.348051185000031, 23.921415439000043 ], [ 90.348050105000084, 23.921470765000038 ], [ 90.348046690000047, 23.921571257000039 ], [ 90.348044482000034, 23.921663844000022 ], [ 90.348041610000053, 23.921737802000052 ], [ 90.348033015000055, 23.92196814600004 ], [ 90.348030124000047, 23.922035332000064 ], [ 90.34803278000004, 23.922109842000054 ], [ 90.348028222000039, 23.922241951000046 ], [ 90.348025973000063, 23.922319294000033 ], [ 90.348027310000077, 23.922359938000056 ], [ 90.348028165000073, 23.922449695000068 ], [ 90.348029634000056, 23.922539450000045 ], [ 90.34803045700005, 23.922617352000032 ], [ 90.348031797000033, 23.922659124000063 ], [ 90.348028399000043, 23.922765826000045 ], [ 90.348024440000074, 23.922893418000058 ], [ 90.348021059000075, 23.923006894000025 ], [ 90.348018216000071, 23.923091577000037 ], [ 90.348005148000084, 23.923486208000043 ], [ 90.348005900000032, 23.923537578000037 ], [ 90.348008561000086, 23.923613781000029 ], [ 90.348011884000073, 23.923708049000027 ], [ 90.34801520700006, 23.923802318000071 ], [ 90.348020525000038, 23.923953596000047 ], [ 90.34802714500006, 23.924131971000065 ], [ 90.348033348000058, 23.924384297000074 ], [ 90.348038910000071, 23.924626464000028 ], [ 90.34804510500004, 23.924646772000074 ], [ 90.348073082000042, 23.924773728000048 ], [ 90.348089736000077, 23.925029982000069 ], [ 90.348112448000052, 23.925255173000039 ], [ 90.348130715000082, 23.925426184000059 ], [ 90.348136387000068, 23.925479799000072 ], [ 90.348161480000044, 23.925676761000034 ], [ 90.34818782800005, 23.925883315000078 ], [ 90.348194040000067, 23.925909833000048 ], [ 90.348258477000059, 23.926121384000055 ], [ 90.34827210900005, 23.926166513000055 ], [ 90.348269280000068, 23.926256843000033 ], [ 90.34827695000007, 23.926368601000036 ], [ 90.348289083000054, 23.926541883000027 ], [ 90.348292965000041, 23.926615261000052 ], [ 90.34832368800005, 23.926850032000061 ], [ 90.348343752000062, 23.927003537000076 ], [ 90.348340234000034, 23.927294838000023 ], [ 90.348340292000046, 23.927316853000036 ], [ 90.348348489000045, 23.92739586700003 ], [ 90.34836537700005, 23.927510428000062 ], [ 90.348362292000047, 23.927733985000032 ], [ 90.348359323000068, 23.92800101000006 ], [ 90.348355682000033, 23.928475215000049 ], [ 90.348322446000054, 23.928906019000067 ], [ 90.348322508000081, 23.929157795000037 ], [ 90.348315875000083, 23.929203538000024 ], [ 90.348299723000082, 23.92936389700003 ], [ 90.348285973000031, 23.929503931000056 ], [ 90.348274612000068, 23.929618554000058 ], [ 90.348265670000046, 23.929719059000035 ], [ 90.348250409000059, 23.92998272400007 ], [ 90.348236328000041, 23.930227758000058 ], [ 90.348218448000068, 23.930431591000058 ], [ 90.348211293000077, 23.930511769000077 ], [ 90.348190726000041, 23.930628671000022 ], [ 90.348170346000074, 23.930816139000058 ], [ 90.348164955000072, 23.930866957000035 ], [ 90.348145060000036, 23.931005309000057 ], [ 90.348114900000041, 23.931209735000039 ], [ 90.348107728000059, 23.931283704000066 ], [ 90.348074392000058, 23.931448618000047 ], [ 90.348030555000037, 23.931590978000031 ], [ 90.34800062000005, 23.931650320000074 ], [ 90.347956092000061, 23.931764454000074 ], [ 90.347920178000038, 23.931884213000046 ], [ 90.347839749000059, 23.932123187000059 ], [ 90.34778225000008, 23.932209690000036 ], [ 90.347764145000042, 23.932329408000044 ], [ 90.347771212000055, 23.932445684000072 ], [ 90.34775841700008, 23.932484100000067 ], [ 90.347710286000051, 23.932628726000075 ], [ 90.347568680000052, 23.932957599000076 ], [ 90.347458278000033, 23.933242366000059 ], [ 90.34730193300004, 23.933571834000077 ], [ 90.347176135000041, 23.933841396000048 ], [ 90.346988707000037, 23.934261258000049 ], [ 90.346958807000078, 23.934333583000068 ], [ 90.346880094000085, 23.934526263000066 ], [ 90.346817246000057, 23.93468051900004 ], [ 90.34678428400008, 23.934756804000074 ], [ 90.346734230000038, 23.934872079000058 ], [ 90.346660976000067, 23.935039906000043 ], [ 90.346620057000052, 23.93512580600003 ], [ 90.346582804000036, 23.935204923000072 ], [ 90.34652079600005, 23.935444419000078 ], [ 90.346412352000073, 23.935773779000044 ], [ 90.346369096000046, 23.935904846000028 ], [ 90.34630390600006, 23.936102574000074 ], [ 90.346275437000031, 23.936251672000026 ], [ 90.346259691000057, 23.936335257000053 ], [ 90.34622698000004, 23.936505815000032 ], [ 90.346186430000046, 23.936731150000071 ], [ 90.346180966000077, 23.936754873000041 ], [ 90.346181193000064, 23.936839551000048 ], [ 90.346181583000032, 23.936985760000027 ], [ 90.346183024000084, 23.937296243000048 ], [ 90.346181699000056, 23.937489876000029 ], [ 90.34618299400006, 23.937515277000045 ], [ 90.34618683900004, 23.937805432000062 ], [ 90.346186911000075, 23.937832528000058 ], [ 90.346197699000072, 23.937962344000027 ], [ 90.346233672000039, 23.938323556000057 ], [ 90.34623384300005, 23.938387910000074 ], [ 90.346235205000085, 23.938668474000053 ], [ 90.346235721000085, 23.938861538000026 ], [ 90.346236849000036, 23.939054038000052 ], [ 90.346263215000079, 23.939267931000074 ], [ 90.34623772100008, 23.939380893000077 ], [ 90.346235540000066, 23.939484205000042 ], [ 90.346230980000087, 23.939616878000038 ], [ 90.346226459000036, 23.939764228000058 ], [ 90.346239138000044, 23.93991210300004 ], [ 90.346235232000083, 23.940059452000071 ], [ 90.346233090000055, 23.940177442000049 ], [ 90.346226546000082, 23.940487377000068 ], [ 90.346239264000076, 23.940649931000053 ], [ 90.346234054000035, 23.940769621000072 ], [ 90.346203289000073, 23.940979127000048 ], [ 90.34620577000004, 23.94121791300006 ], [ 90.346180622000077, 23.941461278000077 ], [ 90.346162663000086, 23.941636320000043 ], [ 90.346135419000063, 23.941784850000033 ], [ 90.346119079000061, 23.941875774000039 ], [ 90.346114259000046, 23.941910785000061 ], [ 90.346075279000047, 23.942264828000077 ], [ 90.346057224000049, 23.942404305000025 ], [ 90.346048799000073, 23.942469243000062 ], [ 90.346023523000042, 23.942664624000031 ], [ 90.346013291000077, 23.942743115000042 ], [ 90.345997701000044, 23.942885410000031 ], [ 90.34597539400005, 23.94304296100006 ], [ 90.345970024000053, 23.943101683000066 ], [ 90.345965283000055, 23.943166614000063 ], [ 90.345946949000052, 23.943431414000031 ], [ 90.345917474000032, 23.943665192000026 ], [ 90.345904234000045, 23.94376740000007 ], [ 90.345886999000072, 23.943983650000064 ], [ 90.345876889000067, 23.944108431000075 ], [ 90.345820994000064, 23.944568641000046 ], [ 90.345801146000042, 23.944726750000029 ], [ 90.345778300000063, 23.944912529000078 ], [ 90.345738186000062, 23.945302139000034 ], [ 90.345737016000044, 23.945324157000073 ], [ 90.345737070000041, 23.945344481000063 ], [ 90.345740171000045, 23.945586087000038 ], [ 90.345728841000039, 23.945713695000052 ], [ 90.345713328000045, 23.945885343000043 ], [ 90.345669783000062, 23.946140040000046 ], [ 90.34564454100007, 23.946348404000048 ], [ 90.345627704000037, 23.946484492000025 ], [ 90.345549972000072, 23.946818298000039 ], [ 90.345540252000035, 23.946858965000047 ], [ 90.345525312000063, 23.947014806000027 ], [ 90.345513370000049, 23.947143544000028 ], [ 90.345424493000053, 23.947444067000049 ], [ 90.345320952000066, 23.947774544000026 ], [ 90.345252920000064, 23.948060908000059 ], [ 90.345208417000038, 23.948187461000032 ], [ 90.345173704000047, 23.948299314000053 ], [ 90.345129919000044, 23.948464818000048 ], [ 90.345092667000074, 23.948546191000048 ], [ 90.345081672000049, 23.948569361000068 ], [ 90.345040145000041, 23.94866034100005 ], [ 90.344905893000032, 23.94899145200003 ], [ 90.344823335000058, 23.949128816000041 ], [ 90.344724878000079, 23.949292748000062 ], [ 90.344605859000069, 23.949578097000028 ], [ 90.344544763000044, 23.94970186300003 ], [ 90.344528266000054, 23.949734642000067 ], [ 90.344471447000046, 23.949849932000063 ], [ 90.344430461000059, 23.949913251000055 ], [ 90.344389475000071, 23.949976568000068 ], [ 90.344335644000068, 23.950060802000053 ], [ 90.344176589000085, 23.950305031000028 ], [ 90.344139272000064, 23.95036269600007 ], [ 90.34404629800008, 23.950510243000053 ], [ 90.343980239000075, 23.950615392000032 ], [ 90.343966169000055, 23.950637440000037 ], [ 90.34383826100003, 23.950814986000069 ], [ 90.343682218000083, 23.951037755000073 ], [ 90.343605018000062, 23.951111881000031 ], [ 90.343540706000056, 23.951181460000043 ], [ 90.343449442000065, 23.951279326000076 ], [ 90.343428, 23.951300825000033 ], [ 90.343304869000065, 23.951426988000037 ], [ 90.343144369000072, 23.951591059000066 ], [ 90.343092282000043, 23.951638029000037 ], [ 90.342702535000058, 23.95198608000004 ], [ 90.342670660000067, 23.952010990000076 ], [ 90.342576928000085, 23.952105473000074 ], [ 90.342456236000032, 23.952225422000026 ], [ 90.34227566800007, 23.952466873000049 ], [ 90.342079825000042, 23.952739407000024 ], [ 90.34196419400007, 23.952915795000024 ], [ 90.341879768000069, 23.953045258000031 ], [ 90.341824097000085, 23.953131190000079 ], [ 90.341685335000079, 23.953387789000033 ], [ 90.341644991000067, 23.953462397000067 ], [ 90.34154723000006, 23.953660194000065 ], [ 90.341525845000035, 23.95370371100006 ], [ 90.341442099000062, 23.953858575000027 ], [ 90.341415775000087, 23.953893070000049 ], [ 90.341298300000062, 23.954302042000052 ], [ 90.341194427000062, 23.954512274000024 ], [ 90.341158548000067, 23.954650661000073 ], [ 90.341116103000047, 23.954860757000063 ], [ 90.341088162000062, 23.954980496000076 ], [ 90.341025245000083, 23.955114992000063 ], [ 90.341019800000083, 23.955146617000025 ], [ 90.340999117000081, 23.955223439000065 ], [ 90.340964995000036, 23.95532908000007 ], [ 90.340842160000079, 23.955569837000041 ], [ 90.340680424000084, 23.955735035000032 ], [ 90.34047726600005, 23.955798148000042 ], [ 90.340378441000041, 23.955825463000053 ], [ 90.340322017000062, 23.95586002400006 ], [ 90.340099838000071, 23.955931082000063 ], [ 90.339976471000057, 23.95597030700003 ], [ 90.339803390000043, 23.956025448000048 ], [ 90.339748766000071, 23.956043069000032 ], [ 90.33966345400006, 23.956070919000069 ], [ 90.339512226000068, 23.956026093000048 ], [ 90.339421309000045, 23.956024600000035 ], [ 90.339380735000077, 23.956012271000077 ], [ 90.339358597000057, 23.956003852000038 ], [ 90.339280554000084, 23.955991603000029 ], [ 90.339188326000055, 23.955958500000065 ], [ 90.339053747000037, 23.955938476000028 ], [ 90.339031637000062, 23.955939654000076 ], [ 90.33887794900005, 23.955894831000023 ], [ 90.338807865000035, 23.955872404000047 ], [ 90.338785125000072, 23.955867939000029 ], [ 90.338723001000062, 23.955836463000026 ], [ 90.338630746000035, 23.955793198000038 ], [ 90.338517620000061, 23.955755060000058 ], [ 90.338480086000061, 23.955730303000053 ], [ 90.338381138000045, 23.955711330000042 ], [ 90.338243472000045, 23.955685101000029 ], [ 90.338055434000069, 23.955657852000058 ], [ 90.337887644000034, 23.955622092000056 ], [ 90.337709483000083, 23.955613453000069 ], [ 90.33760068600003, 23.955586594000067 ], [ 90.337402843000064, 23.955568399000072 ], [ 90.337284148000037, 23.955514468000047 ], [ 90.337208553000039, 23.955499391000046 ], [ 90.337146480000058, 23.955487108000057 ], [ 90.337084367000045, 23.95545958200006 ], [ 90.33700992100006, 23.955414019000045 ], [ 90.336984064000035, 23.955391496000061 ], [ 90.336878096000078, 23.955270922000068 ], [ 90.336838042000068, 23.955222460000073 ], [ 90.336768411000037, 23.955138500000032 ], [ 90.336748698000065, 23.955117092000023 ], [ 90.33672406800008, 23.955094 ], [ 90.336662982000064, 23.954988569000022 ], [ 90.336600097000087, 23.954900641000052 ], [ 90.33647555500005, 23.954723092000052 ], [ 90.336425, 23.954652072000044 ], [ 90.336415124000041, 23.954633466000075 ], [ 90.336380569000085, 23.954573137000068 ], [ 90.336358400000051, 23.954552298000067 ], [ 90.336075773000061, 23.954290981000042 ], [ 90.335993932000065, 23.954234707000069 ], [ 90.335882017000074, 23.95418922600004 ], [ 90.335778059000063, 23.954132437000055 ], [ 90.335759611000071, 23.954124574000048 ], [ 90.335651347000066, 23.95406553600003 ], [ 90.335619355000063, 23.954045848000078 ], [ 90.335612261000051, 23.953916024000023 ], [ 90.335609106000049, 23.953883289000032 ], [ 90.335605868000073, 23.953819506000059 ], [ 90.335601970000084, 23.953737659000069 ], [ 90.335631843000044, 23.953649529000074 ], [ 90.335678366000081, 23.953587329000072 ], [ 90.335800789000075, 23.953421658000025 ], [ 90.335893986000031, 23.953355404000035 ], [ 90.336026556000036, 23.953312777000065 ], [ 90.336155443000052, 23.953271283000049 ], [ 90.336229708000076, 23.953247412000053 ], [ 90.336290470000051, 23.953228084000045 ], [ 90.336323020000066, 23.953226319000066 ], [ 90.336400407000042, 23.953222198000049 ], [ 90.336461211000085, 23.953219243000035 ], [ 90.336655906000033, 23.95320921900003 ], [ 90.336902836000036, 23.953208678000067 ], [ 90.337396629000068, 23.953179933000058 ], [ 90.337664493000034, 23.953197407000062 ], [ 90.337762774000055, 23.953197755000076 ], [ 90.337787351000031, 23.953199396000059 ], [ 90.337849372000051, 23.953191921000041 ], [ 90.33794273400008, 23.953190022000058 ], [ 90.338080976000072, 23.953202701000066 ], [ 90.338174339000034, 23.953201367000077 ], [ 90.338282444000072, 23.953199435000045 ], [ 90.338359223000054, 23.953198137000072 ], [ 90.33842127500003, 23.953201952000029 ], [ 90.338464259000034, 23.953196212000023 ], [ 90.338606144000039, 23.953193641000041 ], [ 90.338698243000067, 23.953177632000063 ], [ 90.338775596000062, 23.953161091000027 ], [ 90.338867695000033, 23.953145081000059 ], [ 90.338916802000085, 23.953132552000056 ], [ 90.339014746000032, 23.953003061000061 ], [ 90.339094384000077, 23.952920466000023 ], [ 90.33917643400008, 23.95282093000003 ], [ 90.33930500200006, 23.952657499000054 ], [ 90.33935456200004, 23.952583437000044 ], [ 90.339385144000062, 23.952533127000038 ], [ 90.339412022000033, 23.952476052000065 ], [ 90.339446843000076, 23.952403151000055 ], [ 90.339532976000044, 23.952220621000038 ], [ 90.339537815000085, 23.952191820000053 ], [ 90.339587358000074, 23.951876708000043 ], [ 90.339665882000077, 23.951603872000078 ], [ 90.339724401000069, 23.951431564000075 ], [ 90.339704244000075, 23.95124080100004 ], [ 90.339672352000036, 23.951025225000024 ], [ 90.339703846000077, 23.950854106000065 ], [ 90.339697029000035, 23.950830977000066 ], [ 90.339664171000038, 23.950715888000047 ], [ 90.339651459000038, 23.950552204000076 ], [ 90.339611166000054, 23.950412292000067 ], [ 90.339548149000052, 23.950273560000028 ], [ 90.339487590000033, 23.950134822000052 ], [ 90.33945280100005, 23.949985301000027 ], [ 90.339440120000063, 23.949834039000052 ], [ 90.339437283000052, 23.949688398000035 ], [ 90.339411109000082, 23.949545632000024 ], [ 90.339393619000077, 23.949433896000073 ], [ 90.339336763000063, 23.949301360000049 ], [ 90.339258242000085, 23.949105645000031 ], [ 90.339225940000063, 23.948967409000034 ], [ 90.339208955000061, 23.94881446100004 ], [ 90.339159556000084, 23.94871521400006 ], [ 90.33905999600006, 23.948694547000059 ], [ 90.33888743600005, 23.948710735000077 ], [ 90.338790464000056, 23.948740869000062 ], [ 90.338689809000073, 23.948771574000034 ], [ 90.338608782000051, 23.948791511000024 ], [ 90.338478642000041, 23.948821717000044 ], [ 90.338350949000073, 23.948847967000063 ], [ 90.338263158000075, 23.94886566200006 ], [ 90.338147152000033, 23.948898658000076 ], [ 90.338034801000049, 23.948919792000027 ], [ 90.337944600000071, 23.948955555000055 ], [ 90.337816900000064, 23.948978983000075 ], [ 90.337796639000032, 23.948982415000046 ], [ 90.337755487000038, 23.948983069000064 ], [ 90.33753936100004, 23.949016851000067 ], [ 90.33747732300003, 23.949017551000054 ], [ 90.337385194000035, 23.949019448000058 ], [ 90.337231024000062, 23.94902204400006 ], [ 90.337137065000036, 23.949029025000073 ], [ 90.337113097000042, 23.949024561000044 ], [ 90.33707748300003, 23.949029155000062 ], [ 90.336999390000074, 23.948996586000078 ], [ 90.336875856000063, 23.948969195000075 ], [ 90.336783031000039, 23.948940607000054 ], [ 90.336690285000032, 23.948941939000065 ], [ 90.336473967000074, 23.948901768000042 ], [ 90.33639719100006, 23.948903066000071 ], [ 90.336365749000038, 23.948858538000025 ], [ 90.336318953000045, 23.948814607000031 ], [ 90.336256762000062, 23.948756033000052 ], [ 90.336192655000048, 23.948668674000032 ], [ 90.336147660000051, 23.94860893200007 ], [ 90.336116833000062, 23.948564404000024 ], [ 90.336069924000071, 23.948476440000036 ], [ 90.336023087000058, 23.948417269000061 ], [ 90.33599218300003, 23.94834282000005 ], [ 90.335945311000046, 23.948269534000076 ], [ 90.335898436000036, 23.948195684000041 ], [ 90.335866998000085, 23.948151721000045 ], [ 90.335743310000055, 23.948064491000025 ], [ 90.335696515000052, 23.948020561000078 ], [ 90.335650330000078, 23.947976065000034 ], [ 90.335572865000074, 23.947948008000026 ], [ 90.335510753000051, 23.947919353000032 ], [ 90.335466438000083, 23.94788445000006 ], [ 90.33538718300008, 23.947877284000072 ], [ 90.335324527000068, 23.947875727000053 ], [ 90.335301808000054, 23.947878600000024 ], [ 90.335266205000039, 23.947887709000042 ], [ 90.335171596000066, 23.947881142000028 ], [ 90.335109561000081, 23.94788240500003 ], [ 90.335032782000042, 23.947883137000076 ], [ 90.334987984000065, 23.94789847900006 ], [ 90.334894090000034, 23.947930860000042 ], [ 90.33483205400006, 23.947932124000033 ], [ 90.334693321000032, 23.947964604000049 ], [ 90.334601229000043, 23.947981177000031 ], [ 90.334401228000047, 23.948074193000025 ], [ 90.334308557000043, 23.948105444000078 ], [ 90.334247176000076, 23.94812194800005 ], [ 90.334217730000034, 23.948136690000069 ], [ 90.334154546000036, 23.948168440000074 ], [ 90.33403185800006, 23.948230239000054 ], [ 90.333877922000056, 23.948322592000068 ], [ 90.333801912000069, 23.948383160000049 ], [ 90.333678687000031, 23.948475446000032 ], [ 90.333632697000041, 23.948506029000043 ], [ 90.333538344000033, 23.948598815000025 ], [ 90.333494229000053, 23.948642378000045 ], [ 90.333448281000074, 23.948688770000047 ], [ 90.333371733000035, 23.948779258000059 ], [ 90.333319628000083, 23.94882001700006 ], [ 90.333276745000035, 23.948864142000048 ], [ 90.333249160000037, 23.94888621900003 ], [ 90.333203171000036, 23.948916804000078 ], [ 90.333141864000083, 23.948962661000053 ], [ 90.333095875000083, 23.948993245000054 ], [ 90.333056626000086, 23.949017606000041 ], [ 90.333022896000045, 23.949038565000023 ], [ 90.33297261000007, 23.94907028700004 ], [ 90.332819248000078, 23.949147396000058 ], [ 90.332757288000039, 23.949178577000055 ], [ 90.33269652000007, 23.949194515000045 ], [ 90.332660325000063, 23.949212658000079 ], [ 90.332573216000071, 23.949256315000071 ], [ 90.332388490000085, 23.949319941000056 ], [ 90.33231237800004, 23.949340429000074 ], [ 90.332279231000086, 23.949349534000078 ], [ 90.332157737000045, 23.949398909000024 ], [ 90.332127670000034, 23.949410829000044 ], [ 90.332000169000082, 23.94951271900004 ], [ 90.331896526000037, 23.949576734000061 ], [ 90.331784549000076, 23.949745202000031 ], [ 90.331685776000086, 23.949792271000035 ], [ 90.33165088800007, 23.949840330000029 ], [ 90.331612928000084, 23.949888961000056 ], [ 90.331559672000083, 23.949961334000022 ], [ 90.331498366000062, 23.950007192000044 ], [ 90.331360397000083, 23.950099508000051 ], [ 90.331267073000049, 23.950116079000054 ], [ 90.331190295000056, 23.950117374000058 ], [ 90.331082885000058, 23.950149784000075 ], [ 90.331014761000063, 23.950172511000062 ], [ 90.330882878000068, 23.950242797000044 ], [ 90.330774964000057, 23.950319238000077 ], [ 90.330734556000039, 23.950371262000033 ], [ 90.330716777000077, 23.950384848000056 ], [ 90.330708116000039, 23.950601642000038 ], [ 90.330803028000048, 23.950725632000058 ], [ 90.330884299000047, 23.950799975000052 ], [ 90.330984522000051, 23.950839839000025 ], [ 90.331092740000031, 23.950882508000063 ], [ 90.331198466000046, 23.950911637000047 ], [ 90.331212042000061, 23.950936446000071 ], [ 90.331212122000068, 23.950967494000054 ], [ 90.331212887000049, 23.951026768000077 ], [ 90.331189203000065, 23.951132949000055 ], [ 90.331091265000055, 23.95126751500004 ], [ 90.331045391000032, 23.951343260000044 ], [ 90.331022166000082, 23.951389035000034 ], [ 90.331000166000081, 23.951433680000036 ], [ 90.330964230000063, 23.95155343600004 ], [ 90.33096088800005, 23.951687800000059 ], [ 90.330959199000063, 23.951747641000054 ], [ 90.33095694900004, 23.951828937000073 ], [ 90.331027131000042, 23.952371854000035 ], [ 90.33104447900007, 23.952429961000064 ], [ 90.331089088000056, 23.952579464000053 ], [ 90.331106437000074, 23.952638700000023 ], [ 90.331128122000052, 23.952711477000037 ], [ 90.331144234000078, 23.952766765000035 ], [ 90.331175733000066, 23.952833875000067 ], [ 90.331228933000034, 23.952980535000052 ], [ 90.331321101000071, 23.95323211300007 ], [ 90.331368970000085, 23.953455559000076 ], [ 90.331387625000048, 23.953544149000038 ], [ 90.331391362000033, 23.953564464000067 ], [ 90.331419880000055, 23.953667144000065 ], [ 90.331420751000053, 23.953767628000037 ], [ 90.331421556000066, 23.953842141000052 ], [ 90.331391073000077, 23.953931966000027 ], [ 90.331377864000046, 23.954051672000048 ], [ 90.331347883000035, 23.954097464000029 ], [ 90.331311171000038, 23.954153994000023 ], [ 90.331265892000033, 23.954223529000046 ], [ 90.331243851000067, 23.954252365000059 ], [ 90.331175828000084, 23.95431461000004 ], [ 90.331102297000086, 23.954385333000062 ], [ 90.331055726000045, 23.954430032000062 ], [ 90.331023383000058, 23.954513649000035 ], [ 90.331015450000052, 23.95453455300003 ], [ 90.330968831000064, 23.954559494000023 ], [ 90.330911212000046, 23.954607601000077 ], [ 90.330805119000047, 23.954676138000025 ], [ 90.330735822000065, 23.954721448000043 ], [ 90.330675110000072, 23.954761660000031 ], [ 90.330582513000081, 23.954822827000044 ], [ 90.330423641000039, 23.954911234000065 ], [ 90.330319314000064, 23.95494928100004 ], [ 90.330240760000038, 23.954978240000059 ], [ 90.330168344000072, 23.95500493000003 ], [ 90.330135815000062, 23.955015161000063 ], [ 90.33002775600005, 23.955035715000065 ], [ 90.329920923000032, 23.955056267000032 ], [ 90.329810991000045, 23.95506497100007 ], [ 90.329702922000081, 23.955081574000076 ], [ 90.329625566000061, 23.955098111000041 ], [ 90.329502793000074, 23.955129988000067 ], [ 90.329410080000059, 23.95514655900007 ], [ 90.329317944000081, 23.955148449000035 ], [ 90.329194518000065, 23.955165085000033 ], [ 90.329101153000067, 23.955166979000069 ], [ 90.329008403000046, 23.955168871000069 ], [ 90.328916266000078, 23.955170197000029 ], [ 90.328823515000067, 23.955172090000076 ], [ 90.328746120000062, 23.955173384000034 ], [ 90.328666919000057, 23.955188796000073 ], [ 90.328638063000085, 23.95519450300003 ], [ 90.328560657000082, 23.955191281000054 ], [ 90.328510282000082, 23.955189696000048 ], [ 90.328300133000084, 23.955162484000027 ], [ 90.328156418000049, 23.955172388000051 ], [ 90.328030449000039, 23.955155158000025 ], [ 90.327870070000074, 23.955134048000048 ], [ 90.327705390000062, 23.955111819000024 ], [ 90.327618134000033, 23.955100149000032 ], [ 90.327524165000057, 23.955106559000058 ], [ 90.327385348000064, 23.955109114000038 ], [ 90.327323310000054, 23.955110375000061 ], [ 90.327215204000083, 23.955112300000053 ], [ 90.32704513200008, 23.955145405000053 ], [ 90.326954233000038, 23.955150114000048 ], [ 90.326798280000048, 23.955178671000056 ], [ 90.326690212000074, 23.955196401000023 ], [ 90.32662821200006, 23.95521234000006 ], [ 90.326520145000075, 23.955230070000027 ], [ 90.326412726000058, 23.955261348000079 ], [ 90.326252467000074, 23.955287655000063 ], [ 90.326235299000075, 23.955300111000042 ], [ 90.326196011000036, 23.955310356000041 ], [ 90.32614566500007, 23.955320060000076 ], [ 90.326019740000049, 23.955320327000038 ], [ 90.325823337000031, 23.955385665000051 ], [ 90.325707949000048, 23.955423731000053 ], [ 90.325676029000078, 23.955432267000049 ], [ 90.325563063000061, 23.955456216000073 ], [ 90.325423741000066, 23.955503367000063 ], [ 90.325379564000059, 23.955523783000046 ], [ 90.325254396000048, 23.955581066000036 ], [ 90.325177691000079, 23.955612276000068 ], [ 90.325115689000086, 23.955628215000047 ], [ 90.324947615000042, 23.955722844000036 ], [ 90.324814545000038, 23.955813449000061 ], [ 90.324792543000058, 23.955858092000028 ], [ 90.324761978000083, 23.955917998000075 ], [ 90.324762128000032, 23.955977835000056 ], [ 90.324763002000054, 23.956081705000031 ], [ 90.324763804000042, 23.956156220000025 ], [ 90.324764643000037, 23.956245977000037 ], [ 90.324750125000037, 23.956335766000052 ], [ 90.324724349000064, 23.956345417000023 ], [ 90.324681392000059, 23.956361881000078 ], [ 90.324599079000052, 23.956362055000056 ], [ 90.324242896000044, 23.956401193000033 ], [ 90.324081492000062, 23.956461373000025 ], [ 90.324007182000059, 23.956468868000059 ], [ 90.323945181000056, 23.956484806000049 ], [ 90.323775032000071, 23.956487423000056 ], [ 90.323666385000081, 23.956519830000047 ], [ 90.323542305000046, 23.956521786000053 ], [ 90.323403561000077, 23.956554254000025 ], [ 90.323260490000052, 23.956576573000063 ], [ 90.323218132000079, 23.956587951000074 ], [ 90.323155478000047, 23.956588648000036 ], [ 90.323032051000041, 23.95660584500007 ], [ 90.322954693000042, 23.956622377000031 ], [ 90.322859502000085, 23.956631611000034 ], [ 90.322768030000077, 23.956653254000059 ], [ 90.322693745000038, 23.956670910000071 ], [ 90.322613930000045, 23.956687449000071 ], [ 90.322303843000043, 23.956737214000043 ], [ 90.322107966000033, 23.956768673000056 ], [ 90.322087088000046, 23.956772104000038 ], [ 90.321994338000081, 23.956773992000024 ], [ 90.321916324000085, 23.956773591000058 ], [ 90.321682327000076, 23.956791017000057 ], [ 90.321606166000038, 23.956795692000071 ], [ 90.321497481000051, 23.956812855000067 ], [ 90.321358047000047, 23.956815405000043 ], [ 90.321217998000066, 23.956817957000055 ], [ 90.321124685000086, 23.956841298000029 ], [ 90.321032530000082, 23.956835845000057 ], [ 90.320957577000058, 23.956831486000056 ], [ 90.320845800000086, 23.956839623000064 ], [ 90.320752432000063, 23.95684151100005 ], [ 90.320659681000052, 23.956843399000036 ], [ 90.320614254000077, 23.956854785000075 ], [ 90.320535674000041, 23.956874707000054 ], [ 90.320395083000051, 23.956907177000062 ], [ 90.320240408000075, 23.956956613000045 ], [ 90.320182066000086, 23.956962945000043 ], [ 90.320116363000068, 23.956972115000042 ], [ 90.319992393000064, 23.957019227000046 ], [ 90.319883745000084, 23.957051066000076 ], [ 90.319697735000034, 23.957098875000042 ], [ 90.319619762000059, 23.957114843000056 ], [ 90.319542401000035, 23.957131374000028 ], [ 90.319436813000038, 23.957158691000075 ], [ 90.319355778000045, 23.957179183000051 ], [ 90.319231735000074, 23.957196377000059 ], [ 90.318999042000087, 23.957244844000058 ], [ 90.318905101000041, 23.957261974000062 ], [ 90.318827702000078, 23.957262700000058 ], [ 90.318674224000063, 23.957300278000048 ], [ 90.318594972000085, 23.957297055000026 ], [ 90.318454996000071, 23.957329523000055 ], [ 90.318191643000034, 23.957400069000073 ], [ 90.318070662000082, 23.957413304000056 ], [ 90.318033820000039, 23.957419590000029 ], [ 90.317837936000046, 23.957448786000043 ], [ 90.317739685000049, 23.957463103000066 ], [ 90.317551815000058, 23.957504135000079 ], [ 90.317366352000079, 23.957524843000044 ], [ 90.317240343000037, 23.957491231000063 ], [ 90.317224900000042, 23.957455699000036 ], [ 90.317256077000081, 23.957394665000038 ], [ 90.317286573000047, 23.957305409000071 ], [ 90.317348250000066, 23.957155119000049 ], [ 90.317394785000033, 23.957094619000031 ], [ 90.317455344000052, 23.956990058000031 ], [ 90.317487026000038, 23.956884427000034 ], [ 90.317514513000049, 23.956820579000066 ], [ 90.317531611000049, 23.956779335000078 ], [ 90.317596324000078, 23.956615489000058 ], [ 90.317610986000034, 23.956582152000067 ], [ 90.31765557600005, 23.95647931700006 ], [ 90.317696468000065, 23.956370845000038 ], [ 90.31772460500008, 23.956322239000031 ], [ 90.317748469000037, 23.956284366000034 ], [ 90.317777227000079, 23.956238581000036 ], [ 90.31779005900006, 23.956210892000058 ], [ 90.317854835000048, 23.956073015000072 ], [ 90.317908676000059, 23.955985404000046 ], [ 90.317920874000038, 23.955949248000024 ], [ 90.317963082000063, 23.95587746800004 ], [ 90.318021735000059, 23.955748070000027 ], [ 90.318101246000083, 23.955607340000029 ], [ 90.318147022000062, 23.955487567000034 ], [ 90.318208045000063, 23.955322601000034 ], [ 90.318269681000061, 23.955157069000052 ], [ 90.318299560000071, 23.955067248000034 ], [ 90.318330484000057, 23.954902909000054 ], [ 90.318360830000074, 23.954753248000031 ], [ 90.318405883000082, 23.954588879000028 ], [ 90.318436337000037, 23.95448381500006 ], [ 90.318450641000084, 23.954304833000037 ], [ 90.318481508000048, 23.954117349000057 ], [ 90.318493014000069, 23.954050146000043 ], [ 90.318597176000083, 23.953693155000053 ], [ 90.318658725000034, 23.95324253900003 ], [ 90.318670289000067, 23.953199611000059 ], [ 90.31873719400005, 23.952929067000071 ], [ 90.318768262000049, 23.952824001000067 ], [ 90.318793781000068, 23.95270991600006 ], [ 90.318801720000067, 23.952690706000055 ], [ 90.318813291000083, 23.952650036000023 ], [ 90.318843734000041, 23.952539891000072 ], [ 90.318855036000059, 23.952389706000076 ], [ 90.318886735000035, 23.952291413000069 ], [ 90.318897706000087, 23.952256956000042 ], [ 90.318918909000047, 23.952136669000026 ], [ 90.318979746000082, 23.951896622000049 ], [ 90.319025263000071, 23.951672976000054 ], [ 90.319054957000048, 23.95150807400006 ], [ 90.319054885000071, 23.951478721000058 ], [ 90.319054013000084, 23.951374284000053 ], [ 90.319083597000031, 23.951164787000039 ], [ 90.319108691000054, 23.951128606000054 ], [ 90.319119472000068, 23.951016244000073 ], [ 90.319138033000058, 23.950820881000027 ], [ 90.319163173000049, 23.950553245000037 ], [ 90.319080327000052, 23.950584467000056 ], [ 90.319018923000044, 23.950593628000036 ], [ 90.318971645000033, 23.950601064000068 ], [ 90.31889428900007, 23.95061759500004 ], [ 90.318832255000075, 23.950618853000037 ], [ 90.318645640000057, 23.950666660000024 ], [ 90.318568897000034, 23.950682626000059 ], [ 90.318460254000058, 23.950714464000043 ], [ 90.318425242000046, 23.950715101000071 ], [ 90.318336180000074, 23.950716980000038 ], [ 90.318180890000065, 23.950764157000037 ], [ 90.318118277000053, 23.950780092000059 ], [ 90.317978995000033, 23.950842479000073 ], [ 90.317916956000033, 23.950843172000077 ], [ 90.317839602000049, 23.950859703000049 ], [ 90.317761631000053, 23.950875670000073 ], [ 90.317655408000064, 23.950893391000022 ], [ 90.317622864000043, 23.950897409000049 ], [ 90.317466335000063, 23.950940637000031 ], [ 90.317423359000031, 23.950949758000036 ], [ 90.317388980000032, 23.950957168000059 ], [ 90.317295040000033, 23.950973733000069 ], [ 90.317229395000084, 23.951006610000036 ], [ 90.317161214000066, 23.951006751000023 ], [ 90.317013847000055, 23.95102907200004 ], [ 90.316973936000068, 23.951035365000052 ], [ 90.316953049000062, 23.951034279000055 ], [ 90.316891026000064, 23.95104118200004 ], [ 90.316746715000079, 23.951056721000043 ], [ 90.316639777000034, 23.95103266700005 ], [ 90.316561705000083, 23.951006859000074 ], [ 90.316360137000061, 23.950969452000038 ], [ 90.316319563000036, 23.950955423000039 ], [ 90.316221843000051, 23.950933044000067 ], [ 90.316077380000081, 23.950885920000076 ], [ 90.316052165000031, 23.950873553000065 ], [ 90.315990664000083, 23.950842632000047 ], [ 90.315933456000039, 23.950808313000039 ], [ 90.315814795000051, 23.95076339600007 ], [ 90.315785885000082, 23.950747084000056 ], [ 90.31571391600005, 23.950705457000026 ], [ 90.315657953000084, 23.950677910000024 ], [ 90.31558231200006, 23.950641372000064 ], [ 90.315493723000031, 23.950585666000052 ], [ 90.315443893000065, 23.950554157000056 ], [ 90.315406984000049, 23.950532215000067 ], [ 90.31537746500004, 23.950517600000069 ], [ 90.31527353000007, 23.950465311000073 ], [ 90.315232330000072, 23.950447331000078 ], [ 90.31519541800003, 23.95042369600003 ], [ 90.315072997000073, 23.950347174000058 ], [ 90.314974574000075, 23.950288101000069 ], [ 90.31488523400003, 23.950175381000065 ], [ 90.314845159000072, 23.950113929000054 ], [ 90.314786643000048, 23.950047436000034 ], [ 90.314736788000062, 23.950005199000032 ], [ 90.314709736000054, 23.949995093000041 ], [ 90.314644033000036, 23.950003696000067 ], [ 90.314537065000081, 23.949967221000065 ], [ 90.314416634000054, 23.949951097000053 ], [ 90.314362583000047, 23.94995233700007 ], [ 90.314284575000045, 23.949953062000077 ], [ 90.314081267000063, 23.949956300000053 ], [ 90.314019232000078, 23.949957556000072 ], [ 90.313910514000042, 23.949959471000057 ], [ 90.313816538000083, 23.94996079200007 ], [ 90.313791374000061, 23.949969312000064 ], [ 90.313723247000041, 23.949992030000033 ], [ 90.313645243000053, 23.949993319000043 ], [ 90.313516254000035, 23.949995276000038 ], [ 90.31341122200007, 23.94999718400004 ], [ 90.313317860000041, 23.949998504000064 ], [ 90.313207914000031, 23.950000421000027 ], [ 90.313066630000037, 23.949997322000058 ], [ 90.312991114000056, 23.950012718000039 ], [ 90.312959169000067, 23.950011090000032 ], [ 90.312817878000033, 23.950005168000075 ], [ 90.312651376000076, 23.949988008000048 ], [ 90.312610831000086, 23.949985832000038 ], [ 90.312380483000084, 23.949984043000029 ], [ 90.312276078000082, 23.949991030000035 ], [ 90.312253970000086, 23.949992768000072 ], [ 90.312219557000049, 23.949986628000033 ], [ 90.312178384000049, 23.949979373000076 ], [ 90.311991575000036, 23.949946445000023 ], [ 90.311826269000051, 23.949915733000068 ], [ 90.311687179000046, 23.949803675000055 ], [ 90.311391866000065, 23.949861856000041 ], [ 90.31120751800006, 23.949831180000047 ], [ 90.311090124000032, 23.949800934000052 ], [ 90.310888504000047, 23.949739244000057 ], [ 90.310351250000053, 23.949570976000075 ], [ 90.310236944000053, 23.949547497000026 ], [ 90.310204354000064, 23.949532884000064 ], [ 90.310062959000049, 23.949482928000066 ], [ 90.309968876000084, 23.949439650000045 ], [ 90.30982756800006, 23.949426950000031 ], [ 90.309764917000052, 23.949427642000046 ], [ 90.309696124000084, 23.949428345000058 ], [ 90.309608290000085, 23.949429651000059 ], [ 90.309529671000064, 23.949430939000024 ], [ 90.309467020000056, 23.949432194000053 ], [ 90.309357688000034, 23.949433543000055 ], [ 90.309279067000034, 23.949434831000076 ], [ 90.309218287000078, 23.949447374000044 ], [ 90.308828256000083, 23.949453239000036 ], [ 90.308714035000037, 23.949465323000027 ], [ 90.30841435800005, 23.949496409000062 ], [ 90.308165066000072, 23.949535297000068 ], [ 90.308141749000072, 23.949545504000071 ], [ 90.307977178000044, 23.949565029000041 ], [ 90.307654790000072, 23.949603497000055 ], [ 90.307409881000069, 23.949677940000072 ], [ 90.307379193000031, 23.949687599000072 ], [ 90.307348489000049, 23.949691613000027 ], [ 90.307176594000055, 23.94973090700006 ], [ 90.307019422000053, 23.949762834000069 ], [ 90.306909580000081, 23.949808217000054 ], [ 90.306768342000055, 23.949824869000054 ], [ 90.306657852000058, 23.94985613800003 ], [ 90.306518488000052, 23.949886337000066 ], [ 90.306406808000077, 23.949933416000079 ], [ 90.306343543000082, 23.949934671000051 ], [ 90.306248985000082, 23.949950100000024 ], [ 90.306107819000033, 23.949996672000054 ], [ 90.305949960000078, 23.949998681000068 ], [ 90.30588730900007, 23.949999370000057 ], [ 90.305808073000037, 23.950000092000039 ], [ 90.305698128000074, 23.950002004000055 ], [ 90.305635474000042, 23.95000213000003 ], [ 90.305572210000037, 23.950003385000059 ], [ 90.305446221000068, 23.949974844000053 ], [ 90.305209673000036, 23.949947652000048 ], [ 90.305083650000086, 23.949904435000064 ], [ 90.304941768000049, 23.949908669000024 ], [ 90.304732818000048, 23.949863357000027 ], [ 90.30454721600006, 23.949820822000049 ], [ 90.304373352000084, 23.949807618000023 ], [ 90.304262722000033, 23.94977904700005 ], [ 90.304162558000087, 23.949761180000053 ], [ 90.304134905000069, 23.949756155000046 ], [ 90.304024929000036, 23.949745082000049 ], [ 90.303930927000067, 23.949735672000031 ], [ 90.303756440000086, 23.949718516000075 ], [ 90.303662952000082, 23.949666200000024 ], [ 90.303473701000087, 23.949638913000058 ], [ 90.303363069000056, 23.949609777000035 ], [ 90.303268476000085, 23.94961052900004 ], [ 90.303031826000051, 23.949539301000073 ], [ 90.302889183000048, 23.949480872000038 ], [ 90.302801935000048, 23.949469753000074 ], [ 90.302782256000057, 23.949460195000029 ], [ 90.302660502000037, 23.949402290000023 ], [ 90.302130777000059, 23.949297204000061 ], [ 90.30159309700008, 23.949204549000058 ], [ 90.301346073000047, 23.949162130000047 ], [ 90.301202895000074, 23.949137008000037 ], [ 90.301164183000083, 23.949130310000044 ], [ 90.301022807000038, 23.949087120000058 ], [ 90.300999449000074, 23.949079827000048 ], [ 90.300957035000067, 23.949066924000078 ], [ 90.300918314000057, 23.949056275000032 ], [ 90.300789854000072, 23.949019832000033 ], [ 90.300657705000049, 23.948982833000059 ], [ 90.30056978600004, 23.94894744100003 ], [ 90.300542119000056, 23.948936204000063 ], [ 90.300449896000032, 23.948899126000072 ], [ 90.300173956000037, 23.948835874000054 ], [ 90.300171515000045, 23.949108543000023 ], [ 90.300171039000077, 23.949168383000028 ], [ 90.300170563000052, 23.949228224000024 ], [ 90.300169030000063, 23.949362019000034 ], [ 90.300168008000071, 23.949451214000078 ], [ 90.300168762000055, 23.949511617000041 ], [ 90.300154839000072, 23.94959971000003 ], [ 90.300164943000084, 23.949719368000046 ], [ 90.300165289000063, 23.949868966000054 ], [ 90.30016617800004, 23.949987513000053 ], [ 90.30013505800008, 23.950077333000024 ], [ 90.300151236000033, 23.950166495000076 ], [ 90.300150760000065, 23.950226335000025 ], [ 90.300148579000052, 23.950346018000062 ], [ 90.300159812000061, 23.950421643000027 ], [ 90.300170455000057, 23.950508558000024 ], [ 90.300185386000067, 23.950590384000066 ], [ 90.300178508000045, 23.950803222000047 ], [ 90.300248282000041, 23.951225912000041 ], [ 90.300281025000061, 23.95130714000004 ], [ 90.300281243000086, 23.951401414000031 ], [ 90.300281452000036, 23.951491171000043 ], [ 90.300313158000051, 23.951654821000034 ], [ 90.300313909000067, 23.951714093000078 ], [ 90.300345754000034, 23.951937582000028 ], [ 90.300345891000063, 23.951996856000051 ], [ 90.300362240000084, 23.952160535000075 ], [ 90.300394629000039, 23.952353539000057 ], [ 90.300398591000032, 23.952473209000061 ], [ 90.300394957000037, 23.95249579700004 ], [ 90.300395146000085, 23.952577087000066 ], [ 90.30041067500008, 23.952651574000072 ], [ 90.300411531000066, 23.952755444000047 ], [ 90.300411739000083, 23.952845204000027 ], [ 90.300412050000034, 23.952979558000038 ], [ 90.300412257000062, 23.953068752000036 ], [ 90.300412499000061, 23.95317318900004 ], [ 90.300412393000045, 23.953393352000035 ], [ 90.300412641000037, 23.953500045000055 ], [ 90.300413394000032, 23.953559882000036 ], [ 90.300381627000036, 23.953635026000029 ], [ 90.300381763000075, 23.953694301000041 ], [ 90.300350201000072, 23.953858073000049 ], [ 90.30033443800005, 23.953947864000043 ], [ 90.300319254000044, 23.954022409000061 ], [ 90.300318848000074, 23.954112169000041 ], [ 90.300287934000039, 23.954291183000066 ], [ 90.300256131000083, 23.954351084000052 ], [ 90.300256371000046, 23.954454955000074 ], [ 90.30022467200007, 23.954559453000059 ], [ 90.300225458000057, 23.954633969000042 ], [ 90.300177889000054, 23.954783095000039 ], [ 90.300177413000085, 23.954842936000034 ], [ 90.300146362000078, 23.954962111000043 ], [ 90.300130564000085, 23.955036659000029 ], [ 90.300114903000065, 23.955170481000039 ], [ 90.300067917000035, 23.955305492000036 ], [ 90.300020244000052, 23.955410020000045 ], [ 90.299909616000036, 23.955649594000079 ], [ 90.299862558000086, 23.95575412200003 ], [ 90.299812565000082, 23.955917931000045 ], [ 90.299807101000056, 23.955945604000078 ], [ 90.29977963500005, 23.956021867000061 ], [ 90.299735893000047, 23.956231954000032 ], [ 90.299688187000072, 23.956321806000062 ], [ 90.299673037000048, 23.956411030000027 ], [ 90.299610249000068, 23.956620026000053 ], [ 90.299562577000074, 23.956725120000044 ], [ 90.299515519000067, 23.956829648000053 ], [ 90.299420688000055, 23.956994672000064 ], [ 90.29934121000008, 23.957159667000042 ], [ 90.299278934000085, 23.957324064000034 ], [ 90.299215974000049, 23.957459107000034 ], [ 90.299168404000056, 23.957608234000077 ], [ 90.299153254000032, 23.957698023000034 ], [ 90.299106230000064, 23.957817792000071 ], [ 90.299075109000057, 23.957907611000053 ], [ 90.29907466700007, 23.957982128000026 ], [ 90.299028222000061, 23.958086655000045 ], [ 90.299011774000064, 23.958146527000054 ], [ 90.298964889000047, 23.95832613500005 ], [ 90.298918410000056, 23.958415984000055 ], [ 90.298917967000079, 23.958490503000064 ], [ 90.298902919000056, 23.958624887000042 ], [ 90.29887169400007, 23.958670109000025 ], [ 90.29887186600007, 23.958744626000055 ], [ 90.298872039000059, 23.958819707000032 ], [ 90.298840952000035, 23.958924204000027 ], [ 90.29879457800007, 23.959059215000025 ], [ 90.29876280600007, 23.959133793000035 ], [ 90.298707800000045, 23.959255272000064 ], [ 90.298652786000048, 23.959373928000048 ], [ 90.298591054000042, 23.959508968000023 ], [ 90.29854341500004, 23.959628738000049 ], [ 90.298481102000039, 23.959778458000073 ], [ 90.298442636000061, 23.959880147000035 ], [ 90.298171109000066, 23.960411324000063 ], [ 90.298158499000067, 23.96053723700004 ], [ 90.298140312000044, 23.96064227200003 ], [ 90.298125921000064, 23.960795287000053 ], [ 90.298074664000069, 23.960944984000037 ], [ 90.298020361000056, 23.961105977000045 ], [ 90.297992321000038, 23.961200870000027 ], [ 90.297963048000042, 23.96129350800004 ], [ 90.297949161000076, 23.961399665000044 ], [ 90.29791500500005, 23.961505297000031 ], [ 90.29788282100003, 23.961668506000024 ], [ 90.297828483000046, 23.961814257000071 ], [ 90.29781203400006, 23.961874128000034 ], [ 90.297705761000032, 23.961874899000065 ], [ 90.297516561000066, 23.961876959000051 ], [ 90.297422567000069, 23.961874318000071 ], [ 90.297171227000035, 23.961835854000071 ], [ 90.297091984000076, 23.961836572000038 ], [ 90.296997929000042, 23.961807400000055 ], [ 90.296919266000032, 23.961793438000029 ], [ 90.296745933000068, 23.961750305000066 ], [ 90.296683207000058, 23.961721072000046 ], [ 90.296588606000057, 23.961721819000047 ], [ 90.296478580000041, 23.961693241000035 ], [ 90.296368622000045, 23.96169401800006 ], [ 90.296301050000068, 23.961694712000053 ], [ 90.296273407000058, 23.961694766000051 ], [ 90.296194778000086, 23.961695482000039 ], [ 90.296100792000061, 23.961696228000051 ], [ 90.295958889000076, 23.961697067000046 ], [ 90.295880906000036, 23.961712458000022 ], [ 90.295801697000059, 23.96172785300007 ], [ 90.295723100000032, 23.961742681000032 ], [ 90.295688718000065, 23.961750650000056 ], [ 90.295631616000037, 23.961763745000042 ], [ 90.295307050000076, 23.961939372000074 ], [ 90.29505359400008, 23.962050504000047 ], [ 90.29503642700007, 23.962065216000042 ], [ 90.294800315000032, 23.962238977000027 ], [ 90.294720539000082, 23.962275824000073 ], [ 90.294646899000043, 23.962309271000038 ], [ 90.294589229000053, 23.962342124000031 ], [ 90.294449956000051, 23.962419730000079 ], [ 90.294424802000037, 23.962433327000042 ], [ 90.294164482000042, 23.962497618000043 ], [ 90.293961252000031, 23.962544861000026 ], [ 90.29355412700005, 23.96261564100007 ], [ 90.293299191000074, 23.962616129000025 ], [ 90.293044922000036, 23.962640324000063 ], [ 90.292989065000086, 23.962660753000023 ], [ 90.29277834100003, 23.962653252000052 ], [ 90.292714454000077, 23.96265337400007 ], [ 90.292535767000061, 23.962687585000026 ], [ 90.292011913000067, 23.962754633000031 ], [ 90.291975679000075, 23.962759218000031 ], [ 90.291882975000078, 23.962783667000053 ], [ 90.291785357000037, 23.962809822000054 ], [ 90.291619594000053, 23.962853604000031 ], [ 90.291569881000044, 23.962875151000048 ], [ 90.291238476000046, 23.96301803800003 ], [ 90.290907754000045, 23.963192539000033 ], [ 90.290882597000063, 23.963205570000071 ], [ 90.290482286000042, 23.963303990000043 ], [ 90.290404309000053, 23.963321638000025 ], [ 90.290307286000086, 23.963338192000037 ], [ 90.29024339700004, 23.963338877000069 ], [ 90.290083709000044, 23.963353856000026 ], [ 90.290003850000062, 23.963354007000078 ], [ 90.289939349000065, 23.963354129000038 ], [ 90.289875459000086, 23.963354250000066 ], [ 90.289811572000076, 23.963354370000047 ], [ 90.289737277000086, 23.963371446000053 ], [ 90.289713946000063, 23.963376572000072 ], [ 90.289674648000073, 23.963384549000068 ], [ 90.289554296000063, 23.963408486000048 ], [ 90.289381136000031, 23.963442684000029 ], [ 90.288693829000067, 23.963490832000048 ], [ 90.288184668000042, 23.963538645000028 ], [ 90.287907005000079, 23.96354029400004 ], [ 90.287751581000066, 23.963539458000071 ], [ 90.287192150000067, 23.963633650000077 ], [ 90.286940966000031, 23.963942348000046 ], [ 90.286946087000047, 23.964035484000078 ], [ 90.286913791000075, 23.964154094000037 ], [ 90.28688825200004, 23.964273255000023 ], [ 90.286888384000065, 23.964332530000036 ], [ 90.286835022000048, 23.964370452000026 ], [ 90.286753335000071, 23.964377944000034 ], [ 90.286689447000072, 23.964378063000026 ], [ 90.286624943000049, 23.964378183000065 ], [ 90.286496552000074, 23.964378988000078 ], [ 90.286400720000074, 23.964379166000072 ], [ 90.28620899100008, 23.964350735000039 ], [ 90.286138936000043, 23.964341268000055 ], [ 90.285952114000054, 23.964308875000029 ], [ 90.285792323000067, 23.964278122000053 ], [ 90.285727787000042, 23.964263 ], [ 90.285631923000039, 23.964249067000026 ], [ 90.285520021000082, 23.964205243000038 ], [ 90.285424155000044, 23.96419017900007 ], [ 90.285279727000045, 23.964161091000051 ], [ 90.285214009000072, 23.964166858000056 ], [ 90.285136553000086, 23.964143858000057 ], [ 90.285055469000042, 23.964146830000061 ], [ 90.284990969000035, 23.964147515000036 ], [ 90.284863192000046, 23.964147752000031 ], [ 90.284781483000074, 23.964146210000024 ], [ 90.284704153000064, 23.964179659000024 ], [ 90.284605957000053, 23.964222182000071 ], [ 90.284509641000056, 23.964282198000035 ], [ 90.284445234000032, 23.964326351000068 ], [ 90.28432439900007, 23.964410688000044 ], [ 90.284266143000082, 23.964458217000072 ], [ 90.283961443000067, 23.964739347000034 ], [ 90.283746122000082, 23.964878617000068 ], [ 90.283704962000058, 23.964878128000066 ], [ 90.283603596000034, 23.964876623000066 ], [ 90.283535423000046, 23.964883522000036 ], [ 90.283384261000037, 23.964865737000025 ], [ 90.283251533000055, 23.964850174000048 ], [ 90.28308260600005, 23.964855002000036 ], [ 90.282914278000078, 23.964852490000055 ], [ 90.282796940000082, 23.964851013000043 ], [ 90.282713391000073, 23.96485060200007 ], [ 90.282561654000062, 23.964849752000077 ], [ 90.28254204600006, 23.964873500000067 ], [ 90.282511357000033, 23.964886539000076 ], [ 90.282442006000053, 23.964916022000068 ], [ 90.28238308400006, 23.964940969000054 ], [ 90.282313138000063, 23.964980615000059 ], [ 90.282211209000081, 23.965001689000076 ], [ 90.282018909000044, 23.964994139000055 ], [ 90.281926375000069, 23.965099311000074 ], [ 90.28187493300004, 23.965173356000037 ], [ 90.281841275000033, 23.965232694000065 ], [ 90.281791063000071, 23.965307301000053 ], [ 90.281758052000043, 23.965381879000063 ], [ 90.281694839000068, 23.965410785000074 ], [ 90.281654434000075, 23.965475780000077 ], [ 90.281626275000065, 23.965520993000041 ], [ 90.281560771000045, 23.965626678000035 ], [ 90.281546691000074, 23.96564928600003 ], [ 90.281539366000061, 23.965670751000062 ], [ 90.281541489000062, 23.965800022000053 ], [ 90.281542809000086, 23.965841794000028 ], [ 90.281546733000084, 23.965951303000054 ], [ 90.281543708000072, 23.965972761000046 ], [ 90.281545595000068, 23.965993081000079 ], [ 90.281598212000063, 23.966177017000064 ], [ 90.281644645000085, 23.966341772000078 ], [ 90.281650833000072, 23.966362649000075 ], [ 90.281721067000035, 23.966455101000065 ], [ 90.281817743000033, 23.966559360000076 ], [ 90.281888486000071, 23.966603263000025 ], [ 90.281906978000052, 23.966631454000037 ], [ 90.281942725000079, 23.966685018000078 ], [ 90.281971197000075, 23.966782629000079 ], [ 90.281987904000061, 23.966837920000046 ], [ 90.281993488000069, 23.966862749000029 ], [ 90.281983867000065, 23.966958734000059 ], [ 90.281981471000051, 23.966986966000036 ], [ 90.281976705000034, 23.967055281000057 ], [ 90.281930193000051, 23.967137223000066 ], [ 90.281862840000031, 23.967239524000036 ], [ 90.281845043000033, 23.967248589000064 ], [ 90.281771407000065, 23.967286546000025 ], [ 90.281555298000058, 23.967349042000023 ], [ 90.281518462000065, 23.967359835000025 ], [ 90.281452125000044, 23.967365037000036 ], [ 90.281320681000068, 23.967375440000069 ], [ 90.281080978000034, 23.967322814000056 ], [ 90.280858508000051, 23.967285397000069 ], [ 90.280709759000047, 23.967247847000067 ], [ 90.280519784000035, 23.967179887000043 ], [ 90.280379636000077, 23.96714232100004 ], [ 90.280288640000038, 23.967107486000032 ], [ 90.280186581000066, 23.967070414000034 ], [ 90.280083322000053, 23.967046893000031 ], [ 90.279966458000047, 23.966981622000048 ], [ 90.279896309000037, 23.966927555000041 ], [ 90.279792403000044, 23.966888793000066 ], [ 90.279687854000031, 23.966835919000061 ], [ 90.27953842800008, 23.966769013000032 ], [ 90.279370573000051, 23.966702705000046 ], [ 90.27926356100005, 23.966647576000071 ], [ 90.279109831000085, 23.966578985000069 ], [ 90.279040352000038, 23.966550885000061 ], [ 90.278906926000047, 23.966496370000073 ], [ 90.278782745000058, 23.966455950000068 ], [ 90.278546017000053, 23.966357024000047 ], [ 90.278434117000074, 23.966314322000073 ], [ 90.278239839000037, 23.966243546000044 ], [ 90.278096576000053, 23.966185660000065 ], [ 90.277965633000065, 23.966142993000062 ], [ 90.277692146000049, 23.966090422000036 ], [ 90.27765340600007, 23.966072429000064 ], [ 90.277594372000067, 23.966045438000037 ], [ 90.277464078000037, 23.966018577000057 ], [ 90.277364497000065, 23.965990530000056 ], [ 90.277267374000076, 23.965961915000037 ], [ 90.277119227000071, 23.965918152000029 ], [ 90.276888122000059, 23.96586211500005 ], [ 90.276770689000045, 23.965817167000068 ], [ 90.276658861000044, 23.965806077000025 ], [ 90.276543921000041, 23.965778057000023 ], [ 90.27637734800004, 23.965735454000026 ], [ 90.276195381000036, 23.965675378000071 ], [ 90.276065738000057, 23.965665450000074 ], [ 90.275915749000035, 23.965621687000066 ], [ 90.27574794700007, 23.965578520000065 ], [ 90.275617652000051, 23.965550528000051 ], [ 90.27539383900006, 23.965456655000025 ], [ 90.27527828400008, 23.965427508000062 ], [ 90.275106756000071, 23.96536515300005 ], [ 90.27503723600006, 23.965317294000045 ], [ 90.274987388000056, 23.96527560800007 ], [ 90.27488711400008, 23.965209739000045 ], [ 90.274771485000031, 23.965145590000077 ], [ 90.274688440000034, 23.965092674000061 ], [ 90.274574038000083, 23.965026829000067 ], [ 90.274444212000049, 23.964930529000071 ], [ 90.274314418000074, 23.964849470000047 ], [ 90.274201853000079, 23.964780800000028 ], [ 90.274089868000033, 23.964696321000076 ], [ 90.274046173000045, 23.964659142000073 ], [ 90.273836927000048, 23.964479996000023 ], [ 90.27379017800007, 23.964451290000056 ], [ 90.273663995000049, 23.964334095000027 ], [ 90.27353845500005, 23.964230447000034 ], [ 90.273428920000072, 23.964142011000035 ], [ 90.273334190000071, 23.964082341000051 ], [ 90.273270822000086, 23.964037292000057 ], [ 90.273128661000044, 23.963917302000027 ], [ 90.273050451000074, 23.963825988000053 ], [ 90.272991976000071, 23.963771335000047 ], [ 90.272957499000086, 23.963735831000065 ], [ 90.272845453000059, 23.963620868000078 ], [ 90.272807881000062, 23.963574644000062 ], [ 90.272719192000068, 23.963465849000045 ], [ 90.272642850000068, 23.963385822000077 ], [ 90.272561581000048, 23.963300724000078 ], [ 90.272513600000082, 23.963270325000053 ], [ 90.272466786000052, 23.963210005000064 ], [ 90.272419391000085, 23.963164926000047 ], [ 90.272372575000077, 23.963104606000059 ], [ 90.27230914200004, 23.96302907300003 ], [ 90.272168056000055, 23.962833434000061 ], [ 90.272105237000062, 23.962757901000032 ], [ 90.272041837000074, 23.962697609000031 ], [ 90.271995054000058, 23.962652530000071 ], [ 90.271915682000042, 23.962592267000048 ], [ 90.271852344000081, 23.962561894000032 ], [ 90.271741612000085, 23.962487009000029 ], [ 90.271710860000042, 23.96246956300007 ], [ 90.271640808000086, 23.962459526000032 ], [ 90.271499494000068, 23.962448487000074 ], [ 90.271383416000049, 23.962461110000049 ], [ 90.271243971000047, 23.962462487000039 ], [ 90.271162348000075, 23.962501017000022 ], [ 90.271048134000068, 23.962523235000049 ], [ 90.270939584000075, 23.962610363000067 ], [ 90.270847508000031, 23.962644397000076 ], [ 90.270449226000039, 23.962838165000051 ], [ 90.270428289000051, 23.962813929000049 ], [ 90.270309370000064, 23.962937203000024 ], [ 90.270277615000055, 23.963028148000035 ], [ 90.270229241000038, 23.963103314000023 ], [ 90.270212781000055, 23.963163746000077 ], [ 90.270212353000034, 23.963253505000068 ], [ 90.270202063000056, 23.96332691200007 ], [ 90.27019540100008, 23.96337208500006 ], [ 90.270179588000076, 23.963448889000063 ], [ 90.270170051000036, 23.963588906000041 ], [ 90.270162765000066, 23.963630128000034 ], [ 90.270129687000065, 23.963675348000038 ], [ 90.27012922800003, 23.963750431000051 ], [ 90.27004906600007, 23.963900734000049 ], [ 90.270000724000056, 23.963991143000044 ], [ 90.269872644000031, 23.964140966000059 ], [ 90.269824821000043, 23.964186211000026 ], [ 90.269777029000068, 23.964246136000042 ], [ 90.269681352000077, 23.964320821000058 ], [ 90.269633498000076, 23.964350824000064 ], [ 90.269470357000046, 23.964479820000065 ], [ 90.269372176000047, 23.964533058000029 ], [ 90.269244560000061, 23.964610621000077 ], [ 90.269123117000049, 23.964703416000077 ], [ 90.269028650000052, 23.964770195000028 ], [ 90.268972217000055, 23.96481037500007 ], [ 90.268899988000044, 23.964936390000048 ], [ 90.268822157000045, 23.965026284000032 ], [ 90.268724020000036, 23.965101538000056 ], [ 90.268652404000079, 23.965225858000053 ], [ 90.268690743000036, 23.965347162000057 ], [ 90.26870002000004, 23.965377631000024 ], [ 90.26873217800005, 23.965480317000072 ], [ 90.268833828000083, 23.965618446000065 ], [ 90.268859099000053, 23.965659048000077 ], [ 90.26890836900003, 23.965718800000047 ], [ 90.268937314000084, 23.965753750000033 ], [ 90.268960725000056, 23.965785323000034 ], [ 90.269020486000045, 23.96586820300007 ], [ 90.269083335000062, 23.965958415000046 ], [ 90.269130795000081, 23.966034543000035 ], [ 90.269193614000073, 23.966110079000032 ], [ 90.269287826000038, 23.966216043000031 ], [ 90.269350644000042, 23.966291579000028 ], [ 90.269413494000048, 23.966382356000054 ], [ 90.269475729000078, 23.966473135000058 ], [ 90.269538612000076, 23.966579155000034 ], [ 90.26960207500008, 23.966669367000065 ], [ 90.269648369000038, 23.966775415000029 ], [ 90.269705035000072, 23.96684588100004 ], [ 90.269704028000035, 23.966952577000029 ], [ 90.269717140000068, 23.967054167000072 ], [ 90.269727863000071, 23.967188504000035 ], [ 90.269747214000063, 23.967335246000061 ], [ 90.269768327000065, 23.96744416100006 ], [ 90.269756508000057, 23.96766886100005 ], [ 90.269783786000062, 23.96778736300007 ], [ 90.269811132000086, 23.967939171000069 ], [ 90.269822929000043, 23.967998990000069 ], [ 90.269782587000066, 23.968096723000031 ], [ 90.269781524000052, 23.968176322000033 ], [ 90.269781127000044, 23.968281323000042 ], [ 90.269748694000043, 23.968341784000074 ], [ 90.269732847000057, 23.968402215000026 ], [ 90.269653138000081, 23.968476872000053 ], [ 90.269573397000045, 23.968536287000063 ], [ 90.269493596000075, 23.968565783000031 ], [ 90.26939905100005, 23.968595867000033 ], [ 90.269319278000069, 23.968640040000025 ], [ 90.269256002000077, 23.968640151000045 ], [ 90.269126381000035, 23.968642072000023 ], [ 90.269065553000075, 23.968638227000042 ], [ 90.268946354000036, 23.968629968000073 ], [ 90.268818525000086, 23.968607046000045 ], [ 90.268691956000055, 23.96859992900005 ], [ 90.268606516000034, 23.968576934000055 ], [ 90.26847934500006, 23.968575463000036 ], [ 90.268384737000076, 23.96857506300006 ], [ 90.26817893100008, 23.96857373000006 ], [ 90.26805237700006, 23.968573387000049 ], [ 90.267973126000072, 23.968572960000074 ], [ 90.267734887000074, 23.968632651000064 ], [ 90.267671057000086, 23.968662118000054 ], [ 90.267576541000039, 23.968706879000024 ], [ 90.267497383000034, 23.968751050000037 ], [ 90.267418286000066, 23.968825139000046 ], [ 90.267293754000036, 23.968911728000023 ], [ 90.267215883000063, 23.968984123000041 ], [ 90.267107322000072, 23.969070683000041 ], [ 90.26704542300007, 23.969142485000077 ], [ 90.266968224000038, 23.969243669000036 ], [ 90.266914238000084, 23.969281585000033 ], [ 90.266876248000074, 23.969329071000061 ], [ 90.266767196000046, 23.969474908000052 ], [ 90.26668144000007, 23.969596992000049 ], [ 90.266582706000065, 23.969682406000061 ], [ 90.266536708000046, 23.969719744000031 ], [ 90.26648212200007, 23.969763872000044 ], [ 90.266371056000082, 23.969827290000069 ], [ 90.266264260000071, 23.969876026000065 ], [ 90.266179656000077, 23.969961415000057 ], [ 90.26609876100008, 23.970057523000037 ], [ 90.266076109000039, 23.970096515000023 ], [ 90.266012900000078, 23.970129366000037 ], [ 90.265934874000038, 23.970127809000076 ], [ 90.265794245000052, 23.970154584000056 ], [ 90.265699663000078, 23.970168296000054 ], [ 90.265479107000033, 23.970165291000058 ], [ 90.265400438000086, 23.970149056000025 ], [ 90.265337775000035, 23.970149165000066 ], [ 90.265211158000056, 23.970118335000052 ], [ 90.265099901000042, 23.970088607000037 ], [ 90.265036561000045, 23.970058231000053 ], [ 90.264973191000081, 23.970013180000024 ], [ 90.264877876000071, 23.969968183000049 ], [ 90.264787467000076, 23.969919227000048 ], [ 90.26476900800003, 23.969905146000031 ], [ 90.264581950000036, 23.969758692000028 ], [ 90.264253038000049, 23.96964183800003 ], [ 90.264165140000046, 23.969618844000024 ], [ 90.263997334000067, 23.969575100000043 ], [ 90.263760030000071, 23.969491960000028 ], [ 90.263477206000061, 23.969380670000078 ], [ 90.263448309000069, 23.969369430000029 ], [ 90.263308251000069, 23.969374751000032 ], [ 90.263065825000069, 23.969493150000062 ], [ 90.262792546000071, 23.969543861000034 ], [ 90.262756300000035, 23.969845942000063 ], [ 90.262584875000073, 23.970138657000064 ], [ 90.262530969000068, 23.970215524000025 ], [ 90.262505386000043, 23.970323956000072 ], [ 90.262488950000034, 23.970399066000027 ], [ 90.262457801000039, 23.970488877000037 ], [ 90.262362146000044, 23.970578799000066 ], [ 90.262314285000059, 23.970608237000079 ], [ 90.262251069000058, 23.970638264000058 ], [ 90.262187236000045, 23.970667728000024 ], [ 90.262108044000058, 23.970697218000055 ], [ 90.261917625000081, 23.970710528000041 ], [ 90.261823044000039, 23.970724802000063 ], [ 90.26166392600004, 23.970723945000032 ], [ 90.261495634000084, 23.970743424000034 ], [ 90.261363567000046, 23.970752117000075 ], [ 90.26117320600008, 23.970795345000056 ], [ 90.260950871000034, 23.970823950000067 ], [ 90.260808399000041, 23.97085241800005 ], [ 90.260713234000036, 23.970881370000029 ], [ 90.260634042000049, 23.97091086000006 ], [ 90.260530884000048, 23.970937568000068 ], [ 90.260494657000038, 23.970947226000078 ], [ 90.260132561000034, 23.971131309000043 ], [ 90.260079201000053, 23.971175433000042 ], [ 90.260047344000043, 23.971220083000048 ], [ 90.260015550000048, 23.971295219000069 ], [ 90.260015699000064, 23.971369735000053 ], [ 90.260031178000077, 23.971429547000071 ], [ 90.260030683000082, 23.971489389000055 ], [ 90.260030804000053, 23.971549227000025 ], [ 90.260078290000081, 23.971639469000024 ], [ 90.260093889000075, 23.971759122000037 ], [ 90.260156854000059, 23.971909177000043 ], [ 90.260156928000072, 23.971945872000049 ], [ 90.260194021000075, 23.972061535000023 ], [ 90.260204519000069, 23.972088615000075 ], [ 90.260240345000057, 23.972185087000071 ], [ 90.260258884000052, 23.972238685000036 ], [ 90.260306459000049, 23.972374089000027 ], [ 90.26033736100004, 23.972464924000064 ], [ 90.260361463000038, 23.972535449000077 ], [ 90.260369696000055, 23.972657936000076 ], [ 90.260371590000034, 23.972683336000046 ], [ 90.260371668000062, 23.972722287000067 ], [ 90.260327086000075, 23.972854460000065 ], [ 90.26044479400008, 23.973036601000047 ], [ 90.260518699000045, 23.973127365000039 ], [ 90.260554418000083, 23.97317077200006 ], [ 90.26057312000006, 23.973305096000047 ], [ 90.260726611000052, 23.973561127000039 ], [ 90.260755571000061, 23.973603418000039 ], [ 90.260787609000033, 23.973649089000048 ], [ 90.260866399000065, 23.973724036000078 ], [ 90.260929770000075, 23.973769655000069 ], [ 90.260977781000065, 23.97381473400003 ], [ 90.261041151000086, 23.973859789000073 ], [ 90.261087934000045, 23.973904870000069 ], [ 90.261183312000071, 23.973980354000048 ], [ 90.26123067900005, 23.97401075700003 ], [ 90.26129405000006, 23.974055812000074 ], [ 90.261373455000069, 23.974131887000055 ], [ 90.261404878000064, 23.974176430000057 ], [ 90.261499150000077, 23.974311754000041 ], [ 90.261531217000083, 23.974372104000054 ], [ 90.261594125000045, 23.974492238000039 ], [ 90.26164158000006, 23.974566675000062 ], [ 90.261689041000068, 23.974642240000037 ], [ 90.261720525000044, 23.974717267000074 ], [ 90.261767981000048, 23.97479170400004 ], [ 90.261831505000032, 23.974912402000029 ], [ 90.26188574300005, 23.974998681000045 ], [ 90.261909188000061, 23.975047190000055 ], [ 90.26201803400005, 23.975402652000071 ], [ 90.262005170000066, 23.975420738000025 ], [ 90.261945644000036, 23.975454146000061 ], [ 90.261862755000038, 23.975479692000079 ], [ 90.261704245000033, 23.975478268000074 ], [ 90.261577685000077, 23.97547791900007 ], [ 90.261434535000035, 23.97547703400005 ], [ 90.261307973000044, 23.975476121000042 ], [ 90.261205371000074, 23.97547516700007 ], [ 90.261124887000051, 23.975474740000038 ], [ 90.261088011000083, 23.975467464000076 ], [ 90.260895639000069, 23.975430533000065 ], [ 90.260674460000075, 23.975427522000075 ], [ 90.260404720000054, 23.975411608000059 ], [ 90.260310136000044, 23.975426447000075 ], [ 90.260230387000036, 23.975485856000034 ], [ 90.260189905000061, 23.975518667000074 ], [ 90.260129954000035, 23.975646914000038 ], [ 90.259996482000076, 23.97587690000006 ], [ 90.259970768000073, 23.975921541000048 ], [ 90.259960368000066, 23.975943575000031 ], [ 90.259891742000036, 23.976035144000036 ], [ 90.259871107000038, 23.976161631000025 ], [ 90.259816, 23.976254870000048 ], [ 90.259792256000082, 23.97636273300003 ], [ 90.259737209000036, 23.976485892000028 ], [ 90.259709765000082, 23.976586424000061 ], [ 90.259645508000062, 23.976712984000073 ], [ 90.259578101000045, 23.976799471000049 ], [ 90.259540793000042, 23.976883647000022 ], [ 90.259482641000034, 23.97699100400007 ], [ 90.259410326000079, 23.977081450000071 ], [ 90.259387092000054, 23.977138505000028 ], [ 90.259359582000059, 23.97720629500003 ], [ 90.259050036000076, 23.97756359400006 ], [ 90.258968516000039, 23.977660265000054 ], [ 90.258870979000051, 23.977734382000051 ], [ 90.258823838000069, 23.977818011000068 ], [ 90.258781581000051, 23.977886389000048 ], [ 90.258695206000084, 23.978012422000063 ], [ 90.258627182000055, 23.978098344000045 ], [ 90.258523609000065, 23.978228358000024 ], [ 90.25843965100006, 23.978334066000059 ], [ 90.258374032000063, 23.978394015000049 ], [ 90.258331742000053, 23.978446022000071 ], [ 90.258304137000039, 23.978468085000031 ], [ 90.258115824000072, 23.978619129000037 ], [ 90.257991899000046, 23.978710225000043 ], [ 90.257940980000058, 23.978748133000067 ], [ 90.25785880400008, 23.978823917000057 ], [ 90.257765588000041, 23.97890988000006 ], [ 90.257727525000064, 23.978924058000075 ], [ 90.257698126000037, 23.978970398000058 ], [ 90.25761902000005, 23.97904561200005 ], [ 90.257587221000051, 23.979120746000035 ], [ 90.25757139600006, 23.979195854000068 ], [ 90.257557931000065, 23.979221844000051 ], [ 90.257523655000057, 23.979286821000073 ], [ 90.257523221000042, 23.979377146000047 ], [ 90.257522786000038, 23.979468034000035 ], [ 90.257522907000066, 23.979528438000045 ], [ 90.257490270000062, 23.979800027000067 ], [ 90.257441301000085, 23.979891561000045 ], [ 90.257441450000044, 23.979966642000022 ], [ 90.257364363000079, 23.980131611000047 ], [ 90.257325733000073, 23.980170064000049 ], [ 90.257307967000031, 23.980195497000068 ], [ 90.257193888000074, 23.980295608000063 ], [ 90.257138636000036, 23.980317153000044 ], [ 90.257012133000046, 23.980348413000058 ], [ 90.256953190000047, 23.980367706000038 ], [ 90.256916964000084, 23.980379622000044 ], [ 90.256786134000038, 23.980397905000075 ], [ 90.256632040000056, 23.980458001000045 ], [ 90.256517848000044, 23.980501097000058 ], [ 90.256496371000082, 23.980514681000045 ], [ 90.256362538000076, 23.980566841000041 ], [ 90.256220122000059, 23.980629175000047 ], [ 90.25607958900008, 23.980712395000069 ], [ 90.25605011600004, 23.980721476000042 ], [ 90.25598567600008, 23.98075771300006 ], [ 90.255908356000077, 23.980805261000057 ], [ 90.255780245000039, 23.980956202000073 ], [ 90.255698426000038, 23.981214324000064 ], [ 90.255730693000032, 23.981375160000027 ], [ 90.255746828000042, 23.981456987000058 ], [ 90.255751787000065, 23.981478996000078 ], [ 90.255787058000067, 23.981606518000035 ], [ 90.255806858000085, 23.981676486000026 ], [ 90.255816760000073, 23.981712598000058 ], [ 90.255837788000065, 23.981782564000071 ], [ 90.255879778000065, 23.981889189000071 ], [ 90.255895830000043, 23.981928678000031 ], [ 90.255913775000067, 23.981993567000075 ], [ 90.255979753000076, 23.982113135000077 ], [ 90.256027180000046, 23.982172896000066 ], [ 90.256090027000084, 23.98226255000003 ], [ 90.256137484000078, 23.982338116000051 ], [ 90.256169551000085, 23.982397902000059 ], [ 90.256247758000086, 23.982487530000071 ], [ 90.256273692000036, 23.982552970000029 ], [ 90.256297700000061, 23.982576076000043 ], [ 90.256327285000054, 23.982622882000044 ], [ 90.256342764000067, 23.982682695000051 ], [ 90.256374276000031, 23.982772966000027 ], [ 90.25645994100006, 23.982905484000071 ], [ 90.256485260000034, 23.98297036200006 ], [ 90.256484729000078, 23.983012701000064 ], [ 90.256484879000084, 23.983088348000024 ], [ 90.256485, 23.983148752000034 ], [ 90.256484533000048, 23.983223832000078 ], [ 90.256484683000053, 23.983298914000045 ], [ 90.256484187000069, 23.983359318000055 ], [ 90.256434628000079, 23.983464402000038 ], [ 90.25637454200006, 23.98352772800007 ], [ 90.256341434000035, 23.983562783000025 ], [ 90.256281978000061, 23.98363570600003 ], [ 90.256182034000062, 23.983738616000039 ], [ 90.256140971000036, 23.983790620000036 ], [ 90.256022529000063, 23.983860254000035 ], [ 90.255926156000044, 23.983906706000027 ], [ 90.255832243000043, 23.983952024000075 ], [ 90.255591530000061, 23.984020733000023 ], [ 90.255561428000078, 23.984023606000051 ], [ 90.255523946000039, 23.984021974000029 ], [ 90.255482150000034, 23.984013575000063 ], [ 90.255388107000044, 23.983993973000054 ], [ 90.255290975000037, 23.983966474000056 ], [ 90.255176633000076, 23.983934487000056 ], [ 90.255100955000046, 23.983881548000056 ], [ 90.255021609000039, 23.983836518000032 ], [ 90.254969330000051, 23.983810073000029 ], [ 90.254932391000068, 23.983771746000059 ], [ 90.254814931000055, 23.983717184000056 ], [ 90.254688245000068, 23.983657555000036 ], [ 90.254560946000083, 23.983597926000073 ], [ 90.254481598000041, 23.983552896000049 ], [ 90.254354327000044, 23.983508509000046 ], [ 90.254227059000073, 23.983464124000022 ], [ 90.25415264600008, 23.983428682000067 ], [ 90.254064179000068, 23.98343221600004 ], [ 90.253939540000033, 23.983476455000073 ], [ 90.253828399000042, 23.983509947000073 ], [ 90.253710650000073, 23.983621351000068 ], [ 90.253708472000085, 23.983764178000058 ], [ 90.253666878000047, 23.983859085000063 ], [ 90.253631384000073, 23.983931405000078 ], [ 90.253522950000047, 23.984093600000051 ], [ 90.253478867000069, 23.984171577000041 ], [ 90.253440260000048, 23.984223576000034 ], [ 90.253393627000037, 23.984255831000041 ], [ 90.253346571000066, 23.984385185000065 ], [ 90.253288285000053, 23.984428183000034 ], [ 90.253249026000049, 23.984460426000055 ], [ 90.253222704000052, 23.984510147000037 ], [ 90.253153458000043, 23.984603972000059 ], [ 90.253095195000071, 23.984658262000039 ], [ 90.253047416000072, 23.984732858000029 ], [ 90.252983106000045, 23.984836836000056 ], [ 90.252871516000084, 23.984955568000032 ], [ 90.252839710000046, 23.985029573000077 ], [ 90.252761898000074, 23.985141476000024 ], [ 90.252742254000054, 23.985149977000049 ], [ 90.252696313000058, 23.985222875000034 ], [ 90.252664479000032, 23.985282202000064 ], [ 90.252632646000052, 23.985341529000038 ], [ 90.252584925000065, 23.985446044000071 ], [ 90.252536617000032, 23.985564672000066 ], [ 90.252488897000035, 23.985669187000042 ], [ 90.25240881600007, 23.98587819100004 ], [ 90.252344533000041, 23.985997411000028 ], [ 90.252296226000055, 23.986116604000074 ], [ 90.252264422000053, 23.986191173000066 ], [ 90.25220072500008, 23.98629571400005 ], [ 90.252152391000038, 23.986400230000072 ], [ 90.252104726000084, 23.986534664000033 ], [ 90.252055836000068, 23.986669664000033 ], [ 90.252023445000077, 23.986758912000028 ], [ 90.251962878000086, 23.986893931000054 ], [ 90.251911561000043, 23.987044179000065 ], [ 90.251839926000059, 23.987174699000036 ], [ 90.25179958800004, 23.987284284000054 ], [ 90.251719388000083, 23.987434576000055 ], [ 90.251639836000038, 23.987600113000042 ], [ 90.251585351000074, 23.987702944000034 ], [ 90.251531550000038, 23.987840775000052 ], [ 90.251519316000042, 23.987868456000058 ], [ 90.251461884000037, 23.988035649000039 ], [ 90.251406287000066, 23.988198885000031 ], [ 90.25138314700007, 23.988306747000024 ], [ 90.251318953000066, 23.988471692000076 ], [ 90.251191207000034, 23.988816823000036 ], [ 90.251127010000062, 23.988981767000041 ], [ 90.251046839000082, 23.989146739000034 ], [ 90.250999056000069, 23.989220768000052 ], [ 90.250902967000059, 23.989415121000036 ], [ 90.250823379000053, 23.989563719000046 ], [ 90.250710955000045, 23.989890761000026 ], [ 90.25069448000005, 23.989950062000048 ], [ 90.250630308000041, 23.990127426000072 ], [ 90.250582611000084, 23.990246053000078 ], [ 90.25053812200008, 23.990435804000072 ], [ 90.25053385800004, 23.990454441000054 ], [ 90.250486271000057, 23.990629519000038 ], [ 90.250447172000065, 23.990746439000077 ], [ 90.250421510000081, 23.990821562000065 ], [ 90.250404414000059, 23.990876912000033 ], [ 90.250365943000077, 23.991000041000063 ], [ 90.250332282000045, 23.991070096000044 ], [ 90.250287689000061, 23.991205653000065 ], [ 90.250225269000055, 23.991335595000066 ], [ 90.250197175000039, 23.991424835000032 ], [ 90.250117053000054, 23.991615773000035 ], [ 90.250101277000056, 23.991719107000051 ], [ 90.250068995000049, 23.991866498000036 ], [ 90.250072230000058, 23.991950606000046 ], [ 90.250074841000071, 23.992029635000051 ], [ 90.250067727000044, 23.992164003000028 ], [ 90.250267121000036, 23.99232513100003 ], [ 90.250305861000072, 23.992340874000035 ], [ 90.250369208000052, 23.992371254000034 ], [ 90.250511876000076, 23.992430859000024 ], [ 90.250623180000048, 23.992476404000058 ], [ 90.25082978100005, 23.992551712000022 ], [ 90.251004402000035, 23.992611829000055 ], [ 90.25104007300007, 23.992628707000051 ], [ 90.251163075000079, 23.992686652000032 ], [ 90.251191972000072, 23.992695637000054 ], [ 90.251264522000042, 23.992718662000073 ], [ 90.251319243000069, 23.99273607300006 ], [ 90.251401014000066, 23.992761907000045 ], [ 90.251527700000054, 23.992817587000047 ], [ 90.251654988000041, 23.992867056000023 ], [ 90.251780401000076, 23.992900722000059 ], [ 90.251909517000058, 23.992942283000048 ], [ 90.252004816000067, 23.992972046000034 ], [ 90.252147427000068, 23.993001731000049 ], [ 90.252281444000062, 23.993035946000077 ], [ 90.25230726500007, 23.993042678000052 ], [ 90.252401342000041, 23.993076959000064 ], [ 90.252544571000044, 23.993107209000073 ], [ 90.25267184900008, 23.993151594000039 ], [ 90.25281448800007, 23.993195957000069 ], [ 90.252896281000062, 23.993231952000031 ], [ 90.253003252000042, 23.993260565000071 ], [ 90.253073952000079, 23.993279642000061 ], [ 90.25317356100004, 23.993314478000059 ], [ 90.253259030000038, 23.99334482200004 ], [ 90.253322963000073, 23.993359393000048 ], [ 90.253433652000069, 23.993403808000039 ], [ 90.253503754000064, 23.993431353000062 ], [ 90.253636578000055, 23.993483633000039 ], [ 90.253814873000067, 23.993536968000058 ], [ 90.253989496000031, 23.993595953000067 ], [ 90.254164146000051, 23.993670181000027 ], [ 90.254218867000077, 23.993687589000047 ], [ 90.254529364000064, 23.993787559000054 ], [ 90.254704015000073, 23.993861222000078 ], [ 90.254846685000075, 23.993919694000056 ], [ 90.255005360000041, 23.993993383000031 ], [ 90.255069347000074, 23.994036180000023 ], [ 90.255132728000035, 23.994081802000039 ], [ 90.255206567000073, 23.994134742000028 ], [ 90.255372811000086, 23.994307209000056 ], [ 90.25553902300004, 23.994463868000025 ], [ 90.255608021000057, 23.994553513000028 ], [ 90.255655450000063, 23.994612708000034 ], [ 90.255718887000057, 23.994686552000076 ], [ 90.255750310000053, 23.994730534000041 ], [ 90.255797769000083, 23.994804406000071 ], [ 90.255845230000034, 23.994878280000023 ], [ 90.255860661000042, 23.994913818000043 ], [ 90.255876713000077, 23.994951615000048 ], [ 90.255876829000044, 23.995010888000024 ], [ 90.255876391000072, 23.995100084000057 ], [ 90.255875893000052, 23.995158795000066 ], [ 90.255876011000055, 23.995218069000032 ], [ 90.255843679000066, 23.995336671000075 ], [ 90.255836418000058, 23.995394265000073 ], [ 90.25582735200004, 23.99547048900007 ], [ 90.25579560400007, 23.995574414000032 ], [ 90.255763241000068, 23.995677210000053 ], [ 90.255730910000068, 23.995796378000023 ], [ 90.255731056000059, 23.995870330000059 ], [ 90.255698636000034, 23.995944337000026 ], [ 90.255679091000047, 23.996004772000049 ], [ 90.255679380000061, 23.996150982000074 ], [ 90.25561588100004, 23.996356008000078 ], [ 90.255579143000034, 23.996421554000051 ], [ 90.255558936000057, 23.996457716000066 ], [ 90.25552231100005, 23.996580843000061 ], [ 90.25548997900006, 23.99670001100003 ], [ 90.25545758700008, 23.996788129000038 ], [ 90.255441786000063, 23.996877350000034 ], [ 90.255377589000034, 23.997040603000073 ], [ 90.255297441000039, 23.997217995000028 ], [ 90.255249718000073, 23.997321381000063 ], [ 90.255216044000065, 23.997384099000044 ], [ 90.25515359700006, 23.997499365000067 ], [ 90.255074006000086, 23.997647402000041 ], [ 90.255023910000034, 23.997794824000039 ], [ 90.25490269800008, 23.998025350000034 ], [ 90.254664762000061, 23.998581796000053 ], [ 90.254594351000037, 23.99871231700007 ], [ 90.254532511000036, 23.998824759000058 ], [ 90.254482280000047, 23.998904439000057 ], [ 90.254386682000074, 23.999037260000023 ], [ 90.254322922000085, 23.999111317000029 ], [ 90.254251777000036, 23.999180308000064 ], [ 90.254219916000068, 23.999226650000026 ], [ 90.254197205000082, 23.999239671000055 ], [ 90.25385532100006, 23.999434997000037 ], [ 90.253217126000038, 23.999564762000034 ], [ 90.252755189000084, 23.999644558000057 ], [ 90.252732457000036, 23.99964572500005 ], [ 90.252500311000063, 23.999712155000054 ], [ 90.252232492000076, 23.999762273000044 ], [ 90.25216987500005, 23.999793425000064 ], [ 90.252112183000065, 23.999829086000034 ], [ 90.25208891300008, 23.999870897000051 ], [ 90.252063195000062, 23.999917230000051 ], [ 90.252054009000062, 23.999933617000067 ], [ 90.252023403000067, 23.999992941000073 ], [ 90.252008124000042, 24.000036435000027 ], [ 90.252002064000067, 24.000079912000047 ], [ 90.251991732000079, 24.000138639000056 ], [ 90.251996206000058, 24.000227261000077 ], [ 90.251998129000071, 24.000267904000054 ], [ 90.252034028000082, 24.000400507000052 ], [ 90.252150732000075, 24.000691042000028 ], [ 90.252236310000058, 24.000775015000045 ], [ 90.252270159000034, 24.000802056000055 ], [ 90.252347703000055, 24.000862331000064 ], [ 90.252422152000065, 24.000912451000033 ], [ 90.252516910000054, 24.000976086000037 ], [ 90.252560585000083, 24.001000851000072 ], [ 90.252702691000081, 24.001081345000046 ], [ 90.252749424000058, 24.001097639000022 ], [ 90.252838034000035, 24.001160154000047 ], [ 90.252964762000033, 24.001233332000027 ], [ 90.253092137000067, 24.001322317000074 ], [ 90.253203532000043, 24.001410763000024 ], [ 90.253313671000058, 24.001485097000057 ], [ 90.253441045000045, 24.001573516000065 ], [ 90.253519874000062, 24.001662014000033 ], [ 90.25355068500005, 24.001706562000038 ], [ 90.253582726000047, 24.001750540000046 ], [ 90.253662173000066, 24.001841297000055 ], [ 90.253693038000051, 24.001912375000074 ], [ 90.253701233000072, 24.002017926000065 ], [ 90.253655427000069, 24.002161390000026 ], [ 90.253658791000078, 24.002310418000036 ], [ 90.25365770600007, 24.002383807000058 ], [ 90.25365720800005, 24.00244308200007 ], [ 90.253656707000061, 24.002501229000075 ], [ 90.253624927000033, 24.002589345000047 ], [ 90.253607923000061, 24.002692680000052 ], [ 90.253584077000085, 24.002753124000037 ], [ 90.253598322000073, 24.002810681000028 ], [ 90.253542046000064, 24.002942307000069 ], [ 90.253478225000038, 24.002986443000054 ], [ 90.25347213200007, 24.003012987000034 ], [ 90.25347160900003, 24.003059844000063 ], [ 90.253470507000031, 24.003124765000052 ], [ 90.253430924000043, 24.003308863000029 ], [ 90.253461612000081, 24.003602926000042 ], [ 90.253462457000069, 24.003720346000023 ], [ 90.253462572000046, 24.003779055000052 ], [ 90.253462877000061, 24.003935426000055 ], [ 90.253682659000049, 24.00414111200007 ], [ 90.253809428000068, 24.004233483000064 ], [ 90.253935572000046, 24.00432020900007 ], [ 90.253953435000085, 24.004341068000031 ], [ 90.253978678000067, 24.004365865000068 ], [ 90.254027278000081, 24.004394010000055 ], [ 90.254105437000078, 24.004452590000028 ], [ 90.254168201000084, 24.004495954000049 ], [ 90.254324516000054, 24.004612550000047 ], [ 90.254402088000063, 24.004685810000069 ], [ 90.254450077000058, 24.004715084000054 ], [ 90.254512871000031, 24.004773126000032 ], [ 90.254591056000038, 24.004845255000077 ], [ 90.254686478000053, 24.004933160000064 ], [ 90.254759129000036, 24.005004169000074 ], [ 90.254781312000034, 24.005034617000035 ], [ 90.254813383000055, 24.005093273000057 ], [ 90.254844310000067, 24.005195399000058 ], [ 90.254892969000082, 24.005253465000067 ], [ 90.254908535000084, 24.005356180000035 ], [ 90.254939961000048, 24.005399595000029 ], [ 90.254939519000061, 24.00548709800006 ], [ 90.254986568000049, 24.005663149000043 ], [ 90.255018664000033, 24.005735354000024 ], [ 90.255024376000051, 24.005826797000054 ], [ 90.255050279000045, 24.005873608000059 ], [ 90.255077415000073, 24.005922677000058 ], [ 90.255137225000055, 24.006025884000053 ], [ 90.25519285200005, 24.006188371000064 ], [ 90.255239809000045, 24.006316440000035 ], [ 90.255284306000078, 24.006445076000034 ], [ 90.255322620000072, 24.006552271000032 ], [ 90.255394855000077, 24.006723764000071 ], [ 90.255446713000083, 24.006843920000051 ], [ 90.255454128000054, 24.00686479500007 ], [ 90.25549552800004, 24.006979887000057 ], [ 90.255597256000044, 24.007147945000042 ], [ 90.255673062000085, 24.007259027000032 ], [ 90.255745850000039, 24.007398343000034 ], [ 90.255906623000044, 24.007592269000043 ], [ 90.255980515000033, 24.007667226000024 ], [ 90.256000270000072, 24.007712919000028 ], [ 90.256063712000071, 24.007786765000048 ], [ 90.256063272000063, 24.007874830000048 ], [ 90.256133563000049, 24.007994391000068 ], [ 90.25615822900005, 24.008036688000061 ], [ 90.256199583000068, 24.008128071000044 ], [ 90.256285280000043, 24.008267930000045 ], [ 90.256327203000069, 24.00833616500006 ], [ 90.256415703000073, 24.00834053400007 ], [ 90.256475880000039, 24.008316723000064 ], [ 90.256523754000057, 24.008287288000076 ], [ 90.256650816000047, 24.008214252000073 ], [ 90.256714668000086, 24.00818479000003 ], [ 90.256857790000083, 24.008154068000067 ], [ 90.256953059000068, 24.008161811000036 ], [ 90.25707598300005, 24.008171765000043 ], [ 90.257224171000075, 24.008216678000053 ], [ 90.257239565000077, 24.008231331000047 ], [ 90.257287557000041, 24.008260606000078 ], [ 90.25741555500008, 24.00834958400003 ], [ 90.257493717000045, 24.008408162000023 ], [ 90.257573135000086, 24.008481417000041 ], [ 90.257652557000085, 24.008555234000028 ], [ 90.25767907200003, 24.00860035200003 ], [ 90.257730867000078, 24.008688329000051 ], [ 90.257747517000041, 24.00871709200004 ], [ 90.257811049000054, 24.008834969000077 ], [ 90.257857986000033, 24.008952310000041 ], [ 90.257906182000056, 24.009083761000056 ], [ 90.257953034000082, 24.009158199000069 ], [ 90.25798446400006, 24.00920274300006 ], [ 90.25804787800007, 24.009261347000063 ], [ 90.25807745700007, 24.00930250600004 ], [ 90.258089780000034, 24.00931885600005 ], [ 90.258220221000045, 24.009398799000053 ], [ 90.258370276000051, 24.009453869000026 ], [ 90.258530903000064, 24.009571017000042 ], [ 90.258588048000036, 24.009567534000041 ], [ 90.258611397000038, 24.009566366000058 ], [ 90.258653181000057, 24.009564037000075 ], [ 90.258763782000074, 24.009557077000068 ], [ 90.258811101000049, 24.009556997000061 ], [ 90.258842436000066, 24.009553557000061 ], [ 90.259113380000031, 24.00952148500005 ], [ 90.259150858000055, 24.009516906000044 ], [ 90.259193886000048, 24.009522478000065 ], [ 90.259287932000063, 24.009534174000066 ], [ 90.259495697000034, 24.009560355000076 ], [ 90.259581138000044, 24.009570937000035 ], [ 90.259908339000049, 24.009705866000047 ], [ 90.259972920000052, 24.009732289000056 ], [ 90.260036304000039, 24.009776213000066 ], [ 90.260100334000072, 24.009835379000037 ], [ 90.260180370000057, 24.009908067000026 ], [ 90.260248202000071, 24.010023678000039 ], [ 90.260273520000055, 24.010085168000046 ], [ 90.260353183000063, 24.010277532000032 ], [ 90.260293310000066, 24.010452071000032 ], [ 90.260004618000039, 24.011132803000066 ], [ 90.25996808900004, 24.011303915000042 ], [ 90.259955302000037, 24.011362646000066 ], [ 90.259897870000032, 24.011529841000026 ], [ 90.259872137000059, 24.011568272000034 ], [ 90.259837868000034, 24.011640588000034 ], [ 90.25980790400007, 24.011715156000037 ], [ 90.259760119000077, 24.011788625000065 ], [ 90.259727754000039, 24.011891422000076 ], [ 90.259679498000082, 24.012037713000041 ], [ 90.259631742000067, 24.012126423000041 ], [ 90.259615911000083, 24.012199273000078 ], [ 90.259567538000056, 24.012287419000074 ], [ 90.259512372000074, 24.012358642000038 ], [ 90.259519870000076, 24.012419597000076 ], [ 90.259455227000046, 24.012668660000031 ], [ 90.259454819000041, 24.012771968000038 ], [ 90.259454408000067, 24.012874145000069 ], [ 90.259454586000061, 24.012962209000023 ], [ 90.259453797000049, 24.01318180800007 ], [ 90.259453069000074, 24.013431327000035 ], [ 90.259484558000054, 24.013504096000077 ], [ 90.25951628200005, 24.013694849000046 ], [ 90.259563340000057, 24.013870335000036 ], [ 90.259569044000045, 24.013956696000037 ], [ 90.259626466000043, 24.014089826000031 ], [ 90.259689998000056, 24.01420657400007 ], [ 90.25971783500006, 24.014296848000072 ], [ 90.259793635000051, 24.01440115500003 ], [ 90.25989716600003, 24.014543239000034 ], [ 90.259963721000076, 24.014634578000027 ], [ 90.260026180000068, 24.014827537000031 ], [ 90.259849040000063, 24.014754450000055 ], [ 90.259734655000045, 24.014715691000049 ], [ 90.259553896000057, 24.014675917000034 ], [ 90.259484458000031, 24.014679422000029 ], [ 90.259402121000051, 24.014686335000079 ], [ 90.259285342000055, 24.014679758000057 ], [ 90.259137278000082, 24.014701461000072 ], [ 90.259061867000071, 24.014790782000034 ], [ 90.259000545000049, 24.014858064000066 ], [ 90.258909240000037, 24.014989750000041 ], [ 90.258868968000058, 24.015134335000027 ], [ 90.258801822000066, 24.015361384000073 ], [ 90.258786139000051, 24.015509314000042 ], [ 90.25878192600004, 24.01555391900007 ], [ 90.258778957000061, 24.015605859000061 ], [ 90.258754554000063, 24.016002757000024 ], [ 90.25875158100007, 24.016053003000025 ], [ 90.258721083000069, 24.016167087000042 ], [ 90.25869433400004, 24.016313344000025 ], [ 90.25861591000006, 24.016433717000041 ], [ 90.258429474000081, 24.016629355000077 ], [ 90.258366275000071, 24.016680268000073 ], [ 90.258261321000077, 24.016748752000069 ], [ 90.258066011000039, 24.016809483000031 ], [ 90.257800685000063, 24.016892915000028 ], [ 90.257587446000059, 24.016901176000033 ], [ 90.257478678000041, 24.016906439000024 ], [ 90.257369296000036, 24.016911704000051 ], [ 90.256767169000057, 24.016986101000043 ], [ 90.256722316000037, 24.016991823000069 ], [ 90.25661862700008, 24.017078930000025 ], [ 90.256272625000065, 24.01738830100004 ], [ 90.255988841000033, 24.01746329100007 ], [ 90.255640203000041, 24.017373550000059 ], [ 90.255509761000042, 24.017295865000051 ], [ 90.255350425000074, 24.017213712000057 ], [ 90.255268605000083, 24.017171508000047 ], [ 90.255042806000063, 24.01704373900003 ], [ 90.255023109000035, 24.017027965000068 ], [ 90.254872976000058, 24.016937892000044 ], [ 90.254709963000039, 24.016860260000044 ], [ 90.254629424000086, 24.016844586000047 ], [ 90.254531646000032, 24.016813135000064 ], [ 90.254479407000076, 24.016812658000049 ], [ 90.254359062000049, 24.016868745000068 ], [ 90.254199998000047, 24.016923768000026 ], [ 90.25406376400008, 24.01702560800004 ], [ 90.253933060000065, 24.017126873000052 ], [ 90.253861878000066, 24.017181748000041 ], [ 90.253684620000058, 24.017361559000051 ], [ 90.253608554000039, 24.017432813000028 ], [ 90.25346184700004, 24.017522249000024 ], [ 90.253401738000036, 24.017582753000056 ], [ 90.253341577000072, 24.01761672300006 ], [ 90.253164841000057, 24.017749676000051 ], [ 90.253050664000057, 24.017818737000027 ], [ 90.252942694000069, 24.017918271000042 ], [ 90.252905274000057, 24.017952767000054 ], [ 90.252821229000062, 24.018030245000034 ], [ 90.252629275000061, 24.018238304000079 ], [ 90.252497404000053, 24.018373441000051 ], [ 90.252333061000058, 24.018559438000068 ], [ 90.252318974000048, 24.018583171000046 ], [ 90.252284058000043, 24.018641939000076 ], [ 90.252246712000044, 24.018715951000047 ], [ 90.252217937000069, 24.018772451000075 ], [ 90.252194191000058, 24.018885958000055 ], [ 90.25215686100006, 24.018967874000055 ], [ 90.252146199000038, 24.019172811000033 ], [ 90.25209248200008, 24.01936144900003 ], [ 90.252022258000068, 24.019593016000044 ], [ 90.251982758000054, 24.019823404000078 ], [ 90.251976077000052, 24.019864060000032 ], [ 90.251965083000073, 24.019898515000023 ], [ 90.251894832000062, 24.020117099000061 ], [ 90.251882002000059, 24.020156635000035 ], [ 90.251765677000037, 24.020385455000053 ], [ 90.251713115000086, 24.02053513900006 ], [ 90.251693558000056, 24.02059162300003 ], [ 90.251681949000044, 24.020626078000078 ], [ 90.251619300000073, 24.020647068000073 ], [ 90.251569664000044, 24.020721101000049 ], [ 90.251549442000055, 24.020751618000077 ], [ 90.25148021800004, 24.020866329000057 ], [ 90.251448361000087, 24.020918883000036 ], [ 90.251389664000044, 24.021074784000064 ], [ 90.251287417000071, 24.021275356000046 ], [ 90.251223139000047, 24.021405300000026 ], [ 90.251093386000036, 24.021682691000024 ], [ 90.251018583000075, 24.021774830000027 ], [ 90.250993485000038, 24.021826242000031 ], [ 90.250965954000037, 24.021890078000069 ], [ 90.250901097000053, 24.022039781000046 ], [ 90.250800558000037, 24.022171478000075 ], [ 90.250722146000044, 24.022302574000037 ], [ 90.250706387000037, 24.022416633000034 ], [ 90.250696840000046, 24.022564552000063 ], [ 90.25063639800004, 24.022771830000067 ], [ 90.250612699000044, 24.022910739000054 ], [ 90.250604794000083, 24.022954784000035 ], [ 90.250673846000041, 24.023067574000038 ], [ 90.250702927000077, 24.023168011000053 ], [ 90.250797860000034, 24.023314631000062 ], [ 90.250895224000033, 24.023447134000037 ], [ 90.251078061000044, 24.023602640000036 ], [ 90.251102070000059, 24.023622923000062 ], [ 90.251206731000082, 24.023715332000052 ], [ 90.251303506000056, 24.023860819000049 ], [ 90.251280895000036, 24.023926904000064 ], [ 90.251256427000044, 24.023986784000044 ], [ 90.251236267000081, 24.024049478000052 ], [ 90.251250269000082, 24.024296714000059 ], [ 90.251256246000082, 24.024525898000036 ], [ 90.251277468000069, 24.024692960000039 ], [ 90.251279520000082, 24.024800216000074 ], [ 90.251280201000043, 24.02483464900007 ], [ 90.251290699000037, 24.024860600000068 ], [ 90.251343226000074, 24.025007854000023 ], [ 90.25138789500005, 24.025221732000034 ], [ 90.251535798000077, 24.02542584400004 ], [ 90.251725920000069, 24.025532790000057 ], [ 90.251812656000084, 24.025572727000053 ], [ 90.25195040400007, 24.025611453000067 ], [ 90.251990369000055, 24.025619291000055 ], [ 90.252037720000033, 24.025632762000043 ], [ 90.252193927000064, 24.025682182000025 ], [ 90.252252966000071, 24.025700713000049 ], [ 90.252386521000062, 24.025794768000026 ], [ 90.252489917000048, 24.025867421000044 ], [ 90.252623516000085, 24.025985184000035 ], [ 90.252701683000055, 24.026042071000063 ], [ 90.252820596000049, 24.026191474000029 ], [ 90.252883441000051, 24.026270966000027 ], [ 90.253073565000079, 24.026377345000071 ], [ 90.253154842000072, 24.026453421000042 ], [ 90.253209723000055, 24.026545347000024 ], [ 90.253252946000032, 24.02664801700007 ], [ 90.253310322000061, 24.026758003000054 ], [ 90.253319583000064, 24.026779439000052 ], [ 90.253330336000033, 24.02693522900006 ], [ 90.253330384000037, 24.026959503000057 ], [ 90.253318935000038, 24.027075812000078 ], [ 90.253312278000067, 24.02712888700006 ], [ 90.25329277000003, 24.027210776000061 ], [ 90.253063094000083, 24.027307687000075 ], [ 90.252995543000054, 24.027336588000026 ], [ 90.252960524000059, 24.027343420000022 ], [ 90.252805755000054, 24.027402951000056 ], [ 90.252789797000048, 24.02741426800003 ], [ 90.252690299000051, 24.02744999600003 ], [ 90.252502360000051, 24.027518048000047 ], [ 90.252265355000077, 24.027639810000039 ], [ 90.252011052000057, 24.027715873000034 ], [ 90.251857550000068, 24.027794029000063 ], [ 90.251827450000064, 24.027803110000036 ], [ 90.251657981000051, 24.027887502000056 ], [ 90.251541380000049, 24.02797858200006 ], [ 90.25141005100005, 24.028080974000034 ], [ 90.25120335400004, 24.028302605000079 ], [ 90.251038377000043, 24.028485777000071 ], [ 90.251012002000039, 24.028513482000051 ], [ 90.250985012000058, 24.028541188000077 ], [ 90.250962922000042, 24.028560417000051 ], [ 90.250756609000064, 24.028662933000078 ], [ 90.250632573000075, 24.028724104000048 ], [ 90.250492573000031, 24.028793203000077 ], [ 90.250423218000037, 24.028842995000048 ], [ 90.250291856000047, 24.028929580000067 ], [ 90.250240913000084, 24.028966357000058 ], [ 90.250012606000041, 24.02913890700006 ], [ 90.249852436000083, 24.029266184000051 ], [ 90.249729078000087, 24.029360096000062 ], [ 90.249569454000039, 24.029453502000024 ], [ 90.249409283000034, 24.029580777000035 ], [ 90.249300623000067, 24.02964813400007 ], [ 90.249195662000034, 24.029720562000023 ], [ 90.24906923900005, 24.029819557000053 ], [ 90.248976576000075, 24.029894790000071 ], [ 90.248890047000032, 24.029964365000069 ], [ 90.248777704000076, 24.030033983000067 ], [ 90.248608404000038, 24.03020925800007 ], [ 90.248443576000057, 24.030473719000042 ], [ 90.248337498000069, 24.030605425000033 ], [ 90.248293441000044, 24.030707673000052 ], [ 90.248202701000082, 24.030825239000023 ], [ 90.248111373000086, 24.030956920000051 ], [ 90.247974004000071, 24.031118030000073 ], [ 90.247852643000044, 24.031293791000053 ], [ 90.24771535900004, 24.031498933000023 ], [ 90.247531415000083, 24.031732375000047 ], [ 90.247350011000037, 24.032009282000047 ], [ 90.247198643000047, 24.032242671000063 ], [ 90.24712390600007, 24.032373194000058 ], [ 90.247049696000033, 24.032457428000043 ], [ 90.246895141000039, 24.032632677000038 ], [ 90.246727032000081, 24.032790449000061 ], [ 90.246614137000051, 24.032895066000037 ], [ 90.246484025000086, 24.032996324000067 ], [ 90.246403618000045, 24.033054598000035 ], [ 90.246227410000074, 24.033157058000029 ], [ 90.246147615000041, 24.03321476800005 ], [ 90.246079523000049, 24.033284313000024 ], [ 90.246029805000035, 24.03331995700006 ], [ 90.245719691000033, 24.03346835900004 ], [ 90.245322955000063, 24.033639479000044 ], [ 90.245155934000081, 24.033725553000068 ], [ 90.245004228000084, 24.033784505000028 ], [ 90.244975346000047, 24.033787939000035 ], [ 90.244736946000046, 24.033831787000054 ], [ 90.244651542000042, 24.033847730000048 ], [ 90.244435864000081, 24.033881945000076 ], [ 90.244330791000039, 24.033898485000066 ], [ 90.244177150000041, 24.033909454000025 ], [ 90.243966294000074, 24.033893420000027 ], [ 90.243698235000068, 24.033854895000047 ], [ 90.24326542600005, 24.03380364800006 ], [ 90.242844780000041, 24.033681814000033 ], [ 90.242531695000082, 24.033560375000036 ], [ 90.24223336700004, 24.033440040000073 ], [ 90.241949740000052, 24.033293714000024 ], [ 90.241775627000038, 24.033203102000073 ], [ 90.241491388000043, 24.033057906000067 ], [ 90.241237277000039, 24.032916612000065 ], [ 90.241085952000049, 24.032850801000052 ], [ 90.240944425000066, 24.03276578200007 ], [ 90.240911814000071, 24.032746075000034 ], [ 90.24087488400005, 24.032719602000043 ], [ 90.240740717000051, 24.032625537000058 ], [ 90.240562829000055, 24.032486947000052 ], [ 90.240408922000086, 24.032355092000046 ], [ 90.240279021000049, 24.03224126200007 ], [ 90.240107894000062, 24.032102659000032 ], [ 90.239958883000043, 24.031958377000024 ], [ 90.239841236000075, 24.031823641000074 ], [ 90.23980425700006, 24.031768377000049 ], [ 90.239701944000046, 24.031615553000051 ], [ 90.239533028000039, 24.031343720000052 ], [ 90.239399286000037, 24.03114634800005 ], [ 90.239215006000052, 24.030873409000037 ], [ 90.239046759000075, 24.030629801000032 ], [ 90.238961022000069, 24.030465095000068 ], [ 90.238873359000081, 24.03025692500006 ], [ 90.238818329000082, 24.030079753000052 ], [ 90.238778642000057, 24.029889572000059 ], [ 90.238732183000081, 24.029693757000075 ], [ 90.238680544000033, 24.029688757000031 ], [ 90.238672304000033, 24.029553285000077 ], [ 90.238700337000068, 24.029423403000067 ], [ 90.238767775000042, 24.02933071700005 ], [ 90.238789711000038, 24.029227940000055 ], [ 90.238871355000072, 24.029173056000047 ], [ 90.238968956000065, 24.029105725000022 ], [ 90.239033410000047, 24.029061593000051 ], [ 90.239137799000048, 24.029008929000042 ], [ 90.239214556000036, 24.028970422000043 ], [ 90.239302419000069, 24.028955044000043 ], [ 90.239349153000035, 24.028967390000048 ], [ 90.239611560000071, 24.028947222000056 ], [ 90.23980089500003, 24.028962731000036 ], [ 90.239907899000059, 24.02899530600007 ], [ 90.240008170000067, 24.029042004000075 ], [ 90.240080758000033, 24.029075762000048 ], [ 90.240177359000086, 24.029132062000031 ], [ 90.24030287800008, 24.029205251000064 ], [ 90.240382264000061, 24.029258193000032 ], [ 90.24055827400008, 24.029380416000038 ], [ 90.240686305000054, 24.029481829000076 ], [ 90.240734951000036, 24.029530300000033 ], [ 90.240912883000078, 24.029693730000076 ], [ 90.240956575000041, 24.029722453000034 ], [ 90.241038935000063, 24.029722322000055 ], [ 90.241158831000064, 24.029745278000064 ], [ 90.241147640000065, 24.029347877000077 ], [ 90.241067248000036, 24.02908493800004 ], [ 90.241037566000045, 24.028988452000078 ], [ 90.240802056000064, 24.02859987000005 ], [ 90.240652175000037, 24.028316718000042 ], [ 90.240618869000059, 24.028253545000041 ], [ 90.240601599000058, 24.028221393000024 ], [ 90.240594497000075, 24.028038503000062 ], [ 90.240586274000066, 24.027913192000028 ], [ 90.240577565000081, 24.027857318000031 ], [ 90.240560146000064, 24.027744443000074 ], [ 90.240560965000043, 24.027524279000033 ], [ 90.240614102000052, 24.027343550000069 ], [ 90.240623263000032, 24.027312487000074 ], [ 90.240645913000037, 24.027263904000051 ], [ 90.240757330000065, 24.027025502000072 ], [ 90.240905697000073, 24.026827688000026 ], [ 90.241025863000061, 24.02666774000005 ], [ 90.241147030000036, 24.026385291000054 ], [ 90.241223342000069, 24.026109121000047 ], [ 90.241260563000083, 24.025965111000062 ], [ 90.241265852000083, 24.025835264000023 ], [ 90.241292008000073, 24.025689578000026 ], [ 90.241285025000082, 24.025570475000052 ], [ 90.241253983000036, 24.025403428000061 ], [ 90.24126512600003, 24.025116634000028 ], [ 90.241264883000042, 24.024986795000075 ], [ 90.241233350000073, 24.024886361000029 ], [ 90.241233135000073, 24.024771200000032 ], [ 90.24116977400007, 24.024411139000051 ], [ 90.241002762000051, 24.024166965000063 ], [ 90.241008168000064, 24.02409977800005 ], [ 90.240883843000063, 24.024005699000043 ], [ 90.240834583000037, 24.023956101000067 ], [ 90.240712675000054, 24.023838872000056 ], [ 90.240604928000039, 24.023735735000059 ], [ 90.240426437000053, 24.023598271000026 ], [ 90.240391341000077, 24.023563891000038 ], [ 90.24008972200005, 24.023313719000043 ], [ 90.239856413000041, 24.023109727000076 ], [ 90.239824396000074, 24.023079295000059 ], [ 90.239700421000066, 24.022841262000043 ], [ 90.239708661000066, 24.022644797000055 ], [ 90.23972446700003, 24.022551062000048 ], [ 90.239737193000053, 24.022453945000052 ], [ 90.239759726000045, 24.022342136000077 ], [ 90.239763799000059, 24.022218501000054 ], [ 90.239769748000072, 24.022112926000034 ], [ 90.239782389000084, 24.021969519000038 ], [ 90.239822805000074, 24.021889858000065 ], [ 90.239829357000076, 24.021777510000049 ], [ 90.239865354000074, 24.021635195000044 ], [ 90.239891544000045, 24.021507573000065 ], [ 90.239934918000074, 24.021366375000071 ], [ 90.239934044000051, 24.021226940000076 ], [ 90.239959689000045, 24.021136013000046 ], [ 90.239971278000041, 24.021088576000068 ], [ 90.240029837000066, 24.020851386000061 ], [ 90.240101382000034, 24.020655952000027 ], [ 90.240156915000057, 24.020444735000069 ], [ 90.24022708800004, 24.020173091000061 ], [ 90.240317394000044, 24.019821255000068 ], [ 90.240324104000081, 24.019794148000074 ], [ 90.240484949000063, 24.019370507000076 ], [ 90.240642277000063, 24.019037759000071 ], [ 90.240678395000032, 24.018961492000074 ], [ 90.240749203000064, 24.018702267000037 ], [ 90.240822641000079, 24.018535055000029 ], [ 90.240850712000054, 24.01842831700003 ], [ 90.240892833000032, 24.018275266000046 ], [ 90.240947076000054, 24.018031309000037 ], [ 90.240982150000036, 24.01772528500004 ], [ 90.240993542000069, 24.017571718000056 ], [ 90.240922117000082, 24.017499008000073 ], [ 90.240955272000065, 24.017152906000035 ], [ 90.240977116000067, 24.017002710000042 ], [ 90.240980755000066, 24.016976171000067 ], [ 90.240974343000062, 24.016833924000025 ], [ 90.240970484000059, 24.016741348000039 ], [ 90.240965371000073, 24.016636356000049 ], [ 90.240958964000072, 24.016495801000076 ], [ 90.240935938000064, 24.016341725000075 ], [ 90.240875835000054, 24.016078188000051 ], [ 90.240839404000042, 24.015986231000056 ], [ 90.240833009000085, 24.015852449000079 ], [ 90.240829168000062, 24.015770036000049 ], [ 90.240820833000043, 24.015584886000056 ], [ 90.240829151000071, 24.015430760000072 ], [ 90.240847042000041, 24.01513774600005 ], [ 90.240871308000067, 24.014967788000035 ], [ 90.240864289000058, 24.014828928000043 ], [ 90.24086171600004, 24.01476739900005 ], [ 90.240854054000067, 24.014613298000029 ], [ 90.240841302000035, 24.01436549500005 ], [ 90.240845143000058, 24.01411766700005 ], [ 90.240879070000062, 24.013855675000059 ], [ 90.240931079000063, 24.013733658000035 ], [ 90.240964120000058, 24.013655702000051 ], [ 90.241017826000075, 24.013454650000028 ], [ 90.241044050000085, 24.013346785000067 ], [ 90.241069017000086, 24.013223116000063 ], [ 90.241061996000042, 24.013083692000066 ], [ 90.241082515000073, 24.012882126000022 ], [ 90.241109354000059, 24.012773696000068 ], [ 90.241156396000065, 24.012625154000034 ], [ 90.241163115000063, 24.012603127000034 ], [ 90.24120528800006, 24.012478867000027 ], [ 90.241227650000042, 24.012276734000068 ], [ 90.241213834000064, 24.012119255000073 ], [ 90.24094500800004, 24.011643789000061 ], [ 90.240784033000068, 24.01133242700007 ], [ 90.240620006000086, 24.01103123300004 ], [ 90.240619280000033, 24.01097139500007 ], [ 90.240618583000071, 24.010927363000064 ], [ 90.240617720000046, 24.010794139000041 ], [ 90.240621721000082, 24.010632115000078 ], [ 90.240615277000074, 24.010471238000036 ], [ 90.240613326000073, 24.010414224000044 ], [ 90.240624091000086, 24.010254450000048 ], [ 90.240648936000071, 24.010066425000048 ], [ 90.240653788000031, 24.01003141800004 ], [ 90.240542237000057, 24.009859414000061 ], [ 90.240423925000073, 24.009686292000026 ], [ 90.240351915000076, 24.009627131000059 ], [ 90.240185119000046, 24.009488522000026 ], [ 90.240154348000033, 24.009464860000037 ], [ 90.240039264000075, 24.009375282000065 ], [ 90.23985964700006, 24.009281287000078 ], [ 90.239713872000038, 24.009210951000057 ], [ 90.239653642000064, 24.009207093000043 ], [ 90.239552205000052, 24.009186365000062 ], [ 90.239473545000067, 24.009185923000075 ], [ 90.239334043000042, 24.009184448000042 ], [ 90.239333523000084, 24.009235255000078 ], [ 90.239270181000052, 24.009210515000063 ], [ 90.239082956000061, 24.009322583000028 ], [ 90.238914187000034, 24.009445345000074 ], [ 90.238778585000034, 24.009559590000038 ], [ 90.238721485000042, 24.009587340000053 ], [ 90.238636142000075, 24.009629247000078 ], [ 90.238414465000062, 24.009721045000049 ], [ 90.238145909000082, 24.009718075000023 ], [ 90.237922782000055, 24.009690196000065 ], [ 90.237705764000054, 24.009641419000047 ], [ 90.237444435000043, 24.009559405000061 ], [ 90.237374953000085, 24.009537495000075 ], [ 90.237137655000083, 24.009489314000064 ], [ 90.236975397000037, 24.009477146000052 ], [ 90.236942213000077, 24.009478325000032 ], [ 90.236911488000032, 24.00947893700004 ], [ 90.236646639000071, 24.00948668500007 ], [ 90.236336364000067, 24.009521600000028 ], [ 90.235912786000085, 24.009599592000029 ], [ 90.235644018000073, 24.009648553000034 ], [ 90.23560468900007, 24.009649178000075 ], [ 90.235557678000077, 24.009650380000039 ], [ 90.235152681000045, 24.00963914700003 ], [ 90.23477871700004, 24.009627864000038 ], [ 90.234601747000056, 24.009636039000043 ], [ 90.234147310000083, 24.009641814000076 ], [ 90.233839501000034, 24.009681236000063 ], [ 90.233582062000039, 24.00970985500004 ], [ 90.233520955000074, 24.009730834000038 ], [ 90.233312671000078, 24.009755428000062 ], [ 90.233294561000037, 24.009764486000051 ], [ 90.23303373300007, 24.009788593000053 ], [ 90.232806656000037, 24.009784422000052 ], [ 90.23274550900004, 24.009783386000038 ], [ 90.232641920000049, 24.009762092000074 ], [ 90.232597068000075, 24.009766111000033 ], [ 90.23228277700008, 24.009619247000046 ], [ 90.232089998000049, 24.009551232000035 ], [ 90.232004217000053, 24.009520879000036 ], [ 90.231807114000048, 24.009439887000042 ], [ 90.231612243000086, 24.00940461700003 ], [ 90.23126009300006, 24.009391036000068 ], [ 90.231166973000086, 24.009381578000045 ], [ 90.230975513000033, 24.009362109000051 ], [ 90.230798496000034, 24.009344311000063 ], [ 90.230388844000061, 24.009307105000062 ], [ 90.230298808000043, 24.009302724000065 ], [ 90.230123035000076, 24.009293390000039 ], [ 90.229899627000066, 24.009279048000053 ], [ 90.22982649100004, 24.009274642000037 ], [ 90.229607059000045, 24.009250132000034 ], [ 90.229387934000044, 24.009225057000037 ], [ 90.229152217000035, 24.009200006000071 ], [ 90.228916197000046, 24.009177213000044 ], [ 90.228727200000037, 24.009161124000059 ], [ 90.228647607000084, 24.009154469000066 ], [ 90.22842481400005, 24.009140123000066 ], [ 90.22840238200007, 24.009139593000043 ], [ 90.228306819000068, 24.009137477000024 ], [ 90.228235599000072, 24.00917484100006 ], [ 90.228171685000063, 24.009173243000077 ], [ 90.228128440000035, 24.009218469000075 ], [ 90.228079966000053, 24.009259751000059 ], [ 90.227988586000038, 24.009364322000067 ], [ 90.227883405000057, 24.009485286000029 ], [ 90.227771996000058, 24.009558275000074 ], [ 90.227729658000044, 24.00959503100006 ], [ 90.227548100000035, 24.009616188000052 ], [ 90.227401506000035, 24.009600599000066 ], [ 90.226991785000052, 24.009523302000048 ], [ 90.226794746000053, 24.009476739000036 ], [ 90.22667916000006, 24.009445862000064 ], [ 90.226647511000067, 24.009445909000078 ], [ 90.226614635000033, 24.009445956000036 ], [ 90.226542993000066, 24.009418401000062 ], [ 90.226446140000064, 24.009381286000064 ], [ 90.226416007000068, 24.009369476000074 ], [ 90.226295217000086, 24.009350461000054 ], [ 90.226187466000056, 24.009407071000055 ], [ 90.226057144000038, 24.009382989000073 ], [ 90.225627259000078, 24.009371768000051 ], [ 90.225577326000064, 24.009458213000073 ], [ 90.225552024000081, 24.00957397600007 ], [ 90.225519382000073, 24.009708944000067 ], [ 90.225518802000067, 24.009728703000064 ], [ 90.225469840000073, 24.009843373000024 ], [ 90.225451775000067, 24.009880658000043 ], [ 90.225367635000055, 24.009910701000024 ], [ 90.225237726000046, 24.009947021000073 ], [ 90.224950774000035, 24.009791635000056 ], [ 90.224833191000073, 24.00967213000007 ], [ 90.224714898000059, 24.009498431000054 ], [ 90.224702885000056, 24.009480949000078 ], [ 90.224533437000048, 24.009397648000061 ], [ 90.224488825000037, 24.009363842000027 ], [ 90.224344009000049, 24.00930986000003 ], [ 90.224311428000078, 24.009303698000053 ], [ 90.224211535000052, 24.009285780000027 ], [ 90.224101011000073, 24.009338441000068 ], [ 90.22405434500007, 24.009360527000069 ], [ 90.223927009000079, 24.009464584000057 ], [ 90.223894484000084, 24.009491164000053 ], [ 90.223857692000081, 24.009536380000043 ], [ 90.223745416000042, 24.009642672000041 ], [ 90.223595956000054, 24.009745633000023 ], [ 90.223375096000041, 24.009961601000043 ], [ 90.223225404000061, 24.010109159000024 ], [ 90.223137297000051, 24.010154449000026 ], [ 90.222828618000051, 24.010227721000035 ], [ 90.22279268300008, 24.01023624100003 ], [ 90.222705120000057, 24.010241448000045 ], [ 90.222541893000084, 24.010202169000024 ], [ 90.222395267000081, 24.010167382000077 ], [ 90.222133675000066, 24.010105664000037 ], [ 90.222039877000043, 24.010057252000024 ], [ 90.221985749000055, 24.010029669000062 ], [ 90.221827329000064, 24.009926026000073 ], [ 90.221720837000078, 24.009822309000072 ], [ 90.221693706000053, 24.009769283000026 ], [ 90.221664389000068, 24.009695939000039 ], [ 90.221651128000076, 24.009666602000038 ], [ 90.221569394000085, 24.009487203000049 ], [ 90.221525481000072, 24.009322993000069 ], [ 90.221488290000082, 24.009136754000053 ], [ 90.22138212200008, 24.008683598000061 ], [ 90.221320834000039, 24.008599573000026 ], [ 90.221031517000085, 24.008314345000031 ], [ 90.220863854000072, 24.008194908000064 ], [ 90.22053637700003, 24.008052556000052 ], [ 90.220419299000071, 24.008045950000053 ], [ 90.220135326000047, 24.008009665000031 ], [ 90.219962918000078, 24.007990154000026 ], [ 90.219916511000065, 24.007985140000073 ], [ 90.219670065000059, 24.007972509000069 ], [ 90.219294235000064, 24.007943692000026 ], [ 90.219083646000058, 24.007875687000023 ], [ 90.21903691600005, 24.007860512000036 ], [ 90.219015082000055, 24.007849817000078 ], [ 90.218721380000034, 24.007692735000035 ], [ 90.218628504000037, 24.007643189000078 ], [ 90.218390689000046, 24.007464576000075 ], [ 90.218068145000075, 24.007147776000068 ], [ 90.217892708000079, 24.006970766000052 ], [ 90.217864385000041, 24.006938064000053 ], [ 90.21770891400007, 24.006757638000067 ], [ 90.217554677000066, 24.006578340000033 ], [ 90.217516193000051, 24.006533234000074 ], [ 90.217451541000059, 24.00645768000004 ], [ 90.217365639000036, 24.006352801000048 ], [ 90.217363388000081, 24.006292965000057 ], [ 90.217229098000075, 24.006099524000035 ], [ 90.217216138000083, 24.006065673000023 ], [ 90.217137564000041, 24.005933686000049 ], [ 90.217049412000051, 24.005768406000072 ], [ 90.217021627000065, 24.005688849000023 ], [ 90.216943082000057, 24.005574363000051 ], [ 90.21682480700008, 24.005402351000043 ], [ 90.216602937000062, 24.005199438000034 ], [ 90.216266014000041, 24.005098864000047 ], [ 90.216119432000085, 24.005086652000045 ], [ 90.216081029000065, 24.00508783600003 ], [ 90.215959030000079, 24.005076716000076 ], [ 90.215738805000058, 24.005123317000027 ], [ 90.215703175000044, 24.005130706000045 ], [ 90.215435016000072, 24.00517624400004 ], [ 90.215314622000051, 24.00520689800004 ], [ 90.215231084000038, 24.005227901000069 ], [ 90.214937420000069, 24.005272347000073 ], [ 90.21464958100006, 24.005307186000039 ], [ 90.214507088000062, 24.005351983000025 ], [ 90.214409814000078, 24.00542832900004 ], [ 90.214171538000073, 24.00552237200003 ], [ 90.213995271000044, 24.005583022000053 ], [ 90.213708770000039, 24.005685035000056 ], [ 90.213489067000069, 24.006049456000028 ], [ 90.213268011000082, 24.006525654000029 ], [ 90.213225454000053, 24.006617165000023 ], [ 90.213166433000083, 24.006973458000061 ], [ 90.213155479000079, 24.007038958000066 ], [ 90.213126754000086, 24.00713496700007 ], [ 90.213019554000084, 24.007341730000064 ], [ 90.212966851000033, 24.007429868000031 ], [ 90.212921821000066, 24.007514608000065 ], [ 90.212888381000084, 24.007545704000052 ], [ 90.212850996000043, 24.007606159000034 ], [ 90.21277090500007, 24.007670626000049 ], [ 90.212701957000036, 24.007782497000051 ], [ 90.212682028000074, 24.007810185000039 ], [ 90.212557526000069, 24.007959955000047 ], [ 90.212509358000034, 24.008004056000061 ], [ 90.212482365000085, 24.008031754000058 ], [ 90.212380831000075, 24.008134637000069 ], [ 90.212254125000072, 24.008252797000068 ], [ 90.212174996000044, 24.008341535000056 ], [ 90.212001351000083, 24.008503793000045 ], [ 90.211827398000082, 24.008667179000042 ], [ 90.211645796000084, 24.008848641000043 ], [ 90.211480722000033, 24.008992822000039 ], [ 90.211354605000054, 24.009096302000046 ], [ 90.211266572000056, 24.009189005000053 ], [ 90.211228537000068, 24.00922913900007 ], [ 90.21116599800007, 24.009317289000023 ], [ 90.211114148000036, 24.009365345000049 ], [ 90.211070889000041, 24.009405486000048 ], [ 90.210970241000041, 24.009488608000026 ], [ 90.210909196000046, 24.009549096000057 ], [ 90.210894163000034, 24.009563795000076 ], [ 90.210806968000043, 24.009606253000072 ], [ 90.210736946000054, 24.009628365000026 ], [ 90.210563497000066, 24.009724008000035 ], [ 90.210427198000048, 24.009802098000023 ], [ 90.210368523000056, 24.009811211000056 ], [ 90.210315704000038, 24.009829348000039 ], [ 90.210205132000056, 24.009856598000056 ], [ 90.210183338000036, 24.009870176000049 ], [ 90.210076733000051, 24.009880482000028 ], [ 90.210042945000055, 24.009888433000071 ], [ 90.209936329000072, 24.009890271000074 ], [ 90.209809156000063, 24.009913026000049 ], [ 90.20974953800004, 24.009908028000041 ], [ 90.209715119000066, 24.009904688000063 ], [ 90.20955101100003, 24.00988910500007 ], [ 90.209512597000071, 24.009885206000035 ], [ 90.209442806000084, 24.009859334000055 ], [ 90.209271555000043, 24.009796342000072 ], [ 90.209184864000065, 24.009770493000076 ], [ 90.209142747000044, 24.009757565000029 ], [ 90.209047143000078, 24.009730035000075 ], [ 90.208983495000041, 24.009701896000024 ], [ 90.208882319000054, 24.009650097000076 ], [ 90.208794620000049, 24.009570620000034 ], [ 90.208715229000063, 24.00949846900005 ], [ 90.20865122400005, 24.00944041200006 ], [ 90.208563833000085, 24.009361498000032 ], [ 90.208290835000071, 24.008889931000056 ], [ 90.208273890000044, 24.008670356000039 ], [ 90.208305408000058, 24.008590150000032 ], [ 90.208268022000084, 24.008460362000051 ], [ 90.208248881000031, 24.008213128000023 ], [ 90.20823088800006, 24.008107023000036 ], [ 90.208226858000046, 24.008084448000034 ], [ 90.208214138000073, 24.008009384000047 ], [ 90.208211327000072, 24.007790354000065 ], [ 90.208209249000049, 24.007644711000069 ], [ 90.208194762000062, 24.007425133000027 ], [ 90.20816757700004, 24.007334282000045 ], [ 90.208103256000072, 24.006886705000056 ], [ 90.208052960000032, 24.006755805000068 ], [ 90.208003658000052, 24.006667806000053 ], [ 90.207962684000051, 24.006601249000028 ], [ 90.207575941000073, 24.006278867000049 ], [ 90.207288791000053, 24.006173127000068 ], [ 90.207061281000051, 24.006085934000055 ], [ 90.206637907000072, 24.005909810000048 ], [ 90.206409198000074, 24.005841246000045 ], [ 90.206295150000074, 24.005806965000033 ], [ 90.20586933800007, 24.005643826000039 ], [ 90.205722068000057, 24.005585314000029 ], [ 90.205509935000066, 24.005506565000076 ], [ 90.205321539000067, 24.005476335000026 ], [ 90.205263437000042, 24.005457782000065 ], [ 90.205035032000069, 24.005385266000076 ], [ 90.204909608000037, 24.005345352000063 ], [ 90.204666504000045, 24.005306160000032 ], [ 90.204566339000053, 24.005306294000036 ], [ 90.204419734000055, 24.005277699000032 ], [ 90.204311578000045, 24.005277843000044 ], [ 90.204017778000036, 24.005432348000056 ], [ 90.203938040000082, 24.005527294000046 ], [ 90.203795888000059, 24.005790549000039 ], [ 90.203717861000086, 24.005996138000057 ], [ 90.203656117000037, 24.006200576000026 ], [ 90.203593689000058, 24.006361548000029 ], [ 90.203515662000086, 24.006566572000054 ], [ 90.203486178000048, 24.006770967000023 ], [ 90.203465605000076, 24.006974221000064 ], [ 90.203505839000059, 24.007354654000039 ], [ 90.20351757800006, 24.007394154000053 ], [ 90.203576570000052, 24.007588836000025 ], [ 90.203588300000035, 24.007622127000047 ], [ 90.203649210000037, 24.007863660000055 ], [ 90.203688455000076, 24.008005868000055 ], [ 90.203717811000047, 24.008111393000036 ], [ 90.203722902000038, 24.008417356000052 ], [ 90.203694761000065, 24.008693443000027 ], [ 90.203680857000052, 24.008839108000075 ], [ 90.203636431000064, 24.009115217000044 ], [ 90.203597903000059, 24.009234382000045 ], [ 90.203526510000074, 24.009361493000029 ], [ 90.203366368000047, 24.00952090100003 ], [ 90.20333628700007, 24.009541263000074 ], [ 90.203074954000044, 24.009637014000077 ], [ 90.202781819000052, 24.009636273000069 ], [ 90.202553212000055, 24.009636011000055 ], [ 90.202505279000036, 24.009636073000024 ], [ 90.202195003000043, 24.009676565000063 ], [ 90.202167663000068, 24.009681116000024 ], [ 90.202141858000061, 24.009683409000047 ], [ 90.201901916000054, 24.009706306000055 ], [ 90.201792855000065, 24.009717740000042 ], [ 90.201606989000084, 24.009737177000034 ], [ 90.201577188000044, 24.009740040000054 ], [ 90.201398420000032, 24.009779226000035 ], [ 90.201054330000034, 24.009810726000069 ], [ 90.20091881500008, 24.009804694000024 ], [ 90.200825098000053, 24.009804253000027 ], [ 90.200692357000037, 24.009803862000069 ], [ 90.200662564000083, 24.009811241000023 ], [ 90.200531040000044, 24.009802379000064 ], [ 90.200433943000064, 24.009802507000074 ], [ 90.20025326800004, 24.009801614000025 ], [ 90.200062725000066, 24.009777024000073 ], [ 90.199697897000078, 24.00971088600005 ], [ 90.199420694000082, 24.009679634000065 ], [ 90.199143775000039, 24.009633704000066 ], [ 90.198899714000049, 24.009574181000062 ], [ 90.198721079000052, 24.009500461000073 ], [ 90.198478201000057, 24.009411018000037 ], [ 90.19836439900007, 24.009337212000048 ], [ 90.198206916000061, 24.009230157000047 ], [ 90.198105718000079, 24.00916141600004 ], [ 90.197976466000057, 24.009029486000031 ], [ 90.197940759000062, 24.008988887000044 ], [ 90.197826123000084, 24.008570161000023 ], [ 90.197735142000056, 24.008347857000047 ], [ 90.197734675000049, 24.00804245300003 ], [ 90.197643130000074, 24.007653617000074 ], [ 90.197449626000036, 24.007699592000051 ], [ 90.19742412100004, 24.007697931000052 ], [ 90.197330701000055, 24.007690713000045 ], [ 90.197156437000046, 24.007660453000028 ], [ 90.196954541000082, 24.007644341000059 ], [ 90.196867270000041, 24.007637679000027 ], [ 90.196720712000058, 24.007642949000058 ], [ 90.196574158000033, 24.007649346000051 ], [ 90.196393810000075, 24.007658045000028 ], [ 90.196199678000085, 24.007696681000027 ], [ 90.196127181000065, 24.007707499000048 ], [ 90.195970513000077, 24.00773140900003 ], [ 90.19590018100007, 24.007751823000035 ], [ 90.195714981000037, 24.007804559000078 ], [ 90.195509858000037, 24.007889498000054 ], [ 90.195383308000032, 24.00791788600003 ], [ 90.195094866000034, 24.00796906100004 ], [ 90.195053418000043, 24.007990564000067 ], [ 90.19493979300006, 24.008031355000071 ], [ 90.194638826000073, 24.008132222000029 ], [ 90.194352017000085, 24.008249441000032 ], [ 90.19415895700007, 24.008387993000042 ], [ 90.194148536000057, 24.008404942000027 ], [ 90.194047381000075, 24.008567087000074 ], [ 90.194020759000068, 24.008640509000031 ], [ 90.193958051000038, 24.008828573000073 ], [ 90.193873838000059, 24.009017794000044 ], [ 90.193815960000052, 24.009147706000078 ], [ 90.193758115000037, 24.009300764000045 ], [ 90.193690172000061, 24.009481497000024 ], [ 90.193627550000031, 24.009727142000031 ], [ 90.193580120000036, 24.009857606000025 ], [ 90.193501477000041, 24.010074480000071 ], [ 90.193406897000045, 24.010320166000042 ], [ 90.19338237900007, 24.010361971000066 ], [ 90.193229424000037, 24.010816603000023 ], [ 90.193229521000035, 24.010881523000023 ], [ 90.193104764000054, 24.011289827000041 ], [ 90.193099703000087, 24.011605400000064 ], [ 90.193090206000079, 24.011830091000036 ], [ 90.193075239000052, 24.012095434000059 ], [ 90.193067159000066, 24.012239396000041 ], [ 90.193067527000039, 24.012281170000051 ], [ 90.19306793700008, 24.012556091000079 ], [ 90.193068495000034, 24.012929802000031 ], [ 90.192974951000053, 24.013252825000052 ], [ 90.192895641000064, 24.013436959000046 ], [ 90.192803952000077, 24.013562397000044 ], [ 90.192660997000075, 24.013720642000067 ], [ 90.192608303000043, 24.013826274000053 ], [ 90.192518351000047, 24.01388001600003 ], [ 90.192394884000066, 24.013919123000051 ], [ 90.192291688000068, 24.01395199500007 ], [ 90.192160516000058, 24.013975870000024 ], [ 90.191973743000062, 24.014010539000026 ], [ 90.191877915000077, 24.014039449000052 ], [ 90.191781432000084, 24.014040134000027 ], [ 90.19169349200007, 24.014001292000046 ], [ 90.191588641000067, 24.013954568000031 ], [ 90.191395195000041, 24.013840777000041 ], [ 90.19116977200008, 24.013712912000074 ], [ 90.19100891800008, 24.013612628000033 ], [ 90.19087144100007, 24.013528122000025 ], [ 90.190846534000059, 24.013515734000066 ], [ 90.190606295000066, 24.013341596000032 ], [ 90.190445073000035, 24.013198973000044 ], [ 90.190245100000084, 24.013034382000058 ], [ 90.190226013000085, 24.01300956700004 ], [ 90.190074629000037, 24.012870318000068 ], [ 90.189765182000031, 24.01264771600006 ], [ 90.189734431000034, 24.012631384000031 ], [ 90.189566853000031, 24.012553123000032 ], [ 90.189479532000064, 24.01251540800007 ], [ 90.189113357000053, 24.012370214000043 ], [ 90.189000860000078, 24.012346643000058 ], [ 90.188702168000077, 24.012331204000077 ], [ 90.188620104000051, 24.012316063000071 ], [ 90.188253736000036, 24.012249335000035 ], [ 90.188233142000058, 24.012244280000061 ], [ 90.187812639000072, 24.012139231000049 ], [ 90.187287843000036, 24.011945678000075 ], [ 90.186923541000056, 24.011817977000078 ], [ 90.186868513000036, 24.011799979000045 ], [ 90.186527592000061, 24.011690314000077 ], [ 90.186226323000085, 24.011591888000055 ], [ 90.185988679000047, 24.011506934000067 ], [ 90.185751037000045, 24.011421980000023 ], [ 90.185592055000086, 24.011336930000027 ], [ 90.185417771000061, 24.011294803000055 ], [ 90.185242444000039, 24.011166304000028 ], [ 90.185038210000073, 24.011023163000061 ], [ 90.184876753000083, 24.010924567000075 ], [ 90.184605743000077, 24.010710939000035 ], [ 90.184462392000057, 24.010596515000032 ], [ 90.184382380000045, 24.010511369000028 ], [ 90.184346356000049, 24.010459476000051 ], [ 90.184302327000069, 24.010396867000054 ], [ 90.184222274000035, 24.010281801000076 ], [ 90.184189825000033, 24.010152567000034 ], [ 90.184109015000047, 24.009937015000048 ], [ 90.184066118000032, 24.00980609800007 ], [ 90.184139413000082, 24.009706092000044 ], [ 90.184264859000052, 24.009546745000023 ], [ 90.184485473000052, 24.00932857500004 ], [ 90.184706495000057, 24.009182663000047 ], [ 90.184911560000046, 24.009050883000043 ], [ 90.185148295000033, 24.008933741000078 ], [ 90.185337751000077, 24.008845447000056 ], [ 90.185558444000037, 24.008684857000048 ], [ 90.185691348000034, 24.008584775000031 ], [ 90.185734634000084, 24.008558190000031 ], [ 90.185826046000045, 24.008452515000045 ], [ 90.185949999000059, 24.008325347000039 ], [ 90.185967794000078, 24.008307262000073 ], [ 90.186093520000043, 24.008132672000045 ], [ 90.18617160000008, 24.007943463000061 ], [ 90.186218753000048, 24.007827679000059 ], [ 90.186218362000034, 24.007769535000023 ], [ 90.186218306000058, 24.007730581000033 ], [ 90.18621786600005, 24.007639695000023 ], [ 90.186138016000086, 24.007451242000059 ], [ 90.186089959000071, 24.007364929000062 ], [ 90.185978829000078, 24.007221111000035 ], [ 90.18591516500004, 24.007177720000072 ], [ 90.185756738000066, 24.007048072000032 ], [ 90.18566138500006, 24.00697649500006 ], [ 90.185507624000081, 24.006885792000048 ], [ 90.18513654700007, 24.006736643000067 ], [ 90.185118102000047, 24.006729327000073 ], [ 90.184996999000077, 24.006700117000037 ], [ 90.184851975000072, 24.006702551000046 ], [ 90.184635428000036, 24.006752490000054 ], [ 90.18418293700006, 24.006824728000026 ], [ 90.184098153000036, 24.006838378000054 ], [ 90.183357687000068, 24.007077493000054 ], [ 90.182876232000069, 24.007095004000064 ], [ 90.182639620000032, 24.006861575000073 ], [ 90.18254655800007, 24.006670313000029 ], [ 90.182412510000063, 24.006394422000028 ], [ 90.182327890000067, 24.006307023000033 ], [ 90.182244763000085, 24.006189137000035 ], [ 90.182215824000082, 24.006148526000061 ], [ 90.182056153000076, 24.006004198000028 ], [ 90.181945402000053, 24.005904409000038 ], [ 90.181816805000039, 24.005788271000029 ], [ 90.181641178000064, 24.00565920400004 ], [ 90.18141786800004, 24.005486725000026 ], [ 90.181306193000069, 24.005386373000078 ], [ 90.181258783000033, 24.005322073000059 ], [ 90.181144887000073, 24.005170916000054 ], [ 90.181034235000084, 24.004922658000055 ], [ 90.180921846000047, 24.004530448000025 ], [ 90.180910033000032, 24.004432801000064 ], [ 90.181083493000074, 24.003894044000049 ], [ 90.181100971000035, 24.003868619000059 ], [ 90.181796531000032, 24.003386825000064 ], [ 90.181981611000083, 24.003250556000069 ], [ 90.182369726000047, 24.003071141000078 ], [ 90.182559472000037, 24.002975512000035 ], [ 90.182781452000086, 24.002860085000066 ], [ 90.183243635000053, 24.002696952000065 ], [ 90.183535405000043, 24.002614748000042 ], [ 90.183591302000082, 24.002598874000057 ], [ 90.183672690000037, 24.002576196000064 ], [ 90.183926722000081, 24.002530163000074 ], [ 90.183983237000064, 24.002516549000063 ], [ 90.184053573000085, 24.002499529000033 ], [ 90.184181985000066, 24.002485826000054 ], [ 90.184576868000079, 24.002317689000051 ], [ 90.184600199000045, 24.002304111000058 ], [ 90.184685157000047, 24.002198444000044 ], [ 90.184729295000068, 24.00212500300006 ], [ 90.184707983000067, 24.002046560000053 ], [ 90.184613547000083, 24.001968770000076 ], [ 90.184590490000062, 24.00195863700003 ], [ 90.18443830800004, 24.00189277100003 ], [ 90.184224008000058, 24.001789722000069 ], [ 90.183913317000076, 24.001746062000052 ], [ 90.183657354000047, 24.001728868000043 ], [ 90.183494212000085, 24.001731886000073 ], [ 90.183333142000038, 24.001682402000029 ], [ 90.183299339000087, 24.001678490000074 ], [ 90.183209916000067, 24.001667871000052 ], [ 90.182930600000077, 24.001649575000044 ], [ 90.182672111000045, 24.001583270000026 ], [ 90.182376736000037, 24.001504025000031 ], [ 90.182320792000041, 24.001487720000057 ], [ 90.182034323000039, 24.001406770000074 ], [ 90.181987904000039, 24.001388760000054 ], [ 90.181821285000069, 24.001324601000078 ], [ 90.181713993000074, 24.001280132000034 ], [ 90.181241914000054, 24.001175126000078 ], [ 90.180933621000065, 24.001085730000057 ], [ 90.180639159000066, 24.001000834000024 ], [ 90.18031718900005, 24.00101815000005 ], [ 90.180298149000066, 24.001023818000078 ], [ 90.17996288300003, 24.001202036000052 ], [ 90.179571550000048, 24.001274753000075 ], [ 90.179259116000082, 24.001301086000069 ], [ 90.179233303000046, 24.001298295000026 ], [ 90.178719611000076, 24.001316959000064 ], [ 90.178635738000082, 24.00131987900005 ], [ 90.178347998000049, 24.001430296000024 ], [ 90.178114296000047, 24.001512987000069 ], [ 90.17804977600008, 24.001513627000065 ], [ 90.177809047000039, 24.001401001000033 ], [ 90.177684506000048, 24.001324371000067 ], [ 90.177571915000044, 24.001224016000037 ], [ 90.17749223800007, 24.001151286000038 ], [ 90.177269224000042, 24.000962430000072 ], [ 90.177192912000066, 24.000878404000048 ], [ 90.177144896000073, 24.000815798000076 ], [ 90.177070740000033, 24.000734592000072 ], [ 90.176839036000047, 24.000480259000028 ], [ 90.176378576000047, 24.000330064000025 ], [ 90.175874906000047, 24.000485321000042 ], [ 90.17550884700006, 24.000616145000038 ], [ 90.175443127000051, 24.000639931000023 ], [ 90.174960588000033, 24.000746047000064 ], [ 90.174939388000041, 24.000746071000037 ], [ 90.174866880000081, 24.000746718000073 ], [ 90.174803300000065, 24.000762033000058 ], [ 90.174723457000084, 24.00079260800004 ], [ 90.174580609000031, 24.000808577000043 ], [ 90.174008174000051, 24.000782695000055 ], [ 90.173547579000058, 24.000757250000049 ], [ 90.173309198000084, 24.000788568000075 ], [ 90.17291227700008, 24.000820628000042 ], [ 90.17265820700004, 24.000836722000031 ], [ 90.172054514000081, 24.00087127200004 ], [ 90.171594222000067, 24.000844691000054 ], [ 90.171467023000048, 24.000845398000024 ], [ 90.171339540000076, 24.00086304000007 ], [ 90.17124461800006, 24.000876130000051 ], [ 90.171132475000036, 24.000877384000034 ], [ 90.170835050000051, 24.001102960000026 ], [ 90.170800099000076, 24.001159450000046 ], [ 90.170767638000086, 24.001240213000074 ], [ 90.170704857000032, 24.001396091000061 ], [ 90.170672771000056, 24.001528225000072 ], [ 90.170641188000047, 24.001808827000048 ], [ 90.170577551000065, 24.00201551300006 ], [ 90.170528689000037, 24.002240246000042 ], [ 90.170466275000081, 24.00244241300004 ], [ 90.170439532000046, 24.002665993000051 ], [ 90.170419605000063, 24.002698757000076 ], [ 90.170307492000063, 24.00295856200006 ], [ 90.170243913000036, 24.003209280000078 ], [ 90.170164587000045, 24.003400740000075 ], [ 90.170117233000042, 24.003606843000057 ], [ 90.170022064000079, 24.003901063000058 ], [ 90.169983172000059, 24.003999334000071 ], [ 90.169591755000056, 24.004721225000026 ], [ 90.169546653000054, 24.004770952000058 ], [ 90.169403953000085, 24.004903772000034 ], [ 90.169261236000068, 24.005022480000036 ], [ 90.169102904000056, 24.005184671000052 ], [ 90.168944571000054, 24.005346863000057 ], [ 90.168817578000073, 24.005509585000027 ], [ 90.168770375000065, 24.005597702000046 ], [ 90.168627751000031, 24.005789231000051 ], [ 90.168557836000048, 24.005897697000023 ], [ 90.16837501200007, 24.006364191000046 ], [ 90.168375256000047, 24.006552741000064 ], [ 90.168375352000055, 24.006625564000046 ], [ 90.168375830000059, 24.006757096000058 ], [ 90.168407610000031, 24.00685924000004 ], [ 90.16841077600003, 24.006930931000056 ], [ 90.16837636200006, 24.007166373000075 ], [ 90.168344847000071, 24.00726915100006 ], [ 90.168250037000064, 24.007371998000053 ], [ 90.168091931000049, 24.00747547900005 ], [ 90.167949496000062, 24.007578941000077 ], [ 90.167775108000058, 24.007683569000051 ], [ 90.167585354000039, 24.007787084000029 ], [ 90.167427265000072, 24.00790524100006 ], [ 90.167291312000032, 24.008031842000037 ], [ 90.167174077000084, 24.008140922000052 ], [ 90.167102275000047, 24.008216082000047 ], [ 90.166876125000044, 24.008451733000072 ], [ 90.166688346000058, 24.008659116000047 ], [ 90.166669937000052, 24.008679460000053 ], [ 90.166590824000082, 24.008804305000069 ], [ 90.166353131000051, 24.009383760000048 ], [ 90.166505963000077, 24.009716097000023 ], [ 90.166868729000043, 24.010101270000064 ], [ 90.166955444000052, 24.010151981000035 ], [ 90.167616567000039, 24.010535699000059 ], [ 90.167648593000081, 24.010588729000062 ], [ 90.167632057000048, 24.010870442000055 ], [ 90.167190012000049, 24.011198347000061 ], [ 90.167120318000059, 24.011241891000054 ], [ 90.166803730000083, 24.011403689000076 ], [ 90.166754292000064, 24.011429145000022 ], [ 90.16653933200007, 24.011530428000071 ], [ 90.166373811000085, 24.011605690000067 ], [ 90.166311473000064, 24.01163680600007 ], [ 90.166251591000048, 24.01166396800005 ], [ 90.166093413000056, 24.011717204000036 ], [ 90.166014177000079, 24.011747209000077 ], [ 90.165730720000056, 24.011868889000027 ], [ 90.165700002000051, 24.011877389000063 ], [ 90.165476717000047, 24.011956099000031 ], [ 90.165302569000062, 24.012016125000059 ], [ 90.165274626000041, 24.012029140000038 ], [ 90.165176355000085, 24.012075536000054 ], [ 90.16495530800006, 24.01222311500004 ], [ 90.164736752000067, 24.012397221000072 ], [ 90.164529280000068, 24.012591075000046 ], [ 90.16434020500003, 24.012752730000045 ], [ 90.164187933000051, 24.012859588000026 ], [ 90.164024298000072, 24.01297379600004 ], [ 90.163755909000031, 24.013107309000077 ], [ 90.163566451000065, 24.013211384000044 ], [ 90.163377012000069, 24.013329570000053 ], [ 90.163317785000061, 24.01339173100007 ], [ 90.163286792000065, 24.013423942000031 ], [ 90.162966854000047, 24.013617348000025 ], [ 90.162887659000035, 24.013683482000033 ], [ 90.162729886000079, 24.013815746000034 ], [ 90.162689377000049, 24.013857 ], [ 90.162404472000048, 24.014299320000077 ], [ 90.162093502000062, 24.014786831000038 ], [ 90.161852288000034, 24.015523784000038 ], [ 90.161706113000037, 24.01584232700003 ], [ 90.161659228000076, 24.015944556000022 ], [ 90.161682274000043, 24.016190662000042 ], [ 90.161644022000075, 24.016317155000024 ], [ 90.161544567000078, 24.01664637500005 ], [ 90.161545208000064, 24.016667261000066 ], [ 90.16153421100006, 24.016720338000027 ], [ 90.161508737000077, 24.016991899000061 ], [ 90.161501040000076, 24.017224490000046 ], [ 90.161504142000069, 24.017249324000034 ], [ 90.161478480000085, 24.017369029000065 ], [ 90.161478914000043, 24.017470643000024 ], [ 90.161474775000045, 24.017600486000049 ], [ 90.161454927000079, 24.017700992000073 ], [ 90.161445155000081, 24.017750679000073 ], [ 90.161417673000074, 24.017889582000066 ], [ 90.16140196300006, 24.018351375000066 ], [ 90.161450392000063, 24.018499792000057 ], [ 90.161482530000058, 24.018643711000038 ], [ 90.161562082000046, 24.018860403000076 ], [ 90.161594563000051, 24.019033676000049 ], [ 90.161642373000063, 24.01917757800004 ], [ 90.161642586000085, 24.019346934000055 ], [ 90.161643060000074, 24.019481853000059 ], [ 90.161611231000052, 24.01958406500006 ], [ 90.161594963000084, 24.019599324000069 ], [ 90.161544932000083, 24.019645668000067 ], [ 90.161167023000075, 24.019692921000058 ], [ 90.161040729000035, 24.019695311000078 ], [ 90.160841950000076, 24.019725439000069 ], [ 90.160818907000078, 24.019728851000025 ], [ 90.160597030000076, 24.019717793000041 ], [ 90.16037483000008, 24.019696010000075 ], [ 90.160354234000067, 24.019689257000039 ], [ 90.160154103000082, 24.019621159000053 ], [ 90.159915544000057, 24.019540119000055 ], [ 90.159756609000056, 24.019486090000044 ], [ 90.159665626000049, 24.019466991000058 ], [ 90.159552967000081, 24.019561383000053 ], [ 90.15953429800004, 24.019622370000036 ], [ 90.159295250000071, 24.020141413000033 ], [ 90.15928669300007, 24.020179810000059 ], [ 90.159217930000068, 24.020487544000048 ], [ 90.159159253000041, 24.020748978000029 ], [ 90.159154059000059, 24.020772129000022 ], [ 90.159153900000035, 24.020893501000046 ], [ 90.159146648000046, 24.020994557000051 ], [ 90.159144834000074, 24.021019397000032 ], [ 90.159106104000045, 24.021258229000068 ], [ 90.159084136000047, 24.021386962000065 ], [ 90.158956418000059, 24.021480804000078 ], [ 90.158898039000064, 24.021488204000036 ], [ 90.15881661800006, 24.021497885000031 ], [ 90.158676803000048, 24.021500288000027 ], [ 90.158568316000071, 24.02149193300005 ], [ 90.158375317000036, 24.021477455000024 ], [ 90.158308931000079, 24.021469055000068 ], [ 90.158073814000034, 24.021439945000054 ], [ 90.157883295000033, 24.021443528000077 ], [ 90.157792338000036, 24.021445879000055 ], [ 90.157676799000058, 24.021448256000042 ], [ 90.15751823800008, 24.021451243000058 ], [ 90.157189714000083, 24.021431257000074 ], [ 90.157121181000036, 24.021426811000026 ], [ 90.156727867000086, 24.021446972000035 ], [ 90.156384358000082, 24.021485145000042 ], [ 90.156170245000055, 24.021544075000065 ], [ 90.155999104000045, 24.021563442000058 ], [ 90.155984100000069, 24.021608054000069 ], [ 90.155913674000033, 24.021816998000077 ], [ 90.155919116000064, 24.021997639000062 ], [ 90.155883483000082, 24.02226356400007 ], [ 90.155870930000049, 24.022302528000068 ], [ 90.15581949500006, 24.022460647000059 ], [ 90.155722854000032, 24.022592277000058 ], [ 90.155599494000057, 24.022736355000063 ], [ 90.15558752700008, 24.022751045000064 ], [ 90.155387427000051, 24.022965200000044 ], [ 90.155367772000034, 24.022975948000067 ], [ 90.155326007000042, 24.022999134000031 ], [ 90.155206257000032, 24.023079418000066 ], [ 90.155030552000085, 24.023138305000032 ], [ 90.154839490000086, 24.023202855000022 ], [ 90.154632731000049, 24.02324935300004 ], [ 90.154441937000058, 24.023282287000029 ], [ 90.154263396000033, 24.023281903000054 ], [ 90.154222545000039, 24.02329775000004 ], [ 90.15410825500004, 24.023319882000067 ], [ 90.153853897000033, 24.023392396000077 ], [ 90.15367881800006, 24.02346200900007 ], [ 90.153472118000082, 24.023557055000026 ], [ 90.153281659000072, 24.023613696000041 ], [ 90.153043263000086, 24.023671516000036 ], [ 90.15290070900005, 24.023700449000046 ], [ 90.152796873000057, 24.023726520000025 ], [ 90.15272621400004, 24.023744090000037 ], [ 90.152472451000051, 24.023801925000043 ], [ 90.152202417000069, 24.023873323000032 ], [ 90.152028241000039, 24.023928254000054 ], [ 90.151822154000058, 24.024022734000027 ], [ 90.151584092000064, 24.024105389000056 ], [ 90.15129461500004, 24.024631806000059 ], [ 90.151067788000034, 24.024862919000043 ], [ 90.151043302000062, 24.024946492000026 ], [ 90.151011106000055, 24.025007492000043 ], [ 90.150900790000037, 24.025013246000071 ], [ 90.150837768000031, 24.024991857000032 ], [ 90.150743920000082, 24.024887513000067 ], [ 90.150684253000065, 24.024844667000025 ], [ 90.150633502000062, 24.02480689600003 ], [ 90.150539065000032, 24.024725132000071 ], [ 90.150412061000054, 24.024650176000023 ], [ 90.149622294000039, 24.024651514000027 ], [ 90.149559040000042, 24.024694479000061 ], [ 90.149511758000074, 24.024732347000054 ], [ 90.149464156000079, 24.024758362000057 ], [ 90.14935113100006, 24.024811538000051 ], [ 90.149274443000081, 24.02493129000004 ], [ 90.149308984000072, 24.025037386000065 ], [ 90.149389165000059, 24.025281745000029 ], [ 90.149465680000048, 24.025544172000025 ], [ 90.149446829000055, 24.025719191000064 ], [ 90.149177657000052, 24.025742034000075 ], [ 90.149083312000073, 24.025740997000071 ], [ 90.148891856000034, 24.025738925000041 ], [ 90.148717968000085, 24.025778611000078 ], [ 90.14854680500008, 24.025783857000079 ], [ 90.148504091000063, 24.025785029000076 ], [ 90.148299978000068, 24.025731596000071 ], [ 90.148225911000054, 24.025725458000068 ], [ 90.148174519000065, 24.025663411000039 ], [ 90.148060490000034, 24.025647150000054 ], [ 90.147916876000068, 24.025557531000061 ], [ 90.147839085000044, 24.025520346000064 ], [ 90.147723719000055, 24.02540811800003 ], [ 90.147669288000031, 24.025375993000068 ], [ 90.147633591000044, 24.025333125000031 ], [ 90.147409851000077, 24.025313016000041 ], [ 90.14738864900005, 24.025314166000044 ], [ 90.147202431000039, 24.025323379000042 ], [ 90.147130253000057, 24.025356190000025 ], [ 90.14706269800007, 24.025401980000026 ], [ 90.147052883000072, 24.025418925000054 ], [ 90.147023132000072, 24.025469197000064 ], [ 90.147011029000055, 24.025634611000044 ], [ 90.146930693000058, 24.025791625000068 ], [ 90.147034252000083, 24.026059108000027 ], [ 90.14709466000005, 24.02621485800006 ], [ 90.147111916000085, 24.026254922000078 ], [ 90.147122082000067, 24.026276928000073 ], [ 90.147325835000061, 24.026554476000058 ], [ 90.147403722000035, 24.026674645000071 ], [ 90.147409284000048, 24.026701736000064 ], [ 90.147431838000045, 24.026807843000029 ], [ 90.147469835000038, 24.026981114000023 ], [ 90.147472346000086, 24.027027968000027 ], [ 90.147481447000075, 24.027193363000038 ], [ 90.14747555200006, 24.027413531000036 ], [ 90.147480375000043, 24.02760038200006 ], [ 90.14747150200003, 24.027634826000053 ], [ 90.147354623000069, 24.028085425000029 ], [ 90.147373412000036, 24.028121536000072 ], [ 90.147342198000047, 24.028238986000076 ], [ 90.147277586000087, 24.028440017000037 ], [ 90.147252603000084, 24.028630285000077 ], [ 90.147162897000044, 24.028925614000059 ], [ 90.146972958000049, 24.029450800000063 ], [ 90.147021030000076, 24.029834626000024 ], [ 90.147034054000073, 24.029938485000059 ], [ 90.147046775000035, 24.030044602000032 ], [ 90.147060178000061, 24.030209994000074 ], [ 90.147071089000065, 24.03034490400006 ], [ 90.147087525000074, 24.03047642000007 ], [ 90.147121320000053, 24.030736067000078 ], [ 90.147171085000082, 24.030988924000042 ], [ 90.147207539000078, 24.031155986000044 ], [ 90.147230360000037, 24.03122709400003 ], [ 90.147251634000042, 24.031286348000037 ], [ 90.147381475000032, 24.031688725000038 ], [ 90.147407102000045, 24.031793701000026 ], [ 90.147418215000073, 24.031838287000028 ], [ 90.147548818000075, 24.032369938000045 ], [ 90.14763761100005, 24.032886387000076 ], [ 90.147663289000036, 24.033035960000063 ], [ 90.147669228000041, 24.033122891000062 ], [ 90.14769609700005, 24.033506738000028 ], [ 90.147552618000077, 24.03354300500007 ], [ 90.147687273000031, 24.033584649000034 ], [ 90.147794955000052, 24.033688417000064 ], [ 90.147853754000039, 24.033776425000042 ], [ 90.147936575000074, 24.033907313000043 ], [ 90.147984019000035, 24.034008318000076 ], [ 90.148059807000038, 24.034170261000043 ], [ 90.148075544000051, 24.034225568000068 ], [ 90.148100537000062, 24.034314173000041 ], [ 90.148124677000055, 24.034459231000028 ], [ 90.148183674000052, 24.034719418000066 ], [ 90.148196083000073, 24.034819890000051 ], [ 90.148191263000058, 24.034905701000071 ], [ 90.148194710000041, 24.034962715000063 ], [ 90.148174064000045, 24.035184027000071 ], [ 90.148174200000085, 24.035301446000062 ], [ 90.148132072000067, 24.03554818200007 ], [ 90.148118232000058, 24.035808437000071 ], [ 90.148012418000064, 24.036263542000029 ], [ 90.148000798000055, 24.036313795000069 ], [ 90.147954840000068, 24.036438034000071 ], [ 90.147890786000062, 24.036593339000035 ], [ 90.147865653000053, 24.036654331000022 ], [ 90.147848190000047, 24.036702896000065 ], [ 90.147778361000064, 24.03691352900006 ], [ 90.147749253000086, 24.036990897000067 ], [ 90.147687965000046, 24.037146763000067 ], [ 90.147645369000031, 24.037254627000038 ], [ 90.147628824000037, 24.03730093300004 ], [ 90.147616904000074, 24.037357960000065 ], [ 90.147576193000077, 24.037501388000067 ], [ 90.147539796000046, 24.037655536000045 ], [ 90.147488305000081, 24.037778651000053 ], [ 90.147429225000053, 24.03798475800005 ], [ 90.14737049200005, 24.038227556000038 ], [ 90.147367441000085, 24.038246754000056 ], [ 90.147366336000061, 24.038355707000051 ], [ 90.147365222000076, 24.038456192000069 ], [ 90.147354014000086, 24.038599026000043 ], [ 90.147362757000053, 24.038720389000048 ], [ 90.14736165100004, 24.038828214000034 ], [ 90.147360843000058, 24.038928698000063 ], [ 90.147349070000075, 24.039115001000027 ], [ 90.147380582000039, 24.039258923000034 ], [ 90.147376655000073, 24.039319895000062 ], [ 90.147383785000045, 24.039371823000067 ], [ 90.147414771000058, 24.039593085000035 ], [ 90.147421619000056, 24.039669287000038 ], [ 90.147442157000057, 24.039891689000058 ], [ 90.147442191000039, 24.039920479000045 ], [ 90.147438003000048, 24.040020967000032 ], [ 90.147429635000037, 24.040229847000035 ], [ 90.147438671000032, 24.040337097000076 ], [ 90.147452066000085, 24.04049402000004 ], [ 90.147458295000035, 24.040567966000026 ], [ 90.147490503000085, 24.040781323000033 ], [ 90.147490219000076, 24.040801646000034 ], [ 90.147489114000052, 24.040910599000028 ], [ 90.147491703000071, 24.041024629000049 ], [ 90.147481439000046, 24.04118722100003 ], [ 90.147480546000054, 24.041211496000074 ], [ 90.147453984000038, 24.041367328000035 ], [ 90.147444021000069, 24.04152427300005 ], [ 90.147442033000061, 24.041667663000055 ], [ 90.147440949000043, 24.04179524500006 ], [ 90.14743278900005, 24.041914931000065 ], [ 90.147431580000045, 24.041933561000064 ], [ 90.147429159000069, 24.041968 ], [ 90.147423893000052, 24.042198894000023 ], [ 90.147416537000083, 24.042217529000027 ], [ 90.147415704000082, 24.042297126000051 ], [ 90.147414605000051, 24.042411160000029 ], [ 90.147403655000062, 24.042511090000062 ], [ 90.147401700000046, 24.042682706000051 ], [ 90.147410678000085, 24.042740278000053 ], [ 90.147426470000084, 24.042841311000075 ], [ 90.147448713000074, 24.042942339000035 ], [ 90.147466720000068, 24.043100387000038 ], [ 90.147481976000051, 24.043271985000047 ], [ 90.147484776000056, 24.043301902000053 ], [ 90.147512585000072, 24.04343115100005 ], [ 90.147600071000056, 24.043604937000055 ], [ 90.147747638000055, 24.043639797000026 ], [ 90.147906848000048, 24.043643029000066 ], [ 90.148067603000072, 24.043653035000034 ], [ 90.148154589000058, 24.043658596000057 ], [ 90.148397691000071, 24.043650457000069 ], [ 90.148433632000035, 24.043634053000062 ], [ 90.148610889000054, 24.043562750000035 ], [ 90.148770402000082, 24.043559773000027 ], [ 90.148916414000041, 24.043579953000062 ], [ 90.149024310000073, 24.043595091000043 ], [ 90.149296033000041, 24.043616842000063 ], [ 90.149382708000076, 24.043620145000034 ], [ 90.149556060000066, 24.043627315000037 ], [ 90.149778340000069, 24.043684678000034 ], [ 90.149861057000066, 24.04371903200007 ], [ 90.149918558000081, 24.04374268600003 ], [ 90.150009595000085, 24.043795661000047 ], [ 90.150142761000041, 24.043867225000042 ], [ 90.150156612000046, 24.043885276000026 ], [ 90.150230799000042, 24.04398399400003 ], [ 90.150335168000083, 24.044138004000047 ], [ 90.150388740000039, 24.044216985000048 ], [ 90.150429690000067, 24.044279606000032 ], [ 90.150443708000068, 24.044441609000046 ], [ 90.15045974700007, 24.044489577000036 ], [ 90.150452216000076, 24.044620554000062 ], [ 90.150440702000083, 24.044762823000042 ], [ 90.15044047400005, 24.044831129000045 ], [ 90.150440222000043, 24.044877985000028 ], [ 90.150428111000053, 24.045034932000078 ], [ 90.150420560000043, 24.04514897200005 ], [ 90.150421644000062, 24.045287280000025 ], [ 90.150418368000032, 24.045377605000056 ], [ 90.150416889000041, 24.045428413000025 ], [ 90.150420976000078, 24.045506312000043 ], [ 90.15041244300005, 24.045568417000027 ], [ 90.15039964500005, 24.045664398000042 ], [ 90.150387109000064, 24.045720298000049 ], [ 90.150380140000038, 24.045806111000047 ], [ 90.150350494000065, 24.045948400000043 ], [ 90.150337735000051, 24.046077122000042 ], [ 90.150333176000061, 24.046123981000051 ], [ 90.150328619000049, 24.046168584000043 ], [ 90.150315254000077, 24.046305208000035 ], [ 90.150303740000084, 24.046447478000061 ], [ 90.150272283000049, 24.04661856000007 ], [ 90.150266540000075, 24.046702113000038 ], [ 90.150234674000046, 24.046787386000062 ], [ 90.150210185000049, 24.046873217000041 ], [ 90.15020850600007, 24.047016606000057 ], [ 90.150196446000052, 24.047215893000043 ], [ 90.15015941200005, 24.047351413000058 ], [ 90.15014625200007, 24.047399975000076 ], [ 90.150124369000082, 24.047609998000041 ], [ 90.150112127000057, 24.047656299000039 ], [ 90.150049740000043, 24.047926199000074 ], [ 90.150018827000054, 24.048039134000078 ], [ 90.149997753000036, 24.048153752000076 ], [ 90.149956988000042, 24.048252017000038 ], [ 90.14991540300008, 24.048437784000043 ], [ 90.149891229000048, 24.048529259000077 ], [ 90.149874090000083, 24.048593069000049 ], [ 90.149843178000083, 24.048706003000063 ], [ 90.149801575000083, 24.048876525000026 ], [ 90.14978048200004, 24.048975902000052 ], [ 90.149764254000047, 24.049029547000032 ], [ 90.149729042000047, 24.049145874000033 ], [ 90.149684651000086, 24.04929833500006 ], [ 90.149667202000046, 24.049358192000057 ], [ 90.14964585000007, 24.04949990700004 ], [ 90.149627801000065, 24.049573875000078 ], [ 90.149604246000081, 24.049669866000045 ], [ 90.149562643000081, 24.049840955000036 ], [ 90.149592971000061, 24.05001874900006 ], [ 90.149598849000085, 24.050053180000077 ], [ 90.149624846000052, 24.050206703000072 ], [ 90.149624924000079, 24.050273881000066 ], [ 90.149645904000067, 24.050342166000064 ], [ 90.149732800000038, 24.050531195000076 ], [ 90.149761228000045, 24.050661006000041 ], [ 90.149766275000047, 24.05077108200004 ], [ 90.149767219000069, 24.05078971000006 ], [ 90.149807924000072, 24.050905396000076 ], [ 90.149829254000053, 24.051010941000072 ], [ 90.14984310400007, 24.051025606000053 ], [ 90.149865003000059, 24.05109219600007 ], [ 90.149930915000084, 24.051208422000059 ], [ 90.150004333000084, 24.051436415000069 ], [ 90.150187036000034, 24.05180881800004 ], [ 90.150231687000087, 24.051881596000044 ], [ 90.150329369000076, 24.052091501000064 ], [ 90.150406993000047, 24.052236506000042 ], [ 90.150523147000058, 24.052208730000075 ], [ 90.150755224000079, 24.052220921000071 ], [ 90.150924288000056, 24.052229788000034 ], [ 90.150991923000049, 24.052241012000025 ], [ 90.151091205000057, 24.052243736000037 ], [ 90.151297459000034, 24.052251436000063 ], [ 90.151408425000056, 24.052256407000073 ], [ 90.151474510000071, 24.052256341000032 ], [ 90.151556887000083, 24.052259083000024 ], [ 90.151661090000061, 24.052263495000034 ], [ 90.151754843000049, 24.052267353000047 ], [ 90.151883939000072, 24.052269483000032 ], [ 90.15202258000005, 24.052283459000023 ], [ 90.152127699000062, 24.052283354000053 ], [ 90.152251253000031, 24.052275328000064 ], [ 90.152338234000069, 24.052272419000076 ], [ 90.152379415000041, 24.052267297000071 ], [ 90.152430432000074, 24.052261603000034 ], [ 90.152539215000047, 24.052240607000044 ], [ 90.152568724000048, 24.052241141000025 ], [ 90.152646489000063, 24.052241629000036 ], [ 90.152727324000068, 24.052239854000049 ], [ 90.152823510000076, 24.052221694000025 ], [ 90.152856391000057, 24.052215450000062 ], [ 90.153005129000064, 24.052191592000042 ], [ 90.153129281000076, 24.052170581000041 ], [ 90.153152632000058, 24.052162655000075 ], [ 90.153262317000042, 24.052124723000077 ], [ 90.153284756000062, 24.052125829000033 ], [ 90.153358837000042, 24.052129142000069 ], [ 90.153461809000078, 24.052133555000069 ], [ 90.153570933000083, 24.052138527000068 ], [ 90.153736593000076, 24.052129893000028 ], [ 90.154067596000061, 24.052101333000053 ], [ 90.154108164000036, 24.052097905000039 ], [ 90.154255398000032, 24.05210227300006 ], [ 90.154424757000072, 24.052101538000045 ], [ 90.154552027000079, 24.052116653000041 ], [ 90.154572930000086, 24.052118890000031 ], [ 90.15469070100005, 24.052159415000062 ], [ 90.154789422000079, 24.052206169000044 ], [ 90.154897706000042, 24.052280577000033 ], [ 90.15497586400005, 24.052353886000049 ], [ 90.155028221000066, 24.052439640000046 ], [ 90.155040251000059, 24.052475755000046 ], [ 90.155077577000043, 24.05258692700005 ], [ 90.155160416000058, 24.052717247000032 ], [ 90.155188832000078, 24.052832943000055 ], [ 90.155281475000038, 24.052936721000037 ], [ 90.155309155000054, 24.052950241000076 ], [ 90.155382691000057, 24.05301170000007 ], [ 90.155404837000049, 24.053025226000045 ], [ 90.15551713800005, 24.053116564000049 ], [ 90.155532522000044, 24.053128968000067 ], [ 90.155685402000074, 24.053225910000037 ], [ 90.155760766000071, 24.053274380000062 ], [ 90.155821011000057, 24.053274318000035 ], [ 90.155933808000043, 24.053267430000062 ], [ 90.156067222000047, 24.053279713000052 ], [ 90.156096424000054, 24.053281377000076 ], [ 90.156254715000046, 24.053276700000026 ], [ 90.156280226000035, 24.053276108000034 ], [ 90.156463074000044, 24.053244309000036 ], [ 90.156504262000055, 24.053245396000023 ], [ 90.156535, 24.053246494000064 ], [ 90.156730778000053, 24.053231616000062 ], [ 90.156859558000065, 24.053225276000035 ], [ 90.157018464000032, 24.053221161000067 ], [ 90.157177055000034, 24.053210272000058 ], [ 90.157496052000056, 24.053166476000058 ], [ 90.157534467000062, 24.053161355000043 ], [ 90.15760423200004, 24.053153380000026 ], [ 90.157832561000077, 24.053115887000047 ], [ 90.158031061000031, 24.053065440000069 ], [ 90.158189945000061, 24.053042131000041 ], [ 90.15828950000008, 24.053016060000061 ], [ 90.158376785000087, 24.053009196000062 ], [ 90.158418281000081, 24.053010283000049 ], [ 90.158636482000077, 24.052984653000067 ], [ 90.158785545000057, 24.052974337000023 ], [ 90.158894940000039, 24.052949949000038 ], [ 90.159043404000045, 24.052954311000065 ], [ 90.159122708000041, 24.052956486000028 ], [ 90.159202014000073, 24.052959226000041 ], [ 90.15935108900004, 24.052959637000072 ], [ 90.159508237000068, 24.053026650000049 ], [ 90.159671560000049, 24.053114545000028 ], [ 90.159688501000062, 24.053142753000031 ], [ 90.159744212000078, 24.053205356000035 ], [ 90.159831976000078, 24.053337363000026 ], [ 90.159929270000077, 24.05346935700004 ], [ 90.159984985000051, 24.053534784000078 ], [ 90.160005301000069, 24.053559036000024 ], [ 90.160115178000069, 24.053675776000034 ], [ 90.160140107000075, 24.053702282000074 ], [ 90.160412653000037, 24.053873610000039 ], [ 90.160621859000059, 24.054028068000036 ], [ 90.160703058000081, 24.054070323000076 ], [ 90.160875923000049, 24.054168366000056 ], [ 90.161005418000059, 24.054241617000059 ], [ 90.161110023000049, 24.054320540000049 ], [ 90.161187552000058, 24.054376345000037 ], [ 90.161338338000064, 24.05451505800005 ], [ 90.16155862800008, 24.05468305100004 ], [ 90.161579858000039, 24.054699399000071 ], [ 90.161692137000045, 24.054769846000056 ], [ 90.161714620000055, 24.054805387000044 ], [ 90.161769737000043, 24.054882667000072 ], [ 90.161777822000033, 24.054957176000073 ], [ 90.16184036900006, 24.055075659000067 ], [ 90.161842551000063, 24.055101059000037 ], [ 90.161834345000045, 24.055174455000042 ], [ 90.161832987000082, 24.055317279000064 ], [ 90.161822290000032, 24.055365274000053 ], [ 90.161759749000055, 24.055496873000038 ], [ 90.161738037000077, 24.05558608900003 ], [ 90.161732837000045, 24.055606982000029 ], [ 90.161679830000082, 24.055741393000062 ], [ 90.161605012000052, 24.055886552000061 ], [ 90.161524586000041, 24.055971315000079 ], [ 90.161459846000071, 24.056064529000025 ], [ 90.161448183000061, 24.056079219000026 ], [ 90.161387441000045, 24.056174686000077 ], [ 90.161285841000051, 24.056287697000073 ], [ 90.161186694000037, 24.056397318000052 ], [ 90.161086048000072, 24.056536859000062 ], [ 90.161060876000079, 24.056562853000059 ], [ 90.160992110000052, 24.056632927000067 ], [ 90.160979226000052, 24.056653826000058 ], [ 90.160925207000048, 24.056717674000026 ], [ 90.160824852000076, 24.056843667000066 ], [ 90.16072418400006, 24.056967402000055 ], [ 90.160653899000067, 24.057051024000032 ], [ 90.160571042000072, 24.05716119300007 ], [ 90.160482948000038, 24.057260074000055 ], [ 90.160365394000053, 24.057400199000028 ], [ 90.160310487000061, 24.057491707000054 ], [ 90.160068056000057, 24.057814299000029 ], [ 90.160006043000067, 24.057877590000032 ], [ 90.159973195000077, 24.057910931000038 ], [ 90.159924408000052, 24.057980982000061 ], [ 90.159843394000063, 24.058088891000068 ], [ 90.159827125000049, 24.058108665000077 ], [ 90.159739348000073, 24.058216014000038 ], [ 90.15976549800007, 24.058235181000043 ], [ 90.159687273000031, 24.058361714000057 ], [ 90.159615862000066, 24.058531144000028 ], [ 90.159560635000048, 24.058613621000063 ], [ 90.159493581000049, 24.058826514000032 ], [ 90.159492475000036, 24.058926435000046 ], [ 90.159480409000082, 24.059111608000023 ], [ 90.159478996000075, 24.059211530000027 ], [ 90.159471247000056, 24.059409118000076 ], [ 90.159494806000055, 24.059568852000041 ], [ 90.159532791000061, 24.059712764000039 ], [ 90.159580324000046, 24.05987078000004 ], [ 90.159638020000045, 24.060044026000071 ], [ 90.159676025000067, 24.060201486000039 ], [ 90.159674647000031, 24.060330196000052 ], [ 90.159663125000066, 24.060458353000058 ], [ 90.159642054000074, 24.060571279000044 ], [ 90.159633278000058, 24.060683063000056 ], [ 90.159570114000076, 24.060811275000049 ], [ 90.15954804200004, 24.06085928300007 ], [ 90.159413021000034, 24.061046278000049 ], [ 90.159326793000048, 24.061165480000057 ], [ 90.159302546000049, 24.061195990000044 ], [ 90.159137127000065, 24.061410113000022 ], [ 90.159100913000032, 24.061457005000022 ], [ 90.15907113600008, 24.061489214000062 ], [ 90.15901499000006, 24.061576208000076 ], [ 90.158913723000069, 24.06171574900003 ], [ 90.158838583000033, 24.061854698000047 ], [ 90.158831228000054, 24.06187333400004 ], [ 90.15875145800004, 24.061995917000047 ], [ 90.158690730000046, 24.062107190000063 ], [ 90.158649951000086, 24.062190781000027 ], [ 90.158548171000064, 24.062415 ], [ 90.158399029000066, 24.062618945000054 ], [ 90.158376325000063, 24.062653968000063 ], [ 90.158340428000031, 24.062709893000033 ], [ 90.158208854000065, 24.062952206000034 ], [ 90.158123526000054, 24.063056730000028 ], [ 90.158094686000084, 24.063101920000065 ], [ 90.158052654000073, 24.063168013000052 ], [ 90.157976037000083, 24.063357205000045 ], [ 90.157950293000056, 24.063420457000063 ], [ 90.157889275000059, 24.063545843000043 ], [ 90.157859537000036, 24.063610229000062 ], [ 90.157817842000043, 24.063701159000061 ], [ 90.157786334000036, 24.063826514000027 ], [ 90.157775099000048, 24.06394055800007 ], [ 90.157793102000085, 24.064082797000026 ], [ 90.157746381000038, 24.064086233000069 ], [ 90.157752001000063, 24.064156227000069 ], [ 90.157761365000056, 24.064273072000049 ], [ 90.157971510000039, 24.064430354000024 ], [ 90.158031201000085, 24.064474891000032 ], [ 90.158202811000081, 24.064542454000048 ], [ 90.158262762000049, 24.064548602000059 ], [ 90.158423551000055, 24.064564808000057 ], [ 90.158856849000074, 24.06470661700007 ], [ 90.158976754000037, 24.064723427000047 ], [ 90.159095451000042, 24.064755481000077 ], [ 90.159224257000062, 24.064759863000063 ], [ 90.159461911000051, 24.064788971000041 ], [ 90.159610436000037, 24.064830590000042 ], [ 90.159759223000037, 24.064835517000063 ], [ 90.159888336000051, 24.06483989700007 ], [ 90.160017142000072, 24.064844844000049 ], [ 90.160158272000047, 24.064872356000024 ], [ 90.160281903000055, 24.064917389000072 ], [ 90.160401843000045, 24.064960731000042 ], [ 90.160495026000035, 24.064994504000026 ], [ 90.160640840000042, 24.065080723000051 ], [ 90.160775886000067, 24.065158484000051 ], [ 90.160853713000051, 24.065202998000075 ], [ 90.161013389000061, 24.065312346000042 ], [ 90.161189663000073, 24.065418290000025 ], [ 90.161266025000032, 24.065519822000056 ], [ 90.161342645000047, 24.06558183900006 ], [ 90.16144388500004, 24.065665281000065 ], [ 90.16150514800006, 24.065736910000055 ], [ 90.161593192000055, 24.06583955900004 ], [ 90.161671670000032, 24.065912863000051 ], [ 90.161740316000078, 24.065987306000068 ], [ 90.161818814000071, 24.066075851000051 ], [ 90.161900082000045, 24.066167218000032 ], [ 90.162005032000081, 24.066267027000038 ], [ 90.16203489600008, 24.066304252000066 ], [ 90.162063531000058, 24.066340351000065 ], [ 90.162190981000037, 24.066487556000027 ], [ 90.162263014000075, 24.066568769000071 ], [ 90.162308576000044, 24.066620656000055 ], [ 90.162386782000056, 24.066721622000045 ], [ 90.162494235000054, 24.066855296000028 ], [ 90.162572425000064, 24.066942715000039 ], [ 90.162588429000039, 24.066957375000072 ], [ 90.16267059900008, 24.067031240000063 ], [ 90.162752743000055, 24.067085911000049 ], [ 90.162808430000041, 24.067122545000075 ], [ 90.162917293000078, 24.067154606000031 ], [ 90.163095647000034, 24.067202965000035 ], [ 90.163194382000086, 24.067248585000073 ], [ 90.163293390000035, 24.067267108000067 ], [ 90.163393932000076, 24.067282244000069 ], [ 90.163422217000061, 24.067286164000052 ], [ 90.163554752000039, 24.067321588000027 ], [ 90.16357873700008, 24.067327771000066 ], [ 90.163709721000032, 24.067350776000069 ], [ 90.163859762000072, 24.067371503000061 ], [ 90.164114347000066, 24.067414134000046 ], [ 90.164146939000034, 24.067419744000063 ], [ 90.164273947000083, 24.067459123000049 ], [ 90.164402754000037, 24.067462937000073 ], [ 90.164487339000061, 24.067499540000028 ], [ 90.16451132800006, 24.067510239000057 ], [ 90.164654270000085, 24.067507827000043 ], [ 90.164695488000064, 24.067528670000058 ], [ 90.164808350000044, 24.067563549000056 ], [ 90.164857565000034, 24.067585512000051 ], [ 90.164946762000056, 24.067625497000051 ], [ 90.165028860000064, 24.067642344000035 ], [ 90.165109459000064, 24.067687418000048 ], [ 90.165212205000046, 24.067743758000063 ], [ 90.165252519000035, 24.067778151000027 ], [ 90.165369865000059, 24.067954152000027 ], [ 90.165418239000076, 24.06803990700007 ], [ 90.165476489000071, 24.068156699000042 ], [ 90.165524880000078, 24.068258259000061 ], [ 90.165581946000032, 24.068409487000054 ], [ 90.165595518000032, 24.06844503700006 ], [ 90.16559103600008, 24.068545527000026 ], [ 90.165656321000085, 24.068875133000063 ], [ 90.165664227000036, 24.069046173000061 ], [ 90.165673631000061, 24.069187856000042 ], [ 90.165666998000063, 24.069289475000062 ], [ 90.165669910000076, 24.069402376000028 ], [ 90.16569078200007, 24.069617999000059 ], [ 90.165695425000081, 24.069642268000052 ], [ 90.165763815000048, 24.069993322000073 ], [ 90.165787267000042, 24.070302652000066 ], [ 90.165792585000077, 24.070374339000068 ], [ 90.165806511000085, 24.070446582000045 ], [ 90.16587376800004, 24.070633929000053 ], [ 90.165967483000031, 24.07083592400005 ], [ 90.166078594000055, 24.070940239000038 ], [ 90.166134578000083, 24.070968404000041 ], [ 90.16616779800006, 24.07098473800005 ], [ 90.166208085000051, 24.070995420000031 ], [ 90.166239758000074, 24.071002725000028 ], [ 90.166315711000038, 24.071020143000055 ], [ 90.166415010000037, 24.07102285700006 ], [ 90.166603771000041, 24.071029991000046 ], [ 90.166723054000045, 24.071035505000054 ], [ 90.166872161000072, 24.071044940000036 ], [ 90.167034204000061, 24.071072989000072 ], [ 90.167139059000078, 24.071093762000032 ], [ 90.167234371000063, 24.071104383000034 ], [ 90.167257738000046, 24.071107181000059 ], [ 90.167360100000053, 24.071101987000077 ], [ 90.167540313000075, 24.071153726000034 ], [ 90.167753123000068, 24.071215025000072 ], [ 90.167901956000037, 24.071249297000065 ], [ 90.168018825000047, 24.07128868500007 ], [ 90.168121237000037, 24.071323007000046 ], [ 90.168263937000063, 24.071368011000061 ], [ 90.168297456000062, 24.07137700800007 ], [ 90.168462662000081, 24.071472794000044 ], [ 90.168583244000047, 24.071530241000062 ], [ 90.168717045000051, 24.071588803000054 ], [ 90.168761032000077, 24.071607948000064 ], [ 90.168840104000083, 24.071659232000059 ], [ 90.168866257000047, 24.071676139000033 ], [ 90.16889795600008, 24.071702636000055 ], [ 90.16901516300004, 24.071765167000024 ], [ 90.16903792100004, 24.071773045000043 ], [ 90.169155454000077, 24.071849690000079 ], [ 90.169268045000081, 24.071908275000055 ], [ 90.169303730000081, 24.071926865000023 ], [ 90.16939203700008, 24.071987170000057 ], [ 90.169550149000031, 24.072063769000067 ], [ 90.169680250000056, 24.072111608000057 ], [ 90.169811822000042, 24.072110333000069 ], [ 90.169837040000061, 24.072117079000066 ], [ 90.169907132000048, 24.072119260000022 ], [ 90.170026108000059, 24.072123644000044 ], [ 90.17013524500004, 24.072127474000069 ], [ 90.170173049000084, 24.07212009400007 ], [ 90.170254491000037, 24.072103631000061 ], [ 90.170397102000038, 24.072080328000027 ], [ 90.170461638000063, 24.072063320000041 ], [ 90.170592244000034, 24.072028740000064 ], [ 90.170741925000073, 24.07200712100007 ], [ 90.170876274000079, 24.072012051000058 ], [ 90.171034031000033, 24.072051956000053 ], [ 90.171333294000078, 24.072163395000075 ], [ 90.17147460800004, 24.072321865000049 ], [ 90.171538995000049, 24.072423406000041 ], [ 90.171584659000075, 24.07254980700003 ], [ 90.17157403200008, 24.072649173000059 ], [ 90.17155015000003, 24.072721458000046 ], [ 90.171531168000058, 24.072779625000067 ], [ 90.171524463000083, 24.072823100000051 ], [ 90.171516232000045, 24.072876173000054 ], [ 90.171492692000072, 24.072974990000034 ], [ 90.17145965900005, 24.073101479000059 ], [ 90.171446938000031, 24.073244315000068 ], [ 90.171451927000078, 24.073296809000055 ], [ 90.171450834000041, 24.073400117000062 ], [ 90.171440052000037, 24.073614645000077 ], [ 90.171434053000041, 24.073726990000068 ], [ 90.171428996000031, 24.073853447000033 ], [ 90.171454146000031, 24.074041403000024 ], [ 90.171460343000035, 24.074077525000064 ], [ 90.171490669000036, 24.07422821800003 ], [ 90.171573, 24.074414414000046 ], [ 90.171719624000048, 24.074634411000034 ], [ 90.17191396000004, 24.074898386000029 ], [ 90.172058929000059, 24.075028062000058 ], [ 90.172187803000043, 24.075075335000065 ], [ 90.17228530400007, 24.075111355000047 ], [ 90.172321289000081, 24.075124863000042 ], [ 90.17248122400008, 24.075181134000047 ], [ 90.17261189900006, 24.075195665000024 ], [ 90.172800073000076, 24.075217469000052 ], [ 90.172993185000053, 24.075254507000068 ], [ 90.173028240000065, 24.075261242000067 ], [ 90.17320686000005, 24.075267814000028 ], [ 90.173328300000037, 24.07527275700005 ], [ 90.173348589000057, 24.075272734000066 ], [ 90.17362827900007, 24.075223304000076 ], [ 90.173808073000032, 24.075188665000042 ], [ 90.174092581000082, 24.075064713000074 ], [ 90.174236980000046, 24.074997934000066 ], [ 90.174288893000039, 24.074967957000069 ], [ 90.174338670000054, 24.074948706000043 ], [ 90.174420707000081, 24.074916435000034 ], [ 90.174571552000032, 24.074841183000046 ], [ 90.17467171100003, 24.074797036000064 ], [ 90.174721176000048, 24.074774963000038 ], [ 90.174804737000045, 24.074731965000069 ], [ 90.174844366000059, 24.074711597000032 ], [ 90.174883068000042, 24.074688408000043 ], [ 90.175070749000042, 24.074574161000044 ], [ 90.17517059000005, 24.074520982000024 ], [ 90.175290700000062, 24.074454232000051 ], [ 90.175367484000049, 24.074402208000038 ], [ 90.175392368000075, 24.074389197000073 ], [ 90.17541110600007, 24.074378449000051 ], [ 90.175510632000055, 24.074320190000037 ], [ 90.175640599000076, 24.074267540000051 ], [ 90.175767828000062, 24.074235216000034 ], [ 90.175876619000064, 24.074209689000043 ], [ 90.175946682000074, 24.074187592000044 ], [ 90.176048104000074, 24.074168283000063 ], [ 90.176177227000039, 24.074172649000047 ], [ 90.17635615100005, 24.074176395000052 ], [ 90.176454285000034, 24.074225959000046 ], [ 90.176563445000056, 24.074243898000077 ], [ 90.176671781000039, 24.074333531000036 ], [ 90.176748109000073, 24.07439723300007 ], [ 90.17677550500008, 24.07442373400005 ], [ 90.176848482000082, 24.074510585000041 ], [ 90.17693289500005, 24.074640891000058 ], [ 90.176938775000053, 24.074670238000067 ], [ 90.176966531000062, 24.074734561000071 ], [ 90.176998285000082, 24.074798878000024 ], [ 90.177021504000038, 24.074916835000067 ], [ 90.177039153000067, 24.075008266000054 ], [ 90.177073361000055, 24.075295001000029 ], [ 90.177067590000036, 24.075345813000069 ], [ 90.177066498000045, 24.075445734000027 ], [ 90.177025460000038, 24.075558684000043 ], [ 90.17699398700006, 24.075699849000046 ], [ 90.176953234000052, 24.075797558000033 ], [ 90.176922054000045, 24.07592573900007 ], [ 90.17684848600004, 24.076082760000077 ], [ 90.176794205000078, 24.076178790000029 ], [ 90.176716920000047, 24.076316056000053 ], [ 90.176693920000048, 24.076356728000064 ], [ 90.176582636000035, 24.076584920000073 ], [ 90.176480542000036, 24.076788828000076 ], [ 90.176470746000064, 24.076819887000056 ], [ 90.176453976000062, 24.076919826000051 ], [ 90.176415855000073, 24.077145112000039 ], [ 90.176451024000073, 24.077233700000079 ], [ 90.176450488000057, 24.077291846000037 ], [ 90.176533457000062, 24.077488766000045 ], [ 90.176586059000044, 24.077737093000053 ], [ 90.176608336000072, 24.077841502000069 ], [ 90.176624351000044, 24.077862370000048 ], [ 90.176672089000078, 24.077924411000026 ], [ 90.176700530000062, 24.078039539000031 ], [ 90.176758793000033, 24.078155763000041 ], [ 90.17683700200007, 24.078244301000041 ], [ 90.176885697000046, 24.078331744000025 ], [ 90.176924553000049, 24.078419200000042 ], [ 90.177022190000059, 24.078551183000059 ], [ 90.177081026000053, 24.078638049000062 ], [ 90.177115552000032, 24.078704623000078 ], [ 90.177135272000044, 24.078737343000057 ], [ 90.177197843000044, 24.078856383000073 ], [ 90.177266236000037, 24.078959045000033 ], [ 90.177324787000032, 24.079061154000044 ], [ 90.177383053000085, 24.079176812000071 ], [ 90.177425257000039, 24.07923998900003 ], [ 90.177460992000078, 24.079293576000055 ], [ 90.177519547000031, 24.079396251000048 ], [ 90.177607366000075, 24.079541793000033 ], [ 90.177655773000083, 24.079643349000037 ], [ 90.177672415000075, 24.079673249000052 ], [ 90.17770446600008, 24.079730228000074 ], [ 90.177767915000061, 24.079814832000068 ], [ 90.177792555000053, 24.079847545000064 ], [ 90.177840981000031, 24.079963214000031 ], [ 90.177899248000074, 24.08008 ], [ 90.177957493000065, 24.080181547000052 ], [ 90.178022211000041, 24.080294937000076 ], [ 90.178142665000053, 24.080473185000073 ], [ 90.178180946000055, 24.080588866000028 ], [ 90.178278298000066, 24.080734398000061 ], [ 90.178306741000085, 24.080850089000023 ], [ 90.178335453000045, 24.080936992000034 ], [ 90.178373736000083, 24.081052673000045 ], [ 90.178390698000044, 24.081091039000057 ], [ 90.178495283000075, 24.08157527000003 ], [ 90.178725478000047, 24.082186372000024 ], [ 90.178776653000057, 24.082286795000073 ], [ 90.178833066000038, 24.082396811000024 ], [ 90.178913808000061, 24.082756311000026 ], [ 90.178902824000033, 24.082817292000072 ], [ 90.178917958000056, 24.082867516000078 ], [ 90.178907029000072, 24.082966319000036 ], [ 90.17896449400007, 24.083168912000076 ], [ 90.17904132700005, 24.083370354000067 ], [ 90.179127021000056, 24.083532834000039 ], [ 90.179148268000063, 24.083556518000023 ], [ 90.179207096000084, 24.083633223000049 ], [ 90.179285597000046, 24.083707083000036 ], [ 90.179364101000033, 24.083782635000034 ], [ 90.17939644900008, 24.083830583000065 ], [ 90.179422798000076, 24.083986921000076 ], [ 90.179477634000079, 24.08428605000006 ], [ 90.179461569000068, 24.084452035000027 ], [ 90.179393109000046, 24.084523809000075 ], [ 90.17936947000004, 24.084548675000065 ], [ 90.17935045300004, 24.084580312000071 ], [ 90.179293974000075, 24.084647554000071 ], [ 90.179203772000051, 24.084781450000037 ], [ 90.179172785000048, 24.08482721200005 ], [ 90.179109629000038, 24.084954866000032 ], [ 90.179088812000032, 24.085020375000056 ], [ 90.179079960000081, 24.085065545000077 ], [ 90.179080148000082, 24.085202158000072 ], [ 90.179102599000032, 24.085426808000022 ], [ 90.179116184000065, 24.085469132000071 ], [ 90.179143742000065, 24.085608535000063 ], [ 90.179131946000041, 24.085749676000034 ], [ 90.179160662000072, 24.085837143000049 ], [ 90.179159015000039, 24.085979402000078 ], [ 90.179163120000055, 24.086057865000043 ], [ 90.179167226000061, 24.086135764000062 ], [ 90.179155700000081, 24.086249244000044 ], [ 90.179164072000049, 24.086301168000034 ], [ 90.179176786000085, 24.086377930000026 ], [ 90.179182458000071, 24.086477841000033 ], [ 90.17918876400006, 24.086591302000045 ], [ 90.179181442000072, 24.086630825000043 ], [ 90.179184433000046, 24.086792838000065 ], [ 90.179176703000053, 24.086982523000074 ], [ 90.179171814000085, 24.087003981000066 ], [ 90.179137805000039, 24.087531277000039 ], [ 90.179029568000033, 24.087963822000063 ], [ 90.178921729000081, 24.088462979000042 ], [ 90.178847916000052, 24.08866798400004 ], [ 90.178837621000071, 24.088782029000072 ], [ 90.17878616400003, 24.088922088000061 ], [ 90.178761071000054, 24.089006794000056 ], [ 90.178791087000036, 24.089147323000077 ], [ 90.178671431000055, 24.089328108000075 ], [ 90.178610191000075, 24.089510517000065 ], [ 90.178578431000062, 24.089665231000026 ], [ 90.178541015000064, 24.089733580000029 ], [ 90.178487039000061, 24.089832434000073 ], [ 90.178465695000057, 24.089960603000065 ], [ 90.178404397000065, 24.090099546000033 ], [ 90.17832562600006, 24.090278023000053 ], [ 90.178260719000036, 24.090477373000056 ], [ 90.178196708000087, 24.09065527000007 ], [ 90.178177377000054, 24.090683518000048 ], [ 90.178069059000052, 24.090840014000037 ], [ 90.177965117000042, 24.091047877000051 ], [ 90.177777081000045, 24.091142369000067 ], [ 90.177602354000044, 24.091300071000035 ], [ 90.177524621000032, 24.091340807000051 ], [ 90.177354167000033, 24.091476488000069 ], [ 90.177297326000087, 24.091505344000041 ], [ 90.177203926000061, 24.09155456600007 ], [ 90.177083243000084, 24.09166422100003 ], [ 90.176923181000063, 24.091755857000066 ], [ 90.176783108000052, 24.091849728000057 ], [ 90.176682947000074, 24.091902345000051 ], [ 90.176602770000045, 24.091954935000047 ], [ 90.176452816000051, 24.092020029000025 ], [ 90.17628135800004, 24.09209700100007 ], [ 90.176222976000076, 24.092123600000036 ], [ 90.17609298900004, 24.092174556000032 ], [ 90.176018917000079, 24.092193834000057 ], [ 90.175953449000076, 24.092211410000061 ], [ 90.175843430000043, 24.09224935900005 ], [ 90.175743556000043, 24.092287861000045 ], [ 90.175593890000073, 24.092338275000031 ], [ 90.175424258000078, 24.092401694000046 ], [ 90.175324383000032, 24.09244019700003 ], [ 90.175138770000046, 24.092510972000071 ], [ 90.175109285000076, 24.092534152000042 ], [ 90.175018066000064, 24.092605951000053 ], [ 90.17483524000005, 24.092690273000073 ], [ 90.17469, 24.092831566000029 ], [ 90.174558496000031, 24.092897765000032 ], [ 90.174361887000032, 24.093023312000071 ], [ 90.174336718000063, 24.093054388000041 ], [ 90.174251692000041, 24.093161178000059 ], [ 90.17420076600007, 24.093243655000038 ], [ 90.174149857000032, 24.093341374000033 ], [ 90.174058743000046, 24.093492203000039 ], [ 90.174013955000078, 24.093568464000043 ], [ 90.173977453000077, 24.093631166000023 ], [ 90.173916145000078, 24.093769542000075 ], [ 90.173886144000051, 24.093866107000053 ], [ 90.173833700000046, 24.093963828000028 ], [ 90.173737398000071, 24.094143454000061 ], [ 90.173727904000032, 24.094172818000061 ], [ 90.173691716000064, 24.094242295000072 ], [ 90.17360000900004, 24.094408366000039 ], [ 90.173517080000067, 24.094702572000074 ], [ 90.173461037000038, 24.09486916700007 ], [ 90.17341385800006, 24.094995672000039 ], [ 90.173322454000072, 24.095161743000062 ], [ 90.17326668000004, 24.095298982000031 ], [ 90.173234196000067, 24.095379181000055 ], [ 90.173066585000072, 24.095580337000058 ], [ 90.173032499000044, 24.095611989000076 ], [ 90.172957916000087, 24.095711992000076 ], [ 90.172887292000041, 24.095780378000029 ], [ 90.172788720000085, 24.095875893000027 ], [ 90.172716266000066, 24.095957263000059 ], [ 90.172614924000072, 24.096051089000071 ], [ 90.172585444000049, 24.096078782000063 ], [ 90.172484719000067, 24.096173171000032 ], [ 90.172394143000076, 24.09626811000004 ], [ 90.172344105000036, 24.096329135000076 ], [ 90.172304087000043, 24.096522807000042 ], [ 90.172270994000087, 24.09660808700005 ], [ 90.172285996000085, 24.096789843000067 ], [ 90.172332961000052, 24.096961966000038 ], [ 90.172349813000039, 24.097147109000048 ], [ 90.172399220000045, 24.097304552000026 ], [ 90.172593301000063, 24.097812396000052 ], [ 90.172738757000047, 24.098284164000063 ], [ 90.172758522000038, 24.098349061000079 ], [ 90.172806426000079, 24.098531345000026 ], [ 90.172881431000064, 24.098745776000044 ], [ 90.172909566000044, 24.098860340000044 ], [ 90.172976520000077, 24.099033005000024 ], [ 90.173032771000067, 24.099248586000044 ], [ 90.173080317000085, 24.099392482000042 ], [ 90.173108739000043, 24.099492934000068 ], [ 90.173140939000064, 24.099658300000044 ], [ 90.173153016000072, 24.099720948000027 ], [ 90.173184379000077, 24.099948975000075 ], [ 90.173182421000035, 24.100093493000031 ], [ 90.173175991000051, 24.100113258000079 ], [ 90.173166871000035, 24.100191172000052 ], [ 90.173195005000082, 24.100306301000046 ], [ 90.173213281000073, 24.100406199000076 ], [ 90.173211547000051, 24.100488620000078 ], [ 90.173209511000039, 24.10057555700007 ], [ 90.173203755000031, 24.100639354000066 ], [ 90.173188916000072, 24.100807595000049 ], [ 90.173185621000073, 24.100872518000074 ], [ 90.17318335300007, 24.101015342000039 ], [ 90.173177904000056, 24.101078574000041 ], [ 90.17317124300007, 24.101156484000057 ], [ 90.173150773000032, 24.101254169000072 ], [ 90.173148698000034, 24.101311187000078 ], [ 90.173148126000058, 24.101343929000052 ], [ 90.173146716000076, 24.101438205000022 ], [ 90.17313458700005, 24.101565798000024 ], [ 90.173132299000031, 24.101694510000073 ], [ 90.173131452000064, 24.101749833000042 ], [ 90.173088939000081, 24.101919236000072 ], [ 90.173046982000074, 24.102043476000063 ], [ 90.173030427000072, 24.10208018700007 ], [ 90.172976159000086, 24.102199362000079 ], [ 90.172964509000053, 24.102224779000039 ], [ 90.172902008000051, 24.102392510000072 ], [ 90.172838244000047, 24.102536532000045 ], [ 90.172778425000047, 24.102642164000031 ], [ 90.172686094000085, 24.102808799000059 ], [ 90.172654554000076, 24.102907060000064 ], [ 90.172613172000069, 24.103003639000065 ], [ 90.172541386000034, 24.103127913000037 ], [ 90.172468754000079, 24.103308639000034 ], [ 90.172467900000072, 24.103360011000063 ], [ 90.172466772000064, 24.103436222000028 ], [ 90.172476374000041, 24.103488711000068 ], [ 90.172485049000045, 24.103537248000066 ], [ 90.172533749000081, 24.103624694000075 ], [ 90.172610816000031, 24.103769686000078 ], [ 90.172649370000045, 24.103856578000034 ], [ 90.17268726900005, 24.103913551000062 ], [ 90.172756285000048, 24.104017344000056 ], [ 90.172834527000077, 24.104120561000059 ], [ 90.172912172000053, 24.104237327000078 ], [ 90.172974089000036, 24.104320805000043 ], [ 90.173009823000086, 24.10436874800007 ], [ 90.173126292000063, 24.104545309000059 ], [ 90.173204535000082, 24.104647962000058 ], [ 90.173283065000078, 24.104735937000044 ], [ 90.173341298000082, 24.104824499000074 ], [ 90.173399264000068, 24.104940158000034 ], [ 90.173477217000084, 24.105057489000046 ], [ 90.173554866000075, 24.105174819000069 ], [ 90.173629876000064, 24.105390379000028 ], [ 90.173633936000044, 24.10543609900003 ], [ 90.173634333000052, 24.105503841000029 ], [ 90.173542189000045, 24.105580154000052 ], [ 90.173527140000033, 24.105593156000054 ], [ 90.173481374000062, 24.105632723000042 ], [ 90.17340861200006, 24.105716918000041 ], [ 90.173262335000061, 24.105784261000053 ], [ 90.173116079000067, 24.105868539000028 ], [ 90.172878565000076, 24.106003163000025 ], [ 90.172823943000083, 24.106086772000026 ], [ 90.172732400000086, 24.106154054000058 ], [ 90.172595267000077, 24.106391302000077 ], [ 90.172586695000064, 24.106420103000062 ], [ 90.172586924000086, 24.106590587000028 ], [ 90.172579114000087, 24.106728900000064 ], [ 90.172615481000037, 24.106789827000057 ], [ 90.172616430000062, 24.106809583000029 ], [ 90.17266027200003, 24.106943323000053 ], [ 90.172727971000086, 24.107207439000035 ], [ 90.172761355000034, 24.107338368000057 ], [ 90.172847355000044, 24.107492382000032 ], [ 90.172899102000031, 24.107557808000024 ], [ 90.173026299000071, 24.107705003000035 ], [ 90.173095904000036, 24.107786777000058 ], [ 90.173116526000058, 24.107802561000028 ], [ 90.17316393200008, 24.107839200000058 ], [ 90.17328184400003, 24.107942936000029 ], [ 90.173358823000058, 24.108020187000022 ], [ 90.173377594000044, 24.10803032900003 ], [ 90.173531797000066, 24.108138540000027 ], [ 90.173565265000036, 24.108100114000024 ], [ 90.173540778000074, 24.107955627000024 ], [ 90.173583294000082, 24.107787353000049 ], [ 90.173594028000082, 24.107766454000057 ], [ 90.173659371000042, 24.107651219000047 ], [ 90.173758152000062, 24.10747893100006 ], [ 90.173868871000082, 24.107265418000054 ], [ 90.17387868600008, 24.107246215000032 ], [ 90.173972328000048, 24.107138852000048 ], [ 90.174023549000083, 24.107041132000063 ], [ 90.174101808000046, 24.10692870400004 ], [ 90.174159216000078, 24.10685694600005 ], [ 90.174175176000062, 24.106834912000068 ], [ 90.174369200000058, 24.106603239000037 ], [ 90.174643083000035, 24.10630373500004 ], [ 90.174714020000067, 24.106235348000041 ], [ 90.174980898000058, 24.105985528000076 ], [ 90.175346184000034, 24.105970432000049 ], [ 90.175387386000068, 24.105968691000044 ], [ 90.175456875000066, 24.105966353000042 ], [ 90.175785943000051, 24.105999846000032 ], [ 90.176352990000055, 24.106015563000028 ], [ 90.17658115200004, 24.106015300000024 ], [ 90.17680968600007, 24.106061891000024 ], [ 90.176938881000069, 24.106096741000044 ], [ 90.177047781000056, 24.106129921000047 ], [ 90.17724647600005, 24.106168078000053 ], [ 90.177395967000052, 24.106202904000043 ], [ 90.177524856000048, 24.106236626000054 ], [ 90.177634043000069, 24.106255692000047 ], [ 90.177832740000042, 24.106293847000074 ], [ 90.177992033000066, 24.106301 ], [ 90.178171317000078, 24.106309260000046 ], [ 90.17837114200006, 24.106275720000042 ], [ 90.178481502000068, 24.106253011000035 ], [ 90.178601969000056, 24.106200934000071 ], [ 90.17871286500008, 24.106121209000037 ], [ 90.178803197000036, 24.10606860300004 ], [ 90.178903965000075, 24.106002437000029 ], [ 90.179054815000086, 24.105909116000078 ], [ 90.179175837000059, 24.105814701000043 ], [ 90.17928702100005, 24.105721426000059 ], [ 90.17936166800007, 24.105668273000049 ], [ 90.179549054000063, 24.105534264000028 ], [ 90.179629832000046, 24.10546699300005 ], [ 90.179750564000074, 24.105386125000052 ], [ 90.17983163100007, 24.105305305000059 ], [ 90.180084089000047, 24.105088798000054 ], [ 90.180205398000055, 24.10498083300007 ], [ 90.180296322000061, 24.104914679000046 ], [ 90.180427473000066, 24.104806136000036 ], [ 90.180498408000062, 24.104738312000052 ], [ 90.180578877000073, 24.104671040000028 ], [ 90.180699917000084, 24.104591300000038 ], [ 90.18081753000007, 24.104478823000022 ], [ 90.180935451000039, 24.104368039000065 ], [ 90.181173132000083, 24.104141952000077 ], [ 90.181323296000073, 24.103999516000044 ], [ 90.181469382000046, 24.103801199000031 ], [ 90.18152617700008, 24.103736777000051 ], [ 90.181590955000047, 24.103663878000077 ], [ 90.181692541000075, 24.10352658100004 ], [ 90.18179443300005, 24.103388718000076 ], [ 90.181865058000085, 24.103320893000046 ], [ 90.182004342000084, 24.103095486000029 ], [ 90.182083868000063, 24.103015795000033 ], [ 90.182106892000036, 24.102988672000038 ], [ 90.182224156000075, 24.102849097000046 ], [ 90.182287085000041, 24.102773941000066 ], [ 90.182424274000084, 24.102591440000026 ], [ 90.182475816000078, 24.102508960000023 ], [ 90.182577398000035, 24.102371662000053 ], [ 90.182648312000083, 24.102289159000065 ], [ 90.18277045800005, 24.102124174000039 ], [ 90.182830319000061, 24.102054103000057 ], [ 90.182912857000076, 24.101929811000048 ], [ 90.182984059000034, 24.101834323000048 ], [ 90.183086789000072, 24.101640008000061 ], [ 90.183138287000077, 24.10152817200003 ], [ 90.18319936000006, 24.101445116000036 ], [ 90.183302358000049, 24.101222575000065 ], [ 90.183353571000055, 24.101125981000052 ], [ 90.183394942000064, 24.101027706000025 ], [ 90.183517926000036, 24.100805140000034 ], [ 90.183569423000051, 24.10069330500005 ], [ 90.183641463000072, 24.100540236000029 ], [ 90.183733738000058, 24.100344803000041 ], [ 90.18376315200004, 24.100272510000025 ], [ 90.183785520000072, 24.100217160000057 ], [ 90.183857272000068, 24.100077640000052 ], [ 90.183920497000031, 24.099996273000045 ], [ 90.183961836000037, 24.099876547000065 ], [ 90.183974724000052, 24.099858467000047 ], [ 90.184019780000085, 24.099757930000067 ], [ 90.184130853000056, 24.099592393000023 ], [ 90.184182083000053, 24.099509348000026 ], [ 90.18425207000007, 24.099426845000039 ], [ 90.184332762000054, 24.099303120000059 ], [ 90.184402996000074, 24.099178277000078 ], [ 90.184437072000037, 24.099139284000046 ], [ 90.18447113600007, 24.099094646000026 ], [ 90.184551560000045, 24.098998583000025 ], [ 90.184593305000078, 24.098948290000067 ], [ 90.184709612000063, 24.098789521000072 ], [ 90.18474554200003, 24.098758994000036 ], [ 90.184810635000076, 24.098693997000055 ], [ 90.184916871000041, 24.098588304000032 ], [ 90.185071006000044, 24.098435134000056 ], [ 90.185107850000065, 24.09839839600005 ], [ 90.18528845600008, 24.098264953000069 ], [ 90.185410103000038, 24.098185209000064 ], [ 90.185508704000085, 24.098116782000034 ], [ 90.185571984000035, 24.098074932000031 ], [ 90.185611931000039, 24.098056819000078 ], [ 90.185722547000069, 24.098005314000034 ], [ 90.185760345000062, 24.097990027000037 ], [ 90.186086764000038, 24.097904953000068 ], [ 90.186504599000045, 24.097885814000051 ], [ 90.186537505000047, 24.097890289000077 ], [ 90.186652522000031, 24.097904827000036 ], [ 90.186831829000084, 24.097936786000048 ], [ 90.186909639000078, 24.09795080300006 ], [ 90.186962851000033, 24.097963157000038 ], [ 90.187070523000045, 24.098000283000033 ], [ 90.187363079000079, 24.098100407000061 ], [ 90.187521503000085, 24.098150456000042 ], [ 90.187668853000048, 24.098196565000023 ], [ 90.18784142700008, 24.098250547000077 ], [ 90.187937403000035, 24.098280349000049 ], [ 90.187959553000042, 24.098288223000054 ], [ 90.188070918000051, 24.09832760200004 ], [ 90.188199535000081, 24.098390105000078 ], [ 90.188377660000072, 24.098455370000067 ], [ 90.188513685000032, 24.098537055000065 ], [ 90.188553060000061, 24.09854886100004 ], [ 90.188739516000055, 24.098634439000023 ], [ 90.18890996500005, 24.098705356000039 ], [ 90.188949964000074, 24.098723936000056 ], [ 90.188982577000047, 24.098738574000038 ], [ 90.189089670000044, 24.098798844000044 ], [ 90.189316772000041, 24.098922755000046 ], [ 90.189430931000061, 24.098979629000041 ], [ 90.189647618000038, 24.099129522000055 ], [ 90.189701787000047, 24.099166712000056 ], [ 90.189790716000061, 24.099212328000078 ], [ 90.190028010000049, 24.099365016000036 ], [ 90.190185885000062, 24.09945852900006 ], [ 90.190314218000083, 24.099534578000032 ], [ 90.190413009000054, 24.09959542200005 ], [ 90.19055273500004, 24.099683313000071 ], [ 90.190739471000086, 24.099746869000057 ], [ 90.190878979000047, 24.099686858000041 ], [ 90.190899009000077, 24.099716752000063 ], [ 90.19096079500008, 24.099704819000067 ], [ 90.191027806000079, 24.099692316000073 ], [ 90.19126705900004, 24.099712905000047 ], [ 90.191415591000066, 24.099725703000047 ], [ 90.191514613000038, 24.099734046000037 ], [ 90.191544750000048, 24.09973683100003 ], [ 90.191803019000076, 24.099725781000075 ], [ 90.19189341200007, 24.099722280000037 ], [ 90.191961372000037, 24.099726146000023 ], [ 90.192080992000058, 24.099733335000053 ], [ 90.192230127000073, 24.099738228000035 ], [ 90.192479508000076, 24.099746382000035 ], [ 90.192584953000051, 24.099731571000063 ], [ 90.192981213000053, 24.099676314000078 ], [ 90.193233948000056, 24.099666398000068 ], [ 90.193500211000071, 24.099655900000073 ], [ 90.193563237000035, 24.099650176000068 ], [ 90.193661003000045, 24.099641019000046 ], [ 90.193820869000035, 24.099626139000065 ], [ 90.194054523000034, 24.09960439200006 ], [ 90.194138161000069, 24.099605979000046 ], [ 90.19416891000003, 24.099606504000064 ], [ 90.194584012000064, 24.099608235000062 ], [ 90.19462614300005, 24.099613262000048 ], [ 90.194774039000038, 24.099610815000062 ], [ 90.194854597000074, 24.099609584000063 ], [ 90.195233712000061, 24.099603455000079 ], [ 90.195391767000046, 24.099609462000046 ], [ 90.195519994000051, 24.099614378000069 ], [ 90.195758879000039, 24.099596009000038 ], [ 90.195898419000059, 24.099558572000035 ], [ 90.196027262000086, 24.099564616000066 ], [ 90.196156676000044, 24.099541306000049 ], [ 90.196336501000076, 24.09950776900007 ], [ 90.196515380000051, 24.099457861000076 ], [ 90.19664509200004, 24.099428340000031 ], [ 90.196734541000069, 24.099410724000052 ], [ 90.197016722000058, 24.099354474000052 ], [ 90.197120310000059, 24.099332326000024 ], [ 90.197339471000078, 24.099285188000067 ], [ 90.197580124000069, 24.09921713500006 ], [ 90.197779295000032, 24.099167201000057 ], [ 90.198000578000062, 24.099100303000057 ], [ 90.198028237000074, 24.099091798000075 ], [ 90.198108407000063, 24.099038066000048 ], [ 90.198230399000067, 24.098987666000028 ], [ 90.198280773000079, 24.098953730000062 ], [ 90.198407692000046, 24.098907839000049 ], [ 90.19854287000004, 24.098834842000031 ], [ 90.198604322000051, 24.09880653700003 ], [ 90.198723528000073, 24.098744285000066 ], [ 90.198797226000067, 24.098680400000035 ], [ 90.198922844000037, 24.098589349000065 ], [ 90.199066850000065, 24.098459324000032 ], [ 90.199151907000044, 24.098385262000079 ], [ 90.199301675000072, 24.09820329300004 ], [ 90.199462428000061, 24.097967117000053 ], [ 90.199624567000058, 24.09763384300004 ], [ 90.199785020000036, 24.097404441000037 ], [ 90.199803101000043, 24.097365466000042 ], [ 90.199910666000051, 24.09713331100005 ], [ 90.199934792000079, 24.097027715000024 ], [ 90.199992997000038, 24.096888204000038 ], [ 90.200040892000061, 24.09664596500005 ], [ 90.200118914000086, 24.096199333000072 ], [ 90.200240213000086, 24.095903369000041 ], [ 90.200249403000043, 24.095881341000052 ], [ 90.200275669000064, 24.095768404000069 ], [ 90.200327593000054, 24.095545919000074 ], [ 90.200354753000056, 24.095413222000047 ], [ 90.200369095000042, 24.095342639000023 ], [ 90.200371189000066, 24.095305378000035 ], [ 90.200379547000068, 24.095144481000034 ], [ 90.200421361000053, 24.09494571700003 ], [ 90.200432538000086, 24.094818122000049 ], [ 90.20043356900004, 24.094689412000037 ], [ 90.200449479000042, 24.094639714000039 ], [ 90.200466891000076, 24.094368161000034 ], [ 90.200490752000064, 24.094290791000049 ], [ 90.200503297000068, 24.094250694000038 ], [ 90.200549186000046, 24.094102168000063 ], [ 90.200590210000087, 24.093988646000071 ], [ 90.200695826000072, 24.093890847000068 ], [ 90.200808574000064, 24.093831988000034 ], [ 90.200925638000058, 24.093779900000072 ], [ 90.200985289000073, 24.093780950000053 ], [ 90.20102772100006, 24.093781460000059 ], [ 90.201062774000036, 24.093781978000038 ], [ 90.20115654600005, 24.093780161000041 ], [ 90.201236796000046, 24.093780055000025 ], [ 90.201425340000071, 24.093822145000047 ], [ 90.201584662000073, 24.09385750000007 ], [ 90.201710170000069, 24.093896285000028 ], [ 90.202204817000052, 24.094049179000024 ], [ 90.202638194000031, 24.094146831000046 ], [ 90.202927903000045, 24.094193866000069 ], [ 90.203057958000045, 24.094191435000027 ], [ 90.203195125000036, 24.09421496300007 ], [ 90.203276320000043, 24.094228968000039 ], [ 90.203405158000066, 24.094234442000072 ], [ 90.203547205000064, 24.094232559000034 ], [ 90.20364935300006, 24.094275891000052 ], [ 90.203683799000032, 24.094282054000075 ], [ 90.20375884300006, 24.094294938000075 ], [ 90.203808044000084, 24.094299953000075 ], [ 90.203833260000067, 24.094302177000031 ], [ 90.203872913000055, 24.094294787000024 ], [ 90.20391042600005, 24.094296429000053 ], [ 90.203941789000055, 24.09429751700003 ], [ 90.204039271000056, 24.094305854000027 ], [ 90.204237922000061, 24.094322525000052 ], [ 90.204375679000066, 24.094329679000055 ], [ 90.204416267000056, 24.094331882000063 ], [ 90.204525446000048, 24.094349235000038 ], [ 90.20466568900008, 24.094372193000027 ], [ 90.204947428000082, 24.094433348000052 ], [ 90.20541055800004, 24.094485227000064 ], [ 90.206000111000037, 24.094569675000059 ], [ 90.206207128000074, 24.094626412000025 ], [ 90.206516804000046, 24.094658735000053 ], [ 90.206553402000054, 24.094666024000048 ], [ 90.206626, 24.094687942000064 ], [ 90.206754578000073, 24.094722205000039 ], [ 90.206886523000037, 24.094746864000058 ], [ 90.20694280500004, 24.094757514000037 ], [ 90.206984633000047, 24.094764231000056 ], [ 90.207061518000046, 24.094775981000055 ], [ 90.207160890000068, 24.09481141200007 ], [ 90.207268799000076, 24.094804492000037 ], [ 90.207547159000057, 24.094866775000071 ], [ 90.207757468000068, 24.094865924000032 ], [ 90.207810061000032, 24.094876579000072 ], [ 90.208215471000074, 24.094786834000047 ], [ 90.208546500000068, 24.094526143000053 ], [ 90.208611286000064, 24.094470167000054 ], [ 90.208648736000043, 24.094433423000055 ], [ 90.208801636000032, 24.094297166000047 ], [ 90.208859965000045, 24.094241765000049 ], [ 90.208931494000069, 24.094173925000064 ], [ 90.209021188000065, 24.094120173000078 ], [ 90.209173529000054, 24.094019482000078 ], [ 90.209215915000073, 24.093991198000026 ], [ 90.209286871000074, 24.093949893000058 ], [ 90.209321277000072, 24.093931216000044 ], [ 90.209360291000053, 24.093910276000031 ], [ 90.209394431000078, 24.093916438000065 ], [ 90.209683539000082, 24.093970800000022 ], [ 90.209807195000053, 24.094003371000042 ], [ 90.209940753000069, 24.094076011000027 ], [ 90.210085399000036, 24.094159360000049 ], [ 90.210145485000055, 24.094427984000049 ], [ 90.210139180000056, 24.094520010000053 ], [ 90.210098210000069, 24.094662322000033 ], [ 90.210097425000072, 24.094746438000072 ], [ 90.210097167000072, 24.094776920000072 ], [ 90.21005596100008, 24.094961574000024 ], [ 90.210053978000076, 24.095066011000029 ], [ 90.210014775000047, 24.095160339000074 ], [ 90.210013733000039, 24.09527550200005 ], [ 90.210022270000081, 24.095419440000057 ], [ 90.210021535000067, 24.095534602000043 ], [ 90.210010630000056, 24.095635100000038 ], [ 90.210009870000079, 24.095735019000074 ], [ 90.210038630000042, 24.095836593000058 ], [ 90.210067415000083, 24.095952279000073 ], [ 90.210076520000086, 24.096067991000041 ], [ 90.21010556400006, 24.096154886000079 ], [ 90.210137090000046, 24.096255326000062 ], [ 90.210142671000085, 24.096284673000071 ], [ 90.210184112000036, 24.096429694000051 ], [ 90.21025271600007, 24.096641859000044 ], [ 90.210298752000085, 24.096778407000045 ], [ 90.210327798000037, 24.096865865000041 ], [ 90.210356842000067, 24.096952762000058 ], [ 90.210396035000031, 24.097040772000071 ], [ 90.210473781000076, 24.097200985000029 ], [ 90.210522551000054, 24.09731720800005 ], [ 90.210634620000064, 24.097595924000075 ], [ 90.210670980000032, 24.097642162000056 ], [ 90.211308639000038, 24.097988459000078 ], [ 90.211557450000043, 24.098213920000035 ], [ 90.211658761000081, 24.098305794000055 ], [ 90.212059286000056, 24.098420966000049 ], [ 90.212402163000036, 24.098630488000026 ], [ 90.212875095000072, 24.099206762000051 ], [ 90.213079488000062, 24.099343654000052 ], [ 90.213134973000081, 24.09942656000004 ], [ 90.213193824000086, 24.099500994000039 ], [ 90.213262515000054, 24.099575414000071 ], [ 90.213418046000072, 24.09972874500005 ], [ 90.213459627000077, 24.099769896000055 ], [ 90.213568031000079, 24.099874179000039 ], [ 90.213636746000077, 24.099962146000053 ], [ 90.213755254000034, 24.100038755000071 ], [ 90.213833811000086, 24.100128402000053 ], [ 90.213991750000048, 24.100248987000043 ], [ 90.214111198000069, 24.100336884000058 ], [ 90.214209064000045, 24.100388682000073 ], [ 90.214483486000063, 24.100660957000059 ], [ 90.214854506000052, 24.100962449000065 ], [ 90.214958482000043, 24.100989965000053 ], [ 90.215065552000056, 24.101029894000078 ], [ 90.215238107000062, 24.101064087000054 ], [ 90.215524473000073, 24.101121263000039 ], [ 90.215626283000063, 24.101141442000028 ], [ 90.216197220000083, 24.101286845000061 ], [ 90.216315647000044, 24.101314338000066 ], [ 90.216553138000052, 24.101381743000047 ], [ 90.216830579000032, 24.101434979000032 ], [ 90.217127445000074, 24.101518105000025 ], [ 90.217276016000085, 24.101552329000071 ], [ 90.217385490000083, 24.101556690000052 ], [ 90.217432556000063, 24.101569606000055 ], [ 90.217504234000046, 24.101589827000055 ], [ 90.217811221000034, 24.101658825000072 ], [ 90.218048972000076, 24.101696873000037 ], [ 90.218207387000064, 24.101731646000076 ], [ 90.218455593000044, 24.101770243000033 ], [ 90.218482661000053, 24.101774721000027 ], [ 90.218506037000054, 24.101778639000031 ], [ 90.218812066000055, 24.101826750000043 ], [ 90.218927380000082, 24.101830536000023 ], [ 90.218985807000081, 24.101832709000064 ], [ 90.219149400000049, 24.101839815000062 ], [ 90.219207828000037, 24.101841989000036 ], [ 90.219278244000066, 24.101844146000076 ], [ 90.219407090000061, 24.101849041000037 ], [ 90.219634643000063, 24.10185718200006 ], [ 90.219714903000067, 24.101859889000025 ], [ 90.219942815000081, 24.101897949000033 ], [ 90.220170677000056, 24.101906088000078 ], [ 90.220299825000041, 24.101909290000037 ], [ 90.220336424000038, 24.101913188000026 ], [ 90.220547678000059, 24.101920221000057 ], [ 90.220706352000036, 24.101926203000062 ], [ 90.220948054000075, 24.101936579000039 ], [ 90.221135338000067, 24.101950986000077 ], [ 90.221429989000058, 24.101996850000035 ], [ 90.221558859000083, 24.102015855000047 ], [ 90.221726765000085, 24.102026903000024 ], [ 90.221907308000084, 24.102054302000056 ], [ 90.222044488000051, 24.102077812000061 ], [ 90.222173355000052, 24.10209625400006 ], [ 90.222371721000059, 24.102117981000049 ], [ 90.222450153000068, 24.102130850000037 ], [ 90.222787766000067, 24.102304229000026 ], [ 90.222951788000046, 24.10237907000004 ], [ 90.22338876200007, 24.102577705000044 ], [ 90.223494623000079, 24.102625534000026 ], [ 90.223775540000076, 24.102729558000078 ], [ 90.224122299000044, 24.102856064000036 ], [ 90.224331832000075, 24.102932531000079 ], [ 90.224410588000069, 24.102954431000057 ], [ 90.224892965000038, 24.103088641000056 ], [ 90.225347692000071, 24.103237002000071 ], [ 90.225819104000038, 24.103428805000078 ], [ 90.226308342000038, 24.10361606400005 ], [ 90.226498473000049, 24.103673927000045 ], [ 90.226534161000075, 24.103684599000076 ], [ 90.226643993000039, 24.103717743000061 ], [ 90.227044801000034, 24.103801825000062 ], [ 90.22712757100004, 24.103832751000027 ], [ 90.227538613000036, 24.103965365000079 ], [ 90.227874625000084, 24.104096394000067 ], [ 90.227958025000078, 24.10413578500004 ], [ 90.228243310000039, 24.104270842000062 ], [ 90.228496041000085, 24.104428529000074 ], [ 90.228517289000081, 24.104447126000025 ], [ 90.228628422000043, 24.104518653000071 ], [ 90.228797148000069, 24.104642593000051 ], [ 90.228966182000079, 24.104766531000053 ], [ 90.229250630000081, 24.104949009000052 ], [ 90.229476921000071, 24.105107296000028 ], [ 90.229555712000035, 24.105148387000042 ], [ 90.229756420000058, 24.105272842000034 ], [ 90.229823852000038, 24.105324111000073 ], [ 90.230084964000071, 24.105522990000054 ], [ 90.230150881000043, 24.105586682000023 ], [ 90.230168441000046, 24.105604721000077 ], [ 90.230188493000071, 24.10564081800004 ], [ 90.230318621000038, 24.105844976000071 ], [ 90.230432733000043, 24.106034480000062 ], [ 90.230547900000033, 24.106297368000071 ], [ 90.230630007000059, 24.106472807000046 ], [ 90.230745174000049, 24.10673513100005 ], [ 90.230771737000055, 24.106801139000027 ], [ 90.230792288000032, 24.106943930000057 ], [ 90.231011649000038, 24.107522223000046 ], [ 90.231084938000038, 24.10792235200006 ], [ 90.231121735000045, 24.108036327000036 ], [ 90.231168645000082, 24.108473188000062 ], [ 90.231176661000063, 24.10899930000005 ], [ 90.231181570000047, 24.109335741000052 ], [ 90.231198074000076, 24.109964018000028 ], [ 90.23119274700008, 24.110080315000062 ], [ 90.231186243000082, 24.110224840000058 ], [ 90.231166988000041, 24.110462530000063 ], [ 90.231109245000084, 24.110843095000064 ], [ 90.231044376000057, 24.111193756000034 ], [ 90.231025189000036, 24.111297090000051 ], [ 90.230899484000076, 24.111677196000073 ], [ 90.230776724000066, 24.111985041000025 ], [ 90.230736955000054, 24.112100261000023 ], [ 90.230670262000046, 24.112292860000025 ], [ 90.230532873000072, 24.112674112000036 ], [ 90.230427077000058, 24.113011286000074 ], [ 90.230289685000059, 24.113392537000038 ], [ 90.230205437000052, 24.113569358000063 ], [ 90.230135891000032, 24.11371510500004 ], [ 90.229981094000038, 24.113994206000029 ], [ 90.229952264000076, 24.114036590000069 ], [ 90.229872214000068, 24.114155822000043 ], [ 90.229762615000084, 24.114258162000056 ], [ 90.229605763000052, 24.114420413000062 ], [ 90.229370239000048, 24.114611571000069 ], [ 90.229071111000053, 24.114832179000075 ], [ 90.228866565000033, 24.114979259000052 ], [ 90.228784855000072, 24.115029623000055 ], [ 90.228677345000051, 24.115096960000074 ], [ 90.228535761000046, 24.115199913000026 ], [ 90.228409836000083, 24.115288165000038 ], [ 90.228285868000057, 24.115266335000058 ], [ 90.227981524000086, 24.115323240000066 ], [ 90.227934221000055, 24.115353231000029 ], [ 90.227803960000074, 24.115425117000029 ], [ 90.227671849000046, 24.115494750000039 ], [ 90.227528679000045, 24.115570043000048 ], [ 90.22745192900004, 24.115642978000039 ], [ 90.227372375000073, 24.11569729100006 ], [ 90.227244892000044, 24.115774253000041 ], [ 90.227225867000072, 24.115797427000075 ], [ 90.227113142000064, 24.11587436700006 ], [ 90.227033591000065, 24.115928680000025 ], [ 90.226883996000083, 24.11602373900007 ], [ 90.226784503000033, 24.116105740000023 ], [ 90.226654616000076, 24.116215448000048 ], [ 90.226564943000085, 24.116285016000063 ], [ 90.226395432000061, 24.116421314000036 ], [ 90.226265850000061, 24.116531022000061 ], [ 90.226176199000065, 24.116613574000041 ], [ 90.226096083000073, 24.116697804000069 ], [ 90.226015966000034, 24.116780341000037 ], [ 90.225926291000064, 24.116849909000052 ], [ 90.225888530000077, 24.116886657000066 ], [ 90.225856602000079, 24.116917753000052 ], [ 90.225746704000073, 24.117028561000041 ], [ 90.225657027000068, 24.117096998000022 ], [ 90.22557719100007, 24.117165423000074 ], [ 90.225487513000076, 24.117233295000062 ], [ 90.225407680000046, 24.117302847000076 ], [ 90.22532781700005, 24.117356595000047 ], [ 90.225257848000069, 24.117440245000068 ], [ 90.225180425000076, 24.117481569000063 ], [ 90.225158305000036, 24.117493456000034 ], [ 90.22505850500005, 24.11757658700003 ], [ 90.22496884800006, 24.11765857100005 ], [ 90.224859232000085, 24.117754135000041 ], [ 90.224759430000063, 24.117836702000034 ], [ 90.224717981000083, 24.117875148000053 ], [ 90.224669471000084, 24.117919817000029 ], [ 90.224569667000083, 24.118001253000045 ], [ 90.224499981000065, 24.118070791000036 ], [ 90.224380214000064, 24.118166934000044 ], [ 90.22430042600007, 24.118264147000048 ], [ 90.224150569000074, 24.118387431000031 ], [ 90.224007140000083, 24.118493768000064 ], [ 90.223989336000045, 24.118512988000077 ], [ 90.223831170000039, 24.118633460000069 ], [ 90.223681875000068, 24.118727388000025 ], [ 90.223605719000034, 24.118791289000058 ], [ 90.223552289000054, 24.118836528000031 ], [ 90.223442619000082, 24.11890386500005 ], [ 90.223293068000032, 24.119027712000047 ], [ 90.223133367000059, 24.11915044400007 ], [ 90.22304368500005, 24.119218316000058 ], [ 90.222963615000083, 24.119329642000025 ], [ 90.222744115000069, 24.119550686000025 ], [ 90.222644026000069, 24.119647362000023 ], [ 90.222574339000062, 24.119716900000071 ], [ 90.222512321000067, 24.119776828000056 ], [ 90.222450356000081, 24.119866112000068 ], [ 90.222348778000082, 24.119990450000046 ], [ 90.222178765000081, 24.120198440000024 ], [ 90.222146525000085, 24.120227840000041 ], [ 90.222174259000042, 24.12026054200004 ], [ 90.222014804000082, 24.120348836000062 ], [ 90.221952780000038, 24.120405944000026 ], [ 90.221946802000048, 24.120505870000045 ], [ 90.221939657000064, 24.120642492000059 ], [ 90.22191738500004, 24.120745265000039 ], [ 90.22189594300005, 24.120794973000045 ], [ 90.221861538000041, 24.120995424000057 ], [ 90.221784805000084, 24.121083035000026 ], [ 90.221665397000038, 24.121211352000046 ], [ 90.221640839000031, 24.121237920000056 ], [ 90.221559624000065, 24.121400617000063 ], [ 90.221445921000054, 24.121627715000045 ], [ 90.221389784000053, 24.121710216000054 ], [ 90.221243412000035, 24.121897845000035 ], [ 90.221218834000069, 24.121911428000033 ], [ 90.22116909600004, 24.121960049000052 ], [ 90.221102483000038, 24.122031274000051 ], [ 90.221038633000035, 24.122099672000047 ], [ 90.220983696000076, 24.122165235000068 ], [ 90.220861660000082, 24.122197024000059 ], [ 90.220724248000067, 24.122228834000055 ], [ 90.220693481000069, 24.122400491000064 ], [ 90.220675982000046, 24.122418581000034 ], [ 90.220647762000056, 24.122460959000023 ], [ 90.22057966300008, 24.122562669000047 ], [ 90.220467884000072, 24.122658233000038 ], [ 90.220319308000057, 24.12281594600006 ], [ 90.220237394000037, 24.122932354000056 ], [ 90.220152459000076, 24.123080378000054 ], [ 90.220020206000072, 24.123253309000063 ], [ 90.21982192300004, 24.123299319000068 ], [ 90.219796703000043, 24.123298227000078 ], [ 90.219760105000034, 24.123297150000042 ], [ 90.219640121000054, 24.123271921000025 ], [ 90.219610896000063, 24.123265753000055 ], [ 90.219448475000036, 24.123241147000044 ], [ 90.219291948000034, 24.123248146000037 ], [ 90.219142188000035, 24.123253442000077 ], [ 90.218978982000067, 24.123310127000025 ], [ 90.218800430000044, 24.123385463000034 ], [ 90.218631359000085, 24.123428607000051 ], [ 90.218526399000041, 24.123556901000029 ], [ 90.218558, 24.123875240000075 ], [ 90.218526110000084, 24.124111816000038 ], [ 90.21849725900006, 24.124326372000041 ], [ 90.218489971000054, 24.124381140000025 ], [ 90.218511652000075, 24.124652074000039 ], [ 90.218497461000084, 24.124807899000075 ], [ 90.218364892000068, 24.124977441000055 ], [ 90.218308703000048, 24.12503115100003 ], [ 90.218157945000087, 24.125175881000075 ], [ 90.217995518000066, 24.12533191700004 ], [ 90.217871779000063, 24.125450641000043 ], [ 90.217835550000075, 24.12548569300003 ], [ 90.217728237000074, 24.125861246000056 ], [ 90.217660355000078, 24.126092791000076 ], [ 90.217575120000049, 24.126429925000025 ], [ 90.217509113000062, 24.126680662000069 ], [ 90.217458386000033, 24.126872668000033 ], [ 90.217447080000056, 24.126915023000038 ], [ 90.217412852000052, 24.127044344000069 ], [ 90.217354109000041, 24.127225634000069 ], [ 90.217345543000079, 24.127251615000034 ], [ 90.217339609000078, 24.12738033200003 ], [ 90.217287558000066, 24.127517582000053 ], [ 90.217293253000037, 24.127611847000026 ], [ 90.217298208000045, 24.127632727000048 ], [ 90.217343430000085, 24.127821209000047 ], [ 90.217332796000051, 24.127899126000045 ], [ 90.21732686200005, 24.128027279000037 ], [ 90.21729143400006, 24.12817410200006 ], [ 90.217194957000061, 24.128411334000077 ], [ 90.217257789000087, 24.128648339000051 ], [ 90.217257898000071, 24.128713258000062 ], [ 90.217275161000032, 24.128919279000058 ], [ 90.217323154000042, 24.129109450000044 ], [ 90.21731642900005, 24.12913373400005 ], [ 90.217298086000085, 24.129199244000063 ], [ 90.217304148000039, 24.129327944000067 ], [ 90.217300590000036, 24.129406415000062 ], [ 90.217291745000068, 24.129451023000058 ], [ 90.217283709000071, 24.129609664000043 ], [ 90.217316716000084, 24.129667760000075 ], [ 90.217436713000041, 24.129879282000047 ], [ 90.217586829000084, 24.13008003300007 ], [ 90.217619896000031, 24.130173131000049 ], [ 90.217695242000048, 24.130351973000074 ], [ 90.217724856000075, 24.130404431000045 ], [ 90.217797348000033, 24.130533035000042 ], [ 90.217884387000083, 24.130715248000058 ], [ 90.217896116000077, 24.130740070000058 ], [ 90.21803727300005, 24.131096074000027 ], [ 90.218054253000048, 24.131133307000027 ], [ 90.218201996000062, 24.131564946000026 ], [ 90.218307785000036, 24.132102208000049 ], [ 90.218385587000057, 24.132277660000057 ], [ 90.218435279000062, 24.132380330000046 ], [ 90.218484640000042, 24.132469452000066 ], [ 90.218544249000047, 24.132616704000043 ], [ 90.218582256000047, 24.132721084000025 ], [ 90.218590591000066, 24.132739137000044 ], [ 90.218642139000053, 24.132848577000061 ], [ 90.219125324000061, 24.133574973000066 ], [ 90.21929982100005, 24.133999799000037 ], [ 90.219332867000048, 24.134079912000061 ], [ 90.219471466000073, 24.13455390200005 ], [ 90.219541330000084, 24.135122263000028 ], [ 90.219561336000083, 24.136211737000053 ], [ 90.219633877000035, 24.136365745000035 ], [ 90.219636724000054, 24.136412031000077 ], [ 90.219666122000035, 24.136515857000063 ], [ 90.21965558100004, 24.136646840000026 ], [ 90.219685004000041, 24.136765909000076 ], [ 90.219713494000075, 24.137059977000035 ], [ 90.219742993000068, 24.137223078000034 ], [ 90.219762288000084, 24.137356274000069 ], [ 90.219791764000036, 24.137505262000047 ], [ 90.219800960000043, 24.137667264000072 ], [ 90.219823921000057, 24.13778521200004 ], [ 90.219825186000037, 24.137804969000058 ], [ 90.219830581000053, 24.137902057000076 ], [ 90.219888494000031, 24.138135116000058 ], [ 90.219888274000084, 24.138187052000035 ], [ 90.219897755000034, 24.138334938000071 ], [ 90.219906722000076, 24.138542666000035 ], [ 90.219935914000075, 24.138705767000033 ], [ 90.219954982000047, 24.138885253000069 ], [ 90.219984276000048, 24.139107064000029 ], [ 90.219996415000082, 24.139191723000067 ], [ 90.219996876000039, 24.139460993000057 ], [ 90.220018930000037, 24.140306596000073 ], [ 90.220019573000059, 24.140681994000033 ], [ 90.220035490000043, 24.140996403000031 ], [ 90.220040581000035, 24.141095749000044 ], [ 90.220044276000067, 24.141278082000042 ], [ 90.220033686000079, 24.141380837000042 ], [ 90.220033277000084, 24.141500514000029 ], [ 90.220018294000056, 24.141551905000028 ], [ 90.219982518000052, 24.141675584000041 ], [ 90.219970717000081, 24.141789068000037 ], [ 90.219951244000072, 24.141913288000069 ], [ 90.219924687000059, 24.142031873000064 ], [ 90.219932235000044, 24.142128958000058 ], [ 90.219932963000076, 24.142195569000023 ], [ 90.219926309000073, 24.142261061000056 ], [ 90.219918864000078, 24.14240389400004 ], [ 90.219937522000066, 24.142702491000023 ], [ 90.220006889000047, 24.142796100000055 ], [ 90.220025123000084, 24.142845751000038 ], [ 90.220046134000086, 24.14290217100006 ], [ 90.22011552500004, 24.143009892000066 ], [ 90.220183372000065, 24.143114793000052 ], [ 90.220182804000046, 24.143141890000038 ], [ 90.220204140000078, 24.143207907000033 ], [ 90.220290172000034, 24.143333669000071 ], [ 90.220317907000037, 24.143363548000025 ], [ 90.220362919000081, 24.143424449000065 ], [ 90.220472068000049, 24.143578403000049 ], [ 90.220620669000084, 24.143779718000076 ], [ 90.22069652600004, 24.143890253000052 ], [ 90.220779704000051, 24.143966340000077 ], [ 90.220838614000058, 24.14405940100005 ], [ 90.220894403000045, 24.144126496000069 ], [ 90.220967759000075, 24.144214453000075 ], [ 90.221155737000061, 24.144417969000074 ], [ 90.221210633000055, 24.144501438000077 ], [ 90.22122818400004, 24.144513267000036 ], [ 90.22136133500004, 24.144671134000077 ], [ 90.221498203000067, 24.144843678000029 ], [ 90.221583571000053, 24.14494008500003 ], [ 90.221714233000057, 24.145081585000071 ], [ 90.221768194000049, 24.145159410000076 ], [ 90.221824625000067, 24.145241182000063 ], [ 90.22195208800008, 24.145488817000057 ], [ 90.222095748000072, 24.145676589000061 ], [ 90.222322398000074, 24.146006496000041 ], [ 90.22242416000006, 24.146154249000062 ], [ 90.222565809000059, 24.146422184000073 ], [ 90.222612133000041, 24.146529373000078 ], [ 90.222680018000062, 24.146652902000028 ], [ 90.222758336000084, 24.14676230200007 ], [ 90.222825991000036, 24.146930992000023 ], [ 90.222874750000074, 24.147022936000042 ], [ 90.222913694000056, 24.147130701000037 ], [ 90.223021034000055, 24.147301588000062 ], [ 90.22308920200004, 24.147411004000048 ], [ 90.223177110000051, 24.147550309000053 ], [ 90.223255172000052, 24.147689065000066 ], [ 90.223343339000053, 24.14780071000007 ], [ 90.223451266000041, 24.147955790000026 ], [ 90.223578910000072, 24.148127215000045 ], [ 90.223735802000078, 24.148314965000054 ], [ 90.223794434000069, 24.148422700000026 ], [ 90.223931922000077, 24.148594675000027 ], [ 90.224029676000043, 24.148735093000028 ], [ 90.224147476000041, 24.148905403000072 ], [ 90.224216206000051, 24.148983203000057 ], [ 90.224383870000054, 24.149172068000041 ], [ 90.22443263100007, 24.149264011000071 ], [ 90.224540819000083, 24.149389737000035 ], [ 90.224619699000073, 24.149467524000045 ], [ 90.224702318000084, 24.149571836000064 ], [ 90.224989718000074, 24.149805120000053 ], [ 90.225218287000075, 24.14999332800005 ], [ 90.22529839300006, 24.150066595000055 ], [ 90.22536903200006, 24.150179956000045 ], [ 90.225405123000087, 24.150237485000048 ], [ 90.225628887000084, 24.150491746000057 ], [ 90.225675126000056, 24.150547565000068 ], [ 90.225714607000043, 24.150609037000038 ], [ 90.225772757000072, 24.15079128800005 ], [ 90.225803442000085, 24.150923338000041 ], [ 90.225840263000066, 24.151046911000037 ], [ 90.225866033000045, 24.151182354000071 ], [ 90.225917441000036, 24.151378726000075 ], [ 90.225931818000049, 24.151507978000041 ], [ 90.225934007000035, 24.151528862000077 ], [ 90.225965849000033, 24.151618571000029 ], [ 90.225964494000038, 24.151723007000044 ], [ 90.226013357000056, 24.151871966000044 ], [ 90.226032051000061, 24.152006856000071 ], [ 90.226031055000078, 24.152140646000078 ], [ 90.226020065000057, 24.15236251400006 ], [ 90.225999330000036, 24.152465851000045 ], [ 90.225999896000076, 24.152613184000074 ], [ 90.225987449000058, 24.152706348000038 ], [ 90.225979571000039, 24.152774665000038 ], [ 90.22596627300004, 24.152909603000069 ], [ 90.225945563000039, 24.153027051000038 ], [ 90.225944644000037, 24.153204308000056 ], [ 90.225903709000079, 24.153365818000054 ], [ 90.225902737000069, 24.153513154000052 ], [ 90.225891667000042, 24.153690428000061 ], [ 90.225890978000052, 24.153823652000028 ], [ 90.225883159000034, 24.153925277000042 ], [ 90.22587965200006, 24.154029716000025 ], [ 90.225899214000037, 24.154133556000033 ], [ 90.225908422000032, 24.154297249000024 ], [ 90.225897630000077, 24.154457587000024 ], [ 90.225896917000057, 24.154576699000074 ], [ 90.225886382000056, 24.154708807000077 ], [ 90.225885988000073, 24.154834694000044 ], [ 90.225885540000036, 24.15492953200004 ], [ 90.225875032000033, 24.155076885000028 ], [ 90.225874344000033, 24.155209545000048 ], [ 90.225883573000033, 24.155385657000068 ], [ 90.225883164000038, 24.155503076000059 ], [ 90.225898523000069, 24.155665632000023 ], [ 90.225895842000057, 24.155715312000041 ], [ 90.225902167000072, 24.155813528000067 ], [ 90.225901527000076, 24.15597441400007 ], [ 90.225891302000036, 24.156106524000052 ], [ 90.225890873000083, 24.156213781000076 ], [ 90.225890689000039, 24.156283214000041 ], [ 90.225882334000062, 24.156430565000051 ], [ 90.225932094000086, 24.156563151000057 ], [ 90.225921844000084, 24.156681713000069 ], [ 90.225910696000085, 24.156989386000078 ], [ 90.225920490000078, 24.157137272000057 ], [ 90.225929877000056, 24.15740144800003 ], [ 90.225959206000084, 24.157636805000038 ], [ 90.225988947000076, 24.157755872000052 ], [ 90.225978437000038, 24.157901530000061 ], [ 90.226008253000032, 24.158063500000026 ], [ 90.226007589000062, 24.158210273000066 ], [ 90.225997309000036, 24.158313029000055 ], [ 90.226013099000056, 24.158370020000064 ], [ 90.22600613000003, 24.158429869000031 ], [ 90.226036306000083, 24.158621756000059 ], [ 90.226057772000047, 24.158757207000065 ], [ 90.226085476000037, 24.158943452000074 ], [ 90.226087176000078, 24.159034336000047 ], [ 90.226087746000076, 24.159358929000064 ], [ 90.226088608000055, 24.159848355000065 ], [ 90.226089168000044, 24.16016617300005 ], [ 90.226161801000046, 24.160709684000039 ], [ 90.22616772300006, 24.160753144000068 ], [ 90.226160801000049, 24.160840089000033 ], [ 90.226160417000074, 24.160972184000059 ], [ 90.22612027100007, 24.161058613000023 ], [ 90.226119888000085, 24.161190708000049 ], [ 90.226079740000046, 24.161277138000059 ], [ 90.226049234000072, 24.161422826000035 ], [ 90.226009113000032, 24.161523932000023 ], [ 90.225958582000032, 24.161653844000057 ], [ 90.225948355000071, 24.161785954000038 ], [ 90.225928231000069, 24.161887595000053 ], [ 90.225924323000072, 24.161939535000045 ], [ 90.225920410000072, 24.161988653000037 ], [ 90.225927720000072, 24.162121867000053 ], [ 90.225917466000055, 24.162238735000074 ], [ 90.225917109000079, 24.162385507000067 ], [ 90.225956695000036, 24.16250455900007 ], [ 90.226006460000065, 24.162638839000067 ], [ 90.226095908000048, 24.162771930000076 ], [ 90.226155541000082, 24.162920307000036 ], [ 90.226225506000048, 24.162995283000043 ], [ 90.226268424000068, 24.163083847000053 ], [ 90.226301420000084, 24.163129523000066 ], [ 90.226350128000036, 24.163187031000064 ], [ 90.226431861000037, 24.163306021000039 ], [ 90.226473191000082, 24.163366361000044 ], [ 90.22654719600007, 24.163465041000052 ], [ 90.226610409000045, 24.163549058000058 ], [ 90.226623376000077, 24.163576135000028 ], [ 90.226693682000075, 24.163669175000052 ], [ 90.226823154000044, 24.163819706000027 ], [ 90.226892837000037, 24.163908795000054 ], [ 90.227022566000073, 24.164029969000069 ], [ 90.227106086000049, 24.164116216000025 ], [ 90.227182795000033, 24.164176504000068 ], [ 90.227267806000043, 24.16423565100007 ], [ 90.227365466000037, 24.16431397100007 ], [ 90.22752196600004, 24.164439059000074 ], [ 90.22756447900008, 24.16447286500005 ], [ 90.227660901000036, 24.164547238000068 ], [ 90.227788759000077, 24.164653739000073 ], [ 90.227930460000039, 24.164759654000022 ], [ 90.228010247000043, 24.164820502000055 ], [ 90.228189532000044, 24.164956280000069 ], [ 90.228279499000053, 24.165033483000059 ], [ 90.228408895000086, 24.165138851000052 ], [ 90.228538599000046, 24.165245350000077 ], [ 90.228681249000033, 24.165364811000074 ], [ 90.228773381000053, 24.165447655000037 ], [ 90.228907690000085, 24.165548501000046 ], [ 90.229067263000047, 24.165669630000025 ], [ 90.229146769000067, 24.165745719000029 ], [ 90.229306396000084, 24.165897333000032 ], [ 90.229416103000062, 24.166002165000066 ], [ 90.229506069000081, 24.166077674000064 ], [ 90.229575730000079, 24.166152648000036 ], [ 90.229764945000056, 24.166333006000059 ], [ 90.229807179000034, 24.166382619000046 ], [ 90.229854656000043, 24.166438434000042 ], [ 90.229964107000058, 24.166572057000053 ], [ 90.230073818000051, 24.166678019000074 ], [ 90.23015371200006, 24.166797574000043 ], [ 90.230197489000034, 24.166848878000053 ], [ 90.230422539000074, 24.167111599000066 ], [ 90.230383836000044, 24.167145528000049 ], [ 90.230451015000085, 24.167208087000063 ], [ 90.23060944100007, 24.16737381300004 ], [ 90.230802377000032, 24.167569404000062 ], [ 90.231096323000031, 24.167821294000078 ], [ 90.231153015000075, 24.167869756000073 ], [ 90.231185685000071, 24.167902447000074 ], [ 90.231217119000064, 24.167932884000038 ], [ 90.231529926000064, 24.168237243000078 ], [ 90.231617758000084, 24.168322352000075 ], [ 90.231639638000047, 24.168342639000059 ], [ 90.231720682000059, 24.168416466000053 ], [ 90.231787889000032, 24.168493702000035 ], [ 90.231847708000032, 24.168569255000023 ], [ 90.231927191000068, 24.168630101000076 ], [ 90.231976906000057, 24.168732765000073 ], [ 90.232056749000037, 24.168822401000057 ], [ 90.232126415000039, 24.168897939000033 ], [ 90.232196129000044, 24.169001137000066 ], [ 90.232335791000082, 24.169166325000049 ], [ 90.232425250000063, 24.169299412000044 ], [ 90.232534709000049, 24.169434163000062 ], [ 90.232604400000071, 24.169523249000065 ], [ 90.232664242000055, 24.169611785000029 ], [ 90.232773705000056, 24.169747664000056 ], [ 90.232833550000066, 24.16983676500007 ], [ 90.232913473000053, 24.169970431000024 ], [ 90.232962472000054, 24.170016081000028 ], [ 90.232992981000052, 24.170044825000048 ], [ 90.233042700000055, 24.170148054000038 ], [ 90.23310226600006, 24.170252396000024 ], [ 90.233162113000049, 24.170341497000038 ], [ 90.233179712000037, 24.170376469000075 ], [ 90.233221704000073, 24.170460516000048 ], [ 90.233321317000048, 24.170592458000044 ], [ 90.233382060000054, 24.170667446000039 ], [ 90.233436372000085, 24.170759378000071 ], [ 90.233550244000071, 24.170951135000053 ], [ 90.233650060000059, 24.171025497000073 ], [ 90.233739523000054, 24.17116027700007 ], [ 90.233872122000037, 24.171328297000059 ], [ 90.233948625000039, 24.171442209000077 ], [ 90.234028472000034, 24.171532410000054 ], [ 90.23408801100004, 24.171621509000033 ], [ 90.23417803600006, 24.171725805000051 ], [ 90.234261905000039, 24.171827852000035 ], [ 90.234272707000059, 24.171847029000048 ], [ 90.234446882000043, 24.172039257000051 ], [ 90.234506703000079, 24.172113681000042 ], [ 90.234606242000041, 24.172204412000042 ], [ 90.234666061000041, 24.172278271000039 ], [ 90.234764089000066, 24.172384247000025 ], [ 90.234855653000068, 24.172487411000077 ], [ 90.235004830000037, 24.172636777000037 ], [ 90.235084676000042, 24.172726409000063 ], [ 90.235154372000068, 24.172816623000074 ], [ 90.235233885000071, 24.172891016000051 ], [ 90.23533350200006, 24.173025214000063 ], [ 90.235492888000067, 24.173203917000023 ], [ 90.235562916000049, 24.173307115000057 ], [ 90.235662256000069, 24.17345655400004 ], [ 90.235722161000069, 24.173575008000057 ], [ 90.235861321000073, 24.173797208000053 ], [ 90.235960942000077, 24.173930842000061 ], [ 90.236041546000081, 24.17409781200007 ], [ 90.236110029000031, 24.174197058000061 ], [ 90.236199858000077, 24.174359497000069 ], [ 90.236279455000044, 24.174479614000063 ], [ 90.236329149000085, 24.174567036000042 ], [ 90.236365579000051, 24.174636414000076 ], [ 90.236414980000063, 24.174731174000044 ], [ 90.236468728000034, 24.174847944000078 ], [ 90.236588564000044, 24.175098963000039 ], [ 90.236647878000042, 24.17523152900003 ], [ 90.236730677000082, 24.175418817000036 ], [ 90.236738711000044, 24.17543743300007 ], [ 90.23684677600005, 24.175645569000039 ], [ 90.23689680800004, 24.175748795000061 ], [ 90.236986357000035, 24.175925912000025 ], [ 90.23700858400008, 24.175966521000078 ], [ 90.237075881000067, 24.176088914000047 ], [ 90.237155478000034, 24.176207902000044 ], [ 90.237294899000062, 24.176400748000049 ], [ 90.237394800000061, 24.176519137000071 ], [ 90.237477525000031, 24.17666521600006 ], [ 90.237538642000061, 24.176772941000024 ], [ 90.237567626000043, 24.176806766000027 ], [ 90.237615108000057, 24.176862013000061 ], [ 90.23769406200006, 24.176964630000043 ], [ 90.237813685000049, 24.177098797000042 ], [ 90.237920362000068, 24.17722 ], [ 90.237975240000083, 24.177282010000056 ], [ 90.238027653000074, 24.177341200000058 ], [ 90.23805477500008, 24.177365998000028 ], [ 90.238120108000032, 24.177424604000066 ], [ 90.238337736000062, 24.177648373000068 ], [ 90.238636636000081, 24.17789685200006 ], [ 90.238935721000075, 24.178244685000038 ], [ 90.239181387000031, 24.178653002000033 ], [ 90.239246198000046, 24.17876072100006 ], [ 90.23929804900007, 24.178847009000037 ], [ 90.239496718000055, 24.179131773000051 ], [ 90.239628731000039, 24.179308255000024 ], [ 90.239704608000068, 24.179409747000022 ], [ 90.239728050000053, 24.179440758000055 ], [ 90.239767589000053, 24.179524808000053 ], [ 90.23984353600008, 24.179664685000034 ], [ 90.239863912000033, 24.179701912000041 ], [ 90.239948474000073, 24.179840646000059 ], [ 90.23999666900005, 24.179946133000044 ], [ 90.240052842000068, 24.180040882000071 ], [ 90.240059651000081, 24.180062322000026 ], [ 90.240262037000036, 24.180685219000054 ], [ 90.240574196000068, 24.181436648000044 ], [ 90.240783212000053, 24.181983324000043 ], [ 90.240801764000082, 24.182032407000065 ], [ 90.240897522000068, 24.182233220000057 ], [ 90.240940150000085, 24.182323473000054 ], [ 90.241085331000079, 24.182628076000071 ], [ 90.241251437000074, 24.182932648000076 ], [ 90.24131329100004, 24.18310303100003 ], [ 90.241346692000036, 24.183193862000053 ], [ 90.24141161700004, 24.183360290000053 ], [ 90.241456798000058, 24.183497957000043 ], [ 90.24151794800008, 24.183618663000061 ], [ 90.241619747000072, 24.183759065000061 ], [ 90.241672253000047, 24.183865673000071 ], [ 90.241713064000066, 24.18397060500007 ], [ 90.241799453000056, 24.184096355000065 ], [ 90.241811176000056, 24.184113271000058 ], [ 90.241888222000057, 24.184178630000076 ], [ 90.241954301000078, 24.184304411000028 ], [ 90.242028873000038, 24.184363566000059 ], [ 90.242529554000043, 24.184569380000028 ], [ 90.242868869000063, 24.184698677000029 ], [ 90.24320808300007, 24.184776037000063 ], [ 90.243318327000054, 24.184826102000045 ], [ 90.243339269000046, 24.184835665000037 ], [ 90.243467942000052, 24.184867072000031 ], [ 90.243628625000042, 24.184905767000032 ], [ 90.243658787000072, 24.184910234000029 ], [ 90.243825628000081, 24.184950047000029 ], [ 90.243887812000082, 24.184966883000072 ], [ 90.243944444000078, 24.184976389000042 ], [ 90.244047243000068, 24.184993160000033 ], [ 90.244203027000083, 24.185043151000059 ], [ 90.244393253000055, 24.185084055000061 ], [ 90.244448660000046, 24.185095821000061 ], [ 90.244476986000052, 24.18510593700006 ], [ 90.244545955000035, 24.185130100000038 ], [ 90.244799552000075, 24.185164127000064 ], [ 90.24494607400004, 24.185197763000076 ], [ 90.245098734000067, 24.185223484000062 ], [ 90.245116597000049, 24.18523192300006 ], [ 90.245247083000038, 24.185246391000078 ], [ 90.24536160100007, 24.185277818000031 ], [ 90.245487196000056, 24.185308665000036 ], [ 90.245674301000065, 24.185324734000062 ], [ 90.245772187000057, 24.185347156000034 ], [ 90.245870689000071, 24.185369577000074 ], [ 90.245932856000081, 24.185376814000051 ], [ 90.245998716000031, 24.185384611000075 ], [ 90.246174799000073, 24.185430053000061 ], [ 90.246302244000049, 24.185463153000057 ], [ 90.246459859000083, 24.185504672000036 ], [ 90.246656864000045, 24.185548385000061 ], [ 90.246874204000051, 24.185607306000065 ], [ 90.247031852000077, 24.185666888000071 ], [ 90.247199377000072, 24.185741132000032 ], [ 90.24731515600007, 24.185787233000042 ], [ 90.247416772000065, 24.185828277000041 ], [ 90.247525778000067, 24.185872131000053 ], [ 90.247695177000082, 24.185961048000024 ], [ 90.247814701000038, 24.186034238000047 ], [ 90.24786212500004, 24.186054485000057 ], [ 90.248183918000052, 24.186348633000023 ], [ 90.248410363000062, 24.18665930700007 ], [ 90.248523844000033, 24.186788958000022 ], [ 90.248637373000065, 24.186944012000026 ], [ 90.248800004000032, 24.187349060000031 ], [ 90.248809980000033, 24.187415656000042 ], [ 90.248877955000069, 24.187562317000072 ], [ 90.248916896000082, 24.187650316000031 ], [ 90.248974975000067, 24.187769896000077 ], [ 90.24900351000008, 24.187887832000058 ], [ 90.249031433000084, 24.188006331000054 ], [ 90.249058913000056, 24.188214025000036 ], [ 90.249088095000047, 24.188347200000067 ], [ 90.249076691000084, 24.188495684000031 ], [ 90.249105456000052, 24.188731036000036 ], [ 90.249094837000086, 24.188966451000056 ], [ 90.249095037000075, 24.189069756000038 ], [ 90.249075714000071, 24.189260026000056 ], [ 90.249066098000071, 24.189378023000074 ], [ 90.249065206000068, 24.189553586000045 ], [ 90.249049468000067, 24.189688527000044 ], [ 90.249033601000065, 24.18975742300006 ], [ 90.248874307000051, 24.190439041000047 ], [ 90.248814209000045, 24.190865340000073 ], [ 90.248761676000072, 24.19106639000006 ], [ 90.248731747000079, 24.191182727000069 ], [ 90.248656865000044, 24.191283895000026 ], [ 90.248589984000034, 24.191386744000056 ], [ 90.248533536000082, 24.191473770000073 ], [ 90.24839361100004, 24.191672702000062 ], [ 90.248410870000043, 24.191686788000027 ], [ 90.24843059300008, 24.191703127000039 ], [ 90.248526751000043, 24.19178256500004 ], [ 90.248637634000033, 24.19183939900006 ], [ 90.248805496000045, 24.192084120000061 ], [ 90.248802482000031, 24.192433554000047 ], [ 90.248801449000041, 24.192535731000078 ], [ 90.24880041800003, 24.192638472000056 ], [ 90.248800473000074, 24.192666698000039 ], [ 90.248808001000043, 24.192740636000053 ], [ 90.248827451000068, 24.192932535000068 ], [ 90.248835033000034, 24.193034134000072 ], [ 90.248835152000083, 24.193095665000044 ], [ 90.248835345000032, 24.19319501800004 ], [ 90.248868162000065, 24.193297704000031 ], [ 90.248867773000086, 24.19341455700004 ], [ 90.248863050000068, 24.193517869000061 ], [ 90.248867430000075, 24.193555120000042 ], [ 90.248866323000072, 24.193618910000055 ], [ 90.248842059000083, 24.193800719000023 ], [ 90.248842312000079, 24.193931120000059 ], [ 90.248806865000063, 24.194058192000057 ], [ 90.24880896600007, 24.194189719000065 ], [ 90.248745390000067, 24.194409414000063 ], [ 90.248664077000058, 24.194686718000071 ], [ 90.248618738000062, 24.194791225000074 ], [ 90.248567886000046, 24.194907597000054 ], [ 90.248516419000055, 24.195025662000035 ], [ 90.248588202000064, 24.195229331000064 ], [ 90.248637747000032, 24.195390134000036 ], [ 90.248706394000067, 24.195563325000023 ], [ 90.248766911000075, 24.195668788000035 ], [ 90.248805195000045, 24.195734773000027 ], [ 90.248840395000059, 24.195797375000041 ], [ 90.248858944000062, 24.195841941000026 ], [ 90.248914593000052, 24.195976202000054 ], [ 90.248919555000043, 24.195995953000079 ], [ 90.248982693000073, 24.196184394000056 ], [ 90.249017981000065, 24.196291027000029 ], [ 90.249055756000075, 24.196412334000058 ], [ 90.249072695000052, 24.196578835000025 ], [ 90.249119480000047, 24.196901655000033 ], [ 90.249126553000053, 24.197058011000024 ], [ 90.249139236000076, 24.197250487000076 ], [ 90.249143895000032, 24.197431121000022 ], [ 90.249127644000055, 24.197619691000057 ], [ 90.249156829000071, 24.197752868000066 ], [ 90.249200131000066, 24.197866826000052 ], [ 90.249242715000037, 24.197928852000075 ], [ 90.249292109000066, 24.198010060000058 ], [ 90.249335290000033, 24.198063053000055 ], [ 90.249384027000076, 24.198122810000029 ], [ 90.249411782000038, 24.198153813000033 ], [ 90.249508634000051, 24.198271635000026 ], [ 90.249626460000059, 24.198414262000028 ], [ 90.249659155000074, 24.198453724000046 ], [ 90.249765862000061, 24.198575481000034 ], [ 90.249918801000035, 24.198735550000038 ], [ 90.249959485000034, 24.198768791000077 ], [ 90.250063064000074, 24.198863457000073 ], [ 90.25011436300008, 24.198976273000028 ], [ 90.250314004000074, 24.199098443000025 ], [ 90.250450737000051, 24.199152975000061 ], [ 90.250524033000033, 24.199182208000025 ], [ 90.250566540000079, 24.199204154000029 ], [ 90.250825858000042, 24.199316065000062 ], [ 90.251178902000049, 24.199519268000074 ], [ 90.251204155000039, 24.199529389000077 ], [ 90.251379103000033, 24.199612082000044 ], [ 90.251515858000062, 24.199676774000068 ], [ 90.251542346000065, 24.199689714000044 ], [ 90.251743174000069, 24.199788735000027 ], [ 90.251787530000058, 24.199811806000071 ], [ 90.252045, 24.199921459000052 ], [ 90.252077025000062, 24.199932132000072 ], [ 90.252363993000074, 24.200019154000074 ], [ 90.252589998000076, 24.200089909000042 ], [ 90.252610320000031, 24.200096084000052 ], [ 90.252732798000068, 24.200098138000044 ], [ 90.252814030000081, 24.200095182000041 ], [ 90.252924186000087, 24.200091048000047 ], [ 90.253179648000071, 24.200118284000041 ], [ 90.253466440000068, 24.200116114000025 ], [ 90.253621598000052, 24.200150290000067 ], [ 90.253658542000039, 24.200158696000074 ], [ 90.253734239000039, 24.200158005000048 ], [ 90.253827785000055, 24.200157285000046 ], [ 90.254041341000061, 24.200155236000057 ], [ 90.254146001000038, 24.200173125000049 ], [ 90.254186019000031, 24.200180398000043 ], [ 90.254421900000068, 24.200264679000043 ], [ 90.254516602000081, 24.200225569000054 ], [ 90.254661875000068, 24.200240004000023 ], [ 90.254769607000071, 24.200255066000068 ], [ 90.255073194000033, 24.200342620000072 ], [ 90.255105835000052, 24.200354421000043 ], [ 90.25513785000004, 24.200359448000029 ], [ 90.255271440000058, 24.200379546000079 ], [ 90.255339217000085, 24.200418948000049 ], [ 90.255533276000051, 24.200515719000066 ], [ 90.255637997000065, 24.200563525000064 ], [ 90.255818430000033, 24.200618545000054 ], [ 90.256035199000053, 24.200684791000072 ], [ 90.256109099000071, 24.200707811000029 ], [ 90.256149144000062, 24.200728066000067 ], [ 90.256307469000035, 24.200806830000033 ], [ 90.256423980000079, 24.200902600000063 ], [ 90.256495559000086, 24.200996187000044 ], [ 90.256575778000069, 24.201101050000034 ], [ 90.256588735000037, 24.201117399000054 ], [ 90.256629408000038, 24.201143863000027 ], [ 90.256670068000062, 24.201164680000034 ], [ 90.256751440000073, 24.201230590000023 ], [ 90.256909804000031, 24.201327418000062 ], [ 90.256989783000051, 24.201620261000073 ], [ 90.256995360000076, 24.201639444000023 ], [ 90.257052746000056, 24.201713862000076 ], [ 90.257177797000054, 24.201771230000077 ], [ 90.257316497000033, 24.201882203000025 ], [ 90.25745144800004, 24.201965522000023 ], [ 90.257473655000069, 24.201990323000075 ], [ 90.257619224000052, 24.202151526000023 ], [ 90.257880466000074, 24.202295596000056 ], [ 90.257971652000037, 24.202344553000046 ], [ 90.258083864000071, 24.202444280000066 ], [ 90.258136296000032, 24.202502899000024 ], [ 90.25815603500007, 24.202525446000038 ], [ 90.258316414000035, 24.202704124000036 ], [ 90.258517157000085, 24.203062242000044 ], [ 90.258555455000078, 24.203130483000052 ], [ 90.258619036000084, 24.203224082000077 ], [ 90.258726488000036, 24.203403976000061 ], [ 90.258748719000039, 24.203441195000039 ], [ 90.25880419300006, 24.203481747000069 ], [ 90.258842457000071, 24.20353417900003 ], [ 90.258854219000057, 24.203568029000053 ], [ 90.258870315000081, 24.203614856000058 ], [ 90.258860136000067, 24.203754870000068 ], [ 90.258811386000048, 24.20399599600006 ], [ 90.25875437500008, 24.204108994000023 ], [ 90.258682011000076, 24.204237824000074 ], [ 90.258662338000079, 24.204249148000031 ], [ 90.258474840000076, 24.204356721000067 ], [ 90.258304653000039, 24.204809177000072 ], [ 90.258267008000075, 24.205063832000064 ], [ 90.25830019600005, 24.205346027000076 ], [ 90.258359526000049, 24.20577269100005 ], [ 90.258509212000035, 24.206141059000061 ], [ 90.25855314000006, 24.206255014000078 ], [ 90.258600815000079, 24.206395493000059 ], [ 90.258772777000047, 24.206821403000049 ], [ 90.258803699000055, 24.206895864000046 ], [ 90.258879704000037, 24.207044764000045 ], [ 90.259099836000075, 24.207245918000069 ], [ 90.259292327000082, 24.207475343000056 ], [ 90.259729346000086, 24.207792979000033 ], [ 90.259870504000048, 24.207898300000068 ], [ 90.259886528000038, 24.20790899900004 ], [ 90.260046777000071, 24.208019369000056 ], [ 90.260389506000081, 24.208276760000047 ], [ 90.260478270000078, 24.208343220000074 ], [ 90.260647071000051, 24.208420832000058 ], [ 90.260780847000035, 24.208527295000067 ], [ 90.260973433000061, 24.208497611000041 ], [ 90.261292552000043, 24.208342955000035 ], [ 90.261847782000075, 24.208074426000053 ], [ 90.261984900000073, 24.208008144000075 ], [ 90.262199490000057, 24.207904471000063 ], [ 90.262337302000049, 24.207877703000065 ], [ 90.26245478800007, 24.207843629000024 ], [ 90.262621559000081, 24.207831487000078 ], [ 90.262662816000045, 24.207841577000067 ], [ 90.262755217000063, 24.207879804000072 ], [ 90.262883361000036, 24.207940549000057 ], [ 90.263025645000084, 24.207993367000029 ], [ 90.263051520000033, 24.208005743000058 ], [ 90.263112532000036, 24.208044022000024 ], [ 90.263333777000071, 24.208184201000051 ], [ 90.263449011000034, 24.208251743000062 ], [ 90.263590801000078, 24.208363269000074 ], [ 90.263649653000073, 24.208548325000038 ], [ 90.263767741000038, 24.20880666100004 ], [ 90.263795628000082, 24.208899193000036 ], [ 90.263817322000079, 24.208972540000048 ], [ 90.26390112200005, 24.209018121000042 ], [ 90.264591858000074, 24.209395139000037 ], [ 90.264647930000081, 24.209425525000029 ], [ 90.264651764000064, 24.209493823000059 ], [ 90.264663797000082, 24.209658073000071 ], [ 90.26467014900004, 24.209753463000027 ], [ 90.264674571000057, 24.209808211000052 ], [ 90.264684027000044, 24.209916579000037 ], [ 90.264657922000083, 24.210091621000061 ], [ 90.264630599000043, 24.210272874000054 ], [ 90.264983423000047, 24.210642011000061 ], [ 90.265224163000084, 24.211276656000052 ], [ 90.265370875000031, 24.211979209000049 ], [ 90.265624737000053, 24.212706409000077 ], [ 90.26591335300003, 24.213273231000073 ], [ 90.266130198000042, 24.213659538000059 ], [ 90.266166663000035, 24.213731730000063 ], [ 90.266174086000035, 24.213749782000036 ], [ 90.266245841000057, 24.213920699000028 ], [ 90.266150351000078, 24.214176022000061 ], [ 90.26602487100007, 24.214512685000045 ], [ 90.266018202000055, 24.214561808000042 ], [ 90.266087535000054, 24.214752490000023 ], [ 90.266122780000046, 24.214829764000058 ], [ 90.266158458000064, 24.215115905000062 ], [ 90.266402668000069, 24.215339586000027 ], [ 90.266520224000033, 24.215335992000064 ], [ 90.266698701000053, 24.215325519000032 ], [ 90.267074323000031, 24.215401634000045 ], [ 90.267098341000064, 24.215407801000026 ], [ 90.267296029000079, 24.215459388000056 ], [ 90.267437059000031, 24.215496398000028 ], [ 90.267469084000084, 24.215504809000038 ], [ 90.26759902200007, 24.215535629000044 ], [ 90.267709260000061, 24.215564788000052 ], [ 90.267922347000081, 24.215621430000056 ], [ 90.268084349000048, 24.215679287000057 ], [ 90.268242655000051, 24.215736024000023 ], [ 90.268482300000073, 24.215835519000052 ], [ 90.268749667000066, 24.215946254000073 ], [ 90.268890136000039, 24.216008665000061 ], [ 90.269039229000043, 24.216074449000075 ], [ 90.269064489000073, 24.216085695000061 ], [ 90.269220360000077, 24.216154289000031 ], [ 90.26931400400008, 24.21619533300003 ], [ 90.269391044000031, 24.216242613000077 ], [ 90.269458838000048, 24.216283704000034 ], [ 90.269523549000041, 24.216323102000047 ], [ 90.269666533000077, 24.216410348000068 ], [ 90.26981814700008, 24.216503223000075 ], [ 90.269834788000082, 24.216513355000075 ], [ 90.27000117700004, 24.216607896000028 ], [ 90.270296980000069, 24.21677502700004 ], [ 90.27045854000005, 24.216913609000073 ], [ 90.27061752600008, 24.216999695000027 ], [ 90.27055633100008, 24.217169155000079 ], [ 90.27052450900004, 24.217256709000026 ], [ 90.270631792000074, 24.217342887000029 ], [ 90.27072062700006, 24.217437001000064 ], [ 90.270944959000076, 24.217569825000055 ], [ 90.271044244000052, 24.217657710000026 ], [ 90.271221795000031, 24.21778948900004 ], [ 90.271271725000076, 24.217823835000047 ], [ 90.271414734000075, 24.217921803000024 ], [ 90.271510882000086, 24.217980338000075 ], [ 90.271671137000055, 24.218082793000065 ], [ 90.271849226000086, 24.218178441000077 ], [ 90.27193673000005, 24.218225138000037 ], [ 90.271954002000086, 24.218242607000036 ], [ 90.27204273600006, 24.218288738000069 ], [ 90.272156087000042, 24.218332566000072 ], [ 90.272351490000062, 24.218464875000052 ], [ 90.272494448000032, 24.218538004000038 ], [ 90.272640452000076, 24.218595322000056 ], [ 90.272690942000054, 24.218603700000074 ], [ 90.272929321000049, 24.21868286800003 ], [ 90.273027877000061, 24.218715997000061 ], [ 90.273149841000077, 24.218757550000078 ], [ 90.273267464000071, 24.218783872000074 ], [ 90.27339433700007, 24.218818643000077 ], [ 90.273542177000081, 24.218871439000054 ], [ 90.27376388600004, 24.218926363000037 ], [ 90.273848259000033, 24.218947663000051 ], [ 90.273867352000082, 24.218952709000064 ], [ 90.273944335000067, 24.218972328000063 ], [ 90.27424489100008, 24.219054204000031 ], [ 90.274315706000039, 24.219068189000041 ], [ 90.274434554000038, 24.21909112000003 ], [ 90.27474555200007, 24.219163381000044 ], [ 90.274908718000063, 24.219186794000052 ], [ 90.275101478000067, 24.21923160700004 ], [ 90.275342863000049, 24.21927633100006 ], [ 90.275553431000048, 24.21930304600005 ], [ 90.27581020000008, 24.219345483000041 ], [ 90.275916718000076, 24.219359967000059 ], [ 90.276019544000064, 24.219373894000057 ], [ 90.276291117000085, 24.219431544000031 ], [ 90.276518342000031, 24.219474599000023 ], [ 90.276742490000061, 24.219517658000029 ], [ 90.276775113000042, 24.219517599000028 ], [ 90.276919781000061, 24.219525240000053 ], [ 90.276943174000053, 24.21952632600005 ], [ 90.277256463000072, 24.219518417000074 ], [ 90.277417109000055, 24.219514172000061 ], [ 90.277441114000055, 24.219514129000061 ], [ 90.27773962100008, 24.219501731000037 ], [ 90.278026435000072, 24.219489917000033 ], [ 90.278310833000035, 24.219499559000042 ], [ 90.278348987000072, 24.219495538000047 ], [ 90.278542220000077, 24.219474862000027 ], [ 90.278734265000082, 24.219474512000033 ], [ 90.278991553000083, 24.219471782000028 ], [ 90.279155882000055, 24.219463014000041 ], [ 90.279245780000053, 24.219476396000061 ], [ 90.279594271000065, 24.219521482000061 ], [ 90.279732164000052, 24.219527438000057 ], [ 90.279766020000068, 24.219529070000078 ], [ 90.279985833000069, 24.219559150000066 ], [ 90.280195272000071, 24.219631020000065 ], [ 90.280221143000063, 24.219640004000041 ], [ 90.280337526000039, 24.219660677000036 ], [ 90.280516719000047, 24.219694781000044 ], [ 90.280565368000055, 24.219703723000066 ], [ 90.280629402000045, 24.219713202000037 ], [ 90.280930514000033, 24.219764581000049 ], [ 90.280977355000061, 24.21979215500005 ], [ 90.28121148200006, 24.21989446200007 ], [ 90.281253377000041, 24.219912449000049 ], [ 90.281273113000054, 24.219929348000051 ], [ 90.281477859000063, 24.220106788000066 ], [ 90.28151422600007, 24.220129300000053 ], [ 90.281584492000036, 24.220172073000072 ], [ 90.281615360000046, 24.220213790000059 ], [ 90.281648699000073, 24.22025945200005 ], [ 90.281712854000034, 24.220322557000031 ], [ 90.281735061000063, 24.220343968000066 ], [ 90.281808568000031, 24.22046124700006 ], [ 90.281816141000036, 24.220545909000066 ], [ 90.281940687000031, 24.220639950000077 ], [ 90.281998140000042, 24.220734680000078 ], [ 90.28202161300004, 24.220772459000045 ], [ 90.282112426000083, 24.220921318000023 ], [ 90.282189031000087, 24.221047061000036 ], [ 90.28222794800007, 24.221110212000042 ], [ 90.282248322000044, 24.221137835000036 ], [ 90.282340367000074, 24.221287258000075 ], [ 90.28243983200008, 24.221450779000065 ], [ 90.282618168000056, 24.221652540000036 ], [ 90.282737883000038, 24.221788362000041 ], [ 90.282863662000068, 24.221882400000027 ], [ 90.282977115000051, 24.221969688000058 ], [ 90.28313799700004, 24.222070999000039 ], [ 90.283232286000043, 24.222121063000031 ], [ 90.283453972000075, 24.222161296000024 ], [ 90.283694793000052, 24.222225199000036 ], [ 90.28382532300003, 24.222241328000052 ], [ 90.284169130000066, 24.222390279000024 ], [ 90.284207324000079, 24.222403757000052 ], [ 90.284456293000062, 24.22253312600003 ], [ 90.284514222000041, 24.222563501000025 ], [ 90.28456723100004, 24.222596144000079 ], [ 90.284787809000079, 24.222691131000033 ], [ 90.284878938000077, 24.222703381000031 ], [ 90.285050727000055, 24.222726204000026 ], [ 90.285149927000077, 24.222769484000025 ], [ 90.285378440000045, 24.222833974000025 ], [ 90.285538545000065, 24.222862464000059 ], [ 90.285574891000067, 24.222874814000079 ], [ 90.285755320000078, 24.222907217000056 ], [ 90.285858178000069, 24.222934120000048 ], [ 90.285931469000047, 24.222953175000043 ], [ 90.286011538000082, 24.222973911000054 ], [ 90.286487341000054, 24.223241156000029 ], [ 90.286524918000055, 24.223254068000074 ], [ 90.28682738100008, 24.223355109000067 ], [ 90.286847709000085, 24.223361845000056 ], [ 90.286976498000058, 24.223423131000061 ], [ 90.287084905000086, 24.223454541000024 ], [ 90.287198329000034, 24.223527147000027 ], [ 90.287333961000058, 24.223620598000025 ], [ 90.287546790000079, 24.223826804000055 ], [ 90.287662768000075, 24.223939486000063 ], [ 90.287692980000031, 24.223962008000058 ], [ 90.287859382000079, 24.224052580000034 ], [ 90.287957452000057, 24.224139327000046 ], [ 90.288090736000072, 24.224283022000066 ], [ 90.288217159000055, 24.224387217000071 ], [ 90.288243065000074, 24.224410876000036 ], [ 90.288328190000072, 24.224489180000035 ], [ 90.288459499000055, 24.224576429000024 ], [ 90.288592101000063, 24.224690207000037 ], [ 90.288613078000083, 24.224711619000061 ], [ 90.288714191000054, 24.224783119000051 ], [ 90.288731453000082, 24.224794940000038 ], [ 90.288812258000064, 24.224868173000061 ], [ 90.288958409000031, 24.224985311000069 ], [ 90.289058901000033, 24.225054554000053 ], [ 90.289161294000053, 24.225147502000027 ], [ 90.289271016000043, 24.225214470000026 ], [ 90.289347475000056, 24.225271903000078 ], [ 90.289410466000049, 24.225361540000051 ], [ 90.289451223000071, 24.22541960600006 ], [ 90.28964667200006, 24.225559230000044 ], [ 90.289707125000064, 24.225615566000045 ], [ 90.289766961000055, 24.225671337000051 ], [ 90.289834884000072, 24.22576491500007 ], [ 90.289886165000041, 24.225848364000058 ], [ 90.289920374000076, 24.226003536000064 ], [ 90.290016568000055, 24.226077302000078 ], [ 90.290101268000058, 24.226239718000045 ], [ 90.29010218600007, 24.226373502000058 ], [ 90.290089413000032, 24.226441267000041 ], [ 90.290168560000041, 24.226596918000041 ], [ 90.290183398000067, 24.226625680000041 ], [ 90.290201996000064, 24.226683788000059 ], [ 90.290205732000061, 24.22670240900004 ], [ 90.290199660000042, 24.226739679000048 ], [ 90.290191170000071, 24.226795580000044 ], [ 90.290273549000062, 24.227020094000068 ], [ 90.290300917000081, 24.227144797000051 ], [ 90.290305894000085, 24.22716736700005 ], [ 90.290308657000082, 24.22730002000003 ], [ 90.290315077000059, 24.227416859000073 ], [ 90.290305459000081, 24.227519053000037 ], [ 90.290249084000038, 24.227632624000023 ], [ 90.290237767000065, 24.227800303000038 ], [ 90.290230560000055, 24.227879346000066 ], [ 90.290231243000051, 24.227909264000061 ], [ 90.290239051000071, 24.228094970000029 ], [ 90.290240355000037, 24.228127144000041 ], [ 90.290216574000056, 24.228227106000077 ], [ 90.290191848000063, 24.22845238900004 ], [ 90.290185815000086, 24.228506592000031 ], [ 90.290168916000084, 24.228655653000033 ], [ 90.290082662000032, 24.228895166000029 ], [ 90.290008798000031, 24.229169654000032 ], [ 90.289949501000081, 24.229352665000079 ], [ 90.289981199000067, 24.229486392000069 ], [ 90.289987410000037, 24.229511219000074 ], [ 90.289984421000042, 24.229550174000053 ], [ 90.289939809000032, 24.229693077000036 ], [ 90.289895802000046, 24.22983315700003 ], [ 90.28976562400004, 24.230248878000054 ], [ 90.289662695000061, 24.23046471300006 ], [ 90.289588482000056, 24.230585657000063 ], [ 90.289514951000058, 24.231008044000077 ], [ 90.289428183000041, 24.231293282000024 ], [ 90.289397112000074, 24.231437289000041 ], [ 90.289366654000048, 24.231579036000028 ], [ 90.289356620000035, 24.231769856000028 ], [ 90.289347168000063, 24.231945434000068 ], [ 90.289363965000064, 24.232023868000056 ], [ 90.289377174000037, 24.232148033000044 ], [ 90.28940233700007, 24.232386768000026 ], [ 90.289418687000079, 24.232539153000062 ], [ 90.289396692000082, 24.232613144000027 ], [ 90.28933270400006, 24.232900032000032 ], [ 90.289324167000075, 24.232936176000067 ], [ 90.289300380000043, 24.233034444000054 ], [ 90.289298202000055, 24.233160332000068 ], [ 90.28926034400007, 24.233296449000022 ], [ 90.289272888000085, 24.233399730000031 ], [ 90.289300833000084, 24.233506932000068 ], [ 90.289312059000054, 24.233571262000055 ], [ 90.289325384000051, 24.233747363000077 ], [ 90.289323288000048, 24.233909377000032 ], [ 90.289323004000039, 24.234056147000047 ], [ 90.289323233000061, 24.234157193000044 ], [ 90.289240316000075, 24.234512986000027 ], [ 90.289203839000038, 24.234716839000043 ], [ 90.289251264000086, 24.234999 ], [ 90.289258294000035, 24.235113579000028 ], [ 90.289151521000065, 24.235265069000036 ], [ 90.289162926000074, 24.235408996000046 ], [ 90.289181347000067, 24.235660727000038 ], [ 90.289189605000047, 24.23577361100007 ], [ 90.289191077000055, 24.235880298000041 ], [ 90.289191371000072, 24.236010133000036 ], [ 90.289191575000075, 24.236100454000052 ], [ 90.289199874000076, 24.236231402000044 ], [ 90.289194635000058, 24.236365198000044 ], [ 90.289204171000051, 24.236498402000052 ], [ 90.289195882000058, 24.236644625000054 ], [ 90.28919621700004, 24.23679252200003 ], [ 90.289195966000079, 24.236953970000059 ], [ 90.28919626000004, 24.237084369000058 ], [ 90.289177126000084, 24.237333913000043 ], [ 90.289120825000055, 24.237483049000048 ], [ 90.289074339000081, 24.23761636100005 ], [ 90.289010547000032, 24.237719219000041 ], [ 90.288961494000034, 24.237807375000045 ], [ 90.288913059000038, 24.237894964000077 ], [ 90.288763836000044, 24.23806008300005 ], [ 90.288679159000083, 24.238183305000064 ], [ 90.288579613000081, 24.238265909000063 ], [ 90.288419882000085, 24.238412982000057 ], [ 90.288296398000057, 24.238526681000053 ], [ 90.288258922000068, 24.238561186000027 ], [ 90.288148342000056, 24.238664699000026 ], [ 90.28805188900003, 24.238753509000048 ], [ 90.287909428000034, 24.238915789000032 ], [ 90.287790331000053, 24.239064478000046 ], [ 90.287762450000059, 24.239259283000024 ], [ 90.287767464000069, 24.239298789000031 ], [ 90.287837009000043, 24.23956227900004 ], [ 90.287905934000037, 24.239825205000045 ], [ 90.287920836000069, 24.239881628000035 ], [ 90.287963681000065, 24.240044122000029 ], [ 90.287976721000064, 24.240093774000059 ], [ 90.288065946000074, 24.240348759000028 ], [ 90.288056836000067, 24.240404097000066 ], [ 90.288057198000047, 24.240564979000055 ], [ 90.288095359000067, 24.240834174000042 ], [ 90.288111004000086, 24.240947044000052 ], [ 90.288119105000078, 24.240990495000062 ], [ 90.288182839000058, 24.241134321000061 ], [ 90.288234190000082, 24.241246560000036 ], [ 90.288241887000083, 24.241383718000066 ], [ 90.288238929000045, 24.241437353000038 ], [ 90.288245270000061, 24.241519193000045 ], [ 90.288248563000082, 24.241614587000072 ], [ 90.288375853000048, 24.24182264600006 ], [ 90.288383309000039, 24.241852551000022 ], [ 90.288435234000076, 24.241946159000065 ], [ 90.288482127000066, 24.241992924000044 ], [ 90.288530902000048, 24.242054926000037 ], [ 90.288548807000041, 24.242077472000062 ], [ 90.288594553000053, 24.242160931000058 ], [ 90.288773333000051, 24.242268976000048 ], [ 90.288838812000051, 24.242366510000068 ], [ 90.288932086000045, 24.242504636000035 ], [ 90.289261660000079, 24.242594894000035 ], [ 90.289327575000073, 24.242612833000067 ], [ 90.289563629000043, 24.242728671000066 ], [ 90.28958580300008, 24.242733710000039 ], [ 90.289722683000036, 24.242824898000038 ], [ 90.289708289000032, 24.242993145000071 ], [ 90.289698704000045, 24.24311001500007 ], [ 90.289705775000073, 24.243242094000038 ], [ 90.289699086000041, 24.243278801000031 ], [ 90.289826821000077, 24.243409521000046 ], [ 90.289953322000031, 24.243539116000022 ], [ 90.290322655000068, 24.243514138000023 ], [ 90.290378054000087, 24.243510645000072 ], [ 90.290394525000067, 24.243714398000066 ], [ 90.290388412000084, 24.243733603000067 ], [ 90.290336473000082, 24.243905873000074 ], [ 90.290286279000043, 24.244033547000072 ], [ 90.290201426000067, 24.244080562000079 ], [ 90.290167919000055, 24.244236428000079 ], [ 90.290156889000059, 24.244259594000027 ], [ 90.290102447000038, 24.244414371000062 ], [ 90.290084086000036, 24.244461823000051 ], [ 90.290064057000052, 24.244588872000065 ], [ 90.290019490000077, 24.244754923000073 ], [ 90.290005446000066, 24.244806882000034 ], [ 90.289994128000046, 24.244973431000062 ], [ 90.290231832000075, 24.245271599000034 ], [ 90.290258375000064, 24.245302595000055 ], [ 90.29045568500004, 24.24543374600006 ], [ 90.290615996000042, 24.245539566000048 ], [ 90.29074793500007, 24.245622861000072 ], [ 90.290842884000085, 24.245683081000038 ], [ 90.290945233000059, 24.245748367000033 ], [ 90.290993324000056, 24.245779323000079 ], [ 90.29107962900008, 24.245828835000054 ], [ 90.291153629000064, 24.245881755000028 ], [ 90.291267078000033, 24.245954923000056 ], [ 90.291395984000076, 24.246057415000053 ], [ 90.291524207000066, 24.246129989000053 ], [ 90.291605606000076, 24.246188542000027 ], [ 90.291661737000084, 24.24623415800005 ], [ 90.291783867000049, 24.246334405000027 ], [ 90.291873880000082, 24.246390119000068 ], [ 90.291926903000046, 24.246422757000062 ], [ 90.29207427700004, 24.246523521000029 ], [ 90.29219942900005, 24.246599488000072 ], [ 90.292342541000039, 24.246721145000038 ], [ 90.292493598000078, 24.24681681900006 ], [ 90.292589809000049, 24.246890019000034 ], [ 90.292750799000032, 24.247021803000052 ], [ 90.292928344000075, 24.247123636000026 ], [ 90.293042410000055, 24.24719680000004 ], [ 90.29320275200007, 24.247313907000034 ], [ 90.293265029000054, 24.24735499600007 ], [ 90.293334704000074, 24.24740115000003 ], [ 90.293445659000042, 24.247459645000049 ], [ 90.293591123000056, 24.247532184000079 ], [ 90.293719319000047, 24.247591774000057 ], [ 90.293761865000079, 24.247619918000055 ], [ 90.293848194000077, 24.247678458000053 ], [ 90.293961611000043, 24.247736948000068 ], [ 90.294154617000061, 24.247868102000041 ], [ 90.29425137800007, 24.247911946000045 ], [ 90.294285276000039, 24.247927122000078 ], [ 90.29445110100005, 24.24801825000003 ], [ 90.294610242000033, 24.248147777000042 ], [ 90.294703954000056, 24.248204044000033 ], [ 90.294838393000077, 24.248300878000066 ], [ 90.294913687000076, 24.248379763000059 ], [ 90.295031511000047, 24.248479451000037 ], [ 90.295078419000049, 24.248530164000044 ], [ 90.295122227000036, 24.248571853000044 ], [ 90.295204280000064, 24.248644513000045 ], [ 90.295220320000055, 24.248658596000041 ], [ 90.29528141600008, 24.248721136000029 ], [ 90.295401119000076, 24.248834369000065 ], [ 90.295417776000079, 24.248849577000044 ], [ 90.295595429000059, 24.248996002000069 ], [ 90.295642901000065, 24.24902413500007 ], [ 90.295767483000077, 24.249117600000034 ], [ 90.295821747000048, 24.249153622000051 ], [ 90.295882199000062, 24.249203744000056 ], [ 90.296001207000074, 24.24928254200006 ], [ 90.296047458000032, 24.249315195000065 ], [ 90.296192419000079, 24.249434585000074 ], [ 90.296237461000032, 24.249476271000049 ], [ 90.296268963000045, 24.249520805000031 ], [ 90.296361600000068, 24.249644250000074 ], [ 90.296402335000039, 24.249687637000022 ], [ 90.29651339600008, 24.249790161000078 ], [ 90.296531307000066, 24.249815528000056 ], [ 90.296595644000035, 24.249946930000078 ], [ 90.296630328000049, 24.250035489000027 ], [ 90.29667732300004, 24.250123459000065 ], [ 90.296726850000084, 24.250240778000034 ], [ 90.29680856300007, 24.250431420000041 ], [ 90.296862445000045, 24.250568488000056 ], [ 90.29689464900008, 24.250650277000034 ], [ 90.29694911200005, 24.250771539000027 ], [ 90.297006672000066, 24.250901261000024 ], [ 90.297030207000034, 24.250961616000041 ], [ 90.297057477000067, 24.251038335000032 ], [ 90.297119458000054, 24.25121603100007 ], [ 90.297127522000039, 24.251241982000067 ], [ 90.297175820000064, 24.251359869000055 ], [ 90.29719439400003, 24.251404427000068 ], [ 90.297288312000035, 24.25154819100004 ], [ 90.297369217000039, 24.251655852000056 ], [ 90.297443907000059, 24.251738123000052 ], [ 90.297508145000052, 24.251826623000056 ], [ 90.297532841000077, 24.251855929000044 ], [ 90.297575441000049, 24.251906652000059 ], [ 90.297619354000062, 24.25199236900005 ], [ 90.297721804000048, 24.25209773000006 ], [ 90.297799094000084, 24.252238703000046 ], [ 90.297921228000064, 24.252336123000077 ], [ 90.297936036000067, 24.252349641000023 ], [ 90.298010136000073, 24.252442639000037 ], [ 90.29805211300004, 24.25248997500006 ], [ 90.298094090000063, 24.252537310000037 ], [ 90.298248082000043, 24.252566362000039 ], [ 90.298337561000039, 24.252653684000052 ], [ 90.298413464000078, 24.252728048000051 ], [ 90.298440001000074, 24.252754529000072 ], [ 90.298591758000043, 24.252881243000047 ], [ 90.298663283000053, 24.252926263000063 ], [ 90.298754539000072, 24.252983662000076 ], [ 90.29885069200003, 24.253028068000049 ], [ 90.298937020000039, 24.253083785000058 ], [ 90.29896476600004, 24.253101229000038 ], [ 90.299046784000041, 24.25315695200004 ], [ 90.299093035000055, 24.253188475000059 ], [ 90.299150376000057, 24.253223361000039 ], [ 90.299189220000073, 24.253246993000062 ], [ 90.299304517000053, 24.253316200000029 ], [ 90.299349527000061, 24.253343207000057 ], [ 90.299403784000049, 24.253375840000047 ], [ 90.299457448000055, 24.25341750900003 ], [ 90.299499998000044, 24.253446215000054 ], [ 90.299543166000035, 24.253476048000039 ], [ 90.299593119000065, 24.253510383000048 ], [ 90.299619028000052, 24.253532348000078 ], [ 90.299679483000034, 24.253581340000039 ], [ 90.299738698000056, 24.253628642000024 ], [ 90.299770778000038, 24.253655110000068 ], [ 90.299796688000072, 24.253676510000048 ], [ 90.299916365000058, 24.253775061000056 ], [ 90.30001081000006, 24.25387874300003 ], [ 90.300039204000086, 24.253909735000036 ], [ 90.300082428000053, 24.253962712000032 ], [ 90.30011515800004, 24.254004985000051 ], [ 90.300160832000074, 24.254052313000045 ], [ 90.300240502000065, 24.254156587000068 ], [ 90.300298007000038, 24.254260905000024 ], [ 90.300386358000083, 24.254391131000034 ], [ 90.300399367000068, 24.254424975000063 ], [ 90.300443352000059, 24.254539482000041 ], [ 90.300448963000065, 24.254569953000043 ], [ 90.300442499000042, 24.25470093000007 ], [ 90.300431551000031, 24.254758530000061 ], [ 90.300427348000085, 24.254803698000046 ], [ 90.300436995000041, 24.254979239000079 ], [ 90.300438926000083, 24.255014234000043 ], [ 90.300442198000042, 24.255097209000041 ], [ 90.30043872400006, 24.255190922000054 ], [ 90.30038610400004, 24.255331586000068 ], [ 90.300379547000034, 24.255423048000068 ], [ 90.300367334000043, 24.255466538000064 ], [ 90.300322761000075, 24.255625251000026 ], [ 90.30029711800006, 24.255717879000031 ], [ 90.300281821000056, 24.255758553000078 ], [ 90.300263619000077, 24.255873182000073 ], [ 90.300233733000084, 24.255994044000033 ], [ 90.300221519000047, 24.256036405000032 ], [ 90.300156035000043, 24.256205884000053 ], [ 90.30012746400007, 24.256362872000068 ], [ 90.300113420000059, 24.256412010000076 ], [ 90.300097537000056, 24.256465669000079 ], [ 90.30002352300005, 24.256673551000063 ], [ 90.300013127000057, 24.256703489000074 ], [ 90.29995748500005, 24.256868433000022 ], [ 90.299953926000057, 24.256926582000062 ], [ 90.299938627000074, 24.256966693000038 ], [ 90.299857803000066, 24.25715821600005 ], [ 90.299853563000056, 24.257188708000058 ], [ 90.29983902500004, 24.257290347000037 ], [ 90.299796852000043, 24.257423087000063 ], [ 90.299765213000057, 24.257584596000072 ], [ 90.29973354200007, 24.25773199200006 ], [ 90.299720694000086, 24.257767581000053 ], [ 90.299674813000081, 24.257894119000071 ], [ 90.299651090000054, 24.258018355000047 ], [ 90.299596691000033, 24.258188941000071 ], [ 90.29957713400006, 24.258251075000032 ], [ 90.299569205000068, 24.258283266000035 ], [ 90.29954480300006, 24.258379843000057 ], [ 90.299530336000032, 24.258512529000029 ], [ 90.299498629000084, 24.258644684000046 ], [ 90.29946685200008, 24.258747485000072 ], [ 90.299450384000068, 24.258814693000033 ], [ 90.299437573000034, 24.258865523000054 ], [ 90.299380015000054, 24.25900168000004 ], [ 90.299351294000076, 24.259095444000025 ], [ 90.299391668000055, 24.259245521000025 ], [ 90.299391878000051, 24.259335276000058 ], [ 90.299416200000053, 24.259466756000052 ], [ 90.299436125000057, 24.259561552000036 ], [ 90.299450984000032, 24.259596522000038 ], [ 90.29947401700008, 24.259703166000065 ], [ 90.299474291000081, 24.259820582000032 ], [ 90.299513974000035, 24.259938484000031 ], [ 90.299530817000061, 24.260032157000069 ], [ 90.299540144000048, 24.260071090000054 ], [ 90.29956018200005, 24.260213304000047 ], [ 90.299561192000056, 24.260382652000033 ], [ 90.299584418000052, 24.260571148000054 ], [ 90.299605560000032, 24.260659732000079 ], [ 90.299614269000074, 24.260697536000066 ], [ 90.299627453000085, 24.260805894000043 ], [ 90.299656668000068, 24.260923252000055 ], [ 90.299659946000077, 24.261008485000048 ], [ 90.299666176000073, 24.261039520000054 ], [ 90.299660366000069, 24.261187994000068 ], [ 90.299660059000075, 24.261319523000054 ], [ 90.299663238000051, 24.261361855000075 ], [ 90.299672137000073, 24.261480946000063 ], [ 90.299671809000074, 24.261604009000052 ], [ 90.299650960000065, 24.261640740000075 ], [ 90.299593323000067, 24.261743592000073 ], [ 90.299400896000066, 24.261871548000045 ], [ 90.29911455000007, 24.261859128000026 ], [ 90.299071445000038, 24.261857519000046 ], [ 90.298830667000061, 24.261847267000064 ], [ 90.298780155000031, 24.261838336000039 ], [ 90.298509735000039, 24.261790319000056 ], [ 90.29840131900005, 24.26177077400007 ], [ 90.298348350000083, 24.261764104000065 ], [ 90.298169191000056, 24.261772923000024 ], [ 90.298063297000056, 24.261778211000035 ], [ 90.298110644000076, 24.262014643000043 ], [ 90.298124587000075, 24.262185093000028 ], [ 90.298118786000032, 24.262337520000074 ], [ 90.298114751000071, 24.262455508000073 ], [ 90.298108971000033, 24.262616967000042 ], [ 90.298107238000057, 24.262666080000031 ], [ 90.298089232000052, 24.262866513000063 ], [ 90.298080781000067, 24.262938784000028 ], [ 90.298056090000046, 24.263176487000067 ], [ 90.298042043000066, 24.263225626000064 ], [ 90.297982811000054, 24.263438558000075 ], [ 90.29797258800005, 24.263543009000045 ], [ 90.29789411400003, 24.263689933000023 ], [ 90.297866063000072, 24.263807403000044 ], [ 90.297871230000055, 24.263910696000039 ], [ 90.297880926000062, 24.264108251000039 ], [ 90.297902598000064, 24.264159578000033 ], [ 90.297960174000082, 24.264293252000073 ], [ 90.298027459000082, 24.264365375000068 ], [ 90.298104574000035, 24.264428448000047 ], [ 90.298223642000039, 24.264525872000036 ], [ 90.298416100000054, 24.264673394000056 ], [ 90.298495674000037, 24.264734204000035 ], [ 90.298534536000034, 24.264764046000039 ], [ 90.298575253000081, 24.264796707000073 ], [ 90.298689325000055, 24.264864786000032 ], [ 90.298815731000047, 24.264940746000036 ], [ 90.298833614000046, 24.264951437000036 ], [ 90.298963781000054, 24.265055613000072 ], [ 90.299058150000064, 24.265123731000074 ], [ 90.299126615000034, 24.265173274000063 ], [ 90.299237620000042, 24.265246438000077 ], [ 90.299320271000056, 24.265304983000078 ], [ 90.299380113000041, 24.265354542000068 ], [ 90.299464020000073, 24.265424374000077 ], [ 90.299552868000035, 24.265500972000041 ], [ 90.299702291000074, 24.265675671000054 ], [ 90.299804810000069, 24.265805303000036 ], [ 90.299820271000044, 24.265834063000057 ], [ 90.299865508000039, 24.265955904000066 ], [ 90.30002660100007, 24.266118162000055 ], [ 90.300011461000054, 24.266226011000072 ], [ 90.300006899000039, 24.266381258000024 ], [ 90.299981845000048, 24.266463723000072 ], [ 90.299922399000081, 24.266583514000047 ], [ 90.299873512000033, 24.266743363000046 ], [ 90.299787564000042, 24.266853045000062 ], [ 90.299707139000077, 24.266955378000034 ], [ 90.299659252000083, 24.267016438000041 ], [ 90.29961385200005, 24.267087089000029 ], [ 90.29953293300008, 24.267241357000046 ], [ 90.299512833000051, 24.267335102000061 ], [ 90.299528907000081, 24.267625224000028 ], [ 90.29970574400005, 24.267935914000077 ], [ 90.299740295000049, 24.267964634000066 ], [ 90.299811903000034, 24.268041265000079 ], [ 90.299893398000052, 24.268132553000044 ], [ 90.300030431000039, 24.268273973000078 ], [ 90.300194058000045, 24.268465013000025 ], [ 90.300341530000082, 24.268593993000025 ], [ 90.30037859600003, 24.268644723000023 ], [ 90.300468150000086, 24.268758575000049 ], [ 90.300546009000072, 24.268874143000062 ], [ 90.300604056000054, 24.268944591000036 ], [ 90.30064049200007, 24.268989114000078 ], [ 90.300710396000056, 24.269126148000055 ], [ 90.300733286000082, 24.269171263000032 ], [ 90.300761130000069, 24.269228222000038 ], [ 90.300772264000045, 24.269249087000048 ], [ 90.30083286100006, 24.269356221000066 ], [ 90.300791884000034, 24.269474847000026 ], [ 90.300764493000031, 24.269610382000053 ], [ 90.300700255000038, 24.269787760000042 ], [ 90.300676966000083, 24.269835224000076 ], [ 90.300621813000078, 24.26994879800003 ], [ 90.300566260000039, 24.270153819000029 ], [ 90.300542452000059, 24.270241927000029 ], [ 90.300503324000033, 24.270361679000075 ], [ 90.300489256000048, 24.27040235000004 ], [ 90.300423092000074, 24.27054699200005 ], [ 90.300347522000038, 24.270619397000075 ], [ 90.300281120000079, 24.270662994000077 ], [ 90.300199312000075, 24.270700978000036 ], [ 90.300144535000072, 24.27071350600005 ], [ 90.300007307000044, 24.270751597000071 ], [ 90.299984537000057, 24.270757851000042 ], [ 90.299854607000043, 24.270757543000059 ], [ 90.299742535000064, 24.270757764000052 ], [ 90.299565190000067, 24.270757548000063 ], [ 90.29943649300003, 24.270757802000048 ], [ 90.29926161000003, 24.270757582000044 ], [ 90.299127371000054, 24.270757846000038 ], [ 90.298987588000045, 24.270757557000024 ], [ 90.29884226300004, 24.27075727700003 ], [ 90.298681542000054, 24.270757028000048 ], [ 90.298474026000065, 24.27075687100006 ], [ 90.298223501000052, 24.270798572000047 ], [ 90.298110759000053, 24.270775649000029 ], [ 90.297924712000054, 24.270741015000056 ], [ 90.297810905000063, 24.27078922000004 ], [ 90.297788145000084, 24.270799425000064 ], [ 90.297751893000054, 24.270832802000029 ], [ 90.297662346000038, 24.270986519000076 ], [ 90.297588791000067, 24.271132304000048 ], [ 90.297559456000045, 24.27122719700003 ], [ 90.297527641000045, 24.271315886000025 ], [ 90.297483613000054, 24.271448064000026 ], [ 90.297458704000064, 24.271593753000047 ], [ 90.297459983000067, 24.271614073000023 ], [ 90.297472693000032, 24.271783396000046 ], [ 90.297466126000074, 24.271872036000048 ], [ 90.297428831000047, 24.271986703000039 ], [ 90.297361939000041, 24.272085056000037 ], [ 90.297146910000038, 24.272298856000077 ], [ 90.297137734000046, 24.272324842000046 ], [ 90.296939494000071, 24.272873355000058 ], [ 90.296860422000066, 24.273031004000075 ], [ 90.29666244200007, 24.273427104000064 ], [ 90.296546600000056, 24.273661031000074 ], [ 90.296517159000075, 24.273711893000041 ], [ 90.296425771000031, 24.273869002000026 ], [ 90.296419050000054, 24.273891595000066 ], [ 90.296324525000045, 24.274024436000047 ], [ 90.29616661600005, 24.274175465000042 ], [ 90.29600742100007, 24.274303352000061 ], [ 90.295990212000049, 24.274317497000027 ], [ 90.295855188000075, 24.274513076000062 ], [ 90.295711461000053, 24.274672544000055 ], [ 90.295610816000078, 24.274821766000059 ], [ 90.295586848000085, 24.274843265000072 ], [ 90.295176969000067, 24.275214935000065 ], [ 90.295131493000042, 24.275255667000067 ], [ 90.295078636000085, 24.275299801000074 ], [ 90.294797063000033, 24.275500742000077 ], [ 90.294741095000063, 24.275531335000039 ], [ 90.294651337000062, 24.27559642500006 ], [ 90.294451535000064, 24.27574132500007 ], [ 90.294467104000034, 24.275817501000063 ], [ 90.294503024000051, 24.275904930000024 ], [ 90.294541423000055, 24.275999690000049 ], [ 90.294614502000059, 24.276179058000025 ], [ 90.294655491000071, 24.276329135000026 ], [ 90.294631094000067, 24.276431358000025 ], [ 90.294596195000054, 24.276518922000037 ], [ 90.294553173000054, 24.276555133000045 ], [ 90.294518679000078, 24.276551812000037 ], [ 90.294276615000058, 24.276529137000068 ], [ 90.294139876000031, 24.276516417000039 ], [ 90.293834559000061, 24.276570071000037 ], [ 90.293801336000058, 24.276583684000059 ], [ 90.293655523000041, 24.276642108000033 ], [ 90.293440220000036, 24.276741875000027 ], [ 90.293040983000083, 24.276926671000069 ], [ 90.292922258000033, 24.276981657000078 ], [ 90.292851327000051, 24.276932117000058 ], [ 90.292763080000043, 24.276851564000026 ], [ 90.29266496200006, 24.27676199900003 ], [ 90.292583544000081, 24.276705141000036 ], [ 90.292483014000084, 24.276637594000078 ], [ 90.292448497000066, 24.276624113000025 ], [ 90.292237086000057, 24.27654153900005 ], [ 90.292132325000068, 24.276509563000047 ], [ 90.292063307000035, 24.276488809000057 ], [ 90.291912926000066, 24.276434907000066 ], [ 90.291888891000042, 24.276426486000048 ], [ 90.291653715000052, 24.27645403300005 ], [ 90.291616801000032, 24.276468781000062 ], [ 90.291569452000033, 24.276498788000026 ], [ 90.29137899300008, 24.276692213000047 ], [ 90.291331082000056, 24.27674593100005 ], [ 90.291237716000069, 24.27684997800003 ], [ 90.291185504000055, 24.276908222000031 ], [ 90.291149265000058, 24.276948934000075 ], [ 90.291122244000064, 24.276981727000077 ], [ 90.291052868000065, 24.277074437000067 ], [ 90.29098551900006, 24.277245610000023 ], [ 90.290869314000076, 24.277325991000055 ], [ 90.29084226100008, 24.277344671000037 ], [ 90.29076733900007, 24.277435698000033 ], [ 90.29067092300005, 24.277553298000043 ], [ 90.290623596000046, 24.277592903000027 ], [ 90.290569017000053, 24.277693489000058 ], [ 90.290543222000053, 24.277723456000047 ], [ 90.29049776800008, 24.277774912000041 ], [ 90.290687851000087, 24.27795631500004 ], [ 90.290906645000064, 24.278034927000078 ], [ 90.291319474000034, 24.27813687500003 ], [ 90.291368151000086, 24.278148636000026 ], [ 90.291489535000039, 24.278178885000045 ], [ 90.291616456000042, 24.278206304000037 ], [ 90.291849968000065, 24.278257225000061 ], [ 90.291921437000042, 24.278272892000075 ], [ 90.292325086000062, 24.278399128000046 ], [ 90.292446468000037, 24.278427686000043 ], [ 90.292540138000049, 24.278456859000073 ], [ 90.292675101000043, 24.278499500000066 ], [ 90.292774924000071, 24.27852696900004 ], [ 90.292844555000045, 24.278544899000053 ], [ 90.292982614000039, 24.278595437000035 ], [ 90.293105882000077, 24.278640925000047 ], [ 90.293320368000082, 24.278720104000058 ], [ 90.293392478000044, 24.278746497000043 ], [ 90.293475695000041, 24.278781335000076 ], [ 90.293537342000036, 24.278809442000068 ], [ 90.29377283000008, 24.278916240000058 ], [ 90.293976883000084, 24.279010117000041 ], [ 90.294233337000037, 24.279128730000025 ], [ 90.294386884000062, 24.279218752000077 ], [ 90.294670513000085, 24.279370615000062 ], [ 90.294749412000044, 24.279403205000051 ], [ 90.294904149000047, 24.279474595000067 ], [ 90.295113751000031, 24.279571282000063 ], [ 90.295207475000041, 24.279622470000049 ], [ 90.295650809000051, 24.279863213000056 ], [ 90.296070733000079, 24.280099484000061 ], [ 90.29622002800005, 24.280213786000047 ], [ 90.296244085000069, 24.280230675000041 ], [ 90.296447026000067, 24.280374789000064 ], [ 90.296528450000039, 24.280432774000076 ], [ 90.296639472000038, 24.280507071000045 ], [ 90.296760362000043, 24.28058812200004 ], [ 90.296812792000082, 24.280624713000066 ], [ 90.297110100000054, 24.280830738000077 ], [ 90.297140933000037, 24.280848177000053 ], [ 90.297258778000071, 24.280943346000072 ], [ 90.297600586000044, 24.281217587000071 ], [ 90.297947354000087, 24.281505366000033 ], [ 90.298022629000059, 24.281566747000056 ], [ 90.298134307000055, 24.281657978000055 ], [ 90.298248453000042, 24.281750896000062 ], [ 90.29854030000007, 24.281989105000036 ], [ 90.298711267000044, 24.282152472000064 ], [ 90.298774224000056, 24.282213315000035 ], [ 90.29888470800006, 24.282319223000059 ], [ 90.29932290000005, 24.282724234000057 ], [ 90.299418578000086, 24.282819446000076 ], [ 90.299667342000077, 24.283066769000072 ], [ 90.299698822000039, 24.283097754000039 ], [ 90.299919302000035, 24.283364327000072 ], [ 90.299970592000079, 24.283438738000029 ], [ 90.300149133000048, 24.283677732000058 ], [ 90.300194232000081, 24.283738609000068 ], [ 90.300348064000048, 24.283946040000046 ], [ 90.300507370000048, 24.284123541000042 ], [ 90.300577118000035, 24.28419057900004 ], [ 90.300726489000056, 24.284333665000077 ], [ 90.300993648000031, 24.284544258000039 ], [ 90.301189193000084, 24.284681044000024 ], [ 90.301218186000085, 24.284701308000024 ], [ 90.30127617100004, 24.284741836000023 ], [ 90.301371759000062, 24.284797532000027 ], [ 90.301640022000072, 24.284953930000029 ], [ 90.30174917800008, 24.285017502000073 ], [ 90.301791728000069, 24.285041690000071 ], [ 90.30192801700008, 24.285120449000033 ], [ 90.302023604000055, 24.285175580000043 ], [ 90.302179627000044, 24.285265589000062 ], [ 90.302216022000039, 24.285290919000033 ], [ 90.302553299000067, 24.285462420000044 ], [ 90.302643988000057, 24.285529979000046 ], [ 90.302717362000067, 24.285566525000036 ], [ 90.30303299600007, 24.285700810000037 ], [ 90.303262286000063, 24.285781641000028 ], [ 90.303362166000056, 24.285828858000059 ], [ 90.303731458000073, 24.285995212000046 ], [ 90.303833178000048, 24.286039039000059 ], [ 90.304054492000034, 24.286132868000038 ], [ 90.304335119000086, 24.286306169000056 ], [ 90.304375194000045, 24.286324719000049 ], [ 90.304587981000054, 24.286458077000077 ], [ 90.304732926000042, 24.286549236000042 ], [ 90.304758213000071, 24.286564991000034 ], [ 90.305191796000031, 24.286830563000024 ], [ 90.305239903000086, 24.286860383000032 ], [ 90.305271989000062, 24.286886286000026 ], [ 90.305418767000049, 24.286971230000063 ], [ 90.305672855000068, 24.287118618000022 ], [ 90.305787563000081, 24.287185561000058 ], [ 90.306127987000082, 24.287381322000044 ], [ 90.306213709000076, 24.287430261000054 ], [ 90.306528274000073, 24.287628328000039 ], [ 90.306764514000065, 24.287780266000027 ], [ 90.306967431000032, 24.287904610000055 ], [ 90.307063646000074, 24.287963123000054 ], [ 90.307172836000063, 24.288039110000057 ], [ 90.307256734000077, 24.288097083000025 ], [ 90.307406639000078, 24.288200647000053 ], [ 90.307583073000046, 24.288324479000039 ], [ 90.307627495000077, 24.288357694000069 ], [ 90.307803340000078, 24.288491689000068 ], [ 90.30827415300007, 24.288867817000039 ], [ 90.308316133000062, 24.288909505000049 ], [ 90.308634686000062, 24.289225540000075 ], [ 90.308729129000085, 24.289315103000035 ], [ 90.308753204000084, 24.289338199000042 ], [ 90.308822958000064, 24.289404667000042 ], [ 90.308879133000062, 24.289458180000054 ], [ 90.308955677000085, 24.289531408000073 ], [ 90.309041481000065, 24.289613086000031 ], [ 90.309405952000077, 24.290070716000059 ], [ 90.309444253000038, 24.290118619000054 ], [ 90.309560356000077, 24.290249910000057 ], [ 90.309691913000051, 24.29040487900005 ], [ 90.309837059000074, 24.290576189000035 ], [ 90.30987596600005, 24.290619577000029 ], [ 90.310102609000069, 24.290873702000056 ], [ 90.310182884000085, 24.290961035000066 ], [ 90.310415072000069, 24.291215148000049 ], [ 90.310556474000066, 24.291365580000047 ], [ 90.310680587000036, 24.291497418000063 ], [ 90.310787381000068, 24.291598810000039 ], [ 90.310977989000037, 24.29172204300005 ], [ 90.311254458000064, 24.291949533000036 ], [ 90.311309957000049, 24.291978209000035 ], [ 90.311500350000074, 24.29201338200005 ], [ 90.311738237000043, 24.29207781100007 ], [ 90.31178938100004, 24.292087867000077 ], [ 90.312008737000042, 24.29212975300004 ], [ 90.312041389000058, 24.292133639000042 ], [ 90.312167683000041, 24.292149184000039 ], [ 90.312279182000054, 24.29215911700004 ], [ 90.312352531000045, 24.292183239000053 ], [ 90.312577992000058, 24.292202533000022 ], [ 90.312716622000039, 24.292225392000034 ], [ 90.313056858000039, 24.292334768000046 ], [ 90.313127759000054, 24.292365105000044 ], [ 90.313275726000086, 24.292428587000074 ], [ 90.313498296000034, 24.292524657000058 ], [ 90.313558103000048, 24.292551065000055 ], [ 90.313576601000079, 24.292560623000043 ], [ 90.313912056000049, 24.292728150000073 ], [ 90.314052035000032, 24.292798424000068 ], [ 90.314320918000078, 24.292943507000075 ], [ 90.314478178000059, 24.293028421000031 ], [ 90.314516412000046, 24.293048098000043 ], [ 90.314731029000086, 24.293165069000054 ], [ 90.314932605000081, 24.293238600000052 ], [ 90.315178100000082, 24.293388812000046 ], [ 90.315229913000053, 24.293420316000038 ], [ 90.315411797000081, 24.293500097000049 ], [ 90.315480238000077, 24.29353156600007 ], [ 90.315620806000084, 24.293589982000071 ], [ 90.315757673000064, 24.293646711000065 ], [ 90.315962918000082, 24.293708944000059 ], [ 90.316107767000062, 24.293754931000024 ], [ 90.316367200000059, 24.29381253300005 ], [ 90.316457169000046, 24.29383266800005 ], [ 90.316853991000073, 24.293908049000038 ], [ 90.316926053000032, 24.293909592000034 ], [ 90.317092971000079, 24.293913760000066 ], [ 90.317120678000038, 24.293910315000062 ], [ 90.31716438400008, 24.293901756000025 ], [ 90.317286286000069, 24.293884003000073 ], [ 90.317397032000031, 24.293838047000065 ], [ 90.317467204000081, 24.293822093000074 ], [ 90.317505348000054, 24.293805644000031 ], [ 90.31755025700005, 24.293785229000036 ], [ 90.317672084000037, 24.293736992000049 ], [ 90.317710231000035, 24.293721671000071 ], [ 90.317878267000083, 24.293680676000065 ], [ 90.31803896100007, 24.293659453000032 ], [ 90.318165221000072, 24.293660317000047 ], [ 90.318261308000046, 24.293663503000062 ], [ 90.318466595000075, 24.293741539000052 ], [ 90.318505487000039, 24.293778713000052 ], [ 90.318522772000051, 24.293794483000056 ], [ 90.318684566000059, 24.293966879000038 ], [ 90.318801651000058, 24.294239849000064 ], [ 90.318827050000039, 24.29429850300005 ], [ 90.318914039000049, 24.294604277000076 ], [ 90.318950111000049, 24.294744197000057 ], [ 90.319006709000064, 24.294965360000049 ], [ 90.319044473000076, 24.29504318000005 ], [ 90.319128049000085, 24.295215175000067 ], [ 90.319165756000075, 24.295269852000047 ], [ 90.319216479000033, 24.295357242000023 ], [ 90.319299988000068, 24.295502142000032 ], [ 90.319423044000075, 24.295698892000075 ], [ 90.319439123000052, 24.29572539000003 ], [ 90.319685725000056, 24.296067519000076 ], [ 90.31976850500007, 24.296167825000055 ], [ 90.320027356000082, 24.296482269000023 ], [ 90.320128672000067, 24.29660455000004 ], [ 90.320354654000084, 24.296828178000055 ], [ 90.320483036000041, 24.296937420000063 ], [ 90.320598475000054, 24.297042737000027 ], [ 90.320831116000079, 24.297219496000025 ], [ 90.320911956000032, 24.297280857000032 ], [ 90.321002027000077, 24.297340502000054 ], [ 90.321239507000087, 24.297481689000051 ], [ 90.321327689000043, 24.297524405000047 ], [ 90.321685356000046, 24.297698640000078 ], [ 90.321732222000037, 24.297721686000045 ], [ 90.321874028000082, 24.297779528000035 ], [ 90.321970197000041, 24.297814323000068 ], [ 90.322129247000078, 24.297871564000047 ], [ 90.322196434000034, 24.297892873000023 ], [ 90.322473262000074, 24.298005183000043 ], [ 90.322644641000068, 24.298066351000045 ], [ 90.322778423000045, 24.298117999000056 ], [ 90.322987438000041, 24.298205052000071 ], [ 90.323206393000078, 24.298326517000078 ], [ 90.323412337000036, 24.298416963000022 ], [ 90.323660376000078, 24.298591428000066 ], [ 90.323698010000044, 24.298616186000061 ], [ 90.323770811000031, 24.298664576000078 ], [ 90.32389853400008, 24.298754059000032 ], [ 90.324006456000063, 24.298808584000028 ], [ 90.324153268000032, 24.29889746200007 ], [ 90.324275981000085, 24.298954213000059 ], [ 90.324415317000046, 24.299009237000064 ], [ 90.324468935000084, 24.299022105000063 ], [ 90.324690183000087, 24.299074695000058 ], [ 90.32481529100005, 24.299104911000029 ], [ 90.324976744000082, 24.299137307000024 ], [ 90.325063018000037, 24.299155750000068 ], [ 90.325301447000072, 24.299182900000062 ], [ 90.325357513000085, 24.299189554000066 ], [ 90.325548450000042, 24.299190837000026 ], [ 90.32569258500007, 24.299195045000033 ], [ 90.32573878200003, 24.299196639000058 ], [ 90.325820079000039, 24.299194772000078 ], [ 90.325855799000067, 24.299193566000042 ], [ 90.326029469000048, 24.299186983000027 ], [ 90.326202527000078, 24.299180967000041 ], [ 90.326527675000079, 24.29915881900007 ], [ 90.326633578000042, 24.29914560800006 ], [ 90.326878026000031, 24.299118551000049 ], [ 90.32699625500004, 24.299107570000047 ], [ 90.327114483000059, 24.299096590000033 ], [ 90.327800466000042, 24.299039226000048 ], [ 90.328244962000042, 24.298963189000062 ], [ 90.328375465000079, 24.298935811000035 ], [ 90.328447483000048, 24.298918722000053 ], [ 90.328794662000064, 24.298842328000035 ], [ 90.328837133000036, 24.298832075000064 ], [ 90.329322790000049, 24.298715302000062 ], [ 90.329399096000031, 24.298689735000039 ], [ 90.329453869000076, 24.298672681000028 ], [ 90.32955295000005, 24.298641983000039 ], [ 90.329820043000041, 24.298558423000031 ], [ 90.329931446000046, 24.298528827000041 ], [ 90.330347956000082, 24.298349542000039 ], [ 90.33040765700008, 24.298333608000064 ], [ 90.330429200000083, 24.298327915000073 ], [ 90.330781253000055, 24.298232314000074 ], [ 90.331245347000049, 24.298115580000058 ], [ 90.331322890000081, 24.298091703000068 ], [ 90.33163059900005, 24.297996761000036 ], [ 90.331716732000075, 24.297960445000058 ], [ 90.331943755000054, 24.297865116000025 ], [ 90.332114134000051, 24.297777246000066 ], [ 90.332240220000074, 24.29770979500006 ], [ 90.332371813000066, 24.297628785000029 ], [ 90.33248311400007, 24.297560237000027 ], [ 90.332703197000058, 24.297402827000042 ], [ 90.332768957000042, 24.297347926000043 ], [ 90.332811375000063, 24.297317350000071 ], [ 90.332923873000084, 24.297235252000064 ], [ 90.333048051000048, 24.297145225000065 ], [ 90.333236777000081, 24.297008769000058 ], [ 90.333299482000086, 24.296963473000062 ], [ 90.333418744000085, 24.296877971000072 ], [ 90.333453180000049, 24.296857011000043 ], [ 90.333540483000036, 24.296798109000065 ], [ 90.333840515000077, 24.296595362000062 ], [ 90.333889722000038, 24.296570417000055 ], [ 90.333942594000064, 24.296533608000061 ], [ 90.334135638000078, 24.296400529000039 ], [ 90.33433790600003, 24.296261217000051 ], [ 90.334438102000036, 24.296186483000042 ], [ 90.334721496000043, 24.29598207600003 ], [ 90.334827233000055, 24.295906201000037 ], [ 90.334906489000048, 24.295832079000036 ], [ 90.335061931000041, 24.295687225000052 ], [ 90.335177439000063, 24.29558028100007 ], [ 90.335270845000082, 24.295499917000029 ], [ 90.335468716000037, 24.295329567000067 ], [ 90.335544287000062, 24.295259402000056 ], [ 90.335598355000059, 24.29520960800005 ], [ 90.335803714000065, 24.295076498000071 ], [ 90.335962253000048, 24.294938977000072 ], [ 90.33614612100007, 24.294830751000063 ], [ 90.336545942000043, 24.294636808000064 ], [ 90.336589007000043, 24.294618649000029 ], [ 90.336905177000062, 24.294467792000034 ], [ 90.337221371000055, 24.294325403000073 ], [ 90.337348752000082, 24.294284477000076 ], [ 90.33750998000005, 24.294232750000049 ], [ 90.337846078000041, 24.294165393000071 ], [ 90.337899654000068, 24.294163015000038 ], [ 90.338128740000059, 24.294152910000037 ], [ 90.33822850200005, 24.294148736000068 ], [ 90.338446540000064, 24.294153331000075 ], [ 90.338643620000084, 24.294151198000066 ], [ 90.338755733000085, 24.29415941600007 ], [ 90.338961451000046, 24.294162909000079 ], [ 90.339003953000031, 24.294165071000066 ], [ 90.339423397000076, 24.294173732000047 ], [ 90.339694405000046, 24.294179335000024 ], [ 90.339869945000032, 24.294182894000073 ], [ 90.340025773000036, 24.294185933000051 ], [ 90.340059033000045, 24.294186423000042 ], [ 90.340338046000056, 24.294192007000049 ], [ 90.34037993000004, 24.294193042000074 ], [ 90.340724864000038, 24.294206382000027 ], [ 90.340793851000058, 24.294209049000074 ], [ 90.340966909000031, 24.294206403000032 ], [ 90.341192343000046, 24.294212673000061 ], [ 90.341220053000086, 24.29421035200005 ], [ 90.341479341000081, 24.294209770000066 ], [ 90.341591461000064, 24.294220242000051 ], [ 90.341765778000081, 24.29422775300003 ], [ 90.342036767000081, 24.294226578000064 ], [ 90.342323173000068, 24.294232143000045 ], [ 90.342594809000047, 24.294242821000068 ], [ 90.34261697900007, 24.294242206000035 ], [ 90.342808521000052, 24.294241774000056 ], [ 90.342988415000036, 24.294261690000042 ], [ 90.343072194000058, 24.294268275000036 ], [ 90.343184348000079, 24.294291730000054 ], [ 90.343438807000041, 24.294326718000036 ], [ 90.34362973900005, 24.294329110000035 ], [ 90.343884115000037, 24.294333614000038 ], [ 90.343980816000055, 24.294335653000076 ], [ 90.344008536000047, 24.294337849000044 ], [ 90.344299289000048, 24.29435694700004 ], [ 90.344574607000084, 24.294361968000032 ], [ 90.344602940000073, 24.294363033000025 ], [ 90.344633740000063, 24.294364092000023 ], [ 90.344809904000044, 24.29437159500003 ], [ 90.344841318000078, 24.294373217000043 ], [ 90.345117903000073, 24.294391217000054 ], [ 90.345535029000075, 24.294452929000045 ], [ 90.345560282000065, 24.294453436000026 ], [ 90.345621876000052, 24.29445498900003 ], [ 90.345637218000036, 24.294434632000048 ], [ 90.345870025000067, 24.294434103000071 ], [ 90.346085020000032, 24.294452806000038 ], [ 90.34620749000004, 24.294418657000051 ], [ 90.346392751000053, 24.294373075000067 ], [ 90.346553315000051, 24.294305534000046 ], [ 90.346762539000053, 24.294239576000052 ], [ 90.346907129000044, 24.294186184000068 ], [ 90.346984613000075, 24.294142540000053 ], [ 90.347052876000078, 24.294105692000073 ], [ 90.347212161000073, 24.294020654000064 ], [ 90.347409503000051, 24.293889241000045 ], [ 90.347648270000036, 24.293816440000057 ], [ 90.348089351000056, 24.293854380000028 ], [ 90.348466374000054, 24.294116005000035 ], [ 90.348557231000086, 24.294233211000062 ], [ 90.348680416000036, 24.294460984000068 ], [ 90.348759846000064, 24.29490505900003 ], [ 90.348810011000069, 24.295231785000055 ], [ 90.348830041000042, 24.295349719000058 ], [ 90.348833795000075, 24.295371161000048 ], [ 90.348920407000037, 24.295737318000079 ], [ 90.34903995500008, 24.296211219000043 ], [ 90.349075347000053, 24.296316133000062 ], [ 90.349084039000047, 24.296341515000051 ], [ 90.349164156000086, 24.296584064000058 ], [ 90.349224521000053, 24.296811981000076 ], [ 90.349295397000049, 24.297053985000048 ], [ 90.349328349000075, 24.297167372000047 ], [ 90.349335799000073, 24.297188806000065 ], [ 90.349412269000084, 24.297449426000071 ], [ 90.349554964000049, 24.297827310000059 ], [ 90.349660893000078, 24.298050040000078 ], [ 90.34983447500008, 24.298236488000043 ], [ 90.349982597000064, 24.298347353000054 ], [ 90.350034424000057, 24.298379974000056 ], [ 90.350305260000084, 24.298544181000068 ], [ 90.350637793000033, 24.298746632000075 ], [ 90.350681597000062, 24.29877362600007 ], [ 90.35096967700008, 24.298936663000063 ], [ 90.351136826000072, 24.299022646000026 ], [ 90.351288558000078, 24.299100759000055 ], [ 90.351389699000038, 24.299148507000041 ], [ 90.351611715000047, 24.29925299000007 ], [ 90.351641293000057, 24.299258002000045 ], [ 90.351898343000073, 24.299335307000035 ], [ 90.351964936000059, 24.299362248000023 ], [ 90.352155404000086, 24.29941599700004 ], [ 90.352181907000045, 24.299423274000048 ], [ 90.352212103000056, 24.299429414000031 ], [ 90.352488882000046, 24.299513446000049 ], [ 90.352789007000069, 24.299576537000064 ], [ 90.352907322000078, 24.299597712000036 ], [ 90.35306076300003, 24.299625581000043 ], [ 90.353346069000054, 24.299674594000066 ], [ 90.353443430000084, 24.299691302000042 ], [ 90.353840862000084, 24.299750212000049 ], [ 90.354306043000065, 24.299810094000065 ], [ 90.354678763000038, 24.299841964000052 ], [ 90.354753924000079, 24.299848563000069 ], [ 90.355201722000061, 24.299857678000023 ], [ 90.355553513000075, 24.299894111000071 ], [ 90.355897215000084, 24.299901209000041 ], [ 90.355921238000064, 24.299901717000068 ], [ 90.356304974000068, 24.299908721000065 ], [ 90.35657722600007, 24.299914292000039 ], [ 90.356801352000048, 24.299889492000034 ], [ 90.357137042000033, 24.29989491200007 ], [ 90.357174622000059, 24.299898211000027 ], [ 90.357473392000031, 24.299916701000029 ], [ 90.357729134000067, 24.299964646000035 ], [ 90.357870879000075, 24.299994229000049 ], [ 90.358032961000049, 24.300028282000028 ], [ 90.358272726000052, 24.300089812000067 ], [ 90.358440390000055, 24.300137962000065 ], [ 90.358607441000061, 24.300186116000077 ], [ 90.35864132100005, 24.300187729000072 ], [ 90.35888895100004, 24.300198432000059 ], [ 90.359284198000068, 24.30013709800005 ], [ 90.359324789000084, 24.300115551000033 ], [ 90.359454553000035, 24.300046377000058 ], [ 90.359541752000041, 24.299953593000055 ], [ 90.359590770000068, 24.299862594000047 ], [ 90.359611605000055, 24.299824724000075 ], [ 90.359620902000074, 24.299627129000044 ], [ 90.359616444000039, 24.299575206000043 ], [ 90.359595630000058, 24.29940139200005 ], [ 90.359421400000031, 24.298990852000031 ], [ 90.359379888000035, 24.298904019000076 ], [ 90.359253496000065, 24.29863900600003 ], [ 90.359233052000036, 24.298596154000052 ], [ 90.358949562000078, 24.298097811000048 ], [ 90.358894424000084, 24.297983913000053 ], [ 90.358730257000047, 24.297645041000067 ], [ 90.358573487000058, 24.297308409000038 ], [ 90.35854551500006, 24.297217591000049 ], [ 90.358448541000087, 24.296899446000054 ], [ 90.358387323000045, 24.296593634000033 ], [ 90.358340112000064, 24.296230212000069 ], [ 90.358297864000065, 24.295880891000024 ], [ 90.358262145000083, 24.295443492000061 ], [ 90.358245583000041, 24.295247653000047 ], [ 90.358263493000038, 24.294606911000074 ], [ 90.358359861000054, 24.294270810000057 ], [ 90.358479074000059, 24.293955541000059 ], [ 90.358498094000083, 24.293929530000071 ], [ 90.358601496000063, 24.293686553000043 ], [ 90.358651655000074, 24.293563939000023 ], [ 90.358674915000051, 24.293512516000078 ], [ 90.35874142800003, 24.29329277100004 ], [ 90.358809833000066, 24.293088262000026 ], [ 90.35887819800007, 24.292869642000028 ], [ 90.35894920800007, 24.292715932000078 ], [ 90.35895283800005, 24.292692779000049 ], [ 90.358981885000048, 24.292509815000074 ], [ 90.359008313000061, 24.292270973000029 ], [ 90.359000378000076, 24.292077369000026 ], [ 90.358984679000059, 24.291970152000033 ], [ 90.358978394000076, 24.291925572000025 ], [ 90.358955166000044, 24.291768698000055 ], [ 90.358915112000034, 24.291541866000046 ], [ 90.358918097000071, 24.291507989000024 ], [ 90.358846942000071, 24.291172284000027 ], [ 90.358802218000051, 24.291036346000055 ], [ 90.358784205000063, 24.290982197000062 ], [ 90.358610282000086, 24.290674958000068 ], [ 90.358451383000045, 24.290454616000034 ], [ 90.358401980000053, 24.290406750000045 ], [ 90.358133962000068, 24.290147151000042 ], [ 90.358100613000033, 24.290114489000075 ], [ 90.35781307600007, 24.289921546000073 ], [ 90.357568834000062, 24.28979398000007 ], [ 90.357528726000055, 24.289766414000042 ], [ 90.357262149000064, 24.289580193000063 ], [ 90.356953360000034, 24.289274963000025 ], [ 90.356902675000072, 24.289208472000041 ], [ 90.356858144000057, 24.289141403000031 ], [ 90.356620776000057, 24.288387230000069 ], [ 90.356625307000058, 24.288245532000076 ], [ 90.356636665000053, 24.287901729000055 ], [ 90.356702976000065, 24.287609166000038 ], [ 90.356812056000081, 24.287415288000034 ], [ 90.35699936900005, 24.287227436000023 ], [ 90.357383947000073, 24.287108553000053 ], [ 90.357961948000082, 24.287225171000046 ], [ 90.358668908000084, 24.287428981000062 ], [ 90.358769953000035, 24.287444548000053 ], [ 90.358998023000083, 24.287516829000026 ], [ 90.359256232000064, 24.287574926000048 ], [ 90.359312961000057, 24.287599630000045 ], [ 90.359513928000069, 24.287670281000032 ], [ 90.359586602000036, 24.287670674000026 ], [ 90.359807035000074, 24.287654910000072 ], [ 90.35992774500005, 24.287655189000077 ], [ 90.360137037000072, 24.28762025900005 ], [ 90.360410654000077, 24.287463810000077 ], [ 90.360681035000084, 24.287252613000078 ], [ 90.36103995700006, 24.286991529000034 ], [ 90.361282120000055, 24.286820476000059 ], [ 90.361343605000059, 24.286785331000033 ], [ 90.361604303000036, 24.286635120000028 ], [ 90.36177400300005, 24.286537624000061 ], [ 90.361804746000075, 24.286520616000075 ], [ 90.361825015000079, 24.286501374000068 ], [ 90.362049189000061, 24.286285204000023 ], [ 90.362079273000063, 24.286252392000051 ], [ 90.36219346200005, 24.286125673000072 ], [ 90.362244646000079, 24.285932494000065 ], [ 90.36226619100006, 24.285711725000056 ], [ 90.362265780000087, 24.285567215000071 ], [ 90.362258291000046, 24.285532236000051 ], [ 90.362221476000059, 24.285362975000055 ], [ 90.36217872800006, 24.285273322000023 ], [ 90.362088940000035, 24.285100237000051 ], [ 90.362062842000057, 24.285019012000078 ], [ 90.361968392000051, 24.284721748000038 ], [ 90.361922336000077, 24.284551380000039 ], [ 90.361873794000076, 24.284372551000047 ], [ 90.361828117000073, 24.284118073000059 ], [ 90.361802604000047, 24.284025557000064 ], [ 90.361749349000036, 24.283704487000023 ], [ 90.361718801000052, 24.283355702000051 ], [ 90.361719826000069, 24.28306555000006 ], [ 90.361689320000039, 24.282731441000067 ], [ 90.361690999000075, 24.282454269000027 ], [ 90.361691864000079, 24.282324999000025 ], [ 90.361706419000086, 24.282245371000045 ], [ 90.361741583000082, 24.282049973000028 ], [ 90.361855351000031, 24.281775357000072 ], [ 90.361967964000087, 24.281528971000057 ], [ 90.361980833000075, 24.281506359000048 ], [ 90.36219671300006, 24.281191986000067 ], [ 90.362212063000072, 24.281175579000035 ], [ 90.36241371400007, 24.281055426000023 ], [ 90.362498554000069, 24.281004983000059 ], [ 90.362840851000044, 24.28096916800007 ], [ 90.363032994000037, 24.280970403000026 ], [ 90.363076104000072, 24.280970865000029 ], [ 90.363355076000062, 24.280972457000075 ], [ 90.36361994400005, 24.28099383700004 ], [ 90.363964883000051, 24.281021237000061 ], [ 90.364104141000041, 24.281049128000063 ], [ 90.364357367000082, 24.281091422000031 ], [ 90.364573015000076, 24.281129856000064 ], [ 90.36485960300007, 24.281209326000067 ], [ 90.364901512000074, 24.281221081000069 ], [ 90.365341563000072, 24.281343083000024 ], [ 90.365542480000045, 24.281398486000057 ], [ 90.366013345000056, 24.281527750000066 ], [ 90.366137827000045, 24.281556804000047 ], [ 90.366381856000032, 24.281613230000062 ], [ 90.366427458000032, 24.28162384500007 ], [ 90.366686279000078, 24.28168362200006 ], [ 90.366775003000043, 24.281699778000075 ], [ 90.367268546000048, 24.281791164000026 ], [ 90.367324619000044, 24.281801753000025 ], [ 90.367916810000054, 24.281932977000054 ], [ 90.368117704000042, 24.281979908000039 ], [ 90.368273616000067, 24.282016224000074 ], [ 90.368607664000081, 24.28210911900004 ], [ 90.369032932000039, 24.282227761000058 ], [ 90.369222759000081, 24.282280361000062 ], [ 90.369779884000081, 24.282422389000033 ], [ 90.369984493000061, 24.28247495200003 ], [ 90.370022729000084, 24.282493489000046 ], [ 90.370373407000045, 24.282586340000023 ], [ 90.370394978000036, 24.28259193100007 ], [ 90.370741343000077, 24.282683665000036 ], [ 90.370951499000057, 24.282737344000054 ], [ 90.371275052000044, 24.282820099000048 ], [ 90.371511102000056, 24.282883310000045 ], [ 90.371888287000047, 24.282983996000041 ], [ 90.372028189000048, 24.283021475000055 ], [ 90.372563149000086, 24.283162981000032 ], [ 90.37314380600003, 24.28334727400005 ], [ 90.373241815000085, 24.283378646000074 ], [ 90.37328496400005, 24.283392089000074 ], [ 90.373622787000045, 24.283509802000026 ], [ 90.373679502000073, 24.283529420000036 ], [ 90.374122919000058, 24.283743966000031 ], [ 90.374323968000056, 24.283841693000056 ], [ 90.374817348000079, 24.284082645000069 ], [ 90.374893824000083, 24.28412084200005 ], [ 90.375199139000074, 24.284282099000052 ], [ 90.375358878000043, 24.284361862000026 ], [ 90.375379228000043, 24.284371408000027 ], [ 90.375433506000036, 24.284400063000078 ], [ 90.375694416000044, 24.284538847000078 ], [ 90.375908450000054, 24.284652911000023 ], [ 90.376219300000059, 24.284810765000032 ], [ 90.376392612000075, 24.284898961000067 ], [ 90.376426542000047, 24.284918634000064 ], [ 90.37656534000007, 24.284997884000063 ], [ 90.376794826000037, 24.28512997100006 ], [ 90.376993454000058, 24.28524068400003 ], [ 90.377161858000079, 24.28533453600005 ], [ 90.377491349000081, 24.285547097000062 ], [ 90.377720959000044, 24.285721520000038 ], [ 90.377821632000064, 24.285818927000037 ], [ 90.378054478000081, 24.28604527300007 ], [ 90.378166384000053, 24.286192893000077 ], [ 90.378234392000081, 24.286282477000043 ], [ 90.378309855000055, 24.286393495000027 ], [ 90.37842861200005, 24.28656649900006 ], [ 90.378435446000083, 24.286586803000034 ], [ 90.378509980000047, 24.28679999600007 ], [ 90.378518788000065, 24.286862632000066 ], [ 90.378603448000035, 24.28716724800006 ], [ 90.378655269000035, 24.287405335000074 ], [ 90.378684632000045, 24.287545821000037 ], [ 90.37868284700005, 24.287566712000057 ], [ 90.378699121000068, 24.287655297000072 ], [ 90.378753579000033, 24.287951520000036 ], [ 90.378783702000078, 24.288140550000037 ], [ 90.378793736000034, 24.288201490000063 ], [ 90.378830128000061, 24.288427761000037 ], [ 90.378837652000072, 24.288472902000024 ], [ 90.37884676200008, 24.288637711000035 ], [ 90.378880238000079, 24.288918746000036 ], [ 90.378957893000063, 24.289352647000044 ], [ 90.378973551000058, 24.289440668000054 ], [ 90.378989539000031, 24.28963989500005 ], [ 90.37901151300008, 24.289780963000055 ], [ 90.37901841300004, 24.289823283000032 ], [ 90.379105358000061, 24.290066928000044 ], [ 90.379155186000048, 24.290254779000065 ], [ 90.379183837000085, 24.290363091000074 ], [ 90.379222151000079, 24.290406461000032 ], [ 90.379327133000061, 24.290502163000042 ], [ 90.379377717000068, 24.290530261000072 ], [ 90.379433726000059, 24.290518267000039 ], [ 90.379457723000087, 24.290510868000069 ], [ 90.37955678700007, 24.290480138000078 ], [ 90.379634850000059, 24.290428574000032 ], [ 90.379652658000055, 24.29041103000003 ], [ 90.379760737000083, 24.290305199000045 ], [ 90.379879261000042, 24.290191441000047 ], [ 90.380044457000054, 24.290032405000034 ], [ 90.380090512000038, 24.289987131000032 ], [ 90.380371145000083, 24.28971208400003 ], [ 90.380558474000054, 24.289540574000057 ], [ 90.380708963000075, 24.289406977000056 ], [ 90.380949131000079, 24.289194126000041 ], [ 90.380984781000052, 24.289170327000079 ], [ 90.381379481000067, 24.288940153000055 ], [ 90.38163890800007, 24.28878426700004 ], [ 90.381782780000037, 24.28870431200005 ], [ 90.381889773000069, 24.288648159000047 ], [ 90.382088384000042, 24.288543793000031 ], [ 90.382262424000032, 24.288460374000067 ], [ 90.382562062000034, 24.288364785000056 ], [ 90.382642623000038, 24.288325633000056 ], [ 90.382698613000059, 24.288307993000046 ], [ 90.382718919000069, 24.288301732000036 ], [ 90.382906185000081, 24.288317066000047 ], [ 90.383103917000085, 24.288330116000054 ], [ 90.383321520000038, 24.288397871000029 ], [ 90.383418916000039, 24.288428107000072 ], [ 90.383610013000066, 24.288488026000039 ], [ 90.383752404000063, 24.288530568000056 ], [ 90.383804181000073, 24.288545114000044 ], [ 90.383984823000048, 24.288609574000077 ], [ 90.384105045000069, 24.288652736000074 ], [ 90.38440814300003, 24.288683582000033 ], [ 90.384429706000049, 24.288685785000041 ], [ 90.384480230000065, 24.288694125000063 ], [ 90.384655774000066, 24.288701583000034 ], [ 90.384900303000052, 24.288711690000071 ], [ 90.384936624000034, 24.28870708200003 ], [ 90.384988336000049, 24.288700177000067 ], [ 90.385261708000087, 24.288676340000052 ], [ 90.385448868000083, 24.288655544000051 ], [ 90.385530134000078, 24.288646305000043 ], [ 90.385656960000063, 24.288632436000057 ], [ 90.385767743000031, 24.288608446000069 ], [ 90.385892700000056, 24.288587806000066 ], [ 90.386064343000044, 24.288527534000025 ], [ 90.386172033000037, 24.288499036000076 ], [ 90.386383612000031, 24.288407051000036 ], [ 90.386403297000072, 24.288400227000068 ], [ 90.386513412000056, 24.288358739000046 ], [ 90.386652434000041, 24.288305324000078 ], [ 90.386691180000071, 24.288287725000032 ], [ 90.386885524000036, 24.288199169000052 ], [ 90.387033679000069, 24.288110732000064 ], [ 90.387134485000047, 24.288046687000076 ], [ 90.387213174000067, 24.288000198000077 ], [ 90.387565367000036, 24.287771246000034 ], [ 90.387675958000045, 24.287684596000076 ], [ 90.387785933000032, 24.287597948000041 ], [ 90.38784122900006, 24.287554341000032 ], [ 90.388045108000085, 24.287361893000025 ], [ 90.388121869000031, 24.287289442000031 ], [ 90.388172805000067, 24.287230040000054 ], [ 90.388205940000034, 24.28718987600007 ], [ 90.388252573000045, 24.287133308000023 ], [ 90.388443401000075, 24.286901943000032 ], [ 90.388466084000072, 24.286868016000028 ], [ 90.388527371000066, 24.286770202000071 ], [ 90.388694686000065, 24.286502768000048 ], [ 90.388846047000072, 24.286255698000048 ], [ 90.388901812000086, 24.286164108000037 ], [ 90.388991927000063, 24.286027834000038 ], [ 90.389001102000066, 24.286007489000042 ], [ 90.389021300000081, 24.285966229000053 ], [ 90.389078232000031, 24.285854313000073 ], [ 90.38911924100006, 24.285771229000034 ], [ 90.389138216000049, 24.285732794000069 ], [ 90.389268911000045, 24.28557496600007 ], [ 90.389432821000071, 24.285404070000027 ], [ 90.389532902000042, 24.285305027000049 ], [ 90.389769988000069, 24.285098378000043 ], [ 90.390038348000076, 24.284848184000055 ], [ 90.39014706200004, 24.284753071000068 ], [ 90.390172243000052, 24.28473099100006 ], [ 90.390506066000057, 24.284541029000025 ], [ 90.390829939000071, 24.284320044000026 ], [ 90.390997723000055, 24.284208972000044 ], [ 90.391137832000084, 24.284110390000023 ], [ 90.391198655000039, 24.284062252000069 ], [ 90.39135101100004, 24.283941058000039 ], [ 90.391570895000086, 24.283749128000068 ], [ 90.391737746000047, 24.283535885000049 ], [ 90.391855489000079, 24.283373570000037 ], [ 90.391873905000068, 24.283354332000044 ], [ 90.392036954000048, 24.283104969000078 ], [ 90.392114399000036, 24.282855828000038 ], [ 90.39213083900006, 24.282794820000049 ], [ 90.392206953000084, 24.282512942000039 ], [ 90.392318816000056, 24.282241131000035 ], [ 90.392324888000076, 24.282213457000069 ], [ 90.392335815000081, 24.282162060000076 ], [ 90.392369805000044, 24.281999963000032 ], [ 90.392422417000034, 24.281886363000069 ], [ 90.39248690200003, 24.281828619000066 ], [ 90.392590220000045, 24.281783192000034 ], [ 90.392668184000058, 24.28170226800006 ], [ 90.39268720900003, 24.281681332000062 ], [ 90.392825561000052, 24.281613237000045 ], [ 90.393435731000068, 24.281775362000076 ], [ 90.393898044000082, 24.281918674000053 ], [ 90.394101463000084, 24.281981371000029 ], [ 90.394175436000069, 24.282005450000042 ], [ 90.394214269000031, 24.282016641000041 ], [ 90.394491017000064, 24.282094387000029 ], [ 90.39451013300004, 24.282102806000069 ], [ 90.394787443000041, 24.282163050000065 ], [ 90.394834897000067, 24.282174217000033 ], [ 90.394954453000082, 24.282201567000072 ], [ 90.39505553500004, 24.282229529000062 ], [ 90.395207776000063, 24.282271471000058 ], [ 90.395254618000081, 24.282284331000028 ], [ 90.395400030000076, 24.282308791000048 ], [ 90.395905891000041, 24.282393841000044 ], [ 90.396208368000032, 24.282426921000024 ], [ 90.396398724000051, 24.282447877000038 ], [ 90.396534871000085, 24.282462763000069 ], [ 90.396796736000056, 24.282506675000036 ], [ 90.396891006000033, 24.282522235000044 ], [ 90.397275982000053, 24.282547760000057 ], [ 90.397356062000085, 24.282554889000039 ], [ 90.397394261000045, 24.282560434000061 ], [ 90.397836494000046, 24.282581293000078 ], [ 90.397903605000067, 24.282576601000073 ], [ 90.398233731000062, 24.282589284000039 ], [ 90.398433901000033, 24.282597227000053 ], [ 90.398508426000035, 24.282599855000058 ], [ 90.398775120000039, 24.282612138000047 ], [ 90.398998099000039, 24.28262735800007 ], [ 90.399021506000054, 24.282628989000045 ], [ 90.399372740000047, 24.282695807000039 ], [ 90.399494804000085, 24.282737258000054 ], [ 90.399558908000074, 24.282755719000079 ], [ 90.399719729000083, 24.282783520000066 ], [ 90.399907169000073, 24.282856411000068 ], [ 90.399950918000059, 24.282864199000073 ], [ 90.399996516000044, 24.282872547000068 ], [ 90.400292964000073, 24.282946843000047 ], [ 90.400530212000035, 24.282994765000069 ], [ 90.400583227000084, 24.283011560000034 ], [ 90.400754542000072, 24.283047800000077 ], [ 90.40096726400003, 24.283130220000032 ], [ 90.401211311000054, 24.283186025000077 ], [ 90.401411034000034, 24.283247592000066 ], [ 90.40154715500006, 24.283254007000039 ], [ 90.401734404000081, 24.28326480100003 ], [ 90.401776286000086, 24.283266949000051 ], [ 90.401883338000061, 24.283038610000062 ], [ 90.401937519000057, 24.282838637000054 ], [ 90.402003100000059, 24.282739113000048 ], [ 90.40207186300006, 24.282672321000064 ], [ 90.402175863000082, 24.282648337000069 ], [ 90.40242478600004, 24.282688321000023 ], [ 90.402694474000043, 24.282868810000025 ], [ 90.402925982000056, 24.28304939700007 ], [ 90.402945121000073, 24.283064589000048 ], [ 90.403081025000063, 24.28319801300006 ], [ 90.40314466500007, 24.283263889000068 ], [ 90.403270817000077, 24.283428952000065 ], [ 90.403474306000078, 24.28370783500003 ], [ 90.403677755000047, 24.283972606000077 ], [ 90.403863337000075, 24.284235165000041 ], [ 90.403894887000035, 24.284280242000023 ], [ 90.404005470000072, 24.284584774000052 ], [ 90.404039978000071, 24.284785641000042 ], [ 90.404092673000036, 24.285090892000028 ], [ 90.404153123000071, 24.285510149000061 ], [ 90.404133934000072, 24.285868653000023 ], [ 90.404138376000049, 24.285909848000074 ], [ 90.404172742000071, 24.286066121000033 ], [ 90.404189519000056, 24.28630767900006 ], [ 90.404256429000043, 24.286433947000035 ], [ 90.404444531000081, 24.286712306000027 ], [ 90.404545470000073, 24.286887595000053 ], [ 90.404586968000046, 24.286961997000049 ], [ 90.404644321000035, 24.286986682000077 ], [ 90.40475348700005, 24.287037196000028 ], [ 90.404948879000074, 24.287089737000031 ], [ 90.405039596000051, 24.287148203000072 ], [ 90.405224573000055, 24.287218271000029 ], [ 90.405458277000037, 24.28731078900006 ], [ 90.40550453600008, 24.287332680000077 ], [ 90.405616906000034, 24.287422135000043 ], [ 90.405706532000067, 24.287525198000026 ], [ 90.405885217000048, 24.287746001000073 ], [ 90.406064607000076, 24.287995028000068 ], [ 90.40638141900007, 24.288463837000052 ], [ 90.406467984000074, 24.288572554000041 ], [ 90.406573105000064, 24.288705492000076 ], [ 90.406725219000066, 24.288897577000057 ], [ 90.406817446000048, 24.289042969000036 ], [ 90.406967159000033, 24.289254817000028 ], [ 90.407215239000038, 24.289605266000024 ], [ 90.40735507800008, 24.289809801000047 ], [ 90.407407674000069, 24.289886997000053 ], [ 90.407419431000051, 24.289904463000028 ], [ 90.407513467000058, 24.290037432000076 ], [ 90.407496252000044, 24.290046510000025 ], [ 90.407661039000061, 24.290349199000048 ], [ 90.407733556000039, 24.290492951000033 ], [ 90.407859373000065, 24.290742118000026 ], [ 90.408005748000051, 24.291064050000045 ], [ 90.40816948500003, 24.291422628000078 ], [ 90.408188831000075, 24.291502168000022 ], [ 90.408268995000071, 24.291726057000062 ], [ 90.408283324000081, 24.291777387000025 ], [ 90.408355583000059, 24.292032907000078 ], [ 90.40849496900006, 24.292479609000054 ], [ 90.408518614000059, 24.292555187000062 ], [ 90.408619669000075, 24.292955705000054 ], [ 90.408640998000067, 24.293077015000051 ], [ 90.408666725000046, 24.293225405000044 ], [ 90.408697765000056, 24.29349458400003 ], [ 90.408701565000058, 24.293527316000052 ], [ 90.408696127000042, 24.293752562000066 ], [ 90.408688349000045, 24.294016200000044 ], [ 90.408687809000071, 24.294039909000048 ], [ 90.408681201000036, 24.294284352000034 ], [ 90.408680075000063, 24.294317660000047 ], [ 90.408665169000074, 24.294470677000049 ], [ 90.408655115000045, 24.294601102000058 ], [ 90.408648704000086, 24.29471458200004 ], [ 90.408646411000063, 24.29476765000004 ], [ 90.408607608000068, 24.294959682000069 ], [ 90.408602148000057, 24.294985664000023 ], [ 90.408599330000072, 24.295259449000071 ], [ 90.408636138000077, 24.295406681000031 ], [ 90.408685344000048, 24.295578155000044 ], [ 90.408749150000062, 24.29569370400003 ], [ 90.408898243000067, 24.295900471000039 ], [ 90.408951415000047, 24.29596411600005 ], [ 90.409042304000081, 24.296073947000025 ], [ 90.409094859000049, 24.296137592000036 ], [ 90.409109182000066, 24.29618666600004 ], [ 90.409157746000062, 24.296350235000034 ], [ 90.409181355000044, 24.296413961000042 ], [ 90.409228579000057, 24.296543667000037 ], [ 90.40926505200008, 24.29658590400004 ], [ 90.409358998000073, 24.296688388000064 ], [ 90.409382470000082, 24.296709776000057 ], [ 90.409547365000037, 24.296849326000029 ], [ 90.40971843300008, 24.29699393900006 ], [ 90.409737578000033, 24.297010256000078 ], [ 90.409856088000083, 24.297090096000034 ], [ 90.40991409600008, 24.297125502000029 ], [ 90.410251662000064, 24.297332888000028 ], [ 90.410283129000049, 24.297350302000041 ], [ 90.41029917700007, 24.297360984000022 ], [ 90.410436822000065, 24.29745375300007 ], [ 90.410615206000045, 24.297574637000025 ], [ 90.410694215000035, 24.297628050000071 ], [ 90.410769506000065, 24.297675263000031 ], [ 90.411047827000061, 24.297844987000076 ], [ 90.411247773000071, 24.297966942000073 ], [ 90.411334812000064, 24.298027670000067 ], [ 90.411488519000045, 24.298135071000047 ], [ 90.411773676000053, 24.29832340300004 ], [ 90.411949585000059, 24.298439776000066 ], [ 90.412006978000079, 24.298474618000057 ], [ 90.412290915000085, 24.298666340000068 ], [ 90.41247424200003, 24.298790594000025 ], [ 90.412502019000044, 24.298809712000036 ], [ 90.41272736500008, 24.29897618800004 ], [ 90.412749590000033, 24.298992499000065 ], [ 90.41303681800008, 24.299248563000049 ], [ 90.413085010000032, 24.299295283000049 ], [ 90.413193792000072, 24.299412965000045 ], [ 90.413209857000084, 24.299428727000077 ], [ 90.413406537000071, 24.299681649000036 ], [ 90.413454825000031, 24.299758288000078 ], [ 90.413534691000052, 24.29988508100007 ], [ 90.413566882000055, 24.299935798000035 ], [ 90.413668452000081, 24.300108255000055 ], [ 90.413728565000042, 24.300222119000068 ], [ 90.413789912000084, 24.300336543000071 ], [ 90.41389153700004, 24.300525936000042 ], [ 90.413987583000051, 24.300704618000054 ], [ 90.414005546000055, 24.300735615000065 ], [ 90.414118904000077, 24.30093400800007 ], [ 90.414261992000036, 24.301183685000069 ], [ 90.414279954000051, 24.301214684000058 ], [ 90.414356760000032, 24.301347695000061 ], [ 90.414434176000043, 24.301478446000033 ], [ 90.414560517000041, 24.301692044000049 ], [ 90.414680627000052, 24.301883076000024 ], [ 90.414831078000077, 24.302122575000055 ], [ 90.414901575000044, 24.302209878000042 ], [ 90.414999900000055, 24.302330410000025 ], [ 90.41505245500008, 24.302392360000056 ], [ 90.41510316800003, 24.302456011000061 ], [ 90.415187899000045, 24.302563032000023 ], [ 90.415349207000077, 24.302732502000026 ], [ 90.415417193000053, 24.302804007000077 ], [ 90.415488857000071, 24.302870420000033 ], [ 90.41559206800008, 24.302977955000074 ], [ 90.415619252000056, 24.30300384800006 ], [ 90.415867079000066, 24.303261141000064 ], [ 90.415920229000051, 24.303316315000075 ], [ 90.416021661000059, 24.303444742000067 ], [ 90.416136702000074, 24.303591194000035 ], [ 90.416163917000063, 24.303626118000068 ], [ 90.416222729000083, 24.303717404000054 ], [ 90.416291386000069, 24.303805842000031 ], [ 90.416361902000062, 24.303897661000065 ], [ 90.416503606000049, 24.304098230000022 ], [ 90.416643931000067, 24.304253645000074 ], [ 90.416762006000056, 24.304385410000066 ], [ 90.416969098000038, 24.304615719000026 ], [ 90.417035234000082, 24.30468666400003 ], [ 90.417120494000073, 24.30476602300007 ], [ 90.417258299000082, 24.304903945000035 ], [ 90.417297241000085, 24.304946173000076 ], [ 90.417464036000069, 24.305096434000063 ], [ 90.417669113000045, 24.30527481300004 ], [ 90.417771001000062, 24.30535356200005 ], [ 90.417835210000078, 24.305399673000068 ], [ 90.417950695000059, 24.305492496000056 ], [ 90.418010600000059, 24.305540878000045 ], [ 90.418097660000058, 24.305605554000067 ], [ 90.418140258000051, 24.305635355000049 ], [ 90.418370533000086, 24.305796731000044 ], [ 90.418514989000073, 24.305895682000028 ], [ 90.418654506000053, 24.305991261000031 ], [ 90.418789670000081, 24.306073869000045 ], [ 90.41885755800007, 24.306114889000071 ], [ 90.41904826800004, 24.306231212000057 ], [ 90.419195840000043, 24.306341445000044 ], [ 90.419241532000058, 24.306375188000061 ], [ 90.41939651000007, 24.306489352000028 ], [ 90.419530474000055, 24.306581557000072 ], [ 90.419635399000072, 24.306646750000027 ], [ 90.419695292000085, 24.306691178000051 ], [ 90.419727417000047, 24.306720442000028 ], [ 90.419991736000043, 24.306930832000035 ], [ 90.420211033000044, 24.307123282000077 ], [ 90.420473606000087, 24.307364719000077 ], [ 90.420498302000055, 24.30738215100007 ], [ 90.420702925000057, 24.307607381000025 ], [ 90.420724603000053, 24.307643449000068 ], [ 90.420824755000069, 24.307754939000063 ], [ 90.420867411000074, 24.307802238000079 ], [ 90.421041760000037, 24.307999326000072 ], [ 90.421101116000045, 24.308066902000064 ], [ 90.421276144000046, 24.308282615000053 ], [ 90.421321849000037, 24.308320309000067 ], [ 90.421429260000082, 24.308391701000062 ], [ 90.421529128000032, 24.308416826000041 ], [ 90.421620368000049, 24.308440282000049 ], [ 90.421702951000043, 24.308454163000079 ], [ 90.421853283000075, 24.308465600000034 ], [ 90.422076922000031, 24.308479657000078 ], [ 90.42232398200008, 24.308498162000035 ], [ 90.422436909000055, 24.308374790000073 ], [ 90.422440856000037, 24.308264703000077 ], [ 90.422433910000052, 24.308213354000031 ], [ 90.422372769000049, 24.307978131000027 ], [ 90.422329177000051, 24.307834872000058 ], [ 90.422276295000074, 24.307675833000076 ], [ 90.422263237000038, 24.30745289500004 ], [ 90.422256711000045, 24.30734171000006 ], [ 90.422257827000067, 24.307307273000049 ], [ 90.422266844000035, 24.307053792000033 ], [ 90.422351417000073, 24.306738007000035 ], [ 90.42237446300004, 24.306629561000022 ], [ 90.422416307000049, 24.306431873000065 ], [ 90.422442379000074, 24.306306484000061 ], [ 90.422456977000081, 24.306250558000045 ], [ 90.42246975200004, 24.306201978000047 ], [ 90.422491036000054, 24.306119502000058 ], [ 90.422508611000069, 24.30603308700006 ], [ 90.422515285000031, 24.306002584000055 ], [ 90.422550453000042, 24.305834270000048 ], [ 90.422591275000059, 24.305699243000049 ], [ 90.422674602000086, 24.305566356000043 ], [ 90.422792538000067, 24.305468371000075 ], [ 90.422858305000034, 24.305426415000056 ], [ 90.423025673000041, 24.305375712000057 ], [ 90.423361825000086, 24.305329613000026 ], [ 90.423574840000072, 24.305299668000032 ], [ 90.423601315000042, 24.305296207000026 ], [ 90.423752788000058, 24.305281672000035 ], [ 90.423858690000031, 24.30526952200006 ], [ 90.423896271000046, 24.305272240000079 ], [ 90.42422133000008, 24.305225043000064 ], [ 90.424326589000032, 24.305204992000029 ], [ 90.424525551000045, 24.30520838800004 ], [ 90.424605626000073, 24.305209857000023 ], [ 90.424712940000063, 24.305251895000026 ], [ 90.424957171000074, 24.305347175000065 ], [ 90.425083543000085, 24.305378433000044 ], [ 90.425124235000055, 24.305390173000035 ], [ 90.425330163000069, 24.30545169100003 ], [ 90.425426346000052, 24.305480210000042 ], [ 90.425600927000062, 24.305561008000041 ], [ 90.425702178000051, 24.305631848000075 ], [ 90.425789935000068, 24.305719664000037 ], [ 90.425801187000047, 24.305769308000038 ], [ 90.425839304000078, 24.305932339000037 ], [ 90.425874956000087, 24.306094810000047 ], [ 90.42592544200005, 24.306273048000037 ], [ 90.425934970000071, 24.306359388000033 ], [ 90.425919162000071, 24.306605551000075 ], [ 90.425916147000066, 24.306625315000076 ], [ 90.425868138000055, 24.306820199000072 ], [ 90.425857806000067, 24.306862 ], [ 90.425854921000052, 24.306920151000043 ], [ 90.425811296000063, 24.307137037000075 ], [ 90.425804196000058, 24.307408576000057 ], [ 90.42586138300004, 24.30756421500007 ], [ 90.42591421700007, 24.307706883000037 ], [ 90.425995311000065, 24.307828586000028 ], [ 90.426126551000038, 24.308025788000066 ], [ 90.426226892000045, 24.308192031000033 ], [ 90.426284499000076, 24.308288397000069 ], [ 90.426357596000059, 24.308412944000054 ], [ 90.426380511000048, 24.308449572000029 ], [ 90.426398500000062, 24.308487342000035 ], [ 90.426450468000041, 24.308556064000072 ], [ 90.426540946000046, 24.308719511000049 ], [ 90.42660901000005, 24.308811897000055 ], [ 90.42687826100007, 24.309018872000024 ], [ 90.426907353000047, 24.309061127000064 ], [ 90.426924063000058, 24.309085353000057 ], [ 90.427124354000057, 24.309299860000067 ], [ 90.427226264000069, 24.309383118000028 ], [ 90.427289299000051, 24.309444470000074 ], [ 90.427438694000045, 24.309543965000046 ], [ 90.427541208000036, 24.309622704000049 ], [ 90.427623345000086, 24.309686260000035 ], [ 90.427693726000086, 24.309734608000042 ], [ 90.427740047000043, 24.309771734000037 ], [ 90.427875930000084, 24.309881991000054 ], [ 90.427928573000031, 24.309967646000075 ], [ 90.428089990000046, 24.310161373000028 ], [ 90.42811660600006, 24.310199685000043 ], [ 90.428172022000069, 24.310377343000027 ], [ 90.42818043300008, 24.31049755500004 ], [ 90.428195929000083, 24.310709760000066 ], [ 90.428187323000031, 24.31089832300006 ], [ 90.428179319000037, 24.311082934000069 ], [ 90.428162981000071, 24.311169910000046 ], [ 90.428100302000075, 24.311398704000055 ], [ 90.427990992000048, 24.311681258000078 ], [ 90.427903967000077, 24.311996489000023 ], [ 90.42790033700004, 24.312016256000049 ], [ 90.42781990900005, 24.312278969000033 ], [ 90.427794232000053, 24.312336620000053 ], [ 90.427771208000081, 24.312634735000074 ], [ 90.427766447000067, 24.312684423000064 ], [ 90.427713305000054, 24.31300125100006 ], [ 90.427670148000061, 24.313173541000026 ], [ 90.427550395000083, 24.313281696000047 ], [ 90.427391950000072, 24.313424394000037 ], [ 90.427350188000048, 24.313461768000025 ], [ 90.42731888600008, 24.313495161000048 ], [ 90.427256277000083, 24.313561382000046 ], [ 90.427172880000057, 24.313673950000066 ], [ 90.427156435000086, 24.313729316000035 ], [ 90.427147563000062, 24.313839416000064 ], [ 90.427166408000062, 24.313948310000058 ], [ 90.427173448000076, 24.314027319000047 ], [ 90.42718239800007, 24.314124950000064 ], [ 90.427186229000085, 24.314165019000029 ], [ 90.427187224000079, 24.314278478000062 ], [ 90.427144834000046, 24.314495926000063 ], [ 90.427136383000061, 24.314547316000073 ], [ 90.427075436000052, 24.314742237000075 ], [ 90.427074665000077, 24.31487941000006 ], [ 90.42703464300007, 24.315068627000073 ], [ 90.427018462000035, 24.315387043000044 ], [ 90.427021879000051, 24.31548751400004 ], [ 90.427023976000044, 24.315562019000026 ], [ 90.427035747000048, 24.315950355000041 ], [ 90.427037128000052, 24.315994381000053 ], [ 90.427021849000084, 24.316398598000035 ], [ 90.427020062000054, 24.316416666000066 ], [ 90.426956842000038, 24.316668607000054 ], [ 90.426930098000071, 24.316775935000067 ], [ 90.426864834000071, 24.316969174000064 ], [ 90.426804255000036, 24.317090708000023 ], [ 90.426787223000076, 24.317155108000065 ], [ 90.426680116000057, 24.317362012000046 ], [ 90.426646457000061, 24.317427588000044 ], [ 90.42657607700005, 24.317565521000063 ], [ 90.426524060000077, 24.317667838000034 ], [ 90.426481799000044, 24.317740776000051 ], [ 90.426420247000067, 24.317939085000035 ], [ 90.426318500000036, 24.318091782000067 ], [ 90.426268529000083, 24.318253367000068 ], [ 90.426261682000074, 24.318601111000078 ], [ 90.426262509000082, 24.318663766000043 ], [ 90.426260569000078, 24.31882070000006 ], [ 90.426258334000067, 24.318889010000078 ], [ 90.426286608000055, 24.319054325000025 ], [ 90.426293527000041, 24.319097207000027 ], [ 90.426312385000074, 24.319210052000074 ], [ 90.426383764000036, 24.319371295000053 ], [ 90.426449555000033, 24.31951844200006 ], [ 90.42647131700005, 24.319579346000069 ], [ 90.426584498000068, 24.319897963000074 ], [ 90.426619297000059, 24.319988749000061 ], [ 90.426719963000039, 24.320249259000036 ], [ 90.426766668000084, 24.320399846000043 ], [ 90.426805281000043, 24.320525054000029 ], [ 90.42681275700005, 24.320549871000026 ], [ 90.42682396400005, 24.320585402000063 ], [ 90.426850566000041, 24.320803220000073 ], [ 90.42684919900006, 24.320947168000032 ], [ 90.426845151000066, 24.321026208000035 ], [ 90.426779860000067, 24.321212110000033 ], [ 90.426665979000063, 24.321420724000063 ], [ 90.426648994000061, 24.321499801000073 ], [ 90.426635649000048, 24.321561367000072 ], [ 90.426603801000056, 24.321800799000073 ], [ 90.426505876000078, 24.321991873000059 ], [ 90.426420180000036, 24.322155250000037 ], [ 90.426362822000044, 24.322318549000045 ], [ 90.426317832000052, 24.322497053000063 ], [ 90.426283179000052, 24.32263488500007 ], [ 90.426268031000063, 24.322710569000037 ], [ 90.426222301000053, 24.322851255000046 ], [ 90.426209620000066, 24.322928061000027 ], [ 90.426184862000071, 24.323077156000068 ], [ 90.42617950600004, 24.323317642000063 ], [ 90.426176248000047, 24.323449178000033 ], [ 90.426165395000055, 24.323519205000025 ], [ 90.426168590000032, 24.323737653000023 ], [ 90.426163674000065, 24.323925641000073 ], [ 90.426153164000084, 24.324098968000044 ], [ 90.426147915000058, 24.324187043000052 ], [ 90.426155807000043, 24.324336611000035 ], [ 90.426350224000032, 24.324630727000056 ], [ 90.426670497000032, 24.324979246000055 ], [ 90.426807140000051, 24.325127886000075 ], [ 90.426951178000081, 24.325277634000031 ], [ 90.427051962000064, 24.325387991000071 ], [ 90.42704887900004, 24.32557145800007 ], [ 90.42703517800004, 24.325710926000056 ], [ 90.427022923000038, 24.325730153000052 ], [ 90.426864675000047, 24.325936636000051 ], [ 90.426844436000067, 24.325963788000024 ], [ 90.426661078000052, 24.326213808000034 ], [ 90.426658763000034, 24.326258409000047 ], [ 90.426680191000059, 24.326402857000062 ], [ 90.42671328800003, 24.326535983000042 ], [ 90.426744511000038, 24.326661777000027 ], [ 90.426828148000084, 24.32698612400003 ], [ 90.426836987000058, 24.327050449000069 ], [ 90.426827750000086, 24.327235628000039 ], [ 90.426785670000072, 24.327362755000024 ], [ 90.426766155000053, 24.327422081000066 ], [ 90.426714359000073, 24.327592138000057 ], [ 90.426628654000069, 24.327937845000065 ], [ 90.426625131000037, 24.327989789000071 ], [ 90.426617497000052, 24.328285601000061 ], [ 90.426611010000045, 24.328556010000057 ], [ 90.426603938000085, 24.328836014000046 ], [ 90.426602898000056, 24.328893032000053 ], [ 90.426600701000041, 24.328973194000071 ], [ 90.426595242000076, 24.329182634000063 ], [ 90.42659033800004, 24.329374009000048 ], [ 90.42658195000007, 24.329444595000041 ], [ 90.426562154000067, 24.329603835000057 ], [ 90.426530151000065, 24.32979811000007 ], [ 90.426507806000075, 24.329931956000053 ], [ 90.426495126000077, 24.330008762000034 ], [ 90.426414151000074, 24.330296313000076 ], [ 90.426409023000076, 24.330420515000071 ], [ 90.426430807000031, 24.330487064000067 ], [ 90.426481570000078, 24.330559741000059 ], [ 90.426524842000049, 24.330604213000072 ], [ 90.426588976000062, 24.330623225000068 ], [ 90.426581712000086, 24.330661631000055 ], [ 90.42664538300005, 24.330726368000057 ], [ 90.426836317000038, 24.330896307000046 ], [ 90.426967844000046, 24.330987384000025 ], [ 90.427093779000074, 24.331064364000042 ], [ 90.427156616000048, 24.331064187000038 ], [ 90.427198573000055, 24.33108326100006 ], [ 90.427261563000059, 24.331128808000074 ], [ 90.427369317000057, 24.331111570000076 ], [ 90.427453575000072, 24.331068431000062 ], [ 90.427494780000075, 24.331047429000023 ], [ 90.427763334000076, 24.330849102000059 ], [ 90.427830284000038, 24.330788513000073 ], [ 90.428130851000049, 24.330584449000071 ], [ 90.428302960000053, 24.330468245000077 ], [ 90.428518439000072, 24.330425865000052 ], [ 90.428832919000058, 24.330328449000035 ], [ 90.429233338000074, 24.330322238000065 ], [ 90.429609862000063, 24.330537935000052 ], [ 90.430114350000053, 24.330882536000047 ], [ 90.430640304000065, 24.331380616000047 ], [ 90.430935076000083, 24.331649040000059 ], [ 90.43125099000008, 24.33197498100003 ], [ 90.43150367700008, 24.332185947000028 ], [ 90.431713986000034, 24.332435415000077 ], [ 90.432050653000033, 24.332703153000068 ], [ 90.43224037400006, 24.332875911000031 ], [ 90.432442502000072, 24.333074035000038 ], [ 90.432543409000061, 24.333217690000026 ], [ 90.432704355000055, 24.333443026000054 ], [ 90.432867332000058, 24.333721984000078 ], [ 90.432908234000081, 24.333792992000042 ], [ 90.432921885000042, 24.333821743000044 ], [ 90.433058129000074, 24.334029650000048 ], [ 90.433306229000038, 24.334339409000052 ], [ 90.433697003000077, 24.334753754000076 ], [ 90.433897081000055, 24.33507155500007 ], [ 90.434020350000083, 24.335267643000066 ], [ 90.434196328000041, 24.335564059000035 ], [ 90.434341949000043, 24.335810324000079 ], [ 90.434633830000053, 24.336309623000034 ], [ 90.434941163000076, 24.336822991000076 ], [ 90.435064312000065, 24.336982951000039 ], [ 90.435301946000038, 24.337291609000033 ], [ 90.435337258000061, 24.337347957000077 ], [ 90.435352115000057, 24.337368800000036 ], [ 90.435449302000052, 24.337503998000045 ], [ 90.435482057000058, 24.337533257000075 ], [ 90.435623688000078, 24.337692601000072 ], [ 90.435696030000031, 24.337768598000025 ], [ 90.435748592000039, 24.337824897000075 ], [ 90.43584254600006, 24.337914380000029 ], [ 90.43589692200004, 24.33796164000006 ], [ 90.435994687000061, 24.338084416000072 ], [ 90.436035508000032, 24.33813058800007 ], [ 90.436055915000054, 24.338153109000075 ], [ 90.436186211000063, 24.338240230000054 ], [ 90.436423257000058, 24.338375590000055 ], [ 90.43650232300007, 24.33843519800007 ], [ 90.436607952000031, 24.338515615000063 ], [ 90.436756703000071, 24.33859478100004 ], [ 90.437122106000061, 24.338790169000049 ], [ 90.437359123000078, 24.338916497000071 ], [ 90.437462182000047, 24.338965872000074 ], [ 90.437652253000067, 24.339056772000049 ], [ 90.437684344000047, 24.339071920000038 ], [ 90.43780035900005, 24.339126906000047 ], [ 90.438099023000063, 24.339263215000074 ], [ 90.438118769000084, 24.339272188000052 ], [ 90.438210065000078, 24.339304666000032 ], [ 90.438351897000075, 24.339342076000037 ], [ 90.438461822000079, 24.339416836000055 ], [ 90.438546967000036, 24.339452717000029 ], [ 90.438662505000082, 24.339547216000028 ], [ 90.438809195000033, 24.339563727000041 ], [ 90.438857940000048, 24.339584471000023 ], [ 90.43923747000008, 24.339766267000073 ], [ 90.439446134000036, 24.339887592000025 ], [ 90.439522066000052, 24.339931402000047 ], [ 90.439678404000063, 24.340065297000024 ], [ 90.439811704000078, 24.340129262000062 ], [ 90.439868477000061, 24.340156192000052 ], [ 90.439935759000036, 24.340192125000044 ], [ 90.440121552000051, 24.340292064000039 ], [ 90.440548067000066, 24.340518315000054 ], [ 90.440834358000075, 24.340638848000026 ], [ 90.441039231000047, 24.34073195700006 ], [ 90.441277369000034, 24.340823841000031 ], [ 90.441532043000052, 24.340887451000071 ], [ 90.441709621000086, 24.34092757600007 ], [ 90.441882272000043, 24.340967153000065 ], [ 90.442089450000083, 24.341015094000056 ], [ 90.44222446200007, 24.341038410000067 ], [ 90.442288576000067, 24.34104951300003 ], [ 90.442455650000056, 24.341080637000061 ], [ 90.442585085000076, 24.341095500000051 ], [ 90.442615287000081, 24.341098799000065 ], [ 90.44287170900003, 24.341133049000064 ], [ 90.442967213000031, 24.341135027000064 ], [ 90.44303992600004, 24.341138203000071 ], [ 90.443301624000071, 24.341095102000054 ], [ 90.443409398000085, 24.341081804000055 ], [ 90.443594572000052, 24.341002798000034 ], [ 90.443821527000068, 24.340890366000053 ], [ 90.444145119000041, 24.340752251000026 ], [ 90.44445008200006, 24.34057185100005 ], [ 90.444502344000057, 24.34054121500003 ], [ 90.444697775000066, 24.340400086000045 ], [ 90.44482809200008, 24.340315029000067 ], [ 90.444939969000075, 24.340241884000022 ], [ 90.445013169000049, 24.340208364000034 ], [ 90.445086985000046, 24.340174843000057 ], [ 90.445216741000081, 24.340105030000075 ], [ 90.445362512000031, 24.340035171000068 ], [ 90.445459097000082, 24.339993679000031 ], [ 90.445525386000043, 24.33992236000006 ], [ 90.445623098000056, 24.339850948000048 ], [ 90.445737346000044, 24.339751827000043 ], [ 90.445867615000054, 24.339652659000024 ], [ 90.445863195000072, 24.339622190000057 ], [ 90.445954749000066, 24.339551925000023 ], [ 90.446015644000056, 24.339523521000046 ], [ 90.446033482000075, 24.339515002000041 ], [ 90.446123150000062, 24.339434017000031 ], [ 90.446194390000073, 24.339368892000039 ], [ 90.44630920000003, 24.339254528000026 ], [ 90.446488040000077, 24.339126992000047 ], [ 90.446682898000063, 24.338999974000046 ], [ 90.446876164000059, 24.338945777000049 ], [ 90.447100339000031, 24.338920846000065 ], [ 90.44746817500004, 24.338927664000039 ], [ 90.447755296000082, 24.33893246100007 ], [ 90.447978441000032, 24.338965672000029 ], [ 90.448207376000084, 24.339067732000046 ], [ 90.448261061000039, 24.339091847000077 ], [ 90.448502315000042, 24.339193306000027 ], [ 90.448737523000034, 24.339327523000065 ], [ 90.448941930000046, 24.339462395000055 ], [ 90.449272331000031, 24.339685517000078 ], [ 90.449332877000074, 24.339732756000046 ], [ 90.449404542000082, 24.33978842700003 ], [ 90.449692699000082, 24.339911759000074 ], [ 90.450097665000044, 24.339963621000038 ], [ 90.450501888000076, 24.339979921000065 ], [ 90.450570396000046, 24.340013585000065 ], [ 90.45073429100006, 24.340016486000025 ], [ 90.451022082000065, 24.340035951000061 ], [ 90.45136898700008, 24.340046211000072 ], [ 90.451389321000079, 24.340046715000028 ], [ 90.45144599200006, 24.340043724000054 ], [ 90.451708471000074, 24.340048588000059 ], [ 90.452004255000077, 24.340063512000029 ], [ 90.452155817000062, 24.340063061000023 ], [ 90.452178, 24.340064124000037 ], [ 90.452486663000059, 24.340062075000048 ], [ 90.45275653300007, 24.340066350000029 ], [ 90.453276986000049, 24.340021895000064 ], [ 90.453307152000036, 24.340015596000057 ], [ 90.453533825000079, 24.340000241000041 ], [ 90.453910793000034, 24.339974840000025 ], [ 90.453947766000056, 24.339976988000046 ], [ 90.45433343600007, 24.339973011000041 ], [ 90.454643860000033, 24.339946680000025 ], [ 90.454700552000077, 24.339949897000054 ], [ 90.454876758000069, 24.339949369000067 ], [ 90.455148362000045, 24.339921459000038 ], [ 90.455308506000051, 24.339909689000024 ], [ 90.455565335000074, 24.339885210000034 ], [ 90.455742015000055, 24.339845165000042 ], [ 90.455903255000067, 24.339795006000031 ], [ 90.456143259000044, 24.339717515000075 ], [ 90.456177106000041, 24.339706688000035 ], [ 90.456470049000075, 24.339616617000047 ], [ 90.456668111000056, 24.339526269000032 ], [ 90.45675667900008, 24.339483666000035 ], [ 90.456945519000044, 24.339398988000028 ], [ 90.457035971000039, 24.339367105000065 ], [ 90.457082728000046, 24.339348336000057 ], [ 90.45725191300005, 24.33928065200007 ], [ 90.457370037000032, 24.339233444000058 ], [ 90.457435865000036, 24.339207280000039 ], [ 90.457488734000037, 24.339174944000035 ], [ 90.457711890000041, 24.339038229000039 ], [ 90.457845305000035, 24.338961058000052 ], [ 90.457911108000076, 24.338927554000065 ], [ 90.457959690000052, 24.338902572000052 ], [ 90.45814467200006, 24.338773310000079 ], [ 90.458226376000084, 24.33870758200004 ], [ 90.458324667000056, 24.338628258000028 ], [ 90.458488081000041, 24.338497932000053 ], [ 90.458558121000067, 24.338443531000053 ], [ 90.458733768000059, 24.338288895000062 ], [ 90.458834489000083, 24.338200531000041 ], [ 90.458974554000065, 24.33808777400003 ], [ 90.458991142000059, 24.338074741000071 ], [ 90.459043339000061, 24.338027165000028 ], [ 90.45912312300004, 24.337941688000058 ], [ 90.459161175000077, 24.337900928000067 ], [ 90.459264261000044, 24.337784897000063 ], [ 90.459410451000053, 24.337663092000071 ], [ 90.459444849000079, 24.337634198000046 ], [ 90.459528334000083, 24.337549838000029 ], [ 90.459547979000035, 24.337530586000071 ], [ 90.45963577100008, 24.337444517000051 ], [ 90.459795452000037, 24.337305171000025 ], [ 90.459831686000086, 24.337273449000065 ], [ 90.459988297000052, 24.337136369000063 ], [ 90.460028221000073, 24.337102943000048 ], [ 90.46009700500008, 24.337042335000035 ], [ 90.460213120000049, 24.336952230000065 ], [ 90.460333430000048, 24.336829371000078 ], [ 90.460391779000076, 24.336779518000071 ], [ 90.460600459000034, 24.336560429000031 ], [ 90.460715148000077, 24.336416703000054 ], [ 90.460836675000053, 24.336289889000057 ], [ 90.460861225000031, 24.336264413000038 ], [ 90.460874086000047, 24.336242923000043 ], [ 90.460932264000064, 24.336146220000046 ], [ 90.460979423000083, 24.336068742000066 ], [ 90.461010028000032, 24.336013893000029 ], [ 90.461065724000036, 24.335912117000078 ], [ 90.461190688000045, 24.335713603000045 ], [ 90.461245819000055, 24.335626504000061 ], [ 90.461378164000052, 24.335425145000045 ], [ 90.461414919000049, 24.335366892000025 ], [ 90.461529967000047, 24.335152602000051 ], [ 90.461640842000065, 24.33497727300005 ], [ 90.461648166000032, 24.33495805900003 ], [ 90.46171348200005, 24.334791336000023 ], [ 90.461756871000034, 24.334694114000058 ], [ 90.461773375000064, 24.334657936000042 ], [ 90.461865253000042, 24.334510891000036 ], [ 90.461959527000033, 24.334344645000044 ], [ 90.461977899000033, 24.334314105000033 ], [ 90.462056899000061, 24.334183469000038 ], [ 90.462161739000067, 24.334042594000039 ], [ 90.462237082000058, 24.333923258000027 ], [ 90.462254267000048, 24.333905142000049 ], [ 90.462342029000069, 24.333812299000044 ], [ 90.46239115700007, 24.333768683000073 ], [ 90.462461767000036, 24.333702988000027 ], [ 90.462579015000074, 24.33358634700005 ], [ 90.462656945000049, 24.333500872000059 ], [ 90.462683316000039, 24.333467487000064 ], [ 90.462787592000041, 24.333341853000036 ], [ 90.462949096000045, 24.333197981000069 ], [ 90.463035631000082, 24.333106271000077 ], [ 90.463095764000059, 24.33304004200005 ], [ 90.463211226000055, 24.332940904000054 ], [ 90.463299007000046, 24.332853706000037 ], [ 90.463326634000055, 24.332827090000023 ], [ 90.463425527000084, 24.332746067000073 ], [ 90.463453165000033, 24.332722838000052 ], [ 90.463576095000064, 24.332644564000077 ], [ 90.463603763000037, 24.332629238000038 ], [ 90.463723010000081, 24.332554927000047 ], [ 90.463767908000079, 24.332534468000063 ], [ 90.463828768000042, 24.332498155000053 ], [ 90.46389640600006, 24.332462950000036 ], [ 90.464008934000049, 24.332404464000035 ], [ 90.46403844200006, 24.332386874000065 ], [ 90.464204457000051, 24.332297743000026 ], [ 90.464411798000071, 24.332222597000055 ], [ 90.464429633000066, 24.332214075000024 ], [ 90.464621515000033, 24.332123171000035 ], [ 90.464697188000059, 24.33209471400005 ], [ 90.464878655000064, 24.332020211000042 ], [ 90.46500915200005, 24.33198989300007 ], [ 90.465269434000049, 24.331903859000079 ], [ 90.46549043400006, 24.331858022000063 ], [ 90.465551384000037, 24.33184654400003 ], [ 90.465748387000076, 24.331808683000077 ], [ 90.465947258000085, 24.33177646300004 ], [ 90.465987254000083, 24.331763357000057 ], [ 90.466054328000041, 24.331741700000066 ], [ 90.466119423000066, 24.331685052000068 ], [ 90.466218299000047, 24.33160007500004 ], [ 90.466242862000058, 24.331578548000039 ], [ 90.466454110000086, 24.331393313000035 ], [ 90.466476200000045, 24.331368972000064 ], [ 90.466618551000067, 24.331211609000036 ], [ 90.466825411000059, 24.331006062000029 ], [ 90.466878790000067, 24.330946064000045 ], [ 90.466966508000041, 24.330843058000028 ], [ 90.467050527000083, 24.330738934000067 ], [ 90.467200891000061, 24.330583236000052 ], [ 90.467323751000038, 24.330486896000025 ], [ 90.467367394000064, 24.330460231000075 ], [ 90.467460187000086, 24.330397289000075 ], [ 90.467539442000032, 24.330338337000057 ], [ 90.467649388000041, 24.330248809000068 ], [ 90.467765361000033, 24.330122571000061 ], [ 90.467789930000038, 24.33010273900004 ], [ 90.467883286000074, 24.330025116000058 ], [ 90.46791954400004, 24.33000073200003 ], [ 90.467984073000082, 24.32995763200006 ], [ 90.468048598000053, 24.329913968000028 ], [ 90.468063956000037, 24.329902066000045 ], [ 90.468194186000062, 24.329800057000057 ], [ 90.468231069000069, 24.329778493000049 ], [ 90.468344211000044, 24.329720567000038 ], [ 90.468429041000036, 24.329670065000073 ], [ 90.468469609000067, 24.329645103000075 ], [ 90.468554434000055, 24.329592909000041 ], [ 90.468599949000065, 24.32957357500004 ], [ 90.468678068000031, 24.329540593000047 ], [ 90.468830670000045, 24.329491577000056 ], [ 90.468887885000072, 24.329470514000036 ], [ 90.469194461000086, 24.329410860000053 ], [ 90.469259716000067, 24.329398241000035 ], [ 90.469712294000033, 24.329338133000078 ], [ 90.469741237000051, 24.329334657000061 ], [ 90.469929099000069, 24.32932504300004 ], [ 90.470142832000079, 24.329314785000065 ], [ 90.47017362400004, 24.329311867000058 ], [ 90.470301112000072, 24.329302441000038 ], [ 90.470468599000071, 24.329281035000065 ], [ 90.470794394000052, 24.329254625000033 ], [ 90.471007433000068, 24.329222916000049 ], [ 90.471030214000052, 24.329219458000068 ], [ 90.47123141600008, 24.32915222500003 ], [ 90.471292921000042, 24.329125503000057 ], [ 90.471375932000058, 24.329082908000032 ], [ 90.471492137000041, 24.329021020000027 ], [ 90.471604025000033, 24.328958012000044 ], [ 90.471770015000061, 24.328864921000047 ], [ 90.471928516000048, 24.328746451000029 ], [ 90.472026164000056, 24.328664298000035 ], [ 90.472039030000076, 24.328645065000046 ], [ 90.472103415000049, 24.328563580000036 ], [ 90.472118693000084, 24.328530226000055 ], [ 90.472226034000073, 24.328404012000078 ], [ 90.472286069000063, 24.328312943000071 ], [ 90.472375496000041, 24.328173802000038 ], [ 90.472458742000072, 24.328029034000053 ], [ 90.472586834000083, 24.327850258000069 ], [ 90.472629778000055, 24.327802142000053 ], [ 90.47274546400007, 24.327600826000037 ], [ 90.472828740000068, 24.327463960000046 ], [ 90.472907620000058, 24.327305095000042 ], [ 90.472925307000082, 24.327257059000033 ], [ 90.472948538000082, 24.327209005000043 ], [ 90.472992531000045, 24.327111778000074 ], [ 90.473012737000033, 24.327078408000034 ], [ 90.473059890000059, 24.327002056000026 ], [ 90.473133537000081, 24.326927315000034 ], [ 90.473228611000081, 24.326816379000036 ], [ 90.473385230000076, 24.326688881000052 ], [ 90.473466388000077, 24.326646292000078 ], [ 90.473526529000083, 24.326584011000023 ], [ 90.473628096000084, 24.326562244000058 ], [ 90.473741800000084, 24.326491328000031 ], [ 90.473935593000078, 24.326421857000071 ], [ 90.474003888000084, 24.326398499000049 ], [ 90.474096791000079, 24.32636659700006 ], [ 90.474242477000075, 24.326281470000026 ], [ 90.474307057000033, 24.326253608000059 ], [ 90.474401092000051, 24.326195172000041 ], [ 90.474415201000056, 24.326178758000026 ], [ 90.474519479000037, 24.326058196000076 ], [ 90.474627448000035, 24.325936494000075 ], [ 90.474684370000034, 24.325837531000047 ], [ 90.474743143000069, 24.325738563000073 ], [ 90.474778565000065, 24.325656036000055 ], [ 90.474786221000045, 24.325561744000026 ], [ 90.474821011000074, 24.325474704000044 ], [ 90.474822532000076, 24.325386640000033 ], [ 90.474823618000073, 24.325347122000039 ], [ 90.474825740000085, 24.325255669000057 ], [ 90.474816397000041, 24.325228039000024 ], [ 90.47481014300007, 24.325203221000038 ], [ 90.474800760000051, 24.325164866000023 ], [ 90.474749875000043, 24.325065111000072 ], [ 90.474719467000057, 24.325005369000053 ], [ 90.474589504000051, 24.324845464000077 ], [ 90.474439885000038, 24.324700857000039 ], [ 90.474297977000049, 24.324476071000049 ], [ 90.474240938000037, 24.324378028000069 ], [ 90.474130583000033, 24.324189271000023 ], [ 90.474102536000032, 24.324101863000067 ], [ 90.474072985000078, 24.32394107600004 ], [ 90.474075123000034, 24.323853575000044 ], [ 90.474116027000036, 24.323754098000052 ], [ 90.474203089000071, 24.323642622000023 ], [ 90.474310613000057, 24.323567209000032 ], [ 90.474552419000076, 24.32348855400005 ], [ 90.474691519000032, 24.323455944000045 ], [ 90.474769735000052, 24.323451183000032 ], [ 90.475027173000058, 24.323434573000043 ], [ 90.475143568000078, 24.323425740000062 ], [ 90.475604260000068, 24.323400026000058 ], [ 90.475678190000053, 24.323401488000059 ], [ 90.476067543000056, 24.32340817000005 ], [ 90.476162417000069, 24.32341013000007 ], [ 90.476196301000073, 24.323410588000058 ], [ 90.476371266000058, 24.323414555000056 ], [ 90.476503714000046, 24.323414704000072 ], [ 90.476562853000075, 24.323415082000054 ], [ 90.476838862000079, 24.32342324800004 ], [ 90.476865970000063, 24.323423726000044 ], [ 90.477058181000075, 24.323426510000047 ], [ 90.47718315000003, 24.32340410300003 ], [ 90.477282903000059, 24.323392499000079 ], [ 90.477507657000046, 24.32336695500004 ], [ 90.477716263000048, 24.323307028000045 ], [ 90.477892353000072, 24.323281635000058 ], [ 90.478036964000069, 24.323240537000061 ], [ 90.478181009000082, 24.323212989000069 ], [ 90.478347514000063, 24.32309618000005 ], [ 90.478538085000082, 24.32299058500007 ], [ 90.478588313000046, 24.322914223000055 ], [ 90.478599131000067, 24.322841933000063 ], [ 90.478616567000074, 24.322727852000071 ], [ 90.478642183000034, 24.32265946800004 ], [ 90.478642661000038, 24.32262277500007 ], [ 90.478662737000036, 24.322555538000074 ], [ 90.478652346000047, 24.322413321000056 ], [ 90.47867331100008, 24.322254634000046 ], [ 90.478644720000034, 24.322186986000077 ], [ 90.478626074000033, 24.321978749000039 ], [ 90.478603411000051, 24.321848989000046 ], [ 90.478603281000062, 24.32181455500006 ], [ 90.478583744000048, 24.321532939000065 ], [ 90.478600942000071, 24.321191371000054 ], [ 90.478667088000066, 24.321089555000071 ], [ 90.478736909000077, 24.320981518000053 ], [ 90.478859873000033, 24.320917908000069 ], [ 90.478941026000086, 24.320875315000023 ], [ 90.479009266000048, 24.320838973000036 ], [ 90.479391029000055, 24.320794867000075 ], [ 90.479467427000031, 24.320798013000058 ], [ 90.479612880000047, 24.320817875000046 ], [ 90.479755252000075, 24.320837182000048 ], [ 90.479946805000054, 24.320829803000038 ], [ 90.480044491000058, 24.320760627000027 ], [ 90.480171018000078, 24.320662007000067 ], [ 90.48018511500004, 24.320643333000078 ], [ 90.480317760000048, 24.320533404000059 ], [ 90.480339886000081, 24.320520351000027 ], [ 90.480373665000059, 24.320493149000072 ], [ 90.480484209000053, 24.320403045000035 ], [ 90.480683276000036, 24.32026524500003 ], [ 90.48072443600006, 24.320235198000034 ], [ 90.480906275000052, 24.320103096000025 ], [ 90.481004631000076, 24.32004859400007 ], [ 90.481021844000054, 24.320038943000043 ], [ 90.481208720000041, 24.319935615000077 ], [ 90.481359375000068, 24.319864577000033 ], [ 90.481547644000045, 24.319804144000045 ], [ 90.481578417000037, 24.319796708000069 ], [ 90.481648577000044, 24.319779551000067 ], [ 90.481830022000054, 24.319706156000052 ], [ 90.481890298000053, 24.319681692000074 ], [ 90.48206693800006, 24.319641053000055 ], [ 90.482167279000066, 24.319623236000041 ], [ 90.482291013000065, 24.319600827000045 ], [ 90.482414125000048, 24.319577292000076 ], [ 90.48263337000003, 24.319563048000077 ], [ 90.482676492000053, 24.319563475000052 ], [ 90.482723312000076, 24.319564455000034 ], [ 90.483009856000081, 24.319591204000062 ], [ 90.483120840000083, 24.31961794700004 ], [ 90.483168327000044, 24.319632471000034 ], [ 90.483310148000044, 24.31966927600007 ], [ 90.483459381000046, 24.31971113700007 ], [ 90.483606107000071, 24.319741716000067 ], [ 90.483771885000067, 24.319760945000041 ], [ 90.483991314000036, 24.319795244000034 ], [ 90.48403380700006, 24.319792286000052 ], [ 90.48427029700008, 24.319776856000033 ], [ 90.484434131000057, 24.319770688000062 ], [ 90.48450738300005, 24.319756907000055 ], [ 90.484812608000084, 24.319674082000063 ], [ 90.48501983500006, 24.319577457000037 ], [ 90.485051789000067, 24.319557035000059 ], [ 90.485157511000068, 24.319496297000057 ], [ 90.485228498000083, 24.31937244900007 ], [ 90.485308718000056, 24.319247439000037 ], [ 90.485380508000048, 24.319011255000078 ], [ 90.485384083000042, 24.318979632000037 ], [ 90.485421980000069, 24.318740169000023 ], [ 90.485438731000045, 24.31860972000004 ], [ 90.485456284000065, 24.31852781300006 ], [ 90.485471854000082, 24.318410915000072 ], [ 90.485503877000042, 24.318246547000058 ], [ 90.485536491000062, 24.318075968000073 ], [ 90.485637046000079, 24.317791146000047 ], [ 90.485716141000069, 24.317532923000044 ], [ 90.485734519000061, 24.317505769000036 ], [ 90.485793558000069, 24.317319300000065 ], [ 90.485805165000045, 24.317293296000059 ], [ 90.485877844000072, 24.317129927000053 ], [ 90.485953548000055, 24.316951308000057 ], [ 90.48596757100006, 24.316913442000043 ], [ 90.486016405000044, 24.31679643700005 ], [ 90.486060907000081, 24.316674367000076 ], [ 90.486081646000059, 24.316620674000035 ], [ 90.486127397000075, 24.316503113000067 ], [ 90.486137128000053, 24.316470343000049 ], [ 90.486158929000055, 24.316372053000066 ], [ 90.486233024000057, 24.316256660000079 ], [ 90.486262330000045, 24.316188263000072 ], [ 90.486332766000032, 24.316082479000045 ], [ 90.48638722700008, 24.315987471000028 ], [ 90.486408607000044, 24.31594055000005 ], [ 90.486532305000082, 24.315748793000068 ], [ 90.486632551000071, 24.315545258000043 ], [ 90.486684858000046, 24.315370099000063 ], [ 90.486768582000082, 24.315195969000058 ], [ 90.48680044300005, 24.315151273000026 ], [ 90.486851298000033, 24.315079984000079 ], [ 90.486950479000086, 24.314920482000048 ], [ 90.487020962000031, 24.314827680000064 ], [ 90.487089665000042, 24.314752382000052 ], [ 90.487246560000074, 24.314544148000039 ], [ 90.487378334000084, 24.314370429000064 ], [ 90.487495505000084, 24.314244737000024 ], [ 90.487521855000068, 24.314209090000077 ], [ 90.487599255000077, 24.314152957000033 ], [ 90.487863712000035, 24.314044855000077 ], [ 90.488143514000058, 24.313922027000046 ], [ 90.488214231000086, 24.313890753000067 ], [ 90.488364354000055, 24.313844547000031 ], [ 90.488601134000078, 24.313747822000039 ], [ 90.48881466000006, 24.313690687000076 ], [ 90.488934623000034, 24.313650787000029 ], [ 90.489023806000034, 24.313616065000076 ], [ 90.489166640000064, 24.313596978000078 ], [ 90.489520719000041, 24.31356874100004 ], [ 90.489740571000084, 24.313555614000052 ], [ 90.489828636000084, 24.313550250000048 ], [ 90.489871748000041, 24.31354841600006 ], [ 90.490051621000077, 24.313550659000043 ], [ 90.490158807000057, 24.313552006000066 ], [ 90.490424270000062, 24.31354606900004 ], [ 90.490509239000062, 24.313536763000059 ], [ 90.490910181000061, 24.313521355000034 ], [ 90.490945899000053, 24.313518981000072 ], [ 90.491293229000064, 24.313498100000061 ], [ 90.491469410000036, 24.313500917000056 ], [ 90.491579061000039, 24.313502820000053 ], [ 90.491740459000084, 24.313505686000042 ], [ 90.491947441000036, 24.313509531000022 ], [ 90.492186468000057, 24.313516658000026 ], [ 90.492249322000077, 24.313523229000054 ], [ 90.492298015000074, 24.313530974000059 ], [ 90.492518145000076, 24.313589531000048 ], [ 90.492856593000056, 24.313661252000031 ], [ 90.493014401000039, 24.313691787000039 ], [ 90.493061868000041, 24.313701227000024 ], [ 90.493107485000053, 24.313710112000024 ], [ 90.49326340600004, 24.313730492000047 ], [ 90.493346620000068, 24.313744898000039 ], [ 90.493444011000065, 24.31376208000006 ], [ 90.493474223000078, 24.313769885000056 ], [ 90.493571643000053, 24.313794405000067 ], [ 90.493602472000077, 24.313802208000027 ], [ 90.493731225000033, 24.313805741000067 ], [ 90.493838803000074, 24.313908126000058 ], [ 90.493994947000033, 24.313986083000032 ], [ 90.494251073000044, 24.314113952000071 ], [ 90.494624386000055, 24.314280389000032 ], [ 90.494674382000085, 24.31430619300005 ], [ 90.494818190000046, 24.31437967200003 ], [ 90.495198790000074, 24.314518423000038 ], [ 90.495348181000054, 24.314602044000026 ], [ 90.495387692000065, 24.314624495000032 ], [ 90.495577710000077, 24.314700645000073 ], [ 90.495668447000071, 24.314748894000047 ], [ 90.495707953000078, 24.314770216000056 ], [ 90.495810434000077, 24.314828588000069 ], [ 90.495834508000087, 24.314842057000078 ], [ 90.495867280000084, 24.314874125000074 ], [ 90.495906855000044, 24.31491294500006 ], [ 90.496063796000044, 24.315036620000058 ], [ 90.496176684000034, 24.315078587000073 ], [ 90.496242689000042, 24.315103209000029 ], [ 90.496275362000063, 24.315109312000061 ], [ 90.496675444000061, 24.315030669000066 ], [ 90.496705563000035, 24.315014201000054 ], [ 90.496964898000044, 24.31485755500006 ], [ 90.497060145000034, 24.314798536000069 ], [ 90.497240194000085, 24.314686743000038 ], [ 90.497548637000079, 24.314487033000034 ], [ 90.497757560000082, 24.314356517000078 ], [ 90.497851620000063, 24.314308792000077 ], [ 90.498363277000067, 24.314094302000058 ], [ 90.498407574000055, 24.314080610000076 ], [ 90.498808140000051, 24.313968655000053 ], [ 90.499222479000082, 24.313914233000048 ], [ 90.499262467000051, 24.313901118000047 ], [ 90.499723028000062, 24.31385275100007 ], [ 90.500010582000073, 24.313825272000031 ], [ 90.500330212000051, 24.313808979000044 ], [ 90.50065836300007, 24.313766690000023 ], [ 90.501066565000031, 24.313718491000031 ], [ 90.501330005000057, 24.313667947000056 ], [ 90.501594675000035, 24.313616834000072 ], [ 90.502050173000043, 24.313534607000065 ], [ 90.502375674000064, 24.313445472000069 ], [ 90.502419986000064, 24.313435729000048 ], [ 90.502638436000041, 24.313379686000076 ], [ 90.502663666000046, 24.313373393000063 ], [ 90.502765183000065, 24.31334313800005 ], [ 90.502930585000058, 24.313268080000057 ], [ 90.503105344000062, 24.313222907000068 ], [ 90.503218649000075, 24.313214063000032 ], [ 90.503457488000038, 24.313173758000062 ], [ 90.503530739000041, 24.313161097000034 ], [ 90.503914232000056, 24.313095474000079 ], [ 90.504068718000042, 24.313064479000047 ], [ 90.504590215000064, 24.313005734000058 ], [ 90.504716960000053, 24.312968620000049 ], [ 90.505011671000034, 24.31288240300006 ], [ 90.505107061000047, 24.312861200000043 ], [ 90.505646003000038, 24.312696835000054 ], [ 90.505761717000041, 24.312674435000076 ], [ 90.506049154000038, 24.312618722000025 ], [ 90.506350096000062, 24.312551110000072 ], [ 90.506469502000073, 24.312527568000064 ], [ 90.50681417800007, 24.312460373000079 ], [ 90.507134789000077, 24.312382533000061 ], [ 90.507326821000049, 24.312344636000034 ], [ 90.507632129000058, 24.312291118000076 ], [ 90.50775770000007, 24.312269248000064 ], [ 90.508216422000032, 24.312224814000047 ], [ 90.508332180000082, 24.312213700000029 ], [ 90.50867016400008, 24.312167974000033 ], [ 90.508729880000033, 24.312159872000052 ], [ 90.508836422000059, 24.312154432000057 ], [ 90.50917319000007, 24.312112662000061 ], [ 90.509306192000054, 24.312100926000028 ], [ 90.509645448000072, 24.312064790000022 ], [ 90.509880032000069, 24.312039729000048 ], [ 90.51008256700004, 24.312010262000058 ], [ 90.510262327000078, 24.311984255000027 ], [ 90.510552395000047, 24.311971426000071 ], [ 90.510650890000079, 24.311956418000022 ], [ 90.51071187000008, 24.31195621300003 ], [ 90.510787007000033, 24.311953138000035 ], [ 90.510808562000079, 24.311952501000064 ], [ 90.511105899000086, 24.311908600000038 ], [ 90.511391581000055, 24.311876592000033 ], [ 90.511677260000056, 24.311844583000038 ], [ 90.511980066000035, 24.311782034000032 ], [ 90.512066767000078, 24.311744485000077 ], [ 90.512231561000078, 24.311673369000061 ], [ 90.512370624000084, 24.311637338000025 ], [ 90.512601257000085, 24.311549063000029 ], [ 90.512796249000075, 24.311481796000066 ], [ 90.512961680000046, 24.311416320000035 ], [ 90.51307360900006, 24.311372478000067 ], [ 90.513142511000069, 24.31135136000006 ], [ 90.513256327000079, 24.311317104000068 ], [ 90.513299393000068, 24.311303977000023 ], [ 90.513461666000069, 24.311219320000077 ], [ 90.513627739000071, 24.311160617000041 ], [ 90.513735379000082, 24.311122432000047 ], [ 90.513822043000062, 24.311075851000055 ], [ 90.513945585000045, 24.311009389000048 ], [ 90.513992287000065, 24.310982136000064 ], [ 90.514066030000038, 24.310938986000053 ], [ 90.514187068000069, 24.310862935000046 ], [ 90.514243021000084, 24.310838472000057 ], [ 90.514310592000072, 24.310792520000064 ], [ 90.514449540000044, 24.310728262000055 ], [ 90.514577919000033, 24.310639768000044 ], [ 90.514596955000059, 24.310625025000036 ], [ 90.514743713000087, 24.310511631000054 ], [ 90.514942103000067, 24.310372097000027 ], [ 90.514982643000053, 24.31034373500006 ], [ 90.515139169000065, 24.310208857000077 ], [ 90.515249561000076, 24.310089941000058 ], [ 90.515307822000068, 24.310027086000048 ], [ 90.515474032000043, 24.309849838000048 ], [ 90.515558052000074, 24.309759800000052 ], [ 90.515626705000045, 24.309676588000059 ], [ 90.515740097000048, 24.309538469000074 ], [ 90.515808077000031, 24.309441710000044 ], [ 90.515962409000053, 24.309221601000047 ], [ 90.515989366000042, 24.309185948000049 ], [ 90.516071523000051, 24.309091964000061 ], [ 90.516150584000059, 24.308994039000027 ], [ 90.516200858000047, 24.308935726000072 ], [ 90.51623703000007, 24.308893832000024 ], [ 90.516269520000037, 24.308855901000072 ], [ 90.516305729000067, 24.308823037000025 ], [ 90.516322913000067, 24.308807173000048 ], [ 90.51641419200007, 24.308684371000027 ], [ 90.516451003000043, 24.308648118000065 ], [ 90.516539262000038, 24.30854000100004 ], [ 90.516573582000035, 24.308497548000048 ], [ 90.516671681000048, 24.308385447000035 ], [ 90.516751384000031, 24.308294294000063 ], [ 90.516815826000084, 24.308236496000063 ], [ 90.516833007000059, 24.308220633000076 ], [ 90.516975391000074, 24.30809313900005 ], [ 90.516996878000043, 24.30807556700006 ], [ 90.517165659000057, 24.307925967000074 ], [ 90.51734857100007, 24.30776841900007 ], [ 90.517425328000058, 24.307710016000044 ], [ 90.517488594000042, 24.307666335000079 ], [ 90.517676548000054, 24.307536991000063 ], [ 90.517739202000087, 24.307494442000063 ], [ 90.517893985000057, 24.30738722600006 ], [ 90.518099745000086, 24.307243709000034 ], [ 90.518183891000035, 24.307185282000034 ], [ 90.518446157000085, 24.307002622000027 ], [ 90.518591110000045, 24.306901648000064 ], [ 90.518646389000082, 24.306863075000024 ], [ 90.51887914100007, 24.306693500000051 ], [ 90.519037010000034, 24.306588530000056 ], [ 90.519070793000083, 24.306565270000078 ], [ 90.519218820000049, 24.306463158000042 ], [ 90.51935271900004, 24.306370689000062 ], [ 90.519449764000058, 24.306303749000051 ], [ 90.519568987000071, 24.306237296000063 ], [ 90.519771785000046, 24.306124270000055 ], [ 90.52003047200003, 24.305970973000058 ], [ 90.520345130000067, 24.30579885700007 ], [ 90.520386305000045, 24.305776136000077 ], [ 90.52041947400005, 24.305753443000071 ], [ 90.520613565000076, 24.30562012300004 ], [ 90.520843939000031, 24.305472568000027 ], [ 90.520921344000044, 24.305422627000041 ], [ 90.521070595000083, 24.305319380000071 ], [ 90.521195280000086, 24.305233715000043 ], [ 90.521293551000042, 24.305165640000041 ], [ 90.521471051000049, 24.305041974000062 ], [ 90.521633809000036, 24.304928517000064 ], [ 90.521730256000069, 24.304866093000044 ], [ 90.521841405000032, 24.304784425000037 ], [ 90.52210976300006, 24.304587627000046 ], [ 90.522310658000038, 24.304462185000034 ], [ 90.522350592000066, 24.30443721000006 ], [ 90.522460558000034, 24.304367399000057 ], [ 90.522651154000073, 24.304283764000047 ], [ 90.523090393000075, 24.304152986000076 ], [ 90.52379684400006, 24.303998141000022 ], [ 90.523910641000043, 24.303961622000031 ], [ 90.524260221000077, 24.303896629000064 ], [ 90.524360541000078, 24.303878219000069 ], [ 90.524684876000038, 24.303815006000036 ], [ 90.524721188000058, 24.30380810500003 ], [ 90.524873199000069, 24.303778227000066 ], [ 90.525203649000048, 24.30370483300004 ], [ 90.525439333000065, 24.303652085000067 ], [ 90.525732909000055, 24.303598008000051 ], [ 90.526036843000043, 24.303517363000026 ], [ 90.526277643000071, 24.303510884000048 ], [ 90.526548631000082, 24.303505993000044 ], [ 90.526599750000059, 24.303505252000036 ], [ 90.526844929000049, 24.303515127000026 ], [ 90.527088875000061, 24.303524441000036 ], [ 90.527290918000062, 24.303529384000058 ], [ 90.52758779100003, 24.303528353000047 ], [ 90.52786868700008, 24.30353640900006 ], [ 90.52821147700007, 24.303468610000039 ], [ 90.528451001000064, 24.303451406000079 ], [ 90.528536553000038, 24.303436431000023 ], [ 90.528791909000063, 24.303375143000039 ], [ 90.528868177000049, 24.303349476000051 ], [ 90.528961649000053, 24.303313587000048 ], [ 90.529010845000073, 24.303294788000073 ], [ 90.529094350000037, 24.303231840000024 ], [ 90.529123814000059, 24.303207465000071 ], [ 90.529217770000059, 24.303139964000025 ], [ 90.529242904000057, 24.303111087000048 ], [ 90.529354405000049, 24.302967318000071 ], [ 90.529465913000081, 24.302825244000076 ], [ 90.529479173000084, 24.30275520400005 ], [ 90.529491643000085, 24.30264339200005 ], [ 90.529518888000041, 24.302529836000076 ], [ 90.529527778000045, 24.302445697000053 ], [ 90.529528223000057, 24.302404487000047 ], [ 90.529533274000073, 24.302137469000058 ], [ 90.52952496100005, 24.301915092000058 ], [ 90.529500993000056, 24.301779699000065 ], [ 90.529478549000032, 24.301714296000057 ], [ 90.529434972000047, 24.30160268000003 ], [ 90.529353365000077, 24.301380558000062 ], [ 90.529340365000053, 24.301364799000055 ], [ 90.529151973000069, 24.30108659800004 ], [ 90.528990173000068, 24.300834273000078 ], [ 90.52888893100004, 24.300629718000039 ], [ 90.528747987000031, 24.300356434000037 ], [ 90.528731187000062, 24.300315285000067 ], [ 90.528520667000066, 24.299898300000052 ], [ 90.528382107000084, 24.299605813000028 ], [ 90.528255927000032, 24.299327962000064 ], [ 90.528199562000054, 24.299251389000062 ], [ 90.528150547000052, 24.299164627000039 ], [ 90.528115803000048, 24.299103219000074 ], [ 90.528066221000074, 24.299028316000033 ], [ 90.527989478000052, 24.298938829000065 ], [ 90.527949871000033, 24.298893244000055 ], [ 90.527884269000083, 24.298816702000067 ], [ 90.527822381000078, 24.298744662000047 ], [ 90.527716262000069, 24.298551413000041 ], [ 90.52764178700005, 24.298414502000071 ], [ 90.527628136000033, 24.298389712000073 ], [ 90.527614977000042, 24.298335568000027 ], [ 90.52755896900004, 24.298195769000074 ], [ 90.527514171000064, 24.298086415000057 ], [ 90.527492398000049, 24.298033994000036 ], [ 90.527461373000051, 24.297978216000047 ], [ 90.527434056000061, 24.297925815000042 ], [ 90.527344652000068, 24.297752828000057 ], [ 90.527327867000054, 24.29771506700007 ], [ 90.527237740000032, 24.297516116000054 ], [ 90.527199842000073, 24.29743665500007 ], [ 90.527170020000085, 24.297374101000059 ], [ 90.527132870000059, 24.297326248000047 ], [ 90.527067109000086, 24.297211322000067 ], [ 90.526990285000068, 24.297101514000076 ], [ 90.526936407000051, 24.29703001200005 ], [ 90.526834837000081, 24.296893758000067 ], [ 90.526686028000086, 24.29665267300004 ], [ 90.526656270000046, 24.296605362000037 ], [ 90.526512427000057, 24.296373857000049 ], [ 90.526464101000045, 24.296304027000076 ], [ 90.526308580000034, 24.29607820700005 ], [ 90.526137556000037, 24.295826476000059 ], [ 90.52597148600006, 24.295580936000079 ], [ 90.525803848000066, 24.29540313800004 ], [ 90.52567022900007, 24.295260786000028 ], [ 90.525420247000056, 24.294977715000073 ], [ 90.525308224000071, 24.294844885000032 ], [ 90.525232716000062, 24.29475482600003 ], [ 90.52517645100005, 24.294701395000061 ], [ 90.525033581000059, 24.29455568700007 ], [ 90.524958782000056, 24.294488209000065 ], [ 90.524863571000083, 24.294399349000059 ], [ 90.524841933000062, 24.29437910200005 ], [ 90.524590234000073, 24.294127646000049 ], [ 90.524465213000042, 24.29397848900004 ], [ 90.524401349000073, 24.293874280000068 ], [ 90.524362291000045, 24.293811192000078 ], [ 90.524310825000043, 24.293726697000068 ], [ 90.524165186000062, 24.293505921000076 ], [ 90.524117468000043, 24.293433832000062 ], [ 90.523998299000084, 24.293209578000074 ], [ 90.523954882000055, 24.293135215000063 ], [ 90.523798655000064, 24.29288512200003 ], [ 90.523628796000082, 24.292764907000048 ], [ 90.523397786000032, 24.292600874000073 ], [ 90.523065537000036, 24.292379047000054 ], [ 90.522985862000041, 24.29232343700005 ], [ 90.522770919000038, 24.292172330000028 ], [ 90.522634983000046, 24.292063851000023 ], [ 90.52245517700004, 24.291920525000023 ], [ 90.522177762000069, 24.291703024000071 ], [ 90.52210907400007, 24.291623103000063 ], [ 90.521940692000044, 24.291411435000043 ], [ 90.521806430000083, 24.291260049000073 ], [ 90.521690466000052, 24.291065136000043 ], [ 90.521467020000046, 24.290791562000038 ], [ 90.521443457000032, 24.290752129000055 ], [ 90.521298341000033, 24.290506512000036 ], [ 90.521218826000052, 24.290339132000042 ], [ 90.521135592000064, 24.290165556000034 ], [ 90.521108613000081, 24.290043720000028 ], [ 90.521084747000032, 24.289930340000069 ], [ 90.521056943000076, 24.289757138000027 ], [ 90.521032077000086, 24.289700211000024 ], [ 90.520940682000059, 24.289488842000026 ], [ 90.520892363000087, 24.289268858000071 ], [ 90.520869771000037, 24.289165634000028 ], [ 90.520844659000034, 24.289048308000076 ], [ 90.520827925000049, 24.288871681000046 ], [ 90.520841616000041, 24.288755350000031 ], [ 90.520845121000036, 24.288708486000075 ], [ 90.520849759000043, 24.288637909000045 ], [ 90.520857905000071, 24.288521032000062 ], [ 90.520858659000055, 24.288404181000033 ], [ 90.520875483000054, 24.288301388000036 ], [ 90.520883688000083, 24.288199187000032 ], [ 90.520889564000072, 24.288129735000041 ], [ 90.520921248000036, 24.288046647000044 ], [ 90.520933896000031, 24.287976608000065 ], [ 90.520990091000044, 24.287862953000058 ], [ 90.521062724000046, 24.287702955000043 ], [ 90.521305530000063, 24.287440766000032 ], [ 90.521574920000035, 24.287203887000032 ], [ 90.521783227000071, 24.287089711000078 ], [ 90.522089792000031, 24.286908021000045 ], [ 90.522175211000047, 24.286863134000043 ], [ 90.522270460000072, 24.286812567000027 ], [ 90.522411057000056, 24.28670709000005 ], [ 90.522730633000037, 24.286545111000066 ], [ 90.52283390100007, 24.286497340000039 ], [ 90.523170194000045, 24.286207165000064 ], [ 90.523476938000044, 24.285919916000068 ], [ 90.523727502000042, 24.285749141000053 ], [ 90.523988047000046, 24.285609944000043 ], [ 90.524391409000032, 24.285456707000037 ], [ 90.524953647000075, 24.285301225000069 ], [ 90.525395545000038, 24.285234783000078 ], [ 90.525551872000051, 24.285211099000037 ], [ 90.525869446000058, 24.285163148000038 ], [ 90.526575941000033, 24.285044982000045 ], [ 90.526725479000049, 24.285018497000067 ], [ 90.527169789000084, 24.284939623000071 ], [ 90.527470134000055, 24.284895117000076 ], [ 90.527699702000064, 24.284861578000061 ], [ 90.528149492000068, 24.284768005000046 ], [ 90.52866391200007, 24.284666867000055 ], [ 90.528729752000061, 24.284653654000067 ], [ 90.528802346000077, 24.284635904000027 ], [ 90.529258224000046, 24.284525935000033 ], [ 90.529400297000052, 24.284481410000069 ], [ 90.529524535000064, 24.284442592000062 ], [ 90.529612486000076, 24.284415191000051 ], [ 90.529705358000058, 24.284386643000062 ], [ 90.529788994000057, 24.284358127000075 ], [ 90.529911976000051, 24.284313669000028 ], [ 90.53009030000004, 24.284249260000024 ], [ 90.530252030000042, 24.284192812000072 ], [ 90.530303065000055, 24.284173441000064 ], [ 90.530435892000071, 24.284127254000055 ], [ 90.53046971200007, 24.284115282000073 ], [ 90.530691081000043, 24.284035482000036 ], [ 90.531060644000036, 24.283902665000028 ], [ 90.53112948200004, 24.283870248000028 ], [ 90.531471211000053, 24.283708176000061 ], [ 90.531596591000039, 24.283648467000035 ], [ 90.532080961000077, 24.283431138000026 ], [ 90.53212518600003, 24.283403888000066 ], [ 90.532184199000085, 24.283378279000033 ], [ 90.532457133000037, 24.283259910000027 ], [ 90.532600978000062, 24.283197878000067 ], [ 90.532726995000075, 24.283143246000066 ], [ 90.533065062000048, 24.282990214000051 ], [ 90.533133319000058, 24.282966266000074 ], [ 90.533281474000034, 24.282904217000066 ], [ 90.533408112000075, 24.282850712000027 ], [ 90.533529824000084, 24.28279778700005 ], [ 90.533646004000047, 24.282747140000026 ], [ 90.533668755000065, 24.282739158000027 ], [ 90.533801488000051, 24.282670953000036 ], [ 90.534003046000066, 24.282567508000056 ], [ 90.534334854000065, 24.282391352000047 ], [ 90.53454135700008, 24.282292407000057 ], [ 90.534561011000051, 24.282279918000029 ], [ 90.534683237000081, 24.282202718000065 ], [ 90.534820817000082, 24.282115867000073 ], [ 90.534839827000042, 24.282096608000074 ], [ 90.535050342000034, 24.281926522000049 ], [ 90.535152817000039, 24.281838666000056 ], [ 90.535279243000048, 24.281735484000023 ], [ 90.535459026000069, 24.281579618000023 ], [ 90.535500781000053, 24.281550680000066 ], [ 90.535639415000048, 24.281422056000054 ], [ 90.535757194000041, 24.281312695000054 ], [ 90.535781105000069, 24.281287208000037 ], [ 90.535944806000032, 24.281115028000045 ], [ 90.536084594000044, 24.280967768000039 ], [ 90.536361857000031, 24.280709386000069 ], [ 90.536659948000079, 24.280424396000058 ], [ 90.536690003000047, 24.280396066000037 ], [ 90.536950073000071, 24.280149597000047 ], [ 90.537284495000051, 24.279865608000023 ], [ 90.53738942800004, 24.279777178000074 ], [ 90.537794713000039, 24.279504226000029 ], [ 90.537807585000053, 24.279490070000065 ], [ 90.537883587000067, 24.279404562000025 ], [ 90.537976746000083, 24.279299237000032 ], [ 90.538077291000036, 24.279193324000062 ], [ 90.538112840000053, 24.279153120000046 ], [ 90.538248322000072, 24.279008132000058 ], [ 90.538276525000072, 24.278978679000033 ], [ 90.538422440000033, 24.278825186000063 ], [ 90.538446965000048, 24.278799698000057 ], [ 90.538499695000041, 24.278745321000031 ], [ 90.538540175000037, 24.278706792000037 ], [ 90.538597218000064, 24.278652399000066 ], [ 90.538694738000061, 24.278559478000034 ], [ 90.538714394000067, 24.278547554000056 ], [ 90.538764717000049, 24.278506733000029 ], [ 90.538821792000078, 24.27846024300004 ], [ 90.538908322000054, 24.278389940000068 ], [ 90.53905315600008, 24.278272013000048 ], [ 90.539333070000055, 24.278061032000039 ], [ 90.539376670000081, 24.278032088000032 ], [ 90.539621074000081, 24.277869779000071 ], [ 90.539638897000032, 24.277861248000079 ], [ 90.539856924000048, 24.277723304000062 ], [ 90.539877802000035, 24.277709682000022 ], [ 90.539958872000057, 24.277658590000044 ], [ 90.540091530000041, 24.277574575000074 ], [ 90.540274598000053, 24.277470059000052 ], [ 90.540345243000047, 24.277429731000041 ], [ 90.540463807000037, 24.277362134000043 ], [ 90.540663574000064, 24.277275623000037 ], [ 90.540689390000068, 24.277264241000069 ], [ 90.540899609000064, 24.277173176000076 ], [ 90.541262391000032, 24.277046004000056 ], [ 90.541512646000058, 24.276957619000029 ], [ 90.541710095000042, 24.27690498000004 ], [ 90.541977660000043, 24.27683290300007 ], [ 90.542123438000033, 24.276793998000073 ], [ 90.542487512000037, 24.276681496000037 ], [ 90.542522566000059, 24.276670645000024 ], [ 90.542678773000034, 24.276622107000037 ], [ 90.542703370000083, 24.276614116000076 ], [ 90.54284726800006, 24.276567315000023 ], [ 90.542922907000047, 24.276542771000038 ], [ 90.543170730000043, 24.276462294000055 ], [ 90.543431345000045, 24.276349030000063 ], [ 90.543589926000038, 24.276280161000045 ], [ 90.543719628000076, 24.276226071000053 ], [ 90.543804459000057, 24.276190768000049 ], [ 90.544130691000078, 24.276014047000047 ], [ 90.544329864000076, 24.27593317700007 ], [ 90.544414642000049, 24.275886021000076 ], [ 90.54448588300005, 24.275841172000071 ], [ 90.544749356000068, 24.27567652700003 ], [ 90.544858630000078, 24.27559767300005 ], [ 90.545128128000044, 24.275401957000042 ], [ 90.545188261000078, 24.275352068000075 ], [ 90.545298099000036, 24.27526079200004 ], [ 90.545323869000072, 24.275239249000037 ], [ 90.54542636900004, 24.275160419000031 ], [ 90.545596903000046, 24.275006831000042 ], [ 90.545698732000062, 24.274915018000058 ], [ 90.545777329000032, 24.274862804000065 ], [ 90.545961539000075, 24.274739648000036 ], [ 90.546271476000072, 24.274497500000052 ], [ 90.546330356000055, 24.274442534000059 ], [ 90.546357357000034, 24.274420987000042 ], [ 90.546543300000053, 24.274270729000023 ], [ 90.546579536000081, 24.274248584000077 ], [ 90.546702819000075, 24.274134115000038 ], [ 90.546720586000049, 24.274113165000074 ], [ 90.546846169000048, 24.273960867000028 ], [ 90.546873688000062, 24.273916173000032 ], [ 90.546939719000079, 24.273805296000035 ], [ 90.54702261500006, 24.273606864000044 ], [ 90.547033977000069, 24.273527796000053 ], [ 90.547075906000032, 24.273397249000027 ], [ 90.54708610800003, 24.273335119000023 ], [ 90.547106493000058, 24.273206344000073 ], [ 90.547112788000049, 24.273094552000032 ], [ 90.547126525000067, 24.272851210000056 ], [ 90.547129390000066, 24.272800960000041 ], [ 90.547138541000038, 24.272637226000029 ], [ 90.547129700000085, 24.272585889000027 ], [ 90.547079135000047, 24.272281815000042 ], [ 90.547048778000033, 24.272095079000053 ], [ 90.547038755000074, 24.27205503600004 ], [ 90.546990533000042, 24.271866107000051 ], [ 90.546908188000032, 24.27161803000007 ], [ 90.54686317900007, 24.271460700000034 ], [ 90.546838936000086, 24.271263782000062 ], [ 90.546837572000072, 24.271232740000073 ], [ 90.546828765000043, 24.271189307000043 ], [ 90.546799798000052, 24.271039257000041 ], [ 90.546745691000069, 24.270914135000055 ], [ 90.54672684500008, 24.270826708000072 ], [ 90.546689161000074, 24.270654677000039 ], [ 90.54666796500004, 24.270593788000042 ], [ 90.546562719000065, 24.270317569000042 ], [ 90.546540296000046, 24.270257814000047 ], [ 90.546512774000064, 24.270157434000055 ], [ 90.546391268000036, 24.269822566000073 ], [ 90.546295722000082, 24.269510749000062 ], [ 90.54628757200004, 24.269476909000048 ], [ 90.546221509000077, 24.269291431000056 ], [ 90.546204002000081, 24.269229401000075 ], [ 90.546198376000063, 24.269209664000073 ], [ 90.546189027000082, 24.269183166000062 ], [ 90.546145372000069, 24.269054056000073 ], [ 90.546129596000071, 24.268964360000041 ], [ 90.546079586000076, 24.268788984000025 ], [ 90.546075090000045, 24.26874553500005 ], [ 90.546063505000063, 24.268628728000067 ], [ 90.546024905000081, 24.268385573000046 ], [ 90.545999606000066, 24.268228738000062 ], [ 90.545998617000066, 24.267997303000072 ], [ 90.546002746000056, 24.267954950000046 ], [ 90.546013344000073, 24.267841450000049 ], [ 90.546017959000039, 24.267768616000069 ], [ 90.546019698000066, 24.267743207000024 ], [ 90.545934994000049, 24.267662226000027 ], [ 90.545797031000063, 24.267509745000041 ], [ 90.545652252000082, 24.267347693000033 ], [ 90.545576109000081, 24.26725256800006 ], [ 90.545553824000081, 24.267224989000056 ], [ 90.545453132000034, 24.267148579000036 ], [ 90.545316607000075, 24.267044639000062 ], [ 90.545208502000037, 24.266962611000054 ], [ 90.544958250000036, 24.266758035000066 ], [ 90.544758214000069, 24.266632872000059 ], [ 90.54457039600004, 24.266485084000067 ], [ 90.544459732000064, 24.266379922000056 ], [ 90.544404148000069, 24.266341172000068 ], [ 90.544354745000078, 24.266307479000034 ], [ 90.544246057000066, 24.266232792000039 ], [ 90.544142304000047, 24.266160909000064 ], [ 90.544212744000049, 24.266073726000059 ], [ 90.544377803000032, 24.265938788000028 ], [ 90.544389438000053, 24.265923506000036 ], [ 90.544502916000056, 24.265821490000064 ], [ 90.54461566100008, 24.265691821000075 ], [ 90.544647523000037, 24.26565501500005 ], [ 90.544687964000047, 24.265608581000038 ], [ 90.54472407600008, 24.265557649000073 ], [ 90.544768843000043, 24.265515152000035 ], [ 90.544856542000048, 24.265432424000039 ], [ 90.544994614000075, 24.265322418000039 ], [ 90.545016095000051, 24.265305970000043 ], [ 90.545119194000051, 24.265224880000062 ], [ 90.545275077000042, 24.265104086000065 ], [ 90.545429221000063, 24.265008700000067 ], [ 90.54548883800004, 24.264983083000061 ], [ 90.54562456900004, 24.264901876000067 ], [ 90.54586166100006, 24.264764983000077 ], [ 90.54610331300006, 24.264687345000027 ], [ 90.546151273000078, 24.264671367000062 ], [ 90.546626426000046, 24.264481122000063 ], [ 90.547117769000067, 24.264333717000056 ], [ 90.54721861400003, 24.264302309000072 ], [ 90.547725927000045, 24.264145812000038 ], [ 90.547780008000075, 24.264121909000039 ], [ 90.54781074400006, 24.26410994500003 ], [ 90.547982253000043, 24.264044410000054 ], [ 90.548132245000033, 24.263986857000077 ], [ 90.548273404000042, 24.263879661000033 ], [ 90.548428017000049, 24.263750964000053 ], [ 90.548497346000033, 24.263693138000065 ], [ 90.548674, 24.263535008000076 ], [ 90.548882178000042, 24.26340612000007 ], [ 90.549058276000039, 24.263262105000024 ], [ 90.549314665000054, 24.263032562000035 ], [ 90.549479046000044, 24.262885201000074 ], [ 90.549494380000056, 24.262871598000061 ], [ 90.549539154000058, 24.26283079500007 ], [ 90.549811614000077, 24.262615870000047 ], [ 90.549988263000046, 24.26245773900007 ], [ 90.550180856000054, 24.262284874000045 ], [ 90.550389399000039, 24.262097838000045 ], [ 90.550581378000061, 24.261925541000039 ], [ 90.550669109000069, 24.261851838000041 ], [ 90.550854387000072, 24.261695936000024 ], [ 90.55109439000006, 24.261523462000071 ], [ 90.551139198000044, 24.261491123000042 ], [ 90.551325791000068, 24.26135497100006 ], [ 90.551346632000048, 24.261333444000059 ], [ 90.55157440000005, 24.261179079000044 ], [ 90.551734608000061, 24.261064471000054 ], [ 90.551895307000052, 24.260921074000066 ], [ 90.552039381000043, 24.260777173000065 ], [ 90.55218357800004, 24.260662058000037 ], [ 90.552318457000069, 24.260528349000026 ], [ 90.552504909000049, 24.260360020000064 ], [ 90.552598676000059, 24.260259199000075 ], [ 90.552665478000051, 24.260187268000038 ], [ 90.552790050000056, 24.260090288000072 ], [ 90.552905416000044, 24.260000680000076 ], [ 90.552982725000049, 24.259937741000044 ], [ 90.553082121000045, 24.25985722300004 ], [ 90.553303131000064, 24.259707394000031 ], [ 90.55333386600006, 24.259695993000037 ], [ 90.553417987000046, 24.259642061000022 ], [ 90.553497718000074, 24.259570081000049 ], [ 90.553626519000034, 24.259455022000054 ], [ 90.553651052000077, 24.259432919000062 ], [ 90.553766325000083, 24.259321859000067 ], [ 90.553885976000061, 24.259226589000036 ], [ 90.553995193000048, 24.25913926100003 ], [ 90.554141295000079, 24.25903825000006 ], [ 90.554203298000061, 24.258995687000038 ], [ 90.554234023000049, 24.258982029000038 ], [ 90.554362457000082, 24.258924547000049 ], [ 90.55447240400008, 24.258863183000074 ], [ 90.55461858700005, 24.258781363000026 ], [ 90.554777089000083, 24.258700628000042 ], [ 90.554842209000071, 24.258667086000059 ], [ 90.55512918800008, 24.258539029000076 ], [ 90.555352938000055, 24.258454104000066 ], [ 90.555419296000082, 24.25842225100007 ], [ 90.555458007000084, 24.258404047000056 ], [ 90.555591951000054, 24.258339770000077 ], [ 90.55576779900008, 24.258283243000051 ], [ 90.555926956000064, 24.258212101000026 ], [ 90.556102740000085, 24.258141462000026 ], [ 90.55625404500006, 24.258104782000032 ], [ 90.556249600000058, 24.25807375100004 ], [ 90.556388673000072, 24.25805630900004 ], [ 90.556501161000085, 24.258013560000052 ], [ 90.556724418000044, 24.25795742400004 ], [ 90.55694347900004, 24.257927834000043 ], [ 90.557026553000071, 24.257916803000057 ], [ 90.557281336000074, 24.257889904000024 ], [ 90.557504102000053, 24.257862557000067 ], [ 90.557630878000055, 24.257849109000063 ], [ 90.557806234000054, 24.257821935000038 ], [ 90.557965092000074, 24.257823046000055 ], [ 90.558139960000062, 24.257824662000075 ], [ 90.558331391000081, 24.257812669000032 ], [ 90.558553048000078, 24.257813550000037 ], [ 90.558596765000061, 24.257813953000039 ], [ 90.558759316000078, 24.257815049000044 ], [ 90.558918600000084, 24.257773258000043 ], [ 90.559062064000045, 24.257774424000047 ], [ 90.559253301000069, 24.25771783700003 ], [ 90.559396638000067, 24.257690214000036 ], [ 90.559571377000054, 24.257662478000043 ], [ 90.559747094000045, 24.257577157000071 ], [ 90.559970771000053, 24.25747698400005 ], [ 90.56025829500004, 24.257334240000034 ], [ 90.560452478000059, 24.257247722000045 ], [ 90.560545266000076, 24.257206174000032 ], [ 90.560912152000071, 24.25704958700004 ], [ 90.561279102000071, 24.256907677000072 ], [ 90.561598152000045, 24.256794167000066 ], [ 90.562012373000073, 24.256621034000034 ], [ 90.562316103000057, 24.256524513000045 ], [ 90.562634664000086, 24.256440355000052 ], [ 90.562874346000058, 24.256340684000065 ], [ 90.563097957000082, 24.256226394000066 ], [ 90.563305494000076, 24.256097488000023 ], [ 90.563545473000033, 24.255925561000026 ], [ 90.563737553000067, 24.25578203300006 ], [ 90.563898230000063, 24.255638059000034 ], [ 90.564074301000062, 24.255494591000058 ], [ 90.564284110000074, 24.255322774000035 ], [ 90.564311092000082, 24.255298401000061 ], [ 90.564523273000077, 24.255106253000065 ], [ 90.56482800200007, 24.254818928000077 ], [ 90.564888087000043, 24.254761692000045 ], [ 90.565100840000071, 24.25455994400005 ], [ 90.565205028000037, 24.254451741000025 ], [ 90.56536621500004, 24.254284619000032 ], [ 90.565406052000071, 24.254243265000071 ], [ 90.565586384000085, 24.254089617000034 ], [ 90.565726848000054, 24.253969988000051 ], [ 90.565771604000076, 24.253927486000066 ], [ 90.565847014000042, 24.253855515000055 ], [ 90.565983119000066, 24.253725178000025 ], [ 90.566290783000056, 24.253406792000078 ], [ 90.566267179000079, 24.253360028000031 ], [ 90.566340723000053, 24.25328354800007 ], [ 90.566510914000048, 24.253203887000041 ], [ 90.566769663000059, 24.252963016000024 ], [ 90.566830920000086, 24.252892791000079 ], [ 90.56699508500003, 24.252703642000029 ], [ 90.567219467000086, 24.252487737000024 ], [ 90.567428323000058, 24.25224253600004 ], [ 90.567605294000032, 24.252026242000056 ], [ 90.56775028900006, 24.251819099000045 ], [ 90.567761258000075, 24.251793657000064 ], [ 90.567928258000052, 24.251550304000034 ], [ 90.568041322000056, 24.251362473000029 ], [ 90.568105571000046, 24.251273044000072 ], [ 90.568186339000079, 24.251160411000058 ], [ 90.568314926000085, 24.251001874000053 ], [ 90.568428543000039, 24.250799928000049 ], [ 90.568557129000055, 24.250641391000045 ], [ 90.568680186000051, 24.250485699000023 ], [ 90.568750590000036, 24.250396246000037 ], [ 90.568812390000062, 24.250310214000024 ], [ 90.56889560500008, 24.250194184000065 ], [ 90.569024674000048, 24.250006291000034 ], [ 90.569121307000046, 24.249861986000042 ], [ 90.56920953000008, 24.249764565000078 ], [ 90.569224199000075, 24.249740802000076 ], [ 90.569301227000039, 24.249618019000025 ], [ 90.569361795000077, 24.249531991000026 ], [ 90.569443771000067, 24.249414836000028 ], [ 90.569588721000059, 24.249198660000047 ], [ 90.569795697000075, 24.248947816000054 ], [ 90.56986244400008, 24.248866847000045 ], [ 90.570103729000039, 24.248578620000046 ], [ 90.57040823300008, 24.248247254000034 ], [ 90.570448706000036, 24.248210975000063 ], [ 90.570713615000045, 24.247974591000059 ], [ 90.570953566000071, 24.247802087000025 ], [ 90.571178063000048, 24.247615529000029 ], [ 90.571354049000036, 24.247457378000036 ], [ 90.571562664000055, 24.247299102000056 ], [ 90.571722221000073, 24.247184477000076 ], [ 90.571850509000058, 24.24709875800005 ], [ 90.571949889000052, 24.247019354000031 ], [ 90.571988495000085, 24.246978568000031 ], [ 90.572154295000075, 24.246883676000039 ], [ 90.572329721000074, 24.246738507000032 ], [ 90.572570485000085, 24.246611157000075 ], [ 90.572762186000034, 24.246525762000033 ], [ 90.572908377000033, 24.24645126300004 ], [ 90.573264938000079, 24.24633645800003 ], [ 90.57378852100004, 24.246125063000022 ], [ 90.574027591000061, 24.246032150000076 ], [ 90.574102005000043, 24.246014370000069 ], [ 90.574451270000054, 24.245920476000038 ], [ 90.574494326000035, 24.24591184600007 ], [ 90.574738505000084, 24.245860119000042 ], [ 90.574932878000084, 24.245822130000079 ], [ 90.575025147000076, 24.245804282000051 ], [ 90.575263896000081, 24.245777414000031 ], [ 90.575518101000057, 24.245765163000044 ], [ 90.575739570000053, 24.245728762000056 ], [ 90.575772201000063, 24.245729203000053 ], [ 90.575996902000043, 24.245727224000063 ], [ 90.57604430300006, 24.24572648000003 ], [ 90.576074469000048, 24.245726366000042 ], [ 90.576424653000061, 24.245700203000069 ], [ 90.576710388000038, 24.245717183000068 ], [ 90.577075609000076, 24.245749103000037 ], [ 90.577219217000049, 24.245784686000036 ], [ 90.577376383000058, 24.245824167000023 ], [ 90.577679100000069, 24.245920675000036 ], [ 90.578136616000052, 24.246076993000031 ], [ 90.578643352000086, 24.246226350000029 ], [ 90.579008281000085, 24.246329390000028 ], [ 90.579371995000031, 24.24643582300007 ], [ 90.579577959000062, 24.246510115000035 ], [ 90.57976736300003, 24.246598582000047 ], [ 90.579858682000065, 24.246643393000056 ], [ 90.579942598000059, 24.246684844000072 ], [ 90.580115392000039, 24.246775633000027 ], [ 90.580499169000063, 24.246961579000072 ], [ 90.580591143000049, 24.247014854000042 ], [ 90.580889778000085, 24.247159915000054 ], [ 90.581221866000078, 24.247351137000067 ], [ 90.581409634000067, 24.247485331000064 ], [ 90.581615920000047, 24.247630181000034 ], [ 90.581804977000047, 24.247776787000078 ], [ 90.581890804000068, 24.247831779000023 ], [ 90.58207604100005, 24.247950742000057 ], [ 90.582237209000084, 24.248056249000058 ], [ 90.582327966000037, 24.248112914000046 ], [ 90.582366240000056, 24.248135346000026 ], [ 90.582624274000068, 24.24828676900006 ], [ 90.582751526000038, 24.248380552000071 ], [ 90.582973214000049, 24.248527032000027 ], [ 90.583194290000051, 24.248674080000058 ], [ 90.583462771000086, 24.24882094700007 ], [ 90.583715249000079, 24.24896843700003 ], [ 90.583952400000044, 24.249130098000023 ], [ 90.584172862000059, 24.249277147000043 ], [ 90.584394005000036, 24.249438305000069 ], [ 90.584431099000085, 24.249472032000028 ], [ 90.58455289300008, 24.249583332000043 ], [ 90.584569588000079, 24.249599074000059 ], [ 90.584724660000063, 24.249717019000059 ], [ 90.584898263000071, 24.249849006000034 ], [ 90.584989121000035, 24.249926556000048 ], [ 90.585087395000073, 24.25001028500003 ], [ 90.58522940000006, 24.250098363000063 ], [ 90.585307991000036, 24.25018612100007 ], [ 90.585449100000062, 24.250347020000049 ], [ 90.58548255900007, 24.250393744000064 ], [ 90.58554328300005, 24.250478747000045 ], [ 90.585652507000077, 24.250667994000025 ], [ 90.585777193000069, 24.250872421000054 ], [ 90.585871026000063, 24.251061727000035 ], [ 90.585930701000052, 24.251186248000067 ], [ 90.586010887000043, 24.251353026000061 ], [ 90.586104241000044, 24.251571687000023 ], [ 90.586165924000056, 24.251731763000066 ], [ 90.586212151000041, 24.251877222000076 ], [ 90.586289845000067, 24.252037801000029 ], [ 90.586462075000043, 24.252271398000062 ], [ 90.586666802000082, 24.252476081000054 ], [ 90.586808463000068, 24.252622300000041 ], [ 90.586949992000086, 24.252739731000077 ], [ 90.587060052000083, 24.252842043000044 ], [ 90.587170731000072, 24.252944916000047 ], [ 90.587233316000038, 24.25303217000004 ], [ 90.587358970000082, 24.253178450000064 ], [ 90.587453024000069, 24.253280823000068 ], [ 90.58754028900006, 24.253379836000079 ], [ 90.587557086000061, 24.253417591000073 ], [ 90.587672316000067, 24.253572943000052 ], [ 90.587827385000082, 24.253822411000044 ], [ 90.587855853000065, 24.253854477000061 ], [ 90.588017468000032, 24.254054809000024 ], [ 90.588221171000043, 24.254303523000033 ], [ 90.588329596000051, 24.254450998000038 ], [ 90.588361194000072, 24.254494341000054 ], [ 90.588520028000062, 24.254625252000039 ], [ 90.588678318000063, 24.254771970000036 ], [ 90.588724695000053, 24.25481525500004 ], [ 90.588945241000033, 24.254976973000055 ], [ 90.58902489500008, 24.255027468000037 ], [ 90.589247195000041, 24.255168858000047 ], [ 90.589573598000072, 24.255321132000063 ], [ 90.589624811000078, 24.255345206000072 ], [ 90.589972744000079, 24.25549344600006 ], [ 90.590046157000074, 24.255525338000041 ], [ 90.59024172900007, 24.255611509000062 ], [ 90.590526246000081, 24.255759428000033 ], [ 90.590795234000041, 24.255877489000056 ], [ 90.591019212000049, 24.255982178000068 ], [ 90.59111176600004, 24.256025284000032 ], [ 90.591475163000041, 24.256188136000048 ], [ 90.591531874000054, 24.256202592000022 ], [ 90.591556258000082, 24.256149999000058 ], [ 90.592069953000077, 24.256327507000037 ], [ 90.592395623000073, 24.256453248000071 ], [ 90.593067935000079, 24.256713113000046 ], [ 90.593581001000075, 24.256887230000075 ], [ 90.593900532000077, 24.257015815000045 ], [ 90.594038089000037, 24.257071161000056 ], [ 90.594158376000053, 24.257119802000034 ], [ 90.594607416000031, 24.257294166000065 ], [ 90.595258967000063, 24.257457011000042 ], [ 90.595311978000041, 24.257470351000052 ], [ 90.595415578000086, 24.257504944000061 ], [ 90.595469850000086, 24.257524488000058 ], [ 90.595706061000044, 24.257609929000068 ], [ 90.595954608000056, 24.257699837000075 ], [ 90.596211911000069, 24.257819064000046 ], [ 90.596382831000085, 24.257898551000039 ], [ 90.596465515000034, 24.257937176000041 ], [ 90.596571659000062, 24.25798925600003 ], [ 90.597430906000056, 24.258457792000058 ], [ 90.597488878000036, 24.258478450000041 ], [ 90.597616099000049, 24.258560929000055 ], [ 90.597805737000044, 24.258692837000069 ], [ 90.598026847000085, 24.258839863000048 ], [ 90.598066963000065, 24.258860027000026 ], [ 90.598232362000033, 24.258943486000078 ], [ 90.598421798000061, 24.25903192800007 ], [ 90.598579834000077, 24.259120494000058 ], [ 90.598706398000047, 24.259193943000071 ], [ 90.598880372000053, 24.259267770000065 ], [ 90.598963735000041, 24.259319374000029 ], [ 90.599022399000035, 24.259355834000075 ], [ 90.599196512000049, 24.259459013000026 ], [ 90.599369599000056, 24.259605663000059 ], [ 90.599542685000074, 24.259752309000078 ], [ 90.599699830000077, 24.259913132000065 ], [ 90.59984206200005, 24.260045225000056 ], [ 90.59999872700007, 24.260234838000031 ], [ 90.600140893000059, 24.260352255000043 ], [ 90.600250491000054, 24.260483911000051 ], [ 90.600360639000087, 24.260600887000066 ], [ 90.600501777000034, 24.260761772000023 ], [ 90.60067493300005, 24.260922531000062 ], [ 90.600784602000033, 24.261068863000048 ], [ 90.60098800600008, 24.261245872000075 ], [ 90.601273152000033, 24.261522470000045 ], [ 90.601587862000031, 24.261800644000061 ], [ 90.601808024000036, 24.262005810000062 ], [ 90.602076762000081, 24.262196669000048 ], [ 90.60229726700004, 24.262343692000059 ], [ 90.602628950000053, 24.262564220000058 ], [ 90.60286601200005, 24.262696497000036 ], [ 90.603035311000042, 24.262821705000079 ], [ 90.603141458000039, 24.262873217000049 ], [ 90.603346352000074, 24.262973447000036 ], [ 90.603730076000033, 24.263130543000045 ], [ 90.604050802000074, 24.263246682000045 ], [ 90.604432581000083, 24.263382898000032 ], [ 90.604797817000076, 24.263536115000022 ], [ 90.604834219000054, 24.263551776000043 ], [ 90.605077297000037, 24.263653545000068 ], [ 90.605579229000057, 24.26393717600007 ], [ 90.60630345900006, 24.264224433000038 ], [ 90.606598332000033, 24.264341233000039 ], [ 90.606635346000076, 24.264355763000026 ], [ 90.606785867000042, 24.264415562000067 ], [ 90.607042467000042, 24.264511064000033 ], [ 90.607027250000044, 24.264548380000065 ], [ 90.607220426000083, 24.264643571000079 ], [ 90.607243288000063, 24.264660414000048 ], [ 90.607554898000046, 24.264800291000029 ], [ 90.607643137000082, 24.264840016000051 ], [ 90.607993633000035, 24.264999493000062 ], [ 90.608009696000067, 24.265010718000042 ], [ 90.608165175000067, 24.26507670500007 ], [ 90.60845013900007, 24.265180559000044 ], [ 90.608687690000068, 24.265284037000072 ], [ 90.608845600000052, 24.265343241000039 ], [ 90.609019661000048, 24.265431732000025 ], [ 90.609241682000061, 24.265506483000024 ], [ 90.609479164000049, 24.265595284000028 ], [ 90.609623477000071, 24.265643251000029 ], [ 90.609715365000056, 24.265673365000055 ], [ 90.609888009000031, 24.265723475000073 ], [ 90.610103197000058, 24.265785270000038 ], [ 90.610179671000083, 24.265810929000054 ], [ 90.61028947300008, 24.265852825000024 ], [ 90.610524405000035, 24.265923006000037 ], [ 90.610746288000087, 24.265968403000045 ], [ 90.610999665000065, 24.266032865000057 ], [ 90.611159859000054, 24.266054236000059 ], [ 90.61128061800008, 24.266069557000037 ], [ 90.611467728000036, 24.266053563000071 ], [ 90.611508353000033, 24.266051143000027 ], [ 90.611699798000075, 24.266040212000064 ], [ 90.61173180600008, 24.266038388000027 ], [ 90.61198541300007, 24.266022127000042 ], [ 90.612075247000064, 24.266008783000075 ], [ 90.612254874000087, 24.265973626000061 ], [ 90.61230351100005, 24.265972301000033 ], [ 90.612478362000047, 24.265968211000029 ], [ 90.612670777000062, 24.265903084000058 ], [ 90.612939766000068, 24.265884501000073 ], [ 90.613162604000081, 24.265872314000035 ], [ 90.61325185000004, 24.265864615000055 ], [ 90.613458034000075, 24.265846285000066 ], [ 90.613518990000046, 24.265846039000053 ], [ 90.61373511000005, 24.265845166000076 ], [ 90.613972946000047, 24.265878640000039 ], [ 90.614258731000064, 24.265895550000039 ], [ 90.614480614000058, 24.265940940000064 ], [ 90.614719053000044, 24.26597158800007 ], [ 90.614956808000045, 24.265988126000025 ], [ 90.615115745000082, 24.266003853000029 ], [ 90.615256785000042, 24.266011186000071 ], [ 90.615496905000043, 24.266007391000073 ], [ 90.615640377000034, 24.266008505000059 ], [ 90.615751284000055, 24.266023861000065 ], [ 90.615973169000085, 24.266069249000054 ], [ 90.61614813500006, 24.266089426000065 ], [ 90.616168449000043, 24.266088215000025 ], [ 90.616350655000076, 24.26607675200006 ], [ 90.616376721000051, 24.266119546000027 ], [ 90.616528865000078, 24.266131347000055 ], [ 90.616751228000055, 24.266147945000057 ], [ 90.617020597000078, 24.266208381000069 ], [ 90.617231909000054, 24.266231796000056 ], [ 90.617273902000079, 24.266257027000051 ], [ 90.617950693000068, 24.266657882000061 ], [ 90.618340320000073, 24.267011357000058 ], [ 90.618587159000072, 24.267123248000075 ], [ 90.618663237000078, 24.267194065000069 ], [ 90.618741457000056, 24.267325270000072 ], [ 90.618835614000034, 24.267441735000034 ], [ 90.618930319000071, 24.267544085000054 ], [ 90.619056429000068, 24.267646872000057 ], [ 90.619100317000061, 24.267682255000068 ], [ 90.619166460000031, 24.267735048000077 ], [ 90.619388082000057, 24.267852687000072 ], [ 90.619625102000043, 24.267970825000077 ], [ 90.61994162700006, 24.268103881000059 ], [ 90.620021815000086, 24.268132908000041 ], [ 90.620147031000045, 24.268178120000073 ], [ 90.620323943000074, 24.268217476000075 ], [ 90.620369597000035, 24.268235919000062 ], [ 90.620606963000057, 24.268298170000037 ], [ 90.620939836000048, 24.268373583000027 ], [ 90.621241301000055, 24.268448557000056 ], [ 90.621558637000078, 24.268494674000067 ], [ 90.621827414000052, 24.268558492000068 ], [ 90.621900108000034, 24.268565533000071 ], [ 90.622270967000077, 24.268601835000027 ], [ 90.622417557000063, 24.268610267000042 ], [ 90.622461848000057, 24.268601619000037 ], [ 90.622669846000065, 24.268575930000054 ], [ 90.622778810000057, 24.268570968000063 ], [ 90.622956111000065, 24.268563469000071 ], [ 90.623092772000064, 24.26855613500004 ], [ 90.62317833700007, 24.268551269000056 ], [ 90.623435567000058, 24.268519733000062 ], [ 90.623512532000063, 24.268518852000057 ], [ 90.623558066000044, 24.268512456000053 ], [ 90.62373036300005, 24.268489168000031 ], [ 90.623754364000035, 24.268486248000045 ], [ 90.623754245000043, 24.268461975000037 ], [ 90.623878661000049, 24.268469368000069 ], [ 90.624165330000039, 24.268414002000043 ], [ 90.624252722000051, 24.26840461300003 ], [ 90.62447486700006, 24.268375475000028 ], [ 90.624546248000058, 24.268366150000077 ], [ 90.624691534000078, 24.268359909000026 ], [ 90.624753695000038, 24.268354009000063 ], [ 90.624833112000033, 24.268350860000055 ], [ 90.624972832000083, 24.268339561000062 ], [ 90.625315593000039, 24.268296380000038 ], [ 90.62546937500008, 24.268264702000067 ], [ 90.625740031000078, 24.268208832000028 ], [ 90.625951086000043, 24.268178613000032 ], [ 90.626026769000077, 24.268167576000053 ], [ 90.626312890000065, 24.268126319000032 ], [ 90.626552213000082, 24.268084689000034 ], [ 90.626806455000064, 24.268072352000047 ], [ 90.62699598100005, 24.268046735000041 ], [ 90.627108586000077, 24.268031030000031 ], [ 90.627347219000058, 24.267974725000045 ], [ 90.627618501000086, 24.267921110000032 ], [ 90.627905011000053, 24.267834126000025 ], [ 90.628143716000068, 24.267792498000063 ], [ 90.628414441000075, 24.267751300000043 ], [ 90.628701106000051, 24.267695361000051 ], [ 90.629035587000033, 24.267596887000025 ], [ 90.629433562000031, 24.267512826000029 ], [ 90.629720153000051, 24.267442774000074 ], [ 90.63002524500007, 24.267378288000032 ], [ 90.630274823000036, 24.26729427500004 ], [ 90.63058962000008, 24.267200395000032 ], [ 90.630689896000035, 24.267181916000027 ], [ 90.630899550000038, 24.267118389000075 ], [ 90.631138582000062, 24.267018613000062 ], [ 90.631334054000035, 24.266951193000068 ], [ 90.63142253400008, 24.266913005000049 ], [ 90.631533750000074, 24.266865693000057 ], [ 90.632258163000074, 24.266553346000023 ], [ 90.63249525100008, 24.266434383000046 ], [ 90.632650073000036, 24.266364875000079 ], [ 90.63271517000004, 24.266330169000071 ], [ 90.632962659000043, 24.26619818000006 ], [ 90.633182278000049, 24.266033568000068 ], [ 90.633454124000082, 24.265846721000059 ], [ 90.633678085000042, 24.265688863000037 ], [ 90.633808138000063, 24.26559123100003 ], [ 90.633870098000045, 24.265545248000024 ], [ 90.634030309000082, 24.265445233000037 ], [ 90.634139530000084, 24.265368573000046 ], [ 90.634173893000082, 24.265344721000076 ], [ 90.634397995000086, 24.265215650000073 ], [ 90.634590006000053, 24.26507203400007 ], [ 90.634696771000051, 24.264997079000068 ], [ 90.634809669000049, 24.264917016000027 ], [ 90.635008304000053, 24.26474345400004 ], [ 90.635264570000061, 24.264519979000056 ], [ 90.635316681000063, 24.264474602000064 ], [ 90.635388962000036, 24.264399225000034 ], [ 90.635429393000038, 24.264357285000074 ], [ 90.636033415000043, 24.263489412000069 ], [ 90.636793234000038, 24.262874338000074 ], [ 90.636814078000043, 24.262856186000079 ], [ 90.636980215000051, 24.262710983000034 ], [ 90.637227308000035, 24.26250165700003 ], [ 90.637269002000039, 24.262466483000026 ], [ 90.637492952000059, 24.262308620000056 ], [ 90.637668875000031, 24.262150391000034 ], [ 90.637828932000048, 24.262021019000031 ], [ 90.637973523000085, 24.261877034000065 ], [ 90.638117644000033, 24.261762404000024 ], [ 90.638231819000055, 24.261692495000034 ], [ 90.638325728000041, 24.261633395000047 ], [ 90.638468905000082, 24.261576345000037 ], [ 90.638697021000041, 24.261513295000043 ], [ 90.638724710000076, 24.261509793000073 ], [ 90.639010649000056, 24.261435773000073 ], [ 90.639281284000049, 24.261379882000028 ], [ 90.639535908000084, 24.261323492000031 ], [ 90.639658938000082, 24.261300960000028 ], [ 90.639719223000043, 24.261289981000061 ], [ 90.639917919000084, 24.261254148000035 ], [ 90.64034558000003, 24.261202109000067 ], [ 90.64069747800005, 24.261144179000041 ], [ 90.64092030200004, 24.261131387000034 ], [ 90.641047687000082, 24.261117867000053 ], [ 90.641103131000079, 24.261123842000075 ], [ 90.641221075000033, 24.26106915400004 ], [ 90.641304253000044, 24.261080657000036 ], [ 90.641341594000039, 24.261160092000068 ], [ 90.641571356000043, 24.261180008000053 ], [ 90.641762164000056, 24.261167349000061 ], [ 90.641889004000063, 24.261167943000032 ], [ 90.64202434200007, 24.261144228000035 ], [ 90.642048358000068, 24.261144691000027 ], [ 90.64227108700004, 24.261113270000067 ], [ 90.642477756000062, 24.261071189000063 ], [ 90.642716517000053, 24.261044214000037 ], [ 90.642891782000049, 24.261001702000044 ], [ 90.643082986000081, 24.260945575000051 ], [ 90.643274189000067, 24.260888883000064 ], [ 90.643433840000057, 24.260802971000032 ], [ 90.643689402000064, 24.260688994000077 ], [ 90.643944348000048, 24.260575019000044 ], [ 90.64432729300006, 24.260447518000035 ], [ 90.644512445000032, 24.260412301000031 ], [ 90.644555504000039, 24.26040421600004 ], [ 90.645059597000056, 24.260247975000027 ], [ 90.64528398200008, 24.260178721000045 ], [ 90.645762255000079, 24.260030492000055 ], [ 90.646019193000086, 24.259945858000037 ], [ 90.646255770000039, 24.259852842000043 ], [ 90.646414878000087, 24.259781608000026 ], [ 90.646606076000069, 24.259724910000045 ], [ 90.646765800000082, 24.259653671000024 ], [ 90.646877571000061, 24.259596747000046 ], [ 90.647005275000083, 24.25952508000006 ], [ 90.647134833000052, 24.259455098000046 ], [ 90.647286963000056, 24.259343250000029 ], [ 90.647487639000076, 24.259213129000045 ], [ 90.647609764000038, 24.259134146000065 ], [ 90.647757048000074, 24.259038122000049 ], [ 90.64790610700004, 24.258928542000035 ], [ 90.648074185000041, 24.258805334000044 ], [ 90.648173543000041, 24.25872927100005 ], [ 90.648222627000052, 24.258695193000051 ], [ 90.648385223000048, 24.258583861000034 ], [ 90.648569316000078, 24.258462278000025 ], [ 90.648587095000039, 24.25844696200005 ], [ 90.648975736000068, 24.25811000300007 ], [ 90.649247346000038, 24.258005544000071 ], [ 90.649293433000082, 24.257987849000074 ], [ 90.649274830000081, 24.257961963000071 ], [ 90.649316395000085, 24.257901950000075 ], [ 90.649483869000051, 24.257660767000061 ], [ 90.649557863000041, 24.257561102000068 ], [ 90.649599433000049, 24.257502783000064 ], [ 90.649865977000047, 24.257129088000056 ], [ 90.649923510000065, 24.257061671000031 ], [ 90.650392126000042, 24.256833875000041 ], [ 90.651356449000048, 24.25650065800005 ], [ 90.651379646000066, 24.256461610000031 ], [ 90.651623242000085, 24.256056399000045 ], [ 90.652214429000082, 24.255598329000065 ], [ 90.652362401000062, 24.255397870000024 ], [ 90.652410821000046, 24.255354762000024 ], [ 90.652602171000069, 24.255088636000039 ], [ 90.652942741000061, 24.254745664000041 ], [ 90.653196403000038, 24.254504672000053 ], [ 90.653783526000041, 24.254097418000072 ], [ 90.654220400000042, 24.253204227000026 ], [ 90.654924473000051, 24.252552611000056 ], [ 90.655656924000084, 24.251793618000079 ], [ 90.656389918000059, 24.251141871000073 ], [ 90.656870192000042, 24.250912877000076 ], [ 90.65705996500003, 24.250822307000078 ], [ 90.657114013000069, 24.250796670000057 ], [ 90.657418634000067, 24.250651413000071 ], [ 90.657724040000062, 24.25053889000003 ], [ 90.658682660000068, 24.25018702400007 ], [ 90.659231587000079, 24.250020948000042 ], [ 90.660238029000084, 24.249751278000076 ], [ 90.661300724000057, 24.249527081000053 ], [ 90.663032328000043, 24.249243514000057 ], [ 90.663592784000059, 24.249046890000045 ], [ 90.663890087000084, 24.248916892000068 ], [ 90.664164792000065, 24.248822554000071 ], [ 90.664220688000057, 24.248797472000035 ], [ 90.664825417000031, 24.248472514000071 ], [ 90.664905228000066, 24.248429830000077 ], [ 90.665482453000038, 24.248025397000049 ], [ 90.665832274000081, 24.247814445000074 ], [ 90.666374790000077, 24.247603213000048 ], [ 90.666898977000074, 24.247182638000027 ], [ 90.667336632000058, 24.247052018000034 ], [ 90.667529519000084, 24.246970451000038 ], [ 90.667861989000073, 24.246856661000038 ], [ 90.668071694000048, 24.246694863000073 ], [ 90.66840618100008, 24.246614367000063 ], [ 90.668762879000042, 24.246424829000034 ], [ 90.669749901000046, 24.246218405000036 ], [ 90.669856860000039, 24.246187452000072 ], [ 90.670292688000075, 24.246061347000023 ], [ 90.670600653000065, 24.245971932000032 ], [ 90.671154503000082, 24.245811436000054 ], [ 90.671212901000047, 24.245794809000074 ], [ 90.671541172000047, 24.245703608000042 ], [ 90.672496761000048, 24.245726483000055 ], [ 90.673395090000042, 24.245748475000028 ], [ 90.673436987000059, 24.245754500000032 ], [ 90.673547878000079, 24.245769250000023 ], [ 90.674191050000047, 24.245853896000028 ], [ 90.674428098000078, 24.24585905400005 ], [ 90.674687150000068, 24.245834197000079 ], [ 90.674725916000057, 24.245830639000076 ], [ 90.675137999000071, 24.245639148000066 ], [ 90.675352290000035, 24.245532074000039 ], [ 90.67563227800008, 24.245391405000078 ], [ 90.676453738000077, 24.245080679000068 ], [ 90.676910853000038, 24.244907609000052 ], [ 90.676976593000063, 24.244882481000047 ], [ 90.677848749000077, 24.244497010000032 ], [ 90.677873930000032, 24.244485608000048 ], [ 90.67823401000004, 24.244357561000072 ], [ 90.67851599800008, 24.244246795000038 ], [ 90.679203322000035, 24.244068177000031 ], [ 90.679382839000084, 24.244021653000061 ], [ 90.680295804000082, 24.243903549000038 ], [ 90.680742441000064, 24.243845668000063 ], [ 90.681300771000053, 24.243606088000035 ], [ 90.681550822000077, 24.243510701000048 ], [ 90.681807997000078, 24.243827915000054 ], [ 90.682252326000082, 24.244376289000058 ], [ 90.682287032000033, 24.244419599000025 ], [ 90.682511570000031, 24.244388110000045 ], [ 90.682636513000034, 24.244382469000072 ], [ 90.682708497000078, 24.244374244000028 ], [ 90.682895006000081, 24.244369455000026 ], [ 90.682903532000068, 24.244351917000074 ], [ 90.682950300000073, 24.244348320000029 ], [ 90.682978641000034, 24.243890968000073 ], [ 90.683023453000033, 24.243175009000026 ], [ 90.683103968000069, 24.24188199300005 ], [ 90.683174977000078, 24.241806598000039 ], [ 90.683588790000044, 24.241367834000073 ], [ 90.68371045400005, 24.241209797000067 ], [ 90.683962919000066, 24.240876186000037 ], [ 90.684222903000034, 24.240682531000061 ], [ 90.684379253000031, 24.240564416000041 ], [ 90.684542844000077, 24.240419172000031 ], [ 90.684797113000059, 24.240193367000074 ], [ 90.684927592000065, 24.240072545000032 ], [ 90.685194434000039, 24.239780641000038 ], [ 90.685291985000049, 24.239604083000074 ], [ 90.68538703300004, 24.239305046000027 ], [ 90.685400314000049, 24.239255878000051 ], [ 90.685426759000052, 24.239136088000066 ], [ 90.685512755000047, 24.238641218000055 ], [ 90.685531870000034, 24.238532188000079 ], [ 90.685554246000038, 24.238457012000026 ], [ 90.685560298000041, 24.23843779300006 ], [ 90.685629232000053, 24.238205482000069 ], [ 90.685672776000047, 24.238060214000029 ], [ 90.685745889000032, 24.237573869000073 ], [ 90.685666825000055, 24.236949347000063 ], [ 90.685605309000039, 24.236727785000028 ], [ 90.685595957000032, 24.236590659000058 ], [ 90.685519897000063, 24.236412062000056 ], [ 90.685496575000059, 24.236309996000045 ], [ 90.685464550000063, 24.236077576000071 ], [ 90.685398621000047, 24.235836276000043 ], [ 90.685353287000055, 24.235647380000046 ], [ 90.685248528000045, 24.235397223000064 ], [ 90.685130002000051, 24.235219947000076 ], [ 90.685067410000045, 24.235026613000059 ], [ 90.684957433000079, 24.234836313000073 ], [ 90.684876871000085, 24.23462104500004 ], [ 90.684801593000032, 24.234472926000024 ], [ 90.684661587000051, 24.234307599000033 ], [ 90.684612589000039, 24.234238954000034 ], [ 90.684527615000036, 24.234119666000026 ], [ 90.684417143000076, 24.233951384000022 ], [ 90.68431101200008, 24.233789291000051 ], [ 90.684105676000058, 24.233609017000049 ], [ 90.683954361000076, 24.233400274000076 ], [ 90.68388906000007, 24.233275819000028 ], [ 90.683751808000068, 24.233049514000072 ], [ 90.683465126000044, 24.232736388000035 ], [ 90.683188398000084, 24.232442971000069 ], [ 90.68310106000007, 24.232341193000025 ], [ 90.68301372600007, 24.232240543000046 ], [ 90.682857628000079, 24.232057788000077 ], [ 90.682698895000044, 24.231842870000037 ], [ 90.682621616000063, 24.231664840000064 ], [ 90.682534897000039, 24.231563623000056 ], [ 90.682366138000077, 24.231430597000042 ], [ 90.682247289000031, 24.231306945000028 ], [ 90.682193324000082, 24.231229853000059 ], [ 90.682072654000081, 24.231110725000065 ], [ 90.681890945000077, 24.230973241000072 ], [ 90.681773431000067, 24.230868776000023 ], [ 90.681636560000072, 24.230712463000032 ], [ 90.681479720000084, 24.230505437000033 ], [ 90.681328069000074, 24.230348061000029 ], [ 90.681062957000051, 24.230153373000064 ], [ 90.680942049000066, 24.229989087000035 ], [ 90.680825793000054, 24.229889129000071 ], [ 90.680758908000087, 24.229813223000065 ], [ 90.680722924000065, 24.22976032300005 ], [ 90.680624005000084, 24.229679481000062 ], [ 90.680476945000066, 24.229574580000076 ], [ 90.680430526000066, 24.229527372000064 ], [ 90.679871087000038, 24.229199085000062 ], [ 90.679506041000081, 24.22884735100007 ], [ 90.67935383400004, 24.228700138000079 ], [ 90.679071724000039, 24.228548986000078 ], [ 90.678912397000033, 24.228452043000061 ], [ 90.678820893000079, 24.228376246000039 ], [ 90.678616567000063, 24.228267083000048 ], [ 90.678510872000061, 24.228185140000051 ], [ 90.678465864000032, 24.228171229000054 ], [ 90.678323799000054, 24.228079287000071 ], [ 90.678290307000054, 24.228031457000043 ], [ 90.678055245000053, 24.227930333000074 ], [ 90.677929288000087, 24.227857510000035 ], [ 90.677709485000037, 24.227731481000035 ], [ 90.677600320000067, 24.227691325000023 ], [ 90.677568832000077, 24.227673401000061 ], [ 90.677524299000083, 24.227632957000026 ], [ 90.677307176000056, 24.22754812200003 ], [ 90.677201579000041, 24.22748424100007 ], [ 90.676983110000037, 24.227377398000044 ], [ 90.676876428000071, 24.227341180000053 ], [ 90.676270204000048, 24.226775443000065 ], [ 90.676026308000075, 24.226632585000061 ], [ 90.675789703000078, 24.226471064000066 ], [ 90.67556856200008, 24.226324152000075 ], [ 90.67525293500006, 24.226118388000032 ], [ 90.67515779200005, 24.226052202000062 ], [ 90.675004285000057, 24.226124006000077 ], [ 90.674943754000083, 24.226084762000028 ], [ 90.674907212000051, 24.226042022000058 ], [ 90.674757247000059, 24.225968176000038 ], [ 90.674586829000077, 24.225867891000064 ], [ 90.674579684000037, 24.225796797000044 ], [ 90.674529088000043, 24.225773877000051 ], [ 90.674476445000039, 24.225712582000028 ], [ 90.674330292000036, 24.225661297000045 ], [ 90.674398271000086, 24.225595516000055 ], [ 90.674457051000047, 24.225536551000062 ], [ 90.674322760000052, 24.225399977000052 ], [ 90.67410239700007, 24.225166128000069 ], [ 90.673930049000035, 24.224932632000048 ], [ 90.673836644000062, 24.224728704000029 ], [ 90.673649063000084, 24.224407780000035 ], [ 90.673461489000033, 24.224087421000036 ], [ 90.673226671000066, 24.223679212000036 ], [ 90.67303963300003, 24.223343607000061 ], [ 90.672820824000041, 24.222935891000077 ], [ 90.672649252000042, 24.222614896000039 ], [ 90.672587862000057, 24.222411389000058 ], [ 90.672525470000039, 24.222251354000036 ], [ 90.672495470000058, 24.222047708000048 ], [ 90.67248201600006, 24.221829878000051 ], [ 90.672484414000053, 24.221583191000036 ], [ 90.672486733000085, 24.221321824000029 ], [ 90.672490371000038, 24.22095941200007 ], [ 90.672446303000072, 24.220537940000042 ], [ 90.672418008000079, 24.220189781000045 ], [ 90.672409980000054, 24.219833065000046 ], [ 90.672368809000034, 24.219728817000032 ], [ 90.672359674000063, 24.219630074000065 ], [ 90.672348089000081, 24.219533599000044 ], [ 90.672370929000067, 24.219429070000047 ], [ 90.672355651000032, 24.219332610000038 ], [ 90.672341062000044, 24.21925026100007 ], [ 90.672344892000069, 24.219159362000028 ], [ 90.672329020000063, 24.219066858000076 ], [ 90.672315, 24.21897603900004 ], [ 90.672320066000054, 24.218885699000055 ], [ 90.672311040000068, 24.218807841000057 ], [ 90.672320478000074, 24.218729336000024 ], [ 90.672310652000078, 24.218616483000062 ], [ 90.672315161000085, 24.218537437000066 ], [ 90.672313515000042, 24.218458416000033 ], [ 90.67233212800005, 24.218369146000043 ], [ 90.67233658300006, 24.218279938000023 ], [ 90.672341708000033, 24.218200889000059 ], [ 90.672349792000034, 24.218099247000055 ], [ 90.672359665000045, 24.21798687200004 ], [ 90.672317258000078, 24.217881500000033 ], [ 90.672285319000082, 24.217777212000044 ], [ 90.672394089000079, 24.217743992000067 ], [ 90.672393358000079, 24.217721981000068 ], [ 90.67238068100005, 24.217417217000047 ], [ 90.672336380000047, 24.217068564000044 ], [ 90.672291617000042, 24.216748701000029 ], [ 90.672230540000044, 24.216487052000048 ], [ 90.672170777000076, 24.21612379000004 ], [ 90.67212601600005, 24.215804491000029 ], [ 90.672049712000046, 24.215455415000065 ], [ 90.671988946000056, 24.215135621000059 ], [ 90.671943875000068, 24.214873902000079 ], [ 90.671914882000067, 24.214626787000043 ], [ 90.671901989000048, 24.214515642000038 ], [ 90.671885200000077, 24.214365563000058 ], [ 90.671855280000045, 24.214176594000037 ], [ 90.671810134000054, 24.213900763000026 ], [ 90.671797067000057, 24.213638901000024 ], [ 90.671752697000045, 24.213276135000058 ], [ 90.67174033100008, 24.212913229000037 ], [ 90.671730436000075, 24.21266941600004 ], [ 90.671727578000059, 24.212593788000049 ], [ 90.671730676000038, 24.212245491000033 ], [ 90.671733149000033, 24.21201291400007 ], [ 90.67178332800006, 24.211723113000062 ], [ 90.671850287000041, 24.211346308000032 ], [ 90.671869002000051, 24.211041970000053 ], [ 90.671903642000075, 24.210722886000042 ], [ 90.671938509000086, 24.210447266000074 ], [ 90.672004228000048, 24.210186750000048 ], [ 90.672070409000071, 24.209896880000031 ], [ 90.672104814000079, 24.209650613000065 ], [ 90.672138755000049, 24.209433139000055 ], [ 90.672140689000059, 24.209215241000038 ], [ 90.672126158000083, 24.209026203000064 ], [ 90.672081164000076, 24.208779160000063 ], [ 90.672020093000071, 24.208517509000046 ], [ 90.671943946000056, 24.208197785000038 ], [ 90.671883263000041, 24.207892668000056 ], [ 90.671790650000048, 24.207601803000045 ], [ 90.671745428000065, 24.207310731000064 ], [ 90.671716440000068, 24.207064179000042 ], [ 90.671687682000083, 24.206744246000028 ], [ 90.671658003000061, 24.206483021000054 ], [ 90.671628553000062, 24.206265261000055 ], [ 90.671614948000069, 24.206018078000056 ], [ 90.671616961000041, 24.205814856000075 ], [ 90.671619360000079, 24.205568167000024 ], [ 90.671653071000037, 24.205307229000027 ], [ 90.671687013000053, 24.205089753000038 ], [ 90.671689413000081, 24.204843064000045 ], [ 90.671739203000072, 24.204596730000048 ], [ 90.671796172000086, 24.204428264000057 ], [ 90.671819984000081, 24.204392032000044 ], [ 90.671869471000036, 24.204322947000037 ], [ 90.671881479000035, 24.204265317000022 ], [ 90.671956519000048, 24.204139671000064 ], [ 90.672067606000041, 24.203963628000054 ], [ 90.67212190500004, 24.203873071000032 ], [ 90.672203280000076, 24.203781831000072 ], [ 90.672267428000055, 24.203691795000054 ], [ 90.672350730000062, 24.20361635200004 ], [ 90.672416953000038, 24.203452360000028 ], [ 90.672491256000058, 24.203303573000028 ], [ 90.672577925000041, 24.203166021000072 ], [ 90.672665330000086, 24.203051045000052 ], [ 90.672752978000062, 24.202982921000057 ], [ 90.672865495000053, 24.202845255000057 ], [ 90.672940950000054, 24.202799198000037 ], [ 90.67300330900008, 24.202719896000076 ], [ 90.673092658000087, 24.202624104000051 ], [ 90.673208068000065, 24.202451427000028 ], [ 90.673236172000031, 24.202412355000035 ], [ 90.673263158000054, 24.202394737000077 ], [ 90.673315140000057, 24.202331847000039 ], [ 90.673378403000072, 24.202307861000065 ], [ 90.673453125000037, 24.202239228000053 ], [ 90.673615192000057, 24.202044895000029 ], [ 90.673765367000044, 24.201930206000043 ], [ 90.67390051700005, 24.201766472000031 ], [ 90.673939788000041, 24.201744285000075 ], [ 90.674018293000074, 24.201693133000049 ], [ 90.674148315000082, 24.201607887000023 ], [ 90.674302493000084, 24.201435036000078 ], [ 90.674396097000056, 24.201329629000043 ], [ 90.674484113000062, 24.201214649000065 ], [ 90.674607655000045, 24.20106733700004 ], [ 90.674744974000077, 24.200965686000075 ], [ 90.67480353600007, 24.200867208000034 ], [ 90.674852472000055, 24.200810543000046 ], [ 90.67490263500008, 24.20075330800006 ], [ 90.675015509000048, 24.200684506000073 ], [ 90.675265650000085, 24.20038704600006 ], [ 90.675401359000034, 24.20021371200005 ], [ 90.675502491000032, 24.20013536700003 ], [ 90.675590137000086, 24.200067239000077 ], [ 90.675677478000068, 24.199941537000029 ], [ 90.675744902000076, 24.19988987000005 ], [ 90.67577248200007, 24.199868297000023 ], [ 90.675840521000055, 24.199816628000065 ], [ 90.675926881000066, 24.199621498000056 ], [ 90.676062598000044, 24.199449859000026 ], [ 90.676091351000082, 24.199417555000025 ], [ 90.676287140000056, 24.199200490000067 ], [ 90.676481892000083, 24.19902068600004 ], [ 90.676618027000075, 24.198928635000073 ], [ 90.676651679000031, 24.198891230000072 ], [ 90.676863463000075, 24.198674093000022 ], [ 90.676907561000064, 24.198633818000076 ], [ 90.677012511000044, 24.198463444000026 ], [ 90.677107481000064, 24.198383994000039 ], [ 90.677137973000072, 24.198331362000033 ], [ 90.677363379000042, 24.198129970000025 ], [ 90.67751652700008, 24.197996636000028 ], [ 90.677671580000037, 24.197874582000054 ], [ 90.677688740000065, 24.197860958000035 ], [ 90.677708313000039, 24.197838292000029 ], [ 90.677868787000079, 24.197694200000058 ], [ 90.678000246000067, 24.197532739000053 ], [ 90.678112940000062, 24.197430630000042 ], [ 90.67814962500006, 24.197385308000037 ], [ 90.678222364000078, 24.197291845000052 ], [ 90.678325157000074, 24.197179619000053 ], [ 90.678475387000049, 24.197076781000078 ], [ 90.678537556000038, 24.196963044000029 ], [ 90.67869924200005, 24.196815557000036 ], [ 90.678800294000041, 24.196723097000074 ], [ 90.678862391000052, 24.196712094000077 ], [ 90.679065372000082, 24.196576844000049 ], [ 90.679083759000036, 24.196562650000033 ], [ 90.67928846600006, 24.196404813000072 ], [ 90.67934002700008, 24.196379744000069 ], [ 90.679667530000074, 24.196168299000078 ], [ 90.67988011500006, 24.195987844000058 ], [ 90.680057183000031, 24.195840290000035 ], [ 90.680134389000045, 24.195777287000055 ], [ 90.680274097000051, 24.195663767000042 ], [ 90.680482527000038, 24.195512121000036 ], [ 90.680676823000056, 24.195364486000074 ], [ 90.680823915000076, 24.195250934000057 ], [ 90.680957050000075, 24.195174697000027 ], [ 90.681044172000043, 24.195124634000024 ], [ 90.681184808000069, 24.195070380000061 ], [ 90.681301382000072, 24.195004380000057 ], [ 90.681416574000082, 24.194910160000063 ], [ 90.681526949000045, 24.194835720000071 ], [ 90.681787714000052, 24.194689483000047 ], [ 90.681858244000068, 24.194644572000072 ], [ 90.682025594000038, 24.194521895000037 ], [ 90.682043392000082, 24.19451278400004 ], [ 90.682263077000073, 24.194395517000032 ], [ 90.682455299000083, 24.19432127400006 ], [ 90.682483550000086, 24.194310422000058 ], [ 90.682655947000057, 24.194211431000042 ], [ 90.682744257000081, 24.194154023000067 ], [ 90.682876112000031, 24.194068759000061 ], [ 90.682923420000066, 24.194054435000055 ], [ 90.682956460000071, 24.194018726000024 ], [ 90.68307733100005, 24.193951010000035 ], [ 90.683095738000077, 24.193940767000072 ], [ 90.683299598000076, 24.193741155000055 ], [ 90.683441299000037, 24.193655849000038 ], [ 90.683503838000036, 24.193612667000025 ], [ 90.683585863000076, 24.19353101400003 ], [ 90.683679550000079, 24.193443100000025 ], [ 90.683839556000066, 24.193213767000032 ], [ 90.684000767000043, 24.193094502000065 ], [ 90.684012996000035, 24.193079770000054 ], [ 90.684211258000062, 24.192869458000075 ], [ 90.684259613000052, 24.192820696000069 ], [ 90.684410188000072, 24.192669303000059 ], [ 90.684464351000031, 24.192555599000059 ], [ 90.684528898000053, 24.19242773700006 ], [ 90.684669739000071, 24.192182119000051 ], [ 90.684793085000081, 24.19200205900006 ], [ 90.684969969000065, 24.191822324000043 ], [ 90.685087887000066, 24.191663175000031 ], [ 90.685145891000047, 24.191577677000055 ], [ 90.685159930000054, 24.191556164000076 ], [ 90.685249984000052, 24.191480118000072 ], [ 90.68543948100006, 24.191242748000036 ], [ 90.685542511000051, 24.19106165200003 ], [ 90.685585183000057, 24.190985819000048 ], [ 90.685710166000035, 24.190767367000035 ], [ 90.685801027000082, 24.190612290000047 ], [ 90.685842497000067, 24.190542108000045 ], [ 90.686090507000074, 24.190084891000026 ], [ 90.686213973000065, 24.189813384000047 ], [ 90.686274978000085, 24.189598605000072 ], [ 90.686337362000074, 24.189527200000043 ], [ 90.686341135000077, 24.189427270000067 ], [ 90.686415124000064, 24.189224288000048 ], [ 90.686464193000063, 24.189079560000039 ], [ 90.68651318600007, 24.188920155000062 ], [ 90.686546330000056, 24.188789612000051 ], [ 90.686580167000045, 24.188558021000063 ], [ 90.686598538000055, 24.188311260000035 ], [ 90.686632832000043, 24.188050315000055 ], [ 90.686651127000061, 24.187789443000042 ], [ 90.686669722000033, 24.187469862000057 ], [ 90.686704400000053, 24.187165451000055 ], [ 90.686726418000035, 24.187025359000074 ], [ 90.686798929000076, 24.186891815000024 ], [ 90.686937163000039, 24.186505651000061 ], [ 90.687029160000066, 24.18621904400004 ], [ 90.687038473000086, 24.186119653000048 ], [ 90.687059082000076, 24.186060855000051 ], [ 90.687161245000084, 24.185834037000063 ], [ 90.687275837000072, 24.18551515300004 ], [ 90.687389817000053, 24.185196835000056 ], [ 90.687519033000058, 24.184965944000055 ], [ 90.687618721000035, 24.18473688000006 ], [ 90.687632705000055, 24.184705205000057 ], [ 90.687665966000054, 24.184596675000023 ], [ 90.687712065000085, 24.184472280000023 ], [ 90.687754633000054, 24.184263231000045 ], [ 90.687825667000084, 24.184083969000028 ], [ 90.687872098000071, 24.183791922000069 ], [ 90.687924987000031, 24.183556859000078 ], [ 90.687949642000035, 24.183334907000074 ], [ 90.687967130000061, 24.18315362900006 ], [ 90.687977315000069, 24.182987627000045 ], [ 90.68796379500003, 24.182875920000072 ], [ 90.687970587000052, 24.182765815000039 ], [ 90.687974687000064, 24.182612257000073 ], [ 90.687931480000032, 24.182472461000032 ], [ 90.687957831000062, 24.182222841000055 ], [ 90.687901478000072, 24.18204133100005 ], [ 90.68790888400008, 24.181930659000045 ], [ 90.687880050000047, 24.181832006000036 ], [ 90.687874926000063, 24.181679618000032 ], [ 90.687821643000063, 24.181496967000044 ], [ 90.687809363000042, 24.181386949000057 ], [ 90.687772404000043, 24.181150031000072 ], [ 90.687754658000074, 24.181053587000065 ], [ 90.687742150000076, 24.180901232000053 ], [ 90.687707636000084, 24.180776073000061 ], [ 90.687653450000084, 24.180539235000026 ], [ 90.687613247000058, 24.180385878000038 ], [ 90.687567586000057, 24.180247220000069 ], [ 90.687520230000075, 24.180136795000067 ], [ 90.687495713000033, 24.180039814000054 ], [ 90.687431586000059, 24.179900113000031 ], [ 90.687378759000069, 24.179802132000077 ], [ 90.687282561000075, 24.179648461000056 ], [ 90.687269103000062, 24.179548044000057 ], [ 90.687011052000059, 24.179159714000036 ], [ 90.686954394000054, 24.179035784000064 ], [ 90.686875103000034, 24.178936790000023 ], [ 90.686837671000035, 24.178840998000055 ], [ 90.686790390000056, 24.178744121000022 ], [ 90.686754359000076, 24.178679931000033 ], [ 90.686704039000062, 24.178590406000069 ], [ 90.686633226000083, 24.178465410000058 ], [ 90.686602892000053, 24.178201368000032 ], [ 90.686505440000076, 24.178042624000057 ], [ 90.68648548300007, 24.177993038000068 ], [ 90.686440593000043, 24.177883167000061 ], [ 90.686405747000038, 24.177810506000071 ], [ 90.686446841000077, 24.17755573900007 ], [ 90.686318720000031, 24.177300040000034 ], [ 90.686392402000081, 24.176810867000029 ], [ 90.686185996000063, 24.176183526000045 ], [ 90.686183812000081, 24.175774851000028 ], [ 90.686117784000032, 24.175739020000037 ], [ 90.686002281000071, 24.175311098000066 ], [ 90.685967891000075, 24.174978208000027 ], [ 90.685964194000064, 24.174631633000047 ], [ 90.686008951000076, 24.17437177000005 ], [ 90.686018696000076, 24.174237943000037 ], [ 90.686050705000071, 24.173780004000037 ], [ 90.686076895000042, 24.173384749000036 ], [ 90.686080460000085, 24.17336102400003 ], [ 90.686089843000047, 24.173274616000072 ], [ 90.686135183000033, 24.172663077000038 ], [ 90.686134107000044, 24.172576716000037 ], [ 90.686138744000061, 24.172523633000026 ], [ 90.686147198000072, 24.172263370000053 ], [ 90.686161421000065, 24.172046544000068 ], [ 90.686173022000048, 24.171569504000047 ], [ 90.686140560000069, 24.171482155000035 ], [ 90.686171399000045, 24.171380973000055 ], [ 90.686201006000033, 24.171164643000054 ], [ 90.686197839000044, 24.170802261000063 ], [ 90.686099613000067, 24.170497881000074 ], [ 90.686018538000042, 24.170178748000069 ], [ 90.685974839000039, 24.169830658000024 ], [ 90.685912294000047, 24.16975529900003 ], [ 90.685886692000054, 24.169684855000071 ], [ 90.685822314000063, 24.169611761000056 ], [ 90.68575816300006, 24.169466413000066 ], [ 90.68572593600004, 24.169422527000052 ], [ 90.685724702000073, 24.169306814000038 ], [ 90.68563468900004, 24.169157067000071 ], [ 90.685499577000087, 24.16897308700004 ], [ 90.685457352000071, 24.168900459000042 ], [ 90.685336273000075, 24.168693838000024 ], [ 90.685233818000086, 24.168518744000039 ], [ 90.685178558000075, 24.168424723000044 ], [ 90.685138817000052, 24.168356600000038 ], [ 90.68506616600007, 24.168231611000067 ], [ 90.685012763000032, 24.168139841000027 ], [ 90.684988753000084, 24.168021970000041 ], [ 90.684964561000072, 24.16798482300004 ], [ 90.68492857800004, 24.167929101000027 ], [ 90.684908462000067, 24.167849036000064 ], [ 90.684900577000064, 24.167754801000058 ], [ 90.684856774000082, 24.167617264000057 ], [ 90.684803959000078, 24.167519846000062 ], [ 90.684737296000037, 24.167364348000035 ], [ 90.684695545000068, 24.167265187000055 ], [ 90.684644411000079, 24.167137277000052 ], [ 90.684591725000075, 24.16694897800005 ], [ 90.684560181000052, 24.166802352000047 ], [ 90.684554580000054, 24.166674805000071 ], [ 90.684554476000073, 24.166655612000056 ], [ 90.684553459000085, 24.166579977000026 ], [ 90.684547151000061, 24.166204623000056 ], [ 90.684558811000045, 24.166083771000046 ], [ 90.68455891800005, 24.165988373000062 ], [ 90.684560249000072, 24.165891840000029 ], [ 90.684558772000059, 24.165730405000033 ], [ 90.684545152000055, 24.165598943000077 ], [ 90.684549841000035, 24.165439736000053 ], [ 90.684538867000072, 24.165343259000053 ], [ 90.684530406000079, 24.165141211000048 ], [ 90.684526608000056, 24.165005753000059 ], [ 90.684526546000086, 24.164878744000077 ], [ 90.684534555000084, 24.164765247000048 ], [ 90.684554247000051, 24.16465056800007 ], [ 90.684553633000064, 24.164535416000035 ], [ 90.684581808000075, 24.164396427000042 ], [ 90.684603066000079, 24.164229244000069 ], [ 90.684616204000065, 24.164154674000031 ], [ 90.684613617000082, 24.16413097700007 ], [ 90.684615075000067, 24.163942998000039 ], [ 90.684640044000048, 24.163894904000074 ], [ 90.684671708000053, 24.163833234000037 ], [ 90.684679188000075, 24.163736110000059 ], [ 90.684749896000085, 24.163612171000068 ], [ 90.684795447000056, 24.163501328000052 ], [ 90.684888149000074, 24.163348499000051 ], [ 90.684924385000045, 24.163221328000077 ], [ 90.684957893000046, 24.163159086000064 ], [ 90.684981993000065, 24.162948424000035 ], [ 90.685079698000038, 24.16258050600004 ], [ 90.685081527000079, 24.162461956000072 ], [ 90.685087696000039, 24.16234959600007 ], [ 90.685075226000038, 24.162203451000039 ], [ 90.685067142000037, 24.162071963000074 ], [ 90.685044288000086, 24.16182425900007 ], [ 90.685009107000042, 24.161687810000046 ], [ 90.685015706000058, 24.161541015000068 ], [ 90.685007628000051, 24.161410656000044 ], [ 90.685006238000085, 24.161380744000041 ], [ 90.685002620000034, 24.161279154000056 ], [ 90.684976076000055, 24.161147183000026 ], [ 90.684972435000077, 24.16104107700005 ], [ 90.684998725000071, 24.160894757000051 ], [ 90.684948896000037, 24.16078039100006 ], [ 90.68496497600006, 24.160565250000047 ], [ 90.684977334000052, 24.160460201000035 ], [ 90.685051620000081, 24.160315359000037 ], [ 90.685078987000054, 24.160140246000026 ], [ 90.685157071000049, 24.160015709000049 ], [ 90.685220773000083, 24.159847771000045 ], [ 90.685252867000031, 24.159751665000044 ], [ 90.685327882000081, 24.159628271000031 ], [ 90.685343515000056, 24.159560463000048 ], [ 90.685350133000043, 24.159532209000076 ], [ 90.685414694000031, 24.159409990000029 ], [ 90.685446103000061, 24.159300904000077 ], [ 90.685464343000035, 24.159260179000057 ], [ 90.685499596000056, 24.159179864000066 ], [ 90.685535466000033, 24.159099547000039 ], [ 90.685672470000043, 24.158948778000024 ], [ 90.685742486000038, 24.158811294000031 ], [ 90.685801784000034, 24.15874046700003 ], [ 90.685913912000046, 24.158539571000063 ], [ 90.686018179000087, 24.158479831000022 ], [ 90.686076018000051, 24.158366109000042 ], [ 90.686108801000046, 24.158284112000047 ], [ 90.686170383000047, 24.158295125000052 ], [ 90.68619330100006, 24.15820922000006 ], [ 90.686239737000051, 24.158034023000027 ], [ 90.686248781000074, 24.157999547000031 ], [ 90.686284967000063, 24.157863344000077 ], [ 90.686333811000054, 24.157678539000074 ], [ 90.686414021000076, 24.157376743000043 ], [ 90.686234424000077, 24.156809116000034 ], [ 90.686192500000061, 24.156677214000069 ], [ 90.686128172000053, 24.156036250000056 ], [ 90.686089294000055, 24.155553227000041 ], [ 90.686069537000037, 24.155309458000033 ], [ 90.686052196000048, 24.155172931000038 ], [ 90.686048355000082, 24.155144724000024 ], [ 90.686021994000043, 24.154931468000029 ], [ 90.686017484000047, 24.154893667000067 ], [ 90.685983015000033, 24.154774716000077 ], [ 90.685946685000033, 24.154653516000053 ], [ 90.685899458000051, 24.154565105000074 ], [ 90.685879790000058, 24.154453424000053 ], [ 90.685816825000074, 24.154297910000025 ], [ 90.685790490000045, 24.154204888000038 ], [ 90.685755458000074, 24.154096100000061 ], [ 90.685665864000043, 24.153907401000026 ], [ 90.685622745000046, 24.153781714000047 ], [ 90.685568528000033, 24.153651563000039 ], [ 90.685535920000063, 24.15330511600007 ], [ 90.685410989000047, 24.152719742000045 ], [ 90.685317267000073, 24.152218336000033 ], [ 90.685193677000086, 24.151884152000036 ], [ 90.685007720000044, 24.151159625000048 ], [ 90.684974136000051, 24.150629724000055 ], [ 90.684983227000032, 24.150604281000028 ], [ 90.684973885000034, 24.150467154000069 ], [ 90.684985001000086, 24.150359853000054 ], [ 90.685004900000081, 24.15016896700007 ], [ 90.684996310000031, 24.150057802000049 ], [ 90.685032590000048, 24.149939661000076 ], [ 90.685068872000045, 24.149821522000025 ], [ 90.685073598000031, 24.149669655000025 ], [ 90.685111887000062, 24.149581987000033 ], [ 90.685148874000049, 24.149480779000044 ], [ 90.685200466000083, 24.149350151000078 ], [ 90.685219058000087, 24.149260315000049 ], [ 90.685271968000052, 24.149146051000059 ], [ 90.685284788000047, 24.149012210000024 ], [ 90.685291007000046, 24.148909446000062 ], [ 90.685351916000059, 24.148795147000044 ], [ 90.685394361000078, 24.148679801000071 ], [ 90.685468275000062, 24.148696968000024 ], [ 90.68547490800006, 24.148672102000035 ], [ 90.685541380000075, 24.148332548000042 ], [ 90.685649005000073, 24.147980955000037 ], [ 90.685716528000057, 24.147723246000055 ], [ 90.685844852000059, 24.14744663700003 ], [ 90.685910955000054, 24.147038218000034 ], [ 90.685964532000071, 24.146818393000046 ], [ 90.686086252000052, 24.146572859000059 ], [ 90.686153029000081, 24.146290316000034 ], [ 90.68615284100008, 24.146255320000023 ], [ 90.686195526000063, 24.146185131000038 ], [ 90.686269321000054, 24.146065128000032 ], [ 90.686345046000042, 24.145961488000069 ], [ 90.686412313000062, 24.145886673000064 ], [ 90.686437668000053, 24.145796242000074 ], [ 90.686525772000039, 24.145706656000073 ], [ 90.686583118000044, 24.145617209000022 ], [ 90.68668107600007, 24.145529839000062 ], [ 90.686703770000065, 24.145517318000032 ], [ 90.686823637000032, 24.145385817000033 ], [ 90.68695783700008, 24.145288688000051 ], [ 90.687060619000079, 24.145183231000033 ], [ 90.68715373100008, 24.145109994000052 ], [ 90.687247445000082, 24.145034494000072 ], [ 90.687351620000072, 24.14495951300006 ], [ 90.687446569000031, 24.144884575000049 ], [ 90.687479034000035, 24.144859027000052 ], [ 90.687541516000067, 24.144809634000069 ], [ 90.687625476000051, 24.144750550000026 ], [ 90.687734116000058, 24.144705465000072 ], [ 90.687842065000041, 24.144646273000035 ], [ 90.687961080000036, 24.144585336000034 ], [ 90.688121688000081, 24.144480747000046 ], [ 90.688281873000051, 24.144411724000065 ], [ 90.688440308000054, 24.144360769000059 ], [ 90.688548861000072, 24.144299316000058 ], [ 90.688656726000033, 24.144224316000077 ], [ 90.688787356000034, 24.144150344000025 ], [ 90.68890575000006, 24.144088846000045 ], [ 90.688979163000056, 24.144013437000069 ], [ 90.689099487000078, 24.143967737000025 ], [ 90.689241873000071, 24.143906693000076 ], [ 90.689349937000031, 24.143868950000069 ], [ 90.689370776000032, 24.143854743000077 ], [ 90.689535040000067, 24.14374392600007 ], [ 90.689552825000078, 24.143733686000076 ], [ 90.689650340000071, 24.143679054000074 ], [ 90.689783584000054, 24.143633859000033 ], [ 90.690014455000039, 24.143554915000038 ], [ 90.690125623000085, 24.143522803000053 ], [ 90.690335659000084, 24.143458630000055 ], [ 90.690443667000068, 24.143410725000024 ], [ 90.690551072000062, 24.14336508100007 ], [ 90.69066594800006, 24.143336337000051 ], [ 90.69083071700004, 24.143319220000024 ], [ 90.690953139000044, 24.143320924000022 ], [ 90.691345114000057, 24.143115936000072 ], [ 90.691593024000042, 24.143003045000057 ], [ 90.691689319000034, 24.142950675000066 ], [ 90.691825129000051, 24.142925223000077 ], [ 90.691984711000032, 24.142859583000075 ], [ 90.692133797000054, 24.142786089000026 ], [ 90.692255836000072, 24.142716669000038 ], [ 90.69231351600007, 24.14269044100007 ], [ 90.692336213000033, 24.142678485000033 ], [ 90.69248161400003, 24.142606699000055 ], [ 90.692623950000041, 24.142536622000023 ], [ 90.692756257000042, 24.14243215700003 ], [ 90.692872248000072, 24.142381955000076 ], [ 90.693008487000043, 24.142322066000077 ], [ 90.693109653000079, 24.142260642000053 ], [ 90.693213369000034, 24.142215578000048 ], [ 90.693291154000065, 24.142153130000054 ], [ 90.693413873000054, 24.142096126000069 ], [ 90.693525525000041, 24.142039733000047 ], [ 90.693605244000082, 24.141993649000028 ], [ 90.693692893000048, 24.141935108000041 ], [ 90.693791619000081, 24.141877647000058 ], [ 90.693844803000047, 24.141815876000067 ], [ 90.693946691000065, 24.141774206000036 ], [ 90.694025182000075, 24.141728691000026 ], [ 90.694088211000064, 24.141667440000049 ], [ 90.694189474000041, 24.141624078000063 ], [ 90.694280053000057, 24.14153899400003 ], [ 90.694484270000032, 24.141423475000067 ], [ 90.694560908000085, 24.141376274000038 ], [ 90.694595544000038, 24.141297653000038 ], [ 90.694624346000069, 24.141277200000047 ], [ 90.694716874000051, 24.141211299000076 ], [ 90.694769887000064, 24.141117917000031 ], [ 90.694889529000079, 24.141060925000033 ], [ 90.69495799300006, 24.140981021000073 ], [ 90.695065283000076, 24.14080102500003 ], [ 90.695119994000038, 24.140680541000052 ], [ 90.695135185000083, 24.140646040000036 ], [ 90.695166703000041, 24.140559529000029 ], [ 90.695175461000076, 24.140472558000056 ], [ 90.695229735000055, 24.140385382000034 ], [ 90.695254774000034, 24.140237937000052 ], [ 90.695246234000081, 24.140137497000069 ], [ 90.695275882000033, 24.140046480000024 ], [ 90.695300011000086, 24.139958311000044 ], [ 90.695248176000064, 24.139814040000033 ], [ 90.695255687000042, 24.139724252000065 ], [ 90.695216677000076, 24.139562986000044 ], [ 90.695192055000064, 24.139446250000049 ], [ 90.695177896000075, 24.139330595000047 ], [ 90.695169809000049, 24.13931369900007 ], [ 90.695146482000041, 24.139208810000071 ], [ 90.695140126000069, 24.139171019000059 ], [ 90.695129307000059, 24.139103894000073 ], [ 90.695099753000079, 24.138984923000066 ], [ 90.695064495000054, 24.138834931000076 ], [ 90.69497638200005, 24.138693081000042 ], [ 90.694946282000046, 24.138587095000048 ], [ 90.694905882000057, 24.138509945000067 ], [ 90.694863005000059, 24.138429419000033 ], [ 90.694782604000068, 24.138349063000078 ], [ 90.694737845000077, 24.138261771000032 ], [ 90.694692386000042, 24.138159242000029 ], [ 90.694611963000057, 24.138074372000062 ], [ 90.694565560000058, 24.138024907000045 ], [ 90.694607184000063, 24.137986897000076 ], [ 90.694605129000081, 24.137947958000041 ], [ 90.694526998000072, 24.137718567000036 ], [ 90.694463248000034, 24.137645476000046 ], [ 90.694427467000082, 24.137512420000064 ], [ 90.694361570000069, 24.13726999000005 ], [ 90.694349016000047, 24.137223196000036 ], [ 90.694305952000036, 24.137108237000064 ], [ 90.694276631000037, 24.137032164000061 ], [ 90.694227358000035, 24.136906507000049 ], [ 90.69417554000006, 24.136765059000027 ], [ 90.694128796000086, 24.136651810000046 ], [ 90.694091494000077, 24.13657859500006 ], [ 90.694074704000059, 24.136544803000049 ], [ 90.694022614000062, 24.136467140000036 ], [ 90.693991610000069, 24.136420995000037 ], [ 90.693916331000082, 24.136263280000037 ], [ 90.69387464600004, 24.136175974000025 ], [ 90.693744593000076, 24.136012866000044 ], [ 90.693719738000084, 24.135966126000028 ], [ 90.69346106100005, 24.135676592000038 ], [ 90.693296393000082, 24.135596053000029 ], [ 90.693182818000082, 24.135522621000064 ], [ 90.69315930700003, 24.135497326000063 ], [ 90.693094350000081, 24.135428189000038 ], [ 90.692990857000041, 24.135399870000072 ], [ 90.692901465000034, 24.135362455000063 ], [ 90.692857697000079, 24.135344592000024 ], [ 90.692778074000046, 24.135293583000077 ], [ 90.69269969000004, 24.135244266000029 ], [ 90.692655906000084, 24.135223578000023 ], [ 90.69257129600004, 24.135160174000077 ], [ 90.692539158000045, 24.135132097000053 ], [ 90.692520615000035, 24.135115246000055 ], [ 90.692418863000057, 24.135067161000052 ], [ 90.692345295000052, 24.134998064000058 ], [ 90.692197451000084, 24.134957526000051 ], [ 90.692102488000046, 24.134913362000077 ], [ 90.691939133000062, 24.134848058000046 ], [ 90.691799703000072, 24.134770790000061 ], [ 90.691720591000035, 24.13470002400004 ], [ 90.691618813000048, 24.134646859000043 ], [ 90.691506057000083, 24.134611243000052 ], [ 90.691387679000059, 24.134559281000065 ], [ 90.691286595000065, 24.134520789000078 ], [ 90.691218002000085, 24.134461829000031 ], [ 90.691119364000031, 24.134420504000047 ], [ 90.691018021000048, 24.134334032000027 ], [ 90.690897064000069, 24.13426006800006 ], [ 90.690805013000045, 24.134185407000075 ], [ 90.690740104000042, 24.134124736000047 ], [ 90.690651908000063, 24.134081105000064 ], [ 90.690535772000032, 24.133988490000036 ], [ 90.690453024000078, 24.13392790100005 ], [ 90.690367282000068, 24.133882565000079 ], [ 90.690330858000038, 24.133857891000048 ], [ 90.690142976000061, 24.133806244000027 ], [ 90.689934033000043, 24.133612441000025 ], [ 90.689868771000079, 24.133600881000064 ], [ 90.689682833000063, 24.133567852000056 ], [ 90.689643430000046, 24.13356069200006 ], [ 90.68957690700006, 24.133543494000037 ], [ 90.68940454400007, 24.133518307000031 ], [ 90.689365764000058, 24.133512836000023 ], [ 90.689193401000068, 24.133487648000028 ], [ 90.689152107000041, 24.133472028000028 ], [ 90.689045376000081, 24.133412676000034 ], [ 90.688951073000055, 24.133376408000061 ], [ 90.688705693000031, 24.133269698000049 ], [ 90.688530521000075, 24.133179042000052 ], [ 90.688427339000043, 24.133093142000064 ], [ 90.68826904000008, 24.133052083000052 ], [ 90.688145019000046, 24.132979824000074 ], [ 90.688073582000072, 24.132963774000075 ], [ 90.688047718000064, 24.13295768200004 ], [ 90.688009436000073, 24.132930759000033 ], [ 90.687918068000045, 24.132867949000058 ], [ 90.687835971000084, 24.132814128000064 ], [ 90.687784745000044, 24.13278161900007 ], [ 90.687719943000047, 24.132741267000029 ], [ 90.687652686000035, 24.132701492000024 ], [ 90.687595914000042, 24.132667315000049 ], [ 90.687497845000053, 24.132616951000045 ], [ 90.687376952000079, 24.132554274000029 ], [ 90.687315800000079, 24.13250600300006 ], [ 90.687265746000037, 24.132462763000035 ], [ 90.687137421000045, 24.132390521000048 ], [ 90.687021383000058, 24.132315402000074 ], [ 90.686881865000032, 24.132220633000031 ], [ 90.686793436000073, 24.132132407000029 ], [ 90.68670744700006, 24.132040217000053 ], [ 90.686627700000031, 24.131965499000046 ], [ 90.686529199000063, 24.131833852000057 ], [ 90.686447385000065, 24.131717371000036 ], [ 90.686319092000076, 24.131535619000033 ], [ 90.686255273000086, 24.131448410000075 ], [ 90.686247796000032, 24.13143038000004 ], [ 90.686175369000068, 24.131343776000051 ], [ 90.686193, 24.131305311000062 ], [ 90.686156353000058, 24.131238302000042 ], [ 90.686095133000038, 24.13117704800004 ], [ 90.686051597000073, 24.131086926000023 ], [ 90.685986171000081, 24.130929165000055 ], [ 90.685932042000047, 24.130813688000046 ], [ 90.685844284000041, 24.130620463000071 ], [ 90.685794931000032, 24.130477305000056 ], [ 90.685720656000058, 24.130274989000043 ], [ 90.68566572800006, 24.13012451700007 ], [ 90.68561199700008, 24.129968396000038 ], [ 90.685499011000047, 24.129657307000059 ], [ 90.685416856000074, 24.129476476000036 ], [ 90.685363685000084, 24.129309626000065 ], [ 90.685325439000053, 24.129173193000042 ], [ 90.685243851000052, 24.128867607000075 ], [ 90.685171179000065, 24.128618995000068 ], [ 90.685064713000031, 24.128261588000044 ], [ 90.68500848900004, 24.128098704000024 ], [ 90.684934496000039, 24.127833164000037 ], [ 90.684893693000049, 24.127678676000073 ], [ 90.684814756000037, 24.127523797000038 ], [ 90.684713312000042, 24.127300715000047 ], [ 90.684649694000086, 24.127135042000077 ], [ 90.684625121000067, 24.127025076000052 ], [ 90.684510635000038, 24.126778345000048 ], [ 90.684476417000042, 24.12670511500005 ], [ 90.684289910000075, 24.126215977000072 ], [ 90.683858408000049, 24.12580414100006 ], [ 90.683807949000084, 24.12568413200006 ], [ 90.683727992000058, 24.125568205000036 ], [ 90.683624789000078, 24.12536093600005 ], [ 90.683596984000076, 24.125336787000037 ], [ 90.683562850000044, 24.125279362000072 ], [ 90.683544933000064, 24.125264202000039 ], [ 90.683378488000074, 24.125076972000045 ], [ 90.683261037000079, 24.124965730000042 ], [ 90.68324491900006, 24.124942093000072 ], [ 90.682892442000082, 24.124585221000075 ], [ 90.682688659000064, 24.124315743000068 ], [ 90.682448503000046, 24.124030057000027 ], [ 90.682360587000062, 24.123920939000072 ], [ 90.682303630000035, 24.123850633000075 ], [ 90.682225740000035, 24.123776468000074 ], [ 90.682163255000034, 24.12370788000004 ], [ 90.682141631000036, 24.123689348000028 ], [ 90.682014353000056, 24.123580407000077 ], [ 90.681946316000051, 24.123508456000025 ], [ 90.681910874000039, 24.123435796000024 ], [ 90.681799620000049, 24.123332990000051 ], [ 90.681725289000042, 24.123233973000026 ], [ 90.681608564000044, 24.123143047000042 ], [ 90.681570684000064, 24.123074913000039 ], [ 90.681507493000083, 24.122988828000075 ], [ 90.681460902000083, 24.122901541000033 ], [ 90.681434121000052, 24.122838439000077 ], [ 90.681383250000067, 24.122755686000062 ], [ 90.681333535000078, 24.122659381000062 ], [ 90.681289494000055, 24.122589015000074 ], [ 90.68122136900007, 24.122500131000038 ], [ 90.681208026000036, 24.122419469000079 ], [ 90.681184219000045, 24.12233715900004 ], [ 90.681148741000072, 24.122257725000054 ], [ 90.681143334000069, 24.122165738000035 ], [ 90.681079683000064, 24.122109009000042 ], [ 90.681029953000063, 24.12200931600006 ], [ 90.680995141000039, 24.121939475000033 ], [ 90.680880177000063, 24.121832735000055 ], [ 90.680802887000084, 24.121755180000036 ], [ 90.680672045000051, 24.121669396000073 ], [ 90.680588096000065, 24.121612193000033 ], [ 90.680496825000034, 24.121565748000023 ], [ 90.680314317000068, 24.121479629000078 ], [ 90.680248835000043, 24.121425167000041 ], [ 90.680185824000034, 24.121372949000033 ], [ 90.679230846000053, 24.120824001000074 ], [ 90.678933825000058, 24.120598963000077 ], [ 90.67872843300006, 24.120488107000028 ], [ 90.678471089000084, 24.120322162000036 ], [ 90.678323682000041, 24.120243788000039 ], [ 90.678292803000033, 24.12021965200006 ], [ 90.678271184000039, 24.120202249000045 ], [ 90.678105723000044, 24.120082183000022 ], [ 90.678023668000037, 24.120034001000079 ], [ 90.677896057000055, 24.119976991000044 ], [ 90.677892833000044, 24.119948781000062 ], [ 90.677563528000064, 24.119665174000033 ], [ 90.677442686000063, 24.119492413000046 ], [ 90.677399448000074, 24.119457043000068 ], [ 90.677338841000051, 24.119393524000031 ], [ 90.677258491000032, 24.119318239000052 ], [ 90.677176842000051, 24.119229976000042 ], [ 90.677095875000077, 24.119154129000037 ], [ 90.677016270000081, 24.119103678000045 ], [ 90.677001397000083, 24.119082294000066 ], [ 90.676945013000079, 24.119002951000027 ], [ 90.676833645000045, 24.118876999000065 ], [ 90.676769227000079, 24.118790352000076 ], [ 90.676563262000059, 24.118335725000065 ], [ 90.676519404000032, 24.118299227000023 ], [ 90.676459641000065, 24.118162321000057 ], [ 90.676409707000062, 24.11802311200006 ], [ 90.676409119000084, 24.117911347000074 ], [ 90.676374870000075, 24.117830778000041 ], [ 90.67639157800005, 24.11749935000006 ], [ 90.676315188000046, 24.117123739000078 ], [ 90.676295660000051, 24.116918916000031 ], [ 90.676275160000046, 24.116645796000057 ], [ 90.676273276000074, 24.116287354000065 ], [ 90.676286616000084, 24.115665795000041 ], [ 90.676297187000046, 24.115570913000056 ], [ 90.67630250600007, 24.115529683000034 ], [ 90.676358968000045, 24.115390004000062 ], [ 90.676434569000037, 24.115264352000054 ], [ 90.676491921000036, 24.115177169000049 ], [ 90.676539473000048, 24.115097365000054 ], [ 90.676574834000064, 24.115038500000026 ], [ 90.676668965000033, 24.114928008000049 ], [ 90.676712942000051, 24.114870236000058 ], [ 90.67675386500008, 24.11481642800004 ], [ 90.676859609000076, 24.114692337000065 ], [ 90.676941647000035, 24.114621413000066 ], [ 90.677008969000042, 24.114559021000048 ], [ 90.677035295000053, 24.114536325000074 ], [ 90.677111825000054, 24.114470505000043 ], [ 90.677249800000084, 24.114394253000057 ], [ 90.677371819000086, 24.114324280000062 ], [ 90.677480426000045, 24.114276946000075 ], [ 90.677613074000078, 24.114240230000064 ], [ 90.677823101000058, 24.114182285000027 ], [ 90.677873458000079, 24.114168515000074 ], [ 90.677970490000064, 24.114142117000029 ], [ 90.678087196000035, 24.114114502000064 ], [ 90.678140022000036, 24.114102415000048 ], [ 90.678232646000083, 24.114056280000057 ], [ 90.678361704000054, 24.114038773000061 ], [ 90.67850922100007, 24.114022877000025 ], [ 90.678640607000034, 24.113979956000037 ], [ 90.678769695000085, 24.11396809300004 ], [ 90.678810905000034, 24.113969040000029 ], [ 90.678855155000065, 24.113963198000079 ], [ 90.678899398000055, 24.113956228000063 ], [ 90.679033971000081, 24.113934743000073 ], [ 90.679349444000081, 24.11381367000007 ], [ 90.679721860000086, 24.113761209000074 ], [ 90.679834208000045, 24.113724018000028 ], [ 90.679931210000063, 24.113691976000041 ], [ 90.680114351000043, 24.113667451000026 ], [ 90.680273066000041, 24.113675777000026 ], [ 90.680384892000063, 24.113656087000038 ], [ 90.680528023000079, 24.113624966000032 ], [ 90.680639298000074, 24.113617132000059 ], [ 90.680791725000063, 24.113599519000047 ], [ 90.680932594000069, 24.113605664000033 ], [ 90.681056036000086, 24.113572939000051 ], [ 90.681198615000085, 24.113553675000048 ], [ 90.681372014000033, 24.113547821000054 ], [ 90.681566264000082, 24.113530586000024 ], [ 90.681718747000048, 24.113523695000026 ], [ 90.68190302000005, 24.113480536000054 ], [ 90.682057766000071, 24.113436381000042 ], [ 90.682191663000083, 24.113403607000066 ], [ 90.682294801000069, 24.113369276000071 ], [ 90.682439027000044, 24.113312749000045 ], [ 90.682623847000059, 24.113257167000029 ], [ 90.682806825000057, 24.113202160000071 ], [ 90.682979962000047, 24.113146630000074 ], [ 90.683088070000053, 24.113121873000068 ], [ 90.683210924000036, 24.113094230000058 ], [ 90.683421041000031, 24.113054341000066 ], [ 90.683531561000052, 24.113020540000036 ], [ 90.683736909000061, 24.113008896000053 ], [ 90.683915093000053, 24.11297761700007 ], [ 90.684013995000043, 24.112956289000067 ], [ 90.684290504000046, 24.112911021000059 ], [ 90.684388065000064, 24.112868812000045 ], [ 90.684536447000085, 24.112784602000033 ], [ 90.684743963000074, 24.112833912000042 ], [ 90.684808593000071, 24.112844348000067 ], [ 90.684862063000082, 24.112837898000066 ], [ 90.684966648000056, 24.112844203000066 ], [ 90.685109417000035, 24.112861062000036 ], [ 90.685175812000068, 24.112856248000071 ], [ 90.685259482000049, 24.11286208100006 ], [ 90.685429271000032, 24.11287148100007 ], [ 90.68557192600008, 24.112866890000078 ], [ 90.685673466000082, 24.112878853000041 ], [ 90.685824148000052, 24.112880436000069 ], [ 90.685935493000045, 24.112886145000061 ], [ 90.685973635000039, 24.112888232000046 ], [ 90.686082665000072, 24.112921048000032 ], [ 90.686297966000041, 24.112930806000065 ], [ 90.686490656000046, 24.112967195000067 ], [ 90.686565140000084, 24.112980410000034 ], [ 90.686591609000061, 24.112984807000032 ], [ 90.686617484000067, 24.112993157000062 ], [ 90.686618213000031, 24.113014604000057 ], [ 90.686803624000049, 24.113070219000065 ], [ 90.687046103000057, 24.113101869000047 ], [ 90.687111340000058, 24.113110608000056 ], [ 90.687155061000055, 24.113121137000064 ], [ 90.687442786000076, 24.113218628000027 ], [ 90.687581322000085, 24.113248487000078 ], [ 90.687690300000042, 24.113271704000056 ], [ 90.687736484000084, 24.11328278600007 ], [ 90.687793689000046, 24.113284787000055 ], [ 90.687846590000049, 24.113286807000065 ], [ 90.68806287600006, 24.11336542500004 ], [ 90.688089369000068, 24.113374337000039 ], [ 90.688184095000054, 24.113377297000056 ], [ 90.688376297000048, 24.11343739800003 ], [ 90.688541239000074, 24.113460362000069 ], [ 90.688657726000031, 24.113507255000059 ], [ 90.688739701000031, 24.113540754000041 ], [ 90.688857993000056, 24.113580298000045 ], [ 90.688992477000056, 24.113657592000038 ], [ 90.689084242000035, 24.113682015000052 ], [ 90.689229730000079, 24.113746839000044 ], [ 90.689380031000042, 24.113791884000022 ], [ 90.689477503000035, 24.113847895000049 ], [ 90.689569884000036, 24.113872315000037 ], [ 90.689671015000044, 24.11392266200005 ], [ 90.689809107000031, 24.113984697000035 ], [ 90.689938582000082, 24.114045076000025 ], [ 90.690031030000057, 24.114081916000032 ], [ 90.690113774000054, 24.114144200000055 ], [ 90.690225413000064, 24.114204659000052 ], [ 90.690327769000078, 24.114253873000052 ], [ 90.690436373000068, 24.11432168400006 ], [ 90.690556794000031, 24.114413715000069 ], [ 90.690655592000041, 24.114487782000026 ], [ 90.690767915000038, 24.114560658000073 ], [ 90.690871084000037, 24.114647121000075 ], [ 90.69095683200004, 24.114695845000028 ], [ 90.691033485000048, 24.114768880000042 ], [ 90.691099625000049, 24.114831240000058 ], [ 90.691205392000086, 24.114943094000068 ], [ 90.691330072000085, 24.115026638000074 ], [ 90.691436172000067, 24.115085993000037 ], [ 90.691616683000063, 24.115144447000034 ], [ 90.69183587200007, 24.11530433300004 ], [ 90.692232955000065, 24.115493332000028 ], [ 90.692258852000066, 24.115505632000065 ], [ 90.692393328000037, 24.115580664000049 ], [ 90.692490816000031, 24.11563949400005 ], [ 90.692569179000031, 24.115687121000065 ], [ 90.692732070000034, 24.11578516700007 ], [ 90.692764154000031, 24.115804214000036 ], [ 90.692915319000065, 24.11589497500006 ], [ 90.693126844000062, 24.116001832000052 ], [ 90.693163852000055, 24.116021987000067 ], [ 90.693279682000082, 24.116060410000046 ], [ 90.693407833000037, 24.116102730000023 ], [ 90.693505790000074, 24.116133897000054 ], [ 90.693635978000032, 24.116212334000068 ], [ 90.693725398000083, 24.116257085000029 ], [ 90.693844391000084, 24.116311865000057 ], [ 90.693932509000035, 24.116343641000071 ], [ 90.694031690000031, 24.116374237000059 ], [ 90.694130329000075, 24.116417820000038 ], [ 90.69421906000008, 24.116449026000055 ], [ 90.694396383000083, 24.116486042000076 ], [ 90.694506146000037, 24.116539734000071 ], [ 90.694634221000058, 24.116567939000049 ], [ 90.694732083000076, 24.116581607000057 ], [ 90.694840506000048, 24.116614984000023 ], [ 90.694956692000062, 24.116605423000067 ], [ 90.695021259000043, 24.116604 ], [ 90.695062417000031, 24.11659478100006 ], [ 90.695528638000042, 24.116488230000073 ], [ 90.695639091000032, 24.116442003000031 ], [ 90.695737886000074, 24.116400910000038 ], [ 90.696309180000071, 24.116163481000058 ], [ 90.696589321000033, 24.115993423000077 ], [ 90.696710831000075, 24.115944888000058 ], [ 90.696911445000069, 24.115853654000034 ], [ 90.697025460000077, 24.115783704000023 ], [ 90.697158637000086, 24.115732292000075 ], [ 90.697274704000051, 24.115700716000049 ], [ 90.697412176000057, 24.115647026000033 ], [ 90.697537992000036, 24.115599035000059 ], [ 90.697633626000083, 24.115542150000067 ], [ 90.69772924800003, 24.115483007000023 ], [ 90.697949979000043, 24.115358940000078 ], [ 90.698055414000066, 24.115295235000076 ], [ 90.698181115000068, 24.115225794000025 ], [ 90.698276175000046, 24.115176813000062 ], [ 90.69842198300006, 24.115072847000079 ], [ 90.698619247000067, 24.11493138700007 ], [ 90.698769448000064, 24.11484377000005 ], [ 90.698883331000047, 24.114750110000045 ], [ 90.699039071000072, 24.114663030000031 ], [ 90.69919045100005, 24.114566375000038 ], [ 90.699318334000054, 24.114446119000036 ], [ 90.699443259000077, 24.114347326000029 ], [ 90.699636159000079, 24.114195161000055 ], [ 90.699686295000049, 24.114141304000043 ], [ 90.699778620000075, 24.114041532000044 ], [ 90.69987466300006, 24.113947388000042 ], [ 90.69997851800008, 24.113819338000042 ], [ 90.700122960000044, 24.113691102000075 ], [ 90.70021968900005, 24.113609938000025 ], [ 90.700293536000061, 24.113505734000057 ], [ 90.700368612000034, 24.113400961000025 ], [ 90.700512340000046, 24.113254663000077 ], [ 90.700605041000074, 24.113111423000078 ], [ 90.700728513000058, 24.112971995000066 ], [ 90.70083954100005, 24.112806654000053 ], [ 90.700960998000085, 24.112636188000067 ], [ 90.70102432300007, 24.112519614000064 ], [ 90.701099472000067, 24.112428950000037 ], [ 90.701209802000051, 24.112248372000067 ], [ 90.701282251000066, 24.112113128000033 ], [ 90.701373645000047, 24.111956346000056 ], [ 90.701427238000065, 24.11185957400005 ], [ 90.701519251000036, 24.111703353000053 ], [ 90.701602232000084, 24.111582736000059 ], [ 90.701670764000085, 24.111406302000034 ], [ 90.701743239000052, 24.111276138000051 ], [ 90.701834657000063, 24.111123871000075 ], [ 90.701897310000049, 24.110997137000027 ], [ 90.701957346000086, 24.11084162800006 ], [ 90.702029226000036, 24.110715418000041 ], [ 90.702119983000046, 24.110554686000057 ], [ 90.702163096000049, 24.110454009000023 ], [ 90.702205518000085, 24.110338659000035 ], [ 90.70227734100007, 24.110202288000039 ], [ 90.702340119000041, 24.110098699000048 ], [ 90.702412656000035, 24.109980388000054 ], [ 90.702476761000071, 24.109894291000046 ], [ 90.70254017600007, 24.109794652000062 ], [ 90.702591764000033, 24.10966909800004 ], [ 90.70263422000005, 24.109560520000059 ], [ 90.702697653000087, 24.109464268000067 ], [ 90.702721146000044, 24.109374406000029 ], [ 90.702782592000062, 24.109252194000078 ], [ 90.702825750000045, 24.109159420000026 ], [ 90.702868915000067, 24.109068339000032 ], [ 90.702911390000054, 24.108963150000022 ], [ 90.702944717000037, 24.108872113000075 ], [ 90.702965586000062, 24.108752346000074 ], [ 90.702996226000039, 24.10861955200005 ], [ 90.703045141000075, 24.108455061000029 ], [ 90.703085529000077, 24.108305850000079 ], [ 90.703119317000073, 24.108186588000024 ], [ 90.703127006000045, 24.108130669000047 ], [ 90.703135898000085, 24.108069664000027 ], [ 90.703149935000056, 24.107937510000056 ], [ 90.703156838000041, 24.107849982000062 ], [ 90.703140081000072, 24.107709502000034 ], [ 90.703135839000083, 24.107608479000078 ], [ 90.70311861600004, 24.107495096000036 ], [ 90.703124905000038, 24.10740813600006 ], [ 90.703101183000058, 24.107343330000049 ], [ 90.703096703000085, 24.107311174000074 ], [ 90.703081329000042, 24.107198912000058 ], [ 90.703056695000043, 24.107079919000057 ], [ 90.703050972000085, 24.10704551300006 ], [ 90.703034438000032, 24.106945674000031 ], [ 90.702991180000083, 24.106681694000031 ], [ 90.702961, 24.106560468000055 ], [ 90.702901353000073, 24.10656130600006 ], [ 90.702892653000049, 24.106432079000058 ], [ 90.702806605000035, 24.10621571300004 ], [ 90.702772714000048, 24.106090552000069 ], [ 90.702732841000056, 24.105995902000075 ], [ 90.702664681000044, 24.105789048000076 ], [ 90.702620963000072, 24.105666191000068 ], [ 90.702556721000064, 24.105501092000054 ], [ 90.702194, 24.104844004000029 ], [ 90.701930161000064, 24.104388547000042 ], [ 90.701878006000072, 24.104297340000073 ], [ 90.701788602000079, 24.104141387000027 ], [ 90.701410472000077, 24.103363566000041 ], [ 90.701381949000051, 24.103320233000034 ], [ 90.700880384000072, 24.102911586000062 ], [ 90.700772907000044, 24.102824019000025 ], [ 90.700657627000055, 24.102772051000045 ], [ 90.700617498000042, 24.10274288100004 ], [ 90.70053538600007, 24.102683422000041 ], [ 90.700419296000064, 24.102595329000053 ], [ 90.700332755000034, 24.102512746000059 ], [ 90.700280071000066, 24.10243678300003 ], [ 90.700169806000076, 24.102288827000052 ], [ 90.700118990000078, 24.102216806000058 ], [ 90.700036512000054, 24.102090174000068 ], [ 90.699996140000053, 24.102016412000069 ], [ 90.699949432000039, 24.101908244000072 ], [ 90.69991746900007, 24.101797752000039 ], [ 90.699909553000055, 24.101699002000032 ], [ 90.699922510000079, 24.101593948000072 ], [ 90.699903382000059, 24.101468719000025 ], [ 90.699880891000078, 24.10140390600003 ], [ 90.699835705000055, 24.10134935800005 ], [ 90.699722344000065, 24.101310363000039 ], [ 90.699645374000056, 24.101291523000043 ], [ 90.699548098000037, 24.101270517000046 ], [ 90.699460822000049, 24.101278820000061 ], [ 90.699403554000071, 24.101264405000052 ], [ 90.699277460000076, 24.10125877400003 ], [ 90.699165654000069, 24.101279606000048 ], [ 90.699071023000045, 24.101292457000056 ], [ 90.698967761000063, 24.101301397000043 ], [ 90.698847912000076, 24.101313234000031 ], [ 90.698745874000053, 24.101321039000027 ], [ 90.698627755000075, 24.101311983000073 ], [ 90.698534925000047, 24.101316924000059 ], [ 90.698442682000064, 24.101316780000047 ], [ 90.698316617000046, 24.101316227000041 ], [ 90.698148807000052, 24.101328848000037 ], [ 90.698040572000082, 24.101328213000045 ], [ 90.697923754000044, 24.101332134000074 ], [ 90.697775015000047, 24.101345796000032 ], [ 90.697595295000042, 24.101317263000055 ], [ 90.697090697000078, 24.101253521000046 ], [ 90.69636982600008, 24.101224066000043 ], [ 90.696155804000057, 24.101219961000027 ], [ 90.696083234000071, 24.10121859800006 ], [ 90.696034024000085, 24.101215998000043 ], [ 90.695877175000078, 24.101208811000049 ], [ 90.695771940000043, 24.101194050000061 ], [ 90.695586680000076, 24.101163845000031 ], [ 90.695506668000064, 24.10115122600007 ], [ 90.695416813000065, 24.101137522000045 ], [ 90.695299894000073, 24.101122813000075 ], [ 90.695126101000085, 24.101052479000032 ], [ 90.694989432000057, 24.10102431100006 ], [ 90.694906201000038, 24.100984612000047 ], [ 90.694748625000045, 24.100956538000048 ], [ 90.694628593000061, 24.100934504000065 ], [ 90.694517209000082, 24.100919769000029 ], [ 90.694375638000054, 24.100895011000034 ], [ 90.694255104000035, 24.100893866000035 ], [ 90.694116813000051, 24.100906912000028 ], [ 90.693987119000042, 24.100917662000029 ], [ 90.693846286000053, 24.100915479000037 ], [ 90.693744238000079, 24.100921586000027 ], [ 90.693594241000085, 24.10093073400003 ], [ 90.693481122000037, 24.100936328000046 ], [ 90.693329887000061, 24.100943788000052 ], [ 90.693224679000082, 24.100934105000078 ], [ 90.692984056000057, 24.100900196000055 ], [ 90.692877604000046, 24.100887696000029 ], [ 90.692761326000038, 24.100877498000045 ], [ 90.692635811000059, 24.100865084000077 ], [ 90.692546492000076, 24.100836701000048 ], [ 90.692447952000066, 24.100808922000056 ], [ 90.692339576000052, 24.100781753000035 ], [ 90.692110935000073, 24.100689083000077 ], [ 90.691826006000042, 24.100649730000043 ], [ 90.691681496000058, 24.100649819000068 ], [ 90.691556664000075, 24.100649820000058 ], [ 90.691420181000069, 24.100656082000057 ], [ 90.691396786000041, 24.100651108000022 ], [ 90.691297120000058, 24.100642527000048 ], [ 90.691036264000047, 24.10061999800007 ], [ 90.690747865000048, 24.100621302000036 ], [ 90.690370825000059, 24.100606070000026 ], [ 90.690172461000031, 24.100654948000056 ], [ 90.69013622500006, 24.100663578000024 ], [ 90.689892985000085, 24.100714915000026 ], [ 90.689772680000033, 24.100756667000041 ], [ 90.689694714000041, 24.100781291000033 ], [ 90.689298447000056, 24.100850253000033 ], [ 90.689189674000033, 24.100863727000046 ], [ 90.689047026000082, 24.100867192000067 ], [ 90.688814545000071, 24.100860901000033 ], [ 90.688672403000055, 24.100844042000062 ], [ 90.688642289000086, 24.100847001000034 ], [ 90.688226202000067, 24.100890084000071 ], [ 90.688063243000045, 24.100890252000056 ], [ 90.687948868000035, 24.100890767000067 ], [ 90.687832004000086, 24.100886212000034 ], [ 90.687587993000079, 24.100908761000028 ], [ 90.687319524000031, 24.100957385000072 ], [ 90.687194796000085, 24.100977138000076 ], [ 90.68708722100007, 24.100984961000051 ], [ 90.686836489000086, 24.101015441000072 ], [ 90.68665575700004, 24.10102697800005 ], [ 90.686420372000043, 24.101052873000071 ], [ 90.686317166000038, 24.101072529000078 ], [ 90.686102771000037, 24.101113569000063 ], [ 90.685831224000083, 24.101162207000073 ], [ 90.685616899000081, 24.101216229000045 ], [ 90.68547747000008, 24.101247336000029 ], [ 90.685293970000032, 24.101316462000057 ], [ 90.685171693000086, 24.101334510000072 ], [ 90.684954230000073, 24.101377257000024 ], [ 90.68491982900008, 24.10138418400004 ], [ 90.684884788000033, 24.101386035000075 ], [ 90.684262047000061, 24.101423258000068 ], [ 90.683778919000076, 24.101464370000031 ], [ 90.683574942000064, 24.101499151000041 ], [ 90.683547885000053, 24.101499272000069 ], [ 90.68350238000005, 24.101499476000072 ], [ 90.683357780000051, 24.101482623000038 ], [ 90.683157243000039, 24.101470536000079 ], [ 90.682956065000042, 24.101453373000027 ], [ 90.682700929000077, 24.101465802000064 ], [ 90.682624034000071, 24.101460501000076 ], [ 90.682518887000072, 24.101462099000059 ], [ 90.682222425000077, 24.101451005000058 ], [ 90.681898348000061, 24.101450756000077 ], [ 90.681753111000035, 24.101429954000025 ], [ 90.681524335000063, 24.101427023000042 ], [ 90.681334334000042, 24.101430127000071 ], [ 90.68115294200004, 24.101433193000048 ], [ 90.681027401000051, 24.101415689000078 ], [ 90.680837396000072, 24.101418229000046 ], [ 90.680733544000077, 24.101432240000065 ], [ 90.68056068900006, 24.101421719000029 ], [ 90.680386521000059, 24.101395401000048 ], [ 90.680232054000044, 24.101373508000052 ], [ 90.680106504000037, 24.101354310000033 ], [ 90.679980340000043, 24.101335113000061 ], [ 90.679814789000034, 24.10131044700006 ], [ 90.679708326000082, 24.101295681000067 ], [ 90.67955323800004, 24.101272662000042 ], [ 90.679174744000079, 24.101215072000059 ], [ 90.679125537000061, 24.101213033000079 ], [ 90.678971039000032, 24.101184931000034 ], [ 90.678754254000069, 24.101123235000045 ], [ 90.678423767000083, 24.101073335000024 ], [ 90.678316089000077, 24.101061392000076 ], [ 90.678167606000045, 24.101007861000028 ], [ 90.678011277000053, 24.100982589000068 ], [ 90.677736030000062, 24.100912683000047 ], [ 90.677667007000082, 24.100884200000053 ], [ 90.677625100000057, 24.100866888000041 ], [ 90.677405793000048, 24.100793346000046 ], [ 90.677342292000048, 24.100762582000073 ], [ 90.677223920000074, 24.100704963000055 ], [ 90.677025609000054, 24.100647700000025 ], [ 90.676922092000041, 24.100608644000033 ], [ 90.676895030000082, 24.100607635000074 ], [ 90.676784056000031, 24.100553371000046 ], [ 90.67665274400008, 24.100490729000057 ], [ 90.676519588000076, 24.100428095000041 ], [ 90.676338424000051, 24.100357208000048 ], [ 90.676099504000035, 24.100295606000032 ], [ 90.675939959000061, 24.100243251000052 ], [ 90.675854290000075, 24.100206372000059 ], [ 90.675790290000066, 24.100197623000042 ], [ 90.675729356000033, 24.100187167000058 ], [ 90.675558658000057, 24.100118489000067 ], [ 90.675388042000066, 24.100065616000052 ], [ 90.675341238000044, 24.100052277000032 ], [ 90.675108438000052, 24.09998500100005 ], [ 90.675003753000055, 24.099957239000048 ], [ 90.674788221000085, 24.099899484000048 ], [ 90.674527087000058, 24.099822738000057 ], [ 90.674309794000067, 24.099780795000072 ], [ 90.673839994000048, 24.099665453000057 ], [ 90.67374815200003, 24.099624087000052 ], [ 90.673599172000081, 24.099592567000059 ], [ 90.673438421000071, 24.099544163000076 ], [ 90.673288824000053, 24.099512084000025 ], [ 90.673147156000084, 24.099467547000074 ], [ 90.672945107000032, 24.099400698000068 ], [ 90.672803437000084, 24.099355598000045 ], [ 90.672672841000065, 24.099311580000062 ], [ 90.67255209800004, 24.099270338000053 ], [ 90.672439962000055, 24.099228494000045 ], [ 90.672307448000083, 24.099170371000071 ], [ 90.672197851000078, 24.099143757000036 ], [ 90.671964358000082, 24.099061240000026 ], [ 90.671929871000032, 24.099051229000054 ], [ 90.671813468000039, 24.09901674300005 ], [ 90.671703874000059, 24.098990695000055 ], [ 90.671602206000045, 24.09895162600003 ], [ 90.67149379500006, 24.098916540000062 ], [ 90.671471619000044, 24.09890929900007 ], [ 90.671006085000045, 24.09878546300007 ], [ 90.67071995200007, 24.098748896000075 ], [ 90.670206452000059, 24.098624703000041 ], [ 90.670165872000041, 24.098626010000032 ], [ 90.669634055000074, 24.098763255000051 ], [ 90.669597822000071, 24.098772444000076 ], [ 90.669482066000057, 24.098862141000041 ], [ 90.669071091000035, 24.099178925000047 ], [ 90.668865914000037, 24.099337880000064 ], [ 90.668765400000041, 24.099402672000053 ], [ 90.668656917000078, 24.09947201500006 ], [ 90.668517786000052, 24.09956068300005 ], [ 90.668498153000087, 24.099569236000036 ], [ 90.668132734000039, 24.099659459000065 ], [ 90.66810810000004, 24.099652793000075 ], [ 90.667928289000031, 24.099604468000052 ], [ 90.667744459000062, 24.099492938000026 ], [ 90.667529264000052, 24.099380415000041 ], [ 90.667465051000079, 24.099330456000075 ], [ 90.667374289000065, 24.09925972700006 ], [ 90.667158374000053, 24.099245428000074 ], [ 90.667116541000041, 24.099242223000033 ], [ 90.667019957000036, 24.099234742000078 ], [ 90.666916921000052, 24.099168582000061 ], [ 90.666892277000045, 24.09915965700003 ], [ 90.666728827000043, 24.098945864000029 ], [ 90.666702437000083, 24.098837033000052 ], [ 90.666479222000078, 24.098719464000055 ], [ 90.666324277000058, 24.098603854000032 ], [ 90.666215080000086, 24.098535464000065 ], [ 90.666109584000083, 24.098469312000077 ], [ 90.666052211000078, 24.09843343600005 ], [ 90.665977561000034, 24.098386344000062 ], [ 90.665786392000086, 24.098282181000059 ], [ 90.665674132000049, 24.098215496000023 ], [ 90.665474353000036, 24.098110806000022 ], [ 90.665283118000048, 24.097993660000043 ], [ 90.665212303000033, 24.097974211000064 ], [ 90.665180281000062, 24.097965318000035 ], [ 90.664941326000076, 24.097776124000063 ], [ 90.66486104300003, 24.097709864000024 ], [ 90.664719022000043, 24.097595890000036 ], [ 90.664549935000082, 24.09748034100005 ], [ 90.664391377000072, 24.097379422000074 ], [ 90.664252508000061, 24.097280110000042 ], [ 90.664153084000077, 24.097198691000074 ], [ 90.663994456000069, 24.097083660000067 ], [ 90.66383705800007, 24.096968623000066 ], [ 90.663738944000045, 24.096902439000075 ], [ 90.663600611000049, 24.096787884000037 ], [ 90.663422839000077, 24.09665713000004 ], [ 90.663343185000031, 24.096593123000048 ], [ 90.663154956000085, 24.096461850000026 ], [ 90.662975258000074, 24.096314732000053 ], [ 90.662883143000045, 24.096219168000061 ], [ 90.662721903000033, 24.096074229000067 ], [ 90.662640404000058, 24.096010230000047 ], [ 90.662510148000081, 24.095911444000023 ], [ 90.662389817000076, 24.095829551000065 ], [ 90.662277328000073, 24.095717705000027 ], [ 90.662164840000059, 24.095606423000049 ], [ 90.662064874000066, 24.09553855200005 ], [ 90.661973454000076, 24.095458227000051 ], [ 90.661851201000047, 24.095361098000069 ], [ 90.661770924000052, 24.095295401000044 ], [ 90.661678810000069, 24.095199837000052 ], [ 90.661576241000034, 24.095103752000057 ], [ 90.661445288000039, 24.094988598000043 ], [ 90.66136309500007, 24.094908796000027 ], [ 90.661282206000067, 24.094843665000042 ], [ 90.661141340000086, 24.09471387800005 ], [ 90.661060288000044, 24.094617135000078 ], [ 90.660910351000041, 24.094516739000028 ], [ 90.660770022000065, 24.09437170800004 ], [ 90.660671286000081, 24.094303830000058 ], [ 90.660565684000062, 24.094215663000057 ], [ 90.660433524000041, 24.094104464000054 ], [ 90.660354402000053, 24.094024084000068 ], [ 90.660276581000062, 24.093956681000066 ], [ 90.660217144000057, 24.093877909000071 ], [ 90.660148466000066, 24.093795226000054 ], [ 90.660060418000057, 24.093652790000078 ], [ 90.659944477000067, 24.093586680000044 ], [ 90.659905623000043, 24.093564269000069 ], [ 90.659707697000044, 24.093458999000063 ], [ 90.659592443000065, 24.093406998000034 ], [ 90.659144819000062, 24.093171842000061 ], [ 90.659106608000059, 24.093155072000059 ], [ 90.65904929900006, 24.093131046000053 ], [ 90.658907562000081, 24.093070692000026 ], [ 90.658695030000047, 24.092994837000049 ], [ 90.65861003200007, 24.092966980000028 ], [ 90.658570023000038, 24.092959248000057 ], [ 90.658328116000064, 24.092910615000051 ], [ 90.658032399000035, 24.092679882000027 ], [ 90.657695267000065, 24.092527227000062 ], [ 90.657232043000079, 24.092367211000067 ], [ 90.657175489000053, 24.092370841000047 ], [ 90.657069640000032, 24.092353796000054 ], [ 90.656955216000085, 24.092343562000053 ], [ 90.656830353000032, 24.092336196000076 ], [ 90.656629113000065, 24.092303755000046 ], [ 90.656489667000073, 24.092330321000077 ], [ 90.656398748000072, 24.092347647000054 ], [ 90.656273504000069, 24.092386004000048 ], [ 90.656080385000053, 24.092378365000059 ], [ 90.655970424000031, 24.09239916000007 ], [ 90.655861037000079, 24.092412048000028 ], [ 90.655727634000073, 24.092418265000049 ], [ 90.65560283800005, 24.092423880000069 ], [ 90.655505797000046, 24.09244631100006 ], [ 90.655331943000078, 24.092478669000059 ], [ 90.655215229000078, 24.092501748000075 ], [ 90.655079286000046, 24.092492170000071 ], [ 90.654912298000056, 24.092544254000074 ], [ 90.654671900000039, 24.09267116500007 ], [ 90.654522674000077, 24.092709625000055 ], [ 90.654361234000078, 24.092765072000077 ], [ 90.654189343000041, 24.092820562000043 ], [ 90.653926436000063, 24.092874185000028 ], [ 90.653782851000074, 24.092934071000059 ], [ 90.653556929000047, 24.093005598000047 ], [ 90.653412649000074, 24.093049680000036 ], [ 90.653237086000047, 24.093109138000045 ], [ 90.653132706000065, 24.093139502000042 ], [ 90.652987209000059, 24.093185848000076 ], [ 90.652779060000057, 24.093246007000062 ], [ 90.652590604000068, 24.093309470000065 ], [ 90.652338268000051, 24.093386754000051 ], [ 90.65218047500008, 24.09343371500006 ], [ 90.652017410000042, 24.093532632000063 ], [ 90.651819184000033, 24.093609684000057 ], [ 90.651768957000058, 24.09364828300005 ], [ 90.651599287000067, 24.093778839000038 ], [ 90.651311258000078, 24.093972558000075 ], [ 90.651044854000077, 24.094186506000028 ], [ 90.650801455000078, 24.094329230000028 ], [ 90.650530697000079, 24.094534163000048 ], [ 90.650103788000081, 24.09474653500007 ], [ 90.650033862000043, 24.094781266000041 ], [ 90.64968194800008, 24.094988801000056 ], [ 90.649095334000037, 24.095358212000065 ], [ 90.648631502000057, 24.095688150000058 ], [ 90.648269365000033, 24.095942578000063 ], [ 90.647756597000068, 24.096569079000062 ], [ 90.647835631000078, 24.096633661000055 ], [ 90.64776478400006, 24.096729925000034 ], [ 90.647603384000035, 24.096916891000035 ], [ 90.647533171000077, 24.097017103000042 ], [ 90.647429841000076, 24.097134955000058 ], [ 90.647146197000041, 24.097469770000032 ], [ 90.647047003000068, 24.09755430000007 ], [ 90.646895615000062, 24.097653726000033 ], [ 90.646720582000057, 24.097820427000045 ], [ 90.646580261000054, 24.09791980600005 ], [ 90.646482374000072, 24.098019572000055 ], [ 90.646362504000081, 24.098150476000058 ], [ 90.646275679000041, 24.098249065000061 ], [ 90.646125143000063, 24.098395904000029 ], [ 90.646018100000049, 24.098509819000071 ], [ 90.645825989000059, 24.098704817000055 ], [ 90.645740468000042, 24.098818640000047 ], [ 90.645656093000071, 24.098915525000052 ], [ 90.645581553000056, 24.099011802000064 ], [ 90.645497336000062, 24.099140299000055 ], [ 90.645402654000065, 24.099266580000062 ], [ 90.645318512000074, 24.099410315000057 ], [ 90.645184176000043, 24.099599987000033 ], [ 90.645080967000069, 24.099742674000026 ], [ 90.644978439000056, 24.099898906000078 ], [ 90.644836866000048, 24.100117398000066 ], [ 90.64477107600004, 24.100241863000065 ], [ 90.644767494000064, 24.100263329000029 ], [ 90.644737107000083, 24.100335148000056 ], [ 90.64467668900005, 24.100427414000023 ], [ 90.644627723000042, 24.100596405000033 ], [ 90.644585263000067, 24.100713433000067 ], [ 90.644565854000064, 24.100767140000073 ], [ 90.644469667000067, 24.101084791000062 ], [ 90.644330315000047, 24.101378913000076 ], [ 90.64427906700007, 24.101582911000037 ], [ 90.644272435000062, 24.101609471000074 ], [ 90.644192903000032, 24.101937775000067 ], [ 90.64406527400007, 24.10223975100007 ], [ 90.643900776000066, 24.102547526000023 ], [ 90.643827245000068, 24.102723394000066 ], [ 90.643780054000047, 24.102878262000047 ], [ 90.643742553000038, 24.103003737000051 ], [ 90.643661500000064, 24.103150848000041 ], [ 90.643583698000043, 24.103333504000034 ], [ 90.643538776000071, 24.103450543000065 ], [ 90.643423164000069, 24.103696583000044 ], [ 90.643303441000057, 24.104104651000057 ], [ 90.643294978000085, 24.10413403900003 ], [ 90.643275571000061, 24.104188313000066 ], [ 90.64322338900007, 24.104452714000047 ], [ 90.643102886000065, 24.104828044000044 ], [ 90.643011124000054, 24.105294134000076 ], [ 90.642989382000053, 24.105619938000075 ], [ 90.643005359000085, 24.105863730000067 ], [ 90.642920888000049, 24.106066174000034 ], [ 90.642931536000049, 24.106351197000038 ], [ 90.642930489000037, 24.106510952000065 ], [ 90.642942762000075, 24.10675193700007 ], [ 90.642928889000075, 24.10692924600005 ], [ 90.642879863000076, 24.107086945000049 ], [ 90.642852610000034, 24.107171170000072 ], [ 90.64284693500008, 24.10726659200003 ], [ 90.642802667000069, 24.107268473000033 ], [ 90.642706930000031, 24.107308388000035 ], [ 90.642509867000058, 24.107377521000046 ], [ 90.642357435000065, 24.107393967000064 ], [ 90.641908069000067, 24.107430290000025 ], [ 90.641866201000084, 24.107420305000062 ], [ 90.64164577400004, 24.107367038000064 ], [ 90.641425272000049, 24.107298533000062 ], [ 90.641140691000032, 24.107206021000025 ], [ 90.640853499000059, 24.107082474000038 ], [ 90.640547823000077, 24.106952227000079 ], [ 90.640367701000059, 24.106841779000035 ], [ 90.64035533200007, 24.106827717000044 ], [ 90.640191064000078, 24.106690105000041 ], [ 90.640111654000066, 24.106550445000039 ], [ 90.640036054000063, 24.106435041000054 ], [ 90.640025518000073, 24.106418715000075 ], [ 90.639694861000066, 24.106087048000063 ], [ 90.639566088000038, 24.105666478000046 ], [ 90.639478676000067, 24.105030098000043 ], [ 90.639456247000055, 24.104600048000066 ], [ 90.639429949000032, 24.104133890000071 ], [ 90.639426413000081, 24.103917140000078 ], [ 90.639399352000055, 24.103668877000075 ], [ 90.639348307000034, 24.103420713000048 ], [ 90.63936510700006, 24.103212345000031 ], [ 90.639384521000068, 24.103035015000046 ], [ 90.639378298000054, 24.102772551000044 ], [ 90.639340582000045, 24.102235878000045 ], [ 90.639415083000074, 24.101759135000066 ], [ 90.639319018000037, 24.101484630000073 ], [ 90.639211212000077, 24.101198319000048 ], [ 90.639219276000063, 24.100964586000032 ], [ 90.639152538000076, 24.100651572000061 ], [ 90.63912223300008, 24.100368889000038 ], [ 90.639091595000082, 24.100266844000032 ], [ 90.639082608000081, 24.100190675000078 ], [ 90.639059320000058, 24.099835142000074 ], [ 90.638999640000065, 24.099580807000052 ], [ 90.638998240000035, 24.099298566000073 ], [ 90.638922189000084, 24.099091151000039 ], [ 90.638884438000048, 24.098671326000044 ], [ 90.638888658000042, 24.098405998000032 ], [ 90.638844212000038, 24.098247561000051 ], [ 90.638896490000036, 24.098001224000029 ], [ 90.638930747000074, 24.097841330000051 ], [ 90.639021814000046, 24.097480805000032 ], [ 90.639131526000085, 24.097160278000047 ], [ 90.639127574000042, 24.096611608000046 ], [ 90.63920072600007, 24.096235352000065 ], [ 90.639230867000038, 24.096113296000055 ], [ 90.639283810000052, 24.096001304000026 ], [ 90.639290539000058, 24.095870314000024 ], [ 90.63932502800003, 24.095757271000025 ], [ 90.639354255000057, 24.095574819000035 ], [ 90.639373035000062, 24.095394102000057 ], [ 90.639393121000069, 24.095228622000036 ], [ 90.63940914300008, 24.095111705000079 ], [ 90.639421144000039, 24.094927632000065 ], [ 90.639461443000073, 24.094746260000022 ], [ 90.639492504000032, 24.094562105000023 ], [ 90.639539274000072, 24.094445624000059 ], [ 90.639568120000035, 24.094310590000077 ], [ 90.639593422000075, 24.094204924000053 ], [ 90.639607285000068, 24.094148418000032 ], [ 90.63964945500004, 24.09397268400005 ], [ 90.639777538000033, 24.093637404000049 ], [ 90.639785337000035, 24.093598422000071 ], [ 90.639797484000042, 24.093567888000052 ], [ 90.639825522000081, 24.093393907000063 ], [ 90.63986550900006, 24.093274068000028 ], [ 90.639900318000059, 24.093101752000052 ], [ 90.639950758000055, 24.092981305000023 ], [ 90.639963295000086, 24.09290560900007 ], [ 90.63997405300006, 24.092843470000048 ], [ 90.640010077000056, 24.092667763000065 ], [ 90.640059372000053, 24.092564819000074 ], [ 90.640070450000053, 24.092442842000025 ], [ 90.640107704000059, 24.092267693000053 ], [ 90.640130992000081, 24.092128167000055 ], [ 90.640153743000042, 24.092004448000068 ], [ 90.640166036000039, 24.091879644000073 ], [ 90.640231134000032, 24.091739376000078 ], [ 90.640251073000059, 24.091544543000055 ], [ 90.640264601000069, 24.091420862000064 ], [ 90.640292091000049, 24.091260995000027 ], [ 90.640318973000035, 24.09110226100006 ], [ 90.640345313000068, 24.090958205000049 ], [ 90.640369898000074, 24.090832221000028 ], [ 90.640404329000035, 24.090707888000054 ], [ 90.640420215000063, 24.090563877000022 ], [ 90.640485382000065, 24.090437721000058 ], [ 90.640545456000041, 24.09027659000003 ], [ 90.640562569000053, 24.090132008000069 ], [ 90.640626593000036, 24.090023356000074 ], [ 90.640644851000047, 24.089861836000068 ], [ 90.640703153000061, 24.089715388000059 ], [ 90.64076840000007, 24.089605603000052 ], [ 90.640855435000049, 24.089549354000042 ], [ 90.640954479000072, 24.089311287000044 ], [ 90.640875135000044, 24.088935668000033 ], [ 90.640840380000043, 24.088129154000057 ], [ 90.640870018000044, 24.087906620000069 ], [ 90.640866885000037, 24.087276659000054 ], [ 90.640872791000049, 24.087228089000064 ], [ 90.640892892000068, 24.087065994000056 ], [ 90.640895245000081, 24.087044533000039 ], [ 90.640912239000045, 24.086876245000042 ], [ 90.640950488000044, 24.086654238000051 ], [ 90.640976502000058, 24.086445267000045 ], [ 90.641028620000043, 24.086292071000059 ], [ 90.641074010000068, 24.086022618000072 ], [ 90.641122135000046, 24.085808473000043 ], [ 90.641180109000061, 24.085596545000044 ], [ 90.641211461000069, 24.085348038000063 ], [ 90.641252426000051, 24.085177953000027 ], [ 90.641285836000066, 24.084972338000057 ], [ 90.641299952000054, 24.084843574000047 ], [ 90.641312836000054, 24.084714251000037 ], [ 90.641325739000081, 24.084588879000023 ], [ 90.641338030000043, 24.084464076000074 ], [ 90.641351461000056, 24.084321203000059 ], [ 90.641332414000033, 24.084200482000028 ], [ 90.641343886000072, 24.084034471000052 ], [ 90.641329834000032, 24.083928970000045 ], [ 90.641326004000064, 24.083900763000031 ], [ 90.641301913000063, 24.083754660000068 ], [ 90.641287411000064, 24.083558842000059 ], [ 90.64127122900004, 24.083395770000038 ], [ 90.641270532000078, 24.083255779000069 ], [ 90.641263052000056, 24.08323549000005 ], [ 90.641233511000053, 24.083106345000033 ], [ 90.64123068400005, 24.083032408000065 ], [ 90.641226453000058, 24.082923478000055 ], [ 90.641204005000077, 24.082736725000075 ], [ 90.64118945000007, 24.082653806000053 ], [ 90.641179944000044, 24.082596831000046 ], [ 90.641184313000053, 24.082486172000074 ], [ 90.641161923000084, 24.082311274000062 ], [ 90.641166819000034, 24.082183114000031 ], [ 90.64116897200006, 24.082121576000077 ], [ 90.641175098000076, 24.081993410000052 ], [ 90.64118060900006, 24.081865246000064 ], [ 90.641198637000059, 24.081657438000036 ], [ 90.641204064000078, 24.081512339000028 ], [ 90.64120103700003, 24.081398324000077 ], [ 90.64122790600004, 24.081114273000026 ], [ 90.641230257000075, 24.081092248000061 ], [ 90.64124150400005, 24.081004704000065 ], [ 90.641258663000031, 24.080869718000031 ], [ 90.641307448000077, 24.080665168000053 ], [ 90.641308888000083, 24.080583875000059 ], [ 90.64131057600008, 24.080428632000064 ], [ 90.641312190000065, 24.080258712000045 ], [ 90.641353484000035, 24.080031614000063 ], [ 90.64136155500006, 24.079923762000078 ], [ 90.641346041000077, 24.079771414000049 ], [ 90.641333767000049, 24.079652357000043 ], [ 90.641320336000035, 24.07942435800004 ], [ 90.641318298000044, 24.079385416000036 ], [ 90.641259185000081, 24.079243977000033 ], [ 90.641227130000061, 24.079103553000039 ], [ 90.641206318000059, 24.078998644000023 ], [ 90.641193693000048, 24.07893265000007 ], [ 90.641160487000036, 24.078808037000044 ], [ 90.641167104000033, 24.078655032000029 ], [ 90.641091227000061, 24.07848092200004 ], [ 90.64107701100005, 24.078342115000055 ], [ 90.641072634000068, 24.078203833000032 ], [ 90.64104577300003, 24.078118707000044 ], [ 90.641045655000084, 24.078094999000029 ], [ 90.641045119000069, 24.077987183000062 ], [ 90.641043644000035, 24.077938078000045 ], [ 90.641043364000041, 24.077881631000025 ], [ 90.641043446000083, 24.077774377000026 ], [ 90.641038171000048, 24.077702708000061 ], [ 90.64102739100008, 24.077636706000078 ], [ 90.641009632000078, 24.077527269000029 ], [ 90.641013326000063, 24.077404759000046 ], [ 90.641038958000081, 24.077119018000076 ], [ 90.64104771500007, 24.077025276000029 ], [ 90.641084083000067, 24.07692012800004 ], [ 90.641079250000075, 24.076814024000043 ], [ 90.64107302900004, 24.076675748000071 ], [ 90.641065495000078, 24.076520545000051 ], [ 90.641059344000041, 24.076396381000052 ], [ 90.641060400000072, 24.076237755000022 ], [ 90.641031622000071, 24.07613796000004 ], [ 90.641014879000068, 24.07610924100004 ], [ 90.640909451000084, 24.075926787000071 ], [ 90.640903783000056, 24.075899715000048 ], [ 90.640889904000062, 24.075828647000037 ], [ 90.640866932000051, 24.075783584000078 ], [ 90.640809381000054, 24.075708748000068 ], [ 90.640772268000035, 24.075663742000074 ], [ 90.640706699000077, 24.075583859000062 ], [ 90.640636176000044, 24.075496659000066 ], [ 90.640580464000038, 24.07542068500004 ], [ 90.64049874300008, 24.075306999000077 ], [ 90.640477124000085, 24.075286768000069 ], [ 90.640443211000047, 24.075267153000027 ], [ 90.640270389000079, 24.075131834000047 ], [ 90.640156425000043, 24.075087151000048 ], [ 90.640054107000083, 24.075035082000056 ], [ 90.639942708000035, 24.075011838000023 ], [ 90.639876795000077, 24.074986147000061 ], [ 90.639675659000034, 24.074968360000071 ], [ 90.639569253000047, 24.074959774000035 ], [ 90.639480104000086, 24.07496014700007 ], [ 90.639291390000039, 24.074967145000073 ], [ 90.639142679000031, 24.074982442000078 ], [ 90.639025248000053, 24.074982369000054 ], [ 90.638971756000046, 24.074982028000022 ], [ 90.638843338000072, 24.074997805000066 ], [ 90.638724075000084, 24.075000561000024 ], [ 90.638582714000052, 24.075010183000074 ], [ 90.638495406000061, 24.075009419000025 ], [ 90.638438832000077, 24.075007397000036 ], [ 90.638133268000047, 24.074883919000058 ], [ 90.637524755000072, 24.07454324400004 ], [ 90.637122546000057, 24.074145822000048 ], [ 90.637040029000048, 24.073994882000022 ], [ 90.637114730000064, 24.073933042000078 ], [ 90.636994220000076, 24.073931849000076 ], [ 90.636869369000067, 24.073922773000049 ], [ 90.636731682000061, 24.073929555000063 ], [ 90.636516775000075, 24.073861581000074 ], [ 90.636166019000086, 24.073798689000057 ], [ 90.636015943000075, 24.073661577000053 ], [ 90.635974765000071, 24.07353981600005 ], [ 90.635907106000047, 24.073409135000077 ], [ 90.635896729000081, 24.073299666000025 ], [ 90.635857977000057, 24.073171122000076 ], [ 90.635800760000052, 24.073038703000066 ], [ 90.63573600400008, 24.072873012000059 ], [ 90.635691469000051, 24.072693688000072 ], [ 90.635645470000043, 24.072591707000072 ], [ 90.635582164000084, 24.07247116700006 ], [ 90.635557617000075, 24.072355549000065 ], [ 90.635514532000059, 24.072220812000069 ], [ 90.635448810000071, 24.071983999000054 ], [ 90.635388936000084, 24.071810949000053 ], [ 90.635384510000051, 24.071786129000031 ], [ 90.635369942000068, 24.071699258000024 ], [ 90.635342070000036, 24.071532846000025 ], [ 90.635290810000072, 24.071486207000078 ], [ 90.635289755000031, 24.071271703000036 ], [ 90.635311535000085, 24.070950416000073 ], [ 90.635334052000076, 24.070778715000074 ], [ 90.635346807000076, 24.070747051000069 ], [ 90.635690554000064, 24.069888721000041 ], [ 90.635704116000056, 24.069646497000065 ], [ 90.635747520000052, 24.069471889000056 ], [ 90.635758683000063, 24.069366846000037 ], [ 90.635868939000034, 24.069159218000038 ], [ 90.635940586000061, 24.068977154000038 ], [ 90.635973539000076, 24.06880258800004 ], [ 90.636010087000045, 24.068733567000038 ], [ 90.636078839000049, 24.068462889000045 ], [ 90.636168837000071, 24.068262119000053 ], [ 90.636310352000066, 24.067910981000068 ], [ 90.636454810000032, 24.067533862000062 ], [ 90.636642785000049, 24.067130031000033 ], [ 90.636905266000042, 24.066625409000039 ], [ 90.63702001300004, 24.066456713000036 ], [ 90.637290250000035, 24.066029394000054 ], [ 90.637450172000058, 24.065672532000065 ], [ 90.637545985000031, 24.065404562000026 ], [ 90.637770308000086, 24.065017514000033 ], [ 90.638060385000074, 24.064749299000027 ], [ 90.638511081000047, 24.06426590600006 ], [ 90.638721798000063, 24.063987295000061 ], [ 90.638851117000058, 24.063907161000031 ], [ 90.638862570000072, 24.063861389000067 ], [ 90.638875374000065, 24.06383988500005 ], [ 90.638961348000066, 24.063696708000066 ], [ 90.639027596000062, 24.063542889000075 ], [ 90.639113103000057, 24.063430198000049 ], [ 90.639255014000071, 24.063161470000068 ], [ 90.639364596000064, 24.062944247000075 ], [ 90.639426813000057, 24.062845765000077 ], [ 90.639555641000072, 24.06266684600007 ], [ 90.639634298000033, 24.062536119000072 ], [ 90.639742028000057, 24.062317774000064 ], [ 90.639863387000048, 24.06212025800005 ], [ 90.639940807000073, 24.061988408000047 ], [ 90.640078606000031, 24.061759212000027 ], [ 90.640132736000055, 24.061641570000063 ], [ 90.640183264000086, 24.061541443000067 ], [ 90.640252251000049, 24.061444626000025 ], [ 90.64033564500005, 24.061277750000045 ], [ 90.640470363000077, 24.06104743800006 ], [ 90.640576613000064, 24.060903047000068 ], [ 90.64065456600008, 24.060754824000071 ], [ 90.640716698000062, 24.060639407000053 ], [ 90.640771358000052, 24.060504828000035 ], [ 90.64083849900004, 24.060408018000032 ], [ 90.640902554000036, 24.060308399000064 ], [ 90.640922102000047, 24.060283480000066 ], [ 90.641008009000075, 24.060127883000064 ], [ 90.641114627000036, 24.059933815000022 ], [ 90.64114683300005, 24.059858602000077 ], [ 90.641193729000065, 24.059769781000057 ], [ 90.641514080000036, 24.059164993000024 ], [ 90.641570069000068, 24.05905073100007 ], [ 90.64161753500008, 24.058953439000049 ], [ 90.641731949000075, 24.05872038800004 ], [ 90.64181410100008, 24.058551824000062 ], [ 90.64183931000008, 24.058429223000076 ], [ 90.641881066000053, 24.058296390000066 ], [ 90.641998064000063, 24.058088731000055 ], [ 90.642054340000072, 24.057908986000029 ], [ 90.642160686000068, 24.057784352000056 ], [ 90.642216765000057, 24.05768871600003 ], [ 90.642285614000059, 24.057564803000048 ], [ 90.642305112000031, 24.057529722000027 ], [ 90.642340282000077, 24.057432482000024 ], [ 90.642403826000077, 24.057354315000055 ], [ 90.642522881000048, 24.057066487000043 ], [ 90.642570871000032, 24.056951128000037 ], [ 90.642615815000056, 24.056841428000041 ], [ 90.642624955000031, 24.056825020000076 ], [ 90.642676734000077, 24.056729966000034 ], [ 90.642713892000074, 24.056661508000047 ], [ 90.642728508000062, 24.056633786000077 ], [ 90.642780817000073, 24.056521796000027 ], [ 90.642841212000064, 24.056428965000066 ], [ 90.642922793000082, 24.056269436000036 ], [ 90.643003842000041, 24.056126842000026 ], [ 90.643055008000033, 24.056032357000049 ], [ 90.643132086000037, 24.055956390000063 ], [ 90.643211905000044, 24.055813803000035 ], [ 90.64329987900004, 24.055703921000031 ], [ 90.643398765000086, 24.055563511000059 ], [ 90.643457308000052, 24.055468993000034 ], [ 90.643534826000064, 24.055358027000068 ], [ 90.643593974000055, 24.055261815000051 ], [ 90.643661119000058, 24.055166696000072 ], [ 90.643716095000059, 24.055096468000045 ], [ 90.643747860000076, 24.055056255000068 ], [ 90.643843372000049, 24.054979082000045 ], [ 90.643900143000053, 24.054899250000062 ], [ 90.643994418000034, 24.054820388000053 ], [ 90.644030506000036, 24.054784110000071 ], [ 90.644088608000061, 24.054724592000071 ], [ 90.644172507000064, 24.054661016000068 ], [ 90.644275384000082, 24.054581554000038 ], [ 90.644349353000052, 24.054498826000042 ], [ 90.644423868000047, 24.054402549000031 ], [ 90.644436341000073, 24.054314999000042 ], [ 90.644440489000033, 24.054283935000058 ], [ 90.644486615000062, 24.054165196000042 ], [ 90.644586979000053, 24.054198079000059 ], [ 90.644667842000047, 24.053895735000026 ], [ 90.644743933000086, 24.053745824000032 ], [ 90.644754282000065, 24.053725457000041 ], [ 90.64482649200005, 24.053660237000031 ], [ 90.64489543600007, 24.053556078000042 ], [ 90.644947781000042, 24.053451991000031 ], [ 90.645035174000043, 24.053349450000042 ], [ 90.645143209000082, 24.053195452000068 ], [ 90.645153561000086, 24.05317565100006 ], [ 90.645268605000069, 24.052948240000035 ], [ 90.645328070000062, 24.052669693000041 ], [ 90.645417457000065, 24.052474564000079 ], [ 90.645436808000056, 24.052287636000074 ], [ 90.645494057000064, 24.052180705000069 ], [ 90.645612580000034, 24.052034565000042 ], [ 90.645726650000086, 24.051981586000068 ], [ 90.645823510000071, 24.051928679000071 ], [ 90.645909830000051, 24.051857754000025 ], [ 90.646006784000065, 24.051823476000038 ], [ 90.645817915000066, 24.051670165000075 ], [ 90.645786765000082, 24.051587315000063 ], [ 90.645778047000078, 24.051564773000052 ], [ 90.645718332000058, 24.051424465000025 ], [ 90.645676623000043, 24.051319646000024 ], [ 90.645625512000038, 24.051178737000043 ], [ 90.645525037000084, 24.051000216000034 ], [ 90.64560429900007, 24.050747552000075 ], [ 90.645646050000039, 24.050614720000056 ], [ 90.645731363000039, 24.050342839000052 ], [ 90.645771293000053, 24.050214530000062 ], [ 90.64578702600005, 24.050164787000028 ], [ 90.64587460000007, 24.049976441000069 ], [ 90.645925703000046, 24.049870101000067 ], [ 90.645934828000065, 24.049850870000057 ], [ 90.645973156000082, 24.049771114000066 ], [ 90.646021746000031, 24.049654058000044 ], [ 90.646111434000034, 24.04951989500006 ], [ 90.646199728000056, 24.049352431000045 ], [ 90.646274425000058, 24.049170349000065 ], [ 90.646376274000033, 24.049009603000059 ], [ 90.646435101000066, 24.048849602000075 ], [ 90.646477032000064, 24.048753460000057 ], [ 90.646580682000035, 24.048584238000046 ], [ 90.646623244000068, 24.048490917000038 ], [ 90.646718992000046, 24.048339228000032 ], [ 90.646793145000061, 24.048171826000043 ], [ 90.646848318000082, 24.048019177000072 ], [ 90.646938176000049, 24.047796387000062 ], [ 90.64699474400004, 24.047677039000064 ], [ 90.647032949000049, 24.047573011000054 ], [ 90.647141728000065, 24.047323610000035 ], [ 90.647205077000081, 24.047208185000045 ], [ 90.647302266000054, 24.046976332000042 ], [ 90.647387092000031, 24.046730982000042 ], [ 90.647398618000068, 24.04670044900007 ], [ 90.647436844000083, 24.046600937000051 ], [ 90.647478679000073, 24.046485603000065 ], [ 90.647525893000079, 24.046339763000049 ], [ 90.647557278000079, 24.046224474000041 ], [ 90.647603275000051, 24.04608089900006 ], [ 90.647658490000083, 24.045937282000068 ], [ 90.647689949000039, 24.045836670000028 ], [ 90.647738451000066, 24.045702678000055 ], [ 90.647852058000069, 24.045435756000074 ], [ 90.647908123000036, 24.045338990000062 ], [ 90.648074952000059, 24.045021603000066 ], [ 90.648239639000053, 24.044644953000045 ], [ 90.648399835000077, 24.044352994000064 ], [ 90.648565108000071, 24.043971261000024 ], [ 90.648710905000087, 24.043627995000065 ], [ 90.648804362000078, 24.043388818000039 ], [ 90.64904714000005, 24.043140539000035 ], [ 90.649150296000073, 24.042996720000076 ], [ 90.649305538000078, 24.042821070000059 ], [ 90.649530796000079, 24.042511900000022 ], [ 90.649571085000048, 24.042456407000032 ], [ 90.64970111100007, 24.042278040000042 ], [ 90.650042825000071, 24.042147886000066 ], [ 90.650076352000042, 24.042092422000053 ], [ 90.650127616000077, 24.04201938500006 ], [ 90.650147018000041, 24.041966239000033 ], [ 90.650172527000052, 24.041905166000049 ], [ 90.650216497000031, 24.041848530000038 ], [ 90.650256728000045, 24.041781748000062 ], [ 90.650305066000044, 24.041738078000037 ], [ 90.650322818000063, 24.041723325000078 ], [ 90.650373783000077, 24.04159101700003 ], [ 90.650528408000071, 24.041415366000024 ], [ 90.650683646000061, 24.041239713000039 ], [ 90.65084448500005, 24.04107758400005 ], [ 90.650870609000037, 24.041016507000052 ], [ 90.650931110000045, 24.040947383000059 ], [ 90.651000448000048, 24.040801448000025 ], [ 90.651029053000059, 24.040745440000023 ], [ 90.651049142000033, 24.040706970000031 ], [ 90.651108152000063, 24.040585352000051 ], [ 90.651171116000057, 24.040516780000075 ], [ 90.651213721000033, 24.040433054000061 ], [ 90.651227720000065, 24.040405900000053 ], [ 90.651266240000041, 24.040365656000063 ], [ 90.651278415000036, 24.040342459000044 ], [ 90.651321629000051, 24.040257603000043 ], [ 90.651389877000042, 24.040139898000064 ], [ 90.651460006000036, 24.040029523000044 ], [ 90.651532879000058, 24.039854218000073 ], [ 90.651565217000041, 24.039806664000025 ], [ 90.651579864000041, 24.03978571500005 ], [ 90.651599707000059, 24.039698699000041 ], [ 90.651672376000079, 24.03960468300005 ], [ 90.651697121000041, 24.039514258000054 ], [ 90.651791180000032, 24.03939587800005 ], [ 90.65181195100007, 24.039370388000066 ], [ 90.651829611000039, 24.039338135000037 ], [ 90.65185333900007, 24.039290053000059 ], [ 90.651926348000075, 24.039141280000024 ], [ 90.651942222000059, 24.039120326000045 ], [ 90.652007396000045, 24.039002633000052 ], [ 90.652137219000053, 24.038785314000052 ], [ 90.652177983000058, 24.038702726000054 ], [ 90.652248838000048, 24.03849299500007 ], [ 90.652277370000036, 24.038422311000033 ], [ 90.652301658000056, 24.038363502000038 ], [ 90.652304739000044, 24.03824325100004 ], [ 90.652331992000086, 24.038162976000024 ], [ 90.652342894000071, 24.038130753000075 ], [ 90.652380956000059, 24.037999628000023 ], [ 90.652405808000083, 24.037809288000062 ], [ 90.652323723000052, 24.03774246200004 ], [ 90.652162860000033, 24.037655086000029 ], [ 90.652047, 24.037594050000052 ], [ 90.652008176000038, 24.037573892000069 ], [ 90.65187321500008, 24.037503905000051 ], [ 90.651835019000032, 24.037486570000056 ], [ 90.651734098000077, 24.037462725000069 ], [ 90.651631268000074, 24.037425905000077 ], [ 90.651528428000063, 24.037387394000064 ], [ 90.651380012000061, 24.037330445000066 ], [ 90.65124466900005, 24.037306183000055 ], [ 90.651088963000063, 24.037266202000069 ], [ 90.651001569000073, 24.037243429000057 ], [ 90.650869162000049, 24.037192058000073 ], [ 90.650821127000086, 24.037173635000045 ], [ 90.650636981000048, 24.037100467000073 ], [ 90.650310661000049, 24.03686702300007 ], [ 90.650387554000076, 24.036635254000032 ], [ 90.650444470000082, 24.036464534000061 ], [ 90.650497747000031, 24.036303428000053 ], [ 90.650552241000071, 24.036140056000079 ], [ 90.650588571000071, 24.036030954000069 ], [ 90.650658804000045, 24.03581953500003 ], [ 90.650673338000047, 24.035776571000042 ], [ 90.650713904000042, 24.035654468000075 ], [ 90.650784142000077, 24.035444178000034 ], [ 90.650893238000037, 24.035138886000027 ], [ 90.650966312000037, 24.035003661000076 ], [ 90.651074795000056, 24.034698936000041 ], [ 90.651184061000038, 24.034427514000072 ], [ 90.651321362000033, 24.03410911900005 ], [ 90.651331079000045, 24.034085934000075 ], [ 90.651402765000057, 24.033919668000067 ], [ 90.651548633000061, 24.033715829000073 ], [ 90.65158346700008, 24.033310373000063 ], [ 90.65180028900005, 24.032429966000052 ], [ 90.651906549000046, 24.031685508000066 ], [ 90.651867969000079, 24.03134754000007 ], [ 90.652085982000074, 24.030704216000061 ], [ 90.652352806000067, 24.030355350000036 ], [ 90.652922653000076, 24.029889471000047 ], [ 90.653392929000063, 24.029545382000038 ], [ 90.653438856000037, 24.029511881000076 ], [ 90.653682454000034, 24.029432941000039 ], [ 90.653949869000087, 24.029323982000051 ], [ 90.654192130000069, 24.029223596000065 ], [ 90.65450478300005, 24.029066459000035 ], [ 90.654622485000061, 24.029007249000074 ], [ 90.654904784000053, 24.029046121000079 ], [ 90.65500952900004, 24.02897680600006 ], [ 90.655070525000042, 24.029006462000041 ], [ 90.65520988600008, 24.028975949000028 ], [ 90.65525408600007, 24.028966163000064 ], [ 90.655274597000073, 24.028889868000078 ], [ 90.655542686000047, 24.02867195500005 ], [ 90.655776976000084, 24.028454749000048 ], [ 90.655838219000032, 24.028412151000055 ], [ 90.655911900000035, 24.028276921000042 ], [ 90.655981263000058, 24.028138887000068 ], [ 90.656149320000054, 24.02795019000007 ], [ 90.656345867000084, 24.02768403500005 ], [ 90.656445149000035, 24.027507487000037 ], [ 90.656536735000032, 24.027388551000058 ], [ 90.656676515000072, 24.027199411000026 ], [ 90.656782796000073, 24.027069686000061 ], [ 90.656841181000061, 24.026948633000075 ], [ 90.656914302000075, 24.026824694000027 ], [ 90.657008623000081, 24.026639700000032 ], [ 90.657043308000084, 24.026571247000049 ], [ 90.657101185000045, 24.026350281000077 ], [ 90.657156126000075, 24.026156424000078 ], [ 90.657182082000077, 24.026063735000037 ], [ 90.657208635000075, 24.025967093000077 ], [ 90.657222005000051, 24.025816879000047 ], [ 90.657245574000058, 24.025617511000064 ], [ 90.657276120000063, 24.025339648000056 ], [ 90.657272189000082, 24.025170880000076 ], [ 90.657267497000078, 24.024973328000044 ], [ 90.657251142000064, 24.024778646000073 ], [ 90.657199999000056, 24.024389928000062 ], [ 90.657123562000038, 24.023982125000032 ], [ 90.657078295000076, 24.023781923000058 ], [ 90.657063867000033, 24.023724408000078 ], [ 90.657016200000044, 24.023535505000041 ], [ 90.656946703000074, 24.023284039000032 ], [ 90.656852908000076, 24.022967193000056 ], [ 90.656746712000086, 24.022628952000048 ], [ 90.656664303000071, 24.022375846000045 ], [ 90.656643699000085, 24.022312146000047 ], [ 90.656628094000041, 24.022264796000059 ], [ 90.656550810000056, 24.022052876000032 ], [ 90.65643887400006, 24.021672885000044 ], [ 90.656316246000074, 24.021244957000079 ], [ 90.656248188000063, 24.020912761000034 ], [ 90.656241952000073, 24.020773922000046 ], [ 90.656408009000074, 24.020072670000047 ], [ 90.656521629000054, 24.019695100000035 ], [ 90.656593486000077, 24.019322790000047 ], [ 90.656811189000052, 24.018747199000074 ], [ 90.656882353000071, 24.018239412000071 ], [ 90.656954528000085, 24.01768815500003 ], [ 90.657024626000066, 24.017574955000043 ], [ 90.657106517000045, 24.017484848000038 ], [ 90.657207990000074, 24.017378287000042 ], [ 90.657304105000037, 24.017305620000059 ], [ 90.657411251000042, 24.017227261000073 ], [ 90.65757850500006, 24.017125497000052 ], [ 90.657659227000067, 24.017047250000076 ], [ 90.657711057000085, 24.016967435000026 ], [ 90.657769767000048, 24.016911297000036 ], [ 90.657809873000076, 24.016821934000063 ], [ 90.657836534000069, 24.01674730700006 ], [ 90.657886818000065, 24.016605402000039 ], [ 90.657947413000045, 24.016436358000078 ], [ 90.658010866000041, 24.016225529000053 ], [ 90.658015866000085, 24.016121074000068 ], [ 90.658042422000051, 24.016026125000053 ], [ 90.658044711000059, 24.015992811000046 ], [ 90.658051588000035, 24.015895123000064 ], [ 90.658070489000067, 24.015624084000024 ], [ 90.658141687000068, 24.015486040000042 ], [ 90.658114211000054, 24.015279553000028 ], [ 90.658010165000064, 24.014397127000052 ], [ 90.658051261000082, 24.013777699000059 ], [ 90.658029320000082, 24.013692553000055 ], [ 90.65797228100007, 24.01347320900004 ], [ 90.657685517000061, 24.013033003000032 ], [ 90.657536340000036, 24.012821393000024 ], [ 90.657486819000042, 24.012751042000048 ], [ 90.657445761000076, 24.012652432000039 ], [ 90.657420804000083, 24.012578591000079 ], [ 90.657465126000034, 24.012472840000044 ], [ 90.657324548000076, 24.012380864000079 ], [ 90.65727785200005, 24.012261391000038 ], [ 90.657241702000078, 24.012161630000037 ], [ 90.657223767000062, 24.012139129000047 ], [ 90.65716873100007, 24.012071624000043 ], [ 90.657145655000079, 24.012004549000039 ], [ 90.657111530000066, 24.011940906000063 ], [ 90.657100810000031, 24.011886761000028 ], [ 90.656915254000069, 24.011650467000038 ], [ 90.656899010000075, 24.011598039000035 ], [ 90.656806569000082, 24.011304332000066 ], [ 90.656716446000075, 24.011345926000047 ], [ 90.656540319000044, 24.011392969000042 ], [ 90.656457812000042, 24.011361147000059 ], [ 90.65633594600007, 24.011323282000035 ], [ 90.656192546000057, 24.011280430000056 ], [ 90.656110678000061, 24.011253686000032 ], [ 90.656008571000086, 24.011234364000074 ], [ 90.655926097000076, 24.011208750000037 ], [ 90.655783349000046, 24.011173235000058 ], [ 90.655700885000044, 24.011149879000072 ], [ 90.655588284000032, 24.011121569000068 ], [ 90.655464564000056, 24.011081455000067 ], [ 90.655372230000069, 24.011050803000046 ], [ 90.655262742000048, 24.011030385000026 ], [ 90.654923496000038, 24.010780633000024 ], [ 90.654908068000054, 24.010768280000036 ], [ 90.654715543000066, 24.010610480000025 ], [ 90.654408916000079, 24.010370748000071 ], [ 90.654351029000054, 24.010346722000065 ], [ 90.65418849200006, 24.010285886000077 ], [ 90.654077060000077, 24.010245153000028 ], [ 90.654036423000036, 24.010230084000057 ], [ 90.653966238000066, 24.010203854000054 ], [ 90.653883682000071, 24.010162432000072 ], [ 90.653792579000083, 24.010131773000069 ], [ 90.653629368000054, 24.010059085000023 ], [ 90.653466713000057, 24.009975105000024 ], [ 90.653344835000041, 24.009934415000032 ], [ 90.653192121000075, 24.009872408000035 ], [ 90.652989528000035, 24.009789160000025 ], [ 90.652817152000068, 24.009727235000071 ], [ 90.652686050000057, 24.009685456000057 ], [ 90.652575226000067, 24.009643591000042 ], [ 90.652461345000063, 24.009604560000071 ], [ 90.652332125000044, 24.009570112000063 ], [ 90.652210851000063, 24.009527161000051 ], [ 90.65210991400005, 24.009495978000075 ], [ 90.65201941600003, 24.009463059000041 ], [ 90.651898200000062, 24.009431962000065 ], [ 90.651788046000036, 24.009400818000074 ], [ 90.651587316000075, 24.009321514000078 ], [ 90.651564561000043, 24.009317658000043 ], [ 90.651474654000083, 24.009280220000051 ], [ 90.651342925000051, 24.009235620000027 ], [ 90.651252369000076, 24.009191409000039 ], [ 90.651060304000055, 24.009123922000072 ], [ 90.651016580000032, 24.009105478000038 ], [ 90.650923591000037, 24.009065793000048 ], [ 90.650797404000059, 24.009023428000035 ], [ 90.650576447000049, 24.008954368000047 ], [ 90.650434210000071, 24.008897393000041 ], [ 90.650334546000067, 24.008874671000058 ], [ 90.650063138000064, 24.008792841000059 ], [ 90.649975090000055, 24.008758215000057 ], [ 90.649933838000038, 24.008742020000057 ], [ 90.64991107700007, 24.008737600000075 ], [ 90.649781906000044, 24.008712747000061 ], [ 90.649267684000051, 24.008613881000031 ], [ 90.648667135000039, 24.008456104000061 ], [ 90.647922020000067, 24.008266197000069 ], [ 90.647659938000061, 24.008205775000079 ], [ 90.647512902000074, 24.008171961000073 ], [ 90.647380018000035, 24.008141475000059 ], [ 90.647263123000073, 24.00811374400007 ], [ 90.647242825000035, 24.008109879000074 ], [ 90.647055220000084, 24.008073414000023 ], [ 90.64692235800004, 24.008047443000066 ], [ 90.646803642000066, 24.00802423500005 ], [ 90.646592582000039, 24.007966982000028 ], [ 90.646465822000039, 24.007932518000075 ], [ 90.646099699000047, 24.007833581000057 ], [ 90.645468132000076, 24.007615523000027 ], [ 90.645149617000072, 24.007574527000031 ], [ 90.644926615000031, 24.007463694000023 ], [ 90.644568545000084, 24.007377139000027 ], [ 90.644535323000071, 24.007369375000053 ], [ 90.644478641000035, 24.007339694000052 ], [ 90.644298860000049, 24.007269888000053 ], [ 90.644252683000047, 24.007252019000077 ], [ 90.644112919000065, 24.007197285000075 ], [ 90.643663261000086, 24.006981277000023 ], [ 90.643344096000078, 24.006809317000034 ], [ 90.643325010000069, 24.006802057000073 ], [ 90.64315750600008, 24.006729376000067 ], [ 90.643065749000073, 24.006689682000058 ], [ 90.642885309000064, 24.006610843000033 ], [ 90.64276834900005, 24.006569561000049 ], [ 90.642589833000045, 24.006506521000063 ], [ 90.642544280000038, 24.006490343000053 ], [ 90.642344217000073, 24.006419490000042 ], [ 90.642237107000085, 24.00638155200005 ], [ 90.642141077000076, 24.006347520000077 ], [ 90.642046926000035, 24.006320819000052 ], [ 90.64196866900005, 24.006277115000046 ], [ 90.64177972300007, 24.006217506000041 ], [ 90.641668892000041, 24.006172809000077 ], [ 90.641559293000057, 24.006128672000045 ], [ 90.64144955200004, 24.006055747000062 ], [ 90.641319673000055, 24.006011131000037 ], [ 90.64122973800005, 24.005966912000076 ], [ 90.641170628000054, 24.005942886000071 ], [ 90.641066361000071, 24.005858646000036 ], [ 90.640988544000038, 24.00577994300005 ], [ 90.640896902000065, 24.005639201000065 ], [ 90.640805322000062, 24.005510878000052 ], [ 90.640714432000038, 24.005397793000043 ], [ 90.640562560000035, 24.005255045000069 ], [ 90.640511754000045, 24.005170583000051 ], [ 90.640421067000034, 24.005098706000069 ], [ 90.640340220000041, 24.005027918000053 ], [ 90.64029640800004, 24.00499084300003 ], [ 90.640219891000072, 24.004926245000036 ], [ 90.640058052000086, 24.004755878000026 ], [ 90.63996730100007, 24.004670452000028 ], [ 90.639792704000058, 24.004529492000074 ], [ 90.639702563000071, 24.004443501000026 ], [ 90.639684051000074, 24.004427771000053 ], [ 90.639609384000039, 24.004364295000073 ], [ 90.639514354000084, 24.004283403000045 ], [ 90.639408214000071, 24.004192397000054 ], [ 90.639295280000056, 24.004094645000066 ], [ 90.639205769000057, 24.004011472000059 ], [ 90.639112551000039, 24.003924364000056 ], [ 90.639011965000066, 24.003838416000065 ], [ 90.638921827000047, 24.003752422000048 ], [ 90.638849563000065, 24.003677645000039 ], [ 90.638764619000085, 24.003523891000043 ], [ 90.638601326000071, 24.003307239000037 ], [ 90.638400546000071, 24.002964861000066 ], [ 90.638199822000047, 24.002633771000035 ], [ 90.638130349000051, 24.002252459000033 ], [ 90.637956969000072, 24.001983350000046 ], [ 90.63781969300004, 24.001683607000075 ], [ 90.637784841000041, 24.001593997000043 ], [ 90.637693440000078, 24.001376481000023 ], [ 90.637662359000046, 24.001303790000065 ], [ 90.637530856000069, 24.000928380000062 ], [ 90.63751830800004, 24.000875935000067 ], [ 90.637365036000062, 24.000446987000032 ], [ 90.637237586000083, 24.000020755000037 ], [ 90.63711991200006, 23.999583194000024 ], [ 90.636979978000056, 23.999116934000028 ], [ 90.636877097000081, 23.998688342000037 ], [ 90.636774427000034, 23.998302650000028 ], [ 90.636715786000082, 23.997873311000035 ], [ 90.636620525000069, 23.997369608000042 ], [ 90.636578703000055, 23.997111805000031 ], [ 90.636569208000083, 23.997054830000025 ], [ 90.636552109000036, 23.996951598000066 ], [ 90.636540065000077, 23.99687657000004 ], [ 90.636403525000048, 23.996349894000048 ], [ 90.636361886000032, 23.996129347000078 ], [ 90.63624959100008, 23.99615916700003 ], [ 90.636213535000081, 23.99607407700006 ], [ 90.636216104000084, 23.995971892000057 ], [ 90.636171360000048, 23.995869339000024 ], [ 90.636136447000069, 23.995766745000026 ], [ 90.636120590000075, 23.995665766000059 ], [ 90.636081638000064, 23.995491497000046 ], [ 90.63603360500008, 23.99534492600003 ], [ 90.636003866000067, 23.995170054000027 ], [ 90.635920712000086, 23.994877989000031 ], [ 90.635872541000083, 23.994703193000078 ], [ 90.635855994000053, 23.994586975000061 ], [ 90.635821692000036, 23.994483814000034 ], [ 90.635772150000037, 23.994279669000036 ], [ 90.635754920000068, 23.994149342000071 ], [ 90.635719180000081, 23.994003285000076 ], [ 90.635677956000052, 23.993741528000044 ], [ 90.635626824000042, 23.993464006000067 ], [ 90.635600232000058, 23.993303798000056 ], [ 90.635520615000075, 23.992981235000059 ], [ 90.63548809100007, 23.992864518000033 ], [ 90.635432943000069, 23.992645156000037 ], [ 90.635377718000086, 23.992409423000026 ], [ 90.635326685000052, 23.992276978000064 ], [ 90.635275504000049, 23.992114614000059 ], [ 90.635214422000047, 23.991937614000051 ], [ 90.635154785000054, 23.991804639000065 ], [ 90.635114884000075, 23.991686823000066 ], [ 90.635065835000034, 23.991583158000026 ], [ 90.635015484000064, 23.991464258000065 ], [ 90.634977567000078, 23.991375224000024 ], [ 90.63493896500006, 23.99127151600004 ], [ 90.634852, 23.991078816000027 ], [ 90.634770892000063, 23.990827386000035 ], [ 90.634718006000071, 23.990692688000024 ], [ 90.634689237000032, 23.99058950400007 ], [ 90.634623777000058, 23.990396716000078 ], [ 90.634529828000041, 23.990157756000031 ], [ 90.634475034000047, 23.990009521000047 ], [ 90.634419078000064, 23.989875400000074 ], [ 90.63436435300008, 23.989741276000075 ], [ 90.634300334000045, 23.989591383000061 ], [ 90.634227245000034, 23.989471447000028 ], [ 90.634191713000064, 23.989367161000075 ], [ 90.634109874000046, 23.98921677800007 ], [ 90.634064586000079, 23.989127775000043 ], [ 90.633982201000038, 23.988991505000058 ], [ 90.633874882000043, 23.988781955000036 ], [ 90.633820984000067, 23.988691294000034 ], [ 90.633738288000075, 23.988491239000041 ], [ 90.633634210000082, 23.988316109000039 ], [ 90.633554282000034, 23.988179265000042 ], [ 90.63352926400006, 23.988089049000052 ], [ 90.633495507000077, 23.98797064200005 ], [ 90.633463667000058, 23.987867470000026 ], [ 90.633454004000043, 23.987776062000023 ], [ 90.63343076600006, 23.987672853000049 ], [ 90.633387780000078, 23.987552229000073 ], [ 90.633374844000059, 23.98741962500003 ], [ 90.633334175000073, 23.987269636000065 ], [ 90.633277787000054, 23.987046325000051 ], [ 90.633266540000079, 23.986882666000042 ], [ 90.633233936000067, 23.98674845000005 ], [ 90.633181880000052, 23.986657217000072 ], [ 90.633141754000064, 23.986493111000073 ], [ 90.633108142000083, 23.986404060000041 ], [ 90.633078389000048, 23.986224672000048 ], [ 90.633057386000075, 23.986075731000028 ], [ 90.633023765000075, 23.985984985000073 ], [ 90.632965210000066, 23.985820955000065 ], [ 90.632896888000062, 23.985669952000023 ], [ 90.632874935000075, 23.985578593000071 ], [ 90.632612470000083, 23.985051303000034 ], [ 90.632456403000049, 23.984419707000029 ], [ 90.632449509000082, 23.984392074000027 ], [ 90.632440106000047, 23.984353728000031 ], [ 90.632351317000087, 23.984163291000073 ], [ 90.632296057000076, 23.984044409000035 ], [ 90.632143942000084, 23.983718755000041 ], [ 90.632124113000032, 23.983684403000041 ], [ 90.63208446200008, 23.983616826000059 ], [ 90.632024831000081, 23.983483285000034 ], [ 90.631972100000041, 23.983379634000073 ], [ 90.631920603000083, 23.983275978000052 ], [ 90.631867329000045, 23.983187006000037 ], [ 90.631796234000035, 23.983096414000045 ], [ 90.631744661000084, 23.982977517000052 ], [ 90.631690846000083, 23.982903226000076 ], [ 90.631618598000045, 23.982828444000063 ], [ 90.631505074000074, 23.982604240000057 ], [ 90.631461629000057, 23.982514662000028 ], [ 90.631347635000054, 23.982320379000043 ], [ 90.631222659000059, 23.982141383000055 ], [ 90.631179213000053, 23.982051241000079 ], [ 90.631099372000051, 23.981931330000066 ], [ 90.631037971000069, 23.981812473000048 ], [ 90.630966723000085, 23.981690834000062 ], [ 90.630931891000046, 23.981602916000043 ], [ 90.630853675000083, 23.981437838000033 ], [ 90.630811322000056, 23.981319467000048 ], [ 90.63075497400007, 23.981229379000069 ], [ 90.630726443000071, 23.981174175000035 ], [ 90.630700395000076, 23.981124042000033 ], [ 90.630664784000032, 23.981002255000078 ], [ 90.630600281000056, 23.980877765000059 ], [ 90.630546627000058, 23.980709202000071 ], [ 90.630472824000037, 23.980567249000046 ], [ 90.630437823000079, 23.980444896000051 ], [ 90.630410342000062, 23.980352431000028 ], [ 90.630339034000031, 23.980091925000067 ], [ 90.630265783000084, 23.979936425000062 ], [ 90.630229618000044, 23.979827060000048 ], [ 90.630148697000038, 23.979610623000042 ], [ 90.630064995000055, 23.97945403500006 ], [ 90.629991278000034, 23.979329018000044 ], [ 90.629850824000073, 23.979125246000024 ], [ 90.62981473800005, 23.979032251000035 ], [ 90.629740556000058, 23.978937720000033 ], [ 90.629656389000047, 23.97881161600003 ], [ 90.629544498000087, 23.978669257000035 ], [ 90.629478993000077, 23.978590495000049 ], [ 90.629389280000055, 23.978461028000027 ], [ 90.629154012000072, 23.978214743000024 ], [ 90.629073736000066, 23.978130960000044 ], [ 90.629003960000034, 23.978057861000025 ], [ 90.628873008000085, 23.977912192000076 ], [ 90.628738352000084, 23.977762587000029 ], [ 90.628622934000077, 23.977652983000041 ], [ 90.628538381000055, 23.977573170000028 ], [ 90.628444527000056, 23.977476459000059 ], [ 90.628331486000036, 23.977349910000044 ], [ 90.628227202000062, 23.977255500000069 ], [ 90.628151323000054, 23.977190892000067 ], [ 90.62800932600004, 23.977047526000035 ], [ 90.627877234000039, 23.976919926000051 ], [ 90.627821557000061, 23.976840559000038 ], [ 90.627679026000067, 23.976713564000079 ], [ 90.62759447500008, 23.976634314000023 ], [ 90.62751798000005, 23.976569147000077 ], [ 90.627433359000065, 23.976475221000044 ], [ 90.627282219000051, 23.976346567000064 ], [ 90.627215487000058, 23.976267810000024 ], [ 90.627120563000062, 23.97620328000005 ], [ 90.627011260000074, 23.976086875000078 ], [ 90.626931039000056, 23.97601325200003 ], [ 90.62685454800004, 23.975949212000046 ], [ 90.626749722000056, 23.975869481000075 ], [ 90.62664605100008, 23.975773939000078 ], [ 90.626559732000032, 23.975709939000069 ], [ 90.62648385600005, 23.975645895000071 ], [ 90.626321670000038, 23.975518979000071 ], [ 90.62621738200005, 23.975423440000043 ], [ 90.626131605000069, 23.975344196000037 ], [ 90.625979247000032, 23.975217240000063 ], [ 90.625854688000061, 23.975121783000077 ], [ 90.625683205000087, 23.974977969000065 ], [ 90.625606721000054, 23.974915057000032 ], [ 90.625530853000043, 23.974852143000078 ], [ 90.625458071000082, 23.974792037000043 ], [ 90.62539638800007, 23.974740919000055 ], [ 90.625320516000045, 23.974676874000068 ], [ 90.625215084000047, 23.974598274000073 ], [ 90.625158802000044, 23.97452060300003 ], [ 90.625072413000055, 23.974441359000025 ], [ 90.624967045000062, 23.974376306000067 ], [ 90.624860528000056, 23.974327628000026 ], [ 90.624765682000032, 23.974278337000044 ], [ 90.624629667000079, 23.974227522000035 ], [ 90.624534209000046, 23.974178798000025 ], [ 90.62440041800005, 23.974079427000049 ], [ 90.624275533000059, 23.974043807000044 ], [ 90.624231209000072, 23.974024229000065 ], [ 90.624184419000073, 23.974004097000034 ], [ 90.624008829000047, 23.973899814000049 ], [ 90.623979259000066, 23.973882436000054 ], [ 90.623745143000065, 23.973743954000042 ], [ 90.623658208000052, 23.973679390000029 ], [ 90.623582342000077, 23.973616475000028 ], [ 90.623479470000063, 23.973558750000052 ], [ 90.623367809000058, 23.973462109000025 ], [ 90.623291927000082, 23.973396369000056 ], [ 90.623203710000041, 23.973319956000068 ], [ 90.622420239000064, 23.972641217000046 ], [ 90.621984897000061, 23.97243185800005 ], [ 90.621941787000083, 23.972409452000022 ], [ 90.62186795100007, 23.97225733700003 ], [ 90.621865959000047, 23.972226297000077 ], [ 90.621846583000035, 23.972029363000047 ], [ 90.621750682000084, 23.972015639000062 ], [ 90.621741995000036, 23.971997610000074 ], [ 90.621629883000082, 23.971934277000059 ], [ 90.621609552000052, 23.97192250300003 ], [ 90.621534293000082, 23.971857326000077 ], [ 90.621445529000084, 23.971795026000052 ], [ 90.621356135000042, 23.971729341000071 ], [ 90.62131914400004, 23.971701830000029 ], [ 90.621151593000036, 23.971607109000047 ], [ 90.620994417000077, 23.971498796000049 ], [ 90.620816776000083, 23.971349921000069 ], [ 90.620720080000069, 23.971298377000039 ], [ 90.620580263000079, 23.971222171000022 ], [ 90.620439701000066, 23.971118871000044 ], [ 90.620132678000061, 23.970892052000067 ], [ 90.61993392800008, 23.970695844000034 ], [ 90.619791364000037, 23.970559245000061 ], [ 90.619758638000064, 23.97052437800005 ], [ 90.61945359300006, 23.970196505000047 ], [ 90.618916055000057, 23.969552318000069 ], [ 90.618321387000037, 23.968779088000076 ], [ 90.618094210000038, 23.968418157000031 ], [ 90.618016829000055, 23.968036300000051 ], [ 90.617888546000074, 23.967801419000068 ], [ 90.617727140000056, 23.967448126000079 ], [ 90.617583098000068, 23.967128632000026 ], [ 90.617575645000045, 23.967111727000031 ], [ 90.617551739000078, 23.966993278000075 ], [ 90.617531889000077, 23.966695299000037 ], [ 90.617502416000036, 23.96656953300004 ], [ 90.617501641000047, 23.966535667000073 ], [ 90.617493636000063, 23.966273770000043 ], [ 90.617464123000047, 23.96613953700006 ], [ 90.617474529000049, 23.965873614000031 ], [ 90.617456121000032, 23.965620226000055 ], [ 90.617427167000073, 23.965474136000068 ], [ 90.617428104000055, 23.965283895000027 ], [ 90.617415052000069, 23.965123064000068 ], [ 90.617409836000036, 23.965059861000043 ], [ 90.617381843000032, 23.964728045000072 ], [ 90.617390813000043, 23.964547933000063 ], [ 90.617362902000082, 23.964362888000039 ], [ 90.617355093000072, 23.964012928000045 ], [ 90.617346428000076, 23.963741436000078 ], [ 90.617337873000054, 23.963493090000043 ], [ 90.617309888000079, 23.963292238000065 ], [ 90.617320360000065, 23.963040428000056 ], [ 90.617331561000071, 23.962812324000026 ], [ 90.617327473000046, 23.962598957000068 ], [ 90.617324237000048, 23.962435265000067 ], [ 90.617324143000076, 23.962415508000049 ], [ 90.617324985000039, 23.962205510000047 ], [ 90.617316491000054, 23.961969580000073 ], [ 90.61731711200008, 23.961842001000036 ], [ 90.617319397000074, 23.961289907000037 ], [ 90.617330553000045, 23.961052771000027 ], [ 90.617330984000034, 23.960885113000074 ], [ 90.61733113300005, 23.960787453000023 ], [ 90.617342141000051, 23.960519268000041 ], [ 90.617353358000059, 23.960165845000063 ], [ 90.617344370000069, 23.959955321000052 ], [ 90.61734617500008, 23.959689432000062 ], [ 90.61735645400006, 23.959396979000076 ], [ 90.617356757000039, 23.959331495000072 ], [ 90.617350757000054, 23.959103459000062 ], [ 90.617367343000069, 23.958845415000042 ], [ 90.617378402000043, 23.958587956000031 ], [ 90.617388364000078, 23.95835816400006 ], [ 90.617388015000074, 23.958284780000042 ], [ 90.617388135000056, 23.958052204000069 ], [ 90.617397448000077, 23.957685803000061 ], [ 90.617404098000065, 23.957663195000066 ], [ 90.617408198000078, 23.957363428000065 ], [ 90.617407304000039, 23.957175453000048 ], [ 90.617427735000035, 23.956951263000065 ], [ 90.617436636000036, 23.956756472000052 ], [ 90.617436395000084, 23.956576962000042 ], [ 90.617443068000057, 23.95643016300005 ], [ 90.617444699000032, 23.956385561000047 ], [ 90.617444419000037, 23.956197583000062 ], [ 90.61745391900007, 23.955999967000025 ], [ 90.617452886000081, 23.955782637000027 ], [ 90.617461925000043, 23.955617202000042 ], [ 90.617469193000034, 23.95533774300003 ], [ 90.617465629000037, 23.955105182000068 ], [ 90.617464910000081, 23.955083170000023 ], [ 90.617452391000086, 23.954904837000072 ], [ 90.617435878000038, 23.954662166000048 ], [ 90.617434198000069, 23.954567336000025 ], [ 90.617429021000078, 23.95451203600004 ], [ 90.617397864000054, 23.954160476000027 ], [ 90.617412685000033, 23.953532123000059 ], [ 90.617416238000033, 23.953375176000065 ], [ 90.61741973900007, 23.953207505000023 ], [ 90.617421082000078, 23.953102502000036 ], [ 90.617360376000079, 23.952478969000026 ], [ 90.617273116000035, 23.952084167000066 ], [ 90.617251691000035, 23.951582973000029 ], [ 90.617247674000055, 23.951126305000059 ], [ 90.617271040000048, 23.950615335000066 ], [ 90.617260405000081, 23.950445462000062 ], [ 90.617253755000036, 23.950338798000075 ], [ 90.617245822000086, 23.950220849000061 ], [ 90.617233078000083, 23.950124370000026 ], [ 90.617236709000053, 23.949983794000048 ], [ 90.617233149000072, 23.949881068000025 ], [ 90.617239341000072, 23.949762498000041 ], [ 90.61721612000008, 23.949658157000044 ], [ 90.617220399000075, 23.949524917000076 ], [ 90.617206252000074, 23.949391750000075 ], [ 90.617211144000066, 23.949257943000077 ], [ 90.617187318000049, 23.949155863000044 ], [ 90.617174320000061, 23.949135029000047 ], [ 90.617171090000056, 23.948972464000065 ], [ 90.617159680000043, 23.948381475000076 ], [ 90.617148526000051, 23.947715405000054 ], [ 90.617142233000038, 23.947167296000032 ], [ 90.617120845000045, 23.946544734000042 ], [ 90.617069715000071, 23.945996806000039 ], [ 90.617032010000059, 23.945300922000058 ], [ 90.616934708000031, 23.944859307000058 ], [ 90.616925924000043, 23.944820392000054 ], [ 90.616899559000046, 23.944700823000062 ], [ 90.616872109000042, 23.944353197000055 ], [ 90.616882435000036, 23.944199610000055 ], [ 90.61686641700004, 23.944060243000024 ], [ 90.616861646000075, 23.943960908000065 ], [ 90.616866639000079, 23.943848552000077 ], [ 90.616867538000065, 23.94364984300006 ], [ 90.616851507000035, 23.943507652000051 ], [ 90.616845431000058, 23.943392517000063 ], [ 90.616849596000066, 23.943235003000041 ], [ 90.61685191600003, 23.943076934000032 ], [ 90.61684563700004, 23.942918896000037 ], [ 90.616849939000076, 23.942790173000049 ], [ 90.616853424000055, 23.942619114000024 ], [ 90.616847897000071, 23.942489865000027 ], [ 90.616852882000046, 23.942375815000048 ], [ 90.61685445300003, 23.942189521000046 ], [ 90.616850291000048, 23.942089057000032 ], [ 90.616854659000069, 23.941974444000039 ], [ 90.616857528000082, 23.941802824000035 ], [ 90.616852073000075, 23.941688816000067 ], [ 90.616858354000044, 23.941588873000057 ], [ 90.61685357600004, 23.941488410000034 ], [ 90.616857882000033, 23.941360250000059 ], [ 90.616872691000083, 23.941245597000034 ], [ 90.61686792200004, 23.941146827000068 ], [ 90.616872259000047, 23.941025441000079 ], [ 90.616867383000056, 23.940904093000029 ], [ 90.616872365000063, 23.940789477000067 ], [ 90.616872940000064, 23.940651736000063 ], [ 90.616882474000079, 23.940590167000039 ], [ 90.61688745400005, 23.940474988000062 ], [ 90.616902327000048, 23.940373882000074 ], [ 90.616935498000032, 23.940245606000076 ], [ 90.616901209000048, 23.940138488000059 ], [ 90.616900745000066, 23.940040830000044 ], [ 90.616892377000056, 23.939960140000039 ], [ 90.616858469000078, 23.939674636000063 ], [ 90.616824281000049, 23.939588968000066 ], [ 90.61682303300006, 23.939455751000025 ], [ 90.616770046000056, 23.939291129000026 ], [ 90.616752170000041, 23.939148380000063 ], [ 90.616735591000065, 23.939019740000049 ], [ 90.616685577000055, 23.938834782000072 ], [ 90.616687900000045, 23.938677277000068 ], [ 90.616651058000059, 23.938549846000058 ], [ 90.616623970000035, 23.938407135000034 ], [ 90.616571300000032, 23.938179851000029 ], [ 90.616521287000069, 23.937994894000042 ], [ 90.616488941000057, 23.937779383000077 ], [ 90.616482807000068, 23.93765182900006 ], [ 90.616438722000055, 23.937421689000075 ], [ 90.616385997000066, 23.937182549000056 ], [ 90.616366210000081, 23.937025131000041 ], [ 90.616367162000074, 23.936966984000037 ], [ 90.616368669000053, 23.936896414000046 ], [ 90.616331156000058, 23.936756568000078 ], [ 90.616332988000067, 23.936625030000073 ], [ 90.61627713200005, 23.936502756000039 ], [ 90.616246851000085, 23.936334091000049 ], [ 90.616229666000038, 23.936207147000061 ], [ 90.616212548000078, 23.936094314000059 ], [ 90.616181587000085, 23.935911539000074 ], [ 90.616146068000035, 23.935803860000078 ], [ 90.616126226000063, 23.935634588000028 ], [ 90.616065073000073, 23.935431048000055 ], [ 90.616028877000076, 23.935310389000051 ], [ 90.615993361000051, 23.93520327400006 ], [ 90.615968129000066, 23.935062815000038 ], [ 90.615972930000055, 23.935039085000028 ], [ 90.615927459000034, 23.934904351000057 ], [ 90.61588336300008, 23.934671951000041 ], [ 90.615863671000056, 23.934534291000034 ], [ 90.615811003000033, 23.934436279000067 ], [ 90.615781365000032, 23.934273255000051 ], [ 90.615749691000076, 23.934069596000029 ], [ 90.615697038000064, 23.933974970000065 ], [ 90.615655491000041, 23.933890460000043 ], [ 90.615648207000049, 23.933779281000056 ], [ 90.615602721000073, 23.93364172500003 ], [ 90.615576981000061, 23.93352384700006 ], [ 90.615542666000067, 23.933410519000063 ], [ 90.615509032000034, 23.933311300000071 ], [ 90.615467502000058, 23.933230742000035 ], [ 90.615438368000071, 23.933044572000028 ], [ 90.615403997000044, 23.932919388000073 ], [ 90.61540720000005, 23.932817765000038 ], [ 90.615345123000054, 23.932678017000057 ], [ 90.615310754000063, 23.932553398000039 ], [ 90.615288224000039, 23.932464862000074 ], [ 90.615243239000051, 23.932303029000025 ], [ 90.615198198000087, 23.932129341000064 ], [ 90.615165125000033, 23.93201883100005 ], [ 90.615126001000078, 23.931927536000046 ], [ 90.615119944000071, 23.931815789000041 ], [ 90.615098032000049, 23.931727814000055 ], [ 90.615065579000031, 23.931618430000071 ], [ 90.615025686000081, 23.931494397000051 ], [ 90.61502437200005, 23.931476339000028 ], [ 90.614969224000049, 23.931243419000054 ], [ 90.614910317000067, 23.930994707000025 ], [ 90.614902952000079, 23.930866030000061 ], [ 90.614874798000073, 23.93075662900003 ], [ 90.614861394000059, 23.930649426000059 ], [ 90.614847914000052, 23.930526418000056 ], [ 90.614808112000048, 23.930421580000029 ], [ 90.614784022000038, 23.930262485000071 ], [ 90.614778568000077, 23.930148477000046 ], [ 90.614756741000065, 23.930078 ], [ 90.614744961000042, 23.930054338000048 ], [ 90.614725904000068, 23.929920627000058 ], [ 90.61469535100008, 23.929823654000074 ], [ 90.614673232000087, 23.929691647000027 ], [ 90.614659135000068, 23.929568077000056 ], [ 90.614612739000052, 23.929496571000072 ], [ 90.614591980000057, 23.929392785000061 ], [ 90.614545516000078, 23.929307730000062 ], [ 90.614527387000066, 23.929240062000076 ], [ 90.614494881000041, 23.929119388000061 ], [ 90.614465621000079, 23.929035394000039 ], [ 90.614409891000037, 23.928939086000071 ], [ 90.614371990000052, 23.928846093000061 ], [ 90.614361158000065, 23.92876315500007 ], [ 90.614338251000049, 23.928724295000052 ], [ 90.614304202000085, 23.928666852000049 ], [ 90.614258410000048, 23.928593649000049 ], [ 90.61419206100004, 23.928458998000053 ], [ 90.614126927000086, 23.928321517000029 ], [ 90.614098270000056, 23.928235263000033 ], [ 90.61409930700006, 23.928194614000063 ], [ 90.614101903000062, 23.928094121000072 ], [ 90.614005528000064, 23.928103539000062 ], [ 90.613926556000081, 23.928026517000035 ], [ 90.613861772000064, 23.927962987000058 ], [ 90.613541636000036, 23.927665642000022 ], [ 90.613333186000034, 23.927480187000072 ], [ 90.61309698000008, 23.927268876000028 ], [ 90.613022173000047, 23.927163611000026 ], [ 90.612960814000076, 23.927044745000046 ], [ 90.612931167000056, 23.927008734000026 ], [ 90.612863840000045, 23.926926585000047 ], [ 90.612791573000038, 23.926838810000049 ], [ 90.612689617000058, 23.926705993000041 ], [ 90.612583746000041, 23.92678488100006 ], [ 90.612564664000047, 23.926775361000068 ], [ 90.612405133000038, 23.926674950000063 ], [ 90.612329337000062, 23.926619931000062 ], [ 90.612159409000071, 23.926528594000047 ], [ 90.612036225000054, 23.926452311000048 ], [ 90.611930887000085, 23.926383297000029 ], [ 90.611826161000067, 23.926314279000053 ], [ 90.611741194000047, 23.926267762000066 ], [ 90.611720261000073, 23.926256556000055 ], [ 90.611633388000087, 23.92619650000006 ], [ 90.61149856600008, 23.926126473000068 ], [ 90.611363726000036, 23.926052494000032 ], [ 90.611179567000079, 23.925938067000061 ], [ 90.61102302200004, 23.925819014000069 ], [ 90.610905222000042, 23.925711662000026 ], [ 90.61082629100008, 23.925643107000042 ], [ 90.610737478000033, 23.925562171000024 ], [ 90.610659165000072, 23.925493611000036 ], [ 90.610509762000049, 23.925326547000054 ], [ 90.610381554000071, 23.925226010000074 ], [ 90.610258515000055, 23.925049242000057 ], [ 90.610112370000081, 23.924790715000029 ], [ 90.610027436000053, 23.924620006000055 ], [ 90.609864069000082, 23.92422493600003 ], [ 90.609759446000055, 23.924046402000045 ], [ 90.609726541000043, 23.923970323000049 ], [ 90.609661979000066, 23.923822115000064 ], [ 90.609614772000043, 23.923708272000056 ], [ 90.60956507700007, 23.923587664000024 ], [ 90.609453249000069, 23.923443594000048 ], [ 90.609336690000077, 23.923207527000045 ], [ 90.609220149000066, 23.922975413000074 ], [ 90.609101796000061, 23.92288048000006 ], [ 90.608989185000041, 23.922700285000076 ], [ 90.608896273000084, 23.922530172000052 ], [ 90.608754067000064, 23.92232468900005 ], [ 90.608644661000085, 23.922173271000077 ], [ 90.608543347000079, 23.922044965000055 ], [ 90.608347495000032, 23.92179227500003 ], [ 90.60822324600008, 23.921618336000051 ], [ 90.608153380000033, 23.921517001000041 ], [ 90.60808778300003, 23.921540970000024 ], [ 90.607967715000086, 23.921472574000063 ], [ 90.607727668000052, 23.921354976000032 ], [ 90.60760126200006, 23.92124483300006 ], [ 90.607497575000082, 23.921133470000029 ], [ 90.607383536000043, 23.921041342000024 ], [ 90.607279864000077, 23.920933367000032 ], [ 90.607176191000065, 23.920825390000061 ], [ 90.607092360000081, 23.920757982000055 ], [ 90.606998751000049, 23.920700770000053 ], [ 90.606886656000086, 23.920630086000074 ], [ 90.606746925000039, 23.920558946000028 ], [ 90.606541977000063, 23.920461530000068 ], [ 90.606393038000078, 23.920390989000055 ], [ 90.606254533000083, 23.920319279000068 ], [ 90.60606868900004, 23.920235901000069 ], [ 90.605829716000073, 23.920084424000038 ], [ 90.605680885000083, 23.920037029000071 ], [ 90.605533166000043, 23.919964788000073 ], [ 90.605431650000071, 23.919923415000028 ], [ 90.605227303000049, 23.91982260900005 ], [ 90.605050052000081, 23.919738066000036 ], [ 90.604881461000048, 23.919667037000067 ], [ 90.604778235000083, 23.919654459000071 ], [ 90.604758576000052, 23.919652279000047 ], [ 90.604541333000043, 23.919551521000074 ], [ 90.604361072000074, 23.919479410000065 ], [ 90.604237989000069, 23.91942231400003 ], [ 90.604143899000064, 23.919393894000052 ], [ 90.604012086000068, 23.919308041000079 ], [ 90.603756774000033, 23.919207433000054 ], [ 90.603643994000038, 23.919120941000074 ], [ 90.60350248900005, 23.91906335300007 ], [ 90.603388134000056, 23.919034447000058 ], [ 90.603287126000055, 23.918970491000039 ], [ 90.602522985000064, 23.918657928000073 ], [ 90.602367944000036, 23.918594745000064 ], [ 90.602048584000045, 23.918454305000068 ], [ 90.602007872000058, 23.918414950000056 ], [ 90.601883624000038, 23.918370839000033 ], [ 90.60172629300007, 23.918211136000025 ], [ 90.601546637000069, 23.918136759000049 ], [ 90.601442648000045, 23.918091442000048 ], [ 90.601338657000042, 23.918046122000078 ], [ 90.601187246000052, 23.917970506000074 ], [ 90.600988471000051, 23.917878141000074 ], [ 90.60069551600003, 23.917737028000033 ], [ 90.600601341000072, 23.917689414000051 ], [ 90.600448760000063, 23.917626221000035 ], [ 90.60022170700006, 23.917527188000065 ], [ 90.599861163000071, 23.917376744000023 ], [ 90.599672113000054, 23.917262322000056 ], [ 90.599548451000032, 23.917211998000028 ], [ 90.599387790000037, 23.917127949000076 ], [ 90.599273341000071, 23.917078154000023 ], [ 90.599188366000078, 23.917027679000057 ], [ 90.599064632000079, 23.916961549000064 ], [ 90.598855373000049, 23.916858495000042 ], [ 90.598769109000045, 23.916795042000047 ], [ 90.598674310000035, 23.916744605000076 ], [ 90.598540680000042, 23.916663271000061 ], [ 90.598359748000064, 23.916577041000039 ], [ 90.598226121000039, 23.916496274000053 ], [ 90.598121424000055, 23.916430068000068 ], [ 90.597920710000039, 23.916315689000044 ], [ 90.59783451100003, 23.916265783000028 ], [ 90.597632582000074, 23.916154231000064 ], [ 90.597508132000087, 23.916065524000032 ], [ 90.597363477000044, 23.915989876000026 ], [ 90.597246666000046, 23.915959848000057 ], [ 90.597160356000074, 23.915885667000055 ], [ 90.597024915000077, 23.915810548000024 ], [ 90.596927683000047, 23.915765202000046 ], [ 90.596835991000034, 23.915722654000035 ], [ 90.596666148000054, 23.915644284000052 ], [ 90.596559091000074, 23.915598408000051 ], [ 90.596373907000043, 23.915522353000028 ], [ 90.596266167000067, 23.915461805000064 ], [ 90.596187459000078, 23.915438402000063 ], [ 90.595952561000047, 23.915367619000051 ], [ 90.59575570800007, 23.915291044000071 ], [ 90.595637109000052, 23.915272875000028 ], [ 90.595370113000058, 23.915166088000035 ], [ 90.595182569000031, 23.915110364000043 ], [ 90.59506325600006, 23.915070180000043 ], [ 90.594885009000052, 23.915033614000038 ], [ 90.594785352000031, 23.914994483000044 ], [ 90.594636584000057, 23.914958930000068 ], [ 90.594487267000034, 23.914936927000042 ], [ 90.594376632000035, 23.914914211000053 ], [ 90.59426654400005, 23.914877377000039 ], [ 90.594085949000032, 23.914863963000073 ], [ 90.593765624000071, 23.914777137000044 ], [ 90.592767069000047, 23.914489140000057 ], [ 90.592626263000056, 23.91444847300005 ], [ 90.591746288000081, 23.91430904300006 ], [ 90.591413093000085, 23.914361694000036 ], [ 90.591125916000067, 23.914406831000065 ], [ 90.589783612000076, 23.914415372000065 ], [ 90.589729562000059, 23.914412192000043 ], [ 90.589522626000075, 23.914412986000059 ], [ 90.589503979000085, 23.914498863000063 ], [ 90.589297884000075, 23.91454989500005 ], [ 90.589152548000072, 23.914592789000039 ], [ 90.589041523000049, 23.914619746000028 ], [ 90.588810396000042, 23.914702486000067 ], [ 90.588671773000044, 23.914736887000061 ], [ 90.588436340000044, 23.914817949000053 ], [ 90.588143885000079, 23.914918422000028 ], [ 90.587874746000068, 23.915014854000049 ], [ 90.587837299000057, 23.915017255000066 ], [ 90.587558906000083, 23.915104123000049 ], [ 90.587446682000063, 23.915137294000033 ], [ 90.587109484000052, 23.91525656500005 ], [ 90.586794319000035, 23.915359944000045 ], [ 90.586660621000078, 23.915397147000078 ], [ 90.586437336000074, 23.915449369000044 ], [ 90.586304296000037, 23.915496731000076 ], [ 90.586072468000054, 23.915560839000022 ], [ 90.585950356000069, 23.915580498000054 ], [ 90.585459730000082, 23.915720109000063 ], [ 90.585332781000034, 23.915756156000043 ], [ 90.585215650000066, 23.915791035000041 ], [ 90.585064180000074, 23.915836210000066 ], [ 90.584868553000035, 23.915894533000028 ], [ 90.584652051000035, 23.915953502000036 ], [ 90.58460298600005, 23.915966672000025 ], [ 90.584423283000035, 23.916015902000026 ], [ 90.58432201100004, 23.916027012000029 ], [ 90.584107196000048, 23.916050974000029 ], [ 90.584082614000067, 23.916047116000072 ], [ 90.583969739000054, 23.916072384000074 ], [ 90.583867149000071, 23.916063177000069 ], [ 90.583694127000058, 23.916096011000036 ], [ 90.583460819000038, 23.916104799000038 ], [ 90.58327917400004, 23.916131455000027 ], [ 90.583186993000083, 23.916115999000056 ], [ 90.583118782000042, 23.91610496800007 ], [ 90.58284873100007, 23.91613647500003 ], [ 90.582739476000086, 23.916147615000057 ], [ 90.582609816000058, 23.916127219000032 ], [ 90.582461273000035, 23.916141331000063 ], [ 90.582272686000067, 23.91612623900005 ], [ 90.582155451000062, 23.916137972000058 ], [ 90.582093459000077, 23.916144417000055 ], [ 90.581984770000076, 23.916144828000029 ], [ 90.581836869000085, 23.916165147000072 ], [ 90.581698065000069, 23.916159462000053 ], [ 90.581541538000067, 23.916173602000072 ], [ 90.581394830000079, 23.916186011000036 ], [ 90.581238298000073, 23.916198458000054 ], [ 90.58113148700005, 23.916206765000027 ], [ 90.581016077000072, 23.916215104000059 ], [ 90.580862611000043, 23.916226411000025 ], [ 90.580739245000075, 23.916240425000069 ], [ 90.580530499000076, 23.916249117000064 ], [ 90.580404649000059, 23.916256930000031 ], [ 90.580343260000063, 23.916261114000065 ], [ 90.58022231700005, 23.916267780000055 ], [ 90.580103220000069, 23.916275002000077 ], [ 90.579950386000064, 23.916290821000075 ], [ 90.579838614000039, 23.916288420000058 ], [ 90.579685745000063, 23.916296335000027 ], [ 90.579507697000054, 23.916303780000078 ], [ 90.579384361000052, 23.91632456800005 ], [ 90.579227325000033, 23.916361853000069 ], [ 90.579122949000066, 23.916365633000055 ], [ 90.579011811000044, 23.916367746000049 ], [ 90.578832664000061, 23.916403984000056 ], [ 90.578740622000055, 23.916419572000052 ], [ 90.578630171000043, 23.916438051000057 ], [ 90.578372395000031, 23.916468377000058 ], [ 90.578226268000037, 23.916473441000051 ], [ 90.577975858000059, 23.916503175000059 ], [ 90.577888040000062, 23.916501811000046 ], [ 90.577784328000064, 23.916516878000039 ], [ 90.577656114000035, 23.916545584000062 ], [ 90.577307439000037, 23.916572298000062 ], [ 90.577096288000064, 23.91659284800005 ], [ 90.576950818000057, 23.916607507000037 ], [ 90.576767291000067, 23.91662569600004 ], [ 90.576733532000048, 23.916629210000053 ], [ 90.576629188000084, 23.916639762000045 ], [ 90.576476206000052, 23.916622836000045 ], [ 90.576393281000037, 23.916616936000025 ], [ 90.576188123000065, 23.916604158000041 ], [ 90.576097211000047, 23.916597724000042 ], [ 90.575997716000074, 23.916594146000023 ], [ 90.575586608000037, 23.916528509000045 ], [ 90.575432434000049, 23.916518925000048 ], [ 90.575222962000055, 23.916502773000047 ], [ 90.575043460000074, 23.916459413000041 ], [ 90.574901559000068, 23.916448090000074 ], [ 90.574670591000086, 23.916430889000026 ], [ 90.574620184000082, 23.916418656000076 ], [ 90.574574078000069, 23.916407539000033 ], [ 90.574452931000053, 23.916367912000055 ], [ 90.574298137000085, 23.916357201000039 ], [ 90.574041309000052, 23.916324288000055 ], [ 90.573949032000087, 23.916286810000031 ], [ 90.573660128000085, 23.916221277000034 ], [ 90.573435185000051, 23.916177520000076 ], [ 90.57312657500006, 23.916099075000034 ], [ 90.572939034000058, 23.91604275900005 ], [ 90.572784797000054, 23.916019059000064 ], [ 90.572564707000083, 23.915961734000064 ], [ 90.572303470000065, 23.91590343300004 ], [ 90.572000943000035, 23.915811979000068 ], [ 90.571847252000055, 23.915772471000025 ], [ 90.57157363400006, 23.915691634000041 ], [ 90.571519500000079, 23.915669820000062 ], [ 90.57142046000007, 23.915630109000062 ], [ 90.571244056000069, 23.915592377000053 ], [ 90.571035583000082, 23.915523153000038 ], [ 90.570876243000043, 23.915456003000031 ], [ 90.570771707000063, 23.915423086000033 ], [ 90.570707756000047, 23.915403001000072 ], [ 90.570598309000047, 23.915370665000069 ], [ 90.570487483000079, 23.915303900000026 ], [ 90.570367642000065, 23.915281763000053 ], [ 90.570225330000085, 23.915176164000059 ], [ 90.570093039000085, 23.915115687000025 ], [ 90.570013021000079, 23.915072517000056 ], [ 90.569979180000075, 23.915057400000023 ], [ 90.569840126000031, 23.914994691000061 ], [ 90.569766933000039, 23.914967301000047 ], [ 90.569725695000045, 23.914945437000029 ], [ 90.569406242000071, 23.914773882000077 ], [ 90.568722508000064, 23.914429803000075 ], [ 90.567947325000034, 23.91409565500004 ], [ 90.567191920000084, 23.91364909300006 ], [ 90.566701422000051, 23.913258004000056 ], [ 90.566411606000031, 23.912980768000068 ], [ 90.566347459000042, 23.912915521000059 ], [ 90.566086561000077, 23.912651161000042 ], [ 90.565987863000032, 23.91254821900003 ], [ 90.565970017000041, 23.912539253000034 ], [ 90.565578016000075, 23.912344811000025 ], [ 90.565282713000045, 23.912075497000046 ], [ 90.565127971000038, 23.911934373000065 ], [ 90.564904882000064, 23.911750034000079 ], [ 90.564701495000065, 23.911577475000058 ], [ 90.564535809000063, 23.91146066500005 ], [ 90.56438782400005, 23.911461208000048 ], [ 90.564281595000068, 23.911461598000074 ], [ 90.563853107000057, 23.911489138000036 ], [ 90.563435852000055, 23.911416716000076 ], [ 90.563053233000062, 23.91140174800006 ], [ 90.563023754000085, 23.911400726000068 ], [ 90.562324712000077, 23.911342317000049 ], [ 90.562200583000049, 23.911321319000024 ], [ 90.561459048000074, 23.911234836000062 ], [ 90.560555272000045, 23.911116763000052 ], [ 90.560391229000061, 23.911095346000025 ], [ 90.560394811000037, 23.911071623000055 ], [ 90.560453419000055, 23.910707865000063 ], [ 90.560457607000046, 23.910682447000056 ], [ 90.560621488000038, 23.909669681000025 ], [ 90.560651997000036, 23.90948271700006 ], [ 90.560727451000048, 23.908896479000077 ], [ 90.56073256600007, 23.908801058000051 ], [ 90.560781809000048, 23.908544026000072 ], [ 90.56090662400004, 23.908013494000045 ], [ 90.561016588000086, 23.907598743000051 ], [ 90.561109075000047, 23.907118007000065 ], [ 90.561158886000044, 23.906850811000027 ], [ 90.561200290000045, 23.906627678000063 ], [ 90.561234698000078, 23.90620642600004 ], [ 90.561271391000048, 23.905887344000064 ], [ 90.561308092000047, 23.905570519000037 ], [ 90.56142729700008, 23.905021379000061 ], [ 90.561449565000032, 23.904917428000033 ], [ 90.561753174000046, 23.904129954000041 ], [ 90.561828379000076, 23.90391403600006 ], [ 90.561995763000084, 23.903431897000075 ], [ 90.562081026000044, 23.903270135000071 ], [ 90.562321584000074, 23.902813131000073 ], [ 90.562349016000042, 23.902767305000054 ], [ 90.562588579000078, 23.902364497000065 ], [ 90.562774167000043, 23.902117126000064 ], [ 90.562868735000052, 23.901977909000038 ], [ 90.562961593000068, 23.901869183000031 ], [ 90.563023299000065, 23.901797830000078 ], [ 90.563188251000042, 23.901606422000043 ], [ 90.563355647000037, 23.901412181000069 ], [ 90.563666694000062, 23.901070641000047 ], [ 90.564077118000057, 23.900708414000064 ], [ 90.564349980000031, 23.900482172000068 ], [ 90.564417306000053, 23.900432813000066 ], [ 90.564812992000043, 23.90007120100006 ], [ 90.565254475000074, 23.899651843000072 ], [ 90.565289328000063, 23.899618407000048 ], [ 90.565343200000086, 23.899582081000062 ], [ 90.56550298500008, 23.899474237000049 ], [ 90.565894790000073, 23.899209734000067 ], [ 90.565975472000048, 23.899125888000071 ], [ 90.566051263000077, 23.899047143000075 ], [ 90.566138135000074, 23.89897456500006 ], [ 90.566267697000058, 23.898835783000038 ], [ 90.566337384000065, 23.898764963000076 ], [ 90.566406463000078, 23.898695838000037 ], [ 90.566476155000032, 23.898626147000073 ], [ 90.566555353000069, 23.898483598000041 ], [ 90.566674592000084, 23.898371386000065 ], [ 90.566764357000068, 23.898258717000033 ], [ 90.566833306000035, 23.898159673000066 ], [ 90.566946193000035, 23.897998937000068 ], [ 90.567175531000032, 23.897790916000076 ], [ 90.56738486900008, 23.897502241000041 ], [ 90.567435526000054, 23.897432621000064 ], [ 90.567478294000068, 23.897384478000049 ], [ 90.567577888000073, 23.897272902000054 ], [ 90.567659151000043, 23.897182281000028 ], [ 90.567766077000044, 23.897062774000062 ], [ 90.567938378000065, 23.896870205000027 ], [ 90.568179736000047, 23.896603428000049 ], [ 90.568327607000072, 23.896440304000066 ], [ 90.568661539000061, 23.896142700000041 ], [ 90.568684778000033, 23.896121728000026 ], [ 90.568788319000078, 23.896071103000054 ], [ 90.568937227000049, 23.896005070000058 ], [ 90.569086686000048, 23.895924920000027 ], [ 90.569196352000063, 23.895870887000058 ], [ 90.569315170000039, 23.895803834000048 ], [ 90.569434725000065, 23.895765005000044 ], [ 90.569534505000036, 23.895696894000025 ], [ 90.569594496000036, 23.895656028000076 ], [ 90.569615942000041, 23.895646352000028 ], [ 90.569712757000048, 23.895601960000079 ], [ 90.570160393000037, 23.89533272400007 ], [ 90.570302410000068, 23.895235666000076 ], [ 90.570326893000072, 23.895218640000053 ], [ 90.570513595000079, 23.895090933000063 ], [ 90.570667870000079, 23.894989313000053 ], [ 90.570583037000063, 23.894965353000032 ], [ 90.570395419000079, 23.894884196000078 ], [ 90.570120277000058, 23.894725459000028 ], [ 90.569861023000044, 23.894549162000033 ], [ 90.569500308000045, 23.894337113000063 ], [ 90.569125584000062, 23.894150516000025 ], [ 90.568840341000055, 23.894068023000045 ], [ 90.568774665000035, 23.894072218000076 ], [ 90.568644605000031, 23.894095281000034 ], [ 90.568497293000064, 23.894104857000059 ], [ 90.568366554000079, 23.894113243000049 ], [ 90.568269705000034, 23.894149165000044 ], [ 90.568174825000085, 23.894214435000038 ], [ 90.568079883000053, 23.894265591000078 ], [ 90.567951792000031, 23.894317999000066 ], [ 90.567872808000061, 23.89436796800004 ], [ 90.567823090000047, 23.894370974000026 ], [ 90.567726853000067, 23.894406893000053 ], [ 90.567629324000052, 23.89442813900007 ], [ 90.567469998000036, 23.894498163000037 ], [ 90.567355896000038, 23.894520035000028 ], [ 90.567077228000073, 23.89453743200005 ], [ 90.566946489000031, 23.894545817000051 ], [ 90.566832322000039, 23.894553014000053 ], [ 90.566547742000068, 23.894481804000065 ], [ 90.566298278000033, 23.894437560000028 ], [ 90.566083250000077, 23.894406175000029 ], [ 90.565903408000054, 23.894417563000047 ], [ 90.565641313000071, 23.894433767000066 ], [ 90.565445510000075, 23.894446342000037 ], [ 90.565249091000055, 23.89445835500004 ], [ 90.565069246000064, 23.89446917600003 ], [ 90.564888788000076, 23.894480566000027 ], [ 90.564707586000054, 23.89446203600005 ], [ 90.564508517000036, 23.894429462000062 ], [ 90.56437315800008, 23.894363345000045 ], [ 90.564238472000056, 23.894311340000058 ], [ 90.564102434000063, 23.894230548000053 ], [ 90.56394914200007, 23.894135143000028 ], [ 90.563848284000073, 23.894096562000072 ], [ 90.563586738000083, 23.894097521000049 ], [ 90.563473250000072, 23.894119953000029 ], [ 90.563425500000051, 23.894152304000045 ], [ 90.563428763000047, 23.894196889000057 ], [ 90.563434061000066, 23.894286063000038 ], [ 90.563437324000063, 23.894330647000061 ], [ 90.563443301000063, 23.894435060000035 ], [ 90.563448601000061, 23.894524233000027 ], [ 90.563421367000046, 23.894615220000048 ], [ 90.563362216000087, 23.894708581000032 ], [ 90.563315759000034, 23.894756170000051 ], [ 90.563202947000036, 23.894792712000026 ], [ 90.563137882000035, 23.89479633600007 ], [ 90.563070235000055, 23.894771182000056 ], [ 90.562956682000049, 23.894778371000029 ], [ 90.562821998000061, 23.894726364000064 ], [ 90.562588359000074, 23.894650446000071 ], [ 90.562419109000075, 23.894556225000031 ], [ 90.562314924000077, 23.894457818000035 ], [ 90.562173586000085, 23.894287286000065 ], [ 90.562101865000045, 23.894171823000079 ], [ 90.562044195000055, 23.894039373000055 ], [ 90.562040197000044, 23.893966566000074 ], [ 90.562030892000053, 23.893802328000049 ], [ 90.562019004000035, 23.893608743000073 ], [ 90.56203755000007, 23.893354081000041 ], [ 90.562042176000034, 23.893145759000049 ], [ 90.562094546000083, 23.892903957000044 ], [ 90.562117775000047, 23.892738468000061 ], [ 90.562187331000075, 23.892496039000036 ], [ 90.56223834900004, 23.892224888000044 ], [ 90.562260669000068, 23.892133354000066 ], [ 90.562305322000043, 23.891953112000067 ], [ 90.562284766000062, 23.891884881000067 ], [ 90.56218973600005, 23.89191571300006 ], [ 90.562109453000062, 23.891949311000076 ], [ 90.562044391000086, 23.891953500000056 ], [ 90.561981976000084, 23.89200171300007 ], [ 90.56190231100004, 23.892036439000037 ], [ 90.561773537000079, 23.892073037000046 ], [ 90.561644766000086, 23.892110201000037 ], [ 90.561533184000041, 23.892146737000076 ], [ 90.56145222300006, 23.892166226000029 ], [ 90.561324068000033, 23.892203386000062 ], [ 90.561195911000084, 23.892240548000075 ], [ 90.560984758000075, 23.892252609000025 ], [ 90.560791538000046, 23.892293392000056 ], [ 90.560663378000072, 23.892329989000075 ], [ 90.560471512000049, 23.892400688000066 ], [ 90.560263686000042, 23.892472009000073 ], [ 90.560119633000056, 23.892524467000044 ], [ 90.560040644000082, 23.892573868000056 ], [ 90.559897201000069, 23.892626326000027 ], [ 90.559723265000059, 23.892725748000032 ], [ 90.559564542000032, 23.892794067000068 ], [ 90.559390605000033, 23.892893488000027 ], [ 90.559230590000084, 23.892947135000043 ], [ 90.559087828000031, 23.893014830000027 ], [ 90.558895958000051, 23.893084963000035 ], [ 90.558642286000065, 23.893203303000064 ], [ 90.558481529000062, 23.893227596000031 ], [ 90.558225886000059, 23.893316023000068 ], [ 90.558065193000061, 23.893354427000077 ], [ 90.557936288000064, 23.893361104000064 ], [ 90.557821377000039, 23.893337812000027 ], [ 90.557772817000057, 23.893325005000065 ], [ 90.557557531000043, 23.893232075000071 ], [ 90.557441875000052, 23.893178302000024 ], [ 90.557176678000076, 23.893043215000034 ], [ 90.556944624000039, 23.892905749000079 ], [ 90.556711897000071, 23.892754174000061 ], [ 90.556611458000077, 23.892669296000065 ], [ 90.556497711000077, 23.892630756000074 ], [ 90.556315444000063, 23.892506092000076 ], [ 90.55608400400007, 23.892368059000034 ], [ 90.556083199000057, 23.89232346700004 ], [ 90.556032609000056, 23.892266068000026 ], [ 90.555996557000071, 23.89216232800004 ], [ 90.55599507900007, 23.892104190000055 ], [ 90.555991565000056, 23.892000332000066 ], [ 90.555985889000056, 23.891821401000072 ], [ 90.555980214000044, 23.891642471000068 ], [ 90.555975960000069, 23.891509262000056 ], [ 90.555971639000063, 23.891360246000033 ], [ 90.55596793400008, 23.891211794000071 ], [ 90.555837486000087, 23.891143959000033 ], [ 90.555562474000055, 23.89100946800005 ], [ 90.555545029000086, 23.890950257000043 ], [ 90.555592845000035, 23.890933150000023 ], [ 90.555590749000032, 23.890873319000036 ], [ 90.555652174000045, 23.890737049000052 ], [ 90.555697027000065, 23.890600840000047 ], [ 90.55572511400004, 23.890421223000033 ], [ 90.555691589000048, 23.890333845000043 ], [ 90.555658865000055, 23.890291060000038 ], [ 90.55557968100004, 23.890294733000076 ], [ 90.555466550000062, 23.890256191000049 ], [ 90.55529148100004, 23.89023480700007 ], [ 90.555051902000059, 23.890202363000071 ], [ 90.555004022000048, 23.890204231000041 ], [ 90.554924840000069, 23.890208467000036 ], [ 90.554813124000077, 23.890213950000032 ], [ 90.554670716000032, 23.890220674000034 ], [ 90.554400632000068, 23.890233501000068 ], [ 90.554035346000035, 23.890237076000062 ], [ 90.554034414000057, 23.890161999000043 ], [ 90.554033107000066, 23.889999424000052 ], [ 90.554031674000043, 23.889806930000077 ], [ 90.554031421000047, 23.889747658000033 ], [ 90.554094644000031, 23.889744608000058 ], [ 90.554236987000081, 23.889722644000074 ], [ 90.554410697000037, 23.889714115000061 ], [ 90.554600858000072, 23.889675607000072 ], [ 90.554918076000035, 23.889630430000068 ], [ 90.55491788900008, 23.889586400000042 ], [ 90.554917019000072, 23.88952656400005 ], [ 90.554916218000074, 23.88948253600006 ], [ 90.55496352800003, 23.889346881000051 ], [ 90.554946385000051, 23.889214282000069 ], [ 90.554883207000046, 23.889084108000077 ], [ 90.554802657000039, 23.888911092000058 ], [ 90.554739904000087, 23.888736321000067 ], [ 90.554740078000066, 23.888633579000043 ], [ 90.55477161500005, 23.888542578000056 ], [ 90.554803709000055, 23.888438028000053 ], [ 90.554835251000043, 23.888348155000074 ], [ 90.554866729000082, 23.888243608000039 ], [ 90.554899370000044, 23.888123814000039 ], [ 90.55490003400007, 23.887991150000062 ], [ 90.554901796000081, 23.887828565000063 ], [ 90.554871091000052, 23.887683030000062 ], [ 90.554871816000059, 23.887565044000041 ], [ 90.554841914000065, 23.887463540000056 ], [ 90.554812016000085, 23.887362600000074 ], [ 90.554813354000032, 23.887244612000075 ], [ 90.554738267000062, 23.887056901000051 ], [ 90.554724325000052, 23.88695477300007 ], [ 90.554664223000032, 23.886825718000068 ], [ 90.554634509000039, 23.886768243000063 ], [ 90.554542551000054, 23.886655107000024 ], [ 90.554482025000084, 23.886570648000031 ], [ 90.554408230000035, 23.886397609000028 ], [ 90.554348807000054, 23.886283793000075 ], [ 90.554243770000085, 23.88612723500006 ], [ 90.554214674000036, 23.886070325000048 ], [ 90.554093255000055, 23.885958989000073 ], [ 90.553986753000061, 23.885890500000073 ], [ 90.553878108000049, 23.885895409000057 ], [ 90.553784198000074, 23.885900263000053 ], [ 90.553659594000067, 23.885905792000074 ], [ 90.553519708000067, 23.885927181000056 ], [ 90.553364414000043, 23.885934514000041 ], [ 90.553224464000039, 23.885940662000053 ], [ 90.553084025000032, 23.88597616800007 ], [ 90.552911668000036, 23.886013480000031 ], [ 90.552772335000043, 23.886020189000078 ], [ 90.552694994000035, 23.88602385400003 ], [ 90.552648341000065, 23.886025151000069 ], [ 90.552494704000082, 23.885988445000066 ], [ 90.552371328000049, 23.885994534000076 ], [ 90.552108488000044, 23.885976283000048 ], [ 90.551878186000067, 23.885957916000052 ], [ 90.55166261100004, 23.885937801000068 ], [ 90.551462997000044, 23.885917631000041 ], [ 90.551231524000059, 23.88591281500004 ], [ 90.551030806000085, 23.885921437000036 ], [ 90.55099447200007, 23.886040115000071 ], [ 90.550990547000083, 23.886128193000047 ], [ 90.550957098000083, 23.886202827000034 ], [ 90.550951456000064, 23.886320266000041 ], [ 90.55091684100006, 23.886409583000045 ], [ 90.55089928600006, 23.886468921000073 ], [ 90.550895913000033, 23.886542319000057 ], [ 90.550889292000079, 23.886718471000052 ], [ 90.550886533000039, 23.886791869000035 ], [ 90.550840500000049, 23.886794291000058 ], [ 90.550778501000082, 23.886796770000046 ], [ 90.550608899000053, 23.88676011900003 ], [ 90.550440589000061, 23.88673814200007 ], [ 90.550317699000061, 23.88671374300003 ], [ 90.550272765000045, 23.886686243000042 ], [ 90.550274418000072, 23.886641639000061 ], [ 90.550276625000038, 23.886582923000049 ], [ 90.550279449000072, 23.886524766000036 ], [ 90.550282822000042, 23.886451367000063 ], [ 90.550289015000033, 23.886318685000049 ], [ 90.550294596000072, 23.886186569000074 ], [ 90.550301896000065, 23.886025657000062 ], [ 90.550321778000068, 23.885936393000065 ], [ 90.55033080000004, 23.885746683000036 ], [ 90.55025517100006, 23.885719858000073 ], [ 90.550209138000071, 23.885722281000028 ], [ 90.55016536800008, 23.885679534000076 ], [ 90.550088027000072, 23.885683197000048 ], [ 90.549996508000049, 23.885672799000076 ], [ 90.549888474000056, 23.885677137000073 ], [ 90.549782218000075, 23.885666226000069 ], [ 90.549755516000062, 23.885594628000035 ], [ 90.549709473000064, 23.885304068000039 ], [ 90.549617953000052, 23.885293669000077 ], [ 90.549374138000076, 23.88527365300007 ], [ 90.549370706000047, 23.885332939000023 ], [ 90.549366716000065, 23.885405776000027 ], [ 90.549364446000084, 23.885449815000072 ], [ 90.549357575000045, 23.885567258000037 ], [ 90.549339407000048, 23.885626598000044 ], [ 90.54933370100008, 23.885728796000024 ], [ 90.549296136000066, 23.885847478000073 ], [ 90.549271709000038, 23.886023692000037 ], [ 90.549249554000085, 23.886156432000064 ], [ 90.549197321000065, 23.886290409000026 ], [ 90.549189348000084, 23.886437774000058 ], [ 90.549187138000036, 23.886495928000045 ], [ 90.549149086000057, 23.886643965000076 ], [ 90.549143445000084, 23.886761970000066 ], [ 90.549119697000037, 23.886953989000062 ], [ 90.549115220000033, 23.887056747000031 ], [ 90.549095948000058, 23.887145444000055 ], [ 90.549017502000083, 23.88717790100003 ], [ 90.548907198000052, 23.887226842000075 ], [ 90.548845812000081, 23.887228754000034 ], [ 90.548722434000069, 23.887234275000026 ], [ 90.548660435000045, 23.887236190000067 ], [ 90.548583705000055, 23.887239285000078 ], [ 90.548522261000073, 23.887227086000053 ], [ 90.548428959000034, 23.887230806000048 ], [ 90.548336881000068, 23.88723452000005 ], [ 90.548245909000059, 23.887208313000031 ], [ 90.548106569000083, 23.887213889000066 ], [ 90.548015045000056, 23.887202926000043 ], [ 90.547816588000046, 23.887165810000056 ], [ 90.547679520000031, 23.887127910000061 ], [ 90.547527163000041, 23.887104178000072 ], [ 90.547405499000035, 23.887079209000035 ], [ 90.547299180000039, 23.887053620000074 ], [ 90.547147376000055, 23.887015207000047 ], [ 90.546949536000056, 23.886978653000028 ], [ 90.546796074000042, 23.886984278000057 ], [ 90.546626037000067, 23.886989964000065 ], [ 90.546533963000059, 23.886993678000067 ], [ 90.546395296000071, 23.88701336400004 ], [ 90.546286709000071, 23.887032377000025 ], [ 90.54613263300007, 23.887037440000029 ], [ 90.546040554000058, 23.887040591000073 ], [ 90.545887095000069, 23.887046215000055 ], [ 90.545764878000057, 23.887035923000042 ], [ 90.545641493000062, 23.887039747000074 ], [ 90.545503380000071, 23.887045317000059 ], [ 90.545335736000084, 23.887036315000046 ], [ 90.545166315000074, 23.88704199600005 ], [ 90.544965647000083, 23.88706359400004 ], [ 90.544961104000038, 23.887151675000041 ], [ 90.544958833000067, 23.887195716000065 ], [ 90.544954231000077, 23.887269682000067 ], [ 90.544951960000049, 23.887313723000034 ], [ 90.544945699000039, 23.887431164000077 ], [ 90.544939379000084, 23.887534492000043 ], [ 90.544933119000063, 23.887652497000033 ], [ 90.544893896000076, 23.887815780000039 ], [ 90.54478818900003, 23.88778962300006 ], [ 90.544637549000072, 23.887735962000079 ], [ 90.544546021000031, 23.887723867000034 ], [ 90.544335103000037, 23.887643323000077 ], [ 90.544123077000052, 23.887591573000066 ], [ 90.544046343000048, 23.887593538000033 ], [ 90.543982688000085, 23.88764005400003 ], [ 90.543903684000043, 23.887686624000025 ], [ 90.543900798000038, 23.887730665000049 ], [ 90.543836531000068, 23.887777182000036 ], [ 90.543788772000084, 23.88780840000004 ], [ 90.543770602000052, 23.887867737000079 ], [ 90.543657468000049, 23.887974265000025 ], [ 90.543592646000036, 23.888035462000062 ], [ 90.543544886000063, 23.888066114000026 ], [ 90.543479513000079, 23.888141991000055 ], [ 90.54343175200006, 23.888172643000075 ], [ 90.543302105000066, 23.888294472000041 ], [ 90.543069575000061, 23.888331422000078 ], [ 90.543029797000031, 23.888215273000071 ], [ 90.543036056000062, 23.888096701000052 ], [ 90.543045201000041, 23.887934089000055 ], [ 90.543052629000044, 23.887801968000076 ], [ 90.543058338000037, 23.887698642000032 ], [ 90.543095354000059, 23.887594640000032 ], [ 90.543164782000076, 23.887460040000065 ], [ 90.543197745000043, 23.887414762000049 ], [ 90.543297252000059, 23.887279492000062 ], [ 90.543385464000039, 23.887085553000077 ], [ 90.543422479000071, 23.886981551000076 ], [ 90.543429970000034, 23.886864106000075 ], [ 90.54339596300008, 23.886659873000042 ], [ 90.543384055000047, 23.886601206000023 ], [ 90.543310209000083, 23.886559692000048 ], [ 90.543187438000075, 23.886563514000045 ], [ 90.542987321000055, 23.886569300000076 ], [ 90.542925381000032, 23.886585890000049 ], [ 90.542814517000068, 23.886647811000046 ], [ 90.542735454000081, 23.886679705000063 ], [ 90.542641103000051, 23.886726891000023 ], [ 90.542593344000068, 23.886757543000044 ], [ 90.54249838000004, 23.886804169000072 ], [ 90.542451172000085, 23.886820142000033 ], [ 90.542386350000072, 23.886881336000044 ], [ 90.542306732000043, 23.886927908000075 ], [ 90.542164006000064, 23.887005184000031 ], [ 90.542085003000068, 23.887051754000026 ], [ 90.542005939000035, 23.887083644000029 ], [ 90.541929203000052, 23.887085608000064 ], [ 90.541867204000084, 23.887087520000023 ], [ 90.541760392000072, 23.887090718000024 ], [ 90.541637005000041, 23.887093976000074 ], [ 90.541544927000075, 23.887097123000046 ], [ 90.541422154000031, 23.887100376000035 ], [ 90.541360153000085, 23.88710228900004 ], [ 90.541249839000045, 23.88714896700003 ], [ 90.541157761000079, 23.88715211400006 ], [ 90.541018472000076, 23.887170103000074 ], [ 90.540798399000039, 23.887249908000058 ], [ 90.540643214000056, 23.887283761000049 ], [ 90.540406626000049, 23.887378301000069 ], [ 90.540204786000061, 23.88741344500005 ], [ 90.540014850000034, 23.887506128000041 ], [ 90.539858500000037, 23.887555223000049 ], [ 90.539669729000082, 23.887633225000059 ], [ 90.539526390000049, 23.88771106400003 ], [ 90.539399006000053, 23.887787157000048 ], [ 90.539287524000031, 23.887849080000024 ], [ 90.539192007000054, 23.887910946000034 ], [ 90.539028159000054, 23.888076924000075 ], [ 90.538994578000086, 23.888122201000044 ], [ 90.53888371000005, 23.888183558000037 ], [ 90.538771060000045, 23.888260161000062 ], [ 90.538673664000044, 23.888313003000064 ], [ 90.53862833200003, 23.88833743400005 ], [ 90.53847197500005, 23.888385400000061 ], [ 90.538281421000079, 23.888478084000042 ], [ 90.538123900000073, 23.888541296000028 ], [ 90.537936234000085, 23.888589935000027 ], [ 90.537766801000032, 23.888593915000058 ], [ 90.537721314000066, 23.888580526000055 ], [ 90.537629784000046, 23.88856786100007 ], [ 90.537509217000036, 23.888511266000023 ], [ 90.537403447000031, 23.888469862000022 ], [ 90.537283436000052, 23.888399152000034 ], [ 90.537132177000046, 23.888343794000036 ], [ 90.536953600000061, 23.888214580000067 ], [ 90.536776196000062, 23.888071810000042 ], [ 90.536686877000079, 23.88799986500004 ], [ 90.536614690000079, 23.887913182000034 ], [ 90.536527644000046, 23.887797196000065 ], [ 90.536412119000033, 23.887623162000068 ], [ 90.536311388000058, 23.887463192000041 ], [ 90.536180457000057, 23.887275100000068 ], [ 90.536062599000047, 23.887130432000049 ], [ 90.535958982000068, 23.88701506700005 ], [ 90.535823443000083, 23.886900378000064 ], [ 90.535777893000045, 23.886871745000064 ], [ 90.535619286000042, 23.886820363000027 ], [ 90.535561506000079, 23.886803064000048 ], [ 90.535467581000034, 23.886805085000049 ], [ 90.535342350000064, 23.886807779000037 ], [ 90.535153887000035, 23.886811822000027 ], [ 90.534996238000076, 23.886843981000027 ], [ 90.534885245000055, 23.886875415000077 ], [ 90.534773640000083, 23.886907417000032 ], [ 90.53458302100006, 23.886984288000065 ], [ 90.534503338000036, 23.887015613000074 ], [ 90.534391239000058, 23.887076970000066 ], [ 90.534279136000066, 23.887137199000051 ], [ 90.534165930000086, 23.88722791400005 ], [ 90.534052169000063, 23.887333307000063 ], [ 90.533922569000083, 23.887468112000079 ], [ 90.533823663000078, 23.887602810000033 ], [ 90.533757170000058, 23.887706912000056 ], [ 90.53369172500004, 23.887766976000023 ], [ 90.533643409000035, 23.887812305000068 ], [ 90.533543948000045, 23.887961118000078 ], [ 90.533428525000033, 23.888110550000079 ], [ 90.533329004000052, 23.888245248000032 ], [ 90.533260361000032, 23.888423873000079 ], [ 90.533208048000063, 23.88854260200003 ], [ 90.533163195000043, 23.888683886000024 ], [ 90.533120058000065, 23.888794681000036 ], [ 90.533083155000043, 23.888928035000049 ], [ 90.533046804000037, 23.88904670900007 ], [ 90.533011010000052, 23.889151268000035 ], [ 90.533007133000069, 23.889254023000035 ], [ 90.532953654000039, 23.889387998000075 ], [ 90.532950336000056, 23.889477203000069 ], [ 90.53294806100007, 23.889521241000068 ], [ 90.53294640200005, 23.889565843000071 ], [ 90.532942407000064, 23.889639809000073 ], [ 90.532920296000043, 23.889787789000025 ], [ 90.53293005200004, 23.889920981000046 ], [ 90.532927225000037, 23.889980263000041 ], [ 90.532925564000038, 23.890024303000075 ], [ 90.532922677000045, 23.890068909000036 ], [ 90.532934705000059, 23.890157496000029 ], [ 90.532973435000031, 23.89031994100003 ], [ 90.532996263000086, 23.890497120000077 ], [ 90.533019644000035, 23.890659054000025 ], [ 90.533056653000074, 23.890850861000047 ], [ 90.533077765000087, 23.891058530000066 ], [ 90.533114774000069, 23.891250335000052 ], [ 90.533122751000064, 23.891398775000027 ], [ 90.533148410000081, 23.891517798000052 ], [ 90.533141588000035, 23.891651048000028 ], [ 90.533137105000037, 23.891755498000066 ], [ 90.533085347000053, 23.891860112000074 ], [ 90.533034759000031, 23.891950610000038 ], [ 90.532952859000034, 23.892041217000042 ], [ 90.532906815000047, 23.892041941000059 ], [ 90.532858438000062, 23.892072591000044 ], [ 90.532703732000073, 23.892075385000055 ], [ 90.532625764000045, 23.892076784000039 ], [ 90.532470441000044, 23.89207957900004 ], [ 90.532315733000075, 23.892081808000057 ], [ 90.532270737000033, 23.892038498000034 ], [ 90.532151270000043, 23.891950847000032 ], [ 90.532092645000034, 23.891877661000024 ], [ 90.532051025000044, 23.891759258000036 ], [ 90.532027147000065, 23.891625551000061 ], [ 90.532001492000063, 23.891507656000044 ], [ 90.531963869000037, 23.891315286000065 ], [ 90.531877867000048, 23.891153569000039 ], [ 90.531762830000048, 23.890947919000041 ], [ 90.531598311000039, 23.890802842000028 ], [ 90.531473684000048, 23.890804402000072 ], [ 90.531394612000042, 23.890835724000056 ], [ 90.531312649000085, 23.890911086000074 ], [ 90.531280295000045, 23.890956360000075 ], [ 90.531246709000072, 23.891001072000051 ], [ 90.531196670000043, 23.891075760000035 ], [ 90.531177328000069, 23.891150343000049 ], [ 90.53115976600003, 23.891209677000063 ], [ 90.531109174000051, 23.891299611000022 ], [ 90.531057415000078, 23.891404224000041 ], [ 90.531037580000032, 23.891508728000076 ], [ 90.531000616000085, 23.891627968000023 ], [ 90.530997295000077, 23.891716609000071 ], [ 90.530958612000063, 23.891866338000057 ], [ 90.530902427000058, 23.89209007900007 ], [ 90.530889458000047, 23.892372382000076 ], [ 90.530854829000077, 23.892462258000023 ], [ 90.530851941000037, 23.892506866000076 ], [ 90.530800244000034, 23.892626721000056 ], [ 90.53074799400008, 23.892761819000043 ], [ 90.530696847000058, 23.892866430000026 ], [ 90.530646824000087, 23.892945072000032 ], [ 90.530531938000081, 23.893077564000066 ], [ 90.530514315000062, 23.893122220000066 ], [ 90.530450036000047, 23.893168168000045 ], [ 90.530399997000075, 23.893243420000033 ], [ 90.53025443000007, 23.893379971000059 ], [ 90.530190149000077, 23.893425353000055 ], [ 90.530078654000079, 23.893486141000039 ], [ 90.529953534000072, 23.893518184000072 ], [ 90.529858498000067, 23.893549560000054 ], [ 90.529701513000077, 23.893596392000063 ], [ 90.529559814000038, 23.893627927000068 ], [ 90.529341253000041, 23.893630937000069 ], [ 90.529155230000072, 23.893633271000056 ], [ 90.528952632000085, 23.893636226000069 ], [ 90.528765380000038, 23.893638562000035 ], [ 90.528531470000075, 23.893641624000054 ], [ 90.528311189000078, 23.893674558000043 ], [ 90.528075064000063, 23.893736902000057 ], [ 90.527931093000063, 23.893813604000059 ], [ 90.52778723800003, 23.893919097000037 ], [ 90.527688817000069, 23.894024999000067 ], [ 90.527623488000074, 23.894114982000076 ], [ 90.52757289300007, 23.894204913000067 ], [ 90.527538264000043, 23.894295354000064 ], [ 90.527470047000065, 23.894430507000038 ], [ 90.527463960000034, 23.89459480000005 ], [ 90.527458919000082, 23.894714494000027 ], [ 90.527453938000065, 23.894848866000075 ], [ 90.527448957000047, 23.894983238000066 ], [ 90.527438939000035, 23.895237868000038 ], [ 90.527430086000038, 23.895477253000024 ], [ 90.527421849000064, 23.895717200000036 ], [ 90.527394822000076, 23.896017048000033 ], [ 90.527389906000053, 23.896167227000035 ], [ 90.527385543000037, 23.896302726000044 ], [ 90.527382776000081, 23.896377250000057 ], [ 90.527346487000045, 23.89651285900004 ], [ 90.52731142500005, 23.896648461000041 ], [ 90.527289991000032, 23.896813373000043 ], [ 90.527257142000053, 23.896889130000034 ], [ 90.527133001000038, 23.896860767000078 ], [ 90.526823200000081, 23.896773199000052 ], [ 90.52655956600006, 23.896715392000033 ], [ 90.526343212000086, 23.896657988000072 ], [ 90.526141648000078, 23.896614080000063 ], [ 90.52604640900006, 23.896596905000024 ], [ 90.525908775000062, 23.896571409000046 ], [ 90.525676456000042, 23.896514059000026 ], [ 90.525679160000038, 23.896423727000069 ], [ 90.525684635000061, 23.896258869000064 ], [ 90.525692937000031, 23.896034164000071 ], [ 90.525729722000051, 23.89586920000005 ], [ 90.525764353000056, 23.895778761000031 ], [ 90.525801692000073, 23.895598552000024 ], [ 90.525902823000081, 23.895403449000071 ], [ 90.525969321000048, 23.895298222000065 ], [ 90.526019363000046, 23.895222971000067 ], [ 90.526065963000065, 23.895207569000036 ], [ 90.526114899000049, 23.895162240000047 ], [ 90.526336291000064, 23.895099952000066 ], [ 90.526385166000068, 23.895039945000065 ], [ 90.526435763000052, 23.894950014000074 ], [ 90.52647150100006, 23.894829650000077 ], [ 90.526508901000057, 23.89466525000006 ], [ 90.526515542000084, 23.894485711000073 ], [ 90.526549561000081, 23.894395836000058 ], [ 90.526601323000079, 23.894291225000075 ], [ 90.526668317000031, 23.894156640000062 ], [ 90.526834895000036, 23.89390091100006 ], [ 90.526950818000046, 23.893720432000066 ], [ 90.527082706000044, 23.893540467000037 ], [ 90.527133856000034, 23.893435855000064 ], [ 90.527168488000086, 23.893345980000049 ], [ 90.52720478100008, 23.893211501000053 ], [ 90.527259807000064, 23.893003006000072 ], [ 90.527282906000039, 23.892794621000064 ], [ 90.527290103000041, 23.892600967000078 ], [ 90.527295088000074, 23.892467726000064 ], [ 90.52728238900005, 23.892363898000042 ], [ 90.527256001000069, 23.892215522000072 ], [ 90.527213098000061, 23.892082443000049 ], [ 90.527139441000031, 23.891935357000023 ], [ 90.527065048000054, 23.891758355000036 ], [ 90.527021595000065, 23.891641083000025 ], [ 90.526961010000036, 23.89153798600006 ], [ 90.526932842000065, 23.891404856000065 ], [ 90.526873801000079, 23.891228366000064 ], [ 90.526814146000049, 23.891051877000052 ], [ 90.526784317000079, 23.89096335000005 ], [ 90.526785245000042, 23.890889396000034 ], [ 90.526738905000059, 23.890816733000065 ], [ 90.526676419000069, 23.890698963000034 ], [ 90.526598705000083, 23.890611164000063 ], [ 90.526424430000077, 23.890481357000056 ], [ 90.526280413000052, 23.890394350000065 ], [ 90.526120495000043, 23.890322640000022 ], [ 90.525992561000066, 23.89026549700003 ], [ 90.525936081000054, 23.890266818000043 ], [ 90.525799177000067, 23.890268416000026 ], [ 90.525670254000033, 23.890269986000078 ], [ 90.525525487000039, 23.890300963000072 ], [ 90.525412645000074, 23.890332396000076 ], [ 90.525267325000073, 23.890378619000046 ], [ 90.525106658000084, 23.890425457000049 ], [ 90.524962066000057, 23.890500468000027 ], [ 90.524833325000031, 23.890547197000046 ], [ 90.524784944000032, 23.890577281000049 ], [ 90.524688120000064, 23.890622208000025 ], [ 90.524559436000061, 23.890683049000074 ], [ 90.524398331000043, 23.890773920000072 ], [ 90.524269764000053, 23.890864116000046 ], [ 90.52417355700004, 23.890909605000047 ], [ 90.524092815000074, 23.890984396000079 ], [ 90.523980211000037, 23.891074539000044 ], [ 90.523884122000084, 23.891149947000031 ], [ 90.523772249000046, 23.89126944000003 ], [ 90.523675783000044, 23.891403558000036 ], [ 90.523579260000076, 23.891522999000074 ], [ 90.523466890000066, 23.891671848000044 ], [ 90.523354520000055, 23.89182069900005 ], [ 90.523241716000086, 23.892014146000065 ], [ 90.523128851000081, 23.892192917000045 ], [ 90.523080586000049, 23.89225235400005 ], [ 90.52301674000006, 23.892253701000072 ], [ 90.522871851000048, 23.892255323000029 ], [ 90.522791425000037, 23.892256159000056 ], [ 90.522518105000074, 23.892229426000029 ], [ 90.522388446000036, 23.892201642000032 ], [ 90.522097760000065, 23.892131499000072 ], [ 90.521920037000086, 23.892059845000063 ], [ 90.521613269000056, 23.891959837000059 ], [ 90.521451568000032, 23.89190280400004 ], [ 90.52119256900005, 23.891772715000059 ], [ 90.520982247000063, 23.891685926000036 ], [ 90.520675246000053, 23.89152720800007 ], [ 90.520335091000049, 23.891368601000067 ], [ 90.520092728000066, 23.891252567000038 ], [ 90.519881736000059, 23.891151666000042 ], [ 90.51967208800005, 23.891079553000054 ], [ 90.519429786000046, 23.890978757000028 ], [ 90.519202889000042, 23.890892024000038 ], [ 90.519041190000053, 23.890834424000047 ], [ 90.518879549000076, 23.890792067000064 ], [ 90.518648390000067, 23.890713814000037 ], [ 90.51871781400007, 23.890571887000078 ], [ 90.518749326000034, 23.890467910000041 ], [ 90.518812966000041, 23.890261083000041 ], [ 90.518811878000065, 23.890142539000067 ], [ 90.518859908000081, 23.890023829000029 ], [ 90.518891800000063, 23.889861139000061 ], [ 90.518890656000053, 23.889728482000066 ], [ 90.518890739000085, 23.889595257000053 ], [ 90.518922251000049, 23.889491845000066 ], [ 90.518921897000041, 23.889403216000062 ], [ 90.518888829000048, 23.889270668000052 ], [ 90.518856669000058, 23.889211501000034 ], [ 90.518823953000037, 23.889167580000048 ], [ 90.51871052100006, 23.889050544000042 ], [ 90.518548705000057, 23.888963588000024 ], [ 90.518370871000059, 23.888862010000025 ], [ 90.51814435600005, 23.888716 ], [ 90.517966517000048, 23.888613857000053 ], [ 90.517772107000042, 23.88851233400004 ], [ 90.51765897000007, 23.888469246000057 ], [ 90.517562466000072, 23.888440781000043 ], [ 90.517465289000086, 23.888397076000047 ], [ 90.517400828000063, 23.888397857000029 ], [ 90.51728707500007, 23.888354206000031 ], [ 90.517174492000038, 23.88829587500004 ], [ 90.517027934000055, 23.888031046000037 ], [ 90.516978849000054, 23.887884437000025 ], [ 90.516962474000081, 23.887780622000037 ], [ 90.516961947000084, 23.887647962000074 ], [ 90.516961536000053, 23.887544657000035 ], [ 90.516961128000048, 23.887441916000057 ], [ 90.516960715000039, 23.887338047000071 ], [ 90.516960424000047, 23.887264660000028 ], [ 90.516976034000038, 23.887175980000052 ], [ 90.517056104000062, 23.887086518000046 ], [ 90.517200754000044, 23.887026192000064 ], [ 90.517378559000065, 23.886966321000045 ], [ 90.517458981000061, 23.886965486000065 ], [ 90.51752332600006, 23.886935350000044 ], [ 90.517636112000048, 23.886890373000028 ], [ 90.517748719000053, 23.886800802000039 ], [ 90.517861210000035, 23.886681875000079 ], [ 90.517956834000074, 23.886489617000052 ], [ 90.518037046000074, 23.886282172000051 ], [ 90.518116177000081, 23.885956744000055 ], [ 90.518163915000059, 23.885765212000024 ], [ 90.518227552000042, 23.885557820000031 ], [ 90.518275464000055, 23.885410321000052 ], [ 90.518339457000081, 23.885292122000067 ], [ 90.518387719000032, 23.885232684000073 ], [ 90.518500384000049, 23.885157788000072 ], [ 90.518596651000053, 23.885127546000035 ], [ 90.518725338000081, 23.885067838000055 ], [ 90.518806986000072, 23.885066434000066 ], [ 90.518951810000033, 23.885050703000047 ], [ 90.519048077000036, 23.885020458000042 ], [ 90.519177612000078, 23.885019457000055 ], [ 90.519273819000034, 23.884974537000062 ], [ 90.519338658000038, 23.884915044000024 ], [ 90.519417936000082, 23.884781550000071 ], [ 90.519466224000041, 23.884574774000043 ], [ 90.519497443000034, 23.884397977000049 ], [ 90.519497704000059, 23.884309347000055 ], [ 90.519577828000081, 23.884234559000049 ], [ 90.519642113000032, 23.884189746000061 ], [ 90.519706457000041, 23.884160173000055 ], [ 90.519835081000053, 23.884085223000056 ], [ 90.519947863000084, 23.884039681000047 ], [ 90.520076488000086, 23.883965295000053 ], [ 90.52023765000007, 23.883890234000035 ], [ 90.520366219000039, 23.883801171000073 ], [ 90.520463036000081, 23.883755681000025 ], [ 90.52054316300007, 23.883681459000059 ], [ 90.520655708000049, 23.88357720700003 ], [ 90.52073583400005, 23.883502986000053 ], [ 90.520816339000078, 23.883369487000039 ], [ 90.520864247000077, 23.883221986000024 ], [ 90.520927587000074, 23.882941773000027 ], [ 90.52092699800005, 23.88279443600004 ], [ 90.520925938000062, 23.882529681000051 ], [ 90.520941368000081, 23.882396969000069 ], [ 90.52097292600007, 23.882152426000061 ], [ 90.520972373000063, 23.882014121000054 ], [ 90.521004380000079, 23.88188135200005 ], [ 90.521036068000058, 23.881822536000072 ], [ 90.521100288000071, 23.881763044000024 ], [ 90.521180909000066, 23.881658900000048 ], [ 90.521229232000053, 23.881614705000061 ], [ 90.521276880000073, 23.881555268000056 ], [ 90.521276641000043, 23.881495995000023 ], [ 90.521324667000044, 23.881377849000046 ], [ 90.521356499000035, 23.881201612000041 ], [ 90.521404345000064, 23.881038869000065 ], [ 90.521435739000083, 23.880906667000033 ], [ 90.521467625000071, 23.880743979000044 ], [ 90.52146715400005, 23.880626561000042 ], [ 90.521466564000036, 23.880479224000055 ], [ 90.521482138000067, 23.880229090000057 ], [ 90.521480962000055, 23.87993554600007 ], [ 90.521448215000078, 23.879730173000041 ], [ 90.521414852000078, 23.879524240000023 ], [ 90.521382224000035, 23.879348220000054 ], [ 90.521381753000071, 23.879230802000052 ], [ 90.521348572000079, 23.879069464000054 ], [ 90.521300538000048, 23.878878820000068 ], [ 90.521267178000073, 23.878673450000065 ], [ 90.521234315000072, 23.878438722000055 ], [ 90.52120209900005, 23.878365444000053 ], [ 90.521201015000031, 23.87824802800003 ], [ 90.521201275000067, 23.878159398000037 ], [ 90.521152189000077, 23.87801279100006 ], [ 90.521151660000044, 23.877880697000023 ], [ 90.521151921000069, 23.877792630000044 ], [ 90.521134935000077, 23.877689946000032 ], [ 90.521118620000038, 23.877601937000065 ], [ 90.521069658000044, 23.877485247000038 ], [ 90.521069482000087, 23.877441217000069 ], [ 90.521069243000056, 23.877381943000046 ], [ 90.520827377000046, 23.877383890000033 ], [ 90.520762921000085, 23.877384673000051 ], [ 90.520634005000034, 23.877385109000045 ], [ 90.520505091000075, 23.877386109000042 ], [ 90.520392024000046, 23.877358266000044 ], [ 90.520247089000065, 23.877344079000068 ], [ 90.520133960000067, 23.877300993000063 ], [ 90.520101630000056, 23.877198925000073 ], [ 90.520100808000052, 23.876992879000056 ], [ 90.520100279000076, 23.87686078400003 ], [ 90.520116675000054, 23.876816132000044 ], [ 90.520148918000075, 23.876742636000074 ], [ 90.520180664000065, 23.876698497000064 ], [ 90.520180430000039, 23.876639787000045 ], [ 90.52021188100008, 23.876521697000044 ], [ 90.52017955000008, 23.876419629000054 ], [ 90.520131669000079, 23.87642035600004 ], [ 90.519986794000033, 23.876420845000041 ], [ 90.519937685000059, 23.876421576000041 ], [ 90.519889363000061, 23.876465772000074 ], [ 90.519760801000075, 23.876554270000042 ], [ 90.519696522000061, 23.876599083000031 ], [ 90.519599765000066, 23.876658685000052 ], [ 90.519568018000086, 23.876702824000063 ], [ 90.519471145000068, 23.876733070000057 ], [ 90.519406862000039, 23.876777320000031 ], [ 90.519326446000036, 23.876778155000068 ], [ 90.519230071000038, 23.876779045000035 ], [ 90.519148920000077, 23.876749964000055 ], [ 90.519003576000046, 23.876633034000065 ], [ 90.518954903000065, 23.876589167000077 ], [ 90.518825815000071, 23.876546133000033 ], [ 90.518777875000069, 23.876531618000058 ], [ 90.518729146000055, 23.876473637000061 ], [ 90.518728617000079, 23.87634097800003 ], [ 90.518776471000081, 23.876179365000041 ], [ 90.51882437900008, 23.876031864000026 ], [ 90.518840720000071, 23.875973100000067 ], [ 90.518888251000078, 23.875884875000054 ], [ 90.518904123000084, 23.875708128000042 ], [ 90.518903830000056, 23.875634741000056 ], [ 90.518920168000079, 23.87557597600005 ], [ 90.518823062000081, 23.875547514000061 ], [ 90.518710112000065, 23.875548460000061 ], [ 90.51853331600006, 23.875549054000032 ], [ 90.518436383000051, 23.875564624000049 ], [ 90.51832354700008, 23.875594357000068 ], [ 90.518194693000055, 23.875610034000033 ], [ 90.517953062000061, 23.875670122000031 ], [ 90.517791848000059, 23.875729938000063 ], [ 90.517727449000063, 23.875744833000056 ], [ 90.51758231000008, 23.875833384000032 ], [ 90.517469533000053, 23.875878360000058 ], [ 90.517373332000034, 23.875923281000041 ], [ 90.517280838000033, 23.875973833000046 ], [ 90.517212233000066, 23.876011887000061 ], [ 90.517066920000048, 23.876056971000025 ], [ 90.516857824000056, 23.87611694800006 ], [ 90.516729083000087, 23.876161412000044 ], [ 90.516664069000058, 23.876176307000037 ], [ 90.516583772000047, 23.876206496000066 ], [ 90.516454970000041, 23.876235720000068 ], [ 90.516342018000046, 23.876236663000043 ], [ 90.516196529000069, 23.876237150000065 ], [ 90.516035694000038, 23.876238254000043 ], [ 90.515955102000078, 23.876194493000071 ], [ 90.515744865000045, 23.87612180900004 ], [ 90.515551259000063, 23.876063749000025 ], [ 90.51529290700006, 23.875932517000024 ], [ 90.515115820000062, 23.87585972200003 ], [ 90.514921987000037, 23.875743516000057 ], [ 90.514615254000034, 23.87564179900005 ], [ 90.514292390000037, 23.875496104000035 ], [ 90.514114570000061, 23.875393391000046 ], [ 90.513904833000083, 23.875291350000055 ], [ 90.513727631000052, 23.875189200000023 ], [ 90.513581911000074, 23.875130976000037 ], [ 90.513436746000082, 23.875057509000044 ], [ 90.513243141000032, 23.874998880000078 ], [ 90.513065443000073, 23.874926086000073 ], [ 90.512920336000036, 23.874867859000062 ], [ 90.512742692000074, 23.874809177000031 ], [ 90.512613550000083, 23.874750898000059 ], [ 90.51237139400007, 23.874678316000029 ], [ 90.512113332000069, 23.87461933700007 ], [ 90.511871908000046, 23.874576107000053 ], [ 90.511597504000065, 23.874576454000078 ], [ 90.511307139000053, 23.874576855000043 ], [ 90.511016776000076, 23.87457725400003 ], [ 90.510775024000054, 23.874606847000052 ], [ 90.510469043000057, 23.874695362000068 ], [ 90.510179526000059, 23.874755032000053 ], [ 90.509888834000037, 23.874828817000036 ], [ 90.509598815000061, 23.874917277000065 ], [ 90.509357119000072, 23.874961545000076 ], [ 90.509083116000056, 23.875064629000065 ], [ 90.508776634000071, 23.875182497000026 ], [ 90.508454576000076, 23.875241706000054 ], [ 90.508212936000064, 23.875300650000042 ], [ 90.508051657000067, 23.875344650000045 ], [ 90.507922241000074, 23.875373867000064 ], [ 90.507680986000082, 23.875374098000066 ], [ 90.507519534000039, 23.875374066000063 ], [ 90.507390617000055, 23.875373928000045 ], [ 90.507261701000061, 23.875373787000058 ], [ 90.506987296000034, 23.875374126000054 ], [ 90.506729347000032, 23.875343928000063 ], [ 90.506455384000049, 23.875300232000029 ], [ 90.506261780000045, 23.875241030000041 ], [ 90.506035699000051, 23.875196613000071 ], [ 90.505826634000073, 23.875108106000027 ], [ 90.505681029000073, 23.875078664000057 ], [ 90.505503830000066, 23.874975376000066 ], [ 90.505422673000055, 23.874943465000058 ], [ 90.505261444000041, 23.874842381000065 ], [ 90.505228724000062, 23.874636439000028 ], [ 90.50522836500005, 23.874385795000023 ], [ 90.505292406000081, 23.87412082700007 ], [ 90.505340323000041, 23.873813007000024 ], [ 90.505404533000046, 23.873591505000036 ], [ 90.505468190000045, 23.873385249000023 ], [ 90.505548808000071, 23.87312079000003 ], [ 90.505628582000043, 23.872797060000039 ], [ 90.505709083000056, 23.872502681000071 ], [ 90.505757280000068, 23.872267683000075 ], [ 90.505821323000077, 23.872003280000058 ], [ 90.505853215000059, 23.871679707000055 ], [ 90.505884666000043, 23.871400732000041 ], [ 90.505884692000052, 23.871091376000038 ], [ 90.505884450000053, 23.870871216000069 ], [ 90.505819280000082, 23.870371267000053 ], [ 90.505753911000056, 23.87013607800003 ], [ 90.50552846800008, 23.869621413000061 ], [ 90.505382955000073, 23.869297294000035 ], [ 90.505204737000042, 23.868929814000069 ], [ 90.50502713700007, 23.868562331000078 ], [ 90.50488241000005, 23.868282805000035 ], [ 90.504785122000044, 23.868047155000056 ], [ 90.504704410000045, 23.867812017000062 ], [ 90.504623870000046, 23.867620909000038 ], [ 90.504559559000086, 23.86734111800007 ], [ 90.504558762000045, 23.867135638000036 ], [ 90.504558966000047, 23.866871443000036 ], [ 90.504543268000077, 23.866621977000023 ], [ 90.504542697000034, 23.866474640000035 ], [ 90.50459118100008, 23.866313594000076 ], [ 90.504623091000042, 23.866152602000057 ], [ 90.504654770000059, 23.865932336000071 ], [ 90.504687791000038, 23.865741421000052 ], [ 90.504687438000076, 23.865491905000056 ], [ 90.504687200000035, 23.865271743000051 ], [ 90.504687017000037, 23.865066260000049 ], [ 90.504671047000045, 23.864905425000075 ], [ 90.50459040700008, 23.864846414000056 ], [ 90.504445141000076, 23.864743020000049 ], [ 90.504267684000069, 23.864727795000078 ], [ 90.504074822000064, 23.864697376000038 ], [ 90.503865390000044, 23.86466757900007 ], [ 90.503768229000059, 23.864622735000069 ], [ 90.503623080000068, 23.864548694000064 ], [ 90.503478430000087, 23.864445860000046 ], [ 90.503365528000074, 23.86429832500005 ], [ 90.503284488000077, 23.86413600800006 ], [ 90.503204502000074, 23.86376933400004 ], [ 90.503107667000052, 23.863490213000034 ], [ 90.503058938000038, 23.863270210000053 ], [ 90.502962884000056, 23.863034556000059 ], [ 90.502865890000066, 23.862872856000024 ], [ 90.502833744000043, 23.862814251000032 ], [ 90.502721345000054, 23.862637358000029 ], [ 90.502624351000065, 23.86247566000003 ], [ 90.502576020000049, 23.862358398000026 ], [ 90.502528301000041, 23.862240569000051 ], [ 90.502479856000036, 23.862093387000073 ], [ 90.50244731500004, 23.861932042000035 ], [ 90.502479110000081, 23.861741130000041 ], [ 90.502544283000077, 23.861609950000059 ], [ 90.502592267000068, 23.861478261000059 ], [ 90.502657440000064, 23.86134708000003 ], [ 90.502721437000048, 23.861229451000042 ], [ 90.502769752000063, 23.861024938000071 ], [ 90.502834026000073, 23.860819808000031 ], [ 90.50288256500005, 23.860673440000028 ], [ 90.502930878000086, 23.860468361000073 ], [ 90.503012115000047, 23.860205594000035 ], [ 90.503044573000068, 23.859868471000027 ], [ 90.503043998000066, 23.859560810000062 ], [ 90.503044436000039, 23.859355890000074 ], [ 90.503044143000068, 23.859121050000056 ], [ 90.50299631300004, 23.858974432000025 ], [ 90.502834919000065, 23.85866616800007 ], [ 90.50262620500007, 23.858342816000061 ], [ 90.502401033000069, 23.85804887200004 ], [ 90.502272177000066, 23.857900823000023 ], [ 90.502110850000065, 23.857768123000028 ], [ 90.501998351000054, 23.857723329000066 ], [ 90.501805219000062, 23.857620087000043 ], [ 90.501644230000068, 23.85757488400003 ], [ 90.501434862000053, 23.857558630000028 ], [ 90.501241509000067, 23.857557566000025 ], [ 90.501031640000065, 23.85757066900004 ], [ 90.500886835000074, 23.857584124000027 ], [ 90.500742088000038, 23.857612819000053 ], [ 90.500597227000071, 23.857611597000073 ], [ 90.500484284000038, 23.857610836000049 ], [ 90.500291488000073, 23.857594526000071 ], [ 90.500130333000072, 23.857505856000046 ], [ 90.499969173000068, 23.857416621000027 ], [ 90.499791888000061, 23.857283404000043 ], [ 90.499566501000061, 23.857091636000064 ], [ 90.499277333000066, 23.856913057000042 ], [ 90.498939005000068, 23.856720522000046 ], [ 90.498665353000035, 23.856586489000051 ], [ 90.498294829000031, 23.856480994000037 ], [ 90.498021344000051, 23.856390426000075 ], [ 90.497844286000031, 23.856315918000064 ], [ 90.497634808000043, 23.856270305000066 ], [ 90.497473763000073, 23.856209856000078 ], [ 90.497328848000052, 23.856194517000063 ], [ 90.49716791700007, 23.856163988000048 ], [ 90.49702288900005, 23.856118730000048 ], [ 90.496765420000031, 23.856042787000035 ], [ 90.49665236900006, 23.856013232000066 ], [ 90.49646001900004, 23.855952320000029 ], [ 90.496395402000076, 23.855907930000058 ], [ 90.496266837000064, 23.855833828000073 ], [ 90.496169965000036, 23.855700913000078 ], [ 90.496041509000065, 23.855494150000027 ], [ 90.495904583000083, 23.855319589000032 ], [ 90.49576836600005, 23.85516986600004 ], [ 90.495639635000032, 23.855051732000049 ], [ 90.495478927000079, 23.854917893000049 ], [ 90.495350305000045, 23.854828547000068 ], [ 90.495189153000069, 23.854739307000045 ], [ 90.495077106000053, 23.854650474000039 ], [ 90.494963829000085, 23.854561079000064 ], [ 90.49486763200008, 23.854443403000062 ], [ 90.494723053000087, 23.854354109000042 ], [ 90.494610502000057, 23.854294067000069 ], [ 90.494385234000049, 23.854291968000041 ], [ 90.494191886000067, 23.854290329000037 ], [ 90.494014104000087, 23.854347352000048 ], [ 90.493917846000045, 23.854375322000067 ], [ 90.493837494000047, 23.854389692000041 ], [ 90.493789004000064, 23.854389283000046 ], [ 90.493692130000056, 23.854417256000033 ], [ 90.493579804000035, 23.854416486000048 ], [ 90.493418931000065, 23.854400067000029 ], [ 90.493370273000039, 23.854355625000039 ], [ 90.493290036000076, 23.854237898000065 ], [ 90.493193781000059, 23.854104980000045 ], [ 90.49312978100005, 23.853898571000059 ], [ 90.493097869000053, 23.853737784000032 ], [ 90.493065781000041, 23.853692726000077 ], [ 90.493017630000054, 23.853619492000064 ], [ 90.492920535000053, 23.853588754000043 ], [ 90.492760505000035, 23.853470153000046 ], [ 90.492647396000052, 23.853424788000041 ], [ 90.492454440000074, 23.853364438000028 ], [ 90.49229362300008, 23.853362694000054 ], [ 90.491955693000079, 23.853432644000065 ], [ 90.491842753000071, 23.853431312000055 ], [ 90.491794262000042, 23.853430902000071 ], [ 90.491665420000061, 23.853444297000067 ], [ 90.491488529000037, 23.853412683000045 ], [ 90.491376097000057, 23.853383124000061 ], [ 90.491327493000085, 23.853352794000045 ], [ 90.491247200000032, 23.853219824000064 ], [ 90.49115067200006, 23.853013517000022 ], [ 90.49107060700004, 23.852777803000038 ], [ 90.491039368000031, 23.852631692000045 ], [ 90.491039034000039, 23.852543064000031 ], [ 90.490991218000033, 23.852395877000049 ], [ 90.490911100000062, 23.852146050000044 ], [ 90.490879299000085, 23.852014053000062 ], [ 90.490799512000081, 23.851851726000064 ], [ 90.490767097000059, 23.851719732000049 ], [ 90.490670573000045, 23.851513426000054 ], [ 90.490639441000042, 23.851396105000049 ], [ 90.49060713700004, 23.851292901000079 ], [ 90.490575, 23.851234292000072 ], [ 90.490478523000036, 23.851203551000026 ], [ 90.490333667000073, 23.851201754000044 ], [ 90.490108238000062, 23.851155616000028 ], [ 90.489979843000071, 23.851124411000058 ], [ 90.489882756000043, 23.851094801000045 ], [ 90.489770878000058, 23.851049431000035 ], [ 90.489593830000047, 23.850974348000022 ], [ 90.489513310000063, 23.850943554000025 ], [ 90.48936834400007, 23.850912402000063 ], [ 90.489255911000043, 23.85088227600005 ], [ 90.489095545000055, 23.850836494000077 ], [ 90.488998509000055, 23.850820430000056 ], [ 90.48888618400008, 23.850819093000041 ], [ 90.48877324700004, 23.850818323000055 ], [ 90.488692951000075, 23.850846804000071 ], [ 90.488644571000066, 23.850875749000068 ], [ 90.488611591000051, 23.850919321000049 ], [ 90.488548367000078, 23.850917827000046 ], [ 90.488450995000051, 23.85097571700004 ], [ 90.488338055000042, 23.850974382000061 ], [ 90.488273606000064, 23.850973457000066 ], [ 90.488145827000039, 23.850942814000064 ], [ 90.488000695000039, 23.850867627000071 ], [ 90.487840617000074, 23.850734343000056 ], [ 90.487679867000054, 23.850585819000059 ], [ 90.487599185000079, 23.850511558000051 ], [ 90.487551200000041, 23.85048179100005 ], [ 90.487519127000041, 23.85027584200003 ], [ 90.487519476000045, 23.850041 ], [ 90.487520047000032, 23.849865432000058 ], [ 90.48752061600004, 23.849689302000058 ], [ 90.487569633000078, 23.849338579000062 ], [ 90.487570092000055, 23.849133093000034 ], [ 90.487570715000061, 23.848971637000034 ], [ 90.487586344000078, 23.848884088000034 ], [ 90.48758702300006, 23.848737311000036 ], [ 90.487554943000077, 23.848693380000043 ], [ 90.487474984000073, 23.848647906000053 ], [ 90.487249507000058, 23.848587088000045 ], [ 90.487204649000034, 23.848572551000075 ], [ 90.487008630000048, 23.848511073000054 ], [ 90.48681562400003, 23.848434908000058 ], [ 90.486622623000073, 23.848359873000049 ], [ 90.486397705000059, 23.848283808000076 ], [ 90.486188797000068, 23.848222371000077 ], [ 90.48602782100005, 23.848176588000058 ], [ 90.485898873000053, 23.848160624000059 ], [ 90.485738061000063, 23.848158309000041 ], [ 90.485529550000081, 23.848038722000069 ], [ 90.485369026000058, 23.847948906000056 ], [ 90.485079782000071, 23.847739815000068 ], [ 90.484870606000072, 23.847605553000051 ], [ 90.484662153000045, 23.847500642000057 ], [ 90.48450168100004, 23.847424937000028 ], [ 90.484292054000036, 23.847334144000058 ], [ 90.484067698000047, 23.847243961000061 ], [ 90.483928867000031, 23.847210526000026 ], [ 90.483874808000053, 23.847197713000071 ], [ 90.483682258000044, 23.847077510000076 ], [ 90.48347330100006, 23.847001955000053 ], [ 90.483183830000087, 23.846895604000053 ], [ 90.482781805000059, 23.846890655000038 ], [ 90.482428266000056, 23.846886118000043 ], [ 90.48213901400004, 23.846839038000041 ], [ 90.481962081000063, 23.84679217200005 ], [ 90.481785313000046, 23.846790468000052 ], [ 90.48164046100004, 23.846788662000051 ], [ 90.481431775000033, 23.846785927000042 ], [ 90.481271019000076, 23.846798285000034 ], [ 90.480964906000054, 23.846838757000057 ], [ 90.480724465000037, 23.846879587000046 ], [ 90.480257360000053, 23.84703515800004 ], [ 90.479936120000048, 23.84713438600005 ], [ 90.479646178000053, 23.847233515000028 ], [ 90.47935685200008, 23.847332642000026 ], [ 90.479082707000032, 23.847388253000076 ], [ 90.478858172000059, 23.847414920000062 ], [ 90.478664938000065, 23.847442052000076 ], [ 90.478488330000062, 23.847483811000075 ], [ 90.478295094000032, 23.847510378000038 ], [ 90.47808640900007, 23.847508203000075 ], [ 90.477925601000038, 23.847507009000026 ], [ 90.47781277100006, 23.847534456000062 ], [ 90.477668643000072, 23.847562565000032 ], [ 90.477507432000039, 23.847618952000062 ], [ 90.477378644000055, 23.847646447000045 ], [ 90.477282387000059, 23.84767497100006 ], [ 90.477185573000042, 23.847718175000068 ], [ 90.477073521000079, 23.847790780000025 ], [ 90.476912471000048, 23.847891200000049 ], [ 90.476735356000063, 23.847962878000033 ], [ 90.47659066500006, 23.848005099000034 ], [ 90.476446478000071, 23.848017964000064 ], [ 90.476349501000072, 23.848017136000067 ], [ 90.476205209000057, 23.84800064600006 ], [ 90.476060861000065, 23.847969480000074 ], [ 90.475932420000049, 23.84792414900005 ], [ 90.475836005000076, 23.84790864100006 ], [ 90.475771555000051, 23.847907710000072 ], [ 90.47569096400008, 23.848024251000027 ], [ 90.47562638800008, 23.848155984000073 ], [ 90.475545743000055, 23.848257846000024 ], [ 90.47544914000008, 23.848359759000061 ], [ 90.475384961000032, 23.848432216000049 ], [ 90.475208168000052, 23.848592519000078 ], [ 90.475062968000032, 23.848664097000039 ], [ 90.474934448000056, 23.84876554300007 ], [ 90.474821272000042, 23.848867506000033 ], [ 90.474708710000073, 23.848968902000024 ], [ 90.474564232000034, 23.849070395000069 ], [ 90.474419031000082, 23.849141972000041 ], [ 90.474275008000063, 23.849199997000028 ], [ 90.474178750000078, 23.849227954000071 ], [ 90.474097835000066, 23.849256430000025 ], [ 90.47395308800003, 23.849283971000034 ], [ 90.473792891000073, 23.849282771000048 ], [ 90.473664610000071, 23.84928147200003 ], [ 90.473519754000051, 23.849279659000047 ], [ 90.473294842000087, 23.84920414000004 ], [ 90.473271477000083, 23.84919235600006 ], [ 90.47305503900003, 23.849084069000071 ], [ 90.472814620000065, 23.848963434000041 ], [ 90.472542180000062, 23.848813543000063 ], [ 90.472332961000063, 23.84866458700003 ], [ 90.472109064000051, 23.848529788000064 ], [ 90.471772181000063, 23.848379530000045 ], [ 90.471762211000055, 23.848337651000065 ], [ 90.471269423000081, 23.847308296000051 ] ] ] } }
]
}
