<?xml version="1.0" encoding="UTF-8"?>
<kml xmlns="http://www.opengis.net/kml/2.2"><Document>
<name>Sylhet tea estate candidates — CONFIRM EACH AT HIGH ZOOM</name>
<Style id="cand"><LineStyle><color>ff00a5ff</color><width>2</width></LineStyle><PolyStyle><color>4d00a5ff</color></PolyStyle></Style>
<Placemark><name>TEA-C000 (6,620 ha)</name><description><![CDATA[<b>TEA-C000</b><br/>upazila: Sylhet Sadar<br/>area: 6,620 ha<br/><hr/>Estates expected in this upazila:<br/>Burjan, Alibahar, Daddnagar, Dalia, Khadim, Lackatoorah, Malnicherra, Star<br/><br/><b>Zoom in.</b> Tea shows regular planted rows, uniform canopy, pale service tracks in a grid, hard geometric edges. Natural forest is chaotic with ragged edges.<br/><br/>Record yes/no in sylhet_tea_candidates_review.csv]]></description><styleUrl>#cand</styleUrl><MultiGeometry><Polygon><outerBoundaryIs><LinearRing><coordinates>91.836493,24.926787,0 91.836493,24.926886,0 91.836507,24.927019,0 91.836536,24.927149,0 91.836578,24.927276,0 91.836634,24.927399,0 91.836703,24.927516,0 91.836784,24.927627,0 91.836876,24.927729,0 91.836979,24.927823,0 91.837031,24.927866,0 91.837035,24.927870,0 91.837119,24.927964,0 91.837222,24.928058,0 91.837335,24.928142,0 91.837456,24.928216,0 91.837585,24.928279,0 91.837720,24.928330,0 91.837859,24.928368,0 91.838002,24.928394,0 91.838073,24.928401,0 91.838109,24.928405,0 91.838117,24.928434,0 91.838132,24.928504,0 91.838174,24.928631,0 91.838230,24.928754,0 91.838299,24.928871,0 91.838380,24.928982,0 91.838472,24.929085,0 91.838575,24.929179,0 91.838688,24.929263,0 91.838809,24.929337,0 91.838938,24.929400,0 91.839072,24.929450,0 91.839164,24.929476,0 91.839227,24.929496,0 91.839366,24.929535,0 91.839509,24.929561,0 91.839654,24.929574,0 91.839800,24.929574,0 91.839945,24.929561,0 91.840088,24.929535,0 91.840228,24.929496,0 91.840266,24.929483,0 91.840303,24.929482,0 91.840769,24.929482,0 91.840835,24.929485,0 91.840832,24.929496,0 91.840812,24.929624,0 91.840805,24.929752,0 91.840805,24.929988,0 91.840803,24.930019,0 91.840769,24.930021,0 91.840645,24.930021,0 91.840504,24.930027,0 91.840363,24.930045,0 91.840226,24.930076,0 91.840092,24.930118,0 91.839963,24.930172,0 91.839840,24.930237,0 91.839725,24.930312,0 91.839618,24.930397,0 91.839521,24.930491,0 91.839433,24.930592,0 91.839357,24.930701,0 91.839292,24.930816,0 91.839240,24.930936,0 91.839201,24.931061,0 91.839174,24.931188,0 91.839161,24.931316,0 91.839162,24.931445,0 91.839176,24.931574,0 91.839186,24.931638,0 91.839188,24.931671,0 91.839188,24.932144,0 91.839186,24.932175,0 91.839152,24.932177,0 91.838686,24.932177,0 91.838650,24.932175,0 91.838592,24.932144,0 91.838464,24.932081,0 91.838329,24.932030,0 91.838189,24.931992,0 91.838046,24.931966,0 91.837901,24.931953,0 91.837756,24.931953,0 91.837611,24.931966,0 91.837468,24.931992,0 91.837328,24.932030,0 91.837193,24.932081,0 91.837065,24.932144,0 91.836944,24.932218,0 91.836831,24.932302,0 91.836728,24.932396,0 91.836635,24.932499,0 91.836554,24.932609,0 91.836499,24.932704,0 91.836488,24.932720,0 91.836413,24.932824,0 91.836343,24.932944,0 91.836286,24.933070,0 91.836244,24.933200,0 91.836217,24.933334,0 91.836204,24.933469,0 91.836206,24.933605,0 91.836223,24.933740,0 91.836255,24.933873,0 91.836301,24.934002,0 91.836362,24.934126,0 91.836435,24.934244,0 91.836521,24.934355,0 91.836619,24.934458,0 91.836728,24.934551,0 91.836847,24.934633,0 91.836974,24.934705,0 91.837108,24.934764,0 91.837248,24.934811,0 91.837392,24.934845,0 91.837539,24.934865,0 91.837688,24.934872,0 91.838074,24.934872,0 91.838109,24.934873,0 91.838127,24.934895,0 91.838221,24.934999,0 91.838326,24.935095,0 91.838442,24.935180,0 91.838566,24.935255,0 91.838698,24.935318,0 91.838836,24.935368,0 91.838979,24.935406,0 91.839125,24.935431,0 91.839273,24.935442,0 91.839422,24.935439,0 91.839569,24.935423,0 91.839714,24.935394,0 91.839856,24.935351,0 91.839991,24.935296,0 91.840121,24.935229,0 91.840242,24.935150,0 91.840353,24.935060,0 91.840455,24.934961,0 91.840545,24.934854,0 91.840623,24.934738,0 91.840688,24.934616,0 91.840739,24.934489,0 91.840775,24.934357,0 91.840798,24.934223,0 91.840805,24.934088,0 91.840805,24.933827,0 91.840807,24.933795,0 91.840842,24.933794,0 91.841847,24.933794,0 91.841883,24.933795,0 91.841935,24.933802,0 91.842080,24.933815,0 91.842225,24.933815,0 91.842371,24.933802,0 91.842422,24.933795,0 91.842459,24.933794,0 91.842855,24.933794,0 91.843009,24.933787,0 91.843161,24.933765,0 91.843310,24.933729,0 91.843453,24.933679,0 91.843591,24.933616,0 91.843720,24.933540,0 91.843841,24.933453,0 91.843950,24.933354,0 91.844031,24.933266,0 91.844040,24.933256,0 91.844092,24.933213,0 91.844195,24.933119,0 91.844287,24.933017,0 91.844368,24.932906,0 91.844437,24.932789,0 91.844493,24.932666,0 91.844535,24.932539,0 91.844564,24.932408,0 91.844578,24.932276,0 91.844578,24.932177,0 91.844578,24.932177,0 91.844578,24.931132,0 91.844580,24.931099,0 91.844580,24.931099,0 91.844655,24.930997,0 91.844730,24.931025,0 91.844869,24.931063,0 91.845012,24.931089,0 91.845077,24.931095,0 91.845115,24.931100,0 91.845117,24.931132,0 91.845117,24.931508,0 91.845125,24.931645,0 91.845147,24.931779,0 91.845184,24.931911,0 91.845236,24.932039,0 91.845301,24.932162,0 91.845380,24.932277,0 91.845471,24.932386,0 91.845573,24.932485,0 91.845686,24.932574,0 91.845808,24.932653,0 91.845938,24.932720,0 91.846075,24.932775,0 91.846217,24.932816,0 91.846363,24.932845,0 91.846511,24.932860,0 91.846661,24.932862,0 91.846810,24.932850,0 91.846956,24.932824,0 91.847099,24.932785,0 91.847238,24.932733,0 91.847274,24.932717,0 91.847297,24.932710,0 91.847389,24.932684,0 91.847523,24.932633,0 91.847652,24.932571,0 91.847773,24.932497,0 91.847886,24.932413,0 91.847989,24.932319,0 91.848081,24.932216,0 91.848162,24.932105,0 91.848231,24.931988,0 91.848287,24.931865,0 91.848329,24.931738,0 91.848345,24.931668,0 91.848353,24.931639,0 91.848402,24.931598,0 91.848511,24.931498,0 91.848608,24.931388,0 91.848692,24.931269,0 91.848763,24.931143,0 91.848818,24.931011,0 91.848858,24.930875,0 91.848882,24.930735,0 91.848890,24.930594,0 91.848890,24.930593,0 91.848892,24.930561,0 91.848927,24.930556,0 91.848998,24.930550,0 91.849141,24.930524,0 91.849280,24.930486,0 91.849415,24.930435,0 91.849544,24.930372,0 91.849665,24.930298,0 91.849778,24.930214,0 91.849881,24.930120,0 91.849965,24.930026,0 91.849969,24.930022,0 91.850004,24.930021,0 91.850470,24.930021,0 91.850506,24.930022,0 91.850510,24.930026,0 91.850594,24.930120,0 91.850697,24.930214,0 91.850810,24.930298,0 91.850931,24.930372,0 91.851060,24.930435,0 91.851194,24.930486,0 91.851334,24.930524,0 91.851477,24.930550,0 91.851548,24.930556,0 91.851583,24.930561,0 91.851585,24.930593,0 91.851585,24.931066,0 91.851583,24.931097,0 91.851548,24.931099,0 91.851152,24.931099,0 91.851013,24.931105,0 91.850876,24.931122,0 91.850742,24.931152,0 91.850610,24.931192,0 91.850484,24.931243,0 91.850363,24.931305,0 91.850249,24.931377,0 91.850143,24.931459,0 91.850046,24.931549,0 91.849975,24.931629,0 91.849967,24.931637,0 91.849944,24.931652,0 91.849870,24.931697,0 91.849757,24.931781,0 91.849654,24.931875,0 91.849562,24.931978,0 91.849481,24.932089,0 91.849446,24.932148,0 91.849428,24.932176,0 91.849378,24.932217,0 91.849280,24.932305,0 91.849192,24.932402,0 91.849114,24.932505,0 91.849047,24.932615,0 91.848991,24.932730,0 91.848947,24.932849,0 91.848915,24.932971,0 91.848896,24.933095,0 91.848890,24.933220,0 91.848890,24.933222,0 91.848888,24.933253,0 91.848853,24.933255,0 91.848726,24.933255,0 91.848586,24.933261,0 91.848447,24.933279,0 91.848310,24.933309,0 91.848177,24.933351,0 91.848049,24.933404,0 91.847927,24.933467,0 91.847813,24.933541,0 91.847706,24.933625,0 91.847609,24.933717,0 91.847521,24.933818,0 91.847444,24.933925,0 91.847379,24.934039,0 91.847326,24.934157,0 91.847286,24.934280,0 91.847271,24.934332,0 91.847271,24.934333,0 91.847190,24.934443,0 91.847121,24.934560,0 91.847065,24.934683,0 91.847023,24.934810,0 91.846995,24.934941,0 91.846980,24.935073,0 91.846980,24.935206,0 91.846995,24.935338,0 91.847023,24.935468,0 91.847065,24.935596,0 91.847121,24.935718,0 91.847190,24.935836,0 91.847271,24.935946,0 91.847363,24.936049,0 91.847467,24.936143,0 91.847579,24.936227,0 91.847700,24.936301,0 91.847829,24.936364,0 91.847964,24.936415,0 91.848103,24.936453,0 91.848246,24.936479,0 91.848311,24.936485,0 91.848350,24.936490,0 91.848396,24.936515,0 91.848524,24.936578,0 91.848659,24.936629,0 91.848798,24.936667,0 91.848941,24.936693,0 91.849087,24.936706,0 91.849232,24.936706,0 91.849377,24.936693,0 91.849520,24.936667,0 91.849660,24.936629,0 91.849795,24.936578,0 91.849923,24.936515,0 91.849968,24.936490,0 91.850004,24.936489,0 91.851548,24.936489,0 91.851583,24.936490,0 91.851585,24.936522,0 91.851585,24.936751,0 91.851592,24.936884,0 91.851613,24.937015,0 91.851649,24.937144,0 91.851698,24.937270,0 91.851760,24.937390,0 91.851835,24.937504,0 91.851922,24.937610,0 91.852020,24.937709,0 91.852128,24.937798,0 91.852245,24.937877,0 91.852370,24.937946,0 91.852502,24.938003,0 91.852639,24.938047,0 91.852781,24.938080,0 91.852925,24.938099,0 91.853070,24.938106,0 91.853165,24.938106,0 91.853200,24.938107,0 91.853202,24.938139,0 91.853202,24.939150,0 91.853200,24.939182,0 91.853165,24.939184,0 91.852160,24.939184,0 91.852126,24.939182,0 91.852124,24.939150,0 91.852124,24.938921,0 91.852117,24.938788,0 91.852095,24.938657,0 91.852060,24.938528,0 91.852011,24.938403,0 91.851948,24.938283,0 91.851874,24.938169,0 91.851787,24.938062,0 91.851689,24.937963,0 91.851581,24.937874,0 91.851464,24.937795,0 91.851339,24.937727,0 91.851207,24.937670,0 91.851070,24.937625,0 91.850928,24.937593,0 91.850784,24.937573,0 91.850638,24.937567,0 91.850543,24.937567,0 91.850450,24.937563,0 91.850419,24.937560,0 91.850273,24.937560,0 91.850128,24.937573,0 91.849985,24.937599,0 91.849845,24.937637,0 91.849711,24.937688,0 91.849582,24.937751,0 91.849461,24.937825,0 91.849348,24.937909,0 91.849245,24.938003,0 91.849153,24.938106,0 91.849072,24.938216,0 91.849003,24.938333,0 91.848947,24.938456,0 91.848905,24.938583,0 91.848888,24.938644,0 91.848837,24.938686,0 91.848734,24.938780,0 91.848642,24.938883,0 91.848561,24.938993,0 91.848492,24.939111,0 91.848436,24.939233,0 91.848394,24.939361,0 91.848365,24.939491,0 91.848351,24.939623,0 91.848351,24.939723,0 91.848351,24.939723,0 91.848351,24.940228,0 91.848349,24.940261,0 91.848287,24.940287,0 91.848281,24.940290,0 91.848153,24.940352,0 91.848031,24.940426,0 91.847919,24.940510,0 91.847816,24.940604,0 91.847723,24.940707,0 91.847642,24.940818,0 91.847573,24.940935,0 91.847518,24.941058,0 91.847475,24.941185,0 91.847447,24.941315,0 91.847432,24.941448,0 91.847432,24.941580,0 91.847447,24.941713,0 91.847475,24.941843,0 91.847518,24.941970,0 91.847573,24.942093,0 91.847642,24.942210,0 91.847723,24.942321,0 91.847806,24.942413,0 91.847810,24.942418,0 91.847812,24.942451,0 91.847812,24.942923,0 91.847810,24.942956,0 91.847799,24.942965,0 91.847711,24.943031,0 91.847608,24.943125,0 91.847515,24.943228,0 91.847496,24.943254,0 91.847443,24.943164,0 91.847362,24.943053,0 91.847269,24.942951,0 91.847266,24.942947,0 91.847195,24.942867,0 91.847097,24.942777,0 91.846991,24.942696,0 91.846878,24.942624,0 91.846757,24.942562,0 91.846630,24.942511,0 91.846499,24.942470,0 91.846364,24.942441,0 91.846227,24.942423,0 91.846089,24.942418,0 91.845692,24.942418,0 91.845657,24.942416,0 91.845639,24.942388,0 91.845604,24.942330,0 91.845523,24.942219,0 91.845431,24.942116,0 91.845328,24.942022,0 91.845215,24.941938,0 91.845141,24.941893,0 91.845118,24.941877,0 91.845100,24.941849,0 91.845065,24.941791,0 91.844984,24.941680,0 91.844892,24.941577,0 91.844789,24.941483,0 91.844676,24.941399,0 91.844602,24.941354,0 91.844579,24.941339,0 91.844561,24.941310,0 91.844526,24.941252,0 91.844445,24.941141,0 91.844353,24.941038,0 91.844250,24.940944,0 91.844137,24.940860,0 91.844063,24.940815,0 91.844041,24.940800,0 91.844039,24.940767,0 91.844039,24.940766,0 91.844033,24.940641,0 91.844014,24.940517,0 91.843982,24.940394,0 91.843938,24.940275,0 91.843882,24.940161,0 91.843815,24.940051,0 91.843737,24.939948,0 91.843649,24.939851,0 91.843551,24.939763,0 91.843501,24.939722,0 91.843497,24.939717,0 91.843413,24.939624,0 91.843310,24.939530,0 91.843197,24.939445,0 91.843076,24.939371,0 91.842947,24.939309,0 91.842813,24.939258,0 91.842673,24.939219,0 91.842530,24.939193,0 91.842459,24.939187,0 91.842371,24.939175,0 91.842225,24.939162,0 91.842080,24.939162,0 91.841935,24.939175,0 91.841883,24.939182,0 91.841847,24.939184,0 91.841723,24.939184,0 91.841582,24.939190,0 91.841441,24.939208,0 91.841304,24.939239,0 91.841170,24.939281,0 91.841041,24.939335,0 91.840918,24.939400,0 91.840803,24.939475,0 91.840696,24.939560,0 91.840599,24.939653,0 91.840511,24.939755,0 91.840435,24.939864,0 91.840370,24.939979,0 91.840318,24.940099,0 91.840279,24.940223,0 91.840252,24.940350,0 91.840239,24.940479,0 91.840240,24.940608,0 91.840254,24.940737,0 91.840264,24.940801,0 91.840266,24.940834,0 91.840266,24.941602,0 91.840273,24.941735,0 91.840295,24.941866,0 91.840330,24.941995,0 91.840379,24.942120,0 91.840442,24.942241,0 91.840516,24.942355,0 91.840603,24.942461,0 91.840701,24.942560,0 91.840809,24.942649,0 91.840926,24.942728,0 91.841051,24.942797,0 91.841183,24.942853,0 91.841320,24.942898,0 91.841462,24.942931,0 91.841606,24.942950,0 91.841752,24.942957,0 91.841847,24.942957,0 91.841881,24.942958,0 91.841883,24.942990,0 91.841883,24.942991,0 91.841891,24.943132,0 91.841915,24.943272,0 91.841955,24.943408,0 91.842011,24.943540,0 91.842081,24.943666,0 91.842165,24.943784,0 91.842262,24.943894,0 91.842371,24.943995,0 91.842420,24.944035,0 91.842422,24.944068,0 91.842422,24.944540,0 91.842420,24.944573,0 91.842418,24.944575,0 91.842338,24.944686,0 91.842269,24.944803,0 91.842213,24.944926,0 91.842171,24.945053,0 91.842142,24.945183,0 91.842128,24.945316,0 91.842128,24.945449,0 91.842142,24.945581,0 91.842171,24.945711,0 91.842213,24.945838,0 91.842269,24.945961,0 91.842338,24.946078,0 91.842419,24.946189,0 91.842421,24.946191,0 91.842439,24.946220,0 91.842474,24.946279,0 91.842555,24.946389,0 91.842647,24.946492,0 91.842750,24.946586,0 91.842863,24.946670,0 91.842937,24.946716,0 91.842959,24.946730,0 91.842974,24.946782,0 91.843018,24.946914,0 91.843077,24.947041,0 91.843149,24.947162,0 91.843235,24.947276,0 91.843333,24.947381,0 91.843442,24.947477,0 91.843562,24.947562,0 91.843690,24.947635,0 91.843826,24.947696,0 91.843967,24.947745,0 91.844114,24.947779,0 91.844264,24.947800,0 91.844415,24.947807,0 91.844472,24.947807,0 91.844626,24.947800,0 91.844778,24.947779,0 91.844926,24.947743,0 91.845070,24.947693,0 91.845208,24.947630,0 91.845337,24.947554,0 91.845458,24.947466,0 91.845567,24.947368,0 91.845648,24.947279,0 91.845657,24.947270,0 91.845663,24.947268,0 91.845789,24.947233,0 91.845924,24.947182,0 91.846052,24.947120,0 91.846173,24.947046,0 91.846286,24.946961,0 91.846389,24.946867,0 91.846482,24.946765,0 91.846563,24.946654,0 91.846631,24.946537,0 91.846687,24.946414,0 91.846730,24.946287,0 91.846758,24.946157,0 91.846772,24.946024,0 91.846772,24.945891,0 91.846758,24.945759,0 91.846739,24.945674,0 91.846736,24.945651,0 91.846734,24.945618,0 91.846734,24.945146,0 91.846736,24.945114,0 91.846798,24.945087,0 91.846804,24.945085,0 91.846932,24.945022,0 91.847054,24.944948,0 91.847166,24.944864,0 91.847269,24.944770,0 91.847362,24.944667,0 91.847381,24.944640,0 91.847434,24.944731,0 91.847515,24.944841,0 91.847608,24.944944,0 91.847711,24.945038,0 91.847799,24.945104,0 91.847811,24.945114,0 91.847849,24.945161,0 91.847942,24.945264,0 91.848045,24.945358,0 91.848158,24.945442,0 91.848279,24.945516,0 91.848407,24.945579,0 91.848542,24.945630,0 91.848682,24.945668,0 91.848825,24.945694,0 91.848970,24.945707,0 91.849115,24.945707,0 91.849261,24.945694,0 91.849404,24.945668,0 91.849543,24.945630,0 91.849678,24.945579,0 91.849806,24.945516,0 91.849928,24.945442,0 91.850040,24.945358,0 91.850143,24.945264,0 91.850236,24.945161,0 91.850317,24.945051,0 91.850385,24.944933,0 91.850441,24.944811,0 91.850484,24.944684,0 91.850503,24.944594,0 91.850508,24.944575,0 91.850557,24.944559,0 91.850605,24.944546,0 91.850745,24.944492,0 91.850877,24.944426,0 91.851002,24.944348,0 91.851118,24.944258,0 91.851222,24.944159,0 91.851316,24.944050,0 91.851396,24.943933,0 91.851463,24.943809,0 91.851516,24.943680,0 91.851554,24.943546,0 91.851577,24.943410,0 91.851585,24.943272,0 91.851585,24.942451,0 91.851587,24.942419,0 91.851621,24.942418,0 91.852087,24.942418,0 91.852124,24.942419,0 91.852162,24.942432,0 91.852302,24.942470,0 91.852445,24.942496,0 91.852590,24.942509,0 91.852736,24.942509,0 91.852881,24.942496,0 91.853024,24.942470,0 91.853163,24.942432,0 91.853202,24.942419,0 91.853238,24.942418,0 91.853704,24.942418,0 91.853740,24.942419,0 91.853744,24.942423,0 91.853828,24.942517,0 91.853931,24.942611,0 91.854044,24.942695,0 91.854165,24.942769,0 91.854294,24.942831,0 91.854428,24.942882,0 91.854568,24.942921,0 91.854711,24.942947,0 91.854782,24.942953,0 91.854818,24.942958,0 91.854836,24.942986,0 91.854870,24.943045,0 91.854951,24.943155,0 91.855044,24.943258,0 91.855147,24.943352,0 91.855260,24.943436,0 91.855334,24.943482,0 91.855356,24.943496,0 91.855358,24.943529,0 91.855358,24.943905,0 91.855365,24.944041,0 91.855388,24.944176,0 91.855425,24.944308,0 91.855477,24.944436,0 91.855542,24.944558,0 91.855620,24.944674,0 91.855711,24.944782,0 91.855814,24.944881,0 91.855927,24.944971,0 91.856049,24.945049,0 91.856179,24.945116,0 91.856316,24.945171,0 91.856458,24.945213,0 91.856604,24.945242,0 91.856752,24.945257,0 91.856902,24.945259,0 91.857051,24.945246,0 91.857197,24.945221,0 91.857340,24.945182,0 91.857479,24.945130,0 91.857514,24.945114,0 91.857551,24.945109,0 91.857622,24.945103,0 91.857765,24.945077,0 91.857904,24.945038,0 91.858039,24.944987,0 91.858167,24.944925,0 91.858289,24.944851,0 91.858401,24.944767,0 91.858504,24.944673,0 91.858589,24.944579,0 91.858593,24.944575,0 91.858599,24.944573,0 91.858725,24.944538,0 91.858859,24.944487,0 91.858988,24.944425,0 91.859109,24.944351,0 91.859222,24.944266,0 91.859325,24.944172,0 91.859417,24.944070,0 91.859498,24.943959,0 91.859567,24.943842,0 91.859623,24.943719,0 91.859665,24.943592,0 91.859694,24.943462,0 91.859708,24.943329,0 91.859708,24.943196,0 91.859694,24.943064,0 91.859675,24.942979,0 91.859671,24.942956,0 91.859670,24.942923,0 91.859670,24.942451,0 91.859671,24.942419,0 91.859706,24.942418,0 91.860172,24.942418,0 91.860208,24.942419,0 91.860240,24.942427,0 91.860383,24.942452,0 91.860529,24.942465,0 91.860674,24.942465,0 91.860819,24.942452,0 91.860962,24.942427,0 91.861102,24.942388,0 91.861237,24.942337,0 91.861365,24.942274,0 91.861486,24.942201,0 91.861599,24.942116,0 91.861702,24.942022,0 91.861795,24.941920,0 91.861827,24.941880,0 91.861850,24.941872,0 91.861941,24.941847,0 91.862076,24.941796,0 91.862205,24.941734,0 91.862326,24.941660,0 91.862439,24.941575,0 91.862542,24.941481,0 91.862634,24.941379,0 91.862715,24.941268,0 91.862784,24.941151,0 91.862840,24.941028,0 91.862882,24.940901,0 91.862897,24.940831,0 91.862905,24.940802,0 91.862927,24.940787,0 91.863002,24.940741,0 91.863114,24.940657,0 91.863218,24.940563,0 91.863310,24.940460,0 91.863391,24.940350,0 91.863426,24.940291,0 91.863444,24.940263,0 91.863479,24.940262,0 91.865562,24.940262,0 91.865597,24.940263,0 91.865599,24.940295,0 91.865599,24.940767,0 91.865597,24.940800,0 91.865594,24.940805,0 91.865593,24.940806,0 91.865481,24.940801,0 91.865166,24.940801,0 91.865027,24.940807,0 91.864890,24.940824,0 91.864755,24.940853,0 91.864624,24.940894,0 91.864498,24.940945,0 91.864377,24.941007,0 91.864263,24.941079,0 91.864157,24.941160,0 91.864060,24.941250,0 91.863988,24.941331,0 91.863980,24.941338,0 91.863958,24.941354,0 91.863884,24.941399,0 91.863771,24.941483,0 91.863668,24.941577,0 91.863575,24.941680,0 91.863494,24.941791,0 91.863460,24.941849,0 91.863441,24.941878,0 91.863441,24.941878,0 91.863360,24.941989,0 91.863291,24.942106,0 91.863235,24.942229,0 91.863193,24.942356,0 91.863164,24.942486,0 91.863150,24.942619,0 91.863150,24.942752,0 91.863164,24.942884,0 91.863193,24.943014,0 91.863235,24.943141,0 91.863291,24.943264,0 91.863360,24.943382,0 91.863441,24.943492,0 91.863533,24.943595,0 91.863636,24.943689,0 91.863749,24.943773,0 91.863870,24.943847,0 91.863999,24.943910,0 91.864133,24.943960,0 91.864273,24.943999,0 91.864416,24.944025,0 91.864480,24.944031,0 91.864520,24.944036,0 91.864563,24.944055,0 91.864698,24.944105,0 91.864838,24.944144,0 91.864981,24.944170,0 91.865126,24.944183,0 91.865272,24.944183,0 91.865418,24.944170,0 91.865561,24.944143,0 91.865701,24.944105,0 91.865836,24.944053,0 91.865965,24.943990,0 91.866086,24.943916,0 91.866199,24.943831,0 91.866302,24.943737,0 91.866394,24.943633,0 91.866475,24.943522,0 91.866543,24.943405,0 91.866599,24.943281,0 91.866640,24.943154,0 91.866668,24.943023,0 91.866679,24.942956,0 91.866681,24.942953,0 91.866682,24.942951,0 91.866794,24.942957,0 91.867179,24.942957,0 91.867214,24.942958,0 91.867216,24.942990,0 91.867216,24.943462,0 91.867214,24.943495,0 91.867204,24.943556,0 91.867202,24.943566,0 91.867187,24.943699,0 91.867187,24.943832,0 91.867202,24.943964,0 91.867230,24.944094,0 91.867231,24.944096,0 91.867273,24.944223,0 91.867329,24.944346,0 91.867397,24.944463,0 91.867478,24.944574,0 91.867571,24.944676,0 91.867674,24.944770,0 91.867787,24.944855,0 91.867908,24.944928,0 91.867969,24.944958,0 91.867858,24.944927,0 91.867715,24.944902,0 91.867570,24.944889,0 91.867424,24.944889,0 91.867279,24.944902,0 91.867136,24.944927,0 91.866997,24.944966,0 91.866862,24.945017,0 91.866733,24.945080,0 91.866676,24.945111,0 91.866652,24.945119,0 91.866561,24.945144,0 91.866426,24.945195,0 91.866298,24.945258,0 91.866176,24.945331,0 91.866064,24.945416,0 91.865961,24.945510,0 91.865868,24.945612,0 91.865787,24.945723,0 91.865718,24.945840,0 91.865663,24.945963,0 91.865620,24.946090,0 91.865605,24.946160,0 91.865597,24.946189,0 91.865562,24.946191,0 91.864900,24.946191,0 91.864758,24.946197,0 91.864618,24.946215,0 91.864480,24.946246,0 91.864346,24.946288,0 91.864218,24.946342,0 91.864095,24.946407,0 91.863980,24.946482,0 91.863873,24.946567,0 91.863775,24.946660,0 91.863688,24.946762,0 91.863611,24.946871,0 91.863547,24.946986,0 91.863495,24.947106,0 91.863455,24.947230,0 91.863429,24.947357,0 91.863416,24.947486,0 91.863416,24.947615,0 91.863430,24.947744,0 91.863436,24.947777,0 91.863464,24.947908,0 91.863507,24.948035,0 91.863563,24.948158,0 91.863631,24.948275,0 91.863712,24.948386,0 91.863805,24.948488,0 91.863908,24.948582,0 91.864021,24.948667,0 91.864142,24.948741,0 91.864270,24.948803,0 91.864405,24.948854,0 91.864496,24.948879,0 91.864520,24.948887,0 91.864529,24.948896,0 91.864609,24.948985,0 91.864719,24.949083,0 91.864839,24.949171,0 91.864969,24.949247,0 91.865106,24.949310,0 91.865250,24.949360,0 91.865399,24.949395,0 91.865551,24.949417,0 91.865705,24.949424,0 91.866101,24.949424,0 91.866137,24.949426,0 91.866173,24.949441,0 91.866311,24.949493,0 91.866454,24.949532,0 91.866601,24.949558,0 91.866750,24.949570,0 91.866899,24.949569,0 91.867048,24.949554,0 91.867194,24.949525,0 91.867336,24.949483,0 91.867473,24.949428,0 91.867603,24.949361,0 91.867725,24.949283,0 91.867838,24.949193,0 91.867940,24.949094,0 91.868031,24.948986,0 91.868109,24.948870,0 91.868175,24.948748,0 91.868226,24.948620,0 91.868264,24.948488,0 91.868286,24.948353,0 91.868294,24.948217,0 91.868294,24.947841,0 91.868295,24.947809,0 91.868357,24.947782,0 91.868363,24.947780,0 91.868492,24.947717,0 91.868613,24.947643,0 91.868726,24.947559,0 91.868829,24.947465,0 91.868921,24.947362,0 91.869002,24.947251,0 91.869071,24.947134,0 91.869127,24.947011,0 91.869169,24.946884,0 91.869198,24.946754,0 91.869212,24.946622,0 91.869212,24.946489,0 91.869198,24.946356,0 91.869169,24.946226,0 91.869127,24.946099,0 91.869071,24.945976,0 91.869002,24.945859,0 91.868921,24.945748,0 91.868838,24.945656,0 91.868834,24.945651,0 91.868827,24.945640,0 91.868771,24.945545,0 91.868690,24.945435,0 91.868598,24.945332,0 91.868495,24.945238,0 91.868382,24.945153,0 91.868261,24.945080,0 91.868200,24.945050,0 91.868311,24.945081,0 91.868454,24.945106,0 91.868599,24.945120,0 91.868744,24.945120,0 91.868775,24.945117,0 91.868869,24.945113,0 91.868964,24.945113,0 91.869110,24.945106,0 91.869254,24.945087,0 91.869395,24.945054,0 91.869532,24.945009,0 91.869664,24.944953,0 91.869789,24.944884,0 91.869906,24.944805,0 91.870014,24.944716,0 91.870112,24.944617,0 91.870199,24.944511,0 91.870274,24.944397,0 91.870336,24.944276,0 91.870386,24.944151,0 91.870421,24.944022,0 91.870442,24.943891,0 91.870449,24.943758,0 91.870449,24.943529,0 91.870451,24.943496,0 91.870462,24.943487,0 91.870551,24.943421,0 91.870654,24.943327,0 91.870746,24.943224,0 91.870827,24.943114,0 91.870896,24.942997,0 91.870943,24.942893,0 91.870986,24.942953,0 91.871079,24.943056,0 91.871182,24.943150,0 91.871295,24.943234,0 91.871416,24.943308,0 91.871545,24.943371,0 91.871679,24.943421,0 91.871819,24.943460,0 91.871962,24.943486,0 91.872026,24.943492,0 91.872065,24.943497,0 91.872066,24.943529,0 91.872066,24.943758,0 91.872074,24.943891,0 91.872095,24.944022,0 91.872130,24.944151,0 91.872180,24.944276,0 91.872242,24.944397,0 91.872317,24.944511,0 91.872404,24.944617,0 91.872502,24.944716,0 91.872610,24.944805,0 91.872727,24.944884,0 91.872852,24.944953,0 91.872984,24.945009,0 91.873121,24.945054,0 91.873262,24.945087,0 91.873406,24.945106,0 91.873552,24.945113,0 91.873577,24.945113,0 91.873731,24.945105,0 91.873883,24.945084,0 91.874032,24.945048,0 91.874176,24.944998,0 91.874313,24.944935,0 91.874443,24.944859,0 91.874563,24.944772,0 91.874673,24.944673,0 91.874753,24.944585,0 91.874762,24.944575,0 91.874798,24.944574,0 91.875803,24.944574,0 91.875838,24.944575,0 91.875839,24.944607,0 91.875839,24.945406,0 91.875847,24.945542,0 91.875869,24.945676,0 91.875906,24.945807,0 91.875957,24.945934,0 91.876022,24.946056,0 91.876100,24.946172,0 91.876190,24.946280,0 91.876291,24.946379,0 91.876366,24.946439,0 91.876306,24.946484,0 91.876203,24.946578,0 91.876111,24.946681,0 91.876030,24.946791,0 91.875961,24.946909,0 91.875905,24.947031,0 91.875863,24.947159,0 91.875843,24.947248,0 91.875838,24.947267,0 91.875803,24.947269,0 91.875337,24.947269,0 91.875301,24.947267,0 91.875249,24.947260,0 91.875104,24.947247,0 91.874958,24.947247,0 91.874813,24.947260,0 91.874761,24.947267,0 91.874725,24.947269,0 91.874259,24.947269,0 91.874223,24.947267,0 91.874166,24.947236,0 91.874037,24.947173,0 91.873902,24.947122,0 91.873763,24.947083,0 91.873620,24.947058,0 91.873475,24.947045,0 91.873329,24.947045,0 91.873184,24.947058,0 91.873041,24.947083,0 91.872901,24.947122,0 91.872767,24.947173,0 91.872638,24.947236,0 91.872517,24.947309,0 91.872404,24.947394,0 91.872301,24.947488,0 91.872209,24.947590,0 91.872128,24.947701,0 91.872072,24.947796,0 91.872065,24.947806,0 91.872026,24.947811,0 91.871962,24.947817,0 91.871819,24.947843,0 91.871679,24.947882,0 91.871545,24.947932,0 91.871416,24.947995,0 91.871295,24.948069,0 91.871182,24.948153,0 91.871079,24.948247,0 91.870986,24.948350,0 91.870905,24.948461,0 91.870837,24.948578,0 91.870781,24.948701,0 91.870739,24.948828,0 91.870710,24.948958,0 91.870696,24.949090,0 91.870696,24.949223,0 91.870710,24.949356,0 91.870739,24.949486,0 91.870781,24.949613,0 91.870837,24.949736,0 91.870905,24.949853,0 91.870986,24.949964,0 91.870987,24.949964,0 91.870988,24.949997,0 91.870988,24.950279,0 91.870996,24.950417,0 91.871019,24.950553,0 91.871057,24.950687,0 91.871110,24.950816,0 91.871177,24.950940,0 91.871258,24.951057,0 91.871351,24.951166,0 91.871456,24.951265,0 91.871571,24.951354,0 91.871696,24.951433,0 91.871829,24.951499,0 91.871968,24.951552,0 91.872016,24.951566,0 91.872065,24.951582,0 91.872075,24.951591,0 91.872155,24.951680,0 91.872265,24.951778,0 91.872385,24.951866,0 91.872515,24.951942,0 91.872652,24.952005,0 91.872796,24.952054,0 91.872945,24.952090,0 91.873097,24.952112,0 91.873251,24.952119,0 91.873308,24.952119,0 91.873459,24.952112,0 91.873609,24.952091,0 91.873755,24.952057,0 91.873897,24.952008,0 91.874033,24.951947,0 91.874161,24.951874,0 91.874280,24.951789,0 91.874389,24.951693,0 91.874487,24.951588,0 91.874573,24.951474,0 91.874646,24.951353,0 91.874705,24.951226,0 91.874749,24.951094,0 91.874763,24.951043,0 91.874798,24.951041,0 91.875264,24.951041,0 91.875299,24.951043,0 91.875338,24.951090,0 91.875430,24.951193,0 91.875533,24.951287,0 91.875646,24.951371,0 91.875767,24.951445,0 91.875896,24.951508,0 91.876030,24.951558,0 91.876170,24.951597,0 91.876313,24.951623,0 91.876458,24.951636,0 91.876604,24.951636,0 91.876749,24.951623,0 91.876892,24.951597,0 91.877031,24.951558,0 91.877166,24.951508,0 91.877295,24.951445,0 91.877416,24.951371,0 91.877529,24.951287,0 91.877632,24.951193,0 91.877724,24.951090,0 91.877805,24.950979,0 91.877874,24.950862,0 91.877930,24.950739,0 91.877972,24.950612,0 91.877991,24.950523,0 91.877997,24.950504,0 91.878020,24.950496,0 91.878111,24.950471,0 91.878246,24.950420,0 91.878374,24.950357,0 91.878495,24.950284,0 91.878608,24.950199,0 91.878711,24.950105,0 91.878804,24.950003,0 91.878885,24.949892,0 91.878953,24.949775,0 91.879009,24.949652,0 91.879052,24.949525,0 91.879067,24.949455,0 91.879075,24.949426,0 91.879091,24.949424,0 91.879125,24.949418,0 91.879126,24.949418,0 91.879274,24.949424,0 91.879576,24.949424,0 91.879612,24.949426,0 91.879654,24.949444,0 91.879789,24.949495,0 91.879929,24.949534,0 91.880073,24.949560,0 91.880218,24.949573,0 91.880364,24.949573,0 91.880509,24.949559,0 91.880653,24.949533,0 91.880793,24.949494,0 91.880927,24.949443,0 91.881056,24.949380,0 91.881177,24.949306,0 91.881290,24.949221,0 91.881393,24.949127,0 91.881486,24.949023,0 91.881566,24.948912,0 91.881635,24.948795,0 91.881690,24.948671,0 91.881732,24.948544,0 91.881760,24.948413,0 91.881770,24.948347,0 91.881792,24.948333,0 91.881866,24.948287,0 91.881979,24.948203,0 91.882082,24.948109,0 91.882175,24.948006,0 91.882256,24.947896,0 91.882290,24.947837,0 91.882308,24.947809,0 91.882344,24.947807,0 91.882810,24.947807,0 91.882846,24.947809,0 91.882888,24.947827,0 91.883023,24.947878,0 91.883163,24.947917,0 91.883306,24.947943,0 91.883452,24.947956,0 91.883598,24.947956,0 91.883743,24.947943,0 91.883887,24.947916,0 91.884027,24.947877,0 91.884161,24.947826,0 91.884290,24.947763,0 91.884411,24.947689,0 91.884524,24.947604,0 91.884627,24.947510,0 91.884720,24.947406,0 91.884800,24.947295,0 91.884869,24.947178,0 91.884924,24.947054,0 91.884966,24.946927,0 91.884994,24.946796,0 91.885004,24.946730,0 91.885015,24.946721,0 91.885103,24.946655,0 91.885206,24.946561,0 91.885299,24.946458,0 91.885380,24.946348,0 91.885449,24.946231,0 91.885504,24.946108,0 91.885547,24.945981,0 91.885575,24.945850,0 91.885589,24.945718,0 91.885589,24.945585,0 91.885575,24.945453,0 91.885547,24.945322,0 91.885504,24.945195,0 91.885449,24.945072,0 91.885380,24.944955,0 91.885299,24.944845,0 91.885206,24.944742,0 91.885103,24.944648,0 91.885015,24.944582,0 91.885004,24.944573,0 91.885002,24.944540,0 91.885002,24.944539,0 91.884996,24.944414,0 91.884977,24.944289,0 91.884945,24.944167,0 91.884901,24.944048,0 91.884845,24.943933,0 91.884778,24.943824,0 91.884700,24.943720,0 91.884612,24.943624,0 91.884514,24.943536,0 91.884464,24.943494,0 91.884457,24.943486,0 91.884385,24.943406,0 91.884288,24.943316,0 91.884182,24.943235,0 91.884068,24.943163,0 91.883947,24.943101,0 91.883821,24.943050,0 91.883689,24.943009,0 91.883555,24.942980,0 91.883418,24.942962,0 91.883279,24.942957,0 91.881805,24.942957,0 91.881770,24.942955,0 91.881768,24.942923,0 91.881768,24.942451,0 91.881770,24.942419,0 91.881805,24.942418,0 91.883349,24.942418,0 91.883385,24.942419,0 91.883437,24.942426,0 91.883582,24.942439,0 91.883728,24.942439,0 91.883873,24.942426,0 91.883924,24.942419,0 91.883961,24.942418,0 91.884966,24.942418,0 91.885001,24.942419,0 91.885019,24.942447,0 91.885054,24.942506,0 91.885135,24.942616,0 91.885227,24.942719,0 91.885330,24.942813,0 91.885443,24.942897,0 91.885518,24.942943,0 91.885540,24.942958,0 91.885558,24.942986,0 91.885593,24.943045,0 91.885674,24.943155,0 91.885766,24.943258,0 91.885869,24.943352,0 91.885982,24.943436,0 91.886057,24.943482,0 91.886079,24.943497,0 91.886087,24.943526,0 91.886102,24.943596,0 91.886144,24.943723,0 91.886200,24.943846,0 91.886269,24.943963,0 91.886350,24.944074,0 91.886442,24.944176,0 91.886545,24.944270,0 91.886658,24.944355,0 91.886779,24.944429,0 91.886908,24.944491,0 91.887043,24.944542,0 91.887134,24.944567,0 91.887156,24.944575,0 91.887158,24.944607,0 91.887158,24.944608,0 91.887166,24.944749,0 91.887190,24.944888,0 91.887230,24.945025,0 91.887286,24.945157,0 91.887356,24.945283,0 91.887440,24.945401,0 91.887537,24.945511,0 91.887646,24.945612,0 91.887696,24.945652,0 91.887704,24.945682,0 91.887719,24.945752,0 91.887761,24.945879,0 91.887817,24.946002,0 91.887886,24.946119,0 91.887967,24.946230,0 91.888059,24.946332,0 91.888162,24.946426,0 91.888275,24.946511,0 91.888396,24.946585,0 91.888525,24.946647,0 91.888659,24.946698,0 91.888751,24.946723,0 91.888774,24.946731,0 91.888792,24.946759,0 91.888827,24.946818,0 91.888908,24.946928,0 91.889000,24.947031,0 91.889103,24.947125,0 91.889216,24.947209,0 91.889291,24.947255,0 91.889313,24.947270,0 91.889317,24.947274,0 91.889401,24.947368,0 91.889504,24.947462,0 91.889617,24.947546,0 91.889738,24.947620,0 91.889867,24.947682,0 91.890002,24.947733,0 91.890141,24.947772,0 91.890284,24.947798,0 91.890355,24.947804,0 91.890391,24.947809,0 91.890399,24.947838,0 91.890414,24.947908,0 91.890456,24.948035,0 91.890512,24.948158,0 91.890581,24.948275,0 91.890662,24.948386,0 91.890754,24.948488,0 91.890857,24.948582,0 91.890970,24.948667,0 91.891091,24.948741,0 91.891220,24.948803,0 91.891354,24.948854,0 91.891446,24.948879,0 91.891468,24.948887,0 91.891470,24.948919,0 91.891470,24.949391,0 91.891468,24.949424,0 91.891465,24.949429,0 91.891390,24.949532,0 91.891320,24.949652,0 91.891263,24.949778,0 91.891221,24.949909,0 91.891194,24.950042,0 91.891181,24.950178,0 91.891183,24.950314,0 91.891200,24.950449,0 91.891232,24.950581,0 91.891278,24.950711,0 91.891338,24.950835,0 91.891412,24.950953,0 91.891498,24.951064,0 91.891596,24.951166,0 91.891705,24.951259,0 91.891824,24.951342,0 91.891951,24.951413,0 91.892085,24.951473,0 91.892225,24.951519,0 91.892369,24.951553,0 91.892517,24.951574,0 91.892665,24.951580,0 91.893051,24.951580,0 91.893087,24.951582,0 91.893126,24.951595,0 91.893265,24.951633,0 91.893408,24.951659,0 91.893553,24.951672,0 91.893699,24.951672,0 91.893844,24.951659,0 91.893987,24.951633,0 91.894127,24.951595,0 91.894165,24.951582,0 91.894201,24.951580,0 91.895207,24.951580,0 91.895241,24.951582,0 91.895243,24.951614,0 91.895243,24.952086,0 91.895241,24.952119,0 91.895241,24.952121,0 91.895200,24.952244,0 91.895171,24.952375,0 91.895157,24.952507,0 91.895157,24.952640,0 91.895171,24.952772,0 91.895200,24.952903,0 91.895242,24.953030,0 91.895298,24.953153,0 91.895367,24.953270,0 91.895448,24.953380,0 91.895540,24.953483,0 91.895643,24.953577,0 91.895756,24.953661,0 91.895877,24.953735,0 91.896006,24.953798,0 91.896140,24.953849,0 91.896280,24.953887,0 91.896423,24.953913,0 91.896568,24.953926,0 91.896714,24.953926,0 91.896859,24.953913,0 91.897002,24.953887,0 91.897141,24.953849,0 91.897276,24.953798,0 91.897395,24.953740,0 91.897399,24.953738,0 91.897435,24.953736,0 91.898440,24.953736,0 91.898476,24.953738,0 91.898494,24.953765,0 91.898529,24.953825,0 91.898610,24.953935,0 91.898702,24.954038,0 91.898805,24.954132,0 91.898918,24.954216,0 91.898992,24.954261,0 91.899015,24.954277,0 91.899024,24.954286,0 91.899105,24.954375,0 91.899214,24.954473,0 91.899335,24.954561,0 91.899464,24.954637,0 91.899602,24.954700,0 91.899746,24.954749,0 91.899894,24.954785,0 91.900046,24.954807,0 91.900200,24.954814,0 91.900596,24.954814,0 91.900632,24.954816,0 91.900650,24.954843,0 91.900685,24.954902,0 91.900766,24.955013,0 91.900858,24.955116,0 91.900961,24.955210,0 91.901074,24.955294,0 91.901148,24.955339,0 91.901171,24.955355,0 91.901175,24.955359,0 91.901259,24.955452,0 91.901362,24.955546,0 91.901475,24.955631,0 91.901596,24.955705,0 91.901725,24.955767,0 91.901859,24.955818,0 91.901999,24.955857,0 91.902142,24.955883,0 91.902287,24.955896,0 91.902307,24.955897,0 91.902338,24.955899,0 91.902484,24.955899,0 91.902629,24.955886,0 91.902772,24.955860,0 91.902911,24.955822,0 91.903046,24.955771,0 91.903174,24.955708,0 91.903296,24.955634,0 91.903408,24.955550,0 91.903512,24.955456,0 91.903604,24.955353,0 91.903685,24.955243,0 91.903754,24.955126,0 91.903810,24.955003,0 91.903852,24.954876,0 91.903852,24.954874,0 91.903881,24.954742,0 91.903895,24.954609,0 91.903895,24.954475,0 91.903880,24.954341,0 91.903868,24.954273,0 91.903867,24.954242,0 91.903867,24.953770,0 91.903869,24.953737,0 91.903879,24.953673,0 91.903893,24.953544,0 91.903894,24.953415,0 91.903881,24.953286,0 91.903854,24.953159,0 91.903850,24.953145,0 91.903900,24.953160,0 91.904048,24.953187,0 91.904197,24.953201,0 91.904347,24.953202,0 91.904442,24.953197,0 91.904908,24.953197,0 91.904943,24.953199,0 91.904945,24.953231,0 91.904945,24.953703,0 91.904943,24.953736,0 91.904943,24.953738,0 91.904901,24.953861,0 91.904873,24.953992,0 91.904859,24.954124,0 91.904859,24.954257,0 91.904873,24.954389,0 91.904901,24.954519,0 91.904944,24.954647,0 91.905000,24.954769,0 91.905068,24.954887,0 91.905149,24.954997,0 91.905242,24.955100,0 91.905345,24.955194,0 91.905432,24.955259,0 91.905313,24.955281,0 91.905174,24.955319,0 91.905039,24.955370,0 91.904910,24.955433,0 91.904789,24.955507,0 91.904676,24.955591,0 91.904573,24.955685,0 91.904481,24.955788,0 91.904409,24.955885,0 91.904404,24.955891,0 91.904353,24.955934,0 91.904250,24.956028,0 91.904157,24.956130,0 91.904076,24.956241,0 91.904008,24.956358,0 91.903952,24.956481,0 91.903910,24.956608,0 91.903881,24.956739,0 91.903867,24.956871,0 91.903867,24.956970,0 91.903867,24.956970,0 91.903867,24.957005,0 91.903868,24.957024,0 91.903869,24.957037,0 91.903869,24.957037,0 91.903875,24.957146,0 91.903899,24.957285,0 91.903939,24.957422,0 91.903994,24.957554,0 91.904064,24.957680,0 91.904148,24.957798,0 91.904246,24.957908,0 91.904355,24.958008,0 91.904404,24.958049,0 91.904422,24.958071,0 91.904516,24.958175,0 91.904622,24.958271,0 91.904737,24.958356,0 91.904861,24.958431,0 91.904993,24.958494,0 91.905131,24.958544,0 91.905274,24.958582,0 91.905420,24.958606,0 91.905568,24.958617,0 91.905717,24.958615,0 91.905865,24.958599,0 91.906010,24.958569,0 91.906151,24.958527,0 91.906287,24.958472,0 91.906416,24.958404,0 91.906537,24.958326,0 91.906649,24.958236,0 91.906750,24.958137,0 91.906841,24.958029,0 91.906918,24.957914,0 91.906983,24.957792,0 91.907034,24.957664,0 91.907071,24.957533,0 91.907093,24.957399,0 91.907101,24.957264,0 91.907101,24.957004,0 91.907103,24.956971,0 91.907115,24.956924,0 91.907144,24.956793,0 91.907158,24.956661,0 91.907158,24.956528,0 91.907144,24.956396,0 91.907115,24.956265,0 91.907073,24.956138,0 91.907017,24.956015,0 91.906949,24.955898,0 91.906868,24.955788,0 91.906775,24.955685,0 91.906672,24.955591,0 91.906585,24.955526,0 91.906704,24.955504,0 91.906843,24.955466,0 91.906978,24.955415,0 91.907096,24.955357,0 91.907101,24.955355,0 91.907137,24.955353,0 91.907603,24.955353,0 91.907638,24.955355,0 91.907640,24.955387,0 91.907640,24.955859,0 91.907638,24.955892,0 91.907628,24.955951,0 91.907625,24.955965,0 91.907611,24.956097,0 91.907611,24.956230,0 91.907625,24.956362,0 91.907654,24.956493,0 91.907696,24.956620,0 91.907752,24.956743,0 91.907821,24.956860,0 91.907902,24.956970,0 91.907994,24.957073,0 91.908097,24.957167,0 91.908210,24.957251,0 91.908331,24.957325,0 91.908460,24.957388,0 91.908594,24.957439,0 91.908734,24.957477,0 91.908877,24.957503,0 91.909022,24.957516,0 91.909168,24.957516,0 91.909200,24.957513,0 91.909293,24.957509,0 91.910298,24.957509,0 91.910334,24.957511,0 91.910370,24.957526,0 91.910508,24.957578,0 91.910651,24.957617,0 91.910798,24.957643,0 91.910947,24.957655,0 91.911096,24.957654,0 91.911245,24.957639,0 91.911391,24.957610,0 91.911533,24.957568,0 91.911670,24.957513,0 91.911800,24.957446,0 91.911922,24.957368,0 91.912035,24.957278,0 91.912137,24.957179,0 91.912228,24.957071,0 91.912307,24.956955,0 91.912372,24.956832,0 91.912423,24.956704,0 91.912461,24.956573,0 91.912483,24.956438,0 91.912491,24.956302,0 91.912491,24.955926,0 91.912492,24.955894,0 91.912527,24.955892,0 91.914071,24.955892,0 91.914107,24.955894,0 91.914164,24.955925,0 91.914293,24.955988,0 91.914428,24.956039,0 91.914567,24.956077,0 91.914710,24.956103,0 91.914855,24.956116,0 91.915001,24.956116,0 91.915146,24.956103,0 91.915289,24.956077,0 91.915429,24.956039,0 91.915563,24.955988,0 91.915692,24.955925,0 91.915813,24.955851,0 91.915926,24.955767,0 91.916029,24.955673,0 91.916121,24.955570,0 91.916202,24.955460,0 91.916258,24.955365,0 91.916265,24.955355,0 91.916300,24.955353,0 91.916766,24.955353,0 91.916801,24.955355,0 91.916803,24.955387,0 91.916803,24.955859,0 91.916801,24.955892,0 91.916791,24.955951,0 91.916788,24.955965,0 91.916774,24.956097,0 91.916774,24.956230,0 91.916788,24.956362,0 91.916817,24.956493,0 91.916859,24.956620,0 91.916915,24.956743,0 91.916983,24.956860,0 91.917064,24.956970,0 91.917157,24.957073,0 91.917260,24.957167,0 91.917373,24.957251,0 91.917494,24.957325,0 91.917623,24.957388,0 91.917757,24.957439,0 91.917897,24.957477,0 91.918040,24.957503,0 91.918185,24.957516,0 91.918331,24.957516,0 91.918363,24.957513,0 91.918456,24.957509,0 91.918922,24.957509,0 91.918957,24.957511,0 91.918959,24.957543,0 91.918959,24.958850,0 91.918966,24.958983,0 91.918987,24.959114,0 91.919023,24.959243,0 91.919072,24.959368,0 91.919134,24.959488,0 91.919209,24.959602,0 91.919296,24.959709,0 91.919394,24.959808,0 91.919502,24.959897,0 91.919619,24.959976,0 91.919744,24.960044,0 91.919876,24.960101,0 91.920013,24.960146,0 91.920154,24.960178,0 91.920299,24.960198,0 91.920444,24.960204,0 91.920539,24.960204,0 91.920574,24.960206,0 91.920575,24.960237,0 91.920575,24.960710,0 91.920574,24.960742,0 91.920539,24.960743,0 91.919534,24.960743,0 91.919498,24.960742,0 91.919459,24.960729,0 91.919320,24.960690,0 91.919177,24.960664,0 91.919031,24.960651,0 91.918886,24.960651,0 91.918741,24.960664,0 91.918598,24.960690,0 91.918458,24.960729,0 91.918419,24.960742,0 91.918383,24.960743,0 91.917917,24.960743,0 91.917881,24.960742,0 91.917836,24.960717,0 91.917707,24.960654,0 91.917573,24.960603,0 91.917433,24.960565,0 91.917290,24.960539,0 91.917145,24.960526,0 91.916999,24.960526,0 91.916854,24.960539,0 91.916711,24.960565,0 91.916572,24.960603,0 91.916437,24.960654,0 91.916308,24.960717,0 91.916287,24.960729,0 91.916166,24.960802,0 91.916053,24.960887,0 91.915950,24.960981,0 91.915857,24.961084,0 91.915776,24.961194,0 91.915742,24.961253,0 91.915723,24.961281,0 91.915661,24.961308,0 91.915655,24.961310,0 91.915526,24.961373,0 91.915405,24.961447,0 91.915332,24.961501,0 91.915269,24.961392,0 91.915188,24.961282,0 91.915187,24.961281,0 91.915169,24.961253,0 91.915134,24.961194,0 91.915053,24.961084,0 91.914960,24.960981,0 91.914857,24.960887,0 91.914745,24.960802,0 91.914670,24.960757,0 91.914648,24.960742,0 91.914624,24.960722,0 91.914566,24.960670,0 91.914454,24.960586,0 91.914332,24.960512,0 91.914204,24.960449,0 91.914069,24.960398,0 91.913930,24.960360,0 91.913787,24.960334,0 91.913642,24.960321,0 91.913496,24.960321,0 91.913351,24.960334,0 91.913208,24.960360,0 91.913068,24.960398,0 91.912933,24.960449,0 91.912805,24.960512,0 91.912684,24.960586,0 91.912571,24.960670,0 91.912513,24.960722,0 91.912490,24.960742,0 91.912422,24.960751,0 91.912279,24.960777,0 91.912139,24.960815,0 91.912005,24.960866,0 91.911876,24.960929,0 91.911755,24.961003,0 91.911642,24.961087,0 91.911539,24.961181,0 91.911446,24.961284,0 91.911365,24.961394,0 91.911297,24.961512,0 91.911241,24.961634,0 91.911199,24.961762,0 91.911170,24.961892,0 91.911156,24.962024,0 91.911156,24.962157,0 91.911170,24.962289,0 91.911199,24.962420,0 91.911241,24.962547,0 91.911297,24.962670,0 91.911365,24.962787,0 91.911446,24.962898,0 91.911539,24.963000,0 91.911642,24.963094,0 91.911755,24.963179,0 91.911876,24.963252,0 91.912005,24.963315,0 91.912139,24.963366,0 91.912279,24.963405,0 91.912422,24.963431,0 91.912490,24.963440,0 91.912535,24.963464,0 91.912664,24.963527,0 91.912799,24.963578,0 91.912938,24.963617,0 91.913081,24.963643,0 91.913226,24.963656,0 91.913372,24.963656,0 91.913517,24.963643,0 91.913660,24.963617,0 91.913800,24.963578,0 91.913934,24.963527,0 91.914063,24.963464,0 91.914108,24.963440,0 91.914148,24.963434,0 91.914212,24.963429,0 91.914355,24.963403,0 91.914495,24.963364,0 91.914629,24.963313,0 91.914758,24.963251,0 91.914879,24.963177,0 91.914952,24.963122,0 91.915016,24.963231,0 91.915097,24.963341,0 91.915180,24.963434,0 91.915184,24.963439,0 91.915198,24.963491,0 91.915242,24.963623,0 91.915301,24.963750,0 91.915374,24.963871,0 91.915460,24.963985,0 91.915558,24.964090,0 91.915667,24.964186,0 91.915786,24.964271,0 91.915914,24.964344,0 91.916050,24.964405,0 91.916192,24.964453,0 91.916339,24.964488,0 91.916488,24.964509,0 91.916640,24.964516,0 91.916766,24.964516,0 91.916801,24.964518,0 91.916809,24.964546,0 91.916824,24.964617,0 91.916867,24.964744,0 91.916922,24.964867,0 91.916991,24.964984,0 91.917072,24.965094,0 91.917165,24.965197,0 91.917268,24.965291,0 91.917381,24.965375,0 91.917502,24.965449,0 91.917630,24.965512,0 91.917765,24.965563,0 91.917856,24.965588,0 91.917880,24.965596,0 91.917915,24.965611,0 91.918054,24.965663,0 91.918197,24.965702,0 91.918343,24.965728,0 91.918492,24.965740,0 91.918642,24.965738,0 91.918790,24.965723,0 91.918936,24.965695,0 91.919079,24.965653,0 91.919215,24.965598,0 91.919346,24.965531,0 91.919468,24.965452,0 91.919580,24.965363,0 91.919683,24.965264,0 91.919774,24.965156,0 91.919852,24.965040,0 91.919918,24.964917,0 91.919969,24.964789,0 91.920007,24.964657,0 91.920029,24.964523,0 91.920037,24.964387,0 91.920037,24.964010,0 91.920038,24.963979,0 91.920073,24.963977,0 91.922156,24.963977,0 91.922191,24.963979,0 91.922192,24.964010,0 91.922192,24.964483,0 91.922191,24.964515,0 91.922155,24.964520,0 91.922085,24.964526,0 91.921942,24.964552,0 91.921802,24.964590,0 91.921667,24.964641,0 91.921539,24.964704,0 91.921418,24.964778,0 91.921305,24.964862,0 91.921202,24.964956,0 91.921117,24.965050,0 91.921113,24.965054,0 91.921064,24.965095,0 91.920966,24.965184,0 91.920878,24.965280,0 91.920800,24.965383,0 91.920732,24.965493,0 91.920677,24.965608,0 91.920633,24.965727,0 91.920601,24.965849,0 91.920582,24.965973,0 91.920575,24.966099,0 91.920575,24.966100,0 91.920574,24.966132,0 91.920531,24.966161,0 91.920418,24.966246,0 91.920315,24.966340,0 91.920223,24.966442,0 91.920142,24.966553,0 91.920073,24.966670,0 91.920017,24.966793,0 91.919975,24.966920,0 91.919946,24.967050,0 91.919932,24.967183,0 91.919932,24.967316,0 91.919946,24.967448,0 91.919975,24.967578,0 91.920017,24.967705,0 91.920035,24.967750,0 91.920037,24.967783,0 91.920037,24.968256,0 91.920035,24.968288,0 91.919986,24.968329,0 91.919888,24.968418,0 91.919800,24.968514,0 91.919722,24.968617,0 91.919654,24.968727,0 91.919599,24.968842,0 91.919555,24.968961,0 91.919523,24.969083,0 91.919504,24.969207,0 91.919498,24.969333,0 91.919498,24.969334,0 91.919496,24.969367,0 91.919480,24.969408,0 91.919461,24.969450,0 91.919418,24.969577,0 91.919390,24.969707,0 91.919375,24.969840,0 91.919375,24.969973,0 91.919390,24.970105,0 91.919418,24.970235,0 91.919461,24.970362,0 91.919480,24.970405,0 91.919496,24.970445,0 91.919498,24.970478,0 91.919498,24.970854,0 91.919505,24.970990,0 91.919528,24.971125,0 91.919565,24.971257,0 91.919616,24.971385,0 91.919656,24.971459,0 91.919539,24.971503,0 91.919497,24.971521,0 91.919461,24.971523,0 91.918995,24.971523,0 91.918900,24.971519,0 91.918759,24.971519,0 91.918618,24.971531,0 91.918479,24.971555,0 91.918343,24.971591,0 91.918212,24.971639,0 91.918086,24.971698,0 91.917967,24.971768,0 91.917855,24.971847,0 91.917753,24.971936,0 91.917660,24.972034,0 91.917578,24.972139,0 91.917507,24.972250,0 91.917448,24.972368,0 91.917402,24.972490,0 91.917368,24.972615,0 91.917348,24.972743,0 91.917342,24.972872,0 91.917342,24.972916,0 91.917349,24.973054,0 91.917372,24.973191,0 91.917411,24.973324,0 91.917463,24.973454,0 91.917530,24.973577,0 91.917611,24.973694,0 91.917704,24.973803,0 91.917809,24.973903,0 91.917924,24.973992,0 91.918049,24.974070,0 91.918182,24.974136,0 91.918322,24.974190,0 91.918369,24.974203,0 91.918418,24.974219,0 91.918451,24.974259,0 91.918543,24.974362,0 91.918646,24.974456,0 91.918759,24.974540,0 91.918880,24.974614,0 91.919009,24.974676,0 91.919143,24.974727,0 91.919283,24.974766,0 91.919426,24.974792,0 91.919571,24.974805,0 91.919717,24.974805,0 91.919862,24.974792,0 91.920005,24.974766,0 91.920037,24.974759,0 91.920073,24.974757,0 91.920199,24.974757,0 91.920351,24.974750,0 91.920500,24.974729,0 91.920647,24.974694,0 91.920789,24.974646,0 91.920925,24.974585,0 91.921053,24.974511,0 91.921172,24.974426,0 91.921281,24.974331,0 91.921379,24.974226,0 91.921465,24.974112,0 91.921538,24.973991,0 91.921597,24.973864,0 91.921641,24.973732,0 91.921655,24.973679,0 91.921671,24.973638,0 91.921690,24.973596,0 91.921733,24.973469,0 91.921761,24.973339,0 91.921776,24.973206,0 91.921776,24.973074,0 91.921761,24.972941,0 91.921733,24.972811,0 91.921690,24.972684,0 91.921671,24.972642,0 91.921655,24.972601,0 91.921646,24.972541,0 91.921644,24.972529,0 91.921616,24.972399,0 91.921573,24.972271,0 91.921518,24.972149,0 91.921502,24.972123,0 91.921619,24.972079,0 91.921654,24.972064,0 91.921661,24.972061,0 91.921786,24.972027,0 91.921921,24.971976,0 91.922050,24.971913,0 91.922171,24.971839,0 91.922284,24.971755,0 91.922387,24.971661,0 91.922479,24.971558,0 91.922560,24.971448,0 91.922629,24.971330,0 91.922685,24.971208,0 91.922727,24.971080,0 91.922755,24.970950,0 91.922770,24.970818,0 91.922770,24.970685,0 91.922755,24.970553,0 91.922737,24.970468,0 91.922733,24.970445,0 91.922731,24.970412,0 91.922731,24.969939,0 91.922733,24.969908,0 91.922768,24.969906,0 91.923234,24.969906,0 91.923269,24.969908,0 91.923276,24.969918,0 91.923332,24.970012,0 91.923413,24.970123,0 91.923505,24.970226,0 91.923608,24.970320,0 91.923721,24.970404,0 91.923842,24.970478,0 91.923971,24.970540,0 91.924105,24.970591,0 91.924245,24.970630,0 91.924388,24.970656,0 91.924533,24.970669,0 91.924679,24.970669,0 91.924824,24.970656,0 91.924967,24.970630,0 91.925107,24.970591,0 91.925241,24.970540,0 91.925370,24.970478,0 91.925427,24.970447,0 91.925463,24.970445,0 91.925929,24.970445,0 91.925964,24.970447,0 91.925965,24.970478,0 91.925965,24.970480,0 91.925973,24.970621,0 91.925998,24.970760,0 91.926038,24.970897,0 91.926093,24.971028,0 91.926163,24.971154,0 91.926247,24.971273,0 91.926344,24.971383,0 91.926453,24.971483,0 91.926503,24.971524,0 91.926504,24.971556,0 91.926504,24.971786,0 91.926512,24.971918,0 91.926533,24.972050,0 91.926568,24.972179,0 91.926617,24.972304,0 91.926680,24.972424,0 91.926755,24.972538,0 91.926842,24.972645,0 91.926940,24.972743,0 91.927048,24.972833,0 91.927165,24.972912,0 91.927290,24.972980,0 91.927422,24.973037,0 91.927559,24.973082,0 91.927700,24.973114,0 91.927845,24.973133,0 91.927990,24.973140,0 91.928554,24.973140,0 91.928708,24.973133,0 91.928860,24.973111,0 91.929009,24.973075,0 91.929152,24.973025,0 91.929290,24.972962,0 91.929420,24.972886,0 91.929540,24.972799,0 91.929650,24.972701,0 91.929730,24.972612,0 91.929739,24.972603,0 91.929775,24.972601,0 91.930241,24.972601,0 91.930276,24.972603,0 91.930294,24.972630,0 91.930329,24.972689,0 91.930410,24.972800,0 91.930503,24.972902,0 91.930606,24.972996,0 91.930718,24.973081,0 91.930840,24.973155,0 91.930861,24.973166,0 91.930989,24.973229,0 91.931124,24.973280,0 91.931264,24.973318,0 91.931407,24.973344,0 91.931552,24.973357,0 91.931698,24.973357,0 91.931843,24.973344,0 91.931986,24.973318,0 91.932125,24.973280,0 91.932260,24.973229,0 91.932389,24.973166,0 91.932434,24.973142,0 91.932470,24.973140,0 91.932936,24.973140,0 91.932971,24.973142,0 91.933003,24.973181,0 91.933096,24.973284,0 91.933199,24.973378,0 91.933312,24.973462,0 91.933433,24.973536,0 91.933561,24.973598,0 91.933696,24.973649,0 91.933836,24.973688,0 91.933979,24.973714,0 91.934124,24.973727,0 91.934270,24.973727,0 91.934415,24.973714,0 91.934558,24.973688,0 91.934589,24.973681,0 91.934626,24.973679,0 91.935092,24.973679,0 91.935126,24.973681,0 91.935128,24.973712,0 91.935128,24.974724,0 91.935126,24.974756,0 91.935126,24.974757,0 91.935045,24.974867,0 91.934976,24.974984,0 91.934921,24.975107,0 91.934878,24.975234,0 91.934850,24.975365,0 91.934836,24.975497,0 91.934836,24.975630,0 91.934850,24.975762,0 91.934878,24.975893,0 91.934921,24.976020,0 91.934976,24.976143,0 91.935045,24.976260,0 91.935126,24.976370,0 91.935219,24.976473,0 91.935322,24.976567,0 91.935435,24.976651,0 91.935556,24.976725,0 91.935684,24.976788,0 91.935819,24.976839,0 91.935959,24.976877,0 91.936102,24.976903,0 91.936166,24.976909,0 91.936205,24.976914,0 91.936223,24.976942,0 91.936258,24.977001,0 91.936339,24.977112,0 91.936431,24.977214,0 91.936535,24.977308,0 91.936647,24.977393,0 91.936721,24.977438,0 91.936744,24.977453,0 91.936761,24.977474,0 91.936766,24.977480,0 91.936752,24.977568,0 91.936745,24.977698,0 91.936745,24.978253,0 91.936752,24.978386,0 91.936774,24.978518,0 91.936809,24.978647,0 91.936858,24.978772,0 91.936921,24.978892,0 91.936996,24.979006,0 91.937082,24.979113,0 91.937180,24.979211,0 91.937288,24.979300,0 91.937406,24.979380,0 91.937531,24.979448,0 91.937663,24.979505,0 91.937800,24.979550,0 91.937941,24.979582,0 91.938086,24.979601,0 91.938231,24.979608,0 91.938326,24.979608,0 91.938362,24.979609,0 91.938397,24.979625,0 91.938535,24.979677,0 91.938678,24.979716,0 91.938825,24.979741,0 91.938974,24.979754,0 91.939123,24.979752,0 91.939272,24.979737,0 91.939418,24.979708,0 91.939560,24.979666,0 91.939697,24.979611,0 91.939827,24.979544,0 91.939949,24.979466,0 91.940062,24.979377,0 91.940164,24.979277,0 91.940255,24.979169,0 91.940334,24.979053,0 91.940399,24.978931,0 91.940451,24.978803,0 91.940488,24.978671,0 91.940511,24.978536,0 91.940518,24.978400,0 91.940518,24.978214,0 91.940511,24.978086,0 91.940492,24.977959,0 91.940459,24.977835,0 91.940413,24.977714,0 91.940355,24.977597,0 91.940285,24.977486,0 91.940204,24.977381,0 91.940112,24.977284,0 91.940011,24.977195,0 91.939900,24.977115,0 91.939783,24.977045,0 91.939658,24.976986,0 91.939528,24.976938,0 91.939484,24.976925,0 91.939441,24.976912,0 91.939425,24.976891,0 91.939419,24.976885,0 91.939433,24.976802,0 91.939440,24.976667,0 91.939440,24.976407,0 91.939442,24.976375,0 91.939464,24.976360,0 91.939538,24.976315,0 91.939651,24.976230,0 91.939754,24.976136,0 91.939846,24.976034,0 91.939927,24.975923,0 91.939962,24.975864,0 91.939980,24.975837,0 91.940016,24.975835,0 91.940677,24.975835,0 91.940827,24.975828,0 91.940976,24.975807,0 91.941121,24.975773,0 91.941262,24.975726,0 91.941397,24.975666,0 91.941524,24.975593,0 91.941643,24.975510,0 91.941752,24.975416,0 91.941850,24.975312,0 91.941936,24.975200,0 91.942009,24.975081,0 91.942069,24.974955,0 91.942115,24.974825,0 91.942145,24.974691,0 91.942161,24.974555,0 91.942162,24.974418,0 91.942147,24.974282,0 91.942137,24.974218,0 91.942135,24.974185,0 91.942135,24.973386,0 91.942128,24.973256,0 91.942114,24.973168,0 91.942120,24.973162,0 91.942136,24.973141,0 91.942160,24.973134,0 91.942250,24.973109,0 91.942385,24.973058,0 91.942514,24.972995,0 91.942635,24.972921,0 91.942748,24.972837,0 91.942851,24.972743,0 91.942943,24.972640,0 91.943024,24.972530,0 91.943093,24.972412,0 91.943149,24.972290,0 91.943191,24.972162,0 91.943207,24.972092,0 91.943214,24.972064,0 91.943250,24.972062,0 91.943883,24.972062,0 91.944029,24.972055,0 91.944173,24.972036,0 91.944314,24.972004,0 91.944452,24.971959,0 91.944584,24.971902,0 91.944709,24.971834,0 91.944826,24.971755,0 91.944934,24.971665,0 91.945032,24.971567,0 91.945119,24.971460,0 91.945194,24.971346,0 91.945256,24.971226,0 91.945305,24.971101,0 91.945340,24.970972,0 91.945362,24.970840,0 91.945369,24.970708,0 91.945369,24.970478,0 91.945371,24.970446,0 91.945393,24.970431,0 91.945467,24.970386,0 91.945580,24.970301,0 91.945683,24.970208,0 91.945775,24.970105,0 91.945856,24.969994,0 91.945891,24.969935,0 91.945909,24.969908,0 91.945944,24.969906,0 91.946410,24.969906,0 91.946446,24.969908,0 91.946450,24.969911,0 91.946534,24.970005,0 91.946637,24.970099,0 91.946750,24.970183,0 91.946871,24.970257,0 91.947000,24.970320,0 91.947135,24.970371,0 91.947274,24.970409,0 91.947417,24.970435,0 91.947562,24.970448,0 91.947583,24.970449,0 91.947733,24.970449,0 91.947883,24.970435,0 91.948030,24.970407,0 91.948174,24.970366,0 91.948312,24.970312,0 91.948443,24.970245,0 91.948567,24.970167,0 91.948681,24.970077,0 91.948784,24.969978,0 91.948876,24.969870,0 91.948956,24.969753,0 91.949022,24.969630,0 91.949074,24.969502,0 91.949112,24.969369,0 91.949134,24.969233,0 91.949142,24.969096,0 91.949142,24.968861,0 91.949144,24.968828,0 91.949147,24.968805,0 91.949166,24.968721,0 91.949180,24.968588,0 91.949180,24.968455,0 91.949166,24.968323,0 91.949137,24.968193,0 91.949095,24.968065,0 91.949039,24.967943,0 91.948971,24.967825,0 91.948890,24.967715,0 91.948797,24.967612,0 91.948694,24.967518,0 91.948581,24.967434,0 91.948460,24.967360,0 91.948331,24.967297,0 91.948197,24.967246,0 91.948072,24.967212,0 91.948066,24.967210,0 91.948064,24.967178,0 91.948064,24.966166,0 91.948066,24.966135,0 91.948100,24.966133,0 91.948566,24.966133,0 91.948602,24.966135,0 91.948620,24.966162,0 91.948655,24.966221,0 91.948736,24.966332,0 91.948828,24.966435,0 91.948931,24.966529,0 91.949044,24.966613,0 91.949118,24.966658,0 91.949140,24.966673,0 91.949142,24.966705,0 91.949142,24.966935,0 91.949149,24.967067,0 91.949170,24.967199,0 91.949206,24.967328,0 91.949255,24.967453,0 91.949317,24.967573,0 91.949392,24.967687,0 91.949479,24.967794,0 91.949577,24.967892,0 91.949685,24.967982,0 91.949802,24.968061,0 91.949927,24.968129,0 91.950059,24.968186,0 91.950196,24.968231,0 91.950338,24.968263,0 91.950482,24.968283,0 91.950628,24.968289,0 91.950722,24.968289,0 91.950757,24.968291,0 91.950774,24.968350,0 91.950816,24.968477,0 91.950872,24.968600,0 91.950941,24.968717,0 91.951022,24.968828,0 91.951114,24.968931,0 91.951217,24.969025,0 91.951330,24.969109,0 91.951451,24.969183,0 91.951580,24.969246,0 91.951715,24.969296,0 91.951854,24.969335,0 91.951997,24.969361,0 91.952142,24.969374,0 91.952288,24.969374,0 91.952318,24.969371,0 91.952412,24.969367,0 91.952878,24.969367,0 91.952915,24.969369,0 91.952966,24.969376,0 91.953111,24.969389,0 91.953257,24.969389,0 91.953402,24.969376,0 91.953454,24.969369,0 91.953490,24.969367,0 91.954495,24.969367,0 91.954531,24.969369,0 91.954567,24.969384,0 91.954705,24.969436,0 91.954848,24.969475,0 91.954995,24.969501,0 91.955144,24.969513,0 91.955293,24.969511,0 91.955442,24.969496,0 91.955588,24.969467,0 91.955730,24.969426,0 91.955867,24.969371,0 91.955997,24.969304,0 91.956119,24.969225,0 91.956232,24.969136,0 91.956334,24.969037,0 91.956425,24.968928,0 91.956504,24.968813,0 91.956569,24.968690,0 91.956621,24.968562,0 91.956658,24.968430,0 91.956680,24.968295,0 91.956688,24.968159,0 91.956688,24.967244,0 91.956690,24.967212,0 91.956715,24.967191,0 91.956774,24.967146,0 91.956878,24.967052,0 91.956971,24.966948,0 91.957052,24.966837,0 91.957121,24.966718,0 91.957177,24.966595,0 91.957219,24.966466,0 91.957247,24.966335,0 91.957260,24.966202,0 91.957259,24.966068,0 91.957244,24.965935,0 91.957214,24.965804,0 91.957170,24.965676,0 91.957113,24.965553,0 91.957042,24.965435,0 91.956960,24.965325,0 91.956865,24.965222,0 91.956760,24.965129,0 91.956646,24.965045,0 91.956613,24.965024,0 91.956612,24.965025,0 91.956553,24.964986,0 91.956428,24.964919,0 91.956296,24.964863,0 91.956158,24.964820,0 91.956017,24.964789,0 91.955873,24.964770,0 91.955727,24.964765,0 91.955582,24.964772,0 91.955438,24.964793,0 91.955377,24.964808,0 91.955337,24.964815,0 91.955305,24.964810,0 91.955221,24.964788,0 91.955171,24.964773,0 91.955020,24.964743,0 91.954975,24.964738,0 91.954870,24.964722,0 91.954838,24.964716,0 91.954692,24.964699,0 91.954628,24.964695,0 91.954553,24.964683,0 91.954553,24.964683,0 91.954446,24.964665,0 91.954296,24.964655,0 91.954145,24.964659,0 91.953995,24.964676,0 91.953848,24.964707,0 91.953835,24.964711,0 91.953718,24.964750,0 91.953664,24.964766,0 91.953617,24.964775,0 91.953591,24.964781,0 91.953535,24.964793,0 91.953512,24.964779,0 91.953488,24.964762,0 91.953477,24.964730,0 91.953470,24.964697,0 91.953475,24.964683,0 91.953518,24.964546,0 91.953545,24.964406,0 91.953556,24.964264,0 91.953550,24.964122,0 91.953543,24.964078,0 91.953537,24.964023,0 91.953538,24.964009,0 91.953541,24.963992,0 91.953550,24.963973,0 91.953585,24.963902,0 91.953611,24.963843,0 91.953649,24.963778,0 91.953665,24.963755,0 91.953734,24.963624,0 91.953788,24.963487,0 91.953825,24.963346,0 91.953842,24.963225,0 91.953844,24.963212,0 91.953860,24.963183,0 91.953883,24.963143,0 91.953902,24.963115,0 91.953953,24.963087,0 91.954093,24.963003,0 91.954125,24.962981,0 91.954142,24.962974,0 91.954157,24.962968,0 91.954217,24.962947,0 91.954345,24.962897,0 91.954466,24.962836,0 91.954552,24.962784,0 91.954566,24.962776,0 91.954628,24.962756,0 91.954769,24.962703,0 91.954904,24.962636,0 91.955031,24.962557,0 91.955148,24.962467,0 91.955254,24.962366,0 91.955349,24.962255,0 91.955430,24.962137,0 91.955497,24.962011,0 91.955508,24.961983,0 91.955556,24.961884,0 91.955592,24.961814,0 91.955632,24.961714,0 91.955633,24.961711,0 91.955669,24.961588,0 91.955693,24.961463,0 91.955704,24.961335,0 91.955702,24.961208,0 91.955686,24.961081,0 91.955658,24.960956,0 91.955616,24.960834,0 91.955563,24.960716,0 91.955557,24.960705,0 91.955552,24.960693,0 91.955548,24.960679,0 91.955550,24.960652,0 91.955560,24.960573,0 91.955563,24.960438,0 91.955550,24.960303,0 91.955523,24.960170,0 91.955482,24.960041,0 91.955427,24.959915,0 91.955358,24.959796,0 91.955277,24.959683,0 91.955203,24.959600,0 91.955203,24.959600,0 91.955181,24.959576,0 91.955129,24.959512,0 91.955108,24.959485,0 91.955019,24.959385,0 91.954919,24.959294,0 91.954810,24.959212,0 91.954693,24.959140,0 91.954570,24.959078,0 91.954440,24.959027,0 91.954306,24.958988,0 91.954250,24.958974,0 91.954220,24.958953,0 91.954205,24.958941,0 91.954203,24.958939,0 91.954189,24.958928,0 91.954161,24.958903,0 91.954151,24.958885,0 91.954088,24.958785,0 91.954059,24.958743,0 91.954059,24.958710,0 91.954056,24.958587,0 91.954040,24.958464,0 91.954013,24.958343,0 91.953973,24.958226,0 91.953921,24.958111,0 91.953907,24.958083,0 91.953907,24.958077,0 91.953887,24.957920,0 91.953847,24.957767,0 91.953840,24.957744,0 91.953837,24.957732,0 91.953836,24.957718,0 91.953835,24.957656,0 91.953828,24.957526,0 91.953806,24.957396,0 91.953771,24.957270,0 91.953723,24.957146,0 91.953662,24.957028,0 91.953588,24.956916,0 91.953504,24.956810,0 91.953408,24.956713,0 91.953303,24.956624,0 91.953188,24.956546,0 91.953066,24.956477,0 91.952937,24.956420,0 91.952803,24.956374,0 91.952664,24.956340,0 91.952523,24.956318,0 91.952380,24.956309,0 91.952237,24.956313,0 91.948532,24.956570,0 91.948488,24.956572,0 91.945632,24.956616,0 91.945603,24.956615,0 91.945573,24.956613,0 91.943954,24.956402,0 91.943803,24.956389,0 91.943652,24.956391,0 91.943502,24.956406,0 91.943354,24.956436,0 91.943211,24.956479,0 91.943073,24.956535,0 91.942941,24.956603,0 91.942818,24.956683,0 91.942705,24.956774,0 91.942654,24.956820,0 91.942606,24.956838,0 91.942468,24.956896,0 91.942338,24.956967,0 91.942216,24.957050,0 91.942104,24.957143,0 91.942004,24.957246,0 91.941915,24.957359,0 91.941839,24.957478,0 91.941777,24.957605,0 91.941714,24.957754,0 91.941699,24.957784,0 91.941667,24.957796,0 91.940411,24.958197,0 91.940376,24.958207,0 91.940342,24.958197,0 91.940255,24.958168,0 91.940217,24.958153,0 91.940183,24.958131,0 91.940173,24.958122,0 91.940104,24.958065,0 91.940078,24.958042,0 91.939963,24.957956,0 91.939839,24.957881,0 91.939708,24.957818,0 91.939571,24.957767,0 91.939428,24.957729,0 91.939283,24.957703,0 91.939135,24.957692,0 91.938986,24.957694,0 91.938921,24.957700,0 91.938878,24.957703,0 91.938877,24.957703,0 91.938754,24.957683,0 91.938630,24.957672,0 91.938509,24.957666,0 91.938473,24.957663,0 91.938461,24.957646,0 91.938400,24.957554,0 91.938303,24.957438,0 91.938193,24.957332,0 91.938128,24.957282,0 91.938099,24.957257,0 91.938066,24.957214,0 91.937975,24.957108,0 91.937873,24.957011,0 91.937762,24.956924,0 91.937641,24.956847,0 91.937513,24.956781,0 91.937378,24.956727,0 91.937377,24.956727,0 91.937376,24.956693,0 91.937377,24.956624,0 91.937364,24.956487,0 91.937336,24.956353,0 91.937293,24.956221,0 91.937236,24.956095,0 91.937165,24.955974,0 91.937081,24.955860,0 91.936984,24.955755,0 91.936877,24.955659,0 91.936760,24.955574,0 91.936633,24.955499,0 91.936627,24.955496,0 91.936600,24.955478,0 91.936501,24.955409,0 91.936476,24.955389,0 91.936434,24.955343,0 91.936433,24.955343,0 91.936359,24.955262,0 91.936248,24.955164,0 91.936214,24.955136,0 91.936087,24.955046,0 91.935950,24.954969,0 91.935805,24.954905,0 91.935653,24.954856,0 91.935599,24.954842,0 91.935566,24.954831,0 91.935541,24.954815,0 91.935476,24.954769,0 91.935356,24.954697,0 91.935228,24.954637,0 91.935095,24.954589,0 91.935064,24.954579,0 91.935035,24.954569,0 91.935008,24.954554,0 91.934918,24.954499,0 91.934800,24.954434,0 91.934675,24.954380,0 91.934546,24.954336,0 91.934412,24.954304,0 91.934276,24.954283,0 91.934138,24.954273,0 91.934055,24.954274,0 91.934032,24.954274,0 91.933997,24.954258,0 91.933936,24.954226,0 91.933911,24.954212,0 91.933888,24.954196,0 91.933829,24.954154,0 91.933706,24.954073,0 91.933575,24.954004,0 91.933436,24.953947,0 91.933292,24.953904,0 91.933220,24.953886,0 91.933187,24.953871,0 91.933148,24.953850,0 91.933118,24.953833,0 91.933117,24.953832,0 91.932990,24.953733,0 91.932852,24.953648,0 91.932704,24.953577,0 91.932638,24.953550,0 91.932552,24.953510,0 91.932412,24.953460,0 91.932267,24.953423,0 91.932195,24.953408,0 91.932168,24.953370,0 91.932159,24.953354,0 91.932085,24.953253,0 91.932001,24.953159,0 91.931908,24.953072,0 91.931886,24.953053,0 91.931774,24.952966,0 91.931654,24.952890,0 91.931563,24.952838,0 91.931535,24.952821,0 91.931513,24.952797,0 91.931152,24.952359,0 91.931134,24.952335,0 91.931124,24.952315,0 91.931083,24.952226,0 91.931013,24.952107,0 91.930930,24.951994,0 91.930836,24.951890,0 91.930730,24.951795,0 91.930615,24.951710,0 91.930491,24.951636,0 91.930359,24.951574,0 91.930221,24.951524,0 91.930079,24.951487,0 91.929933,24.951462,0 91.929785,24.951452,0 91.929637,24.951454,0 91.929489,24.951471,0 91.929344,24.951500,0 91.929204,24.951543,0 91.929068,24.951598,0 91.928939,24.951665,0 91.928819,24.951743,0 91.928620,24.951887,0 91.928591,24.951906,0 91.928557,24.951894,0 91.928385,24.951823,0 91.928238,24.951771,0 91.928086,24.951734,0 91.927930,24.951711,0 91.927648,24.951684,0 91.927611,24.951679,0 91.927569,24.951660,0 91.927519,24.951633,0 91.927380,24.951577,0 91.927235,24.951535,0 91.927087,24.951506,0 91.926936,24.951491,0 91.926784,24.951490,0 91.926633,24.951503,0 91.926484,24.951531,0 91.926445,24.951540,0 91.926415,24.951545,0 91.926399,24.951546,0 91.926375,24.951545,0 91.926347,24.951533,0 91.926327,24.951524,0 91.926296,24.951510,0 91.926278,24.951482,0 91.926222,24.951384,0 91.926212,24.951364,0 91.926133,24.951229,0 91.926038,24.951102,0 91.925928,24.950986,0 91.925845,24.950908,0 91.925806,24.950867,0 91.925699,24.950775,0 91.925583,24.950693,0 91.925458,24.950622,0 91.925327,24.950563,0 91.925189,24.950516,0 91.925086,24.950491,0 91.925086,24.950490,0 91.924725,24.950405,0 91.924686,24.950394,0 91.924648,24.950379,0 91.924477,24.950299,0 91.924339,24.950242,0 91.924195,24.950199,0 91.923881,24.950119,0 91.923848,24.950109,0 91.923842,24.950078,0 91.923762,24.949517,0 91.923759,24.949482,0 91.923779,24.949453,0 91.923954,24.949221,0 91.924025,24.949116,0 91.924086,24.949006,0 91.924135,24.948890,0 91.924227,24.948643,0 91.924240,24.948613,0 91.924247,24.948605,0 91.924323,24.948525,0 91.924404,24.948422,0 91.924474,24.948313,0 91.924532,24.948198,0 91.924578,24.948079,0 91.924612,24.947956,0 91.924633,24.947831,0 91.924641,24.947705,0 91.924644,24.947528,0 91.924638,24.947389,0 91.924617,24.947252,0 91.924580,24.947118,0 91.924529,24.946987,0 91.924463,24.946862,0 91.924383,24.946744,0 91.924291,24.946634,0 91.924187,24.946533,0 91.924072,24.946442,0 91.923947,24.946363,0 91.923815,24.946295,0 91.923758,24.946270,0 91.923731,24.946243,0 91.923688,24.946195,0 91.923584,24.946102,0 91.923471,24.946019,0 91.923349,24.945946,0 91.923221,24.945884,0 91.923086,24.945834,0 91.922946,24.945797,0 91.922804,24.945772,0 91.922659,24.945760,0 91.922513,24.945760,0 91.922369,24.945774,0 91.922226,24.945801,0 91.922087,24.945840,0 91.921953,24.945891,0 91.921825,24.945954,0 91.921705,24.946028,0 91.921231,24.946352,0 91.921141,24.946406,0 91.921029,24.946481,0 91.920925,24.946566,0 91.920830,24.946659,0 91.920745,24.946760,0 91.920670,24.946868,0 91.920607,24.946981,0 91.920557,24.947100,0 91.920518,24.947222,0 91.920439,24.947528,0 91.920429,24.947559,0 91.920384,24.947611,0 91.920386,24.947612,0 91.920331,24.947676,0 91.920248,24.947796,0 91.920179,24.947923,0 91.920153,24.947978,0 91.920117,24.947980,0 91.919392,24.947988,0 91.919383,24.947988,0 91.919366,24.947988,0 91.919322,24.947988,0 91.919285,24.947986,0 91.919268,24.947976,0 91.919180,24.947921,0 91.919049,24.947855,0 91.918912,24.947801,0 91.918769,24.947760,0 91.918623,24.947732,0 91.918474,24.947718,0 91.918325,24.947718,0 91.918176,24.947731,0 91.918029,24.947758,0 91.917886,24.947798,0 91.917748,24.947851,0 91.917617,24.947917,0 91.917494,24.947994,0 91.917380,24.948082,0 91.917276,24.948180,0 91.917183,24.948287,0 91.917157,24.948321,0 91.917123,24.948333,0 91.916542,24.948501,0 91.916511,24.948509,0 91.916479,24.948514,0 91.915097,24.948684,0 91.915063,24.948687,0 91.915049,24.948658,0 91.914860,24.948217,0 91.914833,24.948141,0 91.914697,24.947669,0 91.914689,24.947636,0 91.914685,24.947602,0 91.914658,24.947134,0 91.914658,24.947101,0 91.914675,24.947072,0 91.914871,24.946776,0 91.914936,24.946666,0 91.914990,24.946552,0 91.915032,24.946433,0 91.915156,24.946019,0 91.915165,24.945989,0 91.915177,24.945955,0 91.915214,24.945833,0 91.915238,24.945708,0 91.915249,24.945581,0 91.915246,24.945454,0 91.915231,24.945327,0 91.915203,24.945203,0 91.915162,24.945081,0 91.915109,24.944964,0 91.915044,24.944851,0 91.914975,24.944745,0 91.914975,24.944746,0 91.914963,24.944724,0 91.914879,24.944611,0 91.914784,24.944507,0 91.914678,24.944412,0 91.914622,24.944367,0 91.914624,24.944334,0 91.914674,24.943904,0 91.914675,24.943894,0 91.914714,24.943589,0 91.914720,24.943556,0 91.914744,24.943522,0 91.914813,24.943409,0 91.914871,24.943290,0 91.914916,24.943166,0 91.914947,24.943039,0 91.914965,24.942910,0 91.914970,24.942780,0 91.914960,24.942650,0 91.914952,24.942588,0 91.914964,24.942559,0 91.915087,24.942292,0 91.915099,24.942268,0 91.915113,24.942245,0 91.915122,24.942231,0 91.915193,24.942114,0 91.915250,24.941991,0 91.915295,24.941864,0 91.915325,24.941734,0 91.915341,24.941601,0 91.915342,24.941468,0 91.915330,24.941335,0 91.915303,24.941204,0 91.915262,24.941076,0 91.915207,24.940953,0 91.915139,24.940835,0 91.915108,24.940786,0 91.915113,24.940755,0 91.915163,24.940501,0 91.915171,24.940471,0 91.915182,24.940452,0 91.915237,24.940370,0 91.915302,24.940248,0 91.915353,24.940120,0 91.915389,24.939988,0 91.915411,24.939854,0 91.915418,24.939718,0 91.915411,24.939583,0 91.915388,24.939449,0 91.915351,24.939317,0 91.915340,24.939286,0 91.915192,24.938787,0 91.915149,24.938668,0 91.915083,24.938507,0 91.915073,24.938477,0 91.915082,24.938446,0 91.915184,24.938152,0 91.915231,24.937979,0 91.915241,24.937926,0 91.915259,24.937794,0 91.915264,24.937661,0 91.915253,24.937529,0 91.915229,24.937398,0 91.915195,24.937284,0 91.915193,24.937277,0 91.915201,24.937243,0 91.915258,24.937043,0 91.915269,24.937011,0 91.915295,24.936996,0 91.915370,24.936958,0 91.915493,24.936880,0 91.915607,24.936791,0 91.915710,24.936693,0 91.915802,24.936585,0 91.915881,24.936469,0 91.915948,24.936347,0 91.915969,24.936302,0 91.915989,24.936270,0 91.916243,24.935909,0 91.916263,24.935883,0 91.916295,24.935871,0 91.916431,24.935828,0 91.916512,24.935806,0 91.916758,24.935755,0 91.916889,24.935722,0 91.917016,24.935679,0 91.917138,24.935625,0 91.917255,24.935561,0 91.917364,24.935487,0 91.917441,24.935430,0 91.917495,24.935394,0 91.917601,24.935317,0 91.917699,24.935230,0 91.917758,24.935174,0 91.917783,24.935152,0 91.917809,24.935136,0 91.917860,24.935109,0 91.917964,24.935042,0 91.918062,24.934967,0 91.918097,24.934938,0 91.918126,24.934916,0 91.918163,24.934920,0 91.918495,24.934975,0 91.918531,24.934982,0 91.918559,24.934991,0 91.918636,24.935019,0 91.918774,24.935055,0 91.918915,24.935079,0 91.919013,24.935087,0 91.919034,24.935090,0 91.919093,24.935129,0 91.919094,24.935128,0 91.919166,24.935177,0 91.919291,24.935245,0 91.919422,24.935301,0 91.919559,24.935345,0 91.919701,24.935377,0 91.919844,24.935396,0 91.919989,24.935402,0 91.920135,24.935396,0 91.920278,24.935376,0 91.920283,24.935375,0 91.920300,24.935390,0 91.920367,24.935458,0 91.920476,24.935549,0 91.920596,24.935629,0 91.920723,24.935698,0 91.920857,24.935755,0 91.920997,24.935800,0 91.921141,24.935831,0 91.921288,24.935850,0 91.921436,24.935855,0 91.921583,24.935847,0 91.921730,24.935825,0 91.921795,24.935812,0 91.921823,24.935832,0 91.921925,24.935913,0 91.922034,24.935992,0 91.922151,24.936061,0 91.922274,24.936119,0 91.922403,24.936167,0 91.922536,24.936204,0 91.922673,24.936229,0 91.922811,24.936243,0 91.922950,24.936244,0 91.923089,24.936234,0 91.923226,24.936212,0 91.923234,24.936210,0 91.923445,24.936177,0 91.923481,24.936173,0 91.923517,24.936172,0 91.923983,24.936184,0 91.924016,24.936186,0 91.924047,24.936193,0 91.924491,24.936315,0 91.924521,24.936323,0 91.924692,24.936377,0 91.924829,24.936414,0 91.924969,24.936438,0 91.925111,24.936450,0 91.925254,24.936450,0 91.925396,24.936437,0 91.925536,24.936411,0 91.925673,24.936374,0 91.925778,24.936340,0 91.925901,24.936295,0 91.926019,24.936240,0 91.926131,24.936175,0 91.926184,24.936142,0 91.926202,24.936141,0 91.926219,24.936142,0 91.926251,24.936149,0 91.926394,24.936185,0 91.926427,24.936195,0 91.926437,24.936227,0 91.926453,24.936285,0 91.926500,24.936407,0 91.926560,24.936524,0 91.926631,24.936635,0 91.926713,24.936739,0 91.926806,24.936836,0 91.926813,24.936842,0 91.926867,24.936899,0 91.926894,24.936931,0 91.926917,24.936966,0 91.926955,24.937034,0 91.926970,24.937063,0 91.926954,24.937093,0 91.926856,24.937251,0 91.926857,24.937251,0 91.926802,24.937340,0 91.926742,24.937464,0 91.926697,24.937593,0 91.926666,24.937725,0 91.926649,24.937860,0 91.926648,24.937995,0 91.926661,24.938130,0 91.926689,24.938263,0 91.926731,24.938393,0 91.926787,24.938518,0 91.926857,24.938638,0 91.926939,24.938750,0 91.927034,24.938855,0 91.927139,24.938950,0 91.927254,24.939036,0 91.927378,24.939110,0 91.927510,24.939173,0 91.927648,24.939223,0 91.927735,24.939251,0 91.928153,24.939402,0 91.928184,24.939414,0 91.928197,24.939443,0 91.928298,24.939700,0 91.928308,24.939730,0 91.928306,24.939761,0 91.928273,24.940017,0 91.928263,24.940148,0 91.928267,24.940278,0 91.928285,24.940407,0 91.928316,24.940535,0 91.928361,24.940659,0 91.928418,24.940778,0 91.928488,24.940892,0 91.928569,24.941000,0 91.928662,24.941099,0 91.928764,24.941190,0 91.928876,24.941272,0 91.928996,24.941343,0 91.929123,24.941404,0 91.929255,24.941453,0 91.929392,24.941490,0 91.929533,24.941516,0 91.929675,24.941528,0 91.929818,24.941528,0 91.929961,24.941516,0 91.930101,24.941491,0 91.930239,24.941454,0 91.930371,24.941405,0 91.930498,24.941345,0 91.930618,24.941273,0 91.930726,24.941195,0 91.930757,24.941175,0 91.931004,24.941028,0 91.931035,24.941011,0 91.931059,24.941010,0 91.931112,24.941012,0 91.931323,24.941029,0 91.931359,24.941033,0 91.931360,24.941041,0 91.931382,24.941156,0 91.931422,24.941286,0 91.931475,24.941412,0 91.931542,24.941532,0 91.931621,24.941646,0 91.931713,24.941751,0 91.931816,24.941848,0 91.931928,24.941936,0 91.932050,24.942012,0 91.932180,24.942077,0 91.932316,24.942130,0 91.932457,24.942171,0 91.932589,24.942196,0 91.932594,24.942197,0 91.932609,24.942256,0 91.932649,24.942385,0 91.932703,24.942510,0 91.932771,24.942630,0 91.932851,24.942743,0 91.932943,24.942848,0 91.933047,24.942944,0 91.933160,24.943030,0 91.933282,24.943106,0 91.933411,24.943170,0 91.933547,24.943222,0 91.933688,24.943262,0 91.933692,24.943263,0 91.933723,24.943276,0 91.933864,24.943344,0 91.933896,24.943361,0 91.933915,24.943390,0 91.933977,24.943501,0 91.934055,24.943622,0 91.934147,24.943735,0 91.934250,24.943840,0 91.934257,24.943846,0 91.934287,24.943872,0 91.934400,24.943969,0 91.934426,24.943994,0 91.934442,24.944031,0 91.934455,24.944072,0 91.934510,24.944191,0 91.934577,24.944305,0 91.934655,24.944412,0 91.934745,24.944512,0 91.934844,24.944604,0 91.934953,24.944687,0 91.935069,24.944760,0 91.935193,24.944823,0 91.935194,24.944823,0 91.935220,24.944845,0 91.935240,24.944864,0 91.935344,24.944952,0 91.935457,24.945031,0 91.935578,24.945100,0 91.935705,24.945157,0 91.935838,24.945204,0 91.935975,24.945238,0 91.936115,24.945260,0 91.936257,24.945271,0 91.936399,24.945268,0 91.936541,24.945253,0 91.936680,24.945226,0 91.936804,24.945191,0 91.936809,24.945190,0 91.936814,24.945189,0 91.936822,24.945190,0 91.936835,24.945214,0 91.936901,24.945323,0 91.936977,24.945426,0 91.937064,24.945522,0 91.937160,24.945611,0 91.937265,24.945691,0 91.937281,24.945702,0 91.937294,24.945716,0 91.937359,24.945791,0 91.937461,24.945886,0 91.937572,24.945972,0 91.937693,24.946048,0 91.937820,24.946113,0 91.937954,24.946166,0 91.938094,24.946206,0 91.938236,24.946234,0 91.938382,24.946249,0 91.938528,24.946251,0 91.938673,24.946240,0 91.938817,24.946216,0 91.938957,24.946179,0 91.939093,24.946129,0 91.939223,24.946068,0 91.939249,24.946054,0 91.939319,24.946057,0 91.939319,24.946057,0 91.939431,24.946061,0 91.939589,24.946051,0 91.939746,24.946025,0 91.939773,24.946020,0 91.939806,24.946014,0 91.939837,24.946011,0 91.939990,24.945991,0 91.940140,24.945956,0 91.940285,24.945906,0 91.940424,24.945844,0 91.940555,24.945768,0 91.940676,24.945681,0 91.940787,24.945582,0 91.940810,24.945559,0 91.940838,24.945537,0 91.941078,24.945361,0 91.941108,24.945341,0 91.941145,24.945344,0 91.941371,24.945371,0 91.941432,24.945381,0 91.941780,24.945451,0 91.942059,24.945507,0 91.942183,24.945527,0 91.942309,24.945538,0 91.942435,24.945538,0 91.942743,24.945528,0 91.942795,24.945529,0 91.942916,24.945535,0 91.943067,24.945530,0 91.943216,24.945510,0 91.943362,24.945477,0 91.943504,24.945431,0 91.943640,24.945372,0 91.943769,24.945300,0 91.943889,24.945217,0 91.944000,24.945123,0 91.944065,24.945054,0 91.944082,24.945038,0 91.944117,24.945048,0 91.944252,24.945092,0 91.944285,24.945104,0 91.944285,24.945107,0 91.944301,24.945232,0 91.944330,24.945357,0 91.944371,24.945478,0 91.944424,24.945595,0 91.944489,24.945707,0 91.944566,24.945813,0 91.944652,24.945912,0 91.944749,24.946003,0 91.944855,24.946085,0 91.944861,24.946090,0 91.944904,24.946136,0 91.945005,24.946232,0 91.945115,24.946319,0 91.945234,24.946396,0 91.945361,24.946462,0 91.945494,24.946516,0 91.945633,24.946558,0 91.945775,24.946587,0 91.945920,24.946604,0 91.946049,24.946607,0 91.946055,24.946607,0 91.946051,24.946638,0 91.945919,24.947272,0 91.945899,24.947399,0 91.945892,24.947526,0 91.945899,24.947653,0 91.945919,24.947780,0 91.945952,24.947904,0 91.945997,24.948024,0 91.946055,24.948140,0 91.946124,24.948251,0 91.946205,24.948356,0 91.946295,24.948452,0 91.946396,24.948541,0 91.946505,24.948621,0 91.947426,24.949230,0 91.947470,24.949262,0 91.948028,24.949695,0 91.948102,24.949748,0 91.948213,24.949824,0 91.948340,24.949902,0 91.948474,24.949967,0 91.948616,24.950019,0 91.948676,24.950038,0 91.948815,24.950075,0 91.948958,24.950100,0 91.949103,24.950111,0 91.949194,24.950111,0 91.949236,24.950151,0 91.949349,24.950238,0 91.949471,24.950314,0 91.949516,24.950340,0 91.949568,24.950377,0 91.949684,24.950452,0 91.949808,24.950516,0 91.949937,24.950570,0 91.950072,24.950611,0 91.950210,24.950641,0 91.950351,24.950659,0 91.950493,24.950664,0 91.950635,24.950658,0 91.950775,24.950638,0 91.950913,24.950607,0 91.951047,24.950563,0 91.951176,24.950509,0 91.951298,24.950443,0 91.951413,24.950367,0 91.951520,24.950281,0 91.951617,24.950186,0 91.951660,24.950135,0 91.951714,24.950078,0 91.951745,24.950047,0 91.951777,24.950011,0 91.951848,24.950017,0 91.951994,24.950016,0 91.952028,24.950014,0 91.952054,24.950015,0 91.952155,24.950023,0 91.952307,24.950021,0 91.952457,24.950005,0 91.952605,24.949975,0 91.952749,24.949931,0 91.952887,24.949874,0 91.953019,24.949805,0 91.953141,24.949724,0 91.953247,24.949638,0 91.953251,24.949635,0 91.953281,24.949617,0 91.953481,24.949508,0 91.953513,24.949493,0 91.953520,24.949500,0 91.953624,24.949593,0 91.953737,24.949676,0 91.953859,24.949748,0 91.953988,24.949809,0 91.954122,24.949859,0 91.954262,24.949896,0 91.954405,24.949921,0 91.954549,24.949932,0 91.954695,24.949931,0 91.954839,24.949917,0 91.954981,24.949890,0 91.955223,24.949833,0 91.955256,24.949827,0 91.955281,24.949848,0 91.955394,24.949948,0 91.955469,24.950012,0 91.955532,24.950061,0 91.955647,24.950142,0 91.955770,24.950212,0 91.955900,24.950272,0 91.956035,24.950319,0 91.956175,24.950354,0 91.956188,24.950357,0 91.956350,24.950390,0 91.956506,24.950415,0 91.956664,24.950424,0 91.956813,24.950426,0 91.956946,24.950422,0 91.957078,24.950407,0 91.957310,24.950371,0 91.957332,24.950368,0 91.957992,24.950285,0 91.958129,24.950261,0 91.958263,24.950226,0 91.958394,24.950179,0 91.958519,24.950122,0 91.958637,24.950054,0 91.958748,24.949976,0 91.958850,24.949889,0 91.958943,24.949794,0 91.959026,24.949691,0 91.959097,24.949582,0 91.959158,24.949467,0 91.959434,24.948866,0 91.959449,24.948837,0 91.959453,24.948839,0 91.959575,24.948886,0 91.959714,24.948925,0 91.959855,24.948951,0 91.959999,24.948965,0 91.960144,24.948966,0 91.960288,24.948954,0 91.960430,24.948930,0 91.960569,24.948893,0 91.960703,24.948843,0 91.961051,24.948698,0 91.961144,24.948664,0 91.961278,24.948608,0 91.961405,24.948540,0 91.961524,24.948461,0 91.961634,24.948372,0 91.961734,24.948273,0 91.961822,24.948166,0 91.961899,24.948051,0 91.961962,24.947930,0 91.962012,24.947803,0 91.962049,24.947673,0 91.962070,24.947540,0 91.962078,24.947406,0 91.962078,24.947302,0 91.962079,24.947270,0 91.962114,24.947269,0 91.962580,24.947269,0 91.962616,24.947270,0 91.962634,24.947298,0 91.962668,24.947357,0 91.962749,24.947467,0 91.962842,24.947570,0 91.962945,24.947664,0 91.963058,24.947748,0 91.963132,24.947794,0 91.963154,24.947809,0 91.963164,24.947818,0 91.963244,24.947907,0 91.963354,24.948005,0 91.963474,24.948093,0 91.963604,24.948169,0 91.963741,24.948232,0 91.963885,24.948282,0 91.964034,24.948317,0 91.964186,24.948339,0 91.964340,24.948346,0 91.964667,24.948346,0 91.964820,24.948339,0 91.964972,24.948317,0 91.965121,24.948282,0 91.965265,24.948232,0 91.965402,24.948169,0 91.965532,24.948093,0 91.965652,24.948005,0 91.965762,24.947907,0 91.965842,24.947818,0 91.965851,24.947809,0 91.965887,24.947807,0 91.966353,24.947807,0 91.966388,24.947809,0 91.966390,24.947841,0 91.966390,24.948313,0 91.966388,24.948346,0 91.966386,24.948348,0 91.966305,24.948459,0 91.966236,24.948576,0 91.966181,24.948699,0 91.966138,24.948826,0 91.966110,24.948956,0 91.966095,24.949089,0 91.966095,24.949221,0 91.966110,24.949354,0 91.966138,24.949484,0 91.966181,24.949611,0 91.966236,24.949734,0 91.966305,24.949851,0 91.966386,24.949962,0 91.966388,24.949964,0 91.966390,24.949997,0 91.966390,24.951547,0 91.966388,24.951579,0 91.966353,24.951580,0 91.965887,24.951580,0 91.965851,24.951579,0 91.965844,24.951575,0 91.965739,24.951511,0 91.965612,24.951449,0 91.965479,24.951398,0 91.965342,24.951359,0 91.965201,24.951333,0 91.965058,24.951319,0 91.964914,24.951318,0 91.964770,24.951330,0 91.964629,24.951354,0 91.964491,24.951391,0 91.964357,24.951439,0 91.964229,24.951499,0 91.964108,24.951571,0 91.963995,24.951652,0 91.963892,24.951743,0 91.963523,24.952100,0 91.963435,24.952194,0 91.963357,24.952294,0 91.963289,24.952400,0 91.963231,24.952511,0 91.963186,24.952627,0 91.963151,24.952746,0 91.963060,24.953135,0 91.963051,24.953178,0 91.962896,24.953960,0 91.962889,24.953990,0 91.962879,24.954019,0 91.962779,24.954260,0 91.962764,24.954292,0 91.962716,24.954342,0 91.962630,24.954440,0 91.962554,24.954546,0 91.962489,24.954657,0 91.962436,24.954773,0 91.962394,24.954894,0 91.962366,24.955017,0 91.962350,24.955142,0 91.962347,24.955269,0 91.962354,24.955568,0 91.962354,24.955599,0 91.962294,24.955629,0 91.962165,24.955702,0 91.962045,24.955787,0 91.961935,24.955882,0 91.961836,24.955987,0 91.961750,24.956101,0 91.961676,24.956223,0 91.961617,24.956351,0 91.961572,24.956483,0 91.961543,24.956619,0 91.961528,24.956757,0 91.961504,24.957278,0 91.961502,24.957309,0 91.961501,24.957442,0 91.961514,24.957575,0 91.961541,24.957705,0 91.961582,24.957833,0 91.961636,24.957957,0 91.961704,24.958075,0 91.961784,24.958186,0 91.961876,24.958290,0 91.961978,24.958385,0 91.962090,24.958471,0 91.962211,24.958545,0 91.962340,24.958609,0 91.962474,24.958661,0 91.962614,24.958701,0 91.962757,24.958728,0 91.962902,24.958742,0 91.963048,24.958742,0 91.965314,24.958655,0 91.970036,24.958508,0 91.970183,24.958497,0 91.970327,24.958472,0 91.970468,24.958435,0 91.970604,24.958386,0 91.970735,24.958324,0 91.970858,24.958251,0 91.970972,24.958167,0 91.971077,24.958073,0 91.971171,24.957970,0 91.971254,24.957860,0 91.971315,24.957757,0 91.971344,24.957858,0 91.971394,24.957979,0 91.971456,24.958095,0 91.971529,24.958205,0 91.971569,24.958259,0 91.971585,24.958284,0 91.971602,24.958311,0 91.971603,24.958349,0 91.971603,24.958438,0 91.971620,24.958589,0 91.971657,24.958738,0 91.971664,24.958762,0 91.971668,24.958799,0 91.971670,24.958859,0 91.971690,24.958992,0 91.971724,24.959122,0 91.971772,24.959248,0 91.971780,24.959266,0 91.971782,24.959275,0 91.971814,24.959399,0 91.971858,24.959520,0 91.971915,24.959637,0 91.971941,24.959685,0 91.971947,24.959716,0 91.971951,24.959744,0 91.971954,24.959778,0 91.971948,24.959802,0 91.971922,24.959936,0 91.971911,24.960072,0 91.971915,24.960208,0 91.971934,24.960343,0 91.971968,24.960476,0 91.972016,24.960605,0 91.972078,24.960729,0 91.972088,24.960746,0 91.972083,24.960797,0 91.972076,24.960942,0 91.972087,24.961086,0 91.972114,24.961228,0 91.972158,24.961367,0 91.972218,24.961501,0 91.972221,24.961508,0 91.972212,24.961573,0 91.972212,24.961573,0 91.972211,24.961578,0 91.972198,24.961713,0 91.972200,24.961848,0 91.972217,24.961983,0 91.972249,24.962115,0 91.972294,24.962244,0 91.972315,24.962286,0 91.972333,24.962329,0 91.972329,24.962345,0 91.972306,24.962474,0 91.972297,24.962605,0 91.972301,24.962736,0 91.972320,24.962866,0 91.972352,24.962994,0 91.972397,24.963118,0 91.972456,24.963238,0 91.972526,24.963352,0 91.972609,24.963459,0 91.972703,24.963558,0 91.972806,24.963649,0 91.972919,24.963730,0 91.973040,24.963801,0 91.973168,24.963861,0 91.973302,24.963909,0 91.973440,24.963946,0 91.973581,24.963970,0 91.973724,24.963981,0 91.973868,24.963980,0 91.974011,24.963966,0 91.974152,24.963940,0 91.974289,24.963901,0 91.974293,24.963900,0 91.974328,24.963898,0 91.974389,24.963898,0 91.974486,24.963902,0 91.974486,24.963902,0 91.974498,24.963903,0 91.974548,24.963903,0 91.974596,24.963904,0 91.974597,24.963905,0 91.974681,24.963928,0 91.974749,24.963945,0 91.974763,24.963952,0 91.974781,24.963962,0 91.974790,24.963991,0 91.974831,24.964115,0 91.974885,24.964234,0 91.974952,24.964348,0 91.975030,24.964455,0 91.975118,24.964556,0 91.975217,24.964648,0 91.975325,24.964731,0 91.975442,24.964805,0 91.975565,24.964868,0 91.975695,24.964920,0 91.975829,24.964961,0 91.975967,24.964989,0 91.976107,24.965006,0 91.976249,24.965011,0 91.976390,24.965003,0 91.976530,24.964983,0 91.976562,24.964977,0 91.976593,24.964972,0 91.976642,24.964964,0 91.976749,24.964953,0 91.976761,24.964952,0 91.976798,24.964952,0 91.976828,24.964972,0 91.976909,24.965029,0 91.976935,24.965050,0 91.976940,24.965054,0 91.977020,24.965138,0 91.977117,24.965223,0 91.977222,24.965299,0 91.977289,24.965339,0 91.977339,24.965372,0 91.977368,24.965394,0 91.977394,24.965415,0 91.977420,24.965476,0 91.977420,24.965475,0 91.977455,24.965560,0 91.977520,24.965679,0 91.977598,24.965792,0 91.977687,24.965897,0 91.977787,24.965994,0 91.977841,24.966041,0 91.977859,24.966065,0 91.977943,24.966165,0 91.978037,24.966258,0 91.978140,24.966343,0 91.978227,24.966402,0 91.978237,24.966410,0 91.978257,24.966439,0 91.978273,24.966463,0 91.978294,24.966496,0 91.978351,24.966582,0 91.978370,24.966615,0 91.978385,24.966649,0 91.978406,24.966704,0 91.978415,24.966734,0 91.978412,24.966766,0 91.978404,24.966811,0 91.978398,24.966841,0 91.978388,24.966870,0 91.978384,24.966881,0 91.978371,24.966912,0 91.978368,24.966914,0 91.978271,24.967038,0 91.978190,24.967171,0 91.978188,24.967175,0 91.978145,24.967209,0 91.978116,24.967230,0 91.978007,24.967325,0 91.977909,24.967431,0 91.977824,24.967544,0 91.977751,24.967665,0 91.977693,24.967793,0 91.977658,24.967897,0 91.977653,24.967910,0 91.977624,24.967930,0 91.977533,24.967987,0 91.977502,24.968003,0 91.977467,24.968006,0 91.976017,24.968027,0 91.975974,24.968027,0 91.973910,24.967948,0 91.973837,24.967947,0 91.970141,24.967972,0 91.970008,24.967979,0 91.969877,24.967996,0 91.969747,24.968024,0 91.963386,24.969665,0 91.963244,24.969709,0 91.963107,24.969766,0 91.962978,24.969834,0 91.962856,24.969915,0 91.962744,24.970006,0 91.962643,24.970107,0 91.962554,24.970217,0 91.962477,24.970335,0 91.962414,24.970459,0 91.962364,24.970588,0 91.962330,24.970721,0 91.962310,24.970857,0 91.962305,24.970994,0 91.962305,24.971017,0 91.962294,24.971484,0 91.962291,24.971514,0 91.962275,24.971540,0 91.961764,24.972268,0 91.961688,24.972391,0 91.961626,24.972520,0 91.961579,24.972654,0 91.961547,24.972792,0 91.961532,24.972932,0 91.961532,24.973073,0 91.961539,24.973178,0 91.961539,24.973455,0 91.961546,24.973593,0 91.961569,24.973730,0 91.961608,24.973863,0 91.961661,24.973993,0 91.961728,24.974116,0 91.961808,24.974233,0 91.961901,24.974342,0 91.962006,24.974442,0 91.962122,24.974531,0 91.962246,24.974609,0 91.962379,24.974675,0 91.962519,24.974729,0 91.962566,24.974742,0 91.962616,24.974758,0 91.962648,24.974798,0 91.962740,24.974901,0 91.962843,24.974995,0 91.962956,24.975079,0 91.963077,24.975153,0 91.963206,24.975215,0 91.963341,24.975266,0 91.963480,24.975305,0 91.963623,24.975331,0 91.963768,24.975344,0 91.963914,24.975344,0 91.964059,24.975331,0 91.964202,24.975305,0 91.964234,24.975298,0 91.964270,24.975296,0 91.964736,24.975296,0 91.964771,24.975297,0 91.964773,24.975329,0 91.964773,24.975802,0 91.964771,24.975834,0 91.964748,24.975841,0 91.964657,24.975866,0 91.964523,24.975917,0 91.964394,24.975980,0 91.964273,24.976054,0 91.964160,24.976138,0 91.964057,24.976232,0 91.963964,24.976335,0 91.963883,24.976445,0 91.963815,24.976563,0 91.963759,24.976685,0 91.963716,24.976813,0 91.963701,24.976883,0 91.963693,24.976912,0 91.963689,24.976917,0 91.963606,24.977010,0 91.963524,24.977120,0 91.963456,24.977238,0 91.963400,24.977361,0 91.963358,24.977488,0 91.963329,24.977619,0 91.963315,24.977751,0 91.963315,24.977884,0 91.963330,24.978017,0 91.963358,24.978147,0 91.963401,24.978274,0 91.963457,24.978397,0 91.963526,24.978515,0 91.963607,24.978625,0 91.963700,24.978728,0 91.963803,24.978822,0 91.963916,24.978906,0 91.964038,24.978980,0 91.964167,24.979042,0 91.964233,24.979071,0 91.964256,24.979090,0 91.964314,24.979142,0 91.964426,24.979226,0 91.964548,24.979300,0 91.964676,24.979363,0 91.964811,24.979414,0 91.964951,24.979452,0 91.965094,24.979478,0 91.965239,24.979491,0 91.965385,24.979491,0 91.965530,24.979478,0 91.965673,24.979452,0 91.965812,24.979414,0 91.965947,24.979363,0 91.966076,24.979300,0 91.966197,24.979226,0 91.966310,24.979142,0 91.966367,24.979090,0 91.966391,24.979070,0 91.966413,24.979055,0 91.966487,24.979010,0 91.966600,24.978925,0 91.966703,24.978831,0 91.966796,24.978729,0 91.966877,24.978618,0 91.966912,24.978559,0 91.966930,24.978531,0 91.966965,24.978530,0 91.967361,24.978530,0 91.967515,24.978523,0 91.967667,24.978501,0 91.967816,24.978465,0 91.967960,24.978415,0 91.968097,24.978352,0 91.968227,24.978276,0 91.968347,24.978189,0 91.968457,24.978090,0 91.968537,24.978002,0 91.968546,24.977992,0 91.968582,24.977991,0 91.969048,24.977991,0 91.969084,24.977992,0 91.969093,24.978002,0 91.969173,24.978090,0 91.969283,24.978189,0 91.969403,24.978276,0 91.969533,24.978352,0 91.969670,24.978415,0 91.969814,24.978465,0 91.969963,24.978501,0 91.970115,24.978523,0 91.970269,24.978530,0 91.970293,24.978530,0 91.970439,24.978523,0 91.970583,24.978504,0 91.970725,24.978472,0 91.970862,24.978427,0 91.970994,24.978370,0 91.971119,24.978302,0 91.971236,24.978222,0 91.971344,24.978133,0 91.971442,24.978035,0 91.971529,24.977928,0 91.971604,24.977814,0 91.971666,24.977694,0 91.971715,24.977569,0 91.971751,24.977440,0 91.971772,24.977308,0 91.971779,24.977175,0 91.971779,24.976946,0 91.971781,24.976914,0 91.971817,24.976909,0 91.971887,24.976903,0 91.972030,24.976877,0 91.972170,24.976839,0 91.972304,24.976788,0 91.972433,24.976725,0 91.972554,24.976651,0 91.972667,24.976567,0 91.972770,24.976473,0 91.972854,24.976379,0 91.972858,24.976375,0 91.972895,24.976371,0 91.972965,24.976364,0 91.973108,24.976338,0 91.973248,24.976300,0 91.973382,24.976249,0 91.973511,24.976186,0 91.973632,24.976112,0 91.973745,24.976028,0 91.973848,24.975934,0 91.973932,24.975840,0 91.973937,24.975836,0 91.973980,24.975807,0 91.974093,24.975723,0 91.974196,24.975629,0 91.974288,24.975526,0 91.974369,24.975415,0 91.974438,24.975298,0 91.974494,24.975175,0 91.974536,24.975048,0 91.974565,24.974918,0 91.974579,24.974785,0 91.974579,24.974652,0 91.974565,24.974520,0 91.974536,24.974390,0 91.974494,24.974263,0 91.974476,24.974218,0 91.974474,24.974185,0 91.974474,24.973712,0 91.974476,24.973681,0 91.974511,24.973679,0 91.974977,24.973679,0 91.975013,24.973681,0 91.975018,24.973683,0 91.975136,24.973740,0 91.975271,24.973791,0 91.975410,24.973830,0 91.975553,24.973856,0 91.975698,24.973869,0 91.975844,24.973869,0 91.975989,24.973856,0 91.976132,24.973830,0 91.976272,24.973791,0 91.976406,24.973740,0 91.976535,24.973677,0 91.976654,24.973605,0 91.976643,24.973641,0 91.976616,24.973768,0 91.976604,24.973896,0 91.976604,24.974026,0 91.976618,24.974154,0 91.976629,24.974218,0 91.976630,24.974251,0 91.976630,24.974757,0 91.976630,24.974757,0 91.976630,24.974856,0 91.976645,24.974989,0 91.976673,24.975119,0 91.976715,24.975246,0 91.976771,24.975369,0 91.976840,24.975486,0 91.976921,24.975597,0 91.977014,24.975700,0 91.977117,24.975794,0 91.977192,24.975856,0 91.977249,24.975908,0 91.977362,24.975992,0 91.977483,24.976066,0 91.977612,24.976129,0 91.977747,24.976180,0 91.977886,24.976218,0 91.978029,24.976244,0 91.978174,24.976257,0 91.978320,24.976257,0 91.978465,24.976244,0 91.978608,24.976218,0 91.978748,24.976180,0 91.978883,24.976129,0 91.979011,24.976066,0 91.979133,24.975992,0 91.979245,24.975908,0 91.979303,24.975856,0 91.979326,24.975837,0 91.979362,24.975835,0 91.979828,24.975835,0 91.979863,24.975837,0 91.979879,24.975896,0 91.979922,24.976023,0 91.979977,24.976146,0 91.980046,24.976263,0 91.980127,24.976374,0 91.980220,24.976477,0 91.980323,24.976571,0 91.980436,24.976655,0 91.980557,24.976729,0 91.980685,24.976791,0 91.980820,24.976842,0 91.980960,24.976881,0 91.981103,24.976907,0 91.981248,24.976920,0 91.981394,24.976920,0 91.981424,24.976917,0 91.981518,24.976913,0 91.981984,24.976913,0 91.982019,24.976914,0 91.982037,24.976942,0 91.982072,24.977001,0 91.982153,24.977112,0 91.982245,24.977214,0 91.982349,24.977308,0 91.982461,24.977393,0 91.982535,24.977438,0 91.982558,24.977453,0 91.982559,24.977485,0 91.982559,24.978792,0 91.982566,24.978925,0 91.982588,24.979057,0 91.982623,24.979186,0 91.982672,24.979311,0 91.982735,24.979431,0 91.982810,24.979545,0 91.982897,24.979652,0 91.982994,24.979750,0 91.983103,24.979839,0 91.983220,24.979919,0 91.983345,24.979987,0 91.983477,24.980044,0 91.983614,24.980089,0 91.983755,24.980121,0 91.983900,24.980140,0 91.984045,24.980147,0 91.984140,24.980147,0 91.984175,24.980148,0 91.984180,24.980168,0 91.984199,24.980256,0 91.984242,24.980383,0 91.984298,24.980506,0 91.984366,24.980623,0 91.984447,24.980734,0 91.984510,24.980803,0 91.984423,24.980883,0 91.984330,24.980985,0 91.984249,24.981096,0 91.984180,24.981213,0 91.984175,24.981223,0 91.984140,24.981225,0 91.984013,24.981225,0 91.983873,24.981231,0 91.983734,24.981249,0 91.983597,24.981279,0 91.983464,24.981321,0 91.983336,24.981374,0 91.983214,24.981438,0 91.983099,24.981512,0 91.982992,24.981595,0 91.982895,24.981687,0 91.982807,24.981788,0 91.982731,24.981895,0 91.982666,24.982009,0 91.982612,24.982127,0 91.982572,24.982250,0 91.982558,24.982302,0 91.982546,24.982311,0 91.982458,24.982377,0 91.982355,24.982471,0 91.982263,24.982574,0 91.982182,24.982684,0 91.982113,24.982802,0 91.982057,24.982924,0 91.982015,24.983052,0 91.981986,24.983182,0 91.981972,24.983314,0 91.981972,24.983447,0 91.981986,24.983580,0 91.982015,24.983710,0 91.982057,24.983837,0 91.982113,24.983960,0 91.982182,24.984077,0 91.982263,24.984188,0 91.982355,24.984290,0 91.982458,24.984384,0 91.982546,24.984450,0 91.982558,24.984460,0 91.982572,24.984511,0 91.982616,24.984643,0 91.982675,24.984771,0 91.982747,24.984892,0 91.982833,24.985005,0 91.982931,24.985111,0 91.983041,24.985206,0 91.983160,24.985291,0 91.983288,24.985365,0 91.983424,24.985426,0 91.983566,24.985474,0 91.983712,24.985509,0 91.983862,24.985530,0 91.984013,24.985537,0 91.984140,24.985537,0 91.984176,24.985538,0 91.984221,24.985563,0 91.984349,24.985626,0 91.984484,24.985676,0 91.984624,24.985715,0 91.984767,24.985741,0 91.984912,24.985754,0 91.985058,24.985754,0 91.985203,24.985741,0 91.985346,24.985715,0 91.985485,24.985676,0 91.985620,24.985626,0 91.985749,24.985563,0 91.985770,24.985551,0 91.985891,24.985478,0 91.986004,24.985393,0 91.986107,24.985299,0 91.986199,24.985197,0 91.986280,24.985086,0 91.986315,24.985027,0 91.986334,24.984999,0 91.986356,24.984984,0 91.986430,24.984939,0 91.986543,24.984854,0 91.986646,24.984760,0 91.986738,24.984658,0 91.986819,24.984547,0 91.986854,24.984488,0 91.986872,24.984460,0 91.986908,24.984459,0 91.987374,24.984459,0 91.987410,24.984460,0 91.987455,24.984485,0 91.987583,24.984548,0 91.987718,24.984598,0 91.987858,24.984637,0 91.988001,24.984663,0 91.988146,24.984676,0 91.988292,24.984676,0 91.988437,24.984663,0 91.988580,24.984637,0 91.988719,24.984598,0 91.988854,24.984548,0 91.988983,24.984485,0 91.989004,24.984473,0 91.989125,24.984400,0 91.989238,24.984315,0 91.989341,24.984221,0 91.989433,24.984119,0 91.989514,24.984008,0 91.989549,24.983949,0 91.989568,24.983921,0 91.989617,24.983880,0 91.989726,24.983780,0 91.989823,24.983670,0 91.989908,24.983551,0 91.989978,24.983425,0 91.990033,24.983293,0 91.990073,24.983157,0 91.990097,24.983017,0 91.990105,24.982876,0 91.990105,24.982807,0 91.990099,24.982682,0 91.990080,24.982558,0 91.990048,24.982435,0 91.990004,24.982316,0 91.989948,24.982202,0 91.989881,24.982092,0 91.989803,24.981989,0 91.989715,24.981892,0 91.989617,24.981804,0 91.989567,24.981763,0 91.989559,24.981755,0 91.989488,24.981675,0 91.989390,24.981585,0 91.989284,24.981503,0 91.989171,24.981431,0 91.989050,24.981369,0 91.988923,24.981318,0 91.988792,24.981278,0 91.988657,24.981248,0 91.988520,24.981231,0 91.988382,24.981225,0 91.986908,24.981225,0 91.986872,24.981223,0 91.986867,24.981213,0 91.986798,24.981096,0 91.986717,24.980985,0 91.986655,24.980916,0 91.986742,24.980836,0 91.986834,24.980734,0 91.986875,24.980684,0 91.986956,24.980574,0 91.987024,24.980456,0 91.987080,24.980334,0 91.987123,24.980206,0 91.987151,24.980076,0 91.987165,24.979944,0 91.987165,24.979811,0 91.987151,24.979679,0 91.987123,24.979548,0 91.987080,24.979421,0 91.987024,24.979298,0 91.986956,24.979181,0 91.986875,24.979070,0 91.986873,24.979068,0 91.986871,24.979036,0 91.986871,24.978563,0 91.986873,24.978531,0 91.986922,24.978490,0 91.987031,24.978390,0 91.987128,24.978280,0 91.987213,24.978161,0 91.987283,24.978035,0 91.987338,24.977903,0 91.987378,24.977767,0 91.987402,24.977627,0 91.987410,24.977486,0 91.987410,24.976374,0 91.987410,24.976374,0 91.987410,24.976274,0 91.987396,24.976142,0 91.987367,24.976012,0 91.987325,24.975885,0 91.987269,24.975762,0 91.987201,24.975645,0 91.987119,24.975534,0 91.987027,24.975431,0 91.986924,24.975337,0 91.986873,24.975295,0 91.986871,24.975263,0 91.986871,24.974790,0 91.986873,24.974759,0 91.986908,24.974757,0 91.987374,24.974757,0 91.987408,24.974759,0 91.987410,24.974790,0 91.987410,24.975072,0 91.987418,24.975210,0 91.987441,24.975347,0 91.987479,24.975480,0 91.987532,24.975610,0 91.987599,24.975733,0 91.987680,24.975850,0 91.987773,24.975959,0 91.987878,24.976059,0 91.987993,24.976148,0 91.988118,24.976226,0 91.988251,24.976292,0 91.988390,24.976346,0 91.988438,24.976359,0 91.988487,24.976375,0 91.988491,24.976379,0 91.988575,24.976473,0 91.988679,24.976567,0 91.988791,24.976651,0 91.988913,24.976725,0 91.989041,24.976788,0 91.989176,24.976839,0 91.989315,24.976877,0 91.989458,24.976903,0 91.989529,24.976909,0 91.989565,24.976914,0 91.989583,24.976942,0 91.989618,24.977001,0 91.989699,24.977112,0 91.989791,24.977214,0 91.989894,24.977308,0 91.990007,24.977393,0 91.990081,24.977438,0 91.990103,24.977453,0 91.990105,24.977485,0 91.990105,24.977714,0 91.990112,24.977847,0 91.990134,24.977979,0 91.990169,24.978108,0 91.990218,24.978233,0 91.990281,24.978353,0 91.990356,24.978467,0 91.990442,24.978574,0 91.990540,24.978672,0 91.990648,24.978761,0 91.990766,24.978841,0 91.990891,24.978909,0 91.991022,24.978966,0 91.991160,24.979011,0 91.991301,24.979043,0 91.991445,24.979062,0 91.991591,24.979069,0 91.992764,24.979069,0 91.992798,24.979070,0 91.992800,24.979102,0 91.992800,24.979103,0 91.992808,24.979244,0 91.992832,24.979384,0 91.992872,24.979520,0 91.992928,24.979652,0 91.992998,24.979778,0 91.993082,24.979897,0 91.993179,24.980007,0 91.993288,24.980107,0 91.993338,24.980148,0 91.993356,24.980176,0 91.993391,24.980235,0 91.993472,24.980346,0 91.993564,24.980448,0 91.993667,24.980542,0 91.993780,24.980627,0 91.993854,24.980672,0 91.993877,24.980687,0 91.993895,24.980715,0 91.993930,24.980774,0 91.994011,24.980885,0 91.994103,24.980987,0 91.994206,24.981081,0 91.994319,24.981166,0 91.994393,24.981211,0 91.994416,24.981226,0 91.994420,24.981230,0 91.994504,24.981324,0 91.994607,24.981418,0 91.994720,24.981502,0 91.994841,24.981576,0 91.994970,24.981639,0 91.995105,24.981690,0 91.995244,24.981728,0 91.995387,24.981754,0 91.995458,24.981760,0 91.995494,24.981765,0 91.995499,24.981776,0 91.995568,24.981893,0 91.995649,24.982003,0 91.995741,24.982106,0 91.995844,24.982200,0 91.995957,24.982284,0 91.996078,24.982358,0 91.996207,24.982421,0 91.996342,24.982472,0 91.996481,24.982510,0 91.996624,24.982536,0 91.996770,24.982549,0 91.996915,24.982549,0 91.997061,24.982536,0 91.997204,24.982510,0 91.997343,24.982472,0 91.997478,24.982421,0 91.997606,24.982358,0 91.997728,24.982284,0 91.997840,24.982200,0 91.997944,24.982106,0 91.998036,24.982003,0 91.998117,24.981893,0 91.998186,24.981776,0 91.998191,24.981765,0 91.998214,24.981750,0 91.998288,24.981705,0 91.998401,24.981620,0 91.998504,24.981526,0 91.998596,24.981424,0 91.998677,24.981313,0 91.998712,24.981254,0 91.998730,24.981226,0 91.998765,24.981225,0 91.999231,24.981225,0 91.999266,24.981226,0 91.999268,24.981258,0 91.999268,24.983348,0 91.999266,24.983380,0 91.999263,24.983385,0 91.999187,24.983488,0 91.999117,24.983609,0 91.999061,24.983734,0 91.999019,24.983865,0 91.998991,24.983998,0 91.998979,24.984134,0 91.998981,24.984270,0 91.998998,24.984405,0 91.999030,24.984538,0 91.999076,24.984667,0 91.999136,24.984791,0 91.999210,24.984909,0 91.999296,24.985020,0 91.999394,24.985123,0 91.999503,24.985216,0 91.999622,24.985298,0 91.999749,24.985370,0 91.999883,24.985429,0 92.000023,24.985476,0 92.000167,24.985510,0 92.000315,24.985530,0 92.000464,24.985537,0 92.000848,24.985537,0 92.000884,24.985538,0 92.000926,24.985556,0 92.001061,24.985607,0 92.001201,24.985646,0 92.001344,24.985672,0 92.001490,24.985685,0 92.001636,24.985685,0 92.001782,24.985671,0 92.001925,24.985645,0 92.002065,24.985606,0 92.002200,24.985555,0 92.002328,24.985492,0 92.002450,24.985418,0 92.002562,24.985333,0 92.002666,24.985239,0 92.002758,24.985135,0 92.002839,24.985024,0 92.002907,24.984907,0 92.002963,24.984783,0 92.003005,24.984656,0 92.003032,24.984525,0 92.003043,24.984459,0 92.003092,24.984419,0 92.003201,24.984319,0 92.003298,24.984209,0 92.003382,24.984090,0 92.003452,24.983964,0 92.003508,24.983832,0 92.003548,24.983696,0 92.003572,24.983556,0 92.003580,24.983415,0 92.003580,24.983414,0 92.003582,24.983382,0 92.003616,24.983381,0 92.004082,24.983381,0 92.004118,24.983382,0 92.004127,24.983392,0 92.004208,24.983480,0 92.004317,24.983579,0 92.004438,24.983666,0 92.004567,24.983742,0 92.004705,24.983805,0 92.004849,24.983855,0 92.004997,24.983891,0 92.005149,24.983913,0 92.005303,24.983920,0 92.005699,24.983920,0 92.005734,24.983921,0 92.005736,24.983953,0 92.005736,24.984751,0 92.005743,24.984887,0 92.005765,24.985021,0 92.005802,24.985152,0 92.005853,24.985279,0 92.005918,24.985401,0 92.005996,24.985517,0 92.006086,24.985625,0 92.006101,24.985639,0 92.006094,24.985637,0 92.005959,24.985593,0 92.005820,24.985562,0 92.005678,24.985543,0 92.005534,24.985537,0 92.005233,24.985537,0 92.005198,24.985535,0 92.005194,24.985531,0 92.005110,24.985438,0 92.005006,24.985344,0 92.004894,24.985259,0 92.004772,24.985186,0 92.004644,24.985123,0 92.004509,24.985072,0 92.004369,24.985033,0 92.004226,24.985007,0 92.004081,24.984994,0 92.004062,24.984994,0 92.004030,24.984991,0 92.003884,24.984991,0 92.003738,24.985004,0 92.003595,24.985030,0 92.003455,24.985069,0 92.003320,24.985120,0 92.003191,24.985183,0 92.003070,24.985257,0 92.002957,24.985342,0 92.002854,24.985437,0 92.002761,24.985540,0 92.002680,24.985651,0 92.002612,24.985769,0 92.002556,24.985892,0 92.002515,24.986020,0 92.002487,24.986150,0 92.002473,24.986283,0 92.002474,24.986416,0 92.002489,24.986549,0 92.002500,24.986618,0 92.002502,24.986648,0 92.002502,24.987120,0 92.002500,24.987154,0 92.002490,24.987217,0 92.002475,24.987354,0 92.002476,24.987490,0 92.002492,24.987627,0 92.002522,24.987760,0 92.002568,24.987891,0 92.002627,24.988016,0 92.002701,24.988136,0 92.002787,24.988248,0 92.002885,24.988352,0 92.002994,24.988446,0 92.003113,24.988529,0 92.003240,24.988601,0 92.003375,24.988661,0 92.003516,24.988709,0 92.003661,24.988743,0 92.003810,24.988764,0 92.003960,24.988771,0 92.004082,24.988771,0 92.004119,24.988772,0 92.004150,24.988779,0 92.004293,24.988805,0 92.004438,24.988818,0 92.004584,24.988818,0 92.004729,24.988805,0 92.004872,24.988779,0 92.005012,24.988741,0 92.005147,24.988690,0 92.005275,24.988627,0 92.005396,24.988554,0 92.005509,24.988469,0 92.005612,24.988375,0 92.005705,24.988272,0 92.005737,24.988233,0 92.005752,24.988231,0 92.005893,24.988206,0 92.006031,24.988168,0 92.006163,24.988118,0 92.006290,24.988057,0 92.006410,24.987986,0 92.006522,24.987903,0 92.006624,24.987812,0 92.006717,24.987712,0 92.006798,24.987604,0 92.006868,24.987490,0 92.006925,24.987370,0 92.006969,24.987245,0 92.007000,24.987118,0 92.007017,24.986988,0 92.007020,24.986857,0 92.007010,24.986726,0 92.006985,24.986598,0 92.006947,24.986471,0 92.006896,24.986349,0 92.006833,24.986232,0 92.006757,24.986121,0 92.006670,24.986017,0 92.006654,24.986002,0 92.006686,24.986015,0 92.006827,24.986057,0 92.006972,24.986086,0 92.007120,24.986103,0 92.007269,24.986105,0 92.007417,24.986094,0 92.007563,24.986070,0 92.007706,24.986032,0 92.007844,24.985981,0 92.007976,24.985918,0 92.008100,24.985844,0 92.008216,24.985758,0 92.008321,24.985663,0 92.008416,24.985558,0 92.008432,24.985538,0 92.008482,24.985497,0 92.008591,24.985397,0 92.008688,24.985287,0 92.008772,24.985168,0 92.008842,24.985042,0 92.008898,24.984910,0 92.008937,24.984774,0 92.008962,24.984634,0 92.008970,24.984493,0 92.008970,24.984492,0 92.008971,24.984460,0 92.009021,24.984419,0 92.009130,24.984319,0 92.009227,24.984209,0 92.009311,24.984090,0 92.009381,24.983964,0 92.009437,24.983832,0 92.009476,24.983696,0 92.009501,24.983556,0 92.009509,24.983415,0 92.009509,24.983414,0 92.009510,24.983381,0 92.009528,24.983336,0 92.009570,24.983209,0 92.009599,24.983079,0 92.009613,24.982946,0 92.009613,24.982813,0 92.009599,24.982681,0 92.009570,24.982551,0 92.009528,24.982423,0 92.009472,24.982301,0 92.009404,24.982183,0 92.009323,24.982073,0 92.009230,24.981970,0 92.009127,24.981876,0 92.009014,24.981792,0 92.008971,24.981763,0 92.008970,24.981731,0 92.008970,24.981258,0 92.008971,24.981226,0 92.009006,24.981225,0 92.010550,24.981225,0 92.010585,24.981226,0 92.010587,24.981258,0 92.010587,24.981798,0 92.010595,24.981939,0 92.010619,24.982079,0 92.010659,24.982215,0 92.010714,24.982347,0 92.010784,24.982473,0 92.010868,24.982592,0 92.010966,24.982702,0 92.011075,24.982802,0 92.011124,24.982843,0 92.011138,24.982894,0 92.011183,24.983026,0 92.011241,24.983154,0 92.011314,24.983275,0 92.011400,24.983388,0 92.011498,24.983494,0 92.011607,24.983589,0 92.011726,24.983674,0 92.011855,24.983748,0 92.011990,24.983809,0 92.012132,24.983857,0 92.012279,24.983892,0 92.012429,24.983913,0 92.012580,24.983920,0 92.013245,24.983920,0 92.013280,24.983921,0 92.013294,24.983972,0 92.013338,24.984104,0 92.013397,24.984232,0 92.013470,24.984353,0 92.013556,24.984466,0 92.013654,24.984572,0 92.013763,24.984667,0 92.013882,24.984752,0 92.014011,24.984826,0 92.014146,24.984887,0 92.014288,24.984935,0 92.014435,24.984970,0 92.014585,24.984991,0 92.014736,24.984998,0 92.015401,24.984998,0 92.015437,24.984999,0 92.015489,24.985006,0 92.015634,24.985019,0 92.015780,24.985019,0 92.015925,24.985006,0 92.015977,24.984999,0 92.016013,24.984998,0 92.016479,24.984998,0 92.016515,24.984999,0 92.016533,24.985027,0 92.016567,24.985086,0 92.016648,24.985197,0 92.016741,24.985299,0 92.016844,24.985393,0 92.016957,24.985478,0 92.017031,24.985523,0 92.017053,24.985538,0 92.017070,24.985558,0 92.017164,24.985663,0 92.017270,24.985758,0 92.017385,24.985844,0 92.017509,24.985918,0 92.017641,24.985981,0 92.017779,24.986032,0 92.017922,24.986070,0 92.018068,24.986094,0 92.018217,24.986105,0 92.018310,24.986103,0 92.018300,24.986120,0 92.018240,24.986238,0 92.018194,24.986360,0 92.018160,24.986487,0 92.018139,24.986615,0 92.018133,24.986745,0 92.018133,24.986883,0 92.018140,24.987020,0 92.018163,24.987155,0 92.018201,24.987288,0 92.018253,24.987417,0 92.018319,24.987540,0 92.018398,24.987656,0 92.018490,24.987765,0 92.018594,24.987864,0 92.018708,24.987953,0 92.018831,24.988032,0 92.018963,24.988098,0 92.019101,24.988153,0 92.019244,24.988194,0 92.019392,24.988222,0 92.019541,24.988236,0 92.019692,24.988236,0 92.019786,24.988232,0 92.020087,24.988232,0 92.020235,24.988225,0 92.020382,24.988205,0 92.020525,24.988171,0 92.020665,24.988125,0 92.020798,24.988066,0 92.020925,24.987996,0 92.021043,24.987914,0 92.021152,24.987822,0 92.021250,24.987721,0 92.021336,24.987611,0 92.021410,24.987494,0 92.021471,24.987371,0 92.021518,24.987243,0 92.021551,24.987111,0 92.021569,24.986977,0 92.021573,24.986842,0 92.021561,24.986707,0 92.021536,24.986574,0 92.021495,24.986444,0 92.021441,24.986318,0 92.021373,24.986198,0 92.021292,24.986085,0 92.021200,24.985979,0 92.021096,24.985883,0 92.020982,24.985796,0 92.020859,24.985720,0 92.020729,24.985656,0 92.020592,24.985603,0 92.020451,24.985564,0 92.020305,24.985537,0 92.020289,24.985535,0 92.020254,24.985520,0 92.020123,24.985470,0 92.019987,24.985432,0 92.019847,24.985406,0 92.019705,24.985392,0 92.019573,24.985391,0 92.019632,24.985279,0 92.019683,24.985152,0 92.019720,24.985021,0 92.019742,24.984887,0 92.019749,24.984751,0 92.019749,24.983414,0 92.019751,24.983381,0 92.019778,24.983348,0 92.019813,24.983310,0 92.019894,24.983199,0 92.019963,24.983082,0 92.020018,24.982959,0 92.020061,24.982832,0 92.020089,24.982702,0 92.020103,24.982569,0 92.020103,24.982437,0 92.020089,24.982304,0 92.020061,24.982174,0 92.020018,24.982047,0 92.019963,24.981924,0 92.019937,24.981879,0 92.019973,24.981873,0 92.020112,24.981834,0 92.020247,24.981783,0 92.020289,24.981765,0 92.020325,24.981764,0 92.020791,24.981764,0 92.020826,24.981765,0 92.020827,24.981797,0 92.020827,24.982270,0 92.020826,24.982302,0 92.020810,24.982343,0 92.020791,24.982385,0 92.020748,24.982513,0 92.020720,24.982643,0 92.020705,24.982775,0 92.020705,24.982908,0 92.020720,24.983041,0 92.020748,24.983171,0 92.020791,24.983298,0 92.020810,24.983340,0 92.020826,24.983381,0 92.020827,24.983414,0 92.020827,24.983954,0 92.020836,24.984095,0 92.020860,24.984235,0 92.020900,24.984371,0 92.020955,24.984503,0 92.021025,24.984629,0 92.021109,24.984748,0 92.021206,24.984858,0 92.021316,24.984958,0 92.021365,24.984999,0 92.021375,24.985009,0 92.021455,24.985097,0 92.021565,24.985196,0 92.021685,24.985283,0 92.021815,24.985359,0 92.021952,24.985422,0 92.022096,24.985472,0 92.022245,24.985508,0 92.022397,24.985529,0 92.022551,24.985537,0 92.023486,24.985537,0 92.023521,24.985538,0 92.023537,24.985598,0 92.023580,24.985725,0 92.023636,24.985848,0 92.023704,24.985965,0 92.023785,24.986076,0 92.023873,24.986173,0 92.023746,24.986132,0 92.023606,24.986101,0 92.023464,24.986082,0 92.023321,24.986076,0 92.023101,24.986076,0 92.022959,24.986082,0 92.022818,24.986101,0 92.022679,24.986132,0 92.022544,24.986174,0 92.022415,24.986229,0 92.022292,24.986294,0 92.022176,24.986370,0 92.022069,24.986456,0 92.021971,24.986551,0 92.021884,24.986654,0 92.021807,24.986764,0 92.021743,24.986880,0 92.021692,24.987001,0 92.021653,24.987126,0 92.021628,24.987254,0 92.021616,24.987384,0 92.021618,24.987514,0 92.021634,24.987643,0 92.021663,24.987771,0 92.021705,24.987895,0 92.021761,24.988015,0 92.021828,24.988129,0 92.021908,24.988237,0 92.021936,24.988272,0 92.022029,24.988375,0 92.022132,24.988469,0 92.022245,24.988554,0 92.022366,24.988627,0 92.022495,24.988690,0 92.022629,24.988741,0 92.022769,24.988779,0 92.022912,24.988805,0 92.023057,24.988818,0 92.023203,24.988818,0 92.023348,24.988805,0 92.023491,24.988779,0 92.023523,24.988772,0 92.023539,24.988770,0 92.023680,24.988745,0 92.023817,24.988707,0 92.023950,24.988657,0 92.024077,24.988596,0 92.024197,24.988525,0 92.024309,24.988442,0 92.024411,24.988351,0 92.024503,24.988251,0 92.024585,24.988143,0 92.024654,24.988029,0 92.024711,24.987909,0 92.024755,24.987784,0 92.024786,24.987657,0 92.024803,24.987527,0 92.024807,24.987396,0 92.024796,24.987265,0 92.024772,24.987137,0 92.024734,24.987010,0 92.024683,24.986888,0 92.024619,24.986771,0 92.024543,24.986660,0 92.024456,24.986556,0 92.024422,24.986523,0 92.024478,24.986544,0 92.024618,24.986583,0 92.024761,24.986609,0 92.024906,24.986622,0 92.025052,24.986622,0 92.025082,24.986619,0 92.025176,24.986615,0 92.025302,24.986615,0 92.025453,24.986608,0 92.025603,24.986587,0 92.025750,24.986552,0 92.025892,24.986504,0 92.026027,24.986443,0 92.026156,24.986369,0 92.026275,24.986284,0 92.026384,24.986189,0 92.026482,24.986083,0 92.026568,24.985970,0 92.026641,24.985849,0 92.026700,24.985721,0 92.026744,24.985589,0 92.026758,24.985538,0 92.026793,24.985537,0 92.027259,24.985537,0 92.027294,24.985538,0 92.027295,24.985570,0 92.027295,24.985799,0 92.027303,24.985932,0 92.027324,24.986063,0 92.027359,24.986192,0 92.027408,24.986318,0 92.027471,24.986438,0 92.027546,24.986552,0 92.027633,24.986658,0 92.027731,24.986757,0 92.027839,24.986846,0 92.027956,24.986925,0 92.028081,24.986994,0 92.028213,24.987051,0 92.028350,24.987095,0 92.028492,24.987128,0 92.028636,24.987147,0 92.028781,24.987154,0 92.028876,24.987154,0 92.028911,24.987155,0 92.028916,24.987165,0 92.028985,24.987282,0 92.029066,24.987393,0 92.029159,24.987496,0 92.029262,24.987590,0 92.029374,24.987674,0 92.029496,24.987748,0 92.029624,24.987811,0 92.029759,24.987861,0 92.029899,24.987900,0 92.030042,24.987926,0 92.030187,24.987939,0 92.030333,24.987939,0 92.030478,24.987926,0 92.030621,24.987900,0 92.030760,24.987861,0 92.030895,24.987811,0 92.031024,24.987748,0 92.031145,24.987674,0 92.031258,24.987590,0 92.031361,24.987496,0 92.031453,24.987393,0 92.031534,24.987282,0 92.031603,24.987165,0 92.031608,24.987155,0 92.031644,24.987154,0 92.032579,24.987154,0 92.032733,24.987146,0 92.032885,24.987125,0 92.033033,24.987089,0 92.033177,24.987039,0 92.033315,24.986976,0 92.033444,24.986900,0 92.033565,24.986813,0 92.033674,24.986714,0 92.033755,24.986626,0 92.033764,24.986616,0 92.033780,24.986614,0 92.033815,24.986608,0 92.033817,24.986608,0 92.033965,24.986615,0 92.034805,24.986615,0 92.034839,24.986616,0 92.034841,24.986648,0 92.034841,24.987120,0 92.034839,24.987154,0 92.034830,24.987214,0 92.034827,24.987224,0 92.034813,24.987357,0 92.034813,24.987490,0 92.034827,24.987622,0 92.034830,24.987633,0 92.034839,24.987693,0 92.034841,24.987726,0 92.034841,24.988008,0 92.034849,24.988146,0 92.034872,24.988282,0 92.034910,24.988416,0 92.034963,24.988545,0 92.035030,24.988669,0 92.035111,24.988786,0 92.035204,24.988895,0 92.035309,24.988994,0 92.035424,24.989084,0 92.035549,24.989162,0 92.035682,24.989228,0 92.035821,24.989282,0 92.035869,24.989295,0 92.035918,24.989311,0 92.035923,24.989321,0 92.035992,24.989438,0 92.036073,24.989549,0 92.036165,24.989652,0 92.036269,24.989746,0 92.036381,24.989830,0 92.036503,24.989904,0 92.036631,24.989966,0 92.036766,24.990017,0 92.036906,24.990056,0 92.037049,24.990082,0 92.037194,24.990095,0 92.037340,24.990095,0 92.037485,24.990082,0 92.037628,24.990056,0 92.037767,24.990017,0 92.037902,24.989966,0 92.038031,24.989904,0 92.038152,24.989830,0 92.038265,24.989746,0 92.038368,24.989652,0 92.038460,24.989549,0 92.038541,24.989438,0 92.038610,24.989321,0 92.038615,24.989311,0 92.038665,24.989295,0 92.038712,24.989282,0 92.038851,24.989228,0 92.038984,24.989162,0 92.039109,24.989084,0 92.039225,24.988994,0 92.039329,24.988895,0 92.039423,24.988786,0 92.039503,24.988669,0 92.039570,24.988545,0 92.039623,24.988416,0 92.039661,24.988282,0 92.039684,24.988146,0 92.039692,24.988008,0 92.039692,24.987726,0 92.039694,24.987694,0 92.039729,24.987693,0 92.040195,24.987693,0 92.040289,24.987697,0 92.040439,24.987697,0 92.040589,24.987683,0 92.040736,24.987655,0 92.040880,24.987614,0 92.041018,24.987559,0 92.041149,24.987493,0 92.041273,24.987414,0 92.041387,24.987325,0 92.041490,24.987226,0 92.041582,24.987117,0 92.041662,24.987001,0 92.041728,24.986878,0 92.041780,24.986749,0 92.041818,24.986616,0 92.041840,24.986481,0 92.041848,24.986344,0 92.041848,24.985537,0 92.041848,24.985537,0 92.041848,24.985437,0 92.041834,24.985305,0 92.041805,24.985175,0 92.041763,24.985047,0 92.041707,24.984925,0 92.041638,24.984807,0 92.041557,24.984697,0 92.041465,24.984594,0 92.041362,24.984500,0 92.041310,24.984458,0 92.041292,24.984430,0 92.041257,24.984371,0 92.041176,24.984260,0 92.041084,24.984157,0 92.040981,24.984063,0 92.040868,24.983979,0 92.040794,24.983934,0 92.040771,24.983919,0 92.040753,24.983891,0 92.040718,24.983832,0 92.040637,24.983721,0 92.040545,24.983618,0 92.040442,24.983524,0 92.040329,24.983440,0 92.040255,24.983395,0 92.040232,24.983380,0 92.040224,24.983372,0 92.040153,24.983292,0 92.040055,24.983202,0 92.039949,24.983120,0 92.039836,24.983048,0 92.039715,24.982986,0 92.039588,24.982935,0 92.039457,24.982894,0 92.039322,24.982865,0 92.039185,24.982848,0 92.039047,24.982842,0 92.038651,24.982842,0 92.038614,24.982840,0 92.038576,24.982828,0 92.038436,24.982789,0 92.038293,24.982763,0 92.038148,24.982750,0 92.038002,24.982750,0 92.037857,24.982763,0 92.037714,24.982789,0 92.037574,24.982828,0 92.037536,24.982840,0 92.037500,24.982842,0 92.035217,24.982842,0 92.035077,24.982848,0 92.034938,24.982866,0 92.034801,24.982896,0 92.034668,24.982938,0 92.034540,24.982991,0 92.034418,24.983054,0 92.034303,24.983128,0 92.034196,24.983212,0 92.034099,24.983304,0 92.034011,24.983405,0 92.033935,24.983512,0 92.033870,24.983626,0 92.033816,24.983744,0 92.033776,24.983867,0 92.033762,24.983918,0 92.033747,24.983920,0 92.033711,24.983927,0 92.033705,24.983926,0 92.033562,24.983920,0 92.033261,24.983920,0 92.033226,24.983918,0 92.033224,24.983887,0 92.033224,24.983065,0 92.033218,24.982937,0 92.033198,24.982810,0 92.033165,24.982686,0 92.033119,24.982565,0 92.033061,24.982448,0 92.032991,24.982337,0 92.032910,24.982232,0 92.032818,24.982135,0 92.032717,24.982046,0 92.032607,24.981966,0 92.032489,24.981896,0 92.032364,24.981837,0 92.032234,24.981788,0 92.032190,24.981776,0 92.032148,24.981763,0 92.032131,24.981703,0 92.032089,24.981576,0 92.032033,24.981453,0 92.031964,24.981335,0 92.031883,24.981225,0 92.031791,24.981122,0 92.031688,24.981028,0 92.031575,24.980944,0 92.031454,24.980870,0 92.031325,24.980807,0 92.031190,24.980756,0 92.031051,24.980718,0 92.030908,24.980692,0 92.030763,24.980679,0 92.030617,24.980679,0 92.030587,24.980682,0 92.030493,24.980686,0 92.030027,24.980686,0 92.029992,24.980684,0 92.029990,24.980653,0 92.029990,24.980370,0 92.029984,24.980242,0 92.029964,24.980115,0 92.029931,24.979991,0 92.029885,24.979870,0 92.029827,24.979753,0 92.029757,24.979642,0 92.029676,24.979537,0 92.029584,24.979440,0 92.029483,24.979351,0 92.029373,24.979271,0 92.029255,24.979201,0 92.029130,24.979142,0 92.029000,24.979093,0 92.028956,24.979081,0 92.028914,24.979068,0 92.028912,24.979036,0 92.028912,24.978563,0 92.028914,24.978531,0 92.028949,24.978530,0 92.030493,24.978530,0 92.030529,24.978532,0 92.030581,24.978538,0 92.030726,24.978552,0 92.030872,24.978552,0 92.031017,24.978538,0 92.031068,24.978532,0 92.031105,24.978530,0 92.031571,24.978530,0 92.031606,24.978531,0 92.031607,24.978563,0 92.031607,24.978564,0 92.031615,24.978705,0 92.031639,24.978845,0 92.031679,24.978981,0 92.031735,24.979113,0 92.031805,24.979239,0 92.031889,24.979358,0 92.031986,24.979468,0 92.032095,24.979568,0 92.032144,24.979609,0 92.032146,24.979641,0 92.032146,24.979642,0 92.032154,24.979783,0 92.032178,24.979923,0 92.032218,24.980059,0 92.032274,24.980191,0 92.032344,24.980317,0 92.032428,24.980436,0 92.032525,24.980546,0 92.032634,24.980646,0 92.032708,24.980707,0 92.032765,24.980759,0 92.032878,24.980843,0 92.032999,24.980917,0 92.033128,24.980980,0 92.033263,24.981031,0 92.033402,24.981069,0 92.033545,24.981095,0 92.033690,24.981108,0 92.033836,24.981108,0 92.033981,24.981095,0 92.034124,24.981069,0 92.034264,24.981031,0 92.034399,24.980980,0 92.034527,24.980917,0 92.034648,24.980843,0 92.034761,24.980759,0 92.034818,24.980707,0 92.034842,24.980687,0 92.034878,24.980686,0 92.035344,24.980686,0 92.035379,24.980687,0 92.035389,24.980697,0 92.035469,24.980785,0 92.035579,24.980884,0 92.035699,24.980971,0 92.035829,24.981047,0 92.035966,24.981110,0 92.036110,24.981160,0 92.036259,24.981196,0 92.036411,24.981218,0 92.036565,24.981225,0 92.038578,24.981225,0 92.038613,24.981226,0 92.038631,24.981254,0 92.038666,24.981313,0 92.038747,24.981424,0 92.038839,24.981526,0 92.038942,24.981620,0 92.039055,24.981705,0 92.039176,24.981778,0 92.039198,24.981790,0 92.039326,24.981853,0 92.039461,24.981904,0 92.039601,24.981942,0 92.039744,24.981968,0 92.039889,24.981981,0 92.040035,24.981981,0 92.040180,24.981968,0 92.040323,24.981942,0 92.040462,24.981904,0 92.040597,24.981853,0 92.040726,24.981790,0 92.040771,24.981765,0 92.040807,24.981764,0 92.041108,24.981764,0 92.041256,24.981757,0 92.041402,24.981737,0 92.041546,24.981704,0 92.041555,24.981701,0 92.041691,24.981738,0 92.041832,24.981763,0 92.041846,24.981765,0 92.041848,24.981797,0 92.041848,24.982270,0 92.041846,24.982303,0 92.041836,24.982367,0 92.041821,24.982503,0 92.041822,24.982640,0 92.041838,24.982776,0 92.041869,24.982910,0 92.041914,24.983040,0 92.041974,24.983166,0 92.042047,24.983285,0 92.042133,24.983397,0 92.042231,24.983501,0 92.042340,24.983595,0 92.042459,24.983678,0 92.042586,24.983750,0 92.042721,24.983811,0 92.042862,24.983858,0 92.043008,24.983892,0 92.043156,24.983913,0 92.043306,24.983920,0 92.044135,24.983920,0 92.044281,24.983913,0 92.044425,24.983894,0 92.044566,24.983861,0 92.044704,24.983817,0 92.044835,24.983760,0 92.044961,24.983691,0 92.045078,24.983612,0 92.045186,24.983523,0 92.045284,24.983425,0 92.045371,24.983318,0 92.045446,24.983204,0 92.045508,24.983084,0 92.045557,24.982958,0 92.045592,24.982830,0 92.045614,24.982698,0 92.045621,24.982565,0 92.045621,24.981501,0 92.045614,24.981369,0 92.045592,24.981237,0 92.045557,24.981108,0 92.045508,24.980983,0 92.045446,24.980863,0 92.045371,24.980749,0 92.045284,24.980642,0 92.045186,24.980544,0 92.045078,24.980454,0 92.044961,24.980375,0 92.044835,24.980307,0 92.044704,24.980250,0 92.044566,24.980205,0 92.044425,24.980173,0 92.044281,24.980153,0 92.044135,24.980147,0 92.044040,24.980147,0 92.044004,24.980145,0 92.043999,24.980143,0 92.043882,24.980086,0 92.043747,24.980035,0 92.043735,24.980031,0 92.043734,24.980029,0 92.043678,24.979907,0 92.043609,24.979789,0 92.043528,24.979679,0 92.043494,24.979640,0 92.043474,24.979617,0 92.043387,24.979519,0 92.043289,24.979429,0 92.043183,24.979347,0 92.043070,24.979275,0 92.042949,24.979214,0 92.042822,24.979162,0 92.042691,24.979122,0 92.042556,24.979092,0 92.042419,24.979075,0 92.042281,24.979069,0 92.042050,24.979069,0 92.041906,24.979075,0 92.041764,24.979094,0 92.041625,24.979125,0 92.041602,24.979133,0 92.041471,24.979096,0 92.041326,24.979069,0 92.041310,24.979067,0 92.041302,24.979060,0 92.041231,24.978980,0 92.041133,24.978890,0 92.041027,24.978808,0 92.040914,24.978736,0 92.040793,24.978675,0 92.040666,24.978623,0 92.040535,24.978583,0 92.040400,24.978553,0 92.040263,24.978536,0 92.040125,24.978530,0 92.039190,24.978530,0 92.039154,24.978528,0 92.039146,24.978521,0 92.039075,24.978441,0 92.038977,24.978351,0 92.038871,24.978269,0 92.038758,24.978197,0 92.038637,24.978136,0 92.038510,24.978084,0 92.038379,24.978044,0 92.038244,24.978014,0 92.038107,24.977997,0 92.037969,24.977991,0 92.037573,24.977991,0 92.037538,24.977989,0 92.037536,24.977958,0 92.037536,24.977485,0 92.037538,24.977453,0 92.037573,24.977452,0 92.037874,24.977452,0 92.038022,24.977445,0 92.038023,24.977445,0 92.038059,24.977451,0 92.038075,24.977453,0 92.038080,24.977456,0 92.038197,24.977513,0 92.038332,24.977564,0 92.038472,24.977602,0 92.038615,24.977628,0 92.038760,24.977641,0 92.038906,24.977641,0 92.039051,24.977628,0 92.039194,24.977602,0 92.039333,24.977564,0 92.039468,24.977513,0 92.039597,24.977450,0 92.039718,24.977376,0 92.039831,24.977292,0 92.039934,24.977198,0 92.040026,24.977095,0 92.040107,24.976985,0 92.040176,24.976868,0 92.040232,24.976745,0 92.040274,24.976618,0 92.040303,24.976487,0 92.040317,24.976355,0 92.040317,24.976222,0 92.040303,24.976090,0 92.040274,24.975959,0 92.040233,24.975837,0 92.040218,24.975782,0 92.040178,24.975660,0 92.040125,24.975541,0 92.040060,24.975427,0 92.039983,24.975320,0 92.039895,24.975220,0 92.039798,24.975127,0 92.039691,24.975044,0 92.039576,24.974970,0 92.039454,24.974906,0 92.039326,24.974853,0 92.039193,24.974811,0 92.039057,24.974781,0 92.038917,24.974763,0 92.038777,24.974757,0 92.038277,24.974757,0 92.038133,24.974763,0 92.038127,24.974764,0 92.038092,24.974758,0 92.038077,24.974756,0 92.038067,24.974697,0 92.038066,24.974685,0 92.038037,24.974555,0 92.037995,24.974427,0 92.037939,24.974305,0 92.037871,24.974187,0 92.037790,24.974077,0 92.037697,24.973974,0 92.037594,24.973880,0 92.037481,24.973796,0 92.037360,24.973722,0 92.037231,24.973659,0 92.037097,24.973608,0 92.036957,24.973570,0 92.036814,24.973544,0 92.036669,24.973531,0 92.036523,24.973531,0 92.036378,24.973544,0 92.036235,24.973570,0 92.036095,24.973608,0 92.035961,24.973659,0 92.035919,24.973677,0 92.035883,24.973679,0 92.035417,24.973679,0 92.035382,24.973677,0 92.035368,24.973626,0 92.035327,24.973504,0 92.035274,24.973385,0 92.035209,24.973271,0 92.035132,24.973164,0 92.035044,24.973064,0 92.034947,24.972971,0 92.034840,24.972888,0 92.034726,24.972814,0 92.034604,24.972750,0 92.034475,24.972697,0 92.034343,24.972655,0 92.034206,24.972625,0 92.034067,24.972607,0 92.033926,24.972601,0 92.033800,24.972601,0 92.033764,24.972599,0 92.033707,24.972568,0 92.033578,24.972506,0 92.033444,24.972455,0 92.033304,24.972416,0 92.033161,24.972390,0 92.033016,24.972377,0 92.032870,24.972377,0 92.032725,24.972390,0 92.032582,24.972416,0 92.032442,24.972455,0 92.032308,24.972506,0 92.032179,24.972568,0 92.032058,24.972642,0 92.031945,24.972726,0 92.031842,24.972820,0 92.031749,24.972923,0 92.031668,24.973034,0 92.031613,24.973128,0 92.031606,24.973139,0 92.031556,24.973180,0 92.031459,24.973268,0 92.031370,24.973365,0 92.031292,24.973468,0 92.031225,24.973578,0 92.031169,24.973693,0 92.031125,24.973812,0 92.031094,24.973934,0 92.031075,24.974058,0 92.031068,24.974183,0 92.031068,24.974185,0 92.031067,24.974216,0 92.031032,24.974218,0 92.027871,24.974218,0 92.027835,24.974216,0 92.027817,24.974189,0 92.027783,24.974130,0 92.027702,24.974019,0 92.027609,24.973916,0 92.027506,24.973823,0 92.027393,24.973738,0 92.027319,24.973693,0 92.027297,24.973678,0 92.027295,24.973646,0 92.027295,24.972634,0 92.027297,24.972603,0 92.027332,24.972601,0 92.028337,24.972601,0 92.028373,24.972603,0 92.028396,24.972622,0 92.028453,24.972674,0 92.028566,24.972759,0 92.028687,24.972832,0 92.028816,24.972895,0 92.028951,24.972946,0 92.029090,24.972985,0 92.029233,24.973010,0 92.029378,24.973023,0 92.029524,24.973023,0 92.029669,24.973010,0 92.029812,24.972985,0 92.029952,24.972946,0 92.030087,24.972895,0 92.030215,24.972832,0 92.030336,24.972759,0 92.030449,24.972674,0 92.030507,24.972622,0 92.030530,24.972603,0 92.030566,24.972601,0 92.030660,24.972601,0 92.030806,24.972594,0 92.030950,24.972575,0 92.031092,24.972543,0 92.031229,24.972498,0 92.031361,24.972441,0 92.031486,24.972373,0 92.031603,24.972294,0 92.031711,24.972204,0 92.031809,24.972106,0 92.031896,24.971999,0 92.031971,24.971885,0 92.032033,24.971765,0 92.032082,24.971640,0 92.032118,24.971511,0 92.032139,24.971379,0 92.032146,24.971246,0 92.032146,24.969939,0 92.032148,24.969907,0 92.032154,24.969905,0 92.032279,24.969871,0 92.032414,24.969820,0 92.032542,24.969757,0 92.032664,24.969683,0 92.032776,24.969599,0 92.032879,24.969505,0 92.032972,24.969402,0 92.033053,24.969292,0 92.033122,24.969174,0 92.033177,24.969052,0 92.033220,24.968924,0 92.033248,24.968794,0 92.033263,24.968662,0 92.033263,24.968529,0 92.033248,24.968397,0 92.033230,24.968312,0 92.033226,24.968289,0 92.033224,24.968256,0 92.033224,24.967716,0 92.033218,24.967590,0 92.033199,24.967466,0 92.033167,24.967344,0 92.033123,24.967225,0 92.033067,24.967110,0 92.033000,24.967000,0 92.032922,24.966897,0 92.032834,24.966801,0 92.032736,24.966712,0 92.032687,24.966671,0 92.032668,24.966643,0 92.032634,24.966584,0 92.032553,24.966473,0 92.032460,24.966371,0 92.032357,24.966277,0 92.032244,24.966192,0 92.032170,24.966147,0 92.032147,24.966132,0 92.032143,24.966128,0 92.032059,24.966034,0 92.031956,24.965940,0 92.031843,24.965856,0 92.031722,24.965782,0 92.031593,24.965719,0 92.031459,24.965668,0 92.031319,24.965630,0 92.031176,24.965604,0 92.031031,24.965591,0 92.031011,24.965590,0 92.030979,24.965587,0 92.030833,24.965587,0 92.030688,24.965600,0 92.030544,24.965626,0 92.030404,24.965665,0 92.030269,24.965716,0 92.030141,24.965779,0 92.030019,24.965854,0 92.029906,24.965938,0 92.029803,24.966033,0 92.029711,24.966136,0 92.029630,24.966247,0 92.029561,24.966365,0 92.029506,24.966488,0 92.029464,24.966616,0 92.029436,24.966747,0 92.029422,24.966880,0 92.029423,24.967013,0 92.029438,24.967145,0 92.029450,24.967215,0 92.029451,24.967244,0 92.029451,24.967717,0 92.029450,24.967749,0 92.029415,24.967750,0 92.028210,24.967750,0 92.028070,24.967756,0 92.027931,24.967774,0 92.027794,24.967804,0 92.027661,24.967846,0 92.027533,24.967899,0 92.027411,24.967963,0 92.027296,24.968037,0 92.027190,24.968120,0 92.027092,24.968213,0 92.027005,24.968313,0 92.026928,24.968421,0 92.026863,24.968534,0 92.026810,24.968653,0 92.026769,24.968775,0 92.026755,24.968827,0 92.026720,24.968828,0 92.026254,24.968828,0 92.026218,24.968826,0 92.026200,24.968799,0 92.026166,24.968740,0 92.026085,24.968629,0 92.025992,24.968527,0 92.025889,24.968433,0 92.025776,24.968348,0 92.025702,24.968303,0 92.025680,24.968288,0 92.025678,24.968256,0 92.025678,24.967244,0 92.025680,24.967213,0 92.025715,24.967211,0 92.026016,24.967211,0 92.026164,24.967204,0 92.026311,24.967184,0 92.026454,24.967151,0 92.026594,24.967105,0 92.026727,24.967046,0 92.026854,24.966975,0 92.026972,24.966894,0 92.027080,24.966802,0 92.027178,24.966700,0 92.027265,24.966591,0 92.027339,24.966474,0 92.027400,24.966350,0 92.027447,24.966222,0 92.027480,24.966090,0 92.027498,24.965956,0 92.027501,24.965821,0 92.027490,24.965686,0 92.027464,24.965553,0 92.027424,24.965423,0 92.027369,24.965298,0 92.027302,24.965177,0 92.027221,24.965064,0 92.027128,24.964959,0 92.027025,24.964862,0 92.026911,24.964775,0 92.026788,24.964699,0 92.026658,24.964635,0 92.026521,24.964583,0 92.026379,24.964543,0 92.026234,24.964517,0 92.026218,24.964515,0 92.026211,24.964507,0 92.026139,24.964427,0 92.026042,24.964337,0 92.025936,24.964256,0 92.025822,24.964184,0 92.025701,24.964122,0 92.025575,24.964070,0 92.025444,24.964030,0 92.025309,24.964001,0 92.025172,24.963983,0 92.025033,24.963977,0 92.024707,24.963977,0 92.024568,24.963983,0 92.024431,24.964001,0 92.024296,24.964030,0 92.024165,24.964070,0 92.024039,24.964122,0 92.023918,24.964184,0 92.023804,24.964256,0 92.023698,24.964337,0 92.023601,24.964427,0 92.023529,24.964507,0 92.023522,24.964515,0 92.023486,24.964516,0 92.023363,24.964516,0 92.023221,24.964522,0 92.023081,24.964541,0 92.022943,24.964571,0 92.022809,24.964614,0 92.022681,24.964668,0 92.022558,24.964732,0 92.022443,24.964807,0 92.022336,24.964892,0 92.022238,24.964986,0 92.022151,24.965088,0 92.022074,24.965197,0 92.022010,24.965312,0 92.021957,24.965432,0 92.021918,24.965556,0 92.021892,24.965683,0 92.021879,24.965812,0 92.021879,24.965941,0 92.021893,24.966069,0 92.021904,24.966133,0 92.021905,24.966166,0 92.021905,24.966639,0 92.021904,24.966671,0 92.021869,24.966672,0 92.020864,24.966672,0 92.020829,24.966671,0 92.020827,24.966639,0 92.020827,24.966166,0 92.020829,24.966134,0 92.020831,24.966132,0 92.020912,24.966021,0 92.020981,24.965904,0 92.021037,24.965781,0 92.021079,24.965654,0 92.021107,24.965523,0 92.021122,24.965391,0 92.021122,24.965258,0 92.021107,24.965126,0 92.021079,24.964996,0 92.021037,24.964868,0 92.020981,24.964746,0 92.020912,24.964628,0 92.020831,24.964518,0 92.020829,24.964516,0 92.020827,24.964483,0 92.020827,24.963471,0 92.020829,24.963439,0 92.020852,24.963432,0 92.020943,24.963407,0 92.021078,24.963356,0 92.021206,24.963293,0 92.021328,24.963219,0 92.021440,24.963135,0 92.021543,24.963041,0 92.021636,24.962938,0 92.021717,24.962828,0 92.021786,24.962711,0 92.021841,24.962588,0 92.021884,24.962461,0 92.021899,24.962390,0 92.021907,24.962361,0 92.021909,24.962359,0 92.021990,24.962248,0 92.022059,24.962131,0 92.022115,24.962008,0 92.022157,24.961881,0 92.022185,24.961750,0 92.022200,24.961618,0 92.022200,24.961485,0 92.022185,24.961353,0 92.022157,24.961223,0 92.022115,24.961095,0 92.022059,24.960973,0 92.021990,24.960855,0 92.021909,24.960745,0 92.021907,24.960743,0 92.021905,24.960710,0 92.021905,24.960709,0 92.021899,24.960583,0 92.021880,24.960459,0 92.021848,24.960337,0 92.021804,24.960218,0 92.021749,24.960103,0 92.021681,24.959994,0 92.021603,24.959890,0 92.021515,24.959794,0 92.021417,24.959705,0 92.021368,24.959664,0 92.021335,24.959624,0 92.021243,24.959522,0 92.021140,24.959428,0 92.021027,24.959343,0 92.020906,24.959270,0 92.020777,24.959207,0 92.020643,24.959156,0 92.020503,24.959117,0 92.020360,24.959091,0 92.020215,24.959078,0 92.020069,24.959078,0 92.019924,24.959091,0 92.019781,24.959117,0 92.019749,24.959125,0 92.019713,24.959126,0 92.019247,24.959126,0 92.019212,24.959125,0 92.019207,24.959105,0 92.019187,24.959017,0 92.019145,24.958890,0 92.019089,24.958767,0 92.019020,24.958650,0 92.018939,24.958539,0 92.018847,24.958436,0 92.018744,24.958342,0 92.018631,24.958258,0 92.018510,24.958184,0 92.018381,24.958121,0 92.018247,24.958071,0 92.018107,24.958032,0 92.017964,24.958006,0 92.017819,24.957993,0 92.017673,24.957993,0 92.017528,24.958006,0 92.017385,24.958032,0 92.017245,24.958071,0 92.017111,24.958121,0 92.016982,24.958184,0 92.016861,24.958258,0 92.016748,24.958342,0 92.016645,24.958436,0 92.016553,24.958539,0 92.016515,24.958586,0 92.016479,24.958587,0 92.016384,24.958587,0 92.016239,24.958594,0 92.016095,24.958613,0 92.015953,24.958646,0 92.015816,24.958690,0 92.015684,24.958747,0 92.015559,24.958816,0 92.015442,24.958895,0 92.015334,24.958984,0 92.015236,24.959082,0 92.015149,24.959189,0 92.015074,24.959303,0 92.015012,24.959423,0 92.014963,24.959549,0 92.014927,24.959678,0 92.014906,24.959809,0 92.014899,24.959942,0 92.014899,24.960467,0 92.014906,24.960599,0 92.014927,24.960731,0 92.014963,24.960860,0 92.015012,24.960985,0 92.015074,24.961105,0 92.015149,24.961219,0 92.015236,24.961326,0 92.015334,24.961424,0 92.015442,24.961514,0 92.015559,24.961593,0 92.015684,24.961661,0 92.015816,24.961718,0 92.015953,24.961763,0 92.016095,24.961795,0 92.016239,24.961815,0 92.016384,24.961821,0 92.016479,24.961821,0 92.016515,24.961823,0 92.016533,24.961850,0 92.016567,24.961909,0 92.016648,24.962020,0 92.016741,24.962123,0 92.016844,24.962217,0 92.016957,24.962301,0 92.017031,24.962346,0 92.017053,24.962361,0 92.017055,24.962393,0 92.017055,24.962866,0 92.017053,24.962898,0 92.017018,24.962899,0 92.016552,24.962899,0 92.016516,24.962898,0 92.016513,24.962894,0 92.016428,24.962800,0 92.016325,24.962706,0 92.016212,24.962622,0 92.016091,24.962548,0 92.015963,24.962485,0 92.015828,24.962434,0 92.015688,24.962396,0 92.015545,24.962370,0 92.015475,24.962364,0 92.015439,24.962359,0 92.015438,24.962327,0 92.015438,24.962045,0 92.015431,24.961917,0 92.015411,24.961790,0 92.015378,24.961665,0 92.015332,24.961544,0 92.015274,24.961427,0 92.015204,24.961316,0 92.015123,24.961211,0 92.015031,24.961114,0 92.014930,24.961025,0 92.014820,24.960946,0 92.014702,24.960876,0 92.014578,24.960816,0 92.014447,24.960768,0 92.014403,24.960756,0 92.014361,24.960742,0 92.014329,24.960702,0 92.014236,24.960600,0 92.014133,24.960506,0 92.014020,24.960421,0 92.013899,24.960347,0 92.013770,24.960285,0 92.013636,24.960234,0 92.013496,24.960195,0 92.013353,24.960169,0 92.013208,24.960156,0 92.013062,24.960156,0 92.012917,24.960169,0 92.012774,24.960195,0 92.012742,24.960203,0 92.012706,24.960204,0 92.011701,24.960204,0 92.011666,24.960203,0 92.011665,24.960171,0 92.011665,24.959699,0 92.011666,24.959666,0 92.011688,24.959651,0 92.011763,24.959606,0 92.011875,24.959522,0 92.011978,24.959428,0 92.012071,24.959325,0 92.012152,24.959214,0 92.012187,24.959155,0 92.012205,24.959127,0 92.012207,24.959125,0 92.012288,24.959014,0 92.012357,24.958897,0 92.012413,24.958774,0 92.012455,24.958647,0 92.012483,24.958517,0 92.012498,24.958384,0 92.012498,24.958251,0 92.012483,24.958119,0 92.012455,24.957989,0 92.012413,24.957861,0 92.012357,24.957739,0 92.012288,24.957621,0 92.012207,24.957511,0 92.012205,24.957509,0 92.012196,24.957449,0 92.012194,24.957437,0 92.012166,24.957307,0 92.012124,24.957180,0 92.012068,24.957057,0 92.012005,24.956950,0 92.012013,24.956948,0 92.012147,24.956897,0 92.012276,24.956835,0 92.012397,24.956761,0 92.012510,24.956676,0 92.012613,24.956582,0 92.012706,24.956480,0 92.012746,24.956430,0 92.012827,24.956319,0 92.012896,24.956202,0 92.012952,24.956079,0 92.012994,24.955952,0 92.013012,24.955869,0 92.013030,24.955952,0 92.013073,24.956079,0 92.013128,24.956202,0 92.013197,24.956319,0 92.013278,24.956430,0 92.013313,24.956472,0 92.013405,24.956575,0 92.013508,24.956669,0 92.013621,24.956753,0 92.013742,24.956827,0 92.013871,24.956890,0 92.014005,24.956941,0 92.014145,24.956979,0 92.014288,24.957005,0 92.014433,24.957018,0 92.014579,24.957018,0 92.014724,24.957005,0 92.014867,24.956979,0 92.014899,24.956972,0 92.014935,24.956970,0 92.015236,24.956970,0 92.015384,24.956964,0 92.015531,24.956943,0 92.015674,24.956910,0 92.015814,24.956864,0 92.015947,24.956805,0 92.016074,24.956735,0 92.016192,24.956653,0 92.016300,24.956561,0 92.016398,24.956460,0 92.016485,24.956350,0 92.016559,24.956233,0 92.016620,24.956109,0 92.016667,24.955981,0 92.016700,24.955850,0 92.016718,24.955715,0 92.016721,24.955580,0 92.016710,24.955446,0 92.016684,24.955313,0 92.016644,24.955183,0 92.016589,24.955057,0 92.016522,24.954937,0 92.016441,24.954823,0 92.016348,24.954718,0 92.016245,24.954621,0 92.016131,24.954534,0 92.016008,24.954459,0 92.015878,24.954394,0 92.015741,24.954342,0 92.015600,24.954302,0 92.015454,24.954276,0 92.015438,24.954274,0 92.015381,24.954243,0 92.015252,24.954180,0 92.015118,24.954129,0 92.014978,24.954090,0 92.014835,24.954064,0 92.014690,24.954051,0 92.014544,24.954051,0 92.014399,24.954064,0 92.014256,24.954090,0 92.014117,24.954129,0 92.013982,24.954180,0 92.013853,24.954243,0 92.013732,24.954316,0 92.013619,24.954401,0 92.013516,24.954495,0 92.013424,24.954597,0 92.013343,24.954708,0 92.013287,24.954803,0 92.013280,24.954813,0 92.013278,24.954816,0 92.013197,24.954926,0 92.013128,24.955044,0 92.013073,24.955167,0 92.013030,24.955294,0 92.013012,24.955377,0 92.012994,24.955294,0 92.012952,24.955167,0 92.012896,24.955044,0 92.012827,24.954926,0 92.012746,24.954816,0 92.012739,24.954807,0 92.012668,24.954710,0 92.012575,24.954607,0 92.012472,24.954513,0 92.012359,24.954429,0 92.012238,24.954355,0 92.012110,24.954292,0 92.011975,24.954241,0 92.011835,24.954203,0 92.011692,24.954177,0 92.011547,24.954164,0 92.011401,24.954164,0 92.011256,24.954177,0 92.011113,24.954203,0 92.010974,24.954241,0 92.010839,24.954292,0 92.010710,24.954355,0 92.010589,24.954429,0 92.010477,24.954513,0 92.010373,24.954607,0 92.010281,24.954710,0 92.010200,24.954820,0 92.010131,24.954938,0 92.010075,24.955060,0 92.010033,24.955188,0 92.010005,24.955318,0 92.009990,24.955450,0 92.009990,24.955583,0 92.010005,24.955715,0 92.010033,24.955846,0 92.010052,24.955913,0 92.010071,24.956002,0 92.010113,24.956129,0 92.010169,24.956252,0 92.010232,24.956359,0 92.010224,24.956361,0 92.010089,24.956412,0 92.010047,24.956430,0 92.010011,24.956431,0 92.009545,24.956431,0 92.009510,24.956430,0 92.009509,24.956398,0 92.009509,24.955926,0 92.009510,24.955893,0 92.009513,24.955889,0 92.009586,24.955790,0 92.009654,24.955675,0 92.009709,24.955555,0 92.009751,24.955431,0 92.009780,24.955304,0 92.009796,24.955175,0 92.009798,24.955045,0 92.009786,24.954915,0 92.009761,24.954787,0 92.009722,24.954662,0 92.009671,24.954541,0 92.009607,24.954424,0 92.009531,24.954314,0 92.009443,24.954212,0 92.009346,24.954117,0 92.009238,24.954031,0 92.009123,24.953955,0 92.008999,24.953890,0 92.008870,24.953835,0 92.008735,24.953792,0 92.008597,24.953761,0 92.008456,24.953743,0 92.008313,24.953736,0 92.007761,24.953736,0 92.007615,24.953743,0 92.007471,24.953762,0 92.007329,24.953795,0 92.007192,24.953839,0 92.007060,24.953896,0 92.006935,24.953965,0 92.006818,24.954044,0 92.006710,24.954133,0 92.006612,24.954232,0 92.006525,24.954338,0 92.006450,24.954452,0 92.006388,24.954573,0 92.006339,24.954698,0 92.006303,24.954827,0 92.006282,24.954958,0 92.006275,24.955091,0 92.006275,24.955320,0 92.006273,24.955352,0 92.006238,24.955353,0 92.005772,24.955353,0 92.005737,24.955352,0 92.005705,24.955312,0 92.005612,24.955210,0 92.005509,24.955116,0 92.005396,24.955031,0 92.005275,24.954958,0 92.005147,24.954895,0 92.005012,24.954844,0 92.004872,24.954805,0 92.004729,24.954780,0 92.004584,24.954766,0 92.004438,24.954766,0 92.004293,24.954780,0 92.004150,24.954805,0 92.004119,24.954813,0 92.004082,24.954814,0 92.003616,24.954814,0 92.003580,24.954813,0 92.003538,24.954795,0 92.003403,24.954744,0 92.003263,24.954705,0 92.003120,24.954679,0 92.002974,24.954666,0 92.002828,24.954666,0 92.002683,24.954679,0 92.002540,24.954706,0 92.002400,24.954744,0 92.002265,24.954796,0 92.002136,24.954859,0 92.002015,24.954933,0 92.001902,24.955018,0 92.001799,24.955112,0 92.001707,24.955216,0 92.001626,24.955327,0 92.001557,24.955444,0 92.001502,24.955568,0 92.001460,24.955695,0 92.001432,24.955826,0 92.001422,24.955891,0 92.001387,24.955892,0 92.000921,24.955892,0 92.000887,24.955891,0 92.000885,24.955859,0 92.000885,24.955038,0 92.000878,24.954910,0 92.000858,24.954783,0 92.000825,24.954658,0 92.000780,24.954537,0 92.000722,24.954420,0 92.000652,24.954309,0 92.000570,24.954205,0 92.000479,24.954107,0 92.000377,24.954019,0 92.000267,24.953939,0 92.000150,24.953869,0 92.000025,24.953809,0 91.999895,24.953761,0 91.999850,24.953749,0 91.999809,24.953735,0 91.999807,24.953703,0 91.999807,24.953231,0 91.999809,24.953198,0 91.999820,24.953189,0 91.999908,24.953123,0 92.000011,24.953029,0 92.000103,24.952926,0 92.000184,24.952816,0 92.000253,24.952699,0 92.000309,24.952576,0 92.000351,24.952449,0 92.000380,24.952318,0 92.000394,24.952186,0 92.000394,24.952053,0 92.000380,24.951921,0 92.000351,24.951790,0 92.000309,24.951663,0 92.000253,24.951540,0 92.000184,24.951423,0 92.000103,24.951313,0 92.000011,24.951210,0 91.999908,24.951116,0 91.999820,24.951050,0 91.999809,24.951041,0 91.999807,24.951008,0 91.999807,24.950536,0 91.999809,24.950504,0 91.999823,24.950502,0 91.999964,24.950476,0 92.000102,24.950439,0 92.000234,24.950389,0 92.000361,24.950328,0 92.000481,24.950256,0 92.000593,24.950174,0 92.000695,24.950083,0 92.000787,24.949983,0 92.000869,24.949875,0 92.000938,24.949760,0 92.000995,24.949640,0 92.001040,24.949516,0 92.001070,24.949388,0 92.001087,24.949258,0 92.001091,24.949128,0 92.001080,24.948997,0 92.001056,24.948868,0 92.001018,24.948742,0 92.000967,24.948620,0 92.000903,24.948503,0 92.000828,24.948392,0 92.000740,24.948288,0 92.000643,24.948192,0 92.000535,24.948105,0 92.000419,24.948029,0 92.000295,24.947962,0 92.000165,24.947907,0 92.000030,24.947864,0 91.999891,24.947833,0 91.999749,24.947814,0 91.999605,24.947808,0 91.995874,24.947807,0 91.995733,24.947814,0 91.995593,24.947832,0 91.995455,24.947863,0 91.995321,24.947905,0 91.995192,24.947959,0 91.995069,24.948024,0 91.994954,24.948099,0 91.994847,24.948184,0 91.994749,24.948277,0 91.994662,24.948379,0 91.994586,24.948488,0 91.994521,24.948603,0 91.994469,24.948723,0 91.994429,24.948847,0 91.994403,24.948974,0 91.994390,24.949103,0 91.994391,24.949232,0 91.994405,24.949361,0 91.994415,24.949425,0 91.994417,24.949458,0 91.994417,24.949930,0 91.994415,24.949962,0 91.994381,24.949963,0 91.993914,24.949963,0 91.993821,24.949959,0 91.993790,24.949957,0 91.993644,24.949957,0 91.993499,24.949970,0 91.993356,24.949995,0 91.993217,24.950034,0 91.993082,24.950085,0 91.992953,24.950148,0 91.992832,24.950221,0 91.992719,24.950306,0 91.992616,24.950400,0 91.992524,24.950503,0 91.992443,24.950613,0 91.992374,24.950730,0 91.992318,24.950853,0 91.992276,24.950980,0 91.992259,24.951041,0 91.992243,24.951082,0 91.992224,24.951124,0 91.992182,24.951251,0 91.992153,24.951382,0 91.992139,24.951514,0 91.992139,24.951647,0 91.992153,24.951779,0 91.992182,24.951910,0 91.992224,24.952037,0 91.992243,24.952079,0 91.992259,24.952120,0 91.992261,24.952153,0 91.992261,24.953703,0 91.992259,24.953736,0 91.992255,24.953741,0 91.992172,24.953833,0 91.992091,24.953944,0 91.992022,24.954061,0 91.991966,24.954184,0 91.991964,24.954191,0 91.991930,24.954087,0 91.991874,24.953964,0 91.991805,24.953847,0 91.991724,24.953736,0 91.991724,24.953735,0 91.991705,24.953707,0 91.991670,24.953648,0 91.991589,24.953538,0 91.991497,24.953435,0 91.991394,24.953341,0 91.991281,24.953257,0 91.991160,24.953183,0 91.991126,24.953165,0 91.990998,24.953102,0 91.990863,24.953051,0 91.990724,24.953012,0 91.990581,24.952986,0 91.990436,24.952973,0 91.990290,24.952973,0 91.990145,24.952986,0 91.990002,24.953012,0 91.989862,24.953051,0 91.989727,24.953102,0 91.989599,24.953165,0 91.989478,24.953238,0 91.989365,24.953323,0 91.989262,24.953417,0 91.989169,24.953519,0 91.989088,24.953630,0 91.989033,24.953725,0 91.989026,24.953735,0 91.988999,24.953769,0 91.988964,24.953807,0 91.988883,24.953918,0 91.988814,24.954035,0 91.988758,24.954158,0 91.988716,24.954285,0 91.988687,24.954416,0 91.988673,24.954548,0 91.988673,24.954681,0 91.988680,24.954741,0 91.988655,24.954748,0 91.988523,24.954797,0 91.988487,24.954813,0 91.988464,24.954821,0 91.988373,24.954846,0 91.988238,24.954897,0 91.988109,24.954959,0 91.987988,24.955033,0 91.987875,24.955117,0 91.987772,24.955211,0 91.987680,24.955314,0 91.987599,24.955425,0 91.987530,24.955542,0 91.987474,24.955665,0 91.987432,24.955792,0 91.987417,24.955862,0 91.987409,24.955891,0 91.987341,24.955900,0 91.987198,24.955926,0 91.987104,24.955952,0 91.987094,24.955949,0 91.986955,24.955918,0 91.986813,24.955899,0 91.986670,24.955892,0 91.986369,24.955892,0 91.986333,24.955891,0 91.986315,24.955863,0 91.986281,24.955804,0 91.986200,24.955694,0 91.986107,24.955591,0 91.986004,24.955497,0 91.985891,24.955413,0 91.985817,24.955367,0 91.985795,24.955352,0 91.985776,24.955324,0 91.985742,24.955265,0 91.985661,24.955155,0 91.985568,24.955052,0 91.985465,24.954958,0 91.985352,24.954874,0 91.985278,24.954828,0 91.985256,24.954814,0 91.985254,24.954781,0 91.985254,24.954309,0 91.985256,24.954276,0 91.985272,24.954235,0 91.985291,24.954193,0 91.985333,24.954065,0 91.985362,24.953935,0 91.985376,24.953803,0 91.985376,24.953670,0 91.985362,24.953538,0 91.985333,24.953407,0 91.985291,24.953280,0 91.985272,24.953238,0 91.985256,24.953197,0 91.985254,24.953164,0 91.985254,24.952935,0 91.985247,24.952802,0 91.985226,24.952671,0 91.985190,24.952542,0 91.985141,24.952417,0 91.985079,24.952296,0 91.985004,24.952182,0 91.984917,24.952076,0 91.984819,24.951977,0 91.984711,24.951888,0 91.984594,24.951809,0 91.984469,24.951740,0 91.984337,24.951684,0 91.984200,24.951639,0 91.984058,24.951606,0 91.983914,24.951587,0 91.983768,24.951580,0 91.983743,24.951580,0 91.983605,24.951586,0 91.983468,24.951604,0 91.983333,24.951633,0 91.983202,24.951674,0 91.983075,24.951725,0 91.982955,24.951787,0 91.982841,24.951859,0 91.982735,24.951940,0 91.982638,24.952030,0 91.982566,24.952110,0 91.982558,24.952118,0 91.982523,24.952119,0 91.981518,24.952119,0 91.981482,24.952118,0 91.981443,24.952105,0 91.981303,24.952067,0 91.981160,24.952041,0 91.981015,24.952028,0 91.980869,24.952028,0 91.980724,24.952041,0 91.980581,24.952067,0 91.980442,24.952105,0 91.980403,24.952118,0 91.980367,24.952119,0 91.979901,24.952119,0 91.979865,24.952118,0 91.979820,24.952093,0 91.979691,24.952030,0 91.979556,24.951980,0 91.979417,24.951941,0 91.979274,24.951915,0 91.979129,24.951902,0 91.978983,24.951902,0 91.978838,24.951915,0 91.978695,24.951941,0 91.978555,24.951980,0 91.978421,24.952030,0 91.978292,24.952093,0 91.978247,24.952118,0 91.978211,24.952119,0 91.977745,24.952119,0 91.977710,24.952118,0 91.977708,24.952086,0 91.977708,24.951614,0 91.977710,24.951581,0 91.977759,24.951540,0 91.977869,24.951440,0 91.977966,24.951330,0 91.978050,24.951212,0 91.978120,24.951086,0 91.978175,24.950954,0 91.978215,24.950817,0 91.978239,24.950678,0 91.978247,24.950537,0 91.978247,24.950536,0 91.978249,24.950503,0 91.978259,24.950441,0 91.978261,24.950430,0 91.978276,24.950297,0 91.978275,24.950163,0 91.978260,24.950029,0 91.978249,24.949961,0 91.978247,24.949930,0 91.978247,24.949701,0 91.978240,24.949568,0 91.978219,24.949437,0 91.978183,24.949308,0 91.978134,24.949183,0 91.978072,24.949062,0 91.977997,24.948948,0 91.977910,24.948842,0 91.977812,24.948743,0 91.977704,24.948654,0 91.977587,24.948575,0 91.977462,24.948506,0 91.977330,24.948450,0 91.977193,24.948405,0 91.977051,24.948373,0 91.976907,24.948353,0 91.976762,24.948346,0 91.976667,24.948346,0 91.976631,24.948345,0 91.976588,24.948327,0 91.976453,24.948276,0 91.976314,24.948237,0 91.976280,24.948231,0 91.976293,24.948221,0 91.976396,24.948127,0 91.976488,24.948024,0 91.976569,24.947914,0 91.976625,24.947819,0 91.976631,24.947809,0 91.976647,24.947807,0 91.976792,24.947780,0 91.976934,24.947741,0 91.977071,24.947689,0 91.977201,24.947624,0 91.977324,24.947548,0 91.977438,24.947462,0 91.977541,24.947365,0 91.977634,24.947260,0 91.977715,24.947146,0 91.977782,24.947026,0 91.977837,24.946900,0 91.977877,24.946770,0 91.977903,24.946637,0 91.977914,24.946502,0 91.977911,24.946367,0 91.977892,24.946233,0 91.977860,24.946102,0 91.977813,24.945973,0 91.977752,24.945850,0 91.977678,24.945733,0 91.977591,24.945623,0 91.977493,24.945522,0 91.977385,24.945430,0 91.977267,24.945348,0 91.977140,24.945278,0 91.977007,24.945219,0 91.976867,24.945173,0 91.976724,24.945139,0 91.976577,24.945119,0 91.976429,24.945113,0 91.976128,24.945113,0 91.976092,24.945111,0 91.976040,24.945104,0 91.975895,24.945091,0 91.975749,24.945091,0 91.975604,24.945104,0 91.975552,24.945111,0 91.975516,24.945113,0 91.975119,24.945113,0 91.974981,24.945118,0 91.974844,24.945136,0 91.974709,24.945165,0 91.974578,24.945206,0 91.974451,24.945257,0 91.974331,24.945319,0 91.974217,24.945391,0 91.974111,24.945472,0 91.974014,24.945562,0 91.973942,24.945642,0 91.973934,24.945650,0 91.973922,24.945660,0 91.973834,24.945726,0 91.973731,24.945820,0 91.973639,24.945923,0 91.973558,24.946033,0 91.973489,24.946150,0 91.973433,24.946273,0 91.973391,24.946400,0 91.973363,24.946531,0 91.973348,24.946663,0 91.973348,24.946796,0 91.973363,24.946928,0 91.973391,24.947059,0 91.973433,24.947186,0 91.973489,24.947309,0 91.973558,24.947426,0 91.973639,24.947536,0 91.973731,24.947639,0 91.973834,24.947733,0 91.973922,24.947799,0 91.973934,24.947809,0 91.973952,24.947837,0 91.973987,24.947896,0 91.974068,24.948006,0 91.974161,24.948109,0 91.974264,24.948203,0 91.974376,24.948287,0 91.974498,24.948361,0 91.974531,24.948379,0 91.974660,24.948442,0 91.974794,24.948493,0 91.974934,24.948532,0 91.974969,24.948538,0 91.974953,24.948550,0 91.974849,24.948644,0 91.974757,24.948748,0 91.974676,24.948859,0 91.974608,24.948976,0 91.974552,24.949100,0 91.974511,24.949227,0 91.974483,24.949358,0 91.974473,24.949423,0 91.974438,24.949424,0 91.973972,24.949424,0 91.973936,24.949423,0 91.973929,24.949415,0 91.973857,24.949335,0 91.973760,24.949245,0 91.973654,24.949164,0 91.973540,24.949092,0 91.973419,24.949030,0 91.973293,24.948979,0 91.973162,24.948938,0 91.973027,24.948909,0 91.972890,24.948891,0 91.972751,24.948885,0 91.970199,24.948885,0 91.970164,24.948884,0 91.970162,24.948852,0 91.970162,24.948380,0 91.970164,24.948347,0 91.970180,24.948306,0 91.970199,24.948264,0 91.970242,24.948137,0 91.970270,24.948006,0 91.970285,24.947874,0 91.970285,24.947741,0 91.970270,24.947609,0 91.970242,24.947478,0 91.970199,24.947351,0 91.970180,24.947309,0 91.970164,24.947268,0 91.970150,24.947216,0 91.970109,24.947093,0 91.970056,24.946975,0 91.969991,24.946861,0 91.969914,24.946753,0 91.969827,24.946653,0 91.969729,24.946561,0 91.969623,24.946477,0 91.969508,24.946403,0 91.969386,24.946339,0 91.969258,24.946286,0 91.969125,24.946245,0 91.968988,24.946215,0 91.968849,24.946197,0 91.968709,24.946191,0 91.968582,24.946191,0 91.968547,24.946189,0 91.968533,24.946138,0 91.968492,24.946015,0 91.968439,24.945897,0 91.968374,24.945783,0 91.968297,24.945676,0 91.968210,24.945575,0 91.968112,24.945483,0 91.968006,24.945399,0 91.967891,24.945325,0 91.967769,24.945261,0 91.967641,24.945209,0 91.967508,24.945167,0 91.967371,24.945137,0 91.967232,24.945119,0 91.967092,24.945113,0 91.966965,24.945113,0 91.966930,24.945111,0 91.966929,24.945079,0 91.966929,24.944607,0 91.966930,24.944574,0 91.966942,24.944565,0 91.967030,24.944499,0 91.967133,24.944405,0 91.967225,24.944302,0 91.967306,24.944192,0 91.967375,24.944075,0 91.967431,24.943952,0 91.967473,24.943825,0 91.967501,24.943694,0 91.967516,24.943562,0 91.967516,24.943429,0 91.967501,24.943297,0 91.967473,24.943166,0 91.967431,24.943039,0 91.967375,24.942916,0 91.967306,24.942799,0 91.967225,24.942689,0 91.967133,24.942586,0 91.967030,24.942492,0 91.966942,24.942426,0 91.966930,24.942416,0 91.966926,24.942412,0 91.966841,24.942319,0 91.966738,24.942225,0 91.966626,24.942140,0 91.966504,24.942066,0 91.966376,24.942004,0 91.966241,24.941953,0 91.966102,24.941914,0 91.965959,24.941888,0 91.965888,24.941882,0 91.965852,24.941877,0 91.965851,24.941845,0 91.965851,24.941373,0 91.965852,24.941340,0 91.965856,24.941317,0 91.965875,24.941232,0 91.965889,24.941100,0 91.965889,24.940967,0 91.965875,24.940835,0 91.965846,24.940704,0 91.965804,24.940577,0 91.965748,24.940454,0 91.965679,24.940337,0 91.965598,24.940227,0 91.965506,24.940124,0 91.965403,24.940030,0 91.965290,24.939945,0 91.965169,24.939872,0 91.965040,24.939809,0 91.964906,24.939758,0 91.964780,24.939723,0 91.964774,24.939721,0 91.964773,24.939689,0 91.964773,24.939217,0 91.964774,24.939185,0 91.964813,24.939180,0 91.964877,24.939174,0 91.965020,24.939148,0 91.965160,24.939110,0 91.965292,24.939060,0 91.965297,24.939111,0 91.965326,24.939242,0 91.965327,24.939245,0 91.965369,24.939372,0 91.965425,24.939495,0 91.965493,24.939612,0 91.965574,24.939723,0 91.965667,24.939825,0 91.965770,24.939919,0 91.965883,24.940004,0 91.966004,24.940078,0 91.966132,24.940140,0 91.966267,24.940191,0 91.966407,24.940230,0 91.966550,24.940256,0 91.966695,24.940269,0 91.966840,24.940269,0 91.966986,24.940256,0 91.966997,24.940254,0 91.967140,24.940228,0 91.967280,24.940189,0 91.967414,24.940139,0 91.967543,24.940076,0 91.967664,24.940002,0 91.967777,24.939918,0 91.967880,24.939824,0 91.967972,24.939721,0 91.968053,24.939611,0 91.968122,24.939493,0 91.968178,24.939370,0 91.968220,24.939243,0 91.968249,24.939113,0 91.968263,24.938981,0 91.968263,24.938848,0 91.968249,24.938715,0 91.968220,24.938585,0 91.968178,24.938458,0 91.968122,24.938335,0 91.968053,24.938218,0 91.967972,24.938107,0 91.967880,24.938005,0 91.967777,24.937911,0 91.967664,24.937826,0 91.967543,24.937752,0 91.967414,24.937690,0 91.967280,24.937639,0 91.967140,24.937600,0 91.966997,24.937574,0 91.966985,24.937573,0 91.966840,24.937560,0 91.966694,24.937560,0 91.966549,24.937573,0 91.966406,24.937599,0 91.966266,24.937637,0 91.966134,24.937687,0 91.966129,24.937636,0 91.966100,24.937505,0 91.966058,24.937378,0 91.966002,24.937255,0 91.965934,24.937138,0 91.965853,24.937027,0 91.965852,24.937027,0 91.965847,24.937007,0 91.965827,24.936918,0 91.965785,24.936791,0 91.965729,24.936668,0 91.965660,24.936550,0 91.965651,24.936538,0 91.965724,24.936525,0 91.965838,24.936493,0 91.965851,24.936490,0 91.965887,24.936489,0 91.966353,24.936489,0 91.966389,24.936490,0 91.966393,24.936494,0 91.966477,24.936588,0 91.966580,24.936682,0 91.966693,24.936766,0 91.966814,24.936840,0 91.966942,24.936903,0 91.967077,24.936953,0 91.967217,24.936992,0 91.967360,24.937018,0 91.967505,24.937031,0 91.967524,24.937032,0 91.967557,24.937035,0 91.967703,24.937035,0 91.967849,24.937022,0 91.967992,24.936995,0 91.968132,24.936957,0 91.968267,24.936905,0 91.968396,24.936842,0 91.968517,24.936768,0 91.968630,24.936683,0 91.968733,24.936589,0 91.968825,24.936486,0 91.968906,24.936375,0 91.968975,24.936257,0 91.969030,24.936134,0 91.969072,24.936006,0 91.969100,24.935875,0 91.969113,24.935742,0 91.969113,24.935609,0 91.969098,24.935476,0 91.969086,24.935407,0 91.969085,24.935377,0 91.969085,24.935095,0 91.969078,24.934967,0 91.969058,24.934840,0 91.969025,24.934716,0 91.968979,24.934595,0 91.968921,24.934478,0 91.968851,24.934367,0 91.968770,24.934262,0 91.968678,24.934165,0 91.968577,24.934076,0 91.968467,24.933996,0 91.968349,24.933926,0 91.968225,24.933867,0 91.968095,24.933818,0 91.968050,24.933806,0 91.968008,24.933793,0 91.968007,24.933761,0 91.968007,24.933525,0 91.968000,24.933397,0 91.967980,24.933269,0 91.967977,24.933258,0 91.968043,24.933255,0 91.968709,24.933255,0 91.968860,24.933248,0 91.969010,24.933227,0 91.969156,24.933192,0 91.969298,24.933144,0 91.969434,24.933083,0 91.969562,24.933009,0 91.969681,24.932924,0 91.969791,24.932829,0 91.969889,24.932724,0 91.969974,24.932610,0 91.970047,24.932489,0 91.970106,24.932361,0 91.970150,24.932229,0 91.970164,24.932177,0 91.970167,24.932173,0 91.970240,24.932074,0 91.970307,24.931960,0 91.970363,24.931840,0 91.970405,24.931716,0 91.970434,24.931588,0 91.970450,24.931459,0 91.970452,24.931329,0 91.970440,24.931200,0 91.970415,24.931072,0 91.970376,24.930946,0 91.970325,24.930825,0 91.970260,24.930709,0 91.970184,24.930599,0 91.970097,24.930496,0 91.969999,24.930401,0 91.969892,24.930316,0 91.969777,24.930240,0 91.969653,24.930174,0 91.969524,24.930120,0 91.969389,24.930077,0 91.969251,24.930046,0 91.969110,24.930027,0 91.968967,24.930021,0 91.968582,24.930021,0 91.968546,24.930019,0 91.968542,24.930017,0 91.968422,24.929959,0 91.968288,24.929908,0 91.968276,24.929905,0 91.968276,24.929904,0 91.968220,24.929781,0 91.968151,24.929664,0 91.968070,24.929553,0 91.968035,24.929514,0 91.968008,24.929481,0 91.967994,24.929429,0 91.967953,24.929307,0 91.967900,24.929188,0 91.967835,24.929074,0 91.967758,24.928967,0 91.967671,24.928866,0 91.967574,24.928774,0 91.967467,24.928691,0 91.967352,24.928617,0 91.967230,24.928553,0 91.967102,24.928500,0 91.966969,24.928458,0 91.966833,24.928428,0 91.966693,24.928410,0 91.966553,24.928404,0 91.966507,24.928404,0 91.966364,24.928410,0 91.966223,24.928429,0 91.966085,24.928460,0 91.965950,24.928503,0 91.965821,24.928557,0 91.965698,24.928623,0 91.965582,24.928699,0 91.965475,24.928784,0 91.965377,24.928879,0 91.965290,24.928982,0 91.965214,24.929092,0 91.965150,24.929208,0 91.965098,24.929329,0 91.965059,24.929455,0 91.965034,24.929583,0 91.965022,24.929712,0 91.965024,24.929842,0 91.965040,24.929971,0 91.965069,24.930099,0 91.965112,24.930223,0 91.965167,24.930343,0 91.965234,24.930457,0 91.965310,24.930560,0 91.965318,24.930590,0 91.965333,24.930660,0 91.965376,24.930787,0 91.965431,24.930910,0 91.965500,24.931027,0 91.965581,24.931138,0 91.965674,24.931241,0 91.965777,24.931335,0 91.965889,24.931419,0 91.966011,24.931493,0 91.966139,24.931555,0 91.966274,24.931606,0 91.966365,24.931632,0 91.966377,24.931635,0 91.966388,24.931638,0 91.966390,24.931671,0 91.966390,24.931906,0 91.966397,24.932043,0 91.966419,24.932174,0 91.966353,24.932177,0 91.965887,24.932177,0 91.965794,24.932173,0 91.965761,24.932170,0 91.965615,24.932170,0 91.965470,24.932183,0 91.965326,24.932209,0 91.965186,24.932248,0 91.965051,24.932299,0 91.964923,24.932362,0 91.964801,24.932436,0 91.964688,24.932521,0 91.964613,24.932590,0 91.964613,24.932475,0 91.964599,24.932343,0 91.964570,24.932212,0 91.964528,24.932085,0 91.964472,24.931962,0 91.964403,24.931845,0 91.964322,24.931734,0 91.964239,24.931642,0 91.964235,24.931637,0 91.964217,24.931609,0 91.964182,24.931550,0 91.964101,24.931439,0 91.964009,24.931336,0 91.963905,24.931243,0 91.963793,24.931158,0 91.963672,24.931084,0 91.963650,24.931072,0 91.963521,24.931010,0 91.963387,24.930959,0 91.963247,24.930920,0 91.963104,24.930894,0 91.962959,24.930881,0 91.962813,24.930881,0 91.962668,24.930894,0 91.962525,24.930920,0 91.962386,24.930959,0 91.962251,24.931010,0 91.962122,24.931072,0 91.962077,24.931097,0 91.962041,24.931099,0 91.961914,24.931099,0 91.961774,24.931105,0 91.961635,24.931123,0 91.961498,24.931153,0 91.961365,24.931195,0 91.961237,24.931248,0 91.961115,24.931312,0 91.961000,24.931386,0 91.960894,24.931469,0 91.960796,24.931561,0 91.960709,24.931662,0 91.960632,24.931769,0 91.960567,24.931883,0 91.960514,24.932001,0 91.960473,24.932124,0 91.960465,24.932154,0 91.960437,24.932284,0 91.960422,24.932417,0 91.960422,24.932550,0 91.960437,24.932682,0 91.960465,24.932812,0 91.960507,24.932939,0 91.960563,24.933062,0 91.960632,24.933179,0 91.960713,24.933290,0 91.960805,24.933393,0 91.960909,24.933487,0 91.961021,24.933571,0 91.961142,24.933645,0 91.961271,24.933707,0 91.961406,24.933758,0 91.961531,24.933793,0 91.961538,24.933795,0 91.961561,24.933814,0 91.961619,24.933867,0 91.961732,24.933952,0 91.961853,24.934026,0 91.961982,24.934088,0 91.962116,24.934139,0 91.962256,24.934178,0 91.962399,24.934204,0 91.962544,24.934217,0 91.962690,24.934217,0 91.962835,24.934204,0 91.962978,24.934178,0 91.963117,24.934139,0 91.963252,24.934088,0 91.963380,24.934026,0 91.963502,24.933952,0 91.963614,24.933867,0 91.963672,24.933814,0 91.963696,24.933795,0 91.963758,24.933768,0 91.963764,24.933766,0 91.963893,24.933703,0 91.964014,24.933629,0 91.964127,24.933545,0 91.964205,24.933474,0 91.964205,24.933595,0 91.964220,24.933728,0 91.964232,24.933797,0 91.964234,24.933827,0 91.964234,24.934300,0 91.964232,24.934332,0 91.964205,24.934365,0 91.964170,24.934404,0 91.964089,24.934515,0 91.964020,24.934632,0 91.963965,24.934755,0 91.963922,24.934882,0 91.963894,24.935012,0 91.963879,24.935144,0 91.963879,24.935277,0 91.963894,24.935410,0 91.963922,24.935540,0 91.963965,24.935667,0 91.964020,24.935790,0 91.964089,24.935907,0 91.964098,24.935920,0 91.964025,24.935933,0 91.963886,24.935972,0 91.963751,24.936022,0 91.963623,24.936085,0 91.963501,24.936159,0 91.963389,24.936243,0 91.963286,24.936337,0 91.963193,24.936440,0 91.963155,24.936487,0 91.963119,24.936489,0 91.962114,24.936489,0 91.962079,24.936487,0 91.962078,24.936455,0 91.962078,24.936195,0 91.962071,24.936065,0 91.962050,24.935936,0 91.962016,24.935809,0 91.961969,24.935686,0 91.961909,24.935568,0 91.961837,24.935455,0 91.961753,24.935350,0 91.961658,24.935252,0 91.961554,24.935163,0 91.961441,24.935083,0 91.961319,24.935014,0 91.961192,24.934956,0 91.961058,24.934909,0 91.960920,24.934874,0 91.960780,24.934851,0 91.960637,24.934841,0 91.960494,24.934843,0 91.960352,24.934858,0 91.960212,24.934885,0 91.960076,24.934925,0 91.959944,24.934976,0 91.959819,24.935038,0 91.959700,24.935112,0 91.959590,24.935195,0 91.959490,24.935287,0 91.959399,24.935388,0 91.959382,24.935409,0 91.959346,24.935411,0 91.958422,24.935411,0 91.958280,24.935417,0 91.958139,24.935436,0 91.958000,24.935467,0 91.957865,24.935509,0 91.957736,24.935564,0 91.957613,24.935629,0 91.957497,24.935705,0 91.957390,24.935791,0 91.957292,24.935886,0 91.957205,24.935989,0 91.957129,24.936099,0 91.957065,24.936215,0 91.957013,24.936336,0 91.956974,24.936461,0 91.956949,24.936589,0 91.956937,24.936719,0 91.956939,24.936849,0 91.956955,24.936978,0 91.956984,24.937106,0 91.957027,24.937230,0 91.957082,24.937350,0 91.957150,24.937464,0 91.957222,24.937563,0 91.957225,24.937567,0 91.957227,24.937600,0 91.957227,24.938907,0 91.957234,24.939040,0 91.957255,24.939171,0 91.957291,24.939300,0 91.957340,24.939426,0 91.957402,24.939546,0 91.957477,24.939660,0 91.957564,24.939766,0 91.957662,24.939865,0 91.957770,24.939954,0 91.957887,24.940033,0 91.958012,24.940102,0 91.958144,24.940159,0 91.958281,24.940203,0 91.958422,24.940236,0 91.958567,24.940255,0 91.958712,24.940262,0 91.959885,24.940262,0 91.959920,24.940263,0 91.959922,24.940295,0 91.959922,24.940296,0 91.959930,24.940437,0 91.959954,24.940577,0 91.959994,24.940713,0 91.960049,24.940845,0 91.960119,24.940971,0 91.960203,24.941089,0 91.960300,24.941199,0 91.960410,24.941300,0 91.960459,24.941341,0 91.960469,24.941351,0 91.960549,24.941439,0 91.960659,24.941538,0 91.960779,24.941625,0 91.960909,24.941701,0 91.961046,24.941764,0 91.961190,24.941814,0 91.961339,24.941850,0 91.961491,24.941871,0 91.961645,24.941879,0 91.962041,24.941879,0 91.962076,24.941880,0 91.962078,24.941912,0 91.962078,24.942384,0 91.962076,24.942416,0 91.962041,24.942418,0 91.961575,24.942418,0 91.961539,24.942416,0 91.961532,24.942408,0 91.961460,24.942328,0 91.961363,24.942238,0 91.961257,24.942157,0 91.961143,24.942085,0 91.961023,24.942023,0 91.960896,24.941972,0 91.960765,24.941931,0 91.960630,24.941902,0 91.960493,24.941884,0 91.960355,24.941879,0 91.960329,24.941879,0 91.960184,24.941885,0 91.960039,24.941905,0 91.959898,24.941937,0 91.959761,24.941982,0 91.959629,24.942039,0 91.959504,24.942107,0 91.959387,24.942186,0 91.959279,24.942275,0 91.959181,24.942374,0 91.959094,24.942481,0 91.959019,24.942595,0 91.958957,24.942715,0 91.958908,24.942840,0 91.958872,24.942969,0 91.958851,24.943100,0 91.958844,24.943233,0 91.958844,24.943462,0 91.958842,24.943494,0 91.958807,24.943496,0 91.958341,24.943496,0 91.958305,24.943494,0 91.958266,24.943481,0 91.958127,24.943443,0 91.957984,24.943417,0 91.957839,24.943404,0 91.957693,24.943404,0 91.957548,24.943417,0 91.957405,24.943443,0 91.957265,24.943481,0 91.957226,24.943494,0 91.957190,24.943496,0 91.956724,24.943496,0 91.956689,24.943494,0 91.956688,24.943462,0 91.956688,24.942451,0 91.956690,24.942418,0 91.956732,24.942389,0 91.956845,24.942305,0 91.956948,24.942211,0 91.957041,24.942108,0 91.957122,24.941998,0 91.957190,24.941881,0 91.957246,24.941758,0 91.957288,24.941631,0 91.957317,24.941500,0 91.957331,24.941368,0 91.957331,24.941235,0 91.957317,24.941103,0 91.957288,24.940972,0 91.957246,24.940845,0 91.957228,24.940800,0 91.957219,24.940741,0 91.957217,24.940728,0 91.957189,24.940598,0 91.957147,24.940471,0 91.957091,24.940348,0 91.957022,24.940231,0 91.956941,24.940120,0 91.956849,24.940018,0 91.956746,24.939924,0 91.956633,24.939839,0 91.956512,24.939765,0 91.956383,24.939703,0 91.956248,24.939652,0 91.956109,24.939613,0 91.955966,24.939587,0 91.955821,24.939574,0 91.955675,24.939574,0 91.955530,24.939587,0 91.955387,24.939613,0 91.955248,24.939652,0 91.955113,24.939703,0 91.955070,24.939721,0 91.955047,24.939729,0 91.954955,24.939754,0 91.954820,24.939805,0 91.954692,24.939868,0 91.954571,24.939941,0 91.954458,24.940026,0 91.954355,24.940120,0 91.954262,24.940223,0 91.954181,24.940333,0 91.954113,24.940450,0 91.954057,24.940573,0 91.954015,24.940700,0 91.953999,24.940771,0 91.953991,24.940800,0 91.953942,24.940841,0 91.953844,24.940929,0 91.953756,24.941026,0 91.953678,24.941129,0 91.953611,24.941239,0 91.953555,24.941353,0 91.953511,24.941472,0 91.953479,24.941595,0 91.953460,24.941719,0 91.953454,24.941844,0 91.953454,24.941845,0 91.953452,24.941877,0 91.953417,24.941879,0 91.952951,24.941879,0 91.952858,24.941874,0 91.952826,24.941872,0 91.952679,24.941872,0 91.952534,24.941885,0 91.952391,24.941911,0 91.952251,24.941950,0 91.952116,24.942001,0 91.951987,24.942064,0 91.951866,24.942138,0 91.951753,24.942223,0 91.951650,24.942317,0 91.951557,24.942421,0 91.951476,24.942532,0 91.951408,24.942649,0 91.951352,24.942773,0 91.951311,24.942900,0 91.951283,24.943031,0 91.951269,24.943164,0 91.951270,24.943297,0 91.951285,24.943430,0 91.951296,24.943499,0 91.951298,24.943529,0 91.951298,24.944001,0 91.951296,24.944034,0 91.951253,24.944063,0 91.951141,24.944147,0 91.951037,24.944241,0 91.950945,24.944344,0 91.950864,24.944454,0 91.950795,24.944572,0 91.950739,24.944694,0 91.950697,24.944822,0 91.950669,24.944952,0 91.950654,24.945084,0 91.950654,24.945217,0 91.950669,24.945349,0 91.950697,24.945480,0 91.950739,24.945607,0 91.950757,24.945652,0 91.950759,24.945685,0 91.950759,24.946157,0 91.950757,24.946190,0 91.950741,24.946231,0 91.950722,24.946273,0 91.950680,24.946400,0 91.950651,24.946531,0 91.950637,24.946663,0 91.950637,24.946796,0 91.950651,24.946928,0 91.950680,24.947059,0 91.950722,24.947186,0 91.950741,24.947228,0 91.950757,24.947269,0 91.950759,24.947302,0 91.950759,24.947774,0 91.950757,24.947807,0 91.950752,24.947813,0 91.950621,24.947807,0 91.950252,24.947807,0 91.950224,24.947809,0 91.950222,24.947807,0 91.950220,24.947774,0 91.950220,24.947302,0 91.950222,24.947269,0 91.950238,24.947228,0 91.950257,24.947186,0 91.950299,24.947059,0 91.950328,24.946928,0 91.950342,24.946796,0 91.950342,24.946663,0 91.950328,24.946531,0 91.950299,24.946400,0 91.950257,24.946273,0 91.950238,24.946231,0 91.950222,24.946190,0 91.950220,24.946157,0 91.950220,24.945928,0 91.950213,24.945795,0 91.950191,24.945664,0 91.950156,24.945535,0 91.950107,24.945410,0 91.950044,24.945290,0 91.949970,24.945176,0 91.949883,24.945069,0 91.949785,24.944970,0 91.949677,24.944881,0 91.949560,24.944802,0 91.949435,24.944733,0 91.949303,24.944677,0 91.949166,24.944632,0 91.949024,24.944600,0 91.948880,24.944580,0 91.948734,24.944574,0 91.947561,24.944574,0 91.947527,24.944572,0 91.947525,24.944540,0 91.947525,24.944068,0 91.947527,24.944036,0 91.947561,24.944035,0 91.949564,24.944035,0 91.949712,24.944028,0 91.949860,24.944007,0 91.950004,24.943974,0 91.950144,24.943927,0 91.950278,24.943867,0 91.950405,24.943796,0 91.950524,24.943714,0 91.950633,24.943621,0 91.950731,24.943518,0 91.950817,24.943407,0 91.950890,24.943289,0 91.950951,24.943165,0 91.950997,24.943036,0 91.951029,24.942903,0 91.951046,24.942768,0 91.951048,24.942632,0 91.951035,24.942496,0 91.951008,24.942363,0 91.950966,24.942232,0 91.950909,24.942106,0 91.950839,24.941986,0 91.950764,24.941883,0 91.950761,24.941878,0 91.950759,24.941845,0 91.950759,24.941373,0 91.950761,24.941341,0 91.950795,24.941340,0 91.951731,24.941340,0 91.951885,24.941332,0 91.952037,24.941311,0 91.952185,24.941275,0 91.952329,24.941225,0 91.952467,24.941162,0 91.952596,24.941086,0 91.952716,24.940999,0 91.952826,24.940900,0 91.952906,24.940812,0 91.952916,24.940802,0 91.952938,24.940787,0 91.953013,24.940741,0 91.953126,24.940657,0 91.953229,24.940563,0 91.953321,24.940460,0 91.953402,24.940350,0 91.953437,24.940291,0 91.953455,24.940263,0 91.953505,24.940222,0 91.953614,24.940121,0 91.953711,24.940011,0 91.953795,24.939893,0 91.953865,24.939767,0 91.953921,24.939635,0 91.953961,24.939499,0 91.953985,24.939359,0 91.953993,24.939218,0 91.953993,24.939217,0 91.953995,24.939185,0 91.954017,24.939178,0 91.954109,24.939152,0 91.954243,24.939101,0 91.954372,24.939039,0 91.954493,24.938965,0 91.954606,24.938881,0 91.954709,24.938787,0 91.954801,24.938684,0 91.954882,24.938573,0 91.954951,24.938456,0 91.955007,24.938333,0 91.955049,24.938206,0 91.955064,24.938136,0 91.955073,24.938106,0 91.955089,24.938065,0 91.955108,24.938023,0 91.955150,24.937896,0 91.955179,24.937765,0 91.955193,24.937633,0 91.955193,24.937500,0 91.955179,24.937368,0 91.955150,24.937238,0 91.955108,24.937110,0 91.955089,24.937068,0 91.955073,24.937027,0 91.955071,24.936994,0 91.955071,24.936522,0 91.955073,24.936490,0 91.955078,24.936488,0 91.955204,24.936453,0 91.955338,24.936402,0 91.955467,24.936340,0 91.955588,24.936266,0 91.955701,24.936182,0 91.955804,24.936088,0 91.955897,24.935985,0 91.955978,24.935874,0 91.956046,24.935757,0 91.956102,24.935634,0 91.956144,24.935507,0 91.956173,24.935377,0 91.956187,24.935244,0 91.956187,24.935112,0 91.956173,24.934979,0 91.956154,24.934894,0 91.956151,24.934872,0 91.956149,24.934839,0 91.956149,24.934603,0 91.956142,24.934475,0 91.956122,24.934347,0 91.956088,24.934221,0 91.956042,24.934100,0 91.955983,24.933982,0 91.955913,24.933870,0 91.955830,24.933765,0 91.955738,24.933668,0 91.955635,24.933579,0 91.955524,24.933499,0 91.955405,24.933430,0 91.955279,24.933371,0 91.955148,24.933323,0 91.955012,24.933287,0 91.954873,24.933262,0 91.954732,24.933250,0 91.954590,24.933251,0 91.954495,24.933255,0 91.954029,24.933255,0 91.953995,24.933253,0 91.953993,24.933222,0 91.953993,24.932210,0 91.953995,24.932177,0 91.953995,24.932177,0 91.954076,24.932067,0 91.954144,24.931949,0 91.954200,24.931827,0 91.954243,24.931699,0 91.954271,24.931569,0 91.954285,24.931437,0 91.954285,24.931304,0 91.954271,24.931172,0 91.954243,24.931041,0 91.954200,24.930914,0 91.954144,24.930791,0 91.954076,24.930674,0 91.953995,24.930563,0 91.953902,24.930461,0 91.953799,24.930367,0 91.953687,24.930282,0 91.953565,24.930208,0 91.953437,24.930146,0 91.953302,24.930095,0 91.953163,24.930056,0 91.953020,24.930030,0 91.952955,24.930025,0 91.952917,24.930019,0 91.952915,24.929988,0 91.952915,24.929758,0 91.952908,24.929626,0 91.952886,24.929494,0 91.952851,24.929365,0 91.952802,24.929240,0 91.952739,24.929120,0 91.952664,24.929006,0 91.952578,24.928899,0 91.952480,24.928801,0 91.952372,24.928711,0 91.952255,24.928632,0 91.952130,24.928564,0 91.951998,24.928507,0 91.951861,24.928462,0 91.951719,24.928430,0 91.951575,24.928410,0 91.951429,24.928404,0 91.950256,24.928404,0 91.950221,24.928402,0 91.950214,24.928392,0 91.950159,24.928297,0 91.950078,24.928187,0 91.949985,24.928084,0 91.949882,24.927990,0 91.949769,24.927906,0 91.949648,24.927832,0 91.949520,24.927769,0 91.949385,24.927718,0 91.949246,24.927680,0 91.949103,24.927654,0 91.948957,24.927641,0 91.948812,24.927641,0 91.948667,24.927654,0 91.948524,24.927680,0 91.948384,24.927718,0 91.948249,24.927769,0 91.948121,24.927832,0 91.948063,24.927863,0 91.948027,24.927865,0 91.947561,24.927865,0 91.947466,24.927861,0 91.947325,24.927860,0 91.947184,24.927873,0 91.947045,24.927897,0 91.946909,24.927933,0 91.946778,24.927981,0 91.946652,24.928040,0 91.946533,24.928109,0 91.946422,24.928189,0 91.946319,24.928278,0 91.946226,24.928376,0 91.946144,24.928481,0 91.946073,24.928592,0 91.946015,24.928710,0 91.945968,24.928832,0 91.945935,24.928957,0 91.945915,24.929085,0 91.945908,24.929213,0 91.945908,24.930527,0 91.945906,24.930560,0 91.945897,24.930618,0 91.945894,24.930632,0 91.945879,24.930765,0 91.945879,24.930898,0 91.945883,24.930936,0 91.945806,24.930922,0 91.945661,24.930909,0 91.945516,24.930909,0 91.945370,24.930922,0 91.945227,24.930948,0 91.945088,24.930986,0 91.944953,24.931037,0 91.944834,24.931095,0 91.944830,24.931097,0 91.944794,24.931099,0 91.944327,24.931099,0 91.944292,24.931097,0 91.944274,24.931070,0 91.944239,24.931011,0 91.944158,24.930900,0 91.944066,24.930798,0 91.943963,24.930704,0 91.943850,24.930619,0 91.943776,24.930574,0 91.943754,24.930559,0 91.943752,24.930527,0 91.943752,24.930526,0 91.943746,24.930400,0 91.943727,24.930276,0 91.943695,24.930154,0 91.943651,24.930035,0 91.943595,24.929920,0 91.943528,24.929810,0 91.943450,24.929707,0 91.943362,24.929610,0 91.943264,24.929522,0 91.943214,24.929481,0 91.943196,24.929453,0 91.943161,24.929394,0 91.943080,24.929283,0 91.942988,24.929181,0 91.942885,24.929087,0 91.942772,24.929002,0 91.942698,24.928957,0 91.942676,24.928942,0 91.942674,24.928910,0 91.942674,24.928437,0 91.942676,24.928404,0 91.942686,24.928343,0 91.942688,24.928332,0 91.942702,24.928198,0 91.942702,24.928064,0 91.942687,24.927931,0 91.942676,24.927862,0 91.942674,24.927832,0 91.942674,24.927359,0 91.942676,24.927326,0 91.942680,24.927321,0 91.942763,24.927229,0 91.942844,24.927118,0 91.942913,24.927001,0 91.942969,24.926878,0 91.943011,24.926751,0 91.943039,24.926620,0 91.943053,24.926488,0 91.943053,24.926355,0 91.943039,24.926222,0 91.943010,24.926092,0 91.942968,24.925964,0 91.942912,24.925842,0 91.942843,24.925724,0 91.942761,24.925614,0 91.942669,24.925511,0 91.942565,24.925417,0 91.942452,24.925333,0 91.942331,24.925259,0 91.942202,24.925197,0 91.942137,24.925169,0 91.942135,24.925137,0 91.942135,24.924631,0 91.942135,24.924631,0 91.942135,24.924532,0 91.942121,24.924399,0 91.942092,24.924269,0 91.942050,24.924142,0 91.941994,24.924019,0 91.941926,24.923902,0 91.941845,24.923791,0 91.941752,24.923688,0 91.941649,24.923595,0 91.941597,24.923552,0 91.941589,24.923544,0 91.941518,24.923464,0 91.941421,24.923374,0 91.941315,24.923293,0 91.941201,24.923221,0 91.941080,24.923159,0 91.940954,24.923107,0 91.940822,24.923067,0 91.940688,24.923037,0 91.940551,24.923020,0 91.940412,24.923014,0 91.940016,24.923014,0 91.939981,24.923012,0 91.939979,24.922981,0 91.939979,24.922980,0 91.939973,24.922854,0 91.939954,24.922730,0 91.939922,24.922608,0 91.939878,24.922489,0 91.939822,24.922374,0 91.939755,24.922264,0 91.939677,24.922161,0 91.939589,24.922065,0 91.939491,24.921976,0 91.939441,24.921935,0 91.939433,24.921927,0 91.939362,24.921847,0 91.939265,24.921757,0 91.939159,24.921676,0 91.939045,24.921604,0 91.938924,24.921542,0 91.938798,24.921490,0 91.938667,24.921450,0 91.938532,24.921421,0 91.938395,24.921403,0 91.938256,24.921397,0 91.937860,24.921397,0 91.937825,24.921395,0 91.937823,24.921364,0 91.937823,24.920891,0 91.937825,24.920858,0 91.937829,24.920835,0 91.937847,24.920751,0 91.937861,24.920618,0 91.937861,24.920485,0 91.937847,24.920353,0 91.937819,24.920223,0 91.937776,24.920096,0 91.937721,24.919973,0 91.937652,24.919855,0 91.937571,24.919745,0 91.937478,24.919642,0 91.937375,24.919548,0 91.937263,24.919464,0 91.937142,24.919390,0 91.937013,24.919327,0 91.936878,24.919277,0 91.936752,24.919242,0 91.936746,24.919240,0 91.936742,24.919236,0 91.936658,24.919142,0 91.936555,24.919048,0 91.936442,24.918964,0 91.936321,24.918890,0 91.936192,24.918827,0 91.936058,24.918776,0 91.935918,24.918738,0 91.935775,24.918712,0 91.935704,24.918705,0 91.935668,24.918701,0 91.935625,24.918682,0 91.935516,24.918641,0 91.935534,24.918611,0 91.935589,24.918488,0 91.935631,24.918360,0 91.935659,24.918229,0 91.935679,24.918101,0 91.935681,24.918091,0 91.935696,24.917957,0 91.935695,24.917823,0 91.935680,24.917690,0 91.935669,24.917621,0 91.935667,24.917591,0 91.935667,24.917590,0 91.935661,24.917464,0 91.935642,24.917340,0 91.935610,24.917218,0 91.935566,24.917099,0 91.935510,24.916984,0 91.935443,24.916875,0 91.935365,24.916771,0 91.935277,24.916675,0 91.935179,24.916586,0 91.935130,24.916545,0 91.935111,24.916517,0 91.935077,24.916458,0 91.934996,24.916348,0 91.934903,24.916245,0 91.934800,24.916151,0 91.934687,24.916067,0 91.934566,24.915993,0 91.934532,24.915974,0 91.934404,24.915911,0 91.934269,24.915860,0 91.934129,24.915822,0 91.933986,24.915796,0 91.933841,24.915783,0 91.933696,24.915783,0 91.933551,24.915796,0 91.933408,24.915822,0 91.933268,24.915860,0 91.933133,24.915911,0 91.933005,24.915974,0 91.932884,24.916048,0 91.932771,24.916132,0 91.932668,24.916226,0 91.932575,24.916329,0 91.932495,24.916439,0 91.932439,24.916535,0 91.932432,24.916545,0 91.932382,24.916586,0 91.932284,24.916675,0 91.932196,24.916771,0 91.932118,24.916875,0 91.932051,24.916984,0 91.931995,24.917099,0 91.931951,24.917218,0 91.931920,24.917340,0 91.931901,24.917464,0 91.931894,24.917590,0 91.931894,24.917624,0 91.931894,24.917624,0 91.931894,24.917723,0 91.931909,24.917856,0 91.931937,24.917986,0 91.931979,24.918113,0 91.932035,24.918236,0 91.932104,24.918353,0 91.932185,24.918464,0 91.932277,24.918567,0 91.932380,24.918661,0 91.932432,24.918703,0 91.932436,24.918707,0 91.932520,24.918801,0 91.932624,24.918895,0 91.932736,24.918979,0 91.932857,24.919053,0 91.932986,24.919116,0 91.933121,24.919167,0 91.933260,24.919205,0 91.933403,24.919231,0 91.933474,24.919238,0 91.933511,24.919243,0 91.933554,24.919261,0 91.933662,24.919302,0 91.933645,24.919332,0 91.933589,24.919455,0 91.933547,24.919583,0 91.933520,24.919714,0 91.933509,24.919781,0 91.933493,24.919821,0 91.933474,24.919863,0 91.933432,24.919990,0 91.933404,24.920120,0 91.933389,24.920253,0 91.933389,24.920386,0 91.933404,24.920518,0 91.933432,24.920648,0 91.933474,24.920775,0 91.933493,24.920818,0 91.933509,24.920858,0 91.933511,24.920891,0 91.933511,24.921903,0 91.933510,24.921934,0 91.933475,24.921936,0 91.932470,24.921936,0 91.932435,24.921934,0 91.932433,24.921903,0 91.932433,24.920319,0 91.932433,24.920319,0 91.932433,24.920220,0 91.932419,24.920087,0 91.932391,24.919957,0 91.932348,24.919830,0 91.932292,24.919707,0 91.932224,24.919590,0 91.932143,24.919479,0 91.932050,24.919377,0 91.931947,24.919283,0 91.931896,24.919240,0 91.931886,24.919181,0 91.931885,24.919169,0 91.931857,24.919038,0 91.931814,24.918911,0 91.931758,24.918788,0 91.931690,24.918671,0 91.931609,24.918561,0 91.931516,24.918458,0 91.931413,24.918364,0 91.931301,24.918279,0 91.931179,24.918206,0 91.931051,24.918143,0 91.930916,24.918092,0 91.930777,24.918054,0 91.930634,24.918028,0 91.930489,24.918015,0 91.930343,24.918015,0 91.930198,24.918028,0 91.930055,24.918054,0 91.929915,24.918092,0 91.929781,24.918143,0 91.929738,24.918161,0 91.929702,24.918163,0 91.929236,24.918163,0 91.929200,24.918161,0 91.929196,24.918158,0 91.929112,24.918064,0 91.929009,24.917970,0 91.928896,24.917886,0 91.928775,24.917812,0 91.928647,24.917749,0 91.928512,24.917698,0 91.928372,24.917660,0 91.928230,24.917634,0 91.928158,24.917627,0 91.928122,24.917622,0 91.928089,24.917615,0 91.927946,24.917589,0 91.927801,24.917576,0 91.927656,24.917576,0 91.927511,24.917589,0 91.927368,24.917615,0 91.927228,24.917654,0 91.927093,24.917705,0 91.926965,24.917767,0 91.926844,24.917841,0 91.926731,24.917925,0 91.926628,24.918019,0 91.926535,24.918122,0 91.926503,24.918161,0 91.926468,24.918163,0 91.925463,24.918163,0 91.925428,24.918162,0 91.925420,24.918133,0 91.925405,24.918063,0 91.925362,24.917936,0 91.925307,24.917813,0 91.925238,24.917696,0 91.925157,24.917585,0 91.925064,24.917482,0 91.924961,24.917388,0 91.924849,24.917304,0 91.924727,24.917230,0 91.924599,24.917167,0 91.924464,24.917117,0 91.924372,24.917091,0 91.924350,24.917084,0 91.924348,24.917052,0 91.924348,24.916546,0 91.924348,24.916546,0 91.924348,24.916447,0 91.924334,24.916315,0 91.924306,24.916184,0 91.924263,24.916057,0 91.924208,24.915934,0 91.924139,24.915817,0 91.924058,24.915706,0 91.923965,24.915604,0 91.923862,24.915510,0 91.923811,24.915467,0 91.923803,24.915438,0 91.923788,24.915368,0 91.923745,24.915241,0 91.923690,24.915118,0 91.923621,24.915001,0 91.923540,24.914890,0 91.923447,24.914787,0 91.923344,24.914693,0 91.923232,24.914609,0 91.923111,24.914535,0 91.922982,24.914473,0 91.922847,24.914422,0 91.922755,24.914396,0 91.922732,24.914389,0 91.922728,24.914385,0 91.922644,24.914291,0 91.922541,24.914197,0 91.922429,24.914113,0 91.922307,24.914039,0 91.922179,24.913976,0 91.922044,24.913925,0 91.921905,24.913887,0 91.921762,24.913861,0 91.921690,24.913855,0 91.921655,24.913850,0 91.921636,24.913822,0 91.921602,24.913763,0 91.921521,24.913653,0 91.921428,24.913550,0 91.921325,24.913456,0 91.921213,24.913372,0 91.921138,24.913326,0 91.921116,24.913311,0 91.921114,24.913279,0 91.921114,24.912363,0 91.921108,24.912234,0 91.921087,24.912105,0 91.921054,24.911979,0 91.921007,24.911857,0 91.920947,24.911739,0 91.920924,24.911702,0 91.921025,24.911702,0 91.921059,24.911699,0 91.921078,24.911699,0 91.921223,24.911685,0 91.921366,24.911660,0 91.921505,24.911621,0 91.921640,24.911570,0 91.921768,24.911507,0 91.921890,24.911434,0 91.922002,24.911349,0 91.922105,24.911255,0 91.922189,24.911162,0 91.922193,24.911158,0 91.922216,24.911150,0 91.922308,24.911125,0 91.922443,24.911074,0 91.922572,24.911011,0 91.922693,24.910937,0 91.922805,24.910853,0 91.922908,24.910759,0 91.923001,24.910656,0 91.923082,24.910546,0 91.923151,24.910429,0 91.923206,24.910306,0 91.923249,24.910179,0 91.923277,24.910048,0 91.923282,24.910018,0 91.923284,24.910008,0 91.923299,24.909875,0 91.923299,24.909742,0 91.923284,24.909610,0 91.923256,24.909480,0 91.923255,24.909478,0 91.923213,24.909351,0 91.923157,24.909228,0 91.923089,24.909111,0 91.923008,24.909000,0 91.922915,24.908898,0 91.922812,24.908804,0 91.922700,24.908719,0 91.922578,24.908645,0 91.922450,24.908583,0 91.922315,24.908532,0 91.922176,24.908493,0 91.922033,24.908467,0 91.921888,24.908454,0 91.921742,24.908454,0 91.921710,24.908457,0 91.921617,24.908461,0 91.921151,24.908461,0 91.921056,24.908457,0 91.920914,24.908457,0 91.920773,24.908469,0 91.920634,24.908493,0 91.920499,24.908529,0 91.920367,24.908577,0 91.920241,24.908636,0 91.920122,24.908706,0 91.920011,24.908786,0 91.919909,24.908874,0 91.919816,24.908972,0 91.919734,24.909077,0 91.919663,24.909189,0 91.919604,24.909306,0 91.919558,24.909428,0 91.919524,24.909553,0 91.919504,24.909681,0 91.919498,24.909810,0 91.919498,24.910045,0 91.919496,24.910078,0 91.919486,24.910137,0 91.919483,24.910151,0 91.919469,24.910283,0 91.919469,24.910416,0 91.919483,24.910548,0 91.919512,24.910679,0 91.919554,24.910806,0 91.919610,24.910929,0 91.919657,24.911010,0 91.919543,24.911011,0 91.919401,24.911025,0 91.919262,24.911051,0 91.919126,24.911089,0 91.918994,24.911139,0 91.918958,24.911155,0 91.918922,24.911156,0 91.918525,24.911156,0 91.918387,24.911162,0 91.918250,24.911180,0 91.918115,24.911209,0 91.917984,24.911249,0 91.917857,24.911301,0 91.917737,24.911363,0 91.917623,24.911435,0 91.917517,24.911516,0 91.917420,24.911606,0 91.917348,24.911686,0 91.917340,24.911694,0 91.917318,24.911709,0 91.917243,24.911755,0 91.917131,24.911839,0 91.917028,24.911933,0 91.916935,24.912036,0 91.916854,24.912146,0 91.916820,24.912205,0 91.916802,24.912233,0 91.916766,24.912234,0 91.915593,24.912234,0 91.915447,24.912241,0 91.915303,24.912260,0 91.915162,24.912293,0 91.915024,24.912337,0 91.914893,24.912394,0 91.914768,24.912462,0 91.914651,24.912542,0 91.914543,24.912631,0 91.914445,24.912729,0 91.914358,24.912836,0 91.914283,24.912950,0 91.914221,24.913070,0 91.914172,24.913196,0 91.914136,24.913324,0 91.914115,24.913456,0 91.914108,24.913589,0 91.914108,24.913628,0 91.914115,24.913765,0 91.914138,24.913902,0 91.914177,24.914035,0 91.914229,24.914165,0 91.914296,24.914288,0 91.914377,24.914405,0 91.914470,24.914514,0 91.914575,24.914614,0 91.914690,24.914703,0 91.914815,24.914781,0 91.914948,24.914848,0 91.915087,24.914901,0 91.915136,24.914915,0 91.915184,24.914930,0 91.915186,24.914962,0 91.915186,24.915435,0 91.915184,24.915467,0 91.915149,24.915468,0 91.914752,24.915468,0 91.914614,24.915474,0 91.914477,24.915492,0 91.914342,24.915521,0 91.914211,24.915561,0 91.914085,24.915613,0 91.913964,24.915675,0 91.913850,24.915747,0 91.913744,24.915828,0 91.913647,24.915918,0 91.913575,24.915998,0 91.913567,24.916006,0 91.913517,24.916047,0 91.913420,24.916136,0 91.913332,24.916232,0 91.913254,24.916336,0 91.913186,24.916445,0 91.913131,24.916560,0 91.913087,24.916679,0 91.913055,24.916801,0 91.913036,24.916925,0 91.913030,24.917051,0 91.913030,24.917085,0 91.913030,24.917085,0 91.913030,24.917184,0 91.913044,24.917317,0 91.913072,24.917447,0 91.913115,24.917574,0 91.913170,24.917697,0 91.913239,24.917814,0 91.913320,24.917925,0 91.913413,24.918028,0 91.913516,24.918122,0 91.913567,24.918164,0 91.913569,24.918196,0 91.913569,24.918669,0 91.913567,24.918701,0 91.913505,24.918728,0 91.913499,24.918730,0 91.913370,24.918793,0 91.913249,24.918867,0 91.913136,24.918951,0 91.913033,24.919045,0 91.912941,24.919148,0 91.912860,24.919258,0 91.912791,24.919375,0 91.912735,24.919498,0 91.912693,24.919625,0 91.912665,24.919756,0 91.912650,24.919888,0 91.912650,24.920021,0 91.912665,24.920153,0 91.912693,24.920284,0 91.912735,24.920411,0 91.912791,24.920534,0 91.912860,24.920651,0 91.912941,24.920761,0 91.913024,24.920854,0 91.913028,24.920859,0 91.913036,24.920888,0 91.913051,24.920958,0 91.913094,24.921086,0 91.913149,24.921208,0 91.913218,24.921326,0 91.913299,24.921436,0 91.913392,24.921539,0 91.913495,24.921633,0 91.913607,24.921717,0 91.913729,24.921791,0 91.913857,24.921854,0 91.913992,24.921905,0 91.914084,24.921930,0 91.914107,24.921938,0 91.914150,24.921956,0 91.914285,24.922007,0 91.914425,24.922046,0 91.914458,24.922052,0 91.914445,24.922061,0 91.914342,24.922155,0 91.914250,24.922258,0 91.914169,24.922368,0 91.914113,24.922463,0 91.914107,24.922473,0 91.914071,24.922475,0 91.913605,24.922475,0 91.913570,24.922473,0 91.913562,24.922445,0 91.913547,24.922375,0 91.913505,24.922248,0 91.913449,24.922125,0 91.913380,24.922007,0 91.913299,24.921897,0 91.913207,24.921794,0 91.913104,24.921700,0 91.912991,24.921616,0 91.912870,24.921542,0 91.912741,24.921479,0 91.912606,24.921429,0 91.912515,24.921403,0 91.912492,24.921396,0 91.912465,24.921377,0 91.912343,24.921303,0 91.912214,24.921241,0 91.912079,24.921190,0 91.911939,24.921151,0 91.911796,24.921125,0 91.911650,24.921112,0 91.911504,24.921113,0 91.911359,24.921126,0 91.911215,24.921152,0 91.911076,24.921191,0 91.910941,24.921243,0 91.910812,24.921306,0 91.910691,24.921380,0 91.910578,24.921465,0 91.910553,24.921486,0 91.910523,24.921503,0 91.910470,24.921530,0 91.910442,24.921543,0 91.910433,24.921547,0 91.910359,24.921583,0 91.910304,24.921611,0 91.910271,24.921619,0 91.910220,24.921628,0 91.910115,24.921643,0 91.909989,24.921665,0 91.909865,24.921698,0 91.909793,24.921720,0 91.909704,24.921746,0 91.909600,24.921784,0 91.909545,24.921806,0 91.909529,24.921812,0 91.909363,24.921875,0 91.909336,24.921885,0 91.909304,24.921896,0 91.909145,24.921960,0 91.909056,24.922007,0 91.909055,24.922006,0 91.908979,24.922047,0 91.908938,24.922064,0 91.908903,24.922075,0 91.908872,24.922084,0 91.908827,24.922089,0 91.908666,24.922117,0 91.908508,24.922161,0 91.908357,24.922221,0 91.908357,24.922221,0 91.908345,24.922226,0 91.908318,24.922239,0 91.908249,24.922267,0 91.908232,24.922273,0 91.908184,24.922288,0 91.907945,24.922356,0 91.907909,24.922364,0 91.907859,24.922367,0 91.907713,24.922380,0 91.907569,24.922407,0 91.907428,24.922446,0 91.907293,24.922498,0 91.907164,24.922561,0 91.907042,24.922636,0 91.906929,24.922722,0 91.906826,24.922817,0 91.906775,24.922869,0 91.906748,24.922892,0 91.906663,24.922956,0 91.906634,24.922975,0 91.906598,24.922980,0 91.906527,24.922986,0 91.906527,24.922986,0 91.906437,24.922993,0 91.906304,24.923015,0 91.906173,24.923048,0 91.906046,24.923092,0 91.905924,24.923146,0 91.905808,24.923210,0 91.905699,24.923284,0 91.905645,24.923323,0 91.905584,24.923365,0 91.905476,24.923455,0 91.905373,24.923549,0 91.905293,24.923616,0 91.905232,24.923675,0 91.905206,24.923695,0 91.905140,24.923740,0 91.905114,24.923757,0 91.905064,24.923788,0 91.905033,24.923805,0 91.905001,24.923791,0 91.904956,24.923770,0 91.904824,24.923715,0 91.904687,24.923672,0 91.904674,24.923669,0 91.904686,24.923655,0 91.904765,24.923540,0 91.904830,24.923417,0 91.904882,24.923289,0 91.904919,24.923157,0 91.904941,24.923023,0 91.904949,24.922886,0 91.904949,24.922865,0 91.904943,24.922741,0 91.904924,24.922618,0 91.904893,24.922497,0 91.904829,24.922289,0 91.904821,24.922259,0 91.904820,24.922248,0 91.904821,24.922233,0 91.904850,24.922214,0 91.904939,24.922160,0 91.905053,24.922083,0 91.905159,24.921996,0 91.905256,24.921901,0 91.905298,24.921855,0 91.905317,24.921840,0 91.905370,24.921806,0 91.905465,24.921733,0 91.905554,24.921653,0 91.905573,24.921633,0 91.905588,24.921620,0 91.905687,24.921523,0 91.905774,24.921417,0 91.905843,24.921315,0 91.905847,24.921310,0 91.905870,24.921285,0 91.906051,24.921107,0 91.906160,24.920987,0 91.906253,24.920856,0 91.906264,24.920840,0 91.906314,24.920748,0 91.906315,24.920749,0 91.906370,24.920645,0 91.906388,24.920615,0 91.906429,24.920529,0 91.906429,24.920529,0 91.906444,24.920497,0 91.906487,24.920394,0 91.906508,24.920326,0 91.906529,24.920262,0 91.906548,24.920231,0 91.906552,24.920225,0 91.906620,24.920111,0 91.906677,24.919992,0 91.906720,24.919868,0 91.906751,24.919741,0 91.906768,24.919611,0 91.906771,24.919481,0 91.906760,24.919351,0 91.906736,24.919223,0 91.906698,24.919097,0 91.906648,24.918976,0 91.906584,24.918859,0 91.906509,24.918748,0 91.906469,24.918701,0 91.906417,24.918631,0 91.906391,24.918592,0 91.906323,24.918512,0 91.906323,24.918511,0 91.906319,24.918505,0 91.906311,24.918498,0 91.906295,24.918479,0 91.906278,24.918460,0 91.906277,24.918461,0 91.906225,24.918406,0 91.906122,24.918315,0 91.906009,24.918234,0 91.905888,24.918163,0 91.905761,24.918103,0 91.905627,24.918055,0 91.905489,24.918018,0 91.905348,24.917994,0 91.905205,24.917983,0 91.905062,24.917984,0 91.904919,24.917997,0 91.904778,24.918024,0 91.904641,24.918062,0 91.904508,24.918112,0 91.904429,24.918151,0 91.904405,24.918161,0 91.904369,24.918163,0 91.903903,24.918163,0 91.903868,24.918161,0 91.903845,24.918143,0 91.903786,24.918089,0 91.903674,24.918005,0 91.903552,24.917931,0 91.903424,24.917869,0 91.903289,24.917818,0 91.903150,24.917779,0 91.903007,24.917753,0 91.902862,24.917740,0 91.902716,24.917740,0 91.902571,24.917753,0 91.902428,24.917779,0 91.902288,24.917818,0 91.902154,24.917869,0 91.902025,24.917931,0 91.901904,24.918005,0 91.901791,24.918089,0 91.901733,24.918143,0 91.901710,24.918161,0 91.901674,24.918163,0 91.901278,24.918163,0 91.901139,24.918169,0 91.901002,24.918187,0 91.900867,24.918216,0 91.900736,24.918256,0 91.900610,24.918308,0 91.900489,24.918370,0 91.900375,24.918442,0 91.900269,24.918523,0 91.900172,24.918613,0 91.900101,24.918693,0 91.900093,24.918701,0 91.900043,24.918742,0 91.899945,24.918831,0 91.899857,24.918927,0 91.899779,24.919031,0 91.899712,24.919140,0 91.899656,24.919255,0 91.899612,24.919374,0 91.899580,24.919496,0 91.899561,24.919620,0 91.899555,24.919746,0 91.899555,24.919747,0 91.899553,24.919780,0 91.899550,24.919784,0 91.899550,24.919785,0 91.899438,24.919780,0 91.899052,24.919780,0 91.898957,24.919776,0 91.898816,24.919776,0 91.898675,24.919788,0 91.898536,24.919812,0 91.898400,24.919848,0 91.898269,24.919896,0 91.898143,24.919955,0 91.898024,24.920025,0 91.897912,24.920104,0 91.897810,24.920193,0 91.897717,24.920291,0 91.897635,24.920396,0 91.897564,24.920507,0 91.897506,24.920625,0 91.897459,24.920747,0 91.897426,24.920872,0 91.897406,24.921000,0 91.897399,24.921129,0 91.897399,24.921364,0 91.897397,24.921397,0 91.897381,24.921438,0 91.897362,24.921480,0 91.897320,24.921607,0 91.897291,24.921737,0 91.897277,24.921870,0 91.897277,24.922002,0 91.897291,24.922135,0 91.897320,24.922265,0 91.897362,24.922392,0 91.897381,24.922434,0 91.897397,24.922475,0 91.897399,24.922508,0 91.897399,24.922981,0 91.897397,24.923013,0 91.897393,24.923018,0 91.897310,24.923111,0 91.897232,24.923218,0 91.897177,24.923177,0 91.897056,24.923103,0 91.896927,24.923041,0 91.896862,24.923013,0 91.896860,24.922981,0 91.896860,24.922508,0 91.896862,24.922475,0 91.896878,24.922434,0 91.896897,24.922392,0 91.896939,24.922265,0 91.896968,24.922135,0 91.896982,24.922002,0 91.896982,24.921870,0 91.896968,24.921737,0 91.896939,24.921607,0 91.896897,24.921480,0 91.896878,24.921438,0 91.896862,24.921397,0 91.896860,24.921364,0 91.896860,24.920891,0 91.896862,24.920859,0 91.896913,24.920816,0 91.897016,24.920723,0 91.897108,24.920620,0 91.897189,24.920509,0 91.897258,24.920392,0 91.897314,24.920269,0 91.897356,24.920142,0 91.897385,24.920012,0 91.897399,24.919879,0 91.897399,24.919780,0 91.897399,24.919780,0 91.897399,24.918702,0 91.897399,24.918702,0 91.897399,24.918603,0 91.897385,24.918471,0 91.897356,24.918340,0 91.897314,24.918213,0 91.897258,24.918090,0 91.897189,24.917973,0 91.897108,24.917862,0 91.897016,24.917760,0 91.896913,24.917666,0 91.896861,24.917623,0 91.896853,24.917615,0 91.896782,24.917535,0 91.896684,24.917445,0 91.896578,24.917364,0 91.896465,24.917292,0 91.896344,24.917230,0 91.896218,24.917178,0 91.896086,24.917138,0 91.895952,24.917109,0 91.895815,24.917091,0 91.895676,24.917085,0 91.895279,24.917085,0 91.895245,24.917084,0 91.895243,24.917052,0 91.895243,24.916579,0 91.895245,24.916547,0 91.895256,24.916538,0 91.895344,24.916472,0 91.895447,24.916378,0 91.895540,24.916275,0 91.895620,24.916164,0 91.895689,24.916047,0 91.895745,24.915924,0 91.895787,24.915797,0 91.895816,24.915667,0 91.895830,24.915535,0 91.895830,24.915402,0 91.895816,24.915269,0 91.895787,24.915139,0 91.895745,24.915012,0 91.895689,24.914889,0 91.895620,24.914772,0 91.895540,24.914661,0 91.895447,24.914559,0 91.895344,24.914465,0 91.895256,24.914399,0 91.895245,24.914389,0 91.895243,24.914357,0 91.895243,24.913884,0 91.895245,24.913851,0 91.895254,24.913793,0 91.895257,24.913779,0 91.895272,24.913646,0 91.895272,24.913513,0 91.895257,24.913381,0 91.895229,24.913251,0 91.895187,24.913124,0 91.895131,24.913001,0 91.895062,24.912884,0 91.894981,24.912773,0 91.894889,24.912670,0 91.894786,24.912576,0 91.894673,24.912492,0 91.894552,24.912418,0 91.894423,24.912355,0 91.894289,24.912305,0 91.894149,24.912266,0 91.894006,24.912240,0 91.893861,24.912227,0 91.893715,24.912227,0 91.893682,24.912230,0 91.893590,24.912234,0 91.893124,24.912234,0 91.893088,24.912233,0 91.893030,24.912201,0 91.892901,24.912138,0 91.892767,24.912088,0 91.892627,24.912049,0 91.892484,24.912023,0 91.892339,24.912010,0 91.892193,24.912010,0 91.892048,24.912023,0 91.891905,24.912049,0 91.891766,24.912088,0 91.891631,24.912138,0 91.891503,24.912201,0 91.891382,24.912275,0 91.891269,24.912359,0 91.891166,24.912453,0 91.891073,24.912556,0 91.890992,24.912666,0 91.890937,24.912762,0 91.890930,24.912772,0 91.890929,24.912773,0 91.890848,24.912883,0 91.890779,24.913001,0 91.890724,24.913123,0 91.890681,24.913251,0 91.890653,24.913381,0 91.890639,24.913513,0 91.890639,24.913646,0 91.890653,24.913778,0 91.890681,24.913909,0 91.890724,24.914036,0 91.890779,24.914159,0 91.890848,24.914276,0 91.890929,24.914387,0 91.891022,24.914489,0 91.891125,24.914583,0 91.891237,24.914668,0 91.891358,24.914742,0 91.891487,24.914804,0 91.891622,24.914855,0 91.891761,24.914894,0 91.891904,24.914920,0 91.891969,24.914925,0 91.892007,24.914931,0 91.892009,24.914962,0 91.892009,24.915435,0 91.892007,24.915467,0 91.891973,24.915468,0 91.890968,24.915468,0 91.890932,24.915467,0 91.890928,24.915463,0 91.890844,24.915369,0 91.890741,24.915275,0 91.890628,24.915191,0 91.890507,24.915117,0 91.890378,24.915054,0 91.890244,24.915003,0 91.890104,24.914965,0 91.889961,24.914939,0 91.889890,24.914932,0 91.889854,24.914928,0 91.889831,24.914909,0 91.889773,24.914855,0 91.889660,24.914771,0 91.889539,24.914697,0 91.889410,24.914635,0 91.889275,24.914584,0 91.889136,24.914545,0 91.888993,24.914519,0 91.888848,24.914506,0 91.888702,24.914506,0 91.888557,24.914519,0 91.888414,24.914545,0 91.888275,24.914584,0 91.888140,24.914635,0 91.888012,24.914697,0 91.887890,24.914771,0 91.887778,24.914855,0 91.887719,24.914909,0 91.887696,24.914928,0 91.887661,24.914929,0 91.886117,24.914929,0 91.886082,24.914928,0 91.886082,24.914926,0 91.886080,24.914896,0 91.886080,24.914423,0 91.886082,24.914390,0 91.886091,24.914332,0 91.886095,24.914318,0 91.886109,24.914185,0 91.886109,24.914052,0 91.886102,24.913990,0 91.886156,24.913985,0 91.886302,24.913959,0 91.886445,24.913920,0 91.886583,24.913868,0 91.886620,24.913853,0 91.886656,24.913851,0 91.887122,24.913851,0 91.887217,24.913855,0 91.887367,24.913855,0 91.887517,24.913841,0 91.887664,24.913813,0 91.887807,24.913772,0 91.887945,24.913718,0 91.888077,24.913651,0 91.888200,24.913573,0 91.888314,24.913484,0 91.888418,24.913384,0 91.888509,24.913276,0 91.888589,24.913159,0 91.888655,24.913036,0 91.888707,24.912908,0 91.888745,24.912775,0 91.888768,24.912640,0 91.888775,24.912503,0 91.888775,24.912267,0 91.888777,24.912234,0 91.888786,24.912176,0 91.888790,24.912162,0 91.888804,24.912029,0 91.888804,24.911896,0 91.888790,24.911764,0 91.888761,24.911634,0 91.888719,24.911507,0 91.888663,24.911384,0 91.888594,24.911267,0 91.888513,24.911156,0 91.888421,24.911053,0 91.888318,24.910959,0 91.888205,24.910875,0 91.888084,24.910801,0 91.887955,24.910739,0 91.887821,24.910688,0 91.887681,24.910649,0 91.887538,24.910623,0 91.887393,24.910610,0 91.887248,24.910610,0 91.887214,24.910613,0 91.887122,24.910617,0 91.886656,24.910617,0 91.886621,24.910616,0 91.886619,24.910584,0 91.886619,24.910112,0 91.886621,24.910078,0 91.886635,24.910029,0 91.886663,24.909899,0 91.886677,24.909766,0 91.886677,24.909633,0 91.886663,24.909501,0 91.886635,24.909371,0 91.886592,24.909243,0 91.886536,24.909121,0 91.886468,24.909003,0 91.886387,24.908893,0 91.886294,24.908790,0 91.886191,24.908696,0 91.886079,24.908612,0 91.885957,24.908538,0 91.885829,24.908475,0 91.885694,24.908424,0 91.885555,24.908386,0 91.885412,24.908360,0 91.885267,24.908347,0 91.885121,24.908347,0 91.884976,24.908360,0 91.884833,24.908386,0 91.884694,24.908424,0 91.884559,24.908475,0 91.884430,24.908538,0 91.884309,24.908612,0 91.884197,24.908696,0 91.884093,24.908790,0 91.884001,24.908893,0 91.883926,24.908996,0 91.883923,24.908999,0 91.883888,24.909000,0 91.883792,24.909000,0 91.883647,24.909007,0 91.883503,24.909026,0 91.883361,24.909059,0 91.883224,24.909103,0 91.883092,24.909160,0 91.882967,24.909229,0 91.882850,24.909308,0 91.882742,24.909397,0 91.882644,24.909495,0 91.882558,24.909602,0 91.882483,24.909716,0 91.882420,24.909836,0 91.882371,24.909962,0 91.882336,24.910091,0 91.882314,24.910222,0 91.882307,24.910355,0 91.882307,24.910394,0 91.882315,24.910531,0 91.882338,24.910668,0 91.882376,24.910801,0 91.882429,24.910931,0 91.882496,24.911055,0 91.882577,24.911171,0 91.882670,24.911280,0 91.882774,24.911380,0 91.882890,24.911469,0 91.883015,24.911547,0 91.883147,24.911614,0 91.883287,24.911667,0 91.883336,24.911681,0 91.883384,24.911697,0 91.883388,24.911701,0 91.883472,24.911794,0 91.883576,24.911888,0 91.883688,24.911973,0 91.883809,24.912046,0 91.883938,24.912109,0 91.884073,24.912160,0 91.884212,24.912199,0 91.884355,24.912224,0 91.884426,24.912231,0 91.884462,24.912236,0 91.884463,24.912267,0 91.884463,24.912644,0 91.884470,24.912771,0 91.884427,24.912773,0 91.883792,24.912773,0 91.883647,24.912780,0 91.883503,24.912799,0 91.883361,24.912832,0 91.883224,24.912876,0 91.883092,24.912933,0 91.882967,24.913001,0 91.882850,24.913081,0 91.882742,24.913170,0 91.882644,24.913268,0 91.882558,24.913375,0 91.882483,24.913489,0 91.882420,24.913609,0 91.882371,24.913734,0 91.882336,24.913863,0 91.882314,24.913995,0 91.882307,24.914128,0 91.882307,24.914357,0 91.882305,24.914390,0 91.882289,24.914431,0 91.882270,24.914473,0 91.882228,24.914600,0 91.882200,24.914730,0 91.882185,24.914863,0 91.882185,24.914996,0 91.882200,24.915128,0 91.882228,24.915258,0 91.882270,24.915385,0 91.882289,24.915428,0 91.882306,24.915469,0 91.882322,24.915529,0 91.882365,24.915657,0 91.882420,24.915779,0 91.882489,24.915897,0 91.882570,24.916007,0 91.882571,24.916008,0 91.882508,24.916003,0 91.882366,24.916003,0 91.882271,24.916007,0 91.881805,24.916007,0 91.881770,24.916006,0 91.881768,24.915974,0 91.881768,24.915501,0 91.881770,24.915468,0 91.881786,24.915428,0 91.881805,24.915385,0 91.881848,24.915258,0 91.881876,24.915128,0 91.881890,24.914996,0 91.881890,24.914863,0 91.881876,24.914730,0 91.881848,24.914600,0 91.881805,24.914473,0 91.881786,24.914431,0 91.881770,24.914390,0 91.881768,24.914357,0 91.881768,24.913851,0 91.881768,24.913851,0 91.881768,24.913752,0 91.881754,24.913620,0 91.881726,24.913489,0 91.881683,24.913362,0 91.881627,24.913239,0 91.881559,24.913122,0 91.881478,24.913012,0 91.881385,24.912909,0 91.881282,24.912815,0 91.881231,24.912772,0 91.881226,24.912768,0 91.881142,24.912674,0 91.881039,24.912580,0 91.880926,24.912496,0 91.880805,24.912422,0 91.880677,24.912359,0 91.880542,24.912308,0 91.880402,24.912270,0 91.880260,24.912244,0 91.880188,24.912238,0 91.880152,24.912233,0 91.880134,24.912211,0 91.880044,24.912110,0 91.879943,24.912017,0 91.879833,24.911934,0 91.879715,24.911861,0 91.879589,24.911799,0 91.879458,24.911748,0 91.879321,24.911708,0 91.879182,24.911681,0 91.879040,24.911666,0 91.878897,24.911664,0 91.878754,24.911674,0 91.878613,24.911697,0 91.878476,24.911732,0 91.878342,24.911778,0 91.878214,24.911837,0 91.878093,24.911906,0 91.877980,24.911985,0 91.877876,24.912074,0 91.877781,24.912172,0 91.877697,24.912278,0 91.877625,24.912390,0 91.877565,24.912509,0 91.877518,24.912632,0 91.877484,24.912758,0 91.877463,24.912887,0 91.877456,24.913018,0 91.877456,24.913279,0 91.877455,24.913312,0 91.877439,24.913353,0 91.877419,24.913395,0 91.877377,24.913522,0 91.877349,24.913652,0 91.877334,24.913785,0 91.877334,24.913918,0 91.877349,24.914050,0 91.877377,24.914180,0 91.877419,24.914307,0 91.877439,24.914350,0 91.877455,24.914390,0 91.877456,24.914423,0 91.877456,24.914896,0 91.877455,24.914929,0 91.877445,24.914990,0 91.877442,24.915001,0 91.877428,24.915135,0 91.877428,24.915269,0 91.877443,24.915403,0 91.877455,24.915471,0 91.877456,24.915501,0 91.877456,24.916513,0 91.877455,24.916546,0 91.877437,24.916591,0 91.877395,24.916718,0 91.877366,24.916848,0 91.877352,24.916981,0 91.877352,24.917113,0 91.877366,24.917246,0 91.877395,24.917376,0 91.877437,24.917503,0 91.877493,24.917626,0 91.877561,24.917743,0 91.877642,24.917854,0 91.877735,24.917957,0 91.877838,24.918051,0 91.877951,24.918135,0 91.877994,24.918164,0 91.877995,24.918196,0 91.877995,24.918197,0 91.878003,24.918338,0 91.878028,24.918478,0 91.878067,24.918614,0 91.878123,24.918746,0 91.878193,24.918872,0 91.878277,24.918991,0 91.878374,24.919101,0 91.878483,24.919201,0 91.878533,24.919242,0 91.878534,24.919274,0 91.878534,24.920825,0 91.878533,24.920857,0 91.878491,24.920870,0 91.878446,24.920883,0 91.878316,24.920931,0 91.878192,24.920991,0 91.878074,24.921060,0 91.877964,24.921140,0 91.877862,24.921229,0 91.877771,24.921326,0 91.877690,24.921431,0 91.877620,24.921542,0 91.877562,24.921659,0 91.877516,24.921780,0 91.877483,24.921905,0 91.877463,24.922032,0 91.877456,24.922160,0 91.877456,24.922442,0 91.877455,24.922474,0 91.877405,24.922515,0 91.877308,24.922604,0 91.877219,24.922700,0 91.877141,24.922803,0 91.877074,24.922913,0 91.877018,24.923028,0 91.876974,24.923147,0 91.876943,24.923269,0 91.876924,24.923393,0 91.876917,24.923519,0 91.876917,24.923520,0 91.876916,24.923552,0 91.876864,24.923595,0 91.876761,24.923689,0 91.876669,24.923791,0 91.876588,24.923902,0 91.876519,24.924019,0 91.876463,24.924142,0 91.876421,24.924269,0 91.876393,24.924399,0 91.876378,24.924532,0 91.876378,24.924631,0 91.876378,24.924631,0 91.876378,24.925137,0 91.876377,24.925168,0 91.876342,24.925170,0 91.874259,24.925170,0 91.874223,24.925168,0 91.874191,24.925161,0 91.874048,24.925135,0 91.873902,24.925122,0 91.873757,24.925122,0 91.873612,24.925135,0 91.873469,24.925161,0 91.873329,24.925200,0 91.873195,24.925250,0 91.873066,24.925313,0 91.872945,24.925387,0 91.872832,24.925471,0 91.872729,24.925565,0 91.872637,24.925668,0 91.872605,24.925707,0 91.872569,24.925709,0 91.872172,24.925709,0 91.872034,24.925715,0 91.871897,24.925732,0 91.871762,24.925762,0 91.871631,24.925802,0 91.871504,24.925854,0 91.871384,24.925916,0 91.871270,24.925987,0 91.871164,24.926069,0 91.871067,24.926159,0 91.870995,24.926239,0 91.870987,24.926247,0 91.870945,24.926260,0 91.870900,24.926273,0 91.870770,24.926321,0 91.870646,24.926380,0 91.870528,24.926450,0 91.870418,24.926530,0 91.870317,24.926619,0 91.870225,24.926716,0 91.870144,24.926821,0 91.870074,24.926932,0 91.870016,24.927049,0 91.869970,24.927170,0 91.869937,24.927295,0 91.869917,24.927421,0 91.869911,24.927550,0 91.869911,24.927832,0 91.869909,24.927864,0 91.869909,24.927865,0 91.869833,24.927967,0 91.869759,24.927939,0 91.869619,24.927900,0 91.869476,24.927874,0 91.869412,24.927869,0 91.869373,24.927863,0 91.869359,24.927812,0 91.869318,24.927690,0 91.869265,24.927571,0 91.869200,24.927457,0 91.869123,24.927350,0 91.869036,24.927250,0 91.868938,24.927157,0 91.868832,24.927074,0 91.868717,24.927000,0 91.868595,24.926936,0 91.868467,24.926883,0 91.868334,24.926841,0 91.868198,24.926811,0 91.868058,24.926793,0 91.867918,24.926787,0 91.867791,24.926787,0 91.867755,24.926785,0 91.867716,24.926773,0 91.867576,24.926734,0 91.867434,24.926708,0 91.867288,24.926695,0 91.867143,24.926695,0 91.866998,24.926708,0 91.866855,24.926734,0 91.866715,24.926773,0 91.866676,24.926785,0 91.866640,24.926787,0 91.866174,24.926787,0 91.866139,24.926785,0 91.866138,24.926754,0 91.866138,24.925203,0 91.866139,24.925172,0 91.866174,24.925170,0 91.866808,24.925170,0 91.866954,24.925163,0 91.867098,24.925144,0 91.867239,24.925112,0 91.867377,24.925067,0 91.867508,24.925010,0 91.867633,24.924942,0 91.867751,24.924863,0 91.867859,24.924773,0 91.867956,24.924675,0 91.868043,24.924568,0 91.868118,24.924454,0 91.868180,24.924334,0 91.868230,24.924209,0 91.868265,24.924080,0 91.868286,24.923948,0 91.868294,24.923815,0 91.868294,24.923586,0 91.868295,24.923553,0 91.868306,24.923489,0 91.868320,24.923361,0 91.868320,24.923231,0 91.868307,24.923103,0 91.868281,24.922976,0 91.868242,24.922852,0 91.868189,24.922731,0 91.868125,24.922616,0 91.868049,24.922508,0 91.867961,24.922406,0 91.867864,24.922312,0 91.867757,24.922227,0 91.867641,24.922152,0 91.867519,24.922087,0 91.867390,24.922034,0 91.867256,24.921991,0 91.867118,24.921961,0 91.866978,24.921942,0 91.866836,24.921936,0 91.866174,24.921936,0 91.866138,24.921934,0 91.866093,24.921910,0 91.865964,24.921847,0 91.865829,24.921796,0 91.865690,24.921757,0 91.865547,24.921732,0 91.865402,24.921719,0 91.865256,24.921719,0 91.865111,24.921732,0 91.864968,24.921757,0 91.864829,24.921796,0 91.864694,24.921847,0 91.864565,24.921910,0 91.864544,24.921922,0 91.864422,24.921995,0 91.864310,24.922080,0 91.864207,24.922174,0 91.864114,24.922276,0 91.864033,24.922387,0 91.863999,24.922446,0 91.863981,24.922474,0 91.863945,24.922478,0 91.863873,24.922485,0 91.863731,24.922511,0 91.863591,24.922549,0 91.863456,24.922600,0 91.863328,24.922663,0 91.863207,24.922737,0 91.863094,24.922821,0 91.862991,24.922915,0 91.862907,24.923009,0 91.862902,24.923013,0 91.862880,24.923028,0 91.862805,24.923073,0 91.862693,24.923158,0 91.862590,24.923252,0 91.862497,24.923354,0 91.862416,24.923465,0 91.862382,24.923524,0 91.862364,24.923551,0 91.862328,24.923553,0 91.861862,24.923553,0 91.861827,24.923551,0 91.861826,24.923520,0 91.861826,24.922508,0 91.861827,24.922476,0 91.861849,24.922461,0 91.861924,24.922416,0 91.862037,24.922331,0 91.862140,24.922237,0 91.862232,24.922135,0 91.862313,24.922024,0 91.862348,24.921965,0 91.862366,24.921938,0 91.862402,24.921933,0 91.862473,24.921926,0 91.862616,24.921900,0 91.862755,24.921862,0 91.862890,24.921811,0 91.863018,24.921748,0 91.863140,24.921674,0 91.863252,24.921590,0 91.863355,24.921496,0 91.863448,24.921393,0 91.863448,24.921393,0 91.863532,24.921300,0 91.863613,24.921190,0 91.863681,24.921072,0 91.863737,24.920949,0 91.863779,24.920822,0 91.863808,24.920691,0 91.863822,24.920559,0 91.863822,24.920426,0 91.863807,24.920293,0 91.863779,24.920163,0 91.863736,24.920036,0 91.863680,24.919913,0 91.863611,24.919795,0 91.863530,24.919685,0 91.863437,24.919582,0 91.863334,24.919488,0 91.863221,24.919404,0 91.863099,24.919330,0 91.862971,24.919268,0 91.862904,24.919239,0 91.862881,24.919221,0 91.862823,24.919167,0 91.862710,24.919083,0 91.862589,24.919009,0 91.862461,24.918946,0 91.862326,24.918896,0 91.862187,24.918857,0 91.862044,24.918831,0 91.861899,24.918818,0 91.861753,24.918818,0 91.861608,24.918831,0 91.861465,24.918857,0 91.861325,24.918896,0 91.861191,24.918946,0 91.861062,24.919009,0 91.860941,24.919083,0 91.860828,24.919167,0 91.860770,24.919221,0 91.860747,24.919239,0 91.860711,24.919241,0 91.860245,24.919241,0 91.860210,24.919240,0 91.860209,24.919208,0 91.860209,24.919207,0 91.860202,24.919081,0 91.860183,24.918957,0 91.860152,24.918835,0 91.860108,24.918716,0 91.860052,24.918601,0 91.859985,24.918492,0 91.859907,24.918388,0 91.859818,24.918292,0 91.859721,24.918203,0 91.859671,24.918162,0 91.859663,24.918133,0 91.859648,24.918063,0 91.859606,24.917936,0 91.859550,24.917813,0 91.859481,24.917696,0 91.859400,24.917585,0 91.859308,24.917482,0 91.859205,24.917388,0 91.859092,24.917304,0 91.858971,24.917230,0 91.858842,24.917167,0 91.858708,24.917117,0 91.858616,24.917091,0 91.858593,24.917084,0 91.858592,24.917052,0 91.858592,24.917051,0 91.858585,24.916925,0 91.858566,24.916801,0 91.858535,24.916679,0 91.858491,24.916560,0 91.858435,24.916445,0 91.858368,24.916336,0 91.858290,24.916232,0 91.858202,24.916136,0 91.858104,24.916047,0 91.858054,24.916006,0 91.858040,24.915955,0 91.858000,24.915832,0 91.857946,24.915713,0 91.857881,24.915600,0 91.857805,24.915492,0 91.857717,24.915392,0 91.857620,24.915299,0 91.857513,24.915216,0 91.857398,24.915142,0 91.857276,24.915078,0 91.857148,24.915025,0 91.857016,24.914983,0 91.856879,24.914953,0 91.856740,24.914935,0 91.856599,24.914929,0 91.854316,24.914929,0 91.854281,24.914928,0 91.854274,24.914918,0 91.854219,24.914822,0 91.854138,24.914712,0 91.854045,24.914609,0 91.853942,24.914515,0 91.853829,24.914431,0 91.853708,24.914357,0 91.853580,24.914294,0 91.853445,24.914243,0 91.853306,24.914205,0 91.853163,24.914179,0 91.853018,24.914166,0 91.852872,24.914166,0 91.852727,24.914179,0 91.852584,24.914205,0 91.852444,24.914243,0 91.852310,24.914294,0 91.852181,24.914357,0 91.852147,24.914376,0 91.852026,24.914450,0 91.851913,24.914534,0 91.851810,24.914628,0 91.851717,24.914731,0 91.851636,24.914841,0 91.851602,24.914900,0 91.851584,24.914928,0 91.851548,24.914929,0 91.851163,24.914929,0 91.851021,24.914935,0 91.850879,24.914954,0 91.850741,24.914985,0 91.850606,24.915028,0 91.850477,24.915082,0 91.850354,24.915148,0 91.850238,24.915224,0 91.850131,24.915310,0 91.850033,24.915404,0 91.849946,24.915507,0 91.849870,24.915617,0 91.849806,24.915733,0 91.849754,24.915855,0 91.849716,24.915980,0 91.849690,24.916108,0 91.849679,24.916237,0 91.849681,24.916367,0 91.849696,24.916497,0 91.849725,24.916624,0 91.849768,24.916748,0 91.849823,24.916868,0 91.849891,24.916982,0 91.849963,24.917081,0 91.849966,24.917086,0 91.849968,24.917118,0 91.849968,24.917119,0 91.849976,24.917260,0 91.850000,24.917400,0 91.850040,24.917536,0 91.850095,24.917668,0 91.850165,24.917794,0 91.850249,24.917913,0 91.850347,24.918023,0 91.850456,24.918123,0 91.850505,24.918164,0 91.850520,24.918216,0 91.850564,24.918348,0 91.850622,24.918475,0 91.850695,24.918596,0 91.850781,24.918710,0 91.850879,24.918815,0 91.850988,24.918911,0 91.851107,24.918995,0 91.851236,24.919069,0 91.851371,24.919130,0 91.851513,24.919178,0 91.851660,24.919213,0 91.851809,24.919234,0 91.851960,24.919241,0 91.852087,24.919241,0 91.852123,24.919243,0 91.852146,24.919262,0 91.852204,24.919315,0 91.852317,24.919399,0 91.852438,24.919473,0 91.852567,24.919536,0 91.852701,24.919587,0 91.852841,24.919625,0 91.852984,24.919651,0 91.853129,24.919664,0 91.853275,24.919664,0 91.853322,24.919660,0 91.853272,24.919668,0 91.853135,24.919704,0 91.853002,24.919751,0 91.852876,24.919810,0 91.852755,24.919879,0 91.852643,24.919959,0 91.852539,24.920048,0 91.852446,24.920145,0 91.852363,24.920251,0 91.852291,24.920363,0 91.852232,24.920481,0 91.852185,24.920603,0 91.852151,24.920729,0 91.852131,24.920858,0 91.852124,24.920987,0 91.852124,24.921903,0 91.852122,24.921934,0 91.852087,24.921936,0 91.851964,24.921936,0 91.851822,24.921942,0 91.851682,24.921961,0 91.851544,24.921991,0 91.851411,24.922034,0 91.851282,24.922087,0 91.851159,24.922152,0 91.851044,24.922227,0 91.850937,24.922312,0 91.850839,24.922406,0 91.850752,24.922508,0 91.850676,24.922616,0 91.850611,24.922731,0 91.850559,24.922852,0 91.850519,24.922976,0 91.850493,24.923103,0 91.850480,24.923231,0 91.850481,24.923361,0 91.850495,24.923489,0 91.850505,24.923553,0 91.850507,24.923586,0 91.850507,24.924059,0 91.850505,24.924090,0 91.850470,24.924092,0 91.848926,24.924092,0 91.848891,24.924090,0 91.848859,24.924051,0 91.848766,24.923948,0 91.848663,24.923854,0 91.848551,24.923770,0 91.848429,24.923696,0 91.848301,24.923633,0 91.848166,24.923583,0 91.848027,24.923544,0 91.847884,24.923518,0 91.847739,24.923505,0 91.847593,24.923505,0 91.847448,24.923518,0 91.847305,24.923544,0 91.847273,24.923551,0 91.847237,24.923553,0 91.846770,24.923553,0 91.846734,24.923551,0 91.846695,24.923539,0 91.846556,24.923500,0 91.846413,24.923474,0 91.846268,24.923461,0 91.846122,24.923461,0 91.845977,24.923474,0 91.845834,24.923500,0 91.845695,24.923539,0 91.845656,24.923551,0 91.845620,24.923553,0 91.845153,24.923553,0 91.845117,24.923551,0 91.845105,24.923549,0 91.844990,24.923517,0 91.844847,24.923491,0 91.844702,24.923478,0 91.844556,24.923478,0 91.844411,24.923491,0 91.844268,24.923517,0 91.844129,24.923555,0 91.843994,24.923606,0 91.843866,24.923669,0 91.843745,24.923743,0 91.843632,24.923827,0 91.843529,24.923921,0 91.843436,24.924024,0 91.843355,24.924134,0 91.843287,24.924252,0 91.843231,24.924374,0 91.843189,24.924502,0 91.843160,24.924632,0 91.843146,24.924764,0 91.843146,24.924897,0 91.843160,24.925029,0 91.843188,24.925160,0 91.843231,24.925287,0 91.843287,24.925410,0 91.843355,24.925527,0 91.843436,24.925638,0 91.843472,24.925677,0 91.843498,24.925710,0 91.843500,24.925742,0 91.843500,24.926754,0 91.843498,24.926787,0 91.843488,24.926848,0 91.843486,24.926859,0 91.843472,24.926993,0 91.843472,24.927127,0 91.843487,24.927260,0 91.843498,24.927329,0 91.843500,24.927359,0 91.843500,24.927360,0 91.843508,24.927501,0 91.843532,24.927641,0 91.843572,24.927777,0 91.843627,24.927909,0 91.843698,24.928035,0 91.843782,24.928154,0 91.843879,24.928264,0 91.843988,24.928364,0 91.844037,24.928405,0 91.844039,24.928437,0 91.844039,24.928910,0 91.844037,24.928942,0 91.844037,24.928943,0 91.843962,24.929045,0 91.843887,24.929017,0 91.843748,24.928978,0 91.843605,24.928952,0 91.843540,24.928947,0 91.843501,24.928941,0 91.843497,24.928937,0 91.843413,24.928844,0 91.843310,24.928750,0 91.843197,24.928666,0 91.843076,24.928592,0 91.842947,24.928529,0 91.842813,24.928478,0 91.842673,24.928440,0 91.842530,24.928414,0 91.842392,24.928401,0 91.842414,24.928270,0 91.842422,24.928133,0 91.842422,24.927898,0 91.842424,24.927865,0 91.842441,24.927820,0 91.842484,24.927693,0 91.842512,24.927563,0 91.842526,24.927430,0 91.842526,24.927298,0 91.842512,24.927165,0 91.842484,24.927035,0 91.842441,24.926908,0 91.842386,24.926785,0 91.842317,24.926668,0 91.842236,24.926557,0 91.842144,24.926454,0 91.842040,24.926360,0 91.841928,24.926276,0 91.841885,24.926247,0 91.841883,24.926215,0 91.841883,24.925954,0 91.841876,24.925823,0 91.841856,24.925694,0 91.841822,24.925568,0 91.841774,24.925445,0 91.841714,24.925326,0 91.841642,24.925214,0 91.841558,24.925108,0 91.841464,24.925011,0 91.841359,24.924921,0 91.841246,24.924842,0 91.841125,24.924773,0 91.840997,24.924714,0 91.840864,24.924668,0 91.840726,24.924633,0 91.840585,24.924610,0 91.840443,24.924600,0 91.840300,24.924602,0 91.840158,24.924617,0 91.840018,24.924644,0 91.839882,24.924684,0 91.839750,24.924735,0 91.839625,24.924797,0 91.839506,24.924870,0 91.839396,24.924954,0 91.839295,24.925046,0 91.839205,24.925147,0 91.839187,24.925168,0 91.839152,24.925170,0 91.838147,24.925170,0 91.838051,24.925166,0 91.837910,24.925165,0 91.837769,24.925178,0 91.837630,24.925202,0 91.837494,24.925238,0 91.837363,24.925286,0 91.837237,24.925345,0 91.837118,24.925415,0 91.837007,24.925494,0 91.836904,24.925583,0 91.836812,24.925681,0 91.836729,24.925786,0 91.836659,24.925897,0 91.836600,24.926015,0 91.836553,24.926137,0 91.836520,24.926262,0 91.836500,24.926390,0 91.836493,24.926519,0 91.836493,24.926787,0 91.836493,24.926787,0</coordinates></LinearRing></outerBoundaryIs></Polygon></MultiGeometry></Placemark>
<Placemark><name>TEA-C001 (247 ha)</name><description><![CDATA[<b>TEA-C001</b><br/>upazila: Gowainghat<br/>area: 247 ha<br/><hr/>Estates expected in this upazila:<br/>Fatehpur, Habibnagar, Jafflong, Khan<br/><br/><b>Zoom in.</b> Tea shows regular planted rows, uniform canopy, pale service tracks in a grid, hard geometric edges. Natural forest is chaotic with ragged edges.<br/><br/>Record yes/no in sylhet_tea_candidates_review.csv]]></description><styleUrl>#cand</styleUrl><MultiGeometry><Polygon><outerBoundaryIs><LinearRing><coordinates>91.980403,25.164797,0 91.980411,25.164935,0 91.980434,25.165071,0 91.980472,25.165205,0 91.980525,25.165334,0 91.980593,25.165458,0 91.980673,25.165575,0 91.980766,25.165684,0 91.980871,25.165783,0 91.980987,25.165873,0 91.981112,25.165951,0 91.981245,25.166017,0 91.981385,25.166071,0 91.981429,25.166083,0 91.981480,25.166099,0 91.981494,25.166151,0 91.981538,25.166283,0 91.981597,25.166410,0 91.981670,25.166531,0 91.981756,25.166645,0 91.981854,25.166750,0 91.981963,25.166846,0 91.982083,25.166930,0 91.982211,25.167004,0 91.982347,25.167065,0 91.982489,25.167113,0 91.982636,25.167148,0 91.982786,25.167169,0 91.982938,25.167176,0 91.983062,25.167176,0 91.983097,25.167178,0 91.983115,25.167204,0 91.983150,25.167265,0 91.983232,25.167375,0 91.983324,25.167478,0 91.983427,25.167572,0 91.983540,25.167657,0 91.983612,25.167700,0 91.983636,25.167716,0 91.983640,25.167720,0 91.983725,25.167814,0 91.983828,25.167908,0 91.983941,25.167993,0 91.984062,25.168066,0 91.984191,25.168129,0 91.984326,25.168180,0 91.984466,25.168218,0 91.984609,25.168244,0 91.984676,25.168250,0 91.984714,25.168256,0 91.984732,25.168282,0 91.984767,25.168343,0 91.984848,25.168453,0 91.984941,25.168556,0 91.985044,25.168650,0 91.985157,25.168735,0 91.985229,25.168778,0 91.985253,25.168794,0 91.985271,25.168821,0 91.985306,25.168882,0 91.985387,25.168992,0 91.985480,25.169095,0 91.985583,25.169189,0 91.985696,25.169273,0 91.985768,25.169317,0 91.985792,25.169333,0 91.985796,25.169337,0 91.985881,25.169431,0 91.985984,25.169525,0 91.986097,25.169610,0 91.986218,25.169683,0 91.986347,25.169746,0 91.986482,25.169797,0 91.986622,25.169835,0 91.986765,25.169861,0 91.986832,25.169867,0 91.986870,25.169873,0 91.986884,25.169890,0 91.986938,25.169963,0 91.987031,25.170066,0 91.987134,25.170160,0 91.987247,25.170244,0 91.987369,25.170318,0 91.987380,25.170324,0 91.987407,25.170406,0 91.987416,25.170440,0 91.987432,25.170511,0 91.987474,25.170638,0 91.987530,25.170761,0 91.987599,25.170878,0 91.987680,25.170989,0 91.987773,25.171091,0 91.987876,25.171185,0 91.987989,25.171270,0 91.988111,25.171343,0 91.988239,25.171406,0 91.988374,25.171457,0 91.988462,25.171481,0 91.988487,25.171489,0 91.988503,25.171549,0 91.988546,25.171677,0 91.988602,25.171800,0 91.988671,25.171918,0 91.988753,25.172029,0 91.988847,25.172132,0 91.988951,25.172226,0 91.989065,25.172311,0 91.989187,25.172385,0 91.989317,25.172447,0 91.989453,25.172498,0 91.989594,25.172536,0 91.989738,25.172561,0 91.989884,25.172573,0 91.990031,25.172572,0 91.990147,25.172566,0 91.990608,25.172566,0 91.990642,25.172568,0 91.990644,25.172599,0 91.990644,25.173072,0 91.990642,25.173105,0 91.990624,25.173150,0 91.990582,25.173277,0 91.990554,25.173408,0 91.990539,25.173540,0 91.990539,25.173673,0 91.990554,25.173805,0 91.990582,25.173936,0 91.990624,25.174063,0 91.990680,25.174186,0 91.990749,25.174303,0 91.990830,25.174413,0 91.990923,25.174516,0 91.991026,25.174610,0 91.991139,25.174694,0 91.991182,25.174723,0 91.991186,25.174727,0 91.991271,25.174821,0 91.991374,25.174915,0 91.991487,25.174999,0 91.991608,25.175073,0 91.991737,25.175136,0 91.991872,25.175187,0 91.992012,25.175225,0 91.992155,25.175251,0 91.992222,25.175257,0 91.992260,25.175262,0 91.992278,25.175289,0 91.992313,25.175350,0 91.992394,25.175460,0 91.992487,25.175563,0 91.992590,25.175657,0 91.992703,25.175741,0 91.992775,25.175785,0 91.992798,25.175801,0 91.992806,25.175829,0 91.992822,25.175901,0 91.992864,25.176028,0 91.992920,25.176151,0 91.992989,25.176268,0 91.993070,25.176378,0 91.993163,25.176481,0 91.993266,25.176575,0 91.993379,25.176660,0 91.993501,25.176733,0 91.993629,25.176796,0 91.993764,25.176847,0 91.993852,25.176871,0 91.993877,25.176879,0 91.993895,25.176906,0 91.993930,25.176967,0 91.994011,25.177077,0 91.994104,25.177180,0 91.994207,25.177274,0 91.994320,25.177358,0 91.994392,25.177402,0 91.994416,25.177418,0 91.994434,25.177445,0 91.994469,25.177506,0 91.994550,25.177616,0 91.994643,25.177719,0 91.994746,25.177813,0 91.994859,25.177897,0 91.994931,25.177941,0 91.994955,25.177957,0 91.994959,25.177961,0 91.995044,25.178055,0 91.995147,25.178149,0 91.995260,25.178233,0 91.995381,25.178307,0 91.995510,25.178370,0 91.995645,25.178421,0 91.995785,25.178459,0 91.995928,25.178485,0 91.995995,25.178491,0 91.996033,25.178496,0 91.996051,25.178523,0 91.996086,25.178584,0 91.996167,25.178694,0 91.996260,25.178797,0 91.996363,25.178891,0 91.996476,25.178975,0 91.996548,25.179019,0 91.996572,25.179035,0 91.996576,25.179039,0 91.996660,25.179133,0 91.996764,25.179227,0 91.996877,25.179311,0 91.996998,25.179385,0 91.997127,25.179448,0 91.997262,25.179499,0 91.997402,25.179537,0 91.997545,25.179563,0 91.997612,25.179569,0 91.997650,25.179574,0 91.997659,25.179584,0 91.997740,25.179672,0 91.997850,25.179771,0 91.997970,25.179858,0 91.998100,25.179934,0 91.998238,25.179997,0 91.998382,25.180047,0 91.998531,25.180083,0 91.998683,25.180105,0 91.998837,25.180112,0 92.000309,25.180112,0 92.000345,25.180113,0 92.000354,25.180123,0 92.000435,25.180211,0 92.000545,25.180310,0 92.000665,25.180397,0 92.000795,25.180473,0 92.000933,25.180536,0 92.001077,25.180586,0 92.001226,25.180622,0 92.001378,25.180644,0 92.001532,25.180651,0 92.003004,25.180651,0 92.003040,25.180652,0 92.003044,25.180656,0 92.003128,25.180750,0 92.003232,25.180844,0 92.003345,25.180928,0 92.003466,25.181002,0 92.003595,25.181065,0 92.003730,25.181116,0 92.003870,25.181154,0 92.004013,25.181180,0 92.004079,25.181186,0 92.004118,25.181191,0 92.004122,25.181195,0 92.004206,25.181289,0 92.004310,25.181383,0 92.004423,25.181467,0 92.004544,25.181541,0 92.004673,25.181604,0 92.004808,25.181655,0 92.004948,25.181693,0 92.005091,25.181719,0 92.005157,25.181725,0 92.005196,25.181730,0 92.005213,25.181757,0 92.005249,25.181818,0 92.005330,25.181928,0 92.005423,25.182031,0 92.005526,25.182125,0 92.005639,25.182209,0 92.005711,25.182253,0 92.005735,25.182269,0 92.005744,25.182279,0 92.005825,25.182367,0 92.005935,25.182466,0 92.006055,25.182553,0 92.006185,25.182629,0 92.006323,25.182692,0 92.006467,25.182742,0 92.006616,25.182778,0 92.006768,25.182800,0 92.006922,25.182807,0 92.009127,25.182807,0 92.009277,25.182800,0 92.009425,25.182779,0 92.009571,25.182745,0 92.009712,25.182698,0 92.009847,25.182638,0 92.009975,25.182565,0 92.010094,25.182482,0 92.010203,25.182388,0 92.010301,25.182284,0 92.010388,25.182172,0 92.010461,25.182053,0 92.010521,25.181927,0 92.010566,25.181797,0 92.010597,25.181663,0 92.010613,25.181527,0 92.010613,25.181390,0 92.010599,25.181254,0 92.010588,25.181190,0 92.010587,25.181157,0 92.010587,25.180616,0 92.010580,25.180490,0 92.010561,25.180366,0 92.010529,25.180244,0 92.010485,25.180125,0 92.010430,25.180010,0 92.010362,25.179900,0 92.010284,25.179797,0 92.010196,25.179700,0 92.010098,25.179612,0 92.010049,25.179572,0 92.010042,25.179547,0 92.010025,25.179468,0 92.009983,25.179341,0 92.009927,25.179218,0 92.009858,25.179101,0 92.009777,25.178991,0 92.009684,25.178888,0 92.009581,25.178794,0 92.009468,25.178709,0 92.009347,25.178636,0 92.009218,25.178573,0 92.009083,25.178522,0 92.008943,25.178484,0 92.008800,25.178458,0 92.008654,25.178445,0 92.008508,25.178445,0 92.008363,25.178458,0 92.008220,25.178484,0 92.008080,25.178522,0 92.007945,25.178573,0 92.007816,25.178636,0 92.007695,25.178709,0 92.007582,25.178794,0 92.007478,25.178888,0 92.007386,25.178991,0 92.007352,25.179032,0 92.007316,25.179034,0 92.006850,25.179034,0 92.006815,25.179032,0 92.006797,25.179005,0 92.006762,25.178945,0 92.006680,25.178834,0 92.006588,25.178732,0 92.006485,25.178638,0 92.006372,25.178553,0 92.006300,25.178510,0 92.006276,25.178494,0 92.006258,25.178466,0 92.006223,25.178406,0 92.006141,25.178295,0 92.006049,25.178193,0 92.005946,25.178099,0 92.005833,25.178014,0 92.005761,25.177971,0 92.005737,25.177955,0 92.005733,25.177951,0 92.005648,25.177857,0 92.005545,25.177763,0 92.005432,25.177678,0 92.005311,25.177605,0 92.005182,25.177542,0 92.005047,25.177491,0 92.004907,25.177452,0 92.004764,25.177427,0 92.004697,25.177421,0 92.004659,25.177415,0 92.004641,25.177388,0 92.004606,25.177328,0 92.004525,25.177217,0 92.004432,25.177115,0 92.004329,25.177021,0 92.004216,25.176936,0 92.004144,25.176893,0 92.004120,25.176877,0 92.004102,25.176850,0 92.004067,25.176789,0 92.003986,25.176678,0 92.003893,25.176576,0 92.003790,25.176482,0 92.003677,25.176397,0 92.003605,25.176354,0 92.003581,25.176338,0 92.003573,25.176330,0 92.003501,25.176250,0 92.003404,25.176160,0 92.003298,25.176078,0 92.003184,25.176007,0 92.003063,25.175945,0 92.002936,25.175893,0 92.002805,25.175853,0 92.002670,25.175823,0 92.002532,25.175806,0 92.002394,25.175800,0 92.001460,25.175800,0 92.001426,25.175798,0 92.001424,25.175767,0 92.001424,25.175294,0 92.001426,25.175262,0 92.001474,25.175222,0 92.001583,25.175122,0 92.001681,25.175012,0 92.001765,25.174893,0 92.001835,25.174767,0 92.001891,25.174635,0 92.001931,25.174499,0 92.001955,25.174359,0 92.001963,25.174218,0 92.001963,25.174216,0 92.001965,25.174185,0 92.001999,25.174183,0 92.002465,25.174183,0 92.002500,25.174185,0 92.002502,25.174216,0 92.002502,25.174445,0 92.002509,25.174578,0 92.002530,25.174710,0 92.002566,25.174839,0 92.002615,25.174964,0 92.002678,25.175084,0 92.002753,25.175198,0 92.002840,25.175305,0 92.002938,25.175403,0 92.003046,25.175492,0 92.003163,25.175572,0 92.003289,25.175640,0 92.003421,25.175697,0 92.003558,25.175742,0 92.003700,25.175774,0 92.003844,25.175793,0 92.003990,25.175800,0 92.004276,25.175800,0 92.004426,25.175793,0 92.004574,25.175772,0 92.004720,25.175738,0 92.004861,25.175691,0 92.004996,25.175631,0 92.005124,25.175558,0 92.005243,25.175475,0 92.005352,25.175381,0 92.005450,25.175277,0 92.005537,25.175165,0 92.005610,25.175046,0 92.005670,25.174920,0 92.005715,25.174790,0 92.005746,25.174656,0 92.005762,25.174520,0 92.005763,25.174383,0 92.005748,25.174247,0 92.005738,25.174183,0 92.005736,25.174150,0 92.005736,25.173867,0 92.005729,25.173739,0 92.005709,25.173612,0 92.005676,25.173488,0 92.005630,25.173366,0 92.005572,25.173250,0 92.005502,25.173138,0 92.005421,25.173034,0 92.005329,25.172937,0 92.005227,25.172848,0 92.005117,25.172768,0 92.004999,25.172698,0 92.004874,25.172639,0 92.004744,25.172590,0 92.004703,25.172579,0 92.004659,25.172565,0 92.004652,25.172536,0 92.004636,25.172465,0 92.004594,25.172338,0 92.004538,25.172215,0 92.004469,25.172098,0 92.004388,25.171987,0 92.004295,25.171885,0 92.004192,25.171791,0 92.004079,25.171706,0 92.003957,25.171632,0 92.003829,25.171570,0 92.003694,25.171519,0 92.003606,25.171495,0 92.003581,25.171487,0 92.003567,25.171435,0 92.003527,25.171313,0 92.003473,25.171194,0 92.003408,25.171080,0 92.003331,25.170973,0 92.003244,25.170873,0 92.003146,25.170780,0 92.003039,25.170697,0 92.002924,25.170623,0 92.002802,25.170559,0 92.002674,25.170506,0 92.002540,25.170464,0 92.002404,25.170434,0 92.002264,25.170416,0 92.002123,25.170410,0 92.001460,25.170410,0 92.001425,25.170408,0 92.001407,25.170382,0 92.001372,25.170321,0 92.001291,25.170211,0 92.001198,25.170108,0 92.001095,25.170014,0 92.000982,25.169930,0 92.000910,25.169886,0 92.000886,25.169870,0 92.000882,25.169866,0 92.000797,25.169772,0 92.000694,25.169678,0 92.000581,25.169594,0 92.000460,25.169520,0 92.000331,25.169457,0 92.000196,25.169406,0 92.000056,25.169368,0 91.999913,25.169342,0 91.999846,25.169336,0 91.999808,25.169331,0 91.999800,25.169323,0 91.999728,25.169243,0 91.999631,25.169153,0 91.999525,25.169072,0 91.999411,25.169000,0 91.999290,25.168938,0 91.999163,25.168886,0 91.999032,25.168846,0 91.998897,25.168817,0 91.998759,25.168799,0 91.998621,25.168793,0 91.997148,25.168793,0 91.997113,25.168791,0 91.997105,25.168784,0 91.997033,25.168704,0 91.996936,25.168614,0 91.996830,25.168533,0 91.996716,25.168461,0 91.996595,25.168399,0 91.996468,25.168347,0 91.996337,25.168307,0 91.996202,25.168278,0 91.996064,25.168260,0 91.995926,25.168254,0 91.995532,25.168254,0 91.995496,25.168252,0 91.995489,25.168224,0 91.995473,25.168153,0 91.995431,25.168026,0 91.995375,25.167903,0 91.995306,25.167786,0 91.995225,25.167676,0 91.995132,25.167573,0 91.995029,25.167479,0 91.994916,25.167394,0 91.994795,25.167321,0 91.994666,25.167258,0 91.994531,25.167207,0 91.994443,25.167183,0 91.994419,25.167175,0 91.994417,25.167143,0 91.994417,25.167141,0 91.994411,25.167015,0 91.994391,25.166891,0 91.994360,25.166769,0 91.994316,25.166650,0 91.994260,25.166535,0 91.994193,25.166426,0 91.994114,25.166322,0 91.994026,25.166226,0 91.993928,25.166137,0 91.993880,25.166097,0 91.993863,25.166037,0 91.993820,25.165907,0 91.993762,25.165782,0 91.993691,25.165663,0 91.993608,25.165551,0 91.993512,25.165447,0 91.993405,25.165352,0 91.993289,25.165267,0 91.993164,25.165193,0 91.993031,25.165131,0 91.992892,25.165082,0 91.992748,25.165045,0 91.992602,25.165022,0 91.992453,25.165012,0 91.992304,25.165016,0 91.992261,25.165019,0 91.992118,25.165036,0 91.991977,25.165065,0 91.991840,25.165106,0 91.991709,25.165159,0 91.991583,25.165223,0 91.991465,25.165299,0 91.991356,25.165384,0 91.991256,25.165478,0 91.991166,25.165581,0 91.991088,25.165691,0 91.991022,25.165808,0 91.990969,25.165930,0 91.990929,25.166056,0 91.990902,25.166185,0 91.990889,25.166315,0 91.990891,25.166446,0 91.990906,25.166577,0 91.990935,25.166705,0 91.990977,25.166831,0 91.991033,25.166952,0 91.991101,25.167067,0 91.991181,25.167176,0 91.991181,25.167177,0 91.991183,25.167209,0 91.991183,25.167682,0 91.991181,25.167715,0 91.991171,25.167776,0 91.991169,25.167787,0 91.991155,25.167921,0 91.991155,25.168055,0 91.991170,25.168188,0 91.991181,25.168257,0 91.991183,25.168287,0 91.991183,25.168760,0 91.991181,25.168791,0 91.991147,25.168793,0 91.990681,25.168793,0 91.990644,25.168791,0 91.990593,25.168785,0 91.990448,25.168771,0 91.990302,25.168771,0 91.990156,25.168785,0 91.990105,25.168791,0 91.990069,25.168793,0 91.989603,25.168793,0 91.989568,25.168791,0 91.989566,25.168760,0 91.989566,25.167938,0 91.989559,25.167810,0 91.989540,25.167683,0 91.989506,25.167559,0 91.989461,25.167437,0 91.989402,25.167321,0 91.989332,25.167210,0 91.989251,25.167105,0 91.989159,25.167008,0 91.989058,25.166919,0 91.988948,25.166839,0 91.988829,25.166769,0 91.988705,25.166710,0 91.988574,25.166661,0 91.988533,25.166650,0 91.988489,25.166636,0 91.988471,25.166609,0 91.988436,25.166548,0 91.988355,25.166438,0 91.988262,25.166335,0 91.988159,25.166241,0 91.988046,25.166157,0 91.987974,25.166113,0 91.987951,25.166097,0 91.987949,25.166065,0 91.987949,25.165782,0 91.987942,25.165654,0 91.987923,25.165527,0 91.987890,25.165403,0 91.987844,25.165282,0 91.987786,25.165165,0 91.987715,25.165054,0 91.987634,25.164949,0 91.987542,25.164852,0 91.987441,25.164763,0 91.987331,25.164683,0 91.987213,25.164613,0 91.987088,25.164554,0 91.986957,25.164505,0 91.986916,25.164494,0 91.986873,25.164480,0 91.986871,25.164448,0 91.986871,25.163907,0 91.986865,25.163782,0 91.986846,25.163657,0 91.986814,25.163535,0 91.986770,25.163416,0 91.986714,25.163301,0 91.986647,25.163192,0 91.986569,25.163088,0 91.986480,25.162992,0 91.986382,25.162903,0 91.986334,25.162863,0 91.986332,25.162831,0 91.986332,25.162596,0 91.986325,25.162467,0 91.986305,25.162339,0 91.986272,25.162214,0 91.986225,25.162092,0 91.986166,25.161975,0 91.986095,25.161863,0 91.986013,25.161758,0 91.985920,25.161661,0 91.985818,25.161572,0 91.985706,25.161492,0 91.985587,25.161422,0 91.985461,25.161363,0 91.985329,25.161315,0 91.985193,25.161279,0 91.985054,25.161255,0 91.984913,25.161243,0 91.984771,25.161243,0 91.984679,25.161247,0 91.984284,25.161247,0 91.984146,25.161253,0 91.984008,25.161271,0 91.983873,25.161300,0 91.983742,25.161340,0 91.983615,25.161392,0 91.983494,25.161454,0 91.983380,25.161526,0 91.983274,25.161607,0 91.983177,25.161697,0 91.983105,25.161777,0 91.983097,25.161785,0 91.983048,25.161825,0 91.982950,25.161914,0 91.982862,25.162010,0 91.982784,25.162114,0 91.982716,25.162223,0 91.982660,25.162338,0 91.982616,25.162457,0 91.982585,25.162579,0 91.982566,25.162704,0 91.982559,25.162829,0 91.982559,25.163370,0 91.982558,25.163402,0 91.982523,25.163403,0 91.981892,25.163403,0 91.981746,25.163410,0 91.981601,25.163429,0 91.981460,25.163461,0 91.981322,25.163506,0 91.981190,25.163563,0 91.981065,25.163631,0 91.980947,25.163711,0 91.980839,25.163800,0 91.980741,25.163898,0 91.980654,25.164005,0 91.980579,25.164119,0 91.980517,25.164239,0 91.980467,25.164364,0 91.980432,25.164493,0 91.980410,25.164625,0 91.980403,25.164758,0 91.980403,25.164797,0</coordinates></LinearRing></outerBoundaryIs></Polygon></MultiGeometry></Placemark>
<Placemark><name>TEA-C002 (142 ha)</name><description><![CDATA[<b>TEA-C002</b><br/>upazila: Gowainghat<br/>area: 142 ha<br/><hr/>Estates expected in this upazila:<br/>Fatehpur, Habibnagar, Jafflong, Khan<br/><br/><b>Zoom in.</b> Tea shows regular planted rows, uniform canopy, pale service tracks in a grid, hard geometric edges. Natural forest is chaotic with ragged edges.<br/><br/>Record yes/no in sylhet_tea_candidates_review.csv]]></description><styleUrl>#cand</styleUrl><MultiGeometry><Polygon><outerBoundaryIs><LinearRing><coordinates>91.993876,25.143462,0 91.993878,25.143494,0 91.993878,25.144505,0 91.993876,25.144538,0 91.993828,25.144578,0 91.993730,25.144666,0 91.993642,25.144763,0 91.993563,25.144866,0 91.993496,25.144976,0 91.993440,25.145090,0 91.993396,25.145209,0 91.993365,25.145332,0 91.993345,25.145456,0 91.993339,25.145581,0 91.993339,25.147269,0 91.993347,25.147410,0 91.993371,25.147549,0 91.993411,25.147686,0 91.993467,25.147818,0 91.993537,25.147943,0 91.993621,25.148062,0 91.993718,25.148172,0 91.993828,25.148272,0 91.993902,25.148334,0 91.993957,25.148383,0 91.994070,25.148467,0 91.994191,25.148541,0 91.994320,25.148604,0 91.994455,25.148655,0 91.994594,25.148693,0 91.994738,25.148719,0 91.994883,25.148732,0 91.995029,25.148732,0 91.995174,25.148719,0 91.995318,25.148693,0 91.995457,25.148655,0 91.995592,25.148604,0 91.995721,25.148541,0 91.995842,25.148467,0 91.995955,25.148383,0 91.996009,25.148334,0 91.996035,25.148313,0 91.996071,25.148311,0 91.996536,25.148311,0 91.996571,25.148313,0 91.996573,25.148345,0 91.996573,25.149166,0 91.996581,25.149304,0 91.996604,25.149441,0 91.996642,25.149574,0 91.996695,25.149703,0 91.996762,25.149827,0 91.996843,25.149944,0 91.996936,25.150053,0 91.997041,25.150153,0 91.997157,25.150242,0 91.997282,25.150320,0 91.997415,25.150386,0 91.997554,25.150440,0 91.997599,25.150452,0 91.997650,25.150469,0 91.997689,25.150486,0 91.997825,25.150537,0 91.997965,25.150575,0 91.998108,25.150601,0 91.998254,25.150614,0 91.998400,25.150614,0 91.998546,25.150601,0 91.998689,25.150575,0 91.998754,25.150557,0 91.998708,25.150624,0 91.998644,25.150741,0 91.998593,25.150863,0 91.998555,25.150989,0 91.998531,25.151118,0 91.998520,25.151249,0 91.998524,25.151379,0 91.998541,25.151509,0 91.998572,25.151637,0 91.998616,25.151761,0 91.998673,25.151881,0 91.998743,25.151996,0 91.998824,25.152103,0 91.998917,25.152204,0 91.999019,25.152295,0 91.999131,25.152377,0 91.999251,25.152449,0 91.999378,25.152510,0 91.999511,25.152560,0 91.999649,25.152597,0 91.999790,25.152623,0 91.999806,25.152625,0 91.999816,25.152629,0 91.999926,25.152682,0 92.000060,25.152733,0 92.000200,25.152772,0 92.000343,25.152798,0 92.000489,25.152811,0 92.000635,25.152811,0 92.000780,25.152798,0 92.000923,25.152772,0 92.001063,25.152733,0 92.001198,25.152682,0 92.001327,25.152620,0 92.001448,25.152546,0 92.001561,25.152462,0 92.001664,25.152368,0 92.001757,25.152265,0 92.001838,25.152154,0 92.001907,25.152037,0 92.001963,25.151914,0 92.002005,25.151787,0 92.002034,25.151657,0 92.002048,25.151524,0 92.002048,25.151392,0 92.002034,25.151259,0 92.002005,25.151129,0 92.001966,25.151010,0 92.001948,25.150946,0 92.001906,25.150818,0 92.001850,25.150696,0 92.001781,25.150578,0 92.001700,25.150468,0 92.001607,25.150365,0 92.001504,25.150271,0 92.001391,25.150187,0 92.001269,25.150113,0 92.001141,25.150050,0 92.001006,25.149999,0 92.000866,25.149961,0 92.000723,25.149935,0 92.000577,25.149922,0 92.000431,25.149922,0 92.000406,25.149924,0 92.000309,25.149928,0 92.000008,25.149928,0 91.999865,25.149935,0 91.999722,25.149954,0 91.999583,25.149985,0 91.999582,25.149985,0 91.999604,25.149955,0 91.999673,25.149837,0 91.999728,25.149714,0 91.999770,25.149586,0 91.999798,25.149456,0 91.999809,25.149391,0 91.999816,25.149388,0 91.999938,25.149354,0 92.000073,25.149304,0 92.000202,25.149241,0 92.000324,25.149167,0 92.000436,25.149083,0 92.000540,25.148989,0 92.000632,25.148886,0 92.000713,25.148775,0 92.000782,25.148658,0 92.000838,25.148535,0 92.000881,25.148408,0 92.000909,25.148278,0 92.000923,25.148146,0 92.000923,25.148013,0 92.000909,25.147880,0 92.000890,25.147795,0 92.000887,25.147772,0 92.000885,25.147739,0 92.000885,25.146189,0 92.000887,25.146156,0 92.000897,25.146092,0 92.000905,25.146017,0 92.000937,25.146032,0 92.001072,25.146083,0 92.001212,25.146122,0 92.001355,25.146148,0 92.001423,25.146157,0 92.001462,25.146170,0 92.001601,25.146208,0 92.001745,25.146234,0 92.001890,25.146247,0 92.002036,25.146247,0 92.002181,25.146234,0 92.002324,25.146208,0 92.002464,25.146170,0 92.002502,25.146157,0 92.002538,25.146156,0 92.002933,25.146156,0 92.003087,25.146148,0 92.003239,25.146127,0 92.003388,25.146091,0 92.003532,25.146041,0 92.003670,25.145978,0 92.003800,25.145902,0 92.003920,25.145815,0 92.004030,25.145716,0 92.004110,25.145628,0 92.004120,25.145618,0 92.004144,25.145602,0 92.004216,25.145558,0 92.004329,25.145474,0 92.004432,25.145380,0 92.004525,25.145277,0 92.004606,25.145166,0 92.004641,25.145106,0 92.004659,25.145079,0 92.004694,25.145078,0 92.006238,25.145078,0 92.006274,25.145079,0 92.006291,25.145106,0 92.006327,25.145166,0 92.006408,25.145277,0 92.006501,25.145380,0 92.006604,25.145474,0 92.006717,25.145558,0 92.006789,25.145602,0 92.006813,25.145618,0 92.006822,25.145628,0 92.006903,25.145716,0 92.007012,25.145815,0 92.007133,25.145902,0 92.007263,25.145978,0 92.007400,25.146041,0 92.007545,25.146091,0 92.007694,25.146127,0 92.007846,25.146148,0 92.008000,25.146156,0 92.008053,25.146156,0 92.008204,25.146148,0 92.008354,25.146127,0 92.008501,25.146093,0 92.008643,25.146044,0 92.008779,25.145983,0 92.008907,25.145910,0 92.009027,25.145825,0 92.009136,25.145729,0 92.009234,25.145624,0 92.009320,25.145511,0 92.009393,25.145389,0 92.009452,25.145262,0 92.009496,25.145130,0 92.009510,25.145079,0 92.009545,25.145078,0 92.010550,25.145078,0 92.010586,25.145079,0 92.010595,25.145089,0 92.010676,25.145177,0 92.010785,25.145276,0 92.010906,25.145363,0 92.011036,25.145439,0 92.011173,25.145502,0 92.011317,25.145552,0 92.011466,25.145588,0 92.011619,25.145609,0 92.011773,25.145617,0 92.012167,25.145617,0 92.012203,25.145618,0 92.012242,25.145635,0 92.012377,25.145686,0 92.012517,25.145725,0 92.012661,25.145750,0 92.012807,25.145763,0 92.012953,25.145763,0 92.013098,25.145750,0 92.013242,25.145724,0 92.013382,25.145685,0 92.013517,25.145634,0 92.013646,25.145571,0 92.013767,25.145497,0 92.013880,25.145412,0 92.013983,25.145318,0 92.014076,25.145215,0 92.014157,25.145104,0 92.014225,25.144986,0 92.014281,25.144863,0 92.014323,25.144735,0 92.014351,25.144605,0 92.014362,25.144539,0 92.014412,25.144498,0 92.014515,25.144404,0 92.014608,25.144301,0 92.014689,25.144191,0 92.014758,25.144073,0 92.014813,25.143950,0 92.014856,25.143823,0 92.014884,25.143693,0 92.014899,25.143561,0 92.014899,25.143428,0 92.014899,25.143427,0 92.014899,25.142120,0 92.014891,25.141987,0 92.014870,25.141856,0 92.014835,25.141727,0 92.014785,25.141602,0 92.014723,25.141482,0 92.014648,25.141368,0 92.014561,25.141261,0 92.014463,25.141162,0 92.014355,25.141073,0 92.014237,25.140994,0 92.014112,25.140926,0 92.013980,25.140869,0 92.013843,25.140824,0 92.013701,25.140792,0 92.013556,25.140772,0 92.013411,25.140766,0 92.011234,25.140766,0 92.011095,25.140772,0 92.010958,25.140789,0 92.010823,25.140818,0 92.010691,25.140859,0 92.010565,25.140910,0 92.010444,25.140972,0 92.010330,25.141044,0 92.010224,25.141125,0 92.010126,25.141215,0 92.010054,25.141295,0 92.010047,25.141303,0 92.010011,25.141305,0 92.009006,25.141305,0 92.008970,25.141303,0 92.008926,25.141279,0 92.008797,25.141216,0 92.008663,25.141165,0 92.008523,25.141127,0 92.008380,25.141101,0 92.008234,25.141088,0 92.008088,25.141088,0 92.007943,25.141101,0 92.007800,25.141127,0 92.007660,25.141165,0 92.007525,25.141216,0 92.007396,25.141279,0 92.007352,25.141303,0 92.007316,25.141305,0 92.006922,25.141305,0 92.006783,25.141310,0 92.006646,25.141328,0 92.006511,25.141357,0 92.006379,25.141398,0 92.006253,25.141449,0 92.006132,25.141511,0 92.006018,25.141583,0 92.005912,25.141664,0 92.005814,25.141754,0 92.005742,25.141834,0 92.005735,25.141842,0 92.005699,25.141844,0 92.004155,25.141844,0 92.004120,25.141842,0 92.004116,25.141838,0 92.004031,25.141744,0 92.003928,25.141650,0 92.003815,25.141566,0 92.003694,25.141492,0 92.003565,25.141430,0 92.003430,25.141379,0 92.003290,25.141340,0 92.003147,25.141314,0 92.003002,25.141301,0 92.002985,25.141300,0 92.002843,25.141300,0 92.002702,25.141312,0 92.002563,25.141337,0 92.002427,25.141373,0 92.002295,25.141421,0 92.002169,25.141480,0 92.002050,25.141549,0 92.001938,25.141629,0 92.001836,25.141718,0 92.001743,25.141815,0 92.001661,25.141920,0 92.001590,25.142032,0 92.001531,25.142149,0 92.001484,25.142271,0 92.001451,25.142397,0 92.001431,25.142524,0 92.001424,25.142653,0 92.001424,25.143427,0 92.001422,25.143459,0 92.001355,25.143468,0 92.001212,25.143494,0 92.001072,25.143533,0 92.000937,25.143584,0 92.000808,25.143646,0 92.000687,25.143720,0 92.000574,25.143804,0 92.000471,25.143898,0 92.000378,25.144001,0 92.000297,25.144112,0 92.000228,25.144229,0 92.000172,25.144352,0 92.000130,25.144479,0 92.000101,25.144609,0 92.000093,25.144683,0 91.999980,25.144636,0 91.999845,25.144594,0 91.999707,25.144563,0 91.999567,25.144545,0 91.999425,25.144539,0 91.999304,25.144539,0 91.999269,25.144537,0 91.999251,25.144510,0 91.999216,25.144450,0 91.999135,25.144339,0 91.999042,25.144236,0 91.998939,25.144143,0 91.998826,25.144058,0 91.998754,25.144014,0 91.998731,25.143999,0 91.998729,25.143966,0 91.998729,25.143494,0 91.998731,25.143461,0 91.998741,25.143399,0 91.998743,25.143389,0 91.998757,25.143255,0 91.998757,25.143121,0 91.998742,25.142987,0 91.998731,25.142919,0 91.998729,25.142888,0 91.998729,25.142416,0 91.998731,25.142383,0 91.998758,25.142349,0 91.998791,25.142313,0 91.998872,25.142202,0 91.998941,25.142085,0 91.998997,25.141962,0 91.999040,25.141835,0 91.999068,25.141704,0 91.999082,25.141572,0 91.999082,25.141439,0 91.999068,25.141307,0 91.999040,25.141177,0 91.998997,25.141049,0 91.998941,25.140927,0 91.998872,25.140809,0 91.998791,25.140699,0 91.998699,25.140596,0 91.998595,25.140502,0 91.998483,25.140418,0 91.998361,25.140344,0 91.998232,25.140281,0 91.998097,25.140230,0 91.997958,25.140192,0 91.997815,25.140166,0 91.997669,25.140153,0 91.997523,25.140153,0 91.997378,25.140166,0 91.997235,25.140192,0 91.997128,25.140221,0 91.997112,25.140225,0 91.997075,25.140227,0 91.996681,25.140227,0 91.996542,25.140233,0 91.996405,25.140250,0 91.996270,25.140279,0 91.996139,25.140320,0 91.996012,25.140371,0 91.995891,25.140433,0 91.995777,25.140505,0 91.995671,25.140586,0 91.995573,25.140676,0 91.995502,25.140757,0 91.995494,25.140764,0 91.995458,25.140766,0 91.994079,25.140766,0 91.993936,25.140772,0 91.993794,25.140791,0 91.993654,25.140822,0 91.993518,25.140865,0 91.993388,25.140921,0 91.993264,25.140987,0 91.993148,25.141064,0 91.993040,25.141150,0 91.992943,25.141246,0 91.992855,25.141350,0 91.992779,25.141461,0 91.992716,25.141578,0 91.992664,25.141700,0 91.992627,25.141826,0 91.992602,25.141955,0 91.992592,25.142086,0 91.992595,25.142217,0 91.992612,25.142346,0 91.992643,25.142474,0 91.992687,25.142599,0 91.992744,25.142719,0 91.992814,25.142833,0 91.992895,25.142941,0 91.992988,25.143041,0 91.993090,25.143132,0 91.993202,25.143214,0 91.993322,25.143286,0 91.993449,25.143347,0 91.993582,25.143397,0 91.993720,25.143434,0 91.993861,25.143460,0 91.993876,25.143462,0</coordinates></LinearRing></outerBoundaryIs></Polygon></MultiGeometry></Placemark>
<Placemark><name>TEA-C003 (134 ha)</name><description><![CDATA[<b>TEA-C003</b><br/>upazila: Gowainghat<br/>area: 134 ha<br/><hr/>Estates expected in this upazila:<br/>Fatehpur, Habibnagar, Jafflong, Khan<br/><br/><b>Zoom in.</b> Tea shows regular planted rows, uniform canopy, pale service tracks in a grid, hard geometric edges. Natural forest is chaotic with ragged edges.<br/><br/>Record yes/no in sylhet_tea_candidates_review.csv]]></description><styleUrl>#cand</styleUrl><MultiGeometry><Polygon><outerBoundaryIs><LinearRing><coordinates>92.034839,25.174722,0 92.034841,25.174755,0 92.034841,25.176845,0 92.034839,25.176878,0 92.034836,25.176900,0 92.034817,25.176986,0 92.034803,25.177118,0 92.034803,25.177251,0 92.034817,25.177383,0 92.034846,25.177514,0 92.034888,25.177641,0 92.034944,25.177764,0 92.035013,25.177881,0 92.035094,25.177991,0 92.035186,25.178094,0 92.035290,25.178188,0 92.035403,25.178273,0 92.035524,25.178346,0 92.035653,25.178409,0 92.035788,25.178460,0 92.035910,25.178494,0 92.035917,25.178496,0 92.035919,25.178528,0 92.035919,25.178757,0 92.035926,25.178890,0 92.035948,25.179022,0 92.035983,25.179151,0 92.036032,25.179276,0 92.036095,25.179396,0 92.036170,25.179510,0 92.036257,25.179617,0 92.036355,25.179715,0 92.036463,25.179804,0 92.036581,25.179884,0 92.036706,25.179952,0 92.036838,25.180009,0 92.036976,25.180054,0 92.037117,25.180086,0 92.037262,25.180105,0 92.037408,25.180112,0 92.037967,25.180112,0 92.038121,25.180105,0 92.038273,25.180083,0 92.038422,25.180047,0 92.038566,25.179997,0 92.038704,25.179934,0 92.038834,25.179858,0 92.038954,25.179771,0 92.039064,25.179672,0 92.039145,25.179584,0 92.039154,25.179574,0 92.039192,25.179569,0 92.039259,25.179563,0 92.039402,25.179537,0 92.039542,25.179499,0 92.039677,25.179448,0 92.039806,25.179385,0 92.039927,25.179311,0 92.040040,25.179227,0 92.040144,25.179133,0 92.040228,25.179039,0 92.040232,25.179035,0 92.040270,25.179030,0 92.040337,25.179024,0 92.040480,25.178998,0 92.040620,25.178960,0 92.040755,25.178909,0 92.040884,25.178846,0 92.041005,25.178772,0 92.041118,25.178688,0 92.041222,25.178594,0 92.041306,25.178500,0 92.041310,25.178496,0 92.041346,25.178495,0 92.041438,25.178495,0 92.041583,25.178488,0 92.041728,25.178469,0 92.041870,25.178437,0 92.042007,25.178392,0 92.042139,25.178335,0 92.042265,25.178267,0 92.042382,25.178187,0 92.042490,25.178098,0 92.042588,25.178000,0 92.042675,25.177893,0 92.042750,25.177779,0 92.042813,25.177659,0 92.042862,25.177534,0 92.042897,25.177405,0 92.042919,25.177273,0 92.042926,25.177140,0 92.042926,25.176372,0 92.042928,25.176340,0 92.042963,25.176339,0 92.043428,25.176339,0 92.043464,25.176340,0 92.043470,25.176365,0 92.043488,25.176444,0 92.043530,25.176571,0 92.043586,25.176694,0 92.043655,25.176811,0 92.043736,25.176921,0 92.043828,25.177024,0 92.043932,25.177118,0 92.044045,25.177202,0 92.044166,25.177276,0 92.044295,25.177339,0 92.044430,25.177390,0 92.044570,25.177428,0 92.044713,25.177454,0 92.044858,25.177467,0 92.045004,25.177467,0 92.045150,25.177454,0 92.045293,25.177428,0 92.045433,25.177390,0 92.045568,25.177339,0 92.045697,25.177276,0 92.045818,25.177202,0 92.045931,25.177118,0 92.046034,25.177024,0 92.046127,25.176921,0 92.046161,25.176879,0 92.046177,25.176877,0 92.046212,25.176871,0 92.046213,25.176871,0 92.046361,25.176878,0 92.048747,25.176878,0 92.048901,25.176871,0 92.049053,25.176849,0 92.049202,25.176813,0 92.049346,25.176763,0 92.049484,25.176700,0 92.049614,25.176624,0 92.049734,25.176537,0 92.049844,25.176438,0 92.049924,25.176350,0 92.049934,25.176340,0 92.049958,25.176324,0 92.050030,25.176280,0 92.050143,25.176196,0 92.050246,25.176102,0 92.050339,25.175999,0 92.050420,25.175889,0 92.050455,25.175828,0 92.050473,25.175801,0 92.050508,25.175800,0 92.052217,25.175800,0 92.052363,25.175793,0 92.052508,25.175774,0 92.052649,25.175742,0 92.052787,25.175697,0 92.052919,25.175640,0 92.053044,25.175572,0 92.053162,25.175492,0 92.053270,25.175403,0 92.053368,25.175305,0 92.053455,25.175198,0 92.053530,25.175084,0 92.053593,25.174964,0 92.053642,25.174839,0 92.053677,25.174710,0 92.053699,25.174578,0 92.053706,25.174445,0 92.053706,25.174216,0 92.053708,25.174184,0 92.053732,25.174176,0 92.053820,25.174152,0 92.053955,25.174101,0 92.054083,25.174038,0 92.054205,25.173965,0 92.054318,25.173880,0 92.054421,25.173786,0 92.054514,25.173684,0 92.054595,25.173573,0 92.054664,25.173456,0 92.054720,25.173333,0 92.054762,25.173206,0 92.054777,25.173135,0 92.054785,25.173106,0 92.054787,25.173103,0 92.054868,25.172993,0 92.054937,25.172876,0 92.054993,25.172753,0 92.055036,25.172626,0 92.055064,25.172495,0 92.055078,25.172363,0 92.055078,25.172230,0 92.055064,25.172098,0 92.055036,25.171967,0 92.054993,25.171840,0 92.054937,25.171717,0 92.054868,25.171600,0 92.054787,25.171490,0 92.054786,25.171487,0 92.054784,25.171455,0 92.054784,25.171453,0 92.054777,25.171327,0 92.054758,25.171203,0 92.054727,25.171081,0 92.054683,25.170962,0 92.054627,25.170847,0 92.054559,25.170738,0 92.054481,25.170634,0 92.054393,25.170538,0 92.054295,25.170449,0 92.054246,25.170409,0 92.054238,25.170401,0 92.054166,25.170321,0 92.054069,25.170231,0 92.053963,25.170150,0 92.053849,25.170078,0 92.053728,25.170016,0 92.053601,25.169964,0 92.053470,25.169924,0 92.053335,25.169895,0 92.053197,25.169877,0 92.053059,25.169871,0 92.052197,25.169871,0 92.052058,25.169877,0 92.051921,25.169895,0 92.051786,25.169924,0 92.051655,25.169964,0 92.051528,25.170016,0 92.051407,25.170078,0 92.051293,25.170150,0 92.051187,25.170231,0 92.051089,25.170321,0 92.051018,25.170401,0 92.051010,25.170408,0 92.050974,25.170410,0 92.050508,25.170410,0 92.050472,25.170408,0 92.050434,25.170396,0 92.050295,25.170357,0 92.050151,25.170332,0 92.050006,25.170319,0 92.049860,25.170319,0 92.049714,25.170332,0 92.049571,25.170357,0 92.049431,25.170396,0 92.049393,25.170408,0 92.049355,25.170414,0 92.049288,25.170420,0 92.049145,25.170446,0 92.049005,25.170484,0 92.048870,25.170535,0 92.048741,25.170598,0 92.048620,25.170672,0 92.048507,25.170756,0 92.048403,25.170850,0 92.048319,25.170944,0 92.048315,25.170947,0 92.048277,25.170953,0 92.048210,25.170959,0 92.048067,25.170985,0 92.047927,25.171023,0 92.047792,25.171074,0 92.047663,25.171137,0 92.047542,25.171211,0 92.047429,25.171295,0 92.047325,25.171389,0 92.047241,25.171483,0 92.047237,25.171486,0 92.047196,25.171492,0 92.047135,25.171497,0 92.046992,25.171523,0 92.046852,25.171562,0 92.046717,25.171613,0 92.046588,25.171676,0 92.046467,25.171749,0 92.046354,25.171834,0 92.046251,25.171928,0 92.046158,25.172030,0 92.046077,25.172141,0 92.046008,25.172258,0 92.045952,25.172381,0 92.045910,25.172508,0 92.045881,25.172639,0 92.045867,25.172771,0 92.045867,25.172904,0 92.045881,25.173036,0 92.045910,25.173166,0 92.045952,25.173294,0 92.046008,25.173416,0 92.046077,25.173534,0 92.046158,25.173644,0 92.046158,25.173645,0 92.046160,25.173677,0 92.046160,25.174150,0 92.046158,25.174182,0 92.046143,25.174184,0 92.046108,25.174190,0 92.046102,25.174189,0 92.045959,25.174183,0 92.045658,25.174183,0 92.045622,25.174181,0 92.045606,25.174122,0 92.045563,25.173994,0 92.045507,25.173871,0 92.045438,25.173753,0 92.045356,25.173642,0 92.045262,25.173539,0 92.045158,25.173445,0 92.045044,25.173360,0 92.044922,25.173286,0 92.044792,25.173224,0 92.044656,25.173173,0 92.044515,25.173135,0 92.044371,25.173110,0 92.044225,25.173098,0 92.044078,25.173099,0 92.043962,25.173105,0 92.041885,25.173105,0 92.041850,25.173103,0 92.041848,25.173072,0 92.041848,25.173070,0 92.041842,25.172944,0 92.041823,25.172820,0 92.041791,25.172698,0 92.041747,25.172579,0 92.041691,25.172464,0 92.041624,25.172354,0 92.041545,25.172251,0 92.041457,25.172155,0 92.041359,25.172066,0 92.041310,25.172026,0 92.041292,25.171999,0 92.041257,25.171938,0 92.041176,25.171828,0 92.041083,25.171725,0 92.040980,25.171631,0 92.040867,25.171547,0 92.040795,25.171503,0 92.040772,25.171487,0 92.040757,25.171435,0 92.040717,25.171313,0 92.040664,25.171194,0 92.040598,25.171080,0 92.040521,25.170973,0 92.040434,25.170873,0 92.040336,25.170780,0 92.040229,25.170697,0 92.040114,25.170623,0 92.039992,25.170559,0 92.039864,25.170506,0 92.039731,25.170464,0 92.039594,25.170434,0 92.039454,25.170416,0 92.039314,25.170410,0 92.039261,25.170410,0 92.039123,25.170416,0 92.038985,25.170434,0 92.038850,25.170463,0 92.038719,25.170503,0 92.038592,25.170555,0 92.038471,25.170617,0 92.038357,25.170689,0 92.038251,25.170770,0 92.038154,25.170860,0 92.038082,25.170940,0 92.038074,25.170948,0 92.038050,25.170964,0 92.037978,25.171008,0 92.037865,25.171092,0 92.037762,25.171186,0 92.037669,25.171289,0 92.037588,25.171399,0 92.037553,25.171460,0 92.037535,25.171486,0 92.037500,25.171488,0 92.036869,25.171488,0 92.036723,25.171495,0 92.036578,25.171514,0 92.036437,25.171546,0 92.036299,25.171591,0 92.036167,25.171648,0 92.036042,25.171716,0 92.035924,25.171795,0 92.035816,25.171885,0 92.035718,25.171983,0 92.035631,25.172090,0 92.035556,25.172204,0 92.035493,25.172324,0 92.035444,25.172449,0 92.035409,25.172578,0 92.035387,25.172710,0 92.035380,25.172842,0 92.035380,25.173072,0 92.035378,25.173104,0 92.035336,25.173133,0 92.035223,25.173217,0 92.035120,25.173311,0 92.035027,25.173414,0 92.034946,25.173524,0 92.034877,25.173641,0 92.034822,25.173764,0 92.034779,25.173891,0 92.034751,25.174022,0 92.034736,25.174154,0 92.034736,25.174287,0 92.034751,25.174419,0 92.034779,25.174550,0 92.034822,25.174677,0 92.034839,25.174722,0</coordinates></LinearRing></outerBoundaryIs></Polygon></MultiGeometry></Placemark>
<Placemark><name>TEA-C004 (117 ha)</name><description><![CDATA[<b>TEA-C004</b><br/>upazila: Gowainghat<br/>area: 117 ha<br/><hr/>Estates expected in this upazila:<br/>Fatehpur, Habibnagar, Jafflong, Khan<br/><br/><b>Zoom in.</b> Tea shows regular planted rows, uniform canopy, pale service tracks in a grid, hard geometric edges. Natural forest is chaotic with ragged edges.<br/><br/>Record yes/no in sylhet_tea_candidates_review.csv]]></description><styleUrl>#cand</styleUrl><MultiGeometry><Polygon><outerBoundaryIs><LinearRing><coordinates>91.950218,24.996856,0 91.950220,24.996889,0 91.950220,24.996890,0 91.950228,24.997031,0 91.950252,24.997171,0 91.950292,24.997307,0 91.950347,24.997439,0 91.950417,24.997565,0 91.950502,24.997684,0 91.950599,24.997794,0 91.950708,24.997894,0 91.950757,24.997934,0 91.950759,24.997967,0 91.950759,24.998741,0 91.950766,24.998878,0 91.950789,24.999013,0 91.950827,24.999146,0 91.950879,24.999274,0 91.950945,24.999398,0 91.951025,24.999514,0 91.951117,24.999622,0 91.951220,24.999722,0 91.951334,24.999811,0 91.951458,24.999890,0 91.951589,24.999956,0 91.951727,25.000010,0 91.951871,25.000052,0 91.952018,25.000079,0 91.952168,25.000093,0 91.952318,25.000094,0 91.952412,25.000089,0 91.953417,25.000089,0 91.953453,25.000091,0 91.953469,25.000110,0 91.953563,25.000215,0 91.953669,25.000311,0 91.953784,25.000396,0 91.953908,25.000471,0 91.954040,25.000534,0 91.954178,25.000584,0 91.954321,25.000622,0 91.954468,25.000646,0 91.954616,25.000657,0 91.954765,25.000655,0 91.954912,25.000639,0 91.955058,25.000609,0 91.955199,25.000567,0 91.955335,25.000512,0 91.955464,25.000444,0 91.955585,25.000366,0 91.955697,25.000276,0 91.955798,25.000177,0 91.955888,25.000069,0 91.955966,24.999954,0 91.956031,24.999832,0 91.956082,24.999704,0 91.956119,24.999573,0 91.956141,24.999439,0 91.956149,24.999304,0 91.956149,24.999045,0 91.956151,24.999012,0 91.956162,24.999003,0 91.956250,24.998937,0 91.956353,24.998843,0 91.956445,24.998740,0 91.956527,24.998630,0 91.956595,24.998513,0 91.956651,24.998390,0 91.956693,24.998263,0 91.956722,24.998132,0 91.956736,24.998000,0 91.956736,24.997867,0 91.956722,24.997735,0 91.956693,24.997604,0 91.956651,24.997477,0 91.956595,24.997354,0 91.956527,24.997237,0 91.956445,24.997127,0 91.956353,24.997024,0 91.956250,24.996930,0 91.956162,24.996864,0 91.956151,24.996855,0 91.956149,24.996822,0 91.956149,24.996282,0 91.956142,24.996157,0 91.956123,24.996032,0 91.956092,24.995910,0 91.956048,24.995791,0 91.955992,24.995676,0 91.955925,24.995567,0 91.955847,24.995463,0 91.955758,24.995367,0 91.955661,24.995278,0 91.955611,24.995237,0 91.955607,24.995233,0 91.955522,24.995139,0 91.955419,24.995045,0 91.955307,24.994961,0 91.955185,24.994887,0 91.955057,24.994825,0 91.954922,24.994774,0 91.954782,24.994735,0 91.954639,24.994709,0 91.954569,24.994703,0 91.954534,24.994698,0 91.954532,24.994666,0 91.954532,24.994194,0 91.954534,24.994162,0 91.954568,24.994161,0 91.955409,24.994161,0 91.955557,24.994154,0 91.955703,24.994134,0 91.955847,24.994100,0 91.955986,24.994054,0 91.956120,24.993995,0 91.956247,24.993925,0 91.956365,24.993843,0 91.956418,24.993798,0 91.956498,24.993863,0 91.956614,24.993939,0 91.956738,24.994006,0 91.956868,24.994061,0 91.957003,24.994104,0 91.957143,24.994135,0 91.957285,24.994154,0 91.957428,24.994161,0 91.957729,24.994161,0 91.957765,24.994162,0 91.957772,24.994173,0 91.957827,24.994267,0 91.957908,24.994377,0 91.958000,24.994480,0 91.958103,24.994574,0 91.958216,24.994658,0 91.958337,24.994732,0 91.958466,24.994795,0 91.958601,24.994846,0 91.958740,24.994884,0 91.958883,24.994910,0 91.959029,24.994923,0 91.959174,24.994923,0 91.959320,24.994910,0 91.959463,24.994884,0 91.959602,24.994846,0 91.959737,24.994795,0 91.959866,24.994732,0 91.959922,24.994701,0 91.959959,24.994696,0 91.960029,24.994690,0 91.960172,24.994664,0 91.960312,24.994625,0 91.960447,24.994574,0 91.960575,24.994512,0 91.960697,24.994438,0 91.960809,24.994354,0 91.960912,24.994260,0 91.960997,24.994166,0 91.961001,24.994162,0 91.961036,24.994161,0 91.961502,24.994161,0 91.961597,24.994165,0 91.961626,24.994167,0 91.961772,24.994167,0 91.961917,24.994154,0 91.962060,24.994128,0 91.962200,24.994090,0 91.962334,24.994039,0 91.962463,24.993976,0 91.962584,24.993903,0 91.962697,24.993818,0 91.962800,24.993724,0 91.962893,24.993621,0 91.962974,24.993511,0 91.963043,24.993394,0 91.963098,24.993271,0 91.963141,24.993144,0 91.963157,24.993084,0 91.963224,24.993075,0 91.963367,24.993049,0 91.963425,24.993033,0 91.963483,24.993049,0 91.963626,24.993075,0 91.963693,24.993084,0 91.963695,24.993116,0 91.963695,24.993117,0 91.963701,24.993243,0 91.963720,24.993367,0 91.963752,24.993489,0 91.963796,24.993608,0 91.963851,24.993723,0 91.963919,24.993832,0 91.963997,24.993936,0 91.964085,24.994032,0 91.964183,24.994121,0 91.964232,24.994161,0 91.964246,24.994213,0 91.964290,24.994345,0 91.964349,24.994472,0 91.964422,24.994594,0 91.964508,24.994707,0 91.964606,24.994812,0 91.964715,24.994908,0 91.964834,24.994993,0 91.964963,24.995066,0 91.965098,24.995127,0 91.965240,24.995176,0 91.965387,24.995210,0 91.965537,24.995232,0 91.965688,24.995239,0 91.965814,24.995239,0 91.965850,24.995240,0 91.965895,24.995265,0 91.966024,24.995327,0 91.966158,24.995378,0 91.966298,24.995417,0 91.966441,24.995443,0 91.966586,24.995456,0 91.966732,24.995456,0 91.966877,24.995443,0 91.967020,24.995417,0 91.967160,24.995378,0 91.967294,24.995327,0 91.967423,24.995265,0 91.967468,24.995240,0 91.967508,24.995235,0 91.967572,24.995229,0 91.967715,24.995203,0 91.967854,24.995164,0 91.967989,24.995114,0 91.968118,24.995051,0 91.968239,24.994977,0 91.968352,24.994893,0 91.968455,24.994799,0 91.968548,24.994696,0 91.968629,24.994585,0 91.968697,24.994468,0 91.968753,24.994345,0 91.968795,24.994218,0 91.968824,24.994088,0 91.968838,24.993956,0 91.968838,24.993823,0 91.968824,24.993690,0 91.968795,24.993560,0 91.968753,24.993433,0 91.968697,24.993310,0 91.968629,24.993193,0 91.968548,24.993082,0 91.968547,24.993082,0 91.968546,24.993049,0 91.968546,24.993048,0 91.968539,24.992923,0 91.968520,24.992798,0 91.968488,24.992676,0 91.968444,24.992557,0 91.968389,24.992442,0 91.968321,24.992333,0 91.968243,24.992229,0 91.968155,24.992133,0 91.968057,24.992044,0 91.968008,24.992004,0 91.968007,24.991971,0 91.968007,24.990960,0 91.968008,24.990927,0 91.968019,24.990863,0 91.968033,24.990734,0 91.968033,24.990605,0 91.968020,24.990476,0 91.967994,24.990349,0 91.967955,24.990225,0 91.967902,24.990105,0 91.967838,24.989990,0 91.967761,24.989881,0 91.967674,24.989779,0 91.967576,24.989686,0 91.967469,24.989601,0 91.967354,24.989526,0 91.967231,24.989461,0 91.967102,24.989407,0 91.966968,24.989365,0 91.966831,24.989334,0 91.966690,24.989316,0 91.966549,24.989310,0 91.965887,24.989310,0 91.965851,24.989308,0 91.965819,24.989301,0 91.965676,24.989275,0 91.965531,24.989262,0 91.965385,24.989262,0 91.965240,24.989275,0 91.965097,24.989301,0 91.964958,24.989339,0 91.964823,24.989390,0 91.964694,24.989453,0 91.964573,24.989527,0 91.964460,24.989611,0 91.964357,24.989705,0 91.964265,24.989808,0 91.964232,24.989847,0 91.964210,24.989863,0 91.964136,24.989908,0 91.964023,24.989992,0 91.963920,24.990086,0 91.963827,24.990189,0 91.963746,24.990299,0 91.963712,24.990359,0 91.963694,24.990386,0 91.963626,24.990395,0 91.963483,24.990421,0 91.963425,24.990437,0 91.963367,24.990421,0 91.963224,24.990395,0 91.963156,24.990386,0 91.963111,24.990361,0 91.962983,24.990299,0 91.962848,24.990248,0 91.962708,24.990209,0 91.962565,24.990183,0 91.962420,24.990170,0 91.962274,24.990170,0 91.962129,24.990183,0 91.961986,24.990209,0 91.961846,24.990248,0 91.961712,24.990299,0 91.961583,24.990361,0 91.961538,24.990386,0 91.961501,24.990391,0 91.961431,24.990397,0 91.961288,24.990423,0 91.961148,24.990462,0 91.961014,24.990513,0 91.960885,24.990575,0 91.960764,24.990649,0 91.960651,24.990734,0 91.960548,24.990828,0 91.960464,24.990921,0 91.960460,24.990925,0 91.960424,24.990927,0 91.959958,24.990927,0 91.959923,24.990925,0 91.959885,24.990879,0 91.959793,24.990776,0 91.959690,24.990682,0 91.959577,24.990598,0 91.959456,24.990524,0 91.959327,24.990461,0 91.959192,24.990411,0 91.959053,24.990372,0 91.958910,24.990346,0 91.958764,24.990333,0 91.958619,24.990333,0 91.958473,24.990346,0 91.958330,24.990372,0 91.958191,24.990411,0 91.958056,24.990461,0 91.957927,24.990524,0 91.957806,24.990598,0 91.957693,24.990682,0 91.957590,24.990776,0 91.957498,24.990879,0 91.957417,24.990990,0 91.957348,24.991107,0 91.957292,24.991230,0 91.957250,24.991357,0 91.957231,24.991444,0 91.957225,24.991464,0 91.957210,24.991466,0 91.957069,24.991492,0 91.956932,24.991529,0 91.956799,24.991579,0 91.956672,24.991640,0 91.956552,24.991712,0 91.956440,24.991794,0 91.956419,24.991813,0 91.956418,24.991811,0 91.956304,24.991725,0 91.956181,24.991649,0 91.956051,24.991585,0 91.955914,24.991532,0 91.955772,24.991493,0 91.955627,24.991466,0 91.955612,24.991464,0 91.955610,24.991432,0 91.955610,24.991056,0 91.955603,24.990927,0 91.955583,24.990798,0 91.955549,24.990672,0 91.955502,24.990550,0 91.955442,24.990432,0 91.955371,24.990320,0 91.955288,24.990214,0 91.955194,24.990117,0 91.955090,24.990028,0 91.954978,24.989948,0 91.954858,24.989879,0 91.954731,24.989820,0 91.954598,24.989773,0 91.954461,24.989737,0 91.954321,24.989714,0 91.954179,24.989703,0 91.954037,24.989704,0 91.953895,24.989718,0 91.953756,24.989744,0 91.953620,24.989782,0 91.953488,24.989832,0 91.953453,24.989847,0 91.953417,24.989849,0 91.952752,24.989849,0 91.952612,24.989855,0 91.952472,24.989873,0 91.952336,24.989903,0 91.952203,24.989945,0 91.952075,24.989998,0 91.951953,24.990061,0 91.951838,24.990135,0 91.951731,24.990219,0 91.951634,24.990311,0 91.951546,24.990412,0 91.951469,24.990519,0 91.951404,24.990633,0 91.951351,24.990751,0 91.951310,24.990874,0 91.951296,24.990926,0 91.951294,24.990928,0 91.951213,24.991039,0 91.951145,24.991156,0 91.951089,24.991279,0 91.951046,24.991406,0 91.951018,24.991536,0 91.951004,24.991669,0 91.951004,24.991802,0 91.951018,24.991934,0 91.951046,24.992064,0 91.951089,24.992191,0 91.951145,24.992314,0 91.951213,24.992431,0 91.951294,24.992542,0 91.951296,24.992544,0 91.951298,24.992577,0 91.951298,24.994666,0 91.951296,24.994699,0 91.951274,24.994714,0 91.951200,24.994759,0 91.951087,24.994843,0 91.950984,24.994937,0 91.950892,24.995040,0 91.950811,24.995150,0 91.950776,24.995210,0 91.950758,24.995237,0 91.950714,24.995267,0 91.950602,24.995351,0 91.950499,24.995445,0 91.950406,24.995548,0 91.950325,24.995658,0 91.950256,24.995775,0 91.950200,24.995898,0 91.950158,24.996025,0 91.950130,24.996156,0 91.950115,24.996288,0 91.950115,24.996421,0 91.950130,24.996553,0 91.950158,24.996684,0 91.950200,24.996811,0 91.950218,24.996856,0</coordinates></LinearRing></outerBoundaryIs></Polygon></MultiGeometry></Placemark>
<Placemark><name>TEA-C005 (1,686 ha)</name><description><![CDATA[<b>TEA-C005</b><br/>upazila: Fenchuganj<br/>area: 1,686 ha<br/><hr/>Estates expected in this upazila:<br/>Dallucherra, Monipur, Moomincherra<br/><br/><b>Zoom in.</b> Tea shows regular planted rows, uniform canopy, pale service tracks in a grid, hard geometric edges. Natural forest is chaotic with ragged edges.<br/><br/>Record yes/no in sylhet_tea_candidates_review.csv]]></description><styleUrl>#cand</styleUrl><MultiGeometry><Polygon><outerBoundaryIs><LinearRing><coordinates>91.930276,24.676157,0 91.930277,24.676190,0 91.930277,24.676190,0 91.930285,24.676331,0 91.930309,24.676471,0 91.930349,24.676607,0 91.930404,24.676739,0 91.930474,24.676865,0 91.930558,24.676984,0 91.930655,24.677094,0 91.930764,24.677194,0 91.930815,24.677236,0 91.930816,24.677268,0 91.930816,24.677741,0 91.930815,24.677774,0 91.930804,24.677838,0 91.930790,24.677974,0 91.930790,24.678111,0 91.930806,24.678247,0 91.930837,24.678381,0 91.930882,24.678511,0 91.930942,24.678637,0 91.931015,24.678756,0 91.931101,24.678868,0 91.931198,24.678972,0 91.931307,24.679066,0 91.931426,24.679149,0 91.931553,24.679222,0 91.931687,24.679282,0 91.931828,24.679329,0 91.931973,24.679363,0 91.932121,24.679384,0 91.932271,24.679391,0 91.932397,24.679391,0 91.932486,24.679395,0 91.932526,24.679398,0 91.932672,24.679398,0 91.932817,24.679385,0 91.932960,24.679359,0 91.933100,24.679320,0 91.933228,24.679271,0 91.933234,24.679322,0 91.933262,24.679453,0 91.933304,24.679580,0 91.933360,24.679703,0 91.933429,24.679820,0 91.933509,24.679930,0 91.933509,24.679930,0 91.933511,24.679963,0 91.933511,24.680436,0 91.933510,24.680467,0 91.933475,24.680469,0 91.931760,24.680469,0 91.931614,24.680475,0 91.931471,24.680495,0 91.931329,24.680527,0 91.931192,24.680572,0 91.931061,24.680629,0 91.930936,24.680697,0 91.930819,24.680776,0 91.930712,24.680866,0 91.930614,24.680964,0 91.930527,24.681071,0 91.930452,24.681185,0 91.930390,24.681305,0 91.930341,24.681430,0 91.930306,24.681559,0 91.930284,24.681691,0 91.930277,24.681823,0 91.930277,24.683736,0 91.930285,24.683877,0 91.930309,24.684017,0 91.930349,24.684153,0 91.930404,24.684285,0 91.930474,24.684411,0 91.930558,24.684530,0 91.930655,24.684640,0 91.930764,24.684740,0 91.930815,24.684782,0 91.930824,24.684799,0 91.930892,24.684916,0 91.930973,24.685026,0 91.931065,24.685129,0 91.931168,24.685223,0 91.931140,24.685252,0 91.931057,24.685358,0 91.930985,24.685470,0 91.930925,24.685588,0 91.930878,24.685711,0 91.930844,24.685838,0 91.930823,24.685967,0 91.930816,24.686097,0 91.930816,24.686121,0 91.930823,24.686254,0 91.930845,24.686385,0 91.930880,24.686514,0 91.930929,24.686640,0 91.930991,24.686760,0 91.931066,24.686874,0 91.931153,24.686981,0 91.931251,24.687079,0 91.931358,24.687168,0 91.931475,24.687247,0 91.931600,24.687316,0 91.931731,24.687373,0 91.931868,24.687417,0 91.932010,24.687450,0 91.932153,24.687469,0 91.932299,24.687476,0 91.932318,24.687476,0 91.932467,24.687469,0 91.932614,24.687449,0 91.932758,24.687415,0 91.932893,24.687370,0 91.932895,24.687373,0 91.932968,24.687472,0 91.932970,24.687476,0 91.932972,24.687509,0 91.932972,24.687981,0 91.932970,24.688014,0 91.932920,24.688056,0 91.932823,24.688144,0 91.932735,24.688241,0 91.932657,24.688344,0 91.932590,24.688454,0 91.932534,24.688568,0 91.932490,24.688687,0 91.932459,24.688810,0 91.932440,24.688934,0 91.932433,24.689059,0 91.932433,24.689059,0 91.932431,24.689092,0 91.932431,24.689092,0 91.932351,24.689203,0 91.932282,24.689320,0 91.932226,24.689443,0 91.932184,24.689570,0 91.932156,24.689700,0 91.932141,24.689833,0 91.932141,24.689966,0 91.932156,24.690098,0 91.932184,24.690228,0 91.932226,24.690355,0 91.932282,24.690478,0 91.932351,24.690595,0 91.932431,24.690706,0 91.932524,24.690809,0 91.932627,24.690903,0 91.932739,24.690987,0 91.932860,24.691061,0 91.932988,24.691124,0 91.933123,24.691174,0 91.933262,24.691213,0 91.933405,24.691239,0 91.933473,24.691245,0 91.933510,24.691250,0 91.933531,24.691267,0 91.933594,24.691324,0 91.933706,24.691409,0 91.933827,24.691483,0 91.933955,24.691545,0 91.934090,24.691596,0 91.934229,24.691635,0 91.934372,24.691661,0 91.934516,24.691674,0 91.934662,24.691674,0 91.934807,24.691661,0 91.934949,24.691635,0 91.935089,24.691596,0 91.935223,24.691545,0 91.935351,24.691483,0 91.935472,24.691409,0 91.935585,24.691324,0 91.935647,24.691267,0 91.935668,24.691250,0 91.935704,24.691249,0 91.936170,24.691249,0 91.936205,24.691250,0 91.936228,24.691278,0 91.936322,24.691383,0 91.936427,24.691478,0 91.936542,24.691564,0 91.936666,24.691638,0 91.936798,24.691701,0 91.936936,24.691752,0 91.937078,24.691789,0 91.937224,24.691814,0 91.937372,24.691825,0 91.937520,24.691822,0 91.937668,24.691806,0 91.937813,24.691777,0 91.937953,24.691734,0 91.938089,24.691679,0 91.938218,24.691612,0 91.938339,24.691533,0 91.938450,24.691444,0 91.938552,24.691345,0 91.938641,24.691237,0 91.938719,24.691121,0 91.938784,24.690999,0 91.938835,24.690872,0 91.938871,24.690741,0 91.938894,24.690606,0 91.938901,24.690471,0 91.938901,24.689665,0 91.938903,24.689632,0 91.938953,24.689591,0 91.939062,24.689491,0 91.939159,24.689381,0 91.939243,24.689262,0 91.939313,24.689136,0 91.939368,24.689004,0 91.939408,24.688868,0 91.939432,24.688728,0 91.939440,24.688587,0 91.939440,24.688587,0 91.939442,24.688555,0 91.939462,24.688541,0 91.939540,24.688494,0 91.939652,24.688409,0 91.939755,24.688315,0 91.939847,24.688212,0 91.939928,24.688102,0 91.939962,24.688045,0 91.939981,24.688016,0 91.939985,24.688010,0 91.940068,24.687918,0 91.940149,24.687807,0 91.940217,24.687690,0 91.940273,24.687567,0 91.940315,24.687440,0 91.940343,24.687309,0 91.940358,24.687177,0 91.940357,24.687043,0 91.940343,24.686911,0 91.940314,24.686780,0 91.940272,24.686653,0 91.940216,24.686530,0 91.940147,24.686413,0 91.940066,24.686302,0 91.939973,24.686200,0 91.939870,24.686106,0 91.939757,24.686022,0 91.939636,24.685948,0 91.939507,24.685885,0 91.939442,24.685857,0 91.939440,24.685826,0 91.939440,24.684781,0 91.939440,24.684781,0 91.939440,24.684682,0 91.939426,24.684550,0 91.939397,24.684420,0 91.939355,24.684292,0 91.939299,24.684170,0 91.939231,24.684052,0 91.939150,24.683942,0 91.939058,24.683839,0 91.938955,24.683745,0 91.938903,24.683702,0 91.938901,24.683670,0 91.938901,24.683197,0 91.938903,24.683165,0 91.938938,24.683164,0 91.939404,24.683164,0 91.939439,24.683165,0 91.939443,24.683169,0 91.939527,24.683263,0 91.939630,24.683357,0 91.939742,24.683441,0 91.939863,24.683515,0 91.939992,24.683578,0 91.940126,24.683628,0 91.940265,24.683667,0 91.940408,24.683693,0 91.940553,24.683706,0 91.940580,24.683707,0 91.940730,24.683707,0 91.940879,24.683693,0 91.941026,24.683665,0 91.941169,24.683624,0 91.941307,24.683570,0 91.941438,24.683503,0 91.941561,24.683425,0 91.941675,24.683335,0 91.941778,24.683236,0 91.941870,24.683127,0 91.941949,24.683011,0 91.942015,24.682888,0 91.942067,24.682759,0 91.942105,24.682627,0 91.942127,24.682491,0 91.942135,24.682354,0 91.942135,24.681547,0 91.942135,24.681547,0 91.942135,24.681448,0 91.942121,24.681316,0 91.942092,24.681186,0 91.942050,24.681059,0 91.941994,24.680936,0 91.941926,24.680818,0 91.941845,24.680708,0 91.941753,24.680605,0 91.941650,24.680511,0 91.941598,24.680468,0 91.941596,24.680436,0 91.941596,24.679963,0 91.941598,24.679931,0 91.941632,24.679930,0 91.941762,24.679930,0 91.941913,24.679923,0 91.942063,24.679902,0 91.942209,24.679867,0 91.942350,24.679819,0 91.942486,24.679758,0 91.942614,24.679684,0 91.942733,24.679599,0 91.942842,24.679504,0 91.942940,24.679399,0 91.943025,24.679285,0 91.943098,24.679164,0 91.943156,24.679036,0 91.943200,24.678904,0 91.943214,24.678853,0 91.943249,24.678852,0 91.944255,24.678852,0 91.944291,24.678854,0 91.944343,24.678861,0 91.944488,24.678874,0 91.944633,24.678874,0 91.944778,24.678861,0 91.944830,24.678854,0 91.944866,24.678852,0 91.944965,24.678852,0 91.945110,24.678845,0 91.945254,24.678826,0 91.945395,24.678794,0 91.945532,24.678749,0 91.945663,24.678692,0 91.945788,24.678624,0 91.945905,24.678544,0 91.946013,24.678455,0 91.946110,24.678357,0 91.946197,24.678250,0 91.946272,24.678136,0 91.946334,24.678016,0 91.946383,24.677891,0 91.946418,24.677762,0 91.946440,24.677630,0 91.946447,24.677497,0 91.946447,24.677268,0 91.946449,24.677236,0 91.946483,24.677235,0 91.947489,24.677235,0 91.947525,24.677237,0 91.947571,24.677257,0 91.947706,24.677308,0 91.947846,24.677346,0 91.947989,24.677372,0 91.948134,24.677385,0 91.948280,24.677385,0 91.948425,24.677372,0 91.948568,24.677346,0 91.948708,24.677307,0 91.948843,24.677255,0 91.948971,24.677192,0 91.949092,24.677118,0 91.949205,24.677033,0 91.949307,24.676938,0 91.949400,24.676835,0 91.949480,24.676723,0 91.949548,24.676606,0 91.949603,24.676482,0 91.949645,24.676354,0 91.949673,24.676223,0 91.949683,24.676157,0 91.949708,24.676127,0 91.949746,24.676084,0 91.949827,24.675974,0 91.949895,24.675856,0 91.949951,24.675734,0 91.949993,24.675606,0 91.950022,24.675476,0 91.950036,24.675344,0 91.950036,24.675211,0 91.950022,24.675079,0 91.949993,24.674948,0 91.949951,24.674821,0 91.949895,24.674698,0 91.949827,24.674581,0 91.949746,24.674470,0 91.949654,24.674368,0 91.949551,24.674274,0 91.949438,24.674189,0 91.949317,24.674115,0 91.949189,24.674053,0 91.949055,24.674002,0 91.948915,24.673963,0 91.948773,24.673937,0 91.948628,24.673924,0 91.948482,24.673924,0 91.948338,24.673937,0 91.948195,24.673963,0 91.948071,24.673998,0 91.948064,24.673999,0 91.948028,24.674001,0 91.947561,24.674001,0 91.947527,24.673999,0 91.947525,24.673968,0 91.947525,24.673495,0 91.947527,24.673464,0 91.947561,24.673462,0 91.948028,24.673462,0 91.948063,24.673464,0 91.948084,24.673481,0 91.948146,24.673538,0 91.948259,24.673622,0 91.948380,24.673696,0 91.948508,24.673759,0 91.948643,24.673810,0 91.948782,24.673848,0 91.948924,24.673874,0 91.949069,24.673887,0 91.949215,24.673887,0 91.949359,24.673874,0 91.949502,24.673848,0 91.949641,24.673810,0 91.949776,24.673759,0 91.949904,24.673696,0 91.950025,24.673622,0 91.950137,24.673538,0 91.950200,24.673481,0 91.950221,24.673463,0 91.950267,24.673448,0 91.950320,24.673433,0 91.950459,24.673380,0 91.950592,24.673314,0 91.950716,24.673236,0 91.950832,24.673146,0 91.950936,24.673047,0 91.951029,24.672938,0 91.951109,24.672821,0 91.951176,24.672697,0 91.951229,24.672568,0 91.951267,24.672434,0 91.951290,24.672298,0 91.951298,24.672160,0 91.951298,24.671878,0 91.951300,24.671847,0 91.951334,24.671845,0 91.951800,24.671845,0 91.951837,24.671847,0 91.951872,24.671855,0 91.952014,24.671881,0 91.952159,24.671894,0 91.952304,24.671894,0 91.952449,24.671881,0 91.952592,24.671855,0 91.952731,24.671816,0 91.952865,24.671765,0 91.952994,24.671703,0 91.953115,24.671629,0 91.953227,24.671544,0 91.953330,24.671450,0 91.953422,24.671348,0 91.953455,24.671307,0 91.953501,24.671292,0 91.953554,24.671278,0 91.953693,24.671224,0 91.953826,24.671158,0 91.953950,24.671080,0 91.954066,24.670990,0 91.954170,24.670891,0 91.954263,24.670782,0 91.954343,24.670665,0 91.954410,24.670541,0 91.954463,24.670412,0 91.954501,24.670278,0 91.954524,24.670142,0 91.954532,24.670004,0 91.954532,24.669722,0 91.954534,24.669691,0 91.954568,24.669689,0 91.955034,24.669689,0 91.955070,24.669691,0 91.955074,24.669695,0 91.955158,24.669788,0 91.955261,24.669882,0 91.955373,24.669966,0 91.955494,24.670040,0 91.955622,24.670103,0 91.955757,24.670154,0 91.955896,24.670192,0 91.956039,24.670218,0 91.956114,24.670225,0 91.956147,24.670229,0 91.956149,24.670261,0 91.956149,24.670734,0 91.956147,24.670767,0 91.956143,24.670790,0 91.956125,24.670874,0 91.956111,24.671006,0 91.956111,24.671139,0 91.956125,24.671272,0 91.956153,24.671402,0 91.956196,24.671529,0 91.956251,24.671652,0 91.956320,24.671769,0 91.956401,24.671880,0 91.956493,24.671982,0 91.956596,24.672076,0 91.956708,24.672161,0 91.956829,24.672235,0 91.956957,24.672297,0 91.957092,24.672348,0 91.957222,24.672384,0 91.957226,24.672385,0 91.957258,24.672426,0 91.957351,24.672528,0 91.957453,24.672622,0 91.957566,24.672707,0 91.957687,24.672781,0 91.957815,24.672843,0 91.957950,24.672894,0 91.958089,24.672933,0 91.958231,24.672959,0 91.958376,24.672972,0 91.958522,24.672972,0 91.958666,24.672959,0 91.958809,24.672933,0 91.958844,24.672925,0 91.958878,24.672920,0 91.958954,24.672913,0 91.959097,24.672887,0 91.959236,24.672849,0 91.959370,24.672798,0 91.959498,24.672735,0 91.959619,24.672661,0 91.959732,24.672577,0 91.959835,24.672483,0 91.959919,24.672390,0 91.959923,24.672386,0 91.959990,24.672376,0 91.960133,24.672350,0 91.960191,24.672334,0 91.960250,24.672351,0 91.960392,24.672376,0 91.960460,24.672386,0 91.960492,24.672426,0 91.960584,24.672528,0 91.960687,24.672622,0 91.960800,24.672707,0 91.960921,24.672781,0 91.961049,24.672843,0 91.961183,24.672894,0 91.961323,24.672933,0 91.961465,24.672959,0 91.961610,24.672972,0 91.961756,24.672972,0 91.961900,24.672959,0 91.962043,24.672933,0 91.962078,24.672925,0 91.962112,24.672920,0 91.962188,24.672913,0 91.962331,24.672887,0 91.962470,24.672849,0 91.962604,24.672798,0 91.962732,24.672735,0 91.962853,24.672661,0 91.962966,24.672577,0 91.963069,24.672483,0 91.963153,24.672390,0 91.963156,24.672386,0 91.963192,24.672384,0 91.964197,24.672384,0 91.964287,24.672388,0 91.964327,24.672392,0 91.964474,24.672391,0 91.964620,24.672378,0 91.964764,24.672351,0 91.964905,24.672312,0 91.965040,24.672260,0 91.965169,24.672196,0 91.965290,24.672121,0 91.965403,24.672035,0 91.965506,24.671939,0 91.965598,24.671835,0 91.965679,24.671722,0 91.965746,24.671603,0 91.965801,24.671479,0 91.965841,24.671350,0 91.965868,24.671218,0 91.965880,24.671084,0 91.965878,24.670950,0 91.965861,24.670817,0 91.965853,24.670774,0 91.965823,24.670646,0 91.965779,24.670522,0 91.965723,24.670401,0 91.965654,24.670287,0 91.965573,24.670179,0 91.965481,24.670078,0 91.965379,24.669986,0 91.965267,24.669904,0 91.965148,24.669832,0 91.965021,24.669770,0 91.964888,24.669720,0 91.964794,24.669694,0 91.964774,24.669688,0 91.964773,24.669656,0 91.964773,24.668882,0 91.964766,24.668753,0 91.964746,24.668625,0 91.964712,24.668500,0 91.964666,24.668378,0 91.964608,24.668260,0 91.964537,24.668149,0 91.964455,24.668044,0 91.964362,24.667946,0 91.964260,24.667857,0 91.964149,24.667778,0 91.964030,24.667708,0 91.963905,24.667649,0 91.963773,24.667601,0 91.963638,24.667565,0 91.963499,24.667541,0 91.963359,24.667529,0 91.963218,24.667529,0 91.963119,24.667533,0 91.961943,24.667533,0 91.961798,24.667540,0 91.961654,24.667559,0 91.961513,24.667591,0 91.961489,24.667599,0 91.961510,24.667521,0 91.961532,24.667389,0 91.961539,24.667257,0 91.961539,24.667027,0 91.961540,24.666995,0 91.961561,24.666981,0 91.961638,24.666934,0 91.961751,24.666850,0 91.961854,24.666756,0 91.961946,24.666653,0 91.962027,24.666542,0 91.962060,24.666485,0 91.962079,24.666457,0 91.962112,24.666452,0 91.962188,24.666445,0 91.962331,24.666419,0 91.962470,24.666381,0 91.962604,24.666330,0 91.962732,24.666267,0 91.962853,24.666193,0 91.962966,24.666109,0 91.963069,24.666015,0 91.963153,24.665922,0 91.963157,24.665917,0 91.963208,24.665875,0 91.963317,24.665775,0 91.963414,24.665665,0 91.963498,24.665546,0 91.963567,24.665420,0 91.963623,24.665289,0 91.963662,24.665152,0 91.963687,24.665013,0 91.963695,24.664872,0 91.963696,24.664839,0 91.963696,24.664839,0 91.963777,24.664728,0 91.963846,24.664611,0 91.963901,24.664488,0 91.963944,24.664361,0 91.963972,24.664231,0 91.963986,24.664098,0 91.963986,24.663965,0 91.963972,24.663833,0 91.963944,24.663703,0 91.963901,24.663575,0 91.963846,24.663453,0 91.963777,24.663335,0 91.963696,24.663225,0 91.963604,24.663122,0 91.963501,24.663028,0 91.963389,24.662944,0 91.963268,24.662870,0 91.963140,24.662807,0 91.963005,24.662756,0 91.962866,24.662718,0 91.962723,24.662692,0 91.962655,24.662686,0 91.962618,24.662681,0 91.962599,24.662652,0 91.962566,24.662595,0 91.962485,24.662485,0 91.962393,24.662382,0 91.962290,24.662288,0 91.962177,24.662203,0 91.962100,24.662156,0 91.962079,24.662142,0 91.962071,24.662134,0 91.962000,24.662054,0 91.961903,24.661964,0 91.961797,24.661883,0 91.961683,24.661811,0 91.961563,24.661749,0 91.961437,24.661697,0 91.961306,24.661657,0 91.961171,24.661628,0 91.961034,24.661610,0 91.960896,24.661604,0 91.960497,24.661604,0 91.960462,24.661603,0 91.960448,24.661552,0 91.960408,24.661429,0 91.960355,24.661310,0 91.960290,24.661197,0 91.960213,24.661089,0 91.960126,24.660989,0 91.960029,24.660897,0 91.959922,24.660813,0 91.959808,24.660739,0 91.959686,24.660675,0 91.959558,24.660622,0 91.959426,24.660581,0 91.959289,24.660550,0 91.959150,24.660532,0 91.959010,24.660526,0 91.958880,24.660526,0 91.958845,24.660525,0 91.958831,24.660474,0 91.958791,24.660351,0 91.958738,24.660232,0 91.958673,24.660119,0 91.958596,24.660011,0 91.958509,24.659911,0 91.958412,24.659819,0 91.958305,24.659735,0 91.958191,24.659661,0 91.958069,24.659597,0 91.957941,24.659544,0 91.957809,24.659503,0 91.957672,24.659472,0 91.957533,24.659454,0 91.957393,24.659448,0 91.956185,24.659448,0 91.956150,24.659447,0 91.956149,24.659415,0 91.956149,24.658943,0 91.956151,24.658910,0 91.956154,24.658909,0 91.956284,24.658873,0 91.956418,24.658822,0 91.956546,24.658760,0 91.956667,24.658686,0 91.956780,24.658602,0 91.956883,24.658508,0 91.956975,24.658405,0 91.957056,24.658294,0 91.957124,24.658177,0 91.957180,24.658054,0 91.957222,24.657927,0 91.957251,24.657797,0 91.957265,24.657664,0 91.957265,24.657532,0 91.957251,24.657399,0 91.957232,24.657316,0 91.957229,24.657292,0 91.957227,24.657259,0 91.957227,24.656787,0 91.957229,24.656754,0 91.957239,24.656690,0 91.957253,24.656561,0 91.957253,24.656534,0 91.957368,24.656604,0 91.957496,24.656667,0 91.957631,24.656717,0 91.957761,24.656753,0 91.957764,24.656755,0 91.957766,24.656787,0 91.957766,24.657016,0 91.957773,24.657149,0 91.957794,24.657280,0 91.957830,24.657409,0 91.957879,24.657534,0 91.957941,24.657654,0 91.958016,24.657768,0 91.958102,24.657875,0 91.958200,24.657974,0 91.958308,24.658063,0 91.958424,24.658142,0 91.958549,24.658210,0 91.958681,24.658267,0 91.958818,24.658312,0 91.958959,24.658344,0 91.959103,24.658364,0 91.959248,24.658370,0 91.959346,24.658370,0 91.959382,24.658372,0 91.959424,24.658424,0 91.959425,24.658425,0 91.959517,24.658528,0 91.959620,24.658622,0 91.959733,24.658706,0 91.959854,24.658780,0 91.959982,24.658843,0 91.960116,24.658894,0 91.960255,24.658932,0 91.960398,24.658958,0 91.960543,24.658971,0 91.960688,24.658971,0 91.960833,24.658958,0 91.960976,24.658932,0 91.961115,24.658894,0 91.961249,24.658843,0 91.961378,24.658780,0 91.961499,24.658706,0 91.961611,24.658622,0 91.961714,24.658528,0 91.961806,24.658425,0 91.961887,24.658315,0 91.961955,24.658198,0 91.962011,24.658075,0 91.962053,24.657948,0 91.962076,24.657846,0 91.962079,24.657833,0 91.962114,24.657831,0 91.962580,24.657831,0 91.962616,24.657833,0 91.962663,24.657859,0 91.962791,24.657921,0 91.962926,24.657972,0 91.963065,24.658011,0 91.963208,24.658037,0 91.963352,24.658050,0 91.963498,24.658050,0 91.963643,24.658037,0 91.963785,24.658011,0 91.963924,24.657972,0 91.964059,24.657921,0 91.964187,24.657859,0 91.964234,24.657833,0 91.964281,24.657818,0 91.964334,24.657803,0 91.964473,24.657749,0 91.964606,24.657683,0 91.964730,24.657605,0 91.964845,24.657515,0 91.964950,24.657416,0 91.965043,24.657307,0 91.965123,24.657190,0 91.965190,24.657066,0 91.965243,24.656937,0 91.965281,24.656803,0 91.965304,24.656667,0 91.965312,24.656529,0 91.965312,24.655170,0 91.965313,24.655138,0 91.965348,24.655136,0 91.965475,24.655136,0 91.965624,24.655129,0 91.965772,24.655109,0 91.965917,24.655075,0 91.966058,24.655027,0 91.966192,24.654967,0 91.966319,24.654895,0 91.966438,24.654811,0 91.966547,24.654717,0 91.966644,24.654614,0 91.966730,24.654502,0 91.966803,24.654382,0 91.966863,24.654257,0 91.966908,24.654126,0 91.966939,24.653992,0 91.966955,24.653856,0 91.966955,24.653719,0 91.966941,24.653583,0 91.966930,24.653519,0 91.966929,24.653486,0 91.966929,24.652475,0 91.966930,24.652443,0 91.966963,24.652438,0 91.967039,24.652432,0 91.967182,24.652406,0 91.967321,24.652367,0 91.967455,24.652316,0 91.967583,24.652254,0 91.967704,24.652180,0 91.967817,24.652095,0 91.967920,24.652001,0 91.968003,24.651908,0 91.968008,24.651904,0 91.968059,24.651861,0 91.968168,24.651761,0 91.968265,24.651651,0 91.968348,24.651533,0 91.968418,24.651407,0 91.968474,24.651275,0 91.968513,24.651138,0 91.968537,24.650999,0 91.968546,24.650858,0 91.968547,24.650826,0 91.968582,24.650824,0 91.968712,24.650824,0 91.968863,24.650817,0 91.969012,24.650796,0 91.969159,24.650762,0 91.969300,24.650713,0 91.969435,24.650652,0 91.969563,24.650579,0 91.969682,24.650494,0 91.969791,24.650398,0 91.969889,24.650293,0 91.969975,24.650179,0 91.970047,24.650058,0 91.970106,24.649931,0 91.970150,24.649799,0 91.970164,24.649748,0 91.970199,24.649746,0 91.970500,24.649746,0 91.970648,24.649740,0 91.970650,24.649739,0 91.970686,24.649746,0 91.970700,24.649748,0 91.970719,24.649777,0 91.970752,24.649834,0 91.970833,24.649944,0 91.970926,24.650047,0 91.971028,24.650141,0 91.971141,24.650225,0 91.971219,24.650273,0 91.971239,24.650286,0 91.971240,24.650319,0 91.971240,24.651330,0 91.971239,24.651363,0 91.971188,24.651404,0 91.971091,24.651493,0 91.971003,24.651589,0 91.970925,24.651693,0 91.970858,24.651802,0 91.970802,24.651917,0 91.970758,24.652036,0 91.970727,24.652158,0 91.970708,24.652283,0 91.970701,24.652408,0 91.970700,24.652441,0 91.970690,24.652499,0 91.970687,24.652514,0 91.970673,24.652647,0 91.970673,24.652780,0 91.970687,24.652912,0 91.970715,24.653042,0 91.970758,24.653169,0 91.970813,24.653292,0 91.970882,24.653409,0 91.970963,24.653520,0 91.971055,24.653623,0 91.971158,24.653717,0 91.971270,24.653801,0 91.971391,24.653875,0 91.971434,24.653896,0 91.971345,24.653871,0 91.971203,24.653845,0 91.971058,24.653832,0 91.970912,24.653832,0 91.970768,24.653845,0 91.970625,24.653871,0 91.970486,24.653910,0 91.970351,24.653961,0 91.970223,24.654023,0 91.970162,24.654057,0 91.970128,24.654061,0 91.970052,24.654068,0 91.969910,24.654094,0 91.969770,24.654133,0 91.969636,24.654184,0 91.969508,24.654246,0 91.969387,24.654320,0 91.969274,24.654404,0 91.969171,24.654498,0 91.969088,24.654592,0 91.969083,24.654596,0 91.969032,24.654638,0 91.968935,24.654727,0 91.968847,24.654823,0 91.968769,24.654927,0 91.968702,24.655036,0 91.968646,24.655151,0 91.968603,24.655270,0 91.968571,24.655392,0 91.968552,24.655517,0 91.968546,24.655642,0 91.968546,24.655938,0 91.968553,24.656071,0 91.968574,24.656202,0 91.968609,24.656331,0 91.968658,24.656456,0 91.968721,24.656576,0 91.968795,24.656690,0 91.968882,24.656797,0 91.968980,24.656896,0 91.969087,24.656985,0 91.969204,24.657064,0 91.969329,24.657132,0 91.969460,24.657189,0 91.969597,24.657234,0 91.969739,24.657266,0 91.969882,24.657286,0 91.970028,24.657292,0 91.970126,24.657292,0 91.970161,24.657294,0 91.970162,24.657326,0 91.970162,24.657561,0 91.970170,24.657698,0 91.970193,24.657833,0 91.970230,24.657966,0 91.970282,24.658094,0 91.970348,24.658218,0 91.970428,24.658334,0 91.970519,24.658442,0 91.970623,24.658542,0 91.970736,24.658631,0 91.970859,24.658710,0 91.970990,24.658776,0 91.971128,24.658830,0 91.971271,24.658872,0 91.971418,24.658899,0 91.971567,24.658914,0 91.971717,24.658914,0 91.971816,24.658909,0 91.972282,24.658909,0 91.972317,24.658911,0 91.972318,24.658943,0 91.972318,24.659415,0 91.972317,24.659447,0 91.972282,24.659448,0 91.972184,24.659448,0 91.972038,24.659455,0 91.971895,24.659474,0 91.971753,24.659507,0 91.971616,24.659551,0 91.971485,24.659608,0 91.971360,24.659677,0 91.971243,24.659756,0 91.971136,24.659845,0 91.971038,24.659944,0 91.970951,24.660050,0 91.970877,24.660164,0 91.970814,24.660284,0 91.970765,24.660410,0 91.970730,24.660539,0 91.970709,24.660670,0 91.970701,24.660803,0 91.970701,24.661032,0 91.970700,24.661064,0 91.970667,24.661068,0 91.970591,24.661075,0 91.970449,24.661101,0 91.970309,24.661140,0 91.970175,24.661190,0 91.970047,24.661253,0 91.969926,24.661327,0 91.969813,24.661411,0 91.969710,24.661505,0 91.969627,24.661599,0 91.969623,24.661603,0 91.969587,24.661604,0 91.969121,24.661604,0 91.969086,24.661603,0 91.969082,24.661590,0 91.969060,24.661488,0 91.969018,24.661361,0 91.968962,24.661238,0 91.968894,24.661121,0 91.968813,24.661010,0 91.968720,24.660907,0 91.968618,24.660813,0 91.968505,24.660729,0 91.968384,24.660655,0 91.968256,24.660592,0 91.968121,24.660542,0 91.967982,24.660503,0 91.967839,24.660477,0 91.967694,24.660464,0 91.967549,24.660464,0 91.967404,24.660477,0 91.967261,24.660503,0 91.967122,24.660542,0 91.966988,24.660593,0 91.966859,24.660656,0 91.966738,24.660730,0 91.966626,24.660814,0 91.966523,24.660908,0 91.966431,24.661011,0 91.966385,24.661068,0 91.966305,24.661178,0 91.966236,24.661296,0 91.966181,24.661418,0 91.966139,24.661546,0 91.966110,24.661676,0 91.966096,24.661808,0 91.966096,24.661941,0 91.966110,24.662073,0 91.966139,24.662203,0 91.966181,24.662330,0 91.966237,24.662453,0 91.966305,24.662570,0 91.966386,24.662681,0 91.966388,24.662683,0 91.966390,24.662715,0 91.966390,24.662951,0 91.966397,24.663088,0 91.966420,24.663223,0 91.966457,24.663356,0 91.966509,24.663484,0 91.966575,24.663607,0 91.966655,24.663724,0 91.966746,24.663832,0 91.966850,24.663932,0 91.966963,24.664021,0 91.967087,24.664100,0 91.967218,24.664166,0 91.967355,24.664220,0 91.967498,24.664262,0 91.967645,24.664289,0 91.967795,24.664303,0 91.967945,24.664304,0 91.968043,24.664299,0 91.968509,24.664299,0 91.968544,24.664301,0 91.968563,24.664329,0 91.968597,24.664386,0 91.968677,24.664497,0 91.968770,24.664600,0 91.968873,24.664694,0 91.968985,24.664778,0 91.969063,24.664825,0 91.969083,24.664839,0 91.969085,24.664871,0 91.969085,24.665411,0 91.969093,24.665552,0 91.969117,24.665691,0 91.969157,24.665828,0 91.969212,24.665959,0 91.969282,24.666085,0 91.969365,24.666204,0 91.969462,24.666314,0 91.969571,24.666414,0 91.969622,24.666456,0 91.969624,24.666488,0 91.969624,24.666961,0 91.969622,24.666994,0 91.969604,24.667057,0 91.969576,24.667187,0 91.969562,24.667320,0 91.969562,24.667453,0 91.969576,24.667585,0 91.969592,24.667659,0 91.969525,24.667693,0 91.969407,24.667766,0 91.969298,24.667849,0 91.969197,24.667941,0 91.969107,24.668042,0 91.969084,24.668071,0 91.969048,24.668072,0 91.968950,24.668072,0 91.968805,24.668079,0 91.968661,24.668098,0 91.968520,24.668130,0 91.968383,24.668175,0 91.968251,24.668232,0 91.968126,24.668300,0 91.968010,24.668380,0 91.967902,24.668469,0 91.967804,24.668567,0 91.967717,24.668674,0 91.967643,24.668788,0 91.967580,24.668908,0 91.967531,24.669033,0 91.967496,24.669162,0 91.967475,24.669294,0 91.967468,24.669427,0 91.967468,24.670734,0 91.967466,24.670766,0 91.967441,24.670797,0 91.967403,24.670840,0 91.967322,24.670950,0 91.967253,24.671068,0 91.967198,24.671190,0 91.967155,24.671318,0 91.967127,24.671448,0 91.967113,24.671580,0 91.967113,24.671713,0 91.967127,24.671845,0 91.967155,24.671976,0 91.967198,24.672103,0 91.967253,24.672226,0 91.967322,24.672343,0 91.967403,24.672454,0 91.967495,24.672556,0 91.967598,24.672650,0 91.967710,24.672735,0 91.967831,24.672809,0 91.967959,24.672871,0 91.968094,24.672922,0 91.968233,24.672961,0 91.968376,24.672987,0 91.968520,24.673000,0 91.968666,24.673000,0 91.968811,24.672987,0 91.968953,24.672961,0 91.969077,24.672926,0 91.969085,24.672925,0 91.969121,24.672923,0 91.970126,24.672923,0 91.970161,24.672925,0 91.970170,24.672941,0 91.970238,24.673058,0 91.970319,24.673169,0 91.970412,24.673272,0 91.970514,24.673366,0 91.970627,24.673450,0 91.970748,24.673524,0 91.970876,24.673587,0 91.971011,24.673637,0 91.971150,24.673676,0 91.971162,24.673678,0 91.971075,24.673759,0 91.970983,24.673862,0 91.970902,24.673973,0 91.970834,24.674091,0 91.970779,24.674215,0 91.970737,24.674343,0 91.970710,24.674473,0 91.970699,24.674538,0 91.970665,24.674540,0 91.970199,24.674540,0 91.970163,24.674538,0 91.970141,24.674510,0 91.970050,24.674409,0 91.969950,24.674317,0 91.969840,24.674234,0 91.969722,24.674161,0 91.969596,24.674098,0 91.969465,24.674047,0 91.969329,24.674008,0 91.969190,24.673980,0 91.969048,24.673966,0 91.968905,24.673963,0 91.968763,24.673973,0 91.968622,24.673996,0 91.968485,24.674031,0 91.968352,24.674078,0 91.968224,24.674136,0 91.968103,24.674205,0 91.967990,24.674285,0 91.967886,24.674374,0 91.967792,24.674472,0 91.967708,24.674577,0 91.967636,24.674690,0 91.967576,24.674808,0 91.967529,24.674931,0 91.967495,24.675058,0 91.967474,24.675187,0 91.967468,24.675317,0 91.967468,24.675394,0 91.967475,24.675532,0 91.967498,24.675668,0 91.967536,24.675802,0 91.967589,24.675931,0 91.967656,24.676055,0 91.967736,24.676172,0 91.967829,24.676280,0 91.967934,24.676380,0 91.968049,24.676469,0 91.968173,24.676548,0 91.968306,24.676614,0 91.968445,24.676667,0 91.968498,24.676682,0 91.968537,24.676695,0 91.968545,24.676697,0 91.968632,24.676795,0 91.968735,24.676889,0 91.968848,24.676973,0 91.968969,24.677047,0 91.969097,24.677110,0 91.969231,24.677161,0 91.969371,24.677199,0 91.969513,24.677225,0 91.969589,24.677232,0 91.969622,24.677236,0 91.969624,24.677268,0 91.969624,24.677741,0 91.969622,24.677773,0 91.969570,24.677816,0 91.969467,24.677910,0 91.969375,24.678013,0 91.969294,24.678124,0 91.969225,24.678241,0 91.969169,24.678364,0 91.969127,24.678491,0 91.969099,24.678621,0 91.969085,24.678753,0 91.969085,24.678852,0 91.969085,24.678852,0 91.969085,24.679167,0 91.969092,24.679305,0 91.969115,24.679441,0 91.969153,24.679575,0 91.969206,24.679704,0 91.969273,24.679828,0 91.969353,24.679945,0 91.969446,24.680053,0 91.969551,24.680153,0 91.969666,24.680242,0 91.969790,24.680321,0 91.969923,24.680387,0 91.970062,24.680440,0 91.970115,24.680455,0 91.970161,24.680470,0 91.970180,24.680499,0 91.970214,24.680556,0 91.970294,24.680667,0 91.970387,24.680769,0 91.970490,24.680863,0 91.970602,24.680948,0 91.970679,24.680995,0 91.970700,24.681009,0 91.970710,24.681019,0 91.970790,24.681107,0 91.970899,24.681206,0 91.971019,24.681293,0 91.971149,24.681369,0 91.971286,24.681432,0 91.971429,24.681482,0 91.971578,24.681518,0 91.971730,24.681540,0 91.971883,24.681547,0 91.973024,24.681547,0 91.973175,24.681540,0 91.973324,24.681519,0 91.973470,24.681484,0 91.973612,24.681436,0 91.973747,24.681375,0 91.973875,24.681301,0 91.973994,24.681216,0 91.974103,24.681121,0 91.974201,24.681016,0 91.974287,24.680902,0 91.974359,24.680781,0 91.974418,24.680653,0 91.974462,24.680521,0 91.974476,24.680470,0 91.974526,24.680428,0 91.974635,24.680328,0 91.974732,24.680218,0 91.974816,24.680099,0 91.974886,24.679973,0 91.974941,24.679841,0 91.974981,24.679705,0 91.975005,24.679565,0 91.975013,24.679424,0 91.975013,24.679424,0 91.975015,24.679392,0 91.975035,24.679378,0 91.975113,24.679331,0 91.975225,24.679246,0 91.975328,24.679152,0 91.975421,24.679050,0 91.975501,24.678939,0 91.975535,24.678882,0 91.975553,24.678853,0 91.975568,24.678851,0 91.975604,24.678845,0 91.975606,24.678845,0 91.975754,24.678852,0 91.976055,24.678852,0 91.976090,24.678853,0 91.976091,24.678885,0 91.976091,24.678885,0 91.976099,24.679026,0 91.976124,24.679166,0 91.976163,24.679302,0 91.976219,24.679434,0 91.976288,24.679560,0 91.976372,24.679679,0 91.976469,24.679789,0 91.976578,24.679889,0 91.976629,24.679931,0 91.976639,24.679941,0 91.976719,24.680029,0 91.976828,24.680128,0 91.976948,24.680215,0 91.977078,24.680291,0 91.977215,24.680354,0 91.977358,24.680404,0 91.977507,24.680440,0 91.977658,24.680462,0 91.977812,24.680469,0 91.977843,24.680469,0 91.977988,24.680462,0 91.978132,24.680443,0 91.978273,24.680411,0 91.978410,24.680366,0 91.978542,24.680309,0 91.978666,24.680241,0 91.978783,24.680161,0 91.978891,24.680072,0 91.978989,24.679974,0 91.979075,24.679867,0 91.979150,24.679753,0 91.979212,24.679633,0 91.979261,24.679508,0 91.979297,24.679379,0 91.979318,24.679247,0 91.979325,24.679114,0 91.979325,24.678819,0 91.979319,24.678693,0 91.979300,24.678569,0 91.979268,24.678447,0 91.979225,24.678328,0 91.979169,24.678213,0 91.979102,24.678103,0 91.979024,24.678000,0 91.978936,24.677903,0 91.978838,24.677815,0 91.978788,24.677773,0 91.978786,24.677741,0 91.978786,24.676729,0 91.978788,24.676697,0 91.978838,24.676655,0 91.978947,24.676555,0 91.979044,24.676445,0 91.979128,24.676326,0 91.979198,24.676200,0 91.979253,24.676068,0 91.979293,24.675932,0 91.979317,24.675792,0 91.979325,24.675651,0 91.979327,24.675619,0 91.979377,24.675577,0 91.979486,24.675477,0 91.979583,24.675367,0 91.979667,24.675248,0 91.979737,24.675122,0 91.979792,24.674990,0 91.979832,24.674854,0 91.979856,24.674714,0 91.979864,24.674573,0 91.979864,24.674507,0 91.979858,24.674381,0 91.979839,24.674257,0 91.979807,24.674135,0 91.979764,24.674016,0 91.979708,24.673901,0 91.979641,24.673791,0 91.979563,24.673688,0 91.979475,24.673591,0 91.979377,24.673503,0 91.979327,24.673461,0 91.979322,24.673456,0 91.979238,24.673363,0 91.979135,24.673269,0 91.979023,24.673185,0 91.978902,24.673111,0 91.978774,24.673048,0 91.978639,24.672997,0 91.978500,24.672959,0 91.978357,24.672933,0 91.978282,24.672926,0 91.978249,24.672922,0 91.978247,24.672890,0 91.978247,24.672417,0 91.978249,24.672386,0 91.978284,24.672384,0 91.978410,24.672384,0 91.978560,24.672377,0 91.978708,24.672356,0 91.978853,24.672322,0 91.978993,24.672275,0 91.979128,24.672215,0 91.979255,24.672143,0 91.979373,24.672059,0 91.979482,24.671965,0 91.979580,24.671861,0 91.979666,24.671749,0 91.979739,24.671630,0 91.979798,24.671504,0 91.979844,24.671374,0 91.979875,24.671240,0 91.979890,24.671104,0 91.979891,24.670967,0 91.979876,24.670831,0 91.979866,24.670767,0 91.979864,24.670734,0 91.979864,24.669183,0 91.979866,24.669151,0 91.979916,24.669109,0 91.980025,24.669009,0 91.980122,24.668899,0 91.980206,24.668780,0 91.980276,24.668654,0 91.980331,24.668522,0 91.980371,24.668386,0 91.980395,24.668247,0 91.980403,24.668105,0 91.980403,24.667566,0 91.980405,24.667535,0 91.980440,24.667533,0 91.981445,24.667533,0 91.981480,24.667535,0 91.981481,24.667566,0 91.981481,24.668072,0 91.981481,24.668072,0 91.981481,24.668171,0 91.981496,24.668303,0 91.981524,24.668433,0 91.981566,24.668560,0 91.981622,24.668683,0 91.981690,24.668800,0 91.981771,24.668911,0 91.981864,24.669014,0 91.981966,24.669108,0 91.982040,24.669169,0 91.982103,24.669226,0 91.982215,24.669310,0 91.982336,24.669384,0 91.982464,24.669447,0 91.982599,24.669498,0 91.982738,24.669536,0 91.982881,24.669562,0 91.983026,24.669575,0 91.983171,24.669575,0 91.983316,24.669562,0 91.983458,24.669536,0 91.983598,24.669498,0 91.983732,24.669447,0 91.983860,24.669384,0 91.983981,24.669310,0 91.984094,24.669226,0 91.984156,24.669169,0 91.984177,24.669152,0 91.984213,24.669150,0 91.984679,24.669150,0 91.984714,24.669152,0 91.984733,24.669180,0 91.984766,24.669237,0 91.984847,24.669348,0 91.984939,24.669451,0 91.985042,24.669545,0 91.985155,24.669629,0 91.985276,24.669703,0 91.985315,24.669724,0 91.985443,24.669787,0 91.985577,24.669838,0 91.985716,24.669876,0 91.985859,24.669902,0 91.986004,24.669915,0 91.986149,24.669915,0 91.986294,24.669902,0 91.986437,24.669876,0 91.986576,24.669838,0 91.986710,24.669787,0 91.986839,24.669724,0 91.986960,24.669650,0 91.987072,24.669566,0 91.987175,24.669472,0 91.987267,24.669369,0 91.987348,24.669259,0 91.987406,24.669160,0 91.987412,24.669151,0 91.987462,24.669109,0 91.987571,24.669009,0 91.987668,24.668899,0 91.987752,24.668780,0 91.987822,24.668654,0 91.987877,24.668522,0 91.987917,24.668386,0 91.987941,24.668247,0 91.987949,24.668105,0 91.987951,24.668074,0 91.987986,24.668072,0 91.988452,24.668072,0 91.988487,24.668074,0 91.988501,24.668125,0 91.988545,24.668257,0 91.988603,24.668384,0 91.988676,24.668505,0 91.988761,24.668619,0 91.988859,24.668724,0 91.988968,24.668820,0 91.989087,24.668904,0 91.989215,24.668978,0 91.989351,24.669039,0 91.989492,24.669087,0 91.989638,24.669122,0 91.989788,24.669143,0 91.989939,24.669150,0 91.990069,24.669150,0 91.990167,24.669155,0 91.990317,24.669154,0 91.990466,24.669140,0 91.990613,24.669112,0 91.990756,24.669071,0 91.990894,24.669017,0 91.991025,24.668950,0 91.991148,24.668872,0 91.991262,24.668783,0 91.991365,24.668683,0 91.991457,24.668575,0 91.991536,24.668458,0 91.991602,24.668335,0 91.991654,24.668207,0 91.991692,24.668074,0 91.991714,24.667938,0 91.991722,24.667802,0 91.991722,24.667566,0 91.991724,24.667535,0 91.991758,24.667533,0 91.992225,24.667533,0 91.992260,24.667535,0 91.992270,24.667544,0 91.992350,24.667633,0 91.992459,24.667731,0 91.992579,24.667819,0 91.992708,24.667894,0 91.992845,24.667957,0 91.992989,24.668007,0 91.993137,24.668043,0 91.993289,24.668065,0 91.993442,24.668072,0 91.993842,24.668072,0 91.993878,24.668074,0 91.993885,24.668075,0 91.994009,24.668110,0 91.994152,24.668136,0 91.994297,24.668149,0 91.994442,24.668149,0 91.994587,24.668136,0 91.994730,24.668110,0 91.994869,24.668071,0 91.995003,24.668020,0 91.995131,24.667958,0 91.995252,24.667884,0 91.995365,24.667800,0 91.995468,24.667706,0 91.995560,24.667603,0 91.995641,24.667492,0 91.995709,24.667375,0 91.995765,24.667252,0 91.995807,24.667125,0 91.995836,24.666995,0 91.995850,24.666862,0 91.995850,24.666729,0 91.995836,24.666597,0 91.995807,24.666467,0 91.995765,24.666340,0 91.995709,24.666217,0 91.995641,24.666099,0 91.995560,24.665989,0 91.995522,24.665946,0 91.995500,24.665920,0 91.995408,24.665817,0 91.995305,24.665723,0 91.995193,24.665639,0 91.995072,24.665565,0 91.994943,24.665502,0 91.994809,24.665452,0 91.994670,24.665413,0 91.994527,24.665387,0 91.994452,24.665380,0 91.994419,24.665376,0 91.994417,24.665344,0 91.994417,24.664871,0 91.994419,24.664840,0 91.994453,24.664838,0 91.994920,24.664838,0 91.994956,24.664840,0 91.995008,24.664847,0 91.995153,24.664860,0 91.995298,24.664860,0 91.995443,24.664847,0 91.995495,24.664840,0 91.995531,24.664838,0 91.995998,24.664838,0 91.996032,24.664840,0 91.996034,24.664871,0 91.996034,24.665153,0 91.996042,24.665291,0 91.996065,24.665427,0 91.996103,24.665561,0 91.996156,24.665690,0 91.996222,24.665814,0 91.996303,24.665931,0 91.996396,24.666040,0 91.996500,24.666139,0 91.996615,24.666229,0 91.996740,24.666307,0 91.996872,24.666373,0 91.997012,24.666427,0 91.997065,24.666441,0 91.997111,24.666457,0 91.997158,24.666482,0 91.997287,24.666545,0 91.997421,24.666596,0 91.997560,24.666635,0 91.997703,24.666661,0 91.997848,24.666674,0 91.997993,24.666674,0 91.998138,24.666661,0 91.998281,24.666635,0 91.998420,24.666596,0 91.998554,24.666545,0 91.998682,24.666482,0 91.998730,24.666457,0 91.998763,24.666452,0 91.998839,24.666445,0 91.998982,24.666419,0 91.999121,24.666381,0 91.999255,24.666330,0 91.999384,24.666267,0 91.999505,24.666193,0 91.999617,24.666109,0 91.999720,24.666015,0 91.999804,24.665922,0 91.999808,24.665917,0 91.999820,24.665908,0 91.999908,24.665842,0 92.000010,24.665748,0 92.000103,24.665645,0 92.000184,24.665535,0 92.000252,24.665417,0 92.000308,24.665295,0 92.000350,24.665167,0 92.000378,24.665037,0 92.000393,24.664905,0 92.000393,24.664772,0 92.000378,24.664639,0 92.000350,24.664509,0 92.000308,24.664382,0 92.000252,24.664259,0 92.000184,24.664142,0 92.000103,24.664031,0 92.000010,24.663929,0 91.999908,24.663835,0 91.999820,24.663769,0 91.999808,24.663759,0 91.999789,24.663730,0 91.999756,24.663673,0 91.999675,24.663563,0 91.999583,24.663460,0 91.999480,24.663366,0 91.999367,24.663281,0 91.999290,24.663234,0 91.999270,24.663220,0 91.999268,24.663188,0 91.999268,24.662715,0 91.999270,24.662683,0 91.999271,24.662681,0 91.999352,24.662570,0 91.999421,24.662453,0 91.999476,24.662330,0 91.999519,24.662203,0 91.999547,24.662072,0 91.999561,24.661940,0 91.999561,24.661807,0 91.999547,24.661675,0 91.999519,24.661545,0 91.999476,24.661417,0 91.999421,24.661295,0 91.999352,24.661177,0 91.999271,24.661067,0 91.999270,24.661065,0 91.999268,24.661032,0 91.999268,24.660750,0 91.999261,24.660622,0 91.999241,24.660496,0 91.999209,24.660371,0 91.999163,24.660250,0 91.999105,24.660133,0 91.999035,24.660022,0 91.998954,24.659917,0 91.998863,24.659820,0 91.998762,24.659731,0 91.998652,24.659651,0 91.998534,24.659581,0 91.998410,24.659522,0 91.998280,24.659474,0 91.998231,24.659460,0 91.998191,24.659447,0 91.998187,24.659443,0 91.998103,24.659349,0 91.998000,24.659255,0 91.997888,24.659171,0 91.997767,24.659097,0 91.997638,24.659035,0 91.997504,24.658984,0 91.997365,24.658945,0 91.997222,24.658919,0 91.997146,24.658912,0 91.997114,24.658908,0 91.997112,24.658876,0 91.997112,24.658069,0 91.997105,24.657939,0 91.997090,24.657843,0 91.997112,24.657833,0 91.997146,24.657828,0 91.997222,24.657821,0 91.997365,24.657796,0 91.997504,24.657757,0 91.997638,24.657706,0 91.997767,24.657643,0 91.997888,24.657570,0 91.998000,24.657485,0 91.998103,24.657391,0 91.998195,24.657288,0 91.998217,24.657262,0 91.998255,24.657219,0 91.998336,24.657109,0 91.998404,24.656992,0 91.998460,24.656869,0 91.998502,24.656742,0 91.998531,24.656611,0 91.998545,24.656479,0 91.998545,24.656346,0 91.998531,24.656214,0 91.998502,24.656083,0 91.998460,24.655956,0 91.998404,24.655833,0 91.998336,24.655716,0 91.998255,24.655606,0 91.998163,24.655503,0 91.998060,24.655409,0 91.997947,24.655325,0 91.997826,24.655251,0 91.997698,24.655188,0 91.997564,24.655137,0 91.997425,24.655099,0 91.997282,24.655073,0 91.997137,24.655060,0 91.996992,24.655060,0 91.996847,24.655073,0 91.996704,24.655099,0 91.996580,24.655133,0 91.996573,24.655135,0 91.996537,24.655136,0 91.996438,24.655136,0 91.996293,24.655143,0 91.996149,24.655162,0 91.996008,24.655195,0 91.995871,24.655239,0 91.995739,24.655296,0 91.995615,24.655365,0 91.995498,24.655444,0 91.995390,24.655533,0 91.995292,24.655632,0 91.995206,24.655738,0 91.995131,24.655852,0 91.995069,24.655973,0 91.995020,24.656098,0 91.994984,24.656227,0 91.994963,24.656358,0 91.994956,24.656491,0 91.994956,24.656626,0 91.994963,24.656762,0 91.994979,24.656853,0 91.994858,24.656913,0 91.994740,24.656986,0 91.994630,24.657069,0 91.994530,24.657161,0 91.994439,24.657262,0 91.994416,24.657291,0 91.994395,24.657305,0 91.994317,24.657353,0 91.994205,24.657437,0 91.994102,24.657531,0 91.994010,24.657634,0 91.993929,24.657744,0 91.993896,24.657801,0 91.993877,24.657830,0 91.993837,24.657843,0 91.993788,24.657857,0 91.993658,24.657905,0 91.993534,24.657964,0 91.993416,24.658034,0 91.993306,24.658114,0 91.993205,24.658203,0 91.993114,24.658300,0 91.993033,24.658405,0 91.992963,24.658516,0 91.992905,24.658633,0 91.992859,24.658754,0 91.992827,24.658879,0 91.992807,24.659005,0 91.992800,24.659134,0 91.992800,24.659482,0 91.992808,24.659623,0 91.992832,24.659762,0 91.992872,24.659899,0 91.992927,24.660031,0 91.992997,24.660156,0 91.993081,24.660275,0 91.993178,24.660385,0 91.993287,24.660485,0 91.993337,24.660527,0 91.993339,24.660560,0 91.993339,24.662110,0 91.993337,24.662142,0 91.993303,24.662143,0 91.992836,24.662143,0 91.992800,24.662142,0 91.992760,24.662129,0 91.992621,24.662090,0 91.992479,24.662064,0 91.992334,24.662051,0 91.992188,24.662051,0 91.992044,24.662064,0 91.991901,24.662090,0 91.991762,24.662129,0 91.991722,24.662142,0 91.991686,24.662143,0 91.991219,24.662143,0 91.991185,24.662142,0 91.991183,24.662110,0 91.991183,24.661637,0 91.991185,24.661605,0 91.991201,24.661564,0 91.991220,24.661522,0 91.991262,24.661394,0 91.991291,24.661264,0 91.991305,24.661132,0 91.991305,24.660999,0 91.991291,24.660867,0 91.991262,24.660736,0 91.991220,24.660609,0 91.991201,24.660567,0 91.991185,24.660526,0 91.991183,24.660493,0 91.991183,24.660258,0 91.991176,24.660129,0 91.991156,24.660001,0 91.991123,24.659876,0 91.991077,24.659754,0 91.991018,24.659637,0 91.990947,24.659525,0 91.990865,24.659420,0 91.990773,24.659322,0 91.990671,24.659233,0 91.990560,24.659154,0 91.990441,24.659084,0 91.990315,24.659025,0 91.990184,24.658977,0 91.990049,24.658941,0 91.989910,24.658917,0 91.989769,24.658905,0 91.989628,24.658905,0 91.989530,24.658909,0 91.989064,24.658909,0 91.989029,24.658908,0 91.989027,24.658876,0 91.989021,24.658751,0 91.989002,24.658626,0 91.988970,24.658504,0 91.988926,24.658385,0 91.988871,24.658270,0 91.988804,24.658161,0 91.988726,24.658057,0 91.988638,24.657961,0 91.988540,24.657872,0 91.988489,24.657830,0 91.988481,24.657822,0 91.988410,24.657742,0 91.988313,24.657652,0 91.988207,24.657571,0 91.988094,24.657499,0 91.987973,24.657437,0 91.987847,24.657386,0 91.987716,24.657345,0 91.987582,24.657316,0 91.987445,24.657298,0 91.987307,24.657292,0 91.986908,24.657292,0 91.986873,24.657291,0 91.986871,24.657259,0 91.986871,24.656439,0 91.986865,24.656311,0 91.986845,24.656184,0 91.986812,24.656059,0 91.986766,24.655938,0 91.986708,24.655821,0 91.986638,24.655710,0 91.986557,24.655605,0 91.986466,24.655508,0 91.986365,24.655419,0 91.986255,24.655339,0 91.986138,24.655269,0 91.986013,24.655210,0 91.985883,24.655162,0 91.985834,24.655148,0 91.985795,24.655135,0 91.985787,24.655106,0 91.985772,24.655037,0 91.985729,24.654909,0 91.985674,24.654787,0 91.985605,24.654669,0 91.985524,24.654559,0 91.985432,24.654456,0 91.985329,24.654362,0 91.985217,24.654278,0 91.985096,24.654204,0 91.984968,24.654141,0 91.984833,24.654090,0 91.984737,24.654064,0 91.984717,24.654057,0 91.984709,24.654028,0 91.984694,24.653959,0 91.984651,24.653832,0 91.984596,24.653709,0 91.984527,24.653591,0 91.984446,24.653481,0 91.984354,24.653378,0 91.984251,24.653284,0 91.984139,24.653200,0 91.984018,24.653126,0 91.983890,24.653063,0 91.983755,24.653012,0 91.983659,24.652986,0 91.983639,24.652979,0 91.983637,24.652947,0 91.983637,24.652475,0 91.983639,24.652442,0 91.983641,24.652440,0 91.983722,24.652329,0 91.983790,24.652212,0 91.983846,24.652089,0 91.983888,24.651962,0 91.983916,24.651832,0 91.983931,24.651699,0 91.983931,24.651566,0 91.983916,24.651434,0 91.983888,24.651304,0 91.983846,24.651177,0 91.983790,24.651054,0 91.983722,24.650937,0 91.983641,24.650826,0 91.983639,24.650824,0 91.983637,24.650791,0 91.983637,24.650319,0 91.983639,24.650287,0 91.983674,24.650285,0 91.984140,24.650285,0 91.984175,24.650287,0 91.984176,24.650319,0 91.984176,24.650824,0 91.984176,24.650824,0 91.984176,24.650923,0 91.984191,24.651055,0 91.984219,24.651185,0 91.984261,24.651313,0 91.984317,24.651435,0 91.984385,24.651553,0 91.984466,24.651663,0 91.984558,24.651766,0 91.984661,24.651860,0 91.984713,24.651903,0 91.984715,24.651936,0 91.984715,24.652165,0 91.984722,24.652298,0 91.984744,24.652429,0 91.984779,24.652558,0 91.984828,24.652683,0 91.984890,24.652803,0 91.984965,24.652917,0 91.985052,24.653024,0 91.985149,24.653123,0 91.985257,24.653212,0 91.985374,24.653291,0 91.985499,24.653359,0 91.985630,24.653416,0 91.985767,24.653461,0 91.985908,24.653493,0 91.986052,24.653513,0 91.986197,24.653519,0 91.987577,24.653519,0 91.987728,24.653512,0 91.987877,24.653491,0 91.988023,24.653457,0 91.988165,24.653408,0 91.988300,24.653347,0 91.988428,24.653274,0 91.988547,24.653189,0 91.988656,24.653093,0 91.988754,24.652988,0 91.988839,24.652874,0 91.988912,24.652753,0 91.988970,24.652626,0 91.989015,24.652494,0 91.989029,24.652442,0 91.989033,24.652437,0 91.989116,24.652345,0 91.989196,24.652234,0 91.989265,24.652117,0 91.989321,24.651994,0 91.989363,24.651866,0 91.989391,24.651736,0 91.989405,24.651603,0 91.989405,24.651470,0 91.989391,24.651338,0 91.989362,24.651207,0 91.989320,24.651080,0 91.989264,24.650957,0 91.989195,24.650840,0 91.989114,24.650729,0 91.989021,24.650626,0 91.988918,24.650532,0 91.988805,24.650448,0 91.988684,24.650375,0 91.988555,24.650312,0 91.988490,24.650284,0 91.988488,24.650252,0 91.988482,24.650127,0 91.988463,24.650002,0 91.988431,24.649880,0 91.988387,24.649761,0 91.988332,24.649646,0 91.988265,24.649537,0 91.988187,24.649433,0 91.988099,24.649337,0 91.988001,24.649249,0 91.987950,24.649206,0 91.987946,24.649202,0 91.987862,24.649109,0 91.987759,24.649015,0 91.987647,24.648930,0 91.987526,24.648856,0 91.987398,24.648794,0 91.987263,24.648743,0 91.987124,24.648704,0 91.986982,24.648678,0 91.986906,24.648672,0 91.986872,24.648667,0 91.986854,24.648638,0 91.986820,24.648581,0 91.986739,24.648471,0 91.986647,24.648368,0 91.986544,24.648274,0 91.986432,24.648190,0 91.986354,24.648142,0 91.986334,24.648128,0 91.986315,24.648099,0 91.986281,24.648042,0 91.986200,24.647932,0 91.986108,24.647829,0 91.986005,24.647735,0 91.985893,24.647651,0 91.985815,24.647603,0 91.985794,24.647589,0 91.985790,24.647585,0 91.985706,24.647492,0 91.985603,24.647398,0 91.985491,24.647313,0 91.985370,24.647239,0 91.985242,24.647177,0 91.985107,24.647126,0 91.984968,24.647087,0 91.984826,24.647061,0 91.984750,24.647055,0 91.984716,24.647050,0 91.984698,24.647021,0 91.984664,24.646964,0 91.984583,24.646854,0 91.984491,24.646751,0 91.984388,24.646657,0 91.984276,24.646573,0 91.984198,24.646525,0 91.984178,24.646512,0 91.984176,24.646479,0 91.984176,24.645401,0 91.984170,24.645276,0 91.984151,24.645152,0 91.984119,24.645029,0 91.984075,24.644910,0 91.984020,24.644796,0 91.983953,24.644686,0 91.983875,24.644583,0 91.983787,24.644486,0 91.983689,24.644398,0 91.983638,24.644355,0 91.983631,24.644347,0 91.983559,24.644267,0 91.983462,24.644177,0 91.983356,24.644096,0 91.983243,24.644024,0 91.983122,24.643962,0 91.982996,24.643911,0 91.982865,24.643870,0 91.982731,24.643841,0 91.982594,24.643824,0 91.982456,24.643818,0 91.982396,24.643818,0 91.982255,24.643824,0 91.982115,24.643842,0 91.981978,24.643873,0 91.981844,24.643915,0 91.981715,24.643969,0 91.981593,24.644034,0 91.981478,24.644109,0 91.981371,24.644194,0 91.981274,24.644287,0 91.981187,24.644389,0 91.981111,24.644498,0 91.981046,24.644613,0 91.980994,24.644733,0 91.980955,24.644857,0 91.980928,24.644984,0 91.980916,24.645113,0 91.980916,24.645242,0 91.980930,24.645371,0 91.980941,24.645435,0 91.980942,24.645468,0 91.980942,24.645940,0 91.980941,24.645972,0 91.980906,24.645974,0 91.980440,24.645974,0 91.980405,24.645972,0 91.980403,24.645940,0 91.980403,24.645468,0 91.980405,24.645435,0 91.980415,24.645371,0 91.980430,24.645235,0 91.980429,24.645098,0 91.980413,24.644962,0 91.980383,24.644828,0 91.980337,24.644697,0 91.980278,24.644572,0 91.980205,24.644452,0 91.980119,24.644340,0 91.980021,24.644237,0 91.979913,24.644143,0 91.979794,24.644059,0 91.979667,24.643987,0 91.979532,24.643927,0 91.979392,24.643879,0 91.979247,24.643845,0 91.979099,24.643825,0 91.978949,24.643818,0 91.978823,24.643818,0 91.978787,24.643816,0 91.978780,24.643808,0 91.978708,24.643728,0 91.978611,24.643638,0 91.978505,24.643557,0 91.978392,24.643485,0 91.978272,24.643423,0 91.978145,24.643372,0 91.978014,24.643331,0 91.977880,24.643302,0 91.977743,24.643285,0 91.977605,24.643279,0 91.977206,24.643279,0 91.977170,24.643277,0 91.977152,24.643248,0 91.977118,24.643192,0 91.977038,24.643081,0 91.976945,24.642978,0 91.976842,24.642884,0 91.976730,24.642800,0 91.976652,24.642752,0 91.976632,24.642739,0 91.976613,24.642710,0 91.976579,24.642653,0 91.976499,24.642542,0 91.976406,24.642439,0 91.976303,24.642345,0 91.976191,24.642261,0 91.976113,24.642213,0 91.976093,24.642200,0 91.976074,24.642171,0 91.976040,24.642114,0 91.975960,24.642003,0 91.975867,24.641900,0 91.975764,24.641806,0 91.975652,24.641722,0 91.975574,24.641674,0 91.975554,24.641661,0 91.975535,24.641632,0 91.975501,24.641575,0 91.975421,24.641464,0 91.975328,24.641361,0 91.975226,24.641267,0 91.975113,24.641183,0 91.975035,24.641135,0 91.975015,24.641122,0 91.974996,24.641093,0 91.974962,24.641036,0 91.974882,24.640925,0 91.974789,24.640822,0 91.974687,24.640728,0 91.974574,24.640644,0 91.974496,24.640596,0 91.974476,24.640583,0 91.974457,24.640554,0 91.974423,24.640497,0 91.974343,24.640386,0 91.974250,24.640283,0 91.974148,24.640189,0 91.974035,24.640105,0 91.973957,24.640057,0 91.973937,24.640044,0 91.973904,24.640003,0 91.973812,24.639900,0 91.973709,24.639806,0 91.973596,24.639722,0 91.973475,24.639648,0 91.973347,24.639585,0 91.973213,24.639535,0 91.973074,24.639496,0 91.972931,24.639470,0 91.972786,24.639457,0 91.972641,24.639457,0 91.972496,24.639470,0 91.972353,24.639496,0 91.972318,24.639504,0 91.972284,24.639509,0 91.972208,24.639516,0 91.972065,24.639541,0 91.971926,24.639580,0 91.971792,24.639631,0 91.971664,24.639694,0 91.971543,24.639767,0 91.971430,24.639852,0 91.971327,24.639946,0 91.971244,24.640039,0 91.971240,24.640043,0 91.971204,24.640045,0 91.967504,24.640045,0 91.967468,24.640043,0 91.967436,24.640003,0 91.967344,24.639900,0 91.967241,24.639806,0 91.967128,24.639722,0 91.967008,24.639648,0 91.966879,24.639585,0 91.966745,24.639535,0 91.966606,24.639496,0 91.966463,24.639470,0 91.966318,24.639457,0 91.966173,24.639457,0 91.966028,24.639470,0 91.965886,24.639496,0 91.965850,24.639504,0 91.965816,24.639509,0 91.965740,24.639516,0 91.965598,24.639541,0 91.965458,24.639580,0 91.965324,24.639631,0 91.965196,24.639694,0 91.965075,24.639767,0 91.964962,24.639852,0 91.964860,24.639946,0 91.964776,24.640039,0 91.964771,24.640043,0 91.964751,24.640057,0 91.964673,24.640105,0 91.964560,24.640189,0 91.964458,24.640283,0 91.964365,24.640386,0 91.964285,24.640497,0 91.964251,24.640554,0 91.964232,24.640583,0 91.964188,24.640612,0 91.964076,24.640697,0 91.963973,24.640791,0 91.963881,24.640894,0 91.963800,24.641004,0 91.963731,24.641121,0 91.963676,24.641244,0 91.963633,24.641371,0 91.963605,24.641502,0 91.963591,24.641634,0 91.963591,24.641767,0 91.963605,24.641899,0 91.963633,24.642030,0 91.963676,24.642157,0 91.963693,24.642201,0 91.963695,24.642234,0 91.963695,24.643312,0 91.963703,24.643453,0 91.963727,24.643592,0 91.963767,24.643729,0 91.963822,24.643861,0 91.963892,24.643987,0 91.963976,24.644105,0 91.964072,24.644215,0 91.964181,24.644316,0 91.964232,24.644357,0 91.964234,24.644390,0 91.964234,24.645401,0 91.964232,24.645434,0 91.964212,24.645447,0 91.964134,24.645495,0 91.964022,24.645579,0 91.963919,24.645673,0 91.963826,24.645776,0 91.963746,24.645886,0 91.963712,24.645943,0 91.963694,24.645972,0 91.963658,24.645974,0 91.962279,24.645974,0 91.962132,24.645980,0 91.961985,24.646000,0 91.961842,24.646034,0 91.961808,24.646045,0 91.961761,24.646030,0 91.961622,24.645999,0 91.961480,24.645980,0 91.961337,24.645974,0 91.960564,24.645974,0 91.960426,24.645979,0 91.960289,24.645997,0 91.960155,24.646026,0 91.960024,24.646067,0 91.959898,24.646118,0 91.959777,24.646180,0 91.959664,24.646252,0 91.959558,24.646333,0 91.959461,24.646423,0 91.959389,24.646503,0 91.959382,24.646511,0 91.959361,24.646525,0 91.959283,24.646573,0 91.959171,24.646657,0 91.959068,24.646751,0 91.958976,24.646854,0 91.958895,24.646964,0 91.958861,24.647021,0 91.958842,24.647050,0 91.958822,24.647064,0 91.958744,24.647112,0 91.958632,24.647196,0 91.958529,24.647290,0 91.958437,24.647393,0 91.958356,24.647503,0 91.958322,24.647560,0 91.958304,24.647589,0 91.958268,24.647591,0 91.957869,24.647591,0 91.957731,24.647596,0 91.957594,24.647614,0 91.957460,24.647643,0 91.957329,24.647684,0 91.957203,24.647735,0 91.957082,24.647797,0 91.956969,24.647869,0 91.956863,24.647950,0 91.956766,24.648040,0 91.956694,24.648120,0 91.956687,24.648128,0 91.956651,24.648130,0 91.956252,24.648130,0 91.956114,24.648135,0 91.955977,24.648153,0 91.955843,24.648182,0 91.955712,24.648223,0 91.955586,24.648274,0 91.955465,24.648336,0 91.955352,24.648408,0 91.955246,24.648489,0 91.955149,24.648579,0 91.955077,24.648659,0 91.955070,24.648667,0 91.955034,24.648669,0 91.954936,24.648669,0 91.954791,24.648675,0 91.954647,24.648695,0 91.954506,24.648727,0 91.954369,24.648772,0 91.954237,24.648828,0 91.954113,24.648897,0 91.953996,24.648976,0 91.953888,24.649065,0 91.953790,24.649164,0 91.953704,24.649271,0 91.953629,24.649385,0 91.953567,24.649505,0 91.953518,24.649630,0 91.953482,24.649759,0 91.953461,24.649890,0 91.953454,24.650023,0 91.953454,24.650252,0 91.953452,24.650284,0 91.953417,24.650285,0 91.952951,24.650285,0 91.952915,24.650284,0 91.952880,24.650276,0 91.952737,24.650250,0 91.952593,24.650237,0 91.952447,24.650237,0 91.952302,24.650250,0 91.952160,24.650276,0 91.952021,24.650314,0 91.951886,24.650365,0 91.951758,24.650428,0 91.951637,24.650502,0 91.951525,24.650586,0 91.951422,24.650680,0 91.951329,24.650783,0 91.951297,24.650823,0 91.951276,24.650837,0 91.951198,24.650885,0 91.951086,24.650969,0 91.950983,24.651063,0 91.950891,24.651166,0 91.950810,24.651276,0 91.950777,24.651333,0 91.950757,24.651362,0 91.950746,24.651372,0 91.950658,24.651438,0 91.950555,24.651532,0 91.950489,24.651605,0 91.950423,24.651532,0 91.950321,24.651438,0 91.950233,24.651372,0 91.950222,24.651363,0 91.950220,24.651330,0 91.950220,24.650858,0 91.950222,24.650825,0 91.950232,24.650761,0 91.950246,24.650632,0 91.950247,24.650503,0 91.950234,24.650374,0 91.950208,24.650247,0 91.950168,24.650123,0 91.950116,24.650003,0 91.950052,24.649888,0 91.949975,24.649779,0 91.949888,24.649677,0 91.949791,24.649584,0 91.949684,24.649499,0 91.949569,24.649424,0 91.949447,24.649359,0 91.949318,24.649305,0 91.949185,24.649263,0 91.949047,24.649232,0 91.948907,24.649214,0 91.948766,24.649208,0 91.948706,24.649208,0 91.948568,24.649213,0 91.948431,24.649231,0 91.948297,24.649260,0 91.948166,24.649301,0 91.948040,24.649352,0 91.947919,24.649414,0 91.947806,24.649486,0 91.947700,24.649567,0 91.947603,24.649657,0 91.947532,24.649737,0 91.947524,24.649745,0 91.947491,24.649749,0 91.947415,24.649756,0 91.947272,24.649782,0 91.947133,24.649821,0 91.946998,24.649872,0 91.946870,24.649934,0 91.946749,24.650008,0 91.946637,24.650093,0 91.946534,24.650187,0 91.946450,24.650280,0 91.946446,24.650284,0 91.946395,24.650327,0 91.946297,24.650415,0 91.946209,24.650511,0 91.946131,24.650615,0 91.946064,24.650724,0 91.946009,24.650839,0 91.945965,24.650958,0 91.945933,24.651080,0 91.945914,24.651205,0 91.945908,24.651330,0 91.945908,24.651397,0 91.945916,24.651538,0 91.945940,24.651677,0 91.945980,24.651814,0 91.946035,24.651946,0 91.946105,24.652072,0 91.946189,24.652190,0 91.946286,24.652300,0 91.946395,24.652400,0 91.946445,24.652442,0 91.946447,24.652475,0 91.946447,24.653486,0 91.946445,24.653518,0 91.946413,24.653522,0 91.946337,24.653529,0 91.946194,24.653555,0 91.946055,24.653594,0 91.945920,24.653645,0 91.945792,24.653707,0 91.945671,24.653781,0 91.945559,24.653865,0 91.945456,24.653959,0 91.945372,24.654053,0 91.945368,24.654057,0 91.945347,24.654071,0 91.945269,24.654119,0 91.945157,24.654203,0 91.945054,24.654297,0 91.944962,24.654400,0 91.944881,24.654510,0 91.944848,24.654567,0 91.944829,24.654596,0 91.944778,24.654638,0 91.944680,24.654727,0 91.944592,24.654823,0 91.944515,24.654927,0 91.944447,24.655036,0 91.944392,24.655151,0 91.944348,24.655270,0 91.944316,24.655392,0 91.944297,24.655517,0 91.944291,24.655642,0 91.944289,24.655675,0 91.944285,24.655699,0 91.944267,24.655782,0 91.944253,24.655915,0 91.944253,24.656048,0 91.944267,24.656180,0 91.944296,24.656310,0 91.944338,24.656437,0 91.944393,24.656560,0 91.944462,24.656677,0 91.944543,24.656788,0 91.944635,24.656891,0 91.944738,24.656985,0 91.944850,24.657069,0 91.944971,24.657143,0 91.945100,24.657206,0 91.945234,24.657256,0 91.945364,24.657292,0 91.945368,24.657294,0 91.945430,24.657327,0 91.945558,24.657390,0 91.945683,24.657437,0 91.945604,24.657509,0 91.945512,24.657612,0 91.945431,24.657723,0 91.945373,24.657822,0 91.945368,24.657830,0 91.945333,24.657831,0 91.945206,24.657831,0 91.945065,24.657837,0 91.944925,24.657856,0 91.944787,24.657886,0 91.944654,24.657929,0 91.944525,24.657983,0 91.944403,24.658047,0 91.944288,24.658123,0 91.944181,24.658207,0 91.944084,24.658301,0 91.943997,24.658403,0 91.943920,24.658512,0 91.943856,24.658627,0 91.943804,24.658747,0 91.943764,24.658871,0 91.943738,24.658998,0 91.943725,24.659127,0 91.943726,24.659256,0 91.943740,24.659385,0 91.943750,24.659448,0 91.943752,24.659482,0 91.943752,24.659954,0 91.943750,24.659987,0 91.943750,24.659988,0 91.943707,24.660116,0 91.943679,24.660246,0 91.943665,24.660378,0 91.943665,24.660511,0 91.943679,24.660643,0 91.943707,24.660774,0 91.943750,24.660901,0 91.943805,24.661024,0 91.943874,24.661141,0 91.943955,24.661252,0 91.944047,24.661354,0 91.944150,24.661448,0 91.944262,24.661533,0 91.944383,24.661607,0 91.944512,24.661669,0 91.944646,24.661720,0 91.944785,24.661759,0 91.944928,24.661785,0 91.945073,24.661798,0 91.945218,24.661798,0 91.945363,24.661785,0 91.945505,24.661759,0 91.945645,24.661720,0 91.945779,24.661669,0 91.945907,24.661607,0 91.945909,24.661606,0 91.945955,24.661591,0 91.946008,24.661576,0 91.946148,24.661522,0 91.946280,24.661456,0 91.946405,24.661378,0 91.946520,24.661288,0 91.946624,24.661189,0 91.946717,24.661080,0 91.946798,24.660963,0 91.946864,24.660839,0 91.946917,24.660710,0 91.946955,24.660576,0 91.946978,24.660440,0 91.946986,24.660302,0 91.946986,24.660021,0 91.946988,24.659989,0 91.947022,24.659987,0 91.947324,24.659987,0 91.947471,24.659981,0 91.947473,24.659980,0 91.947509,24.659987,0 91.947523,24.659989,0 91.947525,24.660021,0 91.947525,24.660789,0 91.947532,24.660921,0 91.947553,24.661053,0 91.947589,24.661182,0 91.947638,24.661307,0 91.947700,24.661427,0 91.947775,24.661541,0 91.947861,24.661648,0 91.947959,24.661747,0 91.948067,24.661836,0 91.948184,24.661915,0 91.948308,24.661983,0 91.948440,24.662040,0 91.948577,24.662085,0 91.948718,24.662117,0 91.948862,24.662137,0 91.949007,24.662143,0 91.950184,24.662143,0 91.950218,24.662145,0 91.950220,24.662176,0 91.950220,24.662649,0 91.950218,24.662682,0 91.950214,24.662687,0 91.950131,24.662779,0 91.950051,24.662889,0 91.949982,24.663007,0 91.949926,24.663130,0 91.949884,24.663257,0 91.949856,24.663388,0 91.949842,24.663520,0 91.949842,24.663653,0 91.949856,24.663786,0 91.949885,24.663916,0 91.949927,24.664044,0 91.949983,24.664167,0 91.950052,24.664284,0 91.950133,24.664395,0 91.950226,24.664497,0 91.950329,24.664591,0 91.950442,24.664675,0 91.950563,24.664749,0 91.950692,24.664812,0 91.950757,24.664839,0 91.950759,24.664871,0 91.950759,24.665344,0 91.950757,24.665377,0 91.950747,24.665439,0 91.950745,24.665449,0 91.950731,24.665583,0 91.950731,24.665717,0 91.950746,24.665851,0 91.950757,24.665919,0 91.950759,24.665949,0 91.950759,24.666422,0 91.950757,24.666454,0 91.950722,24.666455,0 91.949717,24.666455,0 91.949682,24.666454,0 91.949678,24.666450,0 91.949594,24.666356,0 91.949491,24.666262,0 91.949379,24.666178,0 91.949258,24.666104,0 91.949129,24.666041,0 91.948995,24.665991,0 91.948856,24.665952,0 91.948713,24.665926,0 91.948637,24.665919,0 91.948604,24.665915,0 91.948571,24.665875,0 91.948479,24.665772,0 91.948376,24.665678,0 91.948264,24.665594,0 91.948143,24.665520,0 91.948015,24.665457,0 91.947880,24.665406,0 91.947741,24.665368,0 91.947598,24.665342,0 91.947454,24.665329,0 91.947308,24.665329,0 91.947163,24.665342,0 91.947021,24.665368,0 91.946986,24.665376,0 91.946950,24.665377,0 91.946483,24.665377,0 91.946449,24.665376,0 91.946447,24.665344,0 91.946447,24.664871,0 91.946449,24.664839,0 91.946452,24.664834,0 91.946524,24.664736,0 91.946591,24.664621,0 91.946647,24.664501,0 91.946689,24.664377,0 91.946718,24.664250,0 91.946734,24.664121,0 91.946736,24.663991,0 91.946724,24.663861,0 91.946699,24.663733,0 91.946660,24.663608,0 91.946609,24.663487,0 91.946545,24.663370,0 91.946469,24.663260,0 91.946382,24.663157,0 91.946284,24.663063,0 91.946177,24.662977,0 91.946062,24.662901,0 91.945939,24.662835,0 91.945810,24.662781,0 91.945675,24.662738,0 91.945537,24.662707,0 91.945396,24.662688,0 91.945254,24.662682,0 91.944866,24.662682,0 91.944776,24.662678,0 91.944739,24.662675,0 91.944593,24.662675,0 91.944448,24.662688,0 91.944306,24.662714,0 91.944167,24.662752,0 91.944032,24.662803,0 91.943904,24.662866,0 91.943783,24.662940,0 91.943671,24.663024,0 91.943568,24.663118,0 91.943475,24.663221,0 91.943395,24.663331,0 91.943326,24.663449,0 91.943270,24.663571,0 91.943228,24.663699,0 91.943212,24.663759,0 91.943175,24.663764,0 91.943106,24.663770,0 91.942964,24.663796,0 91.942824,24.663834,0 91.942690,24.663885,0 91.942562,24.663948,0 91.942441,24.664022,0 91.942328,24.664106,0 91.942226,24.664200,0 91.942133,24.664303,0 91.942052,24.664413,0 91.941984,24.664531,0 91.941928,24.664653,0 91.941886,24.664781,0 91.941858,24.664911,0 91.941843,24.665043,0 91.941843,24.665176,0 91.941858,24.665309,0 91.941886,24.665439,0 91.941928,24.665566,0 91.941984,24.665689,0 91.942052,24.665806,0 91.942133,24.665917,0 91.942133,24.665917,0 91.942135,24.665949,0 91.942135,24.666422,0 91.942133,24.666454,0 91.942099,24.666455,0 91.941632,24.666455,0 91.941597,24.666454,0 91.941576,24.666437,0 91.941514,24.666379,0 91.941401,24.666295,0 91.941280,24.666221,0 91.941152,24.666158,0 91.941017,24.666108,0 91.940878,24.666069,0 91.940736,24.666043,0 91.940591,24.666030,0 91.940445,24.666030,0 91.940301,24.666043,0 91.940158,24.666069,0 91.940019,24.666108,0 91.939884,24.666158,0 91.939756,24.666221,0 91.939635,24.666295,0 91.939523,24.666379,0 91.939460,24.666437,0 91.939439,24.666454,0 91.939404,24.666455,0 91.937860,24.666455,0 91.937825,24.666454,0 91.937811,24.666403,0 91.937770,24.666280,0 91.937717,24.666161,0 91.937652,24.666048,0 91.937576,24.665940,0 91.937488,24.665840,0 91.937391,24.665747,0 91.937285,24.665664,0 91.937170,24.665590,0 91.937048,24.665526,0 91.936921,24.665473,0 91.936788,24.665431,0 91.936652,24.665401,0 91.936513,24.665383,0 91.936373,24.665377,0 91.936243,24.665377,0 91.936208,24.665376,0 91.936206,24.665344,0 91.936206,24.664966,0 91.936200,24.664843,0 91.936207,24.664840,0 91.936243,24.664838,0 91.937419,24.664838,0 91.937564,24.664832,0 91.937708,24.664812,0 91.937849,24.664780,0 91.937986,24.664735,0 91.938118,24.664678,0 91.938242,24.664610,0 91.938359,24.664531,0 91.938467,24.664441,0 91.938565,24.664343,0 91.938651,24.664236,0 91.938726,24.664122,0 91.938788,24.664002,0 91.938837,24.663877,0 91.938873,24.663748,0 91.938894,24.663616,0 91.938901,24.663484,0 91.938901,24.663254,0 91.938903,24.663222,0 91.938955,24.663179,0 91.939058,24.663085,0 91.939150,24.662982,0 91.939231,24.662872,0 91.939300,24.662754,0 91.939355,24.662631,0 91.939397,24.662504,0 91.939426,24.662374,0 91.939440,24.662242,0 91.939440,24.662143,0 91.939440,24.662143,0 91.939440,24.662110,0 91.939434,24.661984,0 91.939415,24.661860,0 91.939383,24.661738,0 91.939339,24.661619,0 91.939284,24.661504,0 91.939217,24.661395,0 91.939139,24.661291,0 91.939051,24.661195,0 91.938953,24.661106,0 91.938881,24.661047,0 91.938819,24.660989,0 91.938706,24.660905,0 91.938585,24.660831,0 91.938457,24.660768,0 91.938322,24.660718,0 91.938183,24.660679,0 91.938041,24.660653,0 91.937896,24.660640,0 91.937750,24.660640,0 91.937606,24.660653,0 91.937463,24.660679,0 91.937324,24.660718,0 91.937189,24.660768,0 91.937061,24.660831,0 91.936940,24.660905,0 91.936828,24.660989,0 91.936765,24.661047,0 91.936744,24.661064,0 91.936709,24.661065,0 91.936309,24.661065,0 91.936171,24.661071,0 91.936035,24.661089,0 91.935900,24.661118,0 91.935769,24.661158,0 91.935643,24.661210,0 91.935523,24.661272,0 91.935409,24.661344,0 91.935303,24.661425,0 91.935206,24.661515,0 91.935135,24.661595,0 91.935127,24.661603,0 91.935123,24.661604,0 91.934993,24.661640,0 91.934859,24.661691,0 91.934731,24.661754,0 91.934610,24.661828,0 91.934497,24.661912,0 91.934394,24.662006,0 91.934302,24.662109,0 91.934221,24.662219,0 91.934153,24.662336,0 91.934097,24.662459,0 91.934055,24.662586,0 91.934026,24.662717,0 91.934012,24.662849,0 91.934012,24.662982,0 91.934026,24.663114,0 91.934045,24.663198,0 91.934048,24.663221,0 91.934050,24.663254,0 91.934050,24.663633,0 91.934057,24.663755,0 91.934050,24.663759,0 91.934014,24.663760,0 91.933887,24.663760,0 91.933746,24.663766,0 91.933606,24.663785,0 91.933469,24.663815,0 91.933335,24.663858,0 91.933206,24.663912,0 91.933084,24.663976,0 91.932969,24.664051,0 91.932862,24.664136,0 91.932765,24.664230,0 91.932678,24.664332,0 91.932602,24.664441,0 91.932537,24.664556,0 91.932485,24.664676,0 91.932446,24.664800,0 91.932419,24.664927,0 91.932406,24.665056,0 91.932407,24.665185,0 91.932421,24.665313,0 91.932431,24.665377,0 91.932433,24.665410,0 91.932433,24.665883,0 91.932432,24.665915,0 91.932388,24.665945,0 91.932275,24.666029,0 91.932173,24.666123,0 91.932080,24.666226,0 91.931999,24.666337,0 91.931931,24.666454,0 91.931875,24.666577,0 91.931833,24.666704,0 91.931805,24.666834,0 91.931790,24.666966,0 91.931790,24.667099,0 91.931805,24.667232,0 91.931833,24.667362,0 91.931875,24.667489,0 91.931893,24.667534,0 91.931907,24.667586,0 91.931951,24.667718,0 91.932010,24.667845,0 91.932082,24.667966,0 91.932168,24.668080,0 91.932265,24.668185,0 91.932374,24.668281,0 91.932493,24.668365,0 91.932621,24.668439,0 91.932757,24.668500,0 91.932898,24.668548,0 91.933045,24.668583,0 91.933194,24.668604,0 91.933345,24.668611,0 91.933475,24.668611,0 91.933510,24.668613,0 91.933511,24.668644,0 91.933511,24.669656,0 91.933510,24.669688,0 91.933475,24.669689,0 91.933348,24.669689,0 91.933207,24.669695,0 91.933067,24.669714,0 91.932930,24.669744,0 91.932796,24.669787,0 91.932668,24.669840,0 91.932545,24.669905,0 91.932430,24.669980,0 91.932323,24.670065,0 91.932226,24.670159,0 91.932139,24.670261,0 91.932063,24.670370,0 91.931998,24.670485,0 91.931946,24.670605,0 91.931907,24.670729,0 91.931880,24.670856,0 91.931867,24.670985,0 91.931868,24.671114,0 91.931882,24.671242,0 91.931902,24.671364,0 91.931904,24.671380,0 91.931932,24.671511,0 91.931974,24.671638,0 91.932030,24.671761,0 91.932098,24.671878,0 91.932179,24.671988,0 91.932272,24.672091,0 91.932374,24.672185,0 91.932487,24.672269,0 91.932608,24.672343,0 91.932736,24.672406,0 91.932871,24.672457,0 91.933010,24.672495,0 91.933152,24.672521,0 91.933297,24.672534,0 91.933443,24.672534,0 91.933587,24.672521,0 91.933730,24.672495,0 91.933869,24.672457,0 91.934004,24.672406,0 91.934051,24.672386,0 91.934087,24.672384,0 91.934553,24.672384,0 91.934588,24.672386,0 91.934621,24.672426,0 91.934713,24.672528,0 91.934816,24.672622,0 91.934928,24.672707,0 91.935049,24.672781,0 91.935178,24.672843,0 91.935312,24.672894,0 91.935451,24.672933,0 91.935594,24.672959,0 91.935739,24.672972,0 91.935884,24.672972,0 91.936029,24.672959,0 91.936172,24.672933,0 91.936206,24.672925,0 91.936243,24.672923,0 91.936709,24.672923,0 91.936744,24.672925,0 91.936748,24.672929,0 91.936832,24.673022,0 91.936935,24.673116,0 91.937047,24.673200,0 91.937168,24.673274,0 91.937297,24.673337,0 91.937431,24.673388,0 91.937570,24.673426,0 91.937713,24.673452,0 91.937789,24.673459,0 91.937822,24.673464,0 91.937841,24.673492,0 91.937874,24.673549,0 91.937955,24.673660,0 91.938047,24.673762,0 91.938150,24.673856,0 91.938263,24.673941,0 91.938340,24.673988,0 91.938360,24.674002,0 91.938362,24.674034,0 91.938362,24.674507,0 91.938360,24.674539,0 91.938357,24.674544,0 91.938282,24.674648,0 91.938265,24.674676,0 91.938180,24.674640,0 91.938045,24.674596,0 91.937906,24.674565,0 91.937765,24.674546,0 91.937622,24.674540,0 91.937321,24.674540,0 91.937285,24.674538,0 91.937253,24.674498,0 91.937160,24.674396,0 91.937058,24.674302,0 91.936945,24.674217,0 91.936824,24.674144,0 91.936696,24.674081,0 91.936561,24.674030,0 91.936422,24.673991,0 91.936279,24.673965,0 91.936135,24.673952,0 91.935989,24.673952,0 91.935844,24.673965,0 91.935702,24.673991,0 91.935667,24.673999,0 91.935633,24.674004,0 91.935557,24.674011,0 91.935414,24.674037,0 91.935275,24.674075,0 91.935141,24.674126,0 91.935012,24.674189,0 91.934891,24.674263,0 91.934779,24.674347,0 91.934676,24.674441,0 91.934592,24.674534,0 91.934588,24.674538,0 91.934521,24.674548,0 91.934378,24.674574,0 91.934320,24.674590,0 91.934261,24.674574,0 91.934119,24.674548,0 91.934051,24.674538,0 91.934044,24.674531,0 91.933972,24.674451,0 91.933875,24.674361,0 91.933769,24.674280,0 91.933656,24.674208,0 91.933535,24.674146,0 91.933409,24.674094,0 91.933278,24.674054,0 91.933144,24.674024,0 91.933007,24.674007,0 91.932869,24.674001,0 91.932470,24.674001,0 91.932434,24.673999,0 91.932399,24.673991,0 91.932256,24.673965,0 91.932111,24.673952,0 91.931966,24.673952,0 91.931821,24.673965,0 91.931678,24.673991,0 91.931539,24.674030,0 91.931405,24.674081,0 91.931276,24.674144,0 91.931155,24.674217,0 91.931043,24.674302,0 91.930940,24.674396,0 91.930848,24.674498,0 91.930815,24.674539,0 91.930771,24.674569,0 91.930658,24.674653,0 91.930556,24.674747,0 91.930463,24.674850,0 91.930382,24.674960,0 91.930314,24.675078,0 91.930258,24.675200,0 91.930216,24.675328,0 91.930188,24.675458,0 91.930173,24.675590,0 91.930173,24.675723,0 91.930188,24.675855,0 91.930216,24.675986,0 91.930258,24.676113,0 91.930276,24.676157,0</coordinates></LinearRing></outerBoundaryIs></Polygon></MultiGeometry></Placemark>
<Placemark><name>TEA-C006 (635 ha)</name><description><![CDATA[<b>TEA-C006</b><br/>upazila: Jaintiapur<br/>area: 635 ha<br/><hr/>Estates expected in this upazila:<br/>Afifanagar, Lallakhal, Sreepore<br/><br/><b>Zoom in.</b> Tea shows regular planted rows, uniform canopy, pale service tracks in a grid, hard geometric edges. Natural forest is chaotic with ragged edges.<br/><br/>Record yes/no in sylhet_tea_candidates_review.csv]]></description><styleUrl>#cand</styleUrl><MultiGeometry><Polygon><outerBoundaryIs><LinearRing><coordinates>92.143173,25.091175,0 92.143176,25.091179,0 92.143184,25.091208,0 92.143200,25.091279,0 92.143242,25.091406,0 92.143298,25.091529,0 92.143367,25.091646,0 92.143448,25.091757,0 92.143541,25.091860,0 92.143644,25.091954,0 92.143757,25.092038,0 92.143878,25.092112,0 92.144007,25.092175,0 92.144142,25.092225,0 92.144230,25.092250,0 92.144255,25.092258,0 92.144273,25.092285,0 92.144308,25.092345,0 92.144389,25.092456,0 92.144482,25.092558,0 92.144585,25.092652,0 92.144698,25.092737,0 92.144770,25.092781,0 92.144794,25.092797,0 92.144804,25.092807,0 92.144884,25.092895,0 92.144994,25.092994,0 92.145114,25.093081,0 92.145244,25.093157,0 92.145381,25.093220,0 92.145525,25.093270,0 92.145674,25.093306,0 92.145827,25.093327,0 92.145980,25.093335,0 92.146375,25.093335,0 92.146412,25.093336,0 92.146420,25.093340,0 92.146532,25.093394,0 92.146667,25.093445,0 92.146681,25.093449,0 92.146683,25.093453,0 92.146738,25.093576,0 92.146807,25.093693,0 92.146888,25.093803,0 92.146922,25.093840,0 92.146942,25.093865,0 92.147040,25.093973,0 92.147150,25.094072,0 92.147270,25.094159,0 92.147400,25.094235,0 92.147537,25.094298,0 92.147681,25.094348,0 92.147830,25.094384,0 92.147983,25.094405,0 92.148136,25.094413,0 92.148366,25.094413,0 92.148514,25.094406,0 92.148661,25.094386,0 92.148801,25.094353,0 92.148895,25.094379,0 92.149038,25.094405,0 92.149105,25.094414,0 92.149113,25.094442,0 92.149129,25.094513,0 92.149171,25.094640,0 92.149227,25.094763,0 92.149296,25.094880,0 92.149377,25.094991,0 92.149469,25.095094,0 92.149573,25.095188,0 92.149686,25.095272,0 92.149807,25.095346,0 92.149936,25.095409,0 92.150071,25.095459,0 92.150159,25.095484,0 92.150183,25.095492,0 92.150185,25.095524,0 92.150185,25.095525,0 92.150193,25.095666,0 92.150217,25.095806,0 92.150257,25.095942,0 92.150312,25.096074,0 92.150383,25.096200,0 92.150467,25.096319,0 92.150564,25.096429,0 92.150673,25.096529,0 92.150723,25.096570,0 92.150727,25.096574,0 92.150811,25.096668,0 92.150914,25.096762,0 92.151027,25.096846,0 92.151149,25.096920,0 92.151277,25.096982,0 92.151412,25.097033,0 92.151552,25.097072,0 92.151695,25.097098,0 92.151763,25.097104,0 92.151801,25.097109,0 92.151819,25.097136,0 92.151854,25.097196,0 92.151935,25.097307,0 92.152028,25.097409,0 92.152131,25.097503,0 92.152244,25.097588,0 92.152316,25.097632,0 92.152340,25.097648,0 92.152349,25.097657,0 92.152430,25.097746,0 92.152539,25.097844,0 92.152660,25.097932,0 92.152790,25.098008,0 92.152927,25.098071,0 92.153071,25.098121,0 92.153220,25.098156,0 92.153372,25.098178,0 92.153526,25.098185,0 92.153850,25.098185,0 92.154004,25.098178,0 92.154156,25.098156,0 92.154305,25.098121,0 92.154449,25.098071,0 92.154587,25.098008,0 92.154717,25.097932,0 92.154837,25.097844,0 92.154947,25.097746,0 92.155027,25.097657,0 92.155037,25.097648,0 92.155072,25.097646,0 92.155197,25.097646,0 92.155349,25.097639,0 92.155498,25.097618,0 92.155645,25.097584,0 92.155787,25.097535,0 92.155923,25.097474,0 92.156051,25.097401,0 92.156171,25.097316,0 92.156280,25.097220,0 92.156378,25.097115,0 92.156464,25.097001,0 92.156537,25.096880,0 92.156596,25.096753,0 92.156640,25.096621,0 92.156654,25.096570,0 92.156689,25.096569,0 92.157155,25.096569,0 92.157191,25.096570,0 92.157235,25.096594,0 92.157364,25.096657,0 92.157499,25.096708,0 92.157639,25.096746,0 92.157782,25.096772,0 92.157927,25.096785,0 92.158073,25.096785,0 92.158218,25.096772,0 92.158362,25.096746,0 92.158501,25.096708,0 92.158636,25.096657,0 92.158765,25.096594,0 92.158809,25.096570,0 92.158847,25.096565,0 92.158915,25.096559,0 92.159059,25.096533,0 92.159198,25.096494,0 92.159333,25.096443,0 92.159462,25.096381,0 92.159583,25.096307,0 92.159696,25.096223,0 92.159799,25.096129,0 92.159884,25.096035,0 92.159888,25.096031,0 92.159925,25.096026,0 92.159993,25.096020,0 92.160137,25.095994,0 92.160276,25.095955,0 92.160411,25.095904,0 92.160540,25.095842,0 92.160661,25.095768,0 92.160774,25.095684,0 92.160877,25.095590,0 92.160962,25.095496,0 92.160965,25.095492,0 92.161001,25.095491,0 92.161396,25.095491,0 92.161550,25.095483,0 92.161702,25.095462,0 92.161851,25.095426,0 92.161995,25.095376,0 92.162133,25.095313,0 92.162263,25.095237,0 92.162383,25.095150,0 92.162493,25.095051,0 92.162573,25.094963,0 92.162582,25.094953,0 92.162618,25.094952,0 92.163013,25.094952,0 92.163167,25.094944,0 92.163319,25.094923,0 92.163468,25.094887,0 92.163612,25.094837,0 92.163750,25.094774,0 92.163880,25.094698,0 92.164000,25.094611,0 92.164110,25.094512,0 92.164190,25.094424,0 92.164200,25.094414,0 92.164212,25.094404,0 92.164300,25.094338,0 92.164403,25.094244,0 92.164495,25.094141,0 92.164577,25.094031,0 92.164645,25.093914,0 92.164701,25.093791,0 92.164744,25.093664,0 92.164772,25.093533,0 92.164786,25.093401,0 92.164786,25.093268,0 92.164772,25.093136,0 92.164744,25.093005,0 92.164701,25.092878,0 92.164645,25.092755,0 92.164577,25.092638,0 92.164495,25.092528,0 92.164403,25.092425,0 92.164300,25.092331,0 92.164212,25.092265,0 92.164200,25.092256,0 92.164199,25.092223,0 92.164199,25.091212,0 92.164200,25.091179,0 92.164211,25.091115,0 92.164225,25.090986,0 92.164225,25.090857,0 92.164213,25.090728,0 92.164186,25.090601,0 92.164147,25.090477,0 92.164094,25.090357,0 92.164030,25.090242,0 92.163953,25.090133,0 92.163866,25.090031,0 92.163768,25.089938,0 92.163661,25.089853,0 92.163545,25.089778,0 92.163423,25.089713,0 92.163294,25.089659,0 92.163160,25.089617,0 92.163022,25.089586,0 92.162881,25.089568,0 92.162739,25.089562,0 92.162618,25.089562,0 92.162583,25.089560,0 92.162582,25.089528,0 92.162582,25.088517,0 92.162583,25.088485,0 92.162618,25.088484,0 92.163084,25.088484,0 92.163120,25.088485,0 92.163129,25.088495,0 92.163209,25.088583,0 92.163319,25.088682,0 92.163440,25.088769,0 92.163569,25.088845,0 92.163707,25.088908,0 92.163851,25.088958,0 92.164000,25.088994,0 92.164152,25.089015,0 92.164306,25.089023,0 92.164701,25.089023,0 92.164737,25.089024,0 92.164768,25.089031,0 92.164911,25.089057,0 92.165056,25.089070,0 92.165202,25.089070,0 92.165347,25.089057,0 92.165491,25.089031,0 92.165630,25.088993,0 92.165765,25.088942,0 92.165894,25.088879,0 92.166015,25.088805,0 92.166128,25.088721,0 92.166231,25.088627,0 92.166324,25.088524,0 92.166356,25.088485,0 92.166379,25.088469,0 92.166452,25.088425,0 92.166565,25.088341,0 92.166668,25.088247,0 92.166761,25.088144,0 92.166842,25.088033,0 92.166877,25.087973,0 92.166895,25.087946,0 92.166930,25.087945,0 92.167935,25.087945,0 92.167970,25.087946,0 92.167972,25.087978,0 92.167972,25.088450,0 92.167970,25.088483,0 92.167968,25.088485,0 92.167887,25.088596,0 92.167818,25.088713,0 92.167762,25.088836,0 92.167720,25.088963,0 92.167691,25.089093,0 92.167677,25.089226,0 92.167677,25.089359,0 92.167691,25.089491,0 92.167720,25.089621,0 92.167762,25.089748,0 92.167818,25.089871,0 92.167887,25.089989,0 92.167968,25.090099,0 92.167970,25.090102,0 92.167988,25.090129,0 92.168023,25.090189,0 92.168105,25.090300,0 92.168197,25.090403,0 92.168300,25.090496,0 92.168413,25.090581,0 92.168486,25.090625,0 92.168509,25.090641,0 92.168519,25.090651,0 92.168599,25.090739,0 92.168709,25.090838,0 92.168830,25.090925,0 92.168959,25.091001,0 92.169097,25.091064,0 92.169241,25.091114,0 92.169390,25.091150,0 92.169542,25.091171,0 92.169696,25.091179,0 92.170091,25.091179,0 92.170127,25.091180,0 92.170151,25.091201,0 92.170207,25.091251,0 92.170319,25.091335,0 92.170441,25.091409,0 92.170569,25.091472,0 92.170704,25.091522,0 92.170844,25.091561,0 92.170987,25.091587,0 92.171132,25.091600,0 92.171278,25.091600,0 92.171424,25.091587,0 92.171567,25.091561,0 92.171707,25.091522,0 92.171841,25.091472,0 92.171970,25.091409,0 92.172092,25.091335,0 92.172204,25.091251,0 92.172259,25.091201,0 92.172284,25.091180,0 92.172320,25.091179,0 92.173864,25.091179,0 92.173960,25.091183,0 92.173987,25.091185,0 92.174133,25.091185,0 92.174278,25.091172,0 92.174421,25.091146,0 92.174561,25.091108,0 92.174696,25.091057,0 92.174824,25.090994,0 92.174946,25.090920,0 92.175059,25.090836,0 92.175162,25.090742,0 92.175254,25.090639,0 92.175335,25.090529,0 92.175404,25.090412,0 92.175460,25.090289,0 92.175502,25.090162,0 92.175519,25.090102,0 92.175554,25.090101,0 92.177566,25.090101,0 92.177720,25.090093,0 92.177872,25.090072,0 92.178021,25.090036,0 92.178165,25.089986,0 92.178303,25.089923,0 92.178432,25.089847,0 92.178553,25.089760,0 92.178662,25.089661,0 92.178743,25.089573,0 92.178752,25.089563,0 92.178768,25.089561,0 92.178803,25.089555,0 92.178805,25.089555,0 92.178953,25.089562,0 92.181949,25.089562,0 92.181985,25.089563,0 92.182023,25.089576,0 92.182163,25.089614,0 92.182306,25.089640,0 92.182451,25.089653,0 92.182597,25.089653,0 92.182742,25.089640,0 92.182886,25.089614,0 92.183025,25.089576,0 92.183064,25.089563,0 92.183132,25.089554,0 92.183275,25.089528,0 92.183415,25.089490,0 92.183549,25.089439,0 92.183678,25.089376,0 92.183799,25.089302,0 92.183903,25.089225,0 92.183925,25.089244,0 92.184044,25.089326,0 92.184170,25.089396,0 92.184304,25.089455,0 92.184443,25.089501,0 92.184587,25.089535,0 92.184734,25.089555,0 92.184882,25.089562,0 92.187878,25.089562,0 92.187914,25.089563,0 92.187952,25.089576,0 92.188092,25.089614,0 92.188235,25.089640,0 92.188380,25.089653,0 92.188526,25.089653,0 92.188671,25.089640,0 92.188815,25.089614,0 92.188954,25.089576,0 92.188992,25.089563,0 92.189029,25.089562,0 92.189495,25.089562,0 92.189531,25.089563,0 92.189582,25.089570,0 92.189728,25.089583,0 92.189874,25.089583,0 92.190019,25.089570,0 92.190070,25.089563,0 92.190107,25.089562,0 92.190573,25.089562,0 92.190608,25.089563,0 92.190633,25.089584,0 92.190688,25.089634,0 92.190801,25.089718,0 92.190922,25.089792,0 92.191051,25.089855,0 92.191186,25.089906,0 92.191326,25.089944,0 92.191469,25.089970,0 92.191614,25.089983,0 92.191760,25.089983,0 92.191905,25.089970,0 92.192048,25.089944,0 92.192188,25.089906,0 92.192323,25.089855,0 92.192452,25.089792,0 92.192573,25.089718,0 92.192686,25.089634,0 92.192741,25.089584,0 92.192766,25.089563,0 92.192802,25.089562,0 92.193267,25.089562,0 92.193303,25.089563,0 92.193313,25.089573,0 92.193393,25.089661,0 92.193503,25.089760,0 92.193623,25.089847,0 92.193753,25.089923,0 92.193890,25.089986,0 92.194034,25.090036,0 92.194183,25.090072,0 92.194336,25.090093,0 92.194489,25.090101,0 92.196501,25.090101,0 92.196538,25.090102,0 92.196589,25.090109,0 92.196734,25.090122,0 92.196880,25.090122,0 92.197026,25.090109,0 92.197077,25.090102,0 92.197113,25.090101,0 92.198118,25.090101,0 92.198154,25.090102,0 92.198163,25.090112,0 92.198244,25.090200,0 92.198354,25.090299,0 92.198474,25.090386,0 92.198604,25.090462,0 92.198741,25.090525,0 92.198885,25.090575,0 92.199034,25.090611,0 92.199186,25.090632,0 92.199340,25.090640,0 92.199735,25.090640,0 92.199771,25.090641,0 92.199827,25.090671,0 92.199955,25.090734,0 92.200090,25.090785,0 92.200230,25.090824,0 92.200373,25.090849,0 92.200518,25.090863,0 92.200664,25.090863,0 92.200810,25.090849,0 92.200953,25.090824,0 92.201092,25.090785,0 92.201227,25.090734,0 92.201356,25.090671,0 92.201477,25.090598,0 92.201590,25.090513,0 92.201693,25.090419,0 92.201786,25.090317,0 92.201867,25.090206,0 92.201922,25.090113,0 92.201929,25.090102,0 92.201972,25.090073,0 92.202085,25.089989,0 92.202188,25.089895,0 92.202281,25.089792,0 92.202362,25.089681,0 92.202431,25.089564,0 92.202467,25.089483,0 92.202443,25.089595,0 92.202428,25.089728,0 92.202428,25.089861,0 92.202443,25.089993,0 92.202471,25.090123,0 92.202482,25.090162,0 92.202524,25.090289,0 92.202580,25.090412,0 92.202649,25.090529,0 92.202730,25.090639,0 92.202822,25.090742,0 92.202926,25.090836,0 92.203039,25.090920,0 92.203160,25.090994,0 92.203289,25.091057,0 92.203423,25.091108,0 92.203563,25.091146,0 92.203706,25.091172,0 92.203852,25.091185,0 92.203998,25.091185,0 92.204025,25.091183,0 92.204120,25.091179,0 92.208288,25.091179,0 92.208442,25.091171,0 92.208594,25.091150,0 92.208743,25.091114,0 92.208887,25.091064,0 92.209025,25.091001,0 92.209155,25.090925,0 92.209275,25.090838,0 92.209385,25.090739,0 92.209465,25.090651,0 92.209475,25.090641,0 92.209498,25.090625,0 92.209571,25.090581,0 92.209684,25.090496,0 92.209787,25.090402,0 92.209880,25.090300,0 92.209961,25.090189,0 92.209996,25.090129,0 92.210014,25.090102,0 92.210038,25.090094,0 92.210127,25.090069,0 92.210262,25.090019,0 92.210391,25.089956,0 92.210512,25.089882,0 92.210625,25.089798,0 92.210728,25.089704,0 92.210821,25.089601,0 92.210902,25.089491,0 92.210971,25.089373,0 92.211026,25.089250,0 92.211069,25.089123,0 92.211084,25.089052,0 92.211092,25.089024,0 92.211115,25.089008,0 92.211188,25.088964,0 92.211301,25.088880,0 92.211404,25.088786,0 92.211497,25.088683,0 92.211578,25.088572,0 92.211613,25.088512,0 92.211631,25.088485,0 92.211646,25.088483,0 92.211787,25.088458,0 92.211924,25.088420,0 92.212057,25.088371,0 92.212184,25.088309,0 92.212304,25.088238,0 92.212416,25.088156,0 92.212518,25.088064,0 92.212611,25.087964,0 92.212692,25.087856,0 92.212762,25.087742,0 92.212819,25.087622,0 92.212863,25.087497,0 92.212894,25.087370,0 92.212911,25.087240,0 92.212914,25.087109,0 92.212904,25.086979,0 92.212879,25.086850,0 92.212842,25.086723,0 92.212791,25.086601,0 92.212727,25.086484,0 92.212651,25.086373,0 92.212564,25.086269,0 92.212466,25.086173,0 92.212358,25.086087,0 92.212242,25.086010,0 92.212118,25.085944,0 92.211988,25.085889,0 92.211852,25.085845,0 92.211713,25.085814,0 92.211571,25.085795,0 92.211427,25.085789,0 92.210120,25.085789,0 92.209982,25.085795,0 92.209844,25.085812,0 92.209709,25.085841,0 92.209578,25.085882,0 92.209451,25.085933,0 92.209331,25.085995,0 92.209217,25.086067,0 92.209110,25.086149,0 92.209013,25.086239,0 92.208941,25.086319,0 92.208934,25.086326,0 92.208898,25.086328,0 92.208503,25.086328,0 92.208365,25.086334,0 92.208227,25.086351,0 92.208092,25.086380,0 92.207961,25.086421,0 92.207834,25.086472,0 92.207714,25.086534,0 92.207600,25.086606,0 92.207493,25.086688,0 92.207396,25.086778,0 92.207324,25.086858,0 92.207317,25.086865,0 92.207281,25.086867,0 92.205737,25.086867,0 92.205701,25.086865,0 92.205650,25.086858,0 92.205504,25.086845,0 92.205358,25.086845,0 92.205213,25.086858,0 92.205162,25.086865,0 92.205125,25.086867,0 92.205032,25.086867,0 92.204886,25.086873,0 92.204742,25.086893,0 92.204600,25.086925,0 92.204463,25.086970,0 92.204331,25.087027,0 92.204206,25.087095,0 92.204089,25.087174,0 92.203980,25.087263,0 92.203882,25.087362,0 92.203795,25.087469,0 92.203720,25.087583,0 92.203658,25.087703,0 92.203609,25.087828,0 92.203573,25.087957,0 92.203552,25.088088,0 92.203545,25.088221,0 92.203545,25.088450,0 92.203543,25.088482,0 92.203536,25.088485,0 92.203413,25.088519,0 92.203278,25.088570,0 92.203149,25.088632,0 92.203028,25.088706,0 92.202915,25.088790,0 92.202812,25.088884,0 92.202719,25.088987,0 92.202638,25.089098,0 92.202569,25.089215,0 92.202533,25.089296,0 92.202557,25.089184,0 92.202572,25.089051,0 92.202572,25.088918,0 92.202557,25.088786,0 92.202529,25.088656,0 92.202486,25.088529,0 92.202469,25.088483,0 92.202467,25.088450,0 92.202467,25.088221,0 92.202460,25.088088,0 92.202438,25.087957,0 92.202403,25.087828,0 92.202354,25.087703,0 92.202291,25.087583,0 92.202216,25.087469,0 92.202129,25.087362,0 92.202031,25.087263,0 92.201923,25.087174,0 92.201806,25.087095,0 92.201681,25.087027,0 92.201549,25.086970,0 92.201411,25.086925,0 92.201270,25.086893,0 92.201125,25.086873,0 92.200979,25.086867,0 92.199808,25.086867,0 92.199773,25.086865,0 92.199741,25.086826,0 92.199649,25.086723,0 92.199545,25.086629,0 92.199432,25.086545,0 92.199311,25.086471,0 92.199182,25.086409,0 92.199048,25.086358,0 92.198908,25.086319,0 92.198765,25.086293,0 92.198619,25.086280,0 92.198473,25.086280,0 92.198328,25.086293,0 92.198185,25.086319,0 92.198155,25.086326,0 92.198118,25.086328,0 92.196574,25.086328,0 92.196539,25.086326,0 92.196507,25.086287,0 92.196415,25.086184,0 92.196311,25.086090,0 92.196199,25.086006,0 92.196077,25.085932,0 92.195948,25.085870,0 92.195814,25.085819,0 92.195674,25.085780,0 92.195531,25.085754,0 92.195385,25.085741,0 92.195240,25.085741,0 92.195094,25.085754,0 92.194951,25.085780,0 92.194921,25.085787,0 92.194884,25.085789,0 92.190178,25.085789,0 92.190039,25.085795,0 92.189902,25.085812,0 92.189767,25.085841,0 92.189635,25.085882,0 92.189509,25.085933,0 92.189388,25.085995,0 92.189274,25.086067,0 92.189168,25.086149,0 92.189071,25.086239,0 92.188999,25.086319,0 92.188991,25.086326,0 92.188956,25.086328,0 92.187951,25.086328,0 92.187914,25.086326,0 92.187876,25.086314,0 92.187737,25.086275,0 92.187593,25.086249,0 92.187448,25.086236,0 92.187302,25.086236,0 92.187157,25.086249,0 92.187014,25.086275,0 92.186874,25.086314,0 92.186836,25.086326,0 92.186800,25.086328,0 92.186334,25.086328,0 92.186297,25.086326,0 92.186246,25.086319,0 92.186101,25.086306,0 92.185955,25.086306,0 92.185809,25.086319,0 92.185720,25.086331,0 92.185651,25.086337,0 92.185508,25.086363,0 92.185369,25.086402,0 92.185234,25.086453,0 92.185105,25.086515,0 92.184984,25.086589,0 92.184871,25.086674,0 92.184768,25.086768,0 92.184683,25.086861,0 92.184679,25.086865,0 92.184664,25.086867,0 92.184518,25.086894,0 92.184376,25.086933,0 92.184240,25.086986,0 92.184109,25.087050,0 92.183986,25.087126,0 92.183893,25.087196,0 92.183799,25.087126,0 92.183678,25.087052,0 92.183549,25.086990,0 92.183415,25.086939,0 92.183275,25.086900,0 92.183132,25.086874,0 92.183064,25.086865,0 92.183060,25.086861,0 92.182976,25.086768,0 92.182873,25.086674,0 92.182760,25.086589,0 92.182638,25.086515,0 92.182510,25.086453,0 92.182375,25.086402,0 92.182235,25.086363,0 92.182092,25.086337,0 92.182024,25.086331,0 92.181934,25.086319,0 92.181789,25.086306,0 92.181643,25.086306,0 92.181497,25.086319,0 92.181446,25.086326,0 92.181410,25.086328,0 92.180944,25.086328,0 92.180908,25.086326,0 92.180863,25.086302,0 92.180735,25.086239,0 92.180600,25.086188,0 92.180460,25.086150,0 92.180317,25.086124,0 92.180172,25.086111,0 92.180026,25.086111,0 92.179881,25.086124,0 92.179737,25.086150,0 92.179598,25.086188,0 92.179463,25.086239,0 92.179334,25.086302,0 92.179314,25.086313,0 92.179193,25.086387,0 92.179080,25.086471,0 92.178977,25.086565,0 92.178884,25.086668,0 92.178803,25.086778,0 92.178768,25.086838,0 92.178750,25.086865,0 92.178735,25.086867,0 92.178699,25.086874,0 92.178693,25.086873,0 92.178549,25.086867,0 92.178249,25.086867,0 92.178212,25.086865,0 92.178161,25.086858,0 92.178016,25.086845,0 92.177870,25.086845,0 92.177725,25.086858,0 92.177673,25.086865,0 92.177637,25.086867,0 92.176632,25.086867,0 92.176596,25.086865,0 92.176557,25.086853,0 92.176418,25.086814,0 92.176275,25.086788,0 92.176129,25.086775,0 92.175983,25.086775,0 92.175838,25.086788,0 92.175695,25.086814,0 92.175555,25.086853,0 92.175517,25.086865,0 92.175481,25.086867,0 92.175015,25.086867,0 92.174979,25.086865,0 92.174927,25.086858,0 92.174782,25.086845,0 92.174636,25.086845,0 92.174491,25.086858,0 92.174439,25.086865,0 92.174403,25.086867,0 92.174008,25.086867,0 92.173869,25.086873,0 92.173732,25.086890,0 92.173597,25.086919,0 92.173466,25.086960,0 92.173339,25.087011,0 92.173218,25.087073,0 92.173104,25.087145,0 92.172998,25.087227,0 92.172901,25.087317,0 92.172829,25.087397,0 92.172822,25.087404,0 92.172786,25.087406,0 92.171781,25.087406,0 92.171746,25.087404,0 92.171744,25.087372,0 92.171744,25.086900,0 92.171746,25.086868,0 92.171781,25.086867,0 92.172715,25.086867,0 92.172869,25.086859,0 92.173021,25.086838,0 92.173170,25.086802,0 92.173314,25.086752,0 92.173452,25.086689,0 92.173581,25.086613,0 92.173702,25.086526,0 92.173812,25.086427,0 92.173892,25.086339,0 92.173901,25.086329,0 92.173937,25.086328,0 92.174403,25.086328,0 92.174439,25.086329,0 92.174491,25.086336,0 92.174636,25.086349,0 92.174782,25.086349,0 92.174927,25.086336,0 92.174979,25.086329,0 92.175015,25.086328,0 92.175410,25.086328,0 92.175564,25.086320,0 92.175716,25.086299,0 92.175865,25.086263,0 92.176009,25.086213,0 92.176147,25.086150,0 92.176276,25.086074,0 92.176397,25.085987,0 92.176507,25.085888,0 92.176587,25.085800,0 92.176597,25.085790,0 92.176620,25.085774,0 92.176693,25.085730,0 92.176805,25.085646,0 92.176909,25.085552,0 92.177001,25.085449,0 92.177082,25.085338,0 92.177118,25.085278,0 92.177136,25.085251,0 92.177164,25.085217,0 92.177197,25.085180,0 92.177278,25.085069,0 92.177347,25.084952,0 92.177403,25.084829,0 92.177445,25.084702,0 92.177474,25.084571,0 92.177488,25.084439,0 92.177488,25.084306,0 92.177474,25.084174,0 92.177445,25.084044,0 92.177403,25.083916,0 92.177347,25.083794,0 92.177278,25.083676,0 92.177197,25.083566,0 92.177104,25.083463,0 92.177001,25.083369,0 92.176888,25.083285,0 92.176767,25.083211,0 92.176638,25.083148,0 92.176503,25.083097,0 92.176364,25.083059,0 92.176220,25.083033,0 92.176075,25.083020,0 92.175929,25.083020,0 92.175784,25.083033,0 92.175641,25.083059,0 92.175533,25.083089,0 92.175517,25.083092,0 92.175481,25.083094,0 92.175015,25.083094,0 92.174980,25.083092,0 92.174978,25.083061,0 92.174978,25.083059,0 92.174972,25.082933,0 92.174953,25.082809,0 92.174921,25.082687,0 92.174877,25.082568,0 92.174821,25.082453,0 92.174754,25.082344,0 92.174676,25.082240,0 92.174588,25.082144,0 92.174490,25.082055,0 92.174441,25.082015,0 92.174426,25.081997,0 92.174336,25.081896,0 92.174235,25.081804,0 92.174125,25.081721,0 92.174006,25.081648,0 92.173880,25.081585,0 92.173804,25.081555,0 92.173857,25.081530,0 92.173978,25.081456,0 92.174091,25.081372,0 92.174194,25.081278,0 92.174287,25.081175,0 92.174368,25.081065,0 92.174436,25.080947,0 92.174441,25.080939,0 92.174441,25.080938,0 92.174517,25.080835,0 92.174592,25.080864,0 92.174732,25.080902,0 92.174875,25.080928,0 92.174937,25.080934,0 92.174977,25.080939,0 92.175009,25.080978,0 92.175102,25.081081,0 92.175205,25.081175,0 92.175318,25.081259,0 92.175439,25.081333,0 92.175568,25.081396,0 92.175703,25.081447,0 92.175842,25.081485,0 92.175986,25.081511,0 92.176131,25.081524,0 92.176277,25.081524,0 92.176422,25.081511,0 92.176565,25.081485,0 92.176596,25.081478,0 92.176632,25.081477,0 92.178644,25.081477,0 92.178798,25.081470,0 92.178950,25.081448,0 92.179099,25.081412,0 92.179243,25.081362,0 92.179381,25.081299,0 92.179510,25.081223,0 92.179631,25.081136,0 92.179740,25.081037,0 92.179821,25.080949,0 92.179830,25.080939,0 92.179871,25.080934,0 92.179933,25.080928,0 92.180076,25.080902,0 92.180216,25.080864,0 92.180350,25.080813,0 92.180479,25.080750,0 92.180601,25.080676,0 92.180713,25.080592,0 92.180817,25.080498,0 92.180909,25.080395,0 92.180990,25.080285,0 92.181059,25.080168,0 92.181115,25.080045,0 92.181157,25.079918,0 92.181186,25.079787,0 92.181200,25.079655,0 92.181200,25.079522,0 92.181186,25.079390,0 92.181157,25.079259,0 92.181115,25.079132,0 92.181059,25.079009,0 92.180990,25.078892,0 92.180909,25.078782,0 92.180909,25.078781,0 92.180907,25.078749,0 92.180907,25.078276,0 92.180909,25.078244,0 92.180944,25.078243,0 92.181608,25.078243,0 92.181759,25.078236,0 92.181909,25.078215,0 92.182056,25.078180,0 92.182198,25.078132,0 92.182334,25.078071,0 92.182462,25.077997,0 92.182581,25.077912,0 92.182691,25.077817,0 92.182789,25.077712,0 92.182875,25.077598,0 92.182948,25.077477,0 92.183006,25.077349,0 92.183051,25.077217,0 92.183065,25.077166,0 92.183088,25.077150,0 92.183161,25.077106,0 92.183273,25.077022,0 92.183377,25.076928,0 92.183469,25.076825,0 92.183550,25.076714,0 92.183585,25.076655,0 92.183603,25.076627,0 92.183639,25.076626,0 92.184105,25.076626,0 92.184140,25.076628,0 92.184150,25.076637,0 92.184230,25.076725,0 92.184340,25.076824,0 92.184460,25.076911,0 92.184590,25.076987,0 92.184728,25.077050,0 92.184872,25.077100,0 92.185020,25.077136,0 92.185173,25.077158,0 92.185327,25.077165,0 92.185381,25.077165,0 92.185532,25.077158,0 92.185682,25.077137,0 92.185829,25.077102,0 92.185971,25.077054,0 92.186107,25.076993,0 92.186235,25.076919,0 92.186354,25.076834,0 92.186464,25.076739,0 92.186562,25.076634,0 92.186648,25.076520,0 92.186720,25.076399,0 92.186779,25.076272,0 92.186824,25.076139,0 92.186838,25.076087,0 92.186854,25.076046,0 92.186873,25.076004,0 92.186915,25.075877,0 92.186944,25.075747,0 92.186958,25.075614,0 92.186958,25.075481,0 92.186944,25.075349,0 92.186915,25.075219,0 92.186873,25.075092,0 92.186854,25.075049,0 92.186838,25.075009,0 92.186836,25.074976,0 92.186836,25.074503,0 92.186838,25.074471,0 92.186862,25.074463,0 92.186951,25.074439,0 92.187086,25.074388,0 92.187214,25.074325,0 92.187336,25.074251,0 92.187448,25.074167,0 92.187552,25.074073,0 92.187644,25.073970,0 92.187725,25.073860,0 92.187794,25.073743,0 92.187850,25.073620,0 92.187892,25.073493,0 92.187908,25.073422,0 92.187916,25.073393,0 92.187920,25.073388,0 92.188003,25.073295,0 92.188084,25.073184,0 92.188153,25.073067,0 92.188209,25.072944,0 92.188251,25.072817,0 92.188280,25.072686,0 92.188294,25.072554,0 92.188294,25.072421,0 92.188280,25.072288,0 92.188251,25.072158,0 92.188208,25.072031,0 92.188152,25.071908,0 92.188083,25.071790,0 92.188002,25.071680,0 92.187909,25.071577,0 92.187806,25.071483,0 92.187693,25.071399,0 92.187571,25.071325,0 92.187442,25.071263,0 92.187376,25.071235,0 92.187358,25.071207,0 92.187323,25.071147,0 92.187242,25.071037,0 92.187150,25.070934,0 92.187046,25.070840,0 92.186934,25.070756,0 92.186861,25.070711,0 92.186837,25.070696,0 92.186819,25.070668,0 92.186784,25.070609,0 92.186703,25.070498,0 92.186611,25.070395,0 92.186507,25.070301,0 92.186395,25.070217,0 92.186322,25.070172,0 92.186299,25.070157,0 92.186297,25.070125,0 92.186297,25.069652,0 92.186299,25.069620,0 92.186299,25.069619,0 92.186380,25.069509,0 92.186449,25.069392,0 92.186505,25.069269,0 92.186547,25.069142,0 92.186576,25.069011,0 92.186590,25.068879,0 92.186590,25.068746,0 92.186576,25.068614,0 92.186547,25.068483,0 92.186505,25.068356,0 92.186449,25.068233,0 92.186380,25.068116,0 92.186299,25.068006,0 92.186207,25.067903,0 92.186103,25.067809,0 92.185990,25.067725,0 92.185869,25.067651,0 92.185740,25.067588,0 92.185606,25.067537,0 92.185466,25.067499,0 92.185323,25.067473,0 92.185261,25.067467,0 92.185220,25.067462,0 92.185175,25.067437,0 92.185047,25.067375,0 92.184912,25.067324,0 92.184772,25.067285,0 92.184629,25.067259,0 92.184484,25.067246,0 92.184338,25.067246,0 92.184192,25.067259,0 92.184049,25.067285,0 92.183910,25.067324,0 92.183775,25.067375,0 92.183646,25.067437,0 92.183626,25.067448,0 92.183505,25.067522,0 92.183392,25.067606,0 92.183289,25.067700,0 92.183196,25.067803,0 92.183115,25.067914,0 92.183080,25.067973,0 92.183062,25.068000,0 92.183027,25.068002,0 92.182561,25.068002,0 92.182526,25.068001,0 92.182518,25.067972,0 92.182502,25.067902,0 92.182460,25.067774,0 92.182404,25.067652,0 92.182335,25.067534,0 92.182254,25.067424,0 92.182162,25.067321,0 92.182059,25.067227,0 92.181946,25.067143,0 92.181824,25.067069,0 92.181696,25.067006,0 92.181561,25.066955,0 92.181472,25.066931,0 92.181462,25.066928,0 92.181448,25.066924,0 92.181433,25.066905,0 92.181342,25.066804,0 92.181241,25.066712,0 92.181131,25.066629,0 92.181013,25.066555,0 92.180887,25.066493,0 92.180755,25.066442,0 92.180619,25.066402,0 92.180479,25.066375,0 92.180337,25.066360,0 92.180194,25.066358,0 92.180051,25.066368,0 92.179910,25.066391,0 92.179772,25.066426,0 92.179638,25.066473,0 92.179510,25.066531,0 92.179389,25.066600,0 92.179276,25.066680,0 92.179171,25.066769,0 92.179077,25.066867,0 92.178993,25.066972,0 92.178920,25.067085,0 92.178860,25.067203,0 92.178813,25.067326,0 92.178779,25.067453,0 92.178758,25.067582,0 92.178751,25.067712,0 92.178751,25.067779,0 92.178759,25.067917,0 92.178782,25.068053,0 92.178820,25.068187,0 92.178873,25.068316,0 92.178940,25.068440,0 92.179021,25.068557,0 92.179114,25.068665,0 92.179219,25.068765,0 92.179335,25.068854,0 92.179460,25.068933,0 92.179592,25.068999,0 92.179732,25.069052,0 92.179778,25.069065,0 92.179813,25.069077,0 92.179827,25.069080,0 92.179828,25.069081,0 92.179829,25.069113,0 92.179829,25.069586,0 92.179828,25.069618,0 92.179824,25.069623,0 92.179740,25.069716,0 92.179659,25.069827,0 92.179590,25.069944,0 92.179534,25.070067,0 92.179492,25.070194,0 92.179464,25.070325,0 92.179449,25.070457,0 92.179449,25.070590,0 92.179464,25.070723,0 92.179492,25.070853,0 92.179535,25.070980,0 92.179591,25.071103,0 92.179660,25.071221,0 92.179741,25.071331,0 92.179834,25.071434,0 92.179938,25.071528,0 92.180051,25.071612,0 92.180172,25.071686,0 92.180301,25.071748,0 92.180367,25.071776,0 92.180368,25.071808,0 92.180368,25.072820,0 92.180366,25.072853,0 92.180356,25.072914,0 92.180354,25.072925,0 92.180340,25.073059,0 92.180340,25.073193,0 92.180355,25.073326,0 92.180367,25.073395,0 92.180368,25.073425,0 92.180368,25.073898,0 92.180367,25.073929,0 92.180332,25.073931,0 92.179327,25.073931,0 92.179291,25.073929,0 92.179260,25.073922,0 92.179117,25.073896,0 92.178972,25.073883,0 92.178826,25.073883,0 92.178680,25.073896,0 92.178537,25.073922,0 92.178398,25.073961,0 92.178263,25.074012,0 92.178134,25.074074,0 92.178013,25.074148,0 92.177900,25.074233,0 92.177797,25.074327,0 92.177704,25.074429,0 92.177672,25.074469,0 92.177629,25.074483,0 92.177586,25.074494,0 92.177456,25.074543,0 92.177331,25.074602,0 92.177213,25.074672,0 92.177103,25.074752,0 92.177002,25.074841,0 92.176910,25.074938,0 92.176829,25.075043,0 92.176759,25.075154,0 92.176701,25.075271,0 92.176655,25.075392,0 92.176622,25.075516,0 92.176602,25.075643,0 92.176595,25.075771,0 92.176595,25.076054,0 92.176594,25.076087,0 92.176590,25.076109,0 92.176571,25.076195,0 92.176557,25.076327,0 92.176557,25.076352,0 92.176481,25.076303,0 92.176358,25.076238,0 92.176229,25.076184,0 92.176095,25.076142,0 92.175958,25.076112,0 92.175817,25.076093,0 92.175675,25.076087,0 92.175554,25.076087,0 92.175518,25.076085,0 92.175501,25.076058,0 92.175465,25.075998,0 92.175384,25.075888,0 92.175292,25.075785,0 92.175189,25.075691,0 92.175076,25.075607,0 92.175003,25.075562,0 92.174980,25.075547,0 92.174962,25.075519,0 92.174926,25.075459,0 92.174845,25.075349,0 92.174753,25.075246,0 92.174650,25.075152,0 92.174537,25.075068,0 92.174464,25.075023,0 92.174441,25.075008,0 92.174423,25.074980,0 92.174387,25.074920,0 92.174306,25.074810,0 92.174214,25.074707,0 92.174111,25.074613,0 92.173998,25.074529,0 92.173925,25.074484,0 92.173902,25.074469,0 92.173896,25.074446,0 92.173878,25.074363,0 92.173835,25.074236,0 92.173779,25.074113,0 92.173711,25.073996,0 92.173629,25.073885,0 92.173537,25.073783,0 92.173434,25.073689,0 92.173321,25.073604,0 92.173199,25.073530,0 92.173071,25.073468,0 92.172936,25.073417,0 92.172796,25.073378,0 92.172653,25.073352,0 92.172508,25.073339,0 92.172362,25.073339,0 92.172217,25.073352,0 92.172074,25.073378,0 92.171934,25.073417,0 92.171799,25.073468,0 92.171670,25.073530,0 92.171549,25.073604,0 92.171436,25.073689,0 92.171333,25.073783,0 92.171240,25.073885,0 92.171205,25.073929,0 92.171169,25.073931,0 92.170537,25.073931,0 92.170391,25.073937,0 92.170247,25.073957,0 92.170105,25.073989,0 92.169968,25.074034,0 92.169836,25.074091,0 92.169710,25.074159,0 92.169593,25.074238,0 92.169485,25.074328,0 92.169387,25.074426,0 92.169300,25.074533,0 92.169225,25.074647,0 92.169163,25.074767,0 92.169114,25.074892,0 92.169078,25.075021,0 92.169057,25.075153,0 92.169050,25.075286,0 92.169049,25.076349,0 92.169057,25.076482,0 92.169078,25.076614,0 92.169114,25.076743,0 92.169163,25.076868,0 92.169225,25.076988,0 92.169300,25.077102,0 92.169387,25.077209,0 92.169485,25.077307,0 92.169593,25.077396,0 92.169710,25.077476,0 92.169836,25.077544,0 92.169968,25.077601,0 92.170105,25.077646,0 92.170247,25.077678,0 92.170391,25.077697,0 92.170537,25.077704,0 92.170630,25.077704,0 92.170666,25.077705,0 92.170675,25.077715,0 92.170755,25.077803,0 92.170865,25.077902,0 92.170985,25.077989,0 92.171115,25.078065,0 92.171253,25.078128,0 92.171397,25.078178,0 92.171546,25.078214,0 92.171698,25.078236,0 92.171852,25.078243,0 92.172786,25.078243,0 92.172822,25.078244,0 92.172874,25.078251,0 92.173019,25.078264,0 92.173165,25.078264,0 92.173310,25.078251,0 92.173362,25.078244,0 92.173398,25.078243,0 92.173864,25.078243,0 92.173899,25.078244,0 92.173900,25.078276,0 92.173900,25.078749,0 92.173899,25.078781,0 92.173898,25.078782,0 92.173823,25.078884,0 92.173748,25.078856,0 92.173608,25.078817,0 92.173465,25.078791,0 92.173403,25.078786,0 92.173310,25.078773,0 92.173165,25.078760,0 92.173019,25.078760,0 92.172874,25.078773,0 92.172781,25.078786,0 92.172719,25.078791,0 92.172576,25.078817,0 92.172436,25.078856,0 92.172301,25.078907,0 92.172172,25.078969,0 92.172051,25.079043,0 92.171938,25.079128,0 92.171835,25.079222,0 92.171742,25.079324,0 92.171661,25.079435,0 92.171593,25.079552,0 92.171537,25.079675,0 92.171494,25.079802,0 92.171466,25.079933,0 92.171452,25.080065,0 92.171452,25.080198,0 92.171466,25.080330,0 92.171494,25.080460,0 92.171537,25.080588,0 92.171593,25.080710,0 92.171661,25.080828,0 92.171742,25.080938,0 92.171743,25.080939,0 92.171747,25.080947,0 92.171816,25.081065,0 92.171897,25.081175,0 92.171990,25.081278,0 92.172093,25.081372,0 92.172206,25.081456,0 92.172327,25.081530,0 92.172456,25.081593,0 92.172518,25.081616,0 92.172504,25.081623,0 92.172382,25.081692,0 92.172269,25.081772,0 92.172164,25.081861,0 92.172070,25.081959,0 92.171986,25.082064,0 92.171914,25.082177,0 92.171853,25.082295,0 92.171806,25.082418,0 92.171772,25.082545,0 92.171751,25.082674,0 92.171744,25.082804,0 92.171744,25.083061,0 92.171743,25.083092,0 92.171708,25.083094,0 92.171242,25.083094,0 92.171206,25.083092,0 92.171203,25.083088,0 92.171118,25.082995,0 92.171015,25.082901,0 92.170902,25.082816,0 92.170781,25.082743,0 92.170652,25.082680,0 92.170517,25.082629,0 92.170377,25.082590,0 92.170234,25.082564,0 92.170166,25.082558,0 92.170128,25.082553,0 92.170097,25.082546,0 92.169954,25.082520,0 92.169809,25.082507,0 92.169663,25.082507,0 92.169518,25.082520,0 92.169375,25.082546,0 92.169235,25.082585,0 92.169100,25.082636,0 92.168971,25.082698,0 92.168850,25.082772,0 92.168737,25.082857,0 92.168634,25.082951,0 92.168541,25.083053,0 92.168510,25.083092,0 92.168474,25.083094,0 92.168008,25.083094,0 92.167973,25.083092,0 92.167972,25.083061,0 92.167972,25.082239,0 92.167965,25.082111,0 92.167945,25.081984,0 92.167912,25.081860,0 92.167866,25.081738,0 92.167808,25.081622,0 92.167738,25.081510,0 92.167657,25.081406,0 92.167565,25.081309,0 92.167464,25.081220,0 92.167353,25.081140,0 92.167235,25.081070,0 92.167111,25.081011,0 92.166980,25.080962,0 92.166938,25.080951,0 92.166895,25.080937,0 92.166881,25.080885,0 92.166840,25.080763,0 92.166787,25.080644,0 92.166722,25.080530,0 92.166645,25.080423,0 92.166558,25.080322,0 92.166460,25.080230,0 92.166353,25.080147,0 92.166238,25.080073,0 92.166116,25.080009,0 92.165988,25.079956,0 92.165855,25.079914,0 92.165718,25.079884,0 92.165579,25.079866,0 92.165438,25.079860,0 92.164856,25.079860,0 92.164714,25.079866,0 92.164573,25.079885,0 92.164434,25.079916,0 92.164299,25.079959,0 92.164169,25.080013,0 92.164046,25.080079,0 92.163930,25.080155,0 92.163823,25.080240,0 92.163725,25.080335,0 92.163638,25.080438,0 92.163562,25.080548,0 92.163497,25.080664,0 92.163446,25.080785,0 92.163407,25.080911,0 92.163382,25.081039,0 92.163370,25.081168,0 92.163372,25.081298,0 92.163388,25.081427,0 92.163417,25.081555,0 92.163459,25.081679,0 92.163515,25.081799,0 92.163582,25.081913,0 92.163655,25.082012,0 92.163658,25.082016,0 92.163660,25.082049,0 92.163660,25.082331,0 92.163667,25.082469,0 92.163690,25.082606,0 92.163729,25.082739,0 92.163782,25.082869,0 92.163849,25.082992,0 92.163929,25.083109,0 92.164023,25.083218,0 92.164127,25.083318,0 92.164243,25.083407,0 92.164368,25.083485,0 92.164501,25.083552,0 92.164641,25.083605,0 92.164686,25.083618,0 92.164736,25.083634,0 92.164738,25.083666,0 92.164738,25.084139,0 92.164736,25.084170,0 92.164701,25.084172,0 92.163157,25.084172,0 92.163122,25.084170,0 92.163090,25.084131,0 92.162997,25.084029,0 92.162894,25.083935,0 92.162781,25.083850,0 92.162660,25.083776,0 92.162531,25.083714,0 92.162396,25.083663,0 92.162257,25.083624,0 92.162113,25.083598,0 92.161968,25.083585,0 92.161822,25.083585,0 92.161677,25.083598,0 92.161534,25.083624,0 92.161503,25.083631,0 92.161467,25.083633,0 92.161342,25.083633,0 92.161201,25.083639,0 92.161062,25.083657,0 92.160925,25.083687,0 92.160792,25.083729,0 92.160664,25.083782,0 92.160542,25.083845,0 92.160427,25.083919,0 92.160320,25.084003,0 92.160223,25.084095,0 92.160135,25.084196,0 92.160058,25.084303,0 92.159993,25.084417,0 92.159940,25.084535,0 92.159899,25.084658,0 92.159885,25.084710,0 92.159861,25.084717,0 92.159772,25.084742,0 92.159637,25.084793,0 92.159509,25.084855,0 92.159387,25.084929,0 92.159274,25.085014,0 92.159171,25.085108,0 92.159079,25.085210,0 92.158998,25.085321,0 92.158929,25.085438,0 92.158873,25.085561,0 92.158831,25.085688,0 92.158815,25.085759,0 92.158807,25.085787,0 92.158772,25.085789,0 92.158647,25.085789,0 92.158507,25.085795,0 92.158367,25.085813,0 92.158230,25.085843,0 92.158097,25.085885,0 92.157969,25.085938,0 92.157847,25.086001,0 92.157732,25.086075,0 92.157625,25.086159,0 92.157528,25.086251,0 92.157440,25.086352,0 92.157363,25.086459,0 92.157298,25.086573,0 92.157245,25.086691,0 92.157204,25.086814,0 92.157190,25.086865,0 92.157155,25.086867,0 92.156689,25.086867,0 92.156654,25.086865,0 92.156650,25.086861,0 92.156565,25.086768,0 92.156462,25.086674,0 92.156349,25.086589,0 92.156228,25.086515,0 92.156099,25.086453,0 92.155964,25.086402,0 92.155825,25.086363,0 92.155682,25.086337,0 92.155613,25.086331,0 92.155575,25.086326,0 92.155531,25.086302,0 92.155402,25.086239,0 92.155267,25.086188,0 92.155128,25.086150,0 92.154985,25.086124,0 92.154839,25.086111,0 92.154693,25.086111,0 92.154548,25.086124,0 92.154405,25.086150,0 92.154265,25.086188,0 92.154130,25.086239,0 92.154002,25.086302,0 92.153957,25.086326,0 92.153921,25.086328,0 92.153257,25.086328,0 92.153117,25.086334,0 92.152977,25.086352,0 92.152841,25.086382,0 92.152707,25.086424,0 92.152579,25.086477,0 92.152457,25.086540,0 92.152342,25.086614,0 92.152235,25.086698,0 92.152138,25.086790,0 92.152050,25.086891,0 92.151974,25.086998,0 92.151908,25.087112,0 92.151855,25.087230,0 92.151814,25.087353,0 92.151800,25.087404,0 92.151765,25.087406,0 92.150760,25.087406,0 92.150724,25.087404,0 92.150694,25.087397,0 92.150551,25.087371,0 92.150405,25.087358,0 92.150259,25.087358,0 92.150114,25.087371,0 92.149971,25.087397,0 92.149831,25.087436,0 92.149696,25.087487,0 92.149568,25.087549,0 92.149446,25.087623,0 92.149333,25.087707,0 92.149230,25.087801,0 92.149138,25.087904,0 92.149106,25.087943,0 92.149070,25.087945,0 92.148065,25.087945,0 92.148029,25.087943,0 92.147974,25.087913,0 92.147845,25.087850,0 92.147711,25.087799,0 92.147571,25.087761,0 92.147428,25.087735,0 92.147282,25.087722,0 92.147136,25.087722,0 92.146991,25.087735,0 92.146848,25.087761,0 92.146708,25.087799,0 92.146573,25.087850,0 92.146445,25.087913,0 92.146323,25.087987,0 92.146211,25.088071,0 92.146107,25.088165,0 92.146015,25.088268,0 92.145934,25.088378,0 92.145879,25.088471,0 92.145872,25.088482,0 92.145834,25.088487,0 92.145766,25.088493,0 92.145623,25.088519,0 92.145483,25.088558,0 92.145349,25.088609,0 92.145220,25.088671,0 92.145098,25.088745,0 92.144986,25.088830,0 92.144882,25.088924,0 92.144798,25.089017,0 92.144794,25.089021,0 92.144758,25.089023,0 92.144375,25.089023,0 92.144232,25.089029,0 92.144091,25.089048,0 92.143952,25.089078,0 92.143817,25.089121,0 92.143688,25.089176,0 92.143564,25.089241,0 92.143449,25.089317,0 92.143341,25.089403,0 92.143243,25.089498,0 92.143156,25.089601,0 92.143080,25.089711,0 92.143016,25.089827,0 92.142964,25.089948,0 92.142925,25.090073,0 92.142900,25.090201,0 92.142888,25.090331,0 92.142890,25.090461,0 92.142906,25.090590,0 92.142935,25.090718,0 92.142978,25.090842,0 92.143033,25.090962,0 92.143101,25.091076,0 92.143173,25.091175,0</coordinates></LinearRing></outerBoundaryIs></Polygon></MultiGeometry></Placemark>
<Placemark><name>TEA-C007 (246 ha)</name><description><![CDATA[<b>TEA-C007</b><br/>upazila: Jaintiapur<br/>area: 246 ha<br/><hr/>Estates expected in this upazila:<br/>Afifanagar, Lallakhal, Sreepore<br/><br/><b>Zoom in.</b> Tea shows regular planted rows, uniform canopy, pale service tracks in a grid, hard geometric edges. Natural forest is chaotic with ragged edges.<br/><br/>Record yes/no in sylhet_tea_candidates_review.csv]]></description><styleUrl>#cand</styleUrl><MultiGeometry><Polygon><outerBoundaryIs><LinearRing><coordinates>92.149095,25.113336,0 92.149093,25.113350,0 92.149078,25.113483,0 92.149078,25.113616,0 92.149093,25.113749,0 92.149122,25.113880,0 92.149165,25.114008,0 92.149221,25.114131,0 92.149291,25.114249,0 92.149373,25.114359,0 92.149466,25.114462,0 92.149571,25.114556,0 92.149684,25.114640,0 92.149807,25.114714,0 92.149937,25.114776,0 92.150073,25.114826,0 92.150213,25.114864,0 92.150357,25.114889,0 92.150503,25.114901,0 92.150650,25.114900,0 92.150767,25.114894,0 92.151765,25.114894,0 92.151801,25.114896,0 92.151840,25.114908,0 92.151979,25.114947,0 92.152123,25.114973,0 92.152268,25.114986,0 92.152414,25.114986,0 92.152559,25.114973,0 92.152702,25.114947,0 92.152842,25.114908,0 92.152880,25.114896,0 92.152916,25.114894,0 92.153217,25.114894,0 92.153365,25.114887,0 92.153512,25.114867,0 92.153656,25.114834,0 92.153795,25.114788,0 92.153926,25.114730,0 92.154010,25.114771,0 92.154145,25.114822,0 92.154285,25.114861,0 92.154428,25.114887,0 92.154496,25.114896,0 92.154535,25.114908,0 92.154674,25.114947,0 92.154817,25.114973,0 92.154963,25.114986,0 92.155109,25.114986,0 92.155254,25.114973,0 92.155397,25.114947,0 92.155537,25.114908,0 92.155575,25.114896,0 92.155611,25.114894,0 92.158772,25.114894,0 92.158808,25.114896,0 92.158817,25.114905,0 92.158898,25.114994,0 92.159007,25.115092,0 92.159128,25.115180,0 92.159258,25.115255,0 92.159395,25.115318,0 92.159539,25.115368,0 92.159688,25.115404,0 92.159840,25.115426,0 92.159994,25.115433,0 92.160389,25.115433,0 92.160425,25.115435,0 92.160442,25.115462,0 92.160478,25.115522,0 92.160559,25.115632,0 92.160651,25.115735,0 92.160755,25.115829,0 92.160868,25.115913,0 92.160940,25.115958,0 92.160963,25.115973,0 92.160965,25.116005,0 92.160965,25.116478,0 92.160963,25.116510,0 92.160900,25.116537,0 92.160895,25.116539,0 92.160767,25.116602,0 92.160645,25.116675,0 92.160532,25.116760,0 92.160429,25.116854,0 92.160337,25.116956,0 92.160255,25.117067,0 92.160187,25.117184,0 92.160131,25.117307,0 92.160088,25.117434,0 92.160060,25.117565,0 92.160046,25.117697,0 92.160046,25.117830,0 92.160060,25.117962,0 92.160088,25.118092,0 92.160131,25.118220,0 92.160187,25.118342,0 92.160255,25.118460,0 92.160337,25.118570,0 92.160420,25.118663,0 92.160420,25.118663,0 92.160513,25.118766,0 92.160616,25.118860,0 92.160729,25.118944,0 92.160851,25.119018,0 92.160979,25.119081,0 92.161114,25.119132,0 92.161254,25.119170,0 92.161397,25.119196,0 92.161465,25.119202,0 92.161503,25.119208,0 92.161507,25.119211,0 92.161591,25.119305,0 92.161694,25.119399,0 92.161807,25.119483,0 92.161929,25.119557,0 92.162057,25.119620,0 92.162192,25.119671,0 92.162332,25.119709,0 92.162475,25.119735,0 92.162543,25.119741,0 92.162581,25.119747,0 92.162616,25.119790,0 92.162708,25.119892,0 92.162812,25.119986,0 92.162924,25.120071,0 92.163046,25.120145,0 92.163175,25.120207,0 92.163309,25.120258,0 92.163449,25.120297,0 92.163592,25.120323,0 92.163738,25.120336,0 92.163884,25.120336,0 92.164029,25.120323,0 92.164172,25.120297,0 92.164312,25.120258,0 92.164447,25.120207,0 92.164576,25.120145,0 92.164697,25.120071,0 92.164810,25.119986,0 92.164913,25.119892,0 92.165006,25.119790,0 92.165087,25.119679,0 92.165156,25.119562,0 92.165212,25.119439,0 92.165254,25.119312,0 92.165272,25.119231,0 92.165278,25.119207,0 92.165301,25.119191,0 92.165374,25.119147,0 92.165487,25.119063,0 92.165590,25.118969,0 92.165682,25.118866,0 92.165764,25.118756,0 92.165799,25.118696,0 92.165817,25.118668,0 92.165818,25.118667,0 92.165899,25.118557,0 92.165967,25.118440,0 92.166023,25.118317,0 92.166066,25.118190,0 92.166094,25.118059,0 92.166109,25.117927,0 92.166109,25.117794,0 92.166094,25.117662,0 92.166066,25.117531,0 92.166023,25.117404,0 92.165967,25.117281,0 92.165899,25.117164,0 92.165818,25.117054,0 92.165725,25.116951,0 92.165622,25.116857,0 92.165509,25.116773,0 92.165387,25.116699,0 92.165259,25.116636,0 92.165124,25.116585,0 92.164984,25.116547,0 92.164841,25.116521,0 92.164780,25.116515,0 92.164739,25.116510,0 92.164738,25.116478,0 92.164738,25.116005,0 92.164739,25.115974,0 92.164774,25.115972,0 92.165169,25.115972,0 92.165323,25.115965,0 92.165475,25.115943,0 92.165624,25.115907,0 92.165768,25.115857,0 92.165906,25.115794,0 92.166035,25.115719,0 92.166156,25.115631,0 92.166266,25.115533,0 92.166346,25.115444,0 92.166355,25.115435,0 92.166371,25.115433,0 92.166407,25.115426,0 92.166408,25.115426,0 92.166557,25.115433,0 92.167396,25.115433,0 92.167432,25.115435,0 92.167484,25.115442,0 92.167629,25.115455,0 92.167775,25.115455,0 92.167920,25.115442,0 92.167972,25.115435,0 92.168008,25.115433,0 92.168309,25.115433,0 92.168457,25.115426,0 92.168459,25.115426,0 92.168494,25.115433,0 92.168509,25.115435,0 92.168511,25.115466,0 92.168511,25.115939,0 92.168509,25.115971,0 92.168472,25.115976,0 92.168404,25.115982,0 92.168261,25.116008,0 92.168121,25.116046,0 92.167986,25.116097,0 92.167857,25.116160,0 92.167736,25.116234,0 92.167623,25.116318,0 92.167520,25.116412,0 92.167435,25.116506,0 92.167432,25.116510,0 92.167416,25.116512,0 92.167271,25.116538,0 92.167129,25.116578,0 92.166992,25.116630,0 92.166861,25.116694,0 92.166738,25.116770,0 92.166625,25.116857,0 92.166521,25.116953,0 92.166428,25.117059,0 92.166347,25.117172,0 92.166279,25.117292,0 92.166225,25.117418,0 92.166184,25.117548,0 92.166159,25.117681,0 92.166147,25.117816,0 92.166151,25.117951,0 92.166169,25.118085,0 92.166202,25.118217,0 92.166249,25.118345,0 92.166310,25.118468,0 92.166384,25.118586,0 92.166471,25.118695,0 92.166569,25.118797,0 92.166678,25.118889,0 92.166796,25.118970,0 92.166922,25.119041,0 92.167056,25.119100,0 92.167196,25.119146,0 92.167339,25.119179,0 92.167486,25.119199,0 92.167634,25.119206,0 92.169750,25.119206,0 92.169901,25.119199,0 92.170051,25.119178,0 92.170198,25.119143,0 92.170340,25.119095,0 92.170476,25.119034,0 92.170604,25.118960,0 92.170724,25.118876,0 92.170833,25.118780,0 92.170931,25.118675,0 92.171017,25.118561,0 92.171090,25.118440,0 92.171149,25.118313,0 92.171193,25.118181,0 92.171207,25.118130,0 92.171242,25.118128,0 92.172786,25.118128,0 92.172821,25.118130,0 92.172822,25.118161,0 92.172822,25.118634,0 92.172821,25.118667,0 92.172810,25.118731,0 92.172796,25.118867,0 92.172796,25.119004,0 92.172812,25.119140,0 92.172843,25.119274,0 92.172888,25.119404,0 92.172948,25.119530,0 92.173022,25.119649,0 92.173108,25.119761,0 92.173206,25.119865,0 92.173315,25.119959,0 92.173434,25.120043,0 92.173562,25.120115,0 92.173697,25.120175,0 92.173838,25.120222,0 92.173983,25.120256,0 92.174132,25.120277,0 92.174282,25.120284,0 92.174403,25.120284,0 92.174439,25.120286,0 92.174469,25.120292,0 92.174612,25.120318,0 92.174758,25.120331,0 92.174904,25.120331,0 92.175049,25.120318,0 92.175192,25.120292,0 92.175332,25.120254,0 92.175467,25.120203,0 92.175596,25.120140,0 92.175717,25.120067,0 92.175830,25.119982,0 92.175933,25.119888,0 92.176026,25.119785,0 92.176058,25.119746,0 92.176107,25.119706,0 92.176216,25.119606,0 92.176313,25.119496,0 92.176398,25.119377,0 92.176468,25.119251,0 92.176523,25.119119,0 92.176563,25.118983,0 92.176587,25.118843,0 92.176595,25.118702,0 92.176595,25.118700,0 92.176597,25.118668,0 92.176620,25.118652,0 92.176692,25.118608,0 92.176805,25.118524,0 92.176909,25.118430,0 92.177001,25.118327,0 92.177082,25.118217,0 92.177118,25.118157,0 92.177136,25.118129,0 92.177159,25.118113,0 92.177231,25.118069,0 92.177344,25.117985,0 92.177448,25.117891,0 92.177540,25.117788,0 92.177621,25.117678,0 92.177657,25.117618,0 92.177675,25.117590,0 92.177724,25.117550,0 92.177833,25.117450,0 92.177930,25.117340,0 92.178015,25.117221,0 92.178085,25.117095,0 92.178140,25.116963,0 92.178180,25.116827,0 92.178204,25.116687,0 92.178212,25.116546,0 92.178212,25.116544,0 92.178214,25.116513,0 92.178254,25.116507,0 92.178316,25.116502,0 92.178459,25.116476,0 92.178599,25.116437,0 92.178733,25.116386,0 92.178862,25.116324,0 92.178984,25.116250,0 92.179096,25.116165,0 92.179200,25.116071,0 92.179292,25.115969,0 92.179373,25.115858,0 92.179442,25.115741,0 92.179498,25.115618,0 92.179540,25.115491,0 92.179569,25.115360,0 92.179583,25.115228,0 92.179583,25.115095,0 92.179569,25.114963,0 92.179540,25.114833,0 92.179498,25.114705,0 92.179442,25.114583,0 92.179373,25.114465,0 92.179292,25.114355,0 92.179292,25.114355,0 92.179290,25.114322,0 92.179290,25.113849,0 92.179292,25.113817,0 92.179294,25.113815,0 92.179375,25.113704,0 92.179444,25.113587,0 92.179500,25.113464,0 92.179542,25.113337,0 92.179570,25.113206,0 92.179585,25.113074,0 92.179585,25.112941,0 92.179570,25.112809,0 92.179542,25.112679,0 92.179500,25.112551,0 92.179444,25.112429,0 92.179375,25.112311,0 92.179294,25.112201,0 92.179292,25.112199,0 92.179290,25.112166,0 92.179290,25.111937,0 92.179283,25.111804,0 92.179262,25.111673,0 92.179226,25.111544,0 92.179177,25.111418,0 92.179115,25.111298,0 92.179040,25.111184,0 92.178953,25.111077,0 92.178855,25.110979,0 92.178746,25.110890,0 92.178629,25.110811,0 92.178504,25.110742,0 92.178372,25.110685,0 92.178234,25.110641,0 92.178093,25.110608,0 92.177948,25.110589,0 92.177803,25.110582,0 92.177710,25.110582,0 92.177674,25.110581,0 92.177661,25.110564,0 92.177570,25.110463,0 92.177469,25.110371,0 92.177359,25.110288,0 92.177241,25.110215,0 92.177115,25.110152,0 92.176983,25.110101,0 92.176847,25.110062,0 92.176707,25.110035,0 92.176564,25.110020,0 92.176421,25.110017,0 92.176278,25.110028,0 92.176137,25.110050,0 92.176013,25.110082,0 92.176028,25.110066,0 92.176114,25.109955,0 92.176188,25.109837,0 92.176248,25.109712,0 92.176295,25.109583,0 92.176327,25.109450,0 92.176344,25.109315,0 92.176346,25.109179,0 92.176333,25.109044,0 92.176305,25.108910,0 92.176263,25.108780,0 92.176207,25.108654,0 92.176137,25.108534,0 92.176061,25.108430,0 92.176058,25.108426,0 92.176056,25.108393,0 92.176056,25.107921,0 92.176058,25.107888,0 92.176081,25.107873,0 92.176154,25.107829,0 92.176266,25.107744,0 92.176370,25.107650,0 92.176462,25.107547,0 92.176543,25.107437,0 92.176579,25.107377,0 92.176600,25.107345,0 92.176673,25.107246,0 92.176740,25.107131,0 92.176796,25.107011,0 92.176838,25.106887,0 92.176867,25.106760,0 92.176883,25.106631,0 92.176885,25.106501,0 92.176873,25.106371,0 92.176848,25.106243,0 92.176809,25.106118,0 92.176758,25.105997,0 92.176693,25.105880,0 92.176617,25.105770,0 92.176530,25.105668,0 92.176432,25.105573,0 92.176325,25.105487,0 92.176209,25.105411,0 92.176085,25.105346,0 92.175956,25.105291,0 92.175821,25.105248,0 92.175682,25.105217,0 92.175541,25.105199,0 92.175398,25.105192,0 92.174008,25.105192,0 92.173869,25.105198,0 92.173732,25.105216,0 92.173597,25.105245,0 92.173466,25.105286,0 92.173339,25.105337,0 92.173218,25.105399,0 92.173104,25.105471,0 92.172998,25.105552,0 92.172901,25.105642,0 92.172829,25.105722,0 92.172822,25.105730,0 92.172786,25.105731,0 92.172320,25.105731,0 92.172284,25.105730,0 92.172232,25.105723,0 92.172087,25.105710,0 92.171941,25.105710,0 92.171796,25.105723,0 92.171744,25.105730,0 92.171708,25.105731,0 92.171325,25.105731,0 92.171175,25.105738,0 92.171028,25.105759,0 92.170883,25.105792,0 92.170743,25.105839,0 92.170609,25.105898,0 92.170482,25.105970,0 92.170363,25.106052,0 92.170254,25.106145,0 92.170156,25.106248,0 92.170070,25.106359,0 92.169996,25.106477,0 92.169935,25.106601,0 92.169889,25.106730,0 92.169857,25.106863,0 92.169840,25.106998,0 92.169838,25.107134,0 92.169851,25.107270,0 92.169878,25.107403,0 92.169921,25.107534,0 92.169977,25.107660,0 92.170047,25.107780,0 92.170123,25.107883,0 92.170126,25.107888,0 92.170127,25.107921,0 92.170127,25.108393,0 92.170126,25.108426,0 92.170115,25.108490,0 92.170101,25.108626,0 92.170101,25.108763,0 92.170117,25.108899,0 92.170148,25.109033,0 92.170194,25.109163,0 92.170253,25.109289,0 92.170327,25.109408,0 92.170413,25.109521,0 92.170511,25.109624,0 92.170620,25.109718,0 92.170739,25.109802,0 92.170867,25.109874,0 92.171002,25.109934,0 92.171143,25.109981,0 92.171288,25.110016,0 92.171437,25.110036,0 92.171587,25.110043,0 92.171708,25.110043,0 92.171744,25.110045,0 92.171747,25.110049,0 92.171832,25.110142,0 92.171935,25.110236,0 92.172048,25.110321,0 92.172169,25.110395,0 92.172298,25.110457,0 92.172433,25.110508,0 92.172573,25.110547,0 92.172716,25.110573,0 92.172784,25.110579,0 92.172822,25.110584,0 92.172866,25.110608,0 92.172995,25.110671,0 92.173130,25.110721,0 92.173269,25.110760,0 92.173413,25.110786,0 92.173558,25.110799,0 92.173704,25.110799,0 92.173849,25.110786,0 92.173992,25.110760,0 92.174132,25.110721,0 92.174267,25.110671,0 92.174396,25.110608,0 92.174440,25.110584,0 92.174476,25.110582,0 92.174859,25.110582,0 92.175008,25.110575,0 92.175156,25.110555,0 92.175301,25.110521,0 92.175312,25.110518,0 92.175304,25.110526,0 92.175220,25.110632,0 92.175147,25.110744,0 92.175087,25.110862,0 92.175040,25.110985,0 92.175006,25.111112,0 92.174985,25.111241,0 92.174978,25.111371,0 92.174978,25.111627,0 92.174977,25.111659,0 92.174940,25.111664,0 92.174872,25.111670,0 92.174729,25.111696,0 92.174589,25.111734,0 92.174454,25.111785,0 92.174325,25.111848,0 92.174204,25.111922,0 92.174091,25.112006,0 92.173988,25.112100,0 92.173903,25.112194,0 92.173900,25.112198,0 92.173864,25.112199,0 92.172859,25.112199,0 92.172823,25.112198,0 92.172779,25.112173,0 92.172650,25.112111,0 92.172515,25.112060,0 92.172375,25.112021,0 92.172232,25.111995,0 92.172087,25.111982,0 92.171941,25.111982,0 92.171796,25.111995,0 92.171652,25.112021,0 92.171513,25.112060,0 92.171378,25.112111,0 92.171249,25.112173,0 92.171205,25.112198,0 92.171167,25.112203,0 92.171099,25.112209,0 92.170956,25.112235,0 92.170816,25.112273,0 92.170681,25.112324,0 92.170552,25.112387,0 92.170431,25.112461,0 92.170318,25.112545,0 92.170215,25.112639,0 92.170130,25.112733,0 92.170127,25.112737,0 92.170091,25.112738,0 92.169625,25.112738,0 92.169589,25.112737,0 92.169537,25.112730,0 92.169392,25.112717,0 92.169246,25.112717,0 92.169101,25.112730,0 92.169049,25.112737,0 92.169013,25.112738,0 92.168712,25.112738,0 92.168569,25.112744,0 92.168563,25.112745,0 92.168527,25.112739,0 92.168511,25.112737,0 92.168486,25.112716,0 92.168432,25.112666,0 92.168319,25.112582,0 92.168197,25.112508,0 92.168069,25.112445,0 92.167934,25.112395,0 92.167794,25.112356,0 92.167651,25.112330,0 92.167506,25.112317,0 92.167360,25.112317,0 92.167214,25.112330,0 92.167071,25.112356,0 92.166931,25.112395,0 92.166796,25.112445,0 92.166668,25.112508,0 92.166546,25.112582,0 92.166433,25.112666,0 92.166379,25.112716,0 92.166354,25.112737,0 92.166338,25.112739,0 92.166302,25.112745,0 92.166296,25.112744,0 92.166153,25.112738,0 92.165852,25.112738,0 92.165817,25.112737,0 92.165816,25.112705,0 92.165816,25.112476,0 92.165808,25.112343,0 92.165787,25.112211,0 92.165752,25.112083,0 92.165702,25.111957,0 92.165640,25.111837,0 92.165565,25.111723,0 92.165478,25.111616,0 92.165380,25.111518,0 92.165272,25.111429,0 92.165154,25.111349,0 92.165029,25.111281,0 92.164897,25.111224,0 92.164760,25.111180,0 92.164618,25.111147,0 92.164474,25.111128,0 92.164328,25.111121,0 92.164235,25.111121,0 92.164142,25.111117,0 92.164001,25.111117,0 92.163860,25.111129,0 92.163720,25.111153,0 92.163584,25.111189,0 92.163453,25.111237,0 92.163327,25.111296,0 92.163214,25.111362,0 92.163226,25.111338,0 92.163273,25.111210,0 92.163306,25.111078,0 92.163324,25.110944,0 92.163328,25.110809,0 92.163317,25.110674,0 92.163291,25.110541,0 92.163250,25.110411,0 92.163196,25.110286,0 92.163128,25.110165,0 92.163047,25.110052,0 92.162954,25.109947,0 92.162851,25.109850,0 92.162737,25.109763,0 92.162614,25.109687,0 92.162483,25.109623,0 92.162346,25.109571,0 92.162205,25.109531,0 92.162059,25.109505,0 92.162044,25.109503,0 92.162030,25.109452,0 92.161989,25.109329,0 92.161936,25.109210,0 92.161871,25.109097,0 92.161794,25.108989,0 92.161707,25.108889,0 92.161609,25.108797,0 92.161502,25.108713,0 92.161387,25.108639,0 92.161265,25.108575,0 92.161137,25.108522,0 92.161004,25.108481,0 92.160867,25.108450,0 92.160728,25.108432,0 92.160587,25.108426,0 92.160533,25.108426,0 92.160395,25.108432,0 92.160257,25.108450,0 92.160122,25.108479,0 92.159991,25.108519,0 92.159864,25.108571,0 92.159744,25.108633,0 92.159630,25.108705,0 92.159523,25.108786,0 92.159426,25.108876,0 92.159354,25.108956,0 92.159351,25.108959,0 92.159259,25.109062,0 92.159177,25.109173,0 92.159109,25.109290,0 92.159053,25.109413,0 92.159010,25.109540,0 92.158982,25.109670,0 92.158968,25.109803,0 92.158968,25.109935,0 92.158982,25.110068,0 92.159010,25.110198,0 92.159053,25.110325,0 92.159109,25.110448,0 92.159177,25.110565,0 92.159259,25.110676,0 92.159351,25.110779,0 92.159454,25.110873,0 92.159567,25.110957,0 92.159689,25.111031,0 92.159817,25.111093,0 92.159822,25.111095,0 92.159885,25.111122,0 92.159902,25.111182,0 92.159944,25.111310,0 92.160001,25.111434,0 92.160070,25.111551,0 92.160147,25.111656,0 92.160107,25.111653,0 92.159960,25.111654,0 92.159844,25.111660,0 92.157767,25.111660,0 92.157732,25.111659,0 92.157728,25.111651,0 92.157659,25.111534,0 92.157578,25.111424,0 92.157486,25.111321,0 92.157382,25.111227,0 92.157269,25.111143,0 92.157148,25.111069,0 92.157019,25.111006,0 92.156884,25.110955,0 92.156745,25.110917,0 92.156602,25.110891,0 92.156456,25.110878,0 92.156310,25.110878,0 92.156165,25.110891,0 92.156022,25.110917,0 92.155882,25.110955,0 92.155747,25.111006,0 92.155618,25.111069,0 92.155497,25.111143,0 92.155384,25.111227,0 92.155281,25.111321,0 92.155188,25.111424,0 92.155107,25.111534,0 92.155038,25.111651,0 92.155034,25.111659,0 92.155011,25.111675,0 92.154939,25.111719,0 92.154826,25.111803,0 92.154723,25.111897,0 92.154630,25.112000,0 92.154549,25.112111,0 92.154514,25.112171,0 92.154496,25.112198,0 92.154428,25.112207,0 92.154285,25.112233,0 92.154145,25.112271,0 92.154010,25.112322,0 92.153939,25.112357,0 92.153860,25.112318,0 92.153723,25.112266,0 92.153581,25.112226,0 92.153435,25.112200,0 92.153421,25.112198,0 92.153419,25.112166,0 92.153419,25.111252,0 92.153412,25.111122,0 92.153392,25.110994,0 92.153358,25.110868,0 92.153311,25.110745,0 92.153251,25.110628,0 92.153180,25.110515,0 92.153096,25.110410,0 92.153003,25.110312,0 92.152899,25.110223,0 92.152786,25.110144,0 92.152666,25.110074,0 92.152539,25.110016,0 92.152406,25.109968,0 92.152269,25.109933,0 92.152129,25.109910,0 92.151987,25.109898,0 92.151844,25.109900,0 92.151703,25.109914,0 92.151563,25.109940,0 92.151427,25.109978,0 92.151295,25.110028,0 92.151262,25.110042,0 92.151224,25.110047,0 92.151156,25.110053,0 92.151013,25.110079,0 92.150873,25.110117,0 92.150739,25.110168,0 92.150610,25.110231,0 92.150488,25.110305,0 92.150376,25.110389,0 92.150272,25.110483,0 92.150188,25.110577,0 92.150184,25.110581,0 92.150143,25.110586,0 92.150082,25.110592,0 92.149938,25.110618,0 92.149799,25.110656,0 92.149664,25.110707,0 92.149535,25.110770,0 92.149414,25.110844,0 92.149301,25.110928,0 92.149198,25.111022,0 92.149105,25.111125,0 92.149024,25.111235,0 92.148955,25.111352,0 92.148899,25.111475,0 92.148857,25.111602,0 92.148828,25.111733,0 92.148814,25.111865,0 92.148814,25.111998,0 92.148828,25.112130,0 92.148857,25.112261,0 92.148899,25.112388,0 92.148955,25.112511,0 92.149024,25.112628,0 92.149105,25.112738,0 92.149105,25.112739,0 92.149107,25.112771,0 92.149107,25.113244,0 92.149105,25.113277,0 92.149095,25.113336,0</coordinates></LinearRing></outerBoundaryIs></Polygon></MultiGeometry></Placemark>
<Placemark><name>TEA-C008 (218 ha)</name><description><![CDATA[<b>TEA-C008</b><br/>upazila: Jaintiapur<br/>area: 218 ha<br/><hr/>Estates expected in this upazila:<br/>Afifanagar, Lallakhal, Sreepore<br/><br/><b>Zoom in.</b> Tea shows regular planted rows, uniform canopy, pale service tracks in a grid, hard geometric edges. Natural forest is chaotic with ragged edges.<br/><br/>Record yes/no in sylhet_tea_candidates_review.csv]]></description><styleUrl>#cand</styleUrl><MultiGeometry><Polygon><outerBoundaryIs><LinearRing><coordinates>92.115684,25.096591,0 92.115665,25.096676,0 92.115651,25.096809,0 92.115651,25.096942,0 92.115665,25.097074,0 92.115694,25.097204,0 92.115736,25.097331,0 92.115792,25.097454,0 92.115861,25.097571,0 92.115942,25.097682,0 92.116035,25.097785,0 92.116138,25.097879,0 92.116251,25.097963,0 92.116372,25.098037,0 92.116501,25.098100,0 92.116636,25.098150,0 92.116759,25.098184,0 92.116766,25.098187,0 92.116772,25.098210,0 92.116790,25.098292,0 92.116833,25.098419,0 92.116889,25.098542,0 92.116957,25.098659,0 92.117038,25.098770,0 92.117131,25.098872,0 92.117234,25.098966,0 92.117347,25.099051,0 92.117468,25.099124,0 92.117597,25.099187,0 92.117732,25.099238,0 92.117872,25.099277,0 92.118015,25.099303,0 92.118160,25.099316,0 92.118306,25.099316,0 92.118451,25.099303,0 92.118595,25.099277,0 92.118734,25.099238,0 92.118869,25.099187,0 92.118998,25.099124,0 92.119119,25.099051,0 92.119232,25.098966,0 92.119335,25.098872,0 92.119428,25.098770,0 92.119464,25.098726,0 92.119487,25.098710,0 92.119560,25.098666,0 92.119673,25.098581,0 92.119776,25.098487,0 92.119868,25.098385,0 92.119950,25.098274,0 92.119985,25.098214,0 92.120003,25.098187,0 92.120018,25.098185,0 92.120053,25.098179,0 92.120055,25.098179,0 92.120203,25.098185,0 92.120504,25.098185,0 92.120539,25.098187,0 92.120555,25.098246,0 92.120598,25.098374,0 92.120654,25.098498,0 92.120724,25.098616,0 92.120806,25.098727,0 92.120899,25.098830,0 92.121003,25.098924,0 92.121117,25.099009,0 92.121240,25.099082,0 92.121369,25.099145,0 92.121505,25.099195,0 92.121646,25.099233,0 92.121791,25.099258,0 92.121937,25.099271,0 92.122084,25.099270,0 92.122200,25.099263,0 92.123738,25.099263,0 92.123773,25.099265,0 92.123774,25.099297,0 92.123774,25.099298,0 92.123782,25.099439,0 92.123807,25.099579,0 92.123847,25.099715,0 92.123902,25.099847,0 92.123972,25.099973,0 92.124056,25.100092,0 92.124154,25.100202,0 92.124263,25.100302,0 92.124312,25.100342,0 92.124330,25.100370,0 92.124365,25.100430,0 92.124446,25.100541,0 92.124539,25.100643,0 92.124642,25.100737,0 92.124755,25.100822,0 92.124828,25.100866,0 92.124851,25.100882,0 92.124855,25.100886,0 92.124940,25.100980,0 92.125043,25.101074,0 92.125156,25.101158,0 92.125277,25.101232,0 92.125406,25.101294,0 92.125541,25.101345,0 92.125681,25.101384,0 92.125824,25.101410,0 92.125892,25.101416,0 92.125930,25.101421,0 92.125954,25.101441,0 92.126009,25.101491,0 92.126122,25.101576,0 92.126244,25.101650,0 92.126372,25.101712,0 92.126507,25.101763,0 92.126647,25.101802,0 92.126790,25.101828,0 92.126935,25.101841,0 92.127081,25.101841,0 92.127227,25.101828,0 92.127370,25.101802,0 92.127509,25.101763,0 92.127644,25.101712,0 92.127773,25.101650,0 92.127894,25.101576,0 92.128007,25.101491,0 92.128062,25.101441,0 92.128087,25.101421,0 92.128123,25.101419,0 92.129322,25.101419,0 92.129472,25.101413,0 92.129621,25.101392,0 92.129766,25.101358,0 92.129907,25.101310,0 92.130042,25.101250,0 92.130170,25.101178,0 92.130289,25.101094,0 92.130398,25.101000,0 92.130496,25.100897,0 92.130582,25.100785,0 92.130656,25.100665,0 92.130715,25.100540,0 92.130761,25.100409,0 92.130792,25.100275,0 92.130807,25.100139,0 92.130808,25.100002,0 92.130793,25.099866,0 92.130783,25.099802,0 92.130781,25.099769,0 92.130781,25.099297,0 92.130783,25.099265,0 92.130818,25.099263,0 92.131823,25.099263,0 92.131858,25.099265,0 92.131859,25.099297,0 92.131859,25.099769,0 92.131857,25.099802,0 92.131847,25.099866,0 92.131833,25.100002,0 92.131833,25.100139,0 92.131849,25.100275,0 92.131880,25.100409,0 92.131925,25.100540,0 92.131985,25.100665,0 92.132058,25.100785,0 92.132144,25.100897,0 92.132243,25.101000,0 92.132352,25.101094,0 92.132471,25.101178,0 92.132598,25.101250,0 92.132733,25.101310,0 92.132874,25.101358,0 92.133020,25.101392,0 92.133168,25.101412,0 92.133318,25.101419,0 92.133908,25.101419,0 92.134062,25.101412,0 92.134214,25.101390,0 92.134363,25.101354,0 92.134507,25.101305,0 92.134644,25.101242,0 92.134774,25.101166,0 92.134895,25.101078,0 92.135004,25.100980,0 92.135085,25.100891,0 92.135094,25.100882,0 92.135130,25.100880,0 92.136135,25.100880,0 92.136171,25.100882,0 92.136201,25.100889,0 92.136344,25.100915,0 92.136490,25.100928,0 92.136636,25.100928,0 92.136781,25.100915,0 92.136924,25.100889,0 92.137064,25.100850,0 92.137199,25.100799,0 92.137327,25.100737,0 92.137449,25.100663,0 92.137562,25.100579,0 92.137665,25.100485,0 92.137757,25.100382,0 92.137789,25.100343,0 92.137825,25.100341,0 92.139369,25.100341,0 92.139405,25.100343,0 92.139443,25.100355,0 92.139583,25.100394,0 92.139726,25.100420,0 92.139871,25.100433,0 92.140017,25.100433,0 92.140162,25.100420,0 92.140306,25.100394,0 92.140445,25.100355,0 92.140483,25.100343,0 92.140520,25.100341,0 92.140986,25.100341,0 92.141022,25.100343,0 92.141077,25.100373,0 92.141205,25.100436,0 92.141340,25.100487,0 92.141480,25.100525,0 92.141623,25.100551,0 92.141768,25.100564,0 92.141914,25.100564,0 92.142060,25.100551,0 92.142203,25.100525,0 92.142343,25.100487,0 92.142477,25.100436,0 92.142606,25.100373,0 92.142728,25.100299,0 92.142840,25.100215,0 92.142944,25.100121,0 92.143036,25.100018,0 92.143117,25.099908,0 92.143172,25.099815,0 92.143179,25.099804,0 92.143187,25.099801,0 92.143310,25.099767,0 92.143445,25.099716,0 92.143573,25.099654,0 92.143695,25.099580,0 92.143808,25.099496,0 92.143911,25.099402,0 92.144003,25.099299,0 92.144085,25.099188,0 92.144153,25.099071,0 92.144209,25.098948,0 92.144252,25.098821,0 92.144280,25.098691,0 92.144294,25.098558,0 92.144294,25.098426,0 92.144280,25.098293,0 92.144261,25.098208,0 92.144258,25.098185,0 92.144256,25.098152,0 92.144256,25.095524,0 92.144258,25.095491,0 92.144276,25.095446,0 92.144318,25.095318,0 92.144346,25.095188,0 92.144361,25.095056,0 92.144361,25.094923,0 92.144346,25.094791,0 92.144318,25.094660,0 92.144276,25.094533,0 92.144220,25.094410,0 92.144151,25.094293,0 92.144070,25.094182,0 92.143977,25.094080,0 92.143874,25.093986,0 92.143761,25.093901,0 92.143718,25.093872,0 92.143700,25.093845,0 92.143665,25.093785,0 92.143584,25.093674,0 92.143491,25.093572,0 92.143388,25.093478,0 92.143275,25.093393,0 92.143203,25.093349,0 92.143179,25.093333,0 92.143147,25.093294,0 92.143055,25.093191,0 92.142951,25.093097,0 92.142839,25.093013,0 92.142717,25.092939,0 92.142589,25.092876,0 92.142454,25.092826,0 92.142314,25.092787,0 92.142171,25.092761,0 92.142026,25.092748,0 92.141880,25.092748,0 92.141734,25.092761,0 92.141591,25.092787,0 92.141561,25.092794,0 92.141525,25.092796,0 92.140591,25.092796,0 92.140452,25.092801,0 92.140315,25.092819,0 92.140180,25.092848,0 92.140048,25.092889,0 92.139922,25.092940,0 92.139801,25.093002,0 92.139687,25.093074,0 92.139581,25.093155,0 92.139484,25.093245,0 92.139412,25.093325,0 92.139404,25.093333,0 92.139381,25.093349,0 92.139308,25.093393,0 92.139195,25.093478,0 92.139092,25.093572,0 92.138999,25.093674,0 92.138918,25.093785,0 92.138883,25.093845,0 92.138865,25.093872,0 92.138830,25.093874,0 92.137286,25.093874,0 92.137250,25.093872,0 92.137232,25.093845,0 92.137197,25.093785,0 92.137116,25.093674,0 92.137023,25.093572,0 92.136920,25.093478,0 92.136807,25.093393,0 92.136686,25.093320,0 92.136666,25.093309,0 92.136538,25.093246,0 92.136403,25.093195,0 92.136263,25.093157,0 92.136120,25.093131,0 92.135975,25.093118,0 92.135829,25.093118,0 92.135683,25.093131,0 92.135540,25.093157,0 92.135401,25.093195,0 92.135266,25.093246,0 92.135137,25.093309,0 92.135093,25.093333,0 92.135057,25.093335,0 92.134591,25.093335,0 92.134556,25.093333,0 92.134554,25.093301,0 92.134554,25.092926,0 92.134547,25.092797,0 92.134527,25.092668,0 92.134493,25.092542,0 92.134446,25.092420,0 92.134387,25.092302,0 92.134315,25.092190,0 92.134232,25.092084,0 92.134138,25.091987,0 92.134034,25.091898,0 92.133922,25.091818,0 92.133801,25.091748,0 92.133674,25.091690,0 92.133542,25.091643,0 92.133404,25.091607,0 92.133264,25.091584,0 92.133122,25.091573,0 92.132980,25.091574,0 92.132838,25.091588,0 92.132699,25.091614,0 92.132562,25.091652,0 92.132431,25.091702,0 92.132398,25.091716,0 92.132354,25.091730,0 92.132312,25.091742,0 92.132181,25.091790,0 92.132056,25.091850,0 92.131938,25.091920,0 92.131828,25.091999,0 92.131727,25.092088,0 92.131635,25.092186,0 92.131554,25.092290,0 92.131484,25.092401,0 92.131426,25.092518,0 92.131380,25.092639,0 92.131347,25.092764,0 92.131327,25.092891,0 92.131320,25.093019,0 92.131320,25.093301,0 92.131319,25.093334,0 92.131296,25.093349,0 92.131223,25.093393,0 92.131110,25.093478,0 92.131007,25.093572,0 92.130914,25.093674,0 92.130833,25.093785,0 92.130798,25.093845,0 92.130780,25.093872,0 92.130745,25.093874,0 92.129272,25.093874,0 92.129133,25.093879,0 92.128996,25.093897,0 92.128861,25.093926,0 92.128730,25.093967,0 92.128603,25.094018,0 92.128482,25.094080,0 92.128368,25.094152,0 92.128262,25.094233,0 92.128165,25.094323,0 92.128093,25.094403,0 92.128085,25.094411,0 92.128050,25.094413,0 92.127584,25.094413,0 92.127548,25.094411,0 92.127541,25.094403,0 92.127469,25.094323,0 92.127372,25.094233,0 92.127265,25.094152,0 92.127151,25.094080,0 92.127031,25.094018,0 92.126904,25.093967,0 92.126773,25.093926,0 92.126638,25.093897,0 92.126500,25.093879,0 92.126362,25.093874,0 92.125967,25.093874,0 92.125931,25.093872,0 92.125906,25.093852,0 92.125851,25.093801,0 92.125738,25.093717,0 92.125617,25.093643,0 92.125488,25.093581,0 92.125354,25.093530,0 92.125214,25.093491,0 92.125071,25.093465,0 92.124925,25.093452,0 92.124779,25.093452,0 92.124634,25.093465,0 92.124491,25.093491,0 92.124351,25.093530,0 92.124216,25.093581,0 92.124088,25.093643,0 92.123966,25.093717,0 92.123853,25.093801,0 92.123798,25.093852,0 92.123774,25.093872,0 92.123738,25.093874,0 92.123272,25.093874,0 92.123237,25.093872,0 92.123223,25.093821,0 92.123182,25.093698,0 92.123129,25.093580,0 92.123064,25.093466,0 92.122987,25.093359,0 92.122899,25.093258,0 92.122802,25.093166,0 92.122695,25.093082,0 92.122580,25.093008,0 92.122458,25.092945,0 92.122330,25.092892,0 92.122197,25.092850,0 92.122060,25.092820,0 92.121921,25.092802,0 92.121780,25.092796,0 92.121655,25.092796,0 92.121619,25.092794,0 92.121531,25.092696,0 92.121428,25.092602,0 92.121315,25.092518,0 92.121194,25.092444,0 92.121065,25.092382,0 92.120930,25.092331,0 92.120790,25.092292,0 92.120647,25.092266,0 92.120579,25.092260,0 92.120541,25.092255,0 92.120510,25.092248,0 92.120367,25.092222,0 92.120222,25.092209,0 92.120076,25.092209,0 92.119931,25.092222,0 92.119788,25.092248,0 92.119648,25.092287,0 92.119513,25.092338,0 92.119384,25.092400,0 92.119263,25.092474,0 92.119150,25.092558,0 92.119047,25.092652,0 92.118954,25.092755,0 92.118922,25.092795,0 92.118840,25.092906,0 92.118772,25.093023,0 92.118716,25.093146,0 92.118673,25.093273,0 92.118645,25.093403,0 92.118631,25.093536,0 92.118631,25.093669,0 92.118645,25.093801,0 92.118673,25.093931,0 92.118716,25.094058,0 92.118772,25.094181,0 92.118840,25.094299,0 92.118922,25.094409,0 92.119014,25.094512,0 92.119117,25.094606,0 92.119230,25.094690,0 92.119352,25.094764,0 92.119480,25.094827,0 92.119615,25.094877,0 92.119755,25.094916,0 92.119898,25.094942,0 92.119960,25.094948,0 92.120000,25.094953,0 92.120001,25.094985,0 92.120001,25.095457,0 92.120000,25.095489,0 92.119985,25.095491,0 92.119949,25.095498,0 92.119943,25.095497,0 92.119800,25.095491,0 92.118960,25.095491,0 92.118925,25.095489,0 92.118907,25.095462,0 92.118872,25.095402,0 92.118790,25.095291,0 92.118698,25.095189,0 92.118595,25.095095,0 92.118482,25.095010,0 92.118409,25.094966,0 92.118386,25.094950,0 92.118361,25.094930,0 92.118305,25.094879,0 92.118193,25.094795,0 92.118071,25.094721,0 92.117943,25.094659,0 92.117808,25.094608,0 92.117668,25.094569,0 92.117525,25.094543,0 92.117380,25.094530,0 92.117234,25.094530,0 92.117088,25.094543,0 92.116945,25.094569,0 92.116805,25.094608,0 92.116671,25.094659,0 92.116542,25.094721,0 92.116420,25.094795,0 92.116308,25.094879,0 92.116253,25.094930,0 92.116176,25.094992,0 92.116073,25.095086,0 92.115980,25.095189,0 92.115899,25.095300,0 92.115831,25.095417,0 92.115775,25.095540,0 92.115732,25.095667,0 92.115704,25.095797,0 92.115690,25.095930,0 92.115690,25.096063,0 92.115690,25.096063,0 92.115690,25.096535,0 92.115688,25.096568,0 92.115684,25.096591,0</coordinates></LinearRing></outerBoundaryIs></Polygon></MultiGeometry></Placemark>
<Placemark><name>TEA-C009 (196 ha)</name><description><![CDATA[<b>TEA-C009</b><br/>upazila: Jaintiapur<br/>area: 196 ha<br/><hr/>Estates expected in this upazila:<br/>Afifanagar, Lallakhal, Sreepore<br/><br/><b>Zoom in.</b> Tea shows regular planted rows, uniform canopy, pale service tracks in a grid, hard geometric edges. Natural forest is chaotic with ragged edges.<br/><br/>Record yes/no in sylhet_tea_candidates_review.csv]]></description><styleUrl>#cand</styleUrl><MultiGeometry><Polygon><outerBoundaryIs><LinearRing><coordinates>92.114618,25.126743,0 92.114610,25.126751,0 92.114561,25.126791,0 92.114464,25.126880,0 92.114375,25.126976,0 92.114297,25.127080,0 92.114230,25.127189,0 92.114174,25.127304,0 92.114130,25.127423,0 92.114098,25.127545,0 92.114079,25.127669,0 92.114073,25.127795,0 92.114073,25.128146,0 92.114080,25.128284,0 92.114103,25.128420,0 92.114142,25.128553,0 92.114195,25.128683,0 92.114262,25.128807,0 92.114342,25.128923,0 92.114436,25.129032,0 92.114541,25.129132,0 92.114656,25.129221,0 92.114781,25.129299,0 92.114914,25.129366,0 92.115054,25.129419,0 92.115099,25.129432,0 92.115150,25.129448,0 92.115194,25.129473,0 92.115323,25.129535,0 92.115458,25.129586,0 92.115598,25.129625,0 92.115741,25.129651,0 92.115886,25.129664,0 92.116032,25.129664,0 92.116177,25.129651,0 92.116321,25.129625,0 92.116460,25.129586,0 92.116595,25.129535,0 92.116724,25.129473,0 92.116768,25.129448,0 92.116804,25.129447,0 92.118348,25.129447,0 92.118384,25.129448,0 92.118436,25.129455,0 92.118581,25.129468,0 92.118727,25.129468,0 92.118872,25.129455,0 92.118992,25.129439,0 92.119135,25.129413,0 92.119206,25.129394,0 92.119305,25.129421,0 92.119446,25.129446,0 92.119461,25.129448,0 92.119469,25.129477,0 92.119484,25.129548,0 92.119527,25.129675,0 92.119583,25.129798,0 92.119651,25.129915,0 92.119733,25.130025,0 92.119825,25.130128,0 92.119928,25.130222,0 92.120041,25.130306,0 92.120163,25.130380,0 92.120291,25.130443,0 92.120426,25.130494,0 92.120515,25.130518,0 92.120539,25.130526,0 92.120540,25.130558,0 92.120540,25.130841,0 92.120548,25.130978,0 92.120571,25.131115,0 92.120610,25.131248,0 92.120662,25.131378,0 92.120730,25.131502,0 92.120810,25.131618,0 92.120904,25.131727,0 92.121009,25.131827,0 92.121124,25.131916,0 92.121249,25.131994,0 92.121382,25.132061,0 92.121522,25.132114,0 92.121567,25.132127,0 92.121618,25.132143,0 92.121650,25.132157,0 92.121789,25.132209,0 92.121932,25.132248,0 92.122079,25.132274,0 92.122228,25.132286,0 92.122378,25.132285,0 92.122526,25.132270,0 92.122673,25.132241,0 92.122815,25.132199,0 92.122952,25.132144,0 92.123028,25.132105,0 92.122947,25.132205,0 92.122872,25.132319,0 92.122810,25.132439,0 92.122761,25.132564,0 92.122725,25.132693,0 92.122704,25.132825,0 92.122696,25.132957,0 92.122696,25.133255,0 92.122705,25.133396,0 92.122729,25.133535,0 92.122769,25.133672,0 92.122824,25.133804,0 92.122894,25.133930,0 92.122978,25.134048,0 92.123076,25.134158,0 92.123185,25.134258,0 92.123234,25.134299,0 92.123244,25.134309,0 92.123324,25.134397,0 92.123434,25.134496,0 92.123555,25.134583,0 92.123684,25.134659,0 92.123822,25.134722,0 92.123966,25.134772,0 92.124115,25.134808,0 92.124267,25.134829,0 92.124421,25.134837,0 92.124816,25.134837,0 92.124852,25.134838,0 92.124904,25.134845,0 92.125049,25.134858,0 92.125195,25.134858,0 92.125340,25.134845,0 92.125392,25.134838,0 92.125428,25.134837,0 92.126088,25.134837,0 92.126238,25.134830,0 92.126386,25.134809,0 92.126532,25.134775,0 92.126673,25.134728,0 92.126808,25.134667,0 92.126936,25.134595,0 92.126982,25.134563,0 92.126982,25.134644,0 92.126996,25.134773,0 92.127007,25.134837,0 92.127008,25.134870,0 92.127008,25.135342,0 92.127008,25.135343,0 92.127008,25.135476,0 92.127023,25.135608,0 92.127051,25.135738,0 92.127094,25.135866,0 92.127149,25.135988,0 92.127218,25.136106,0 92.127299,25.136216,0 92.127392,25.136319,0 92.127495,25.136413,0 92.127546,25.136454,0 92.127547,25.136487,0 92.127547,25.136959,0 92.127546,25.136992,0 92.127503,25.137006,0 92.127461,25.137017,0 92.127331,25.137065,0 92.127206,25.137125,0 92.127088,25.137195,0 92.126978,25.137274,0 92.126876,25.137363,0 92.126784,25.137461,0 92.126703,25.137565,0 92.126633,25.137676,0 92.126575,25.137793,0 92.126529,25.137914,0 92.126496,25.138039,0 92.126476,25.138166,0 92.126469,25.138294,0 92.126469,25.139115,0 92.126468,25.139147,0 92.126433,25.139149,0 92.125967,25.139149,0 92.125931,25.139147,0 92.125906,25.139126,0 92.125852,25.139077,0 92.125739,25.138993,0 92.125617,25.138919,0 92.125489,25.138856,0 92.125354,25.138805,0 92.125214,25.138767,0 92.125071,25.138741,0 92.124925,25.138728,0 92.124779,25.138728,0 92.124634,25.138741,0 92.124491,25.138767,0 92.124351,25.138805,0 92.124216,25.138856,0 92.124087,25.138919,0 92.123966,25.138993,0 92.123853,25.139077,0 92.123799,25.139126,0 92.123774,25.139147,0 92.123738,25.139149,0 92.123355,25.139149,0 92.123212,25.139155,0 92.123071,25.139174,0 92.122932,25.139204,0 92.122797,25.139247,0 92.122667,25.139302,0 92.122544,25.139367,0 92.122428,25.139443,0 92.122321,25.139529,0 92.122223,25.139624,0 92.122136,25.139727,0 92.122059,25.139837,0 92.121995,25.139953,0 92.121943,25.140074,0 92.121905,25.140199,0 92.121879,25.140327,0 92.121868,25.140457,0 92.121870,25.140587,0 92.121885,25.140716,0 92.121915,25.140843,0 92.121957,25.140968,0 92.122012,25.141088,0 92.122080,25.141202,0 92.122153,25.141301,0 92.122156,25.141305,0 92.122157,25.141338,0 92.122157,25.141810,0 92.122156,25.141843,0 92.122146,25.141903,0 92.122143,25.141916,0 92.122129,25.142049,0 92.122129,25.142183,0 92.122144,25.142316,0 92.122172,25.142446,0 92.122215,25.142574,0 92.122272,25.142697,0 92.122341,25.142815,0 92.122423,25.142926,0 92.122517,25.143028,0 92.122621,25.143122,0 92.122735,25.143207,0 92.122857,25.143280,0 92.122987,25.143342,0 92.123123,25.143393,0 92.123264,25.143431,0 92.123408,25.143456,0 92.123554,25.143468,0 92.123701,25.143467,0 92.123817,25.143461,0 92.124277,25.143461,0 92.124312,25.143462,0 92.124326,25.143513,0 92.124370,25.143645,0 92.124429,25.143772,0 92.124502,25.143894,0 92.124588,25.144007,0 92.124686,25.144112,0 92.124795,25.144208,0 92.124915,25.144293,0 92.125043,25.144366,0 92.125179,25.144427,0 92.125321,25.144476,0 92.125468,25.144510,0 92.125618,25.144532,0 92.125769,25.144539,0 92.126972,25.144539,0 92.127008,25.144540,0 92.127011,25.144544,0 92.127096,25.144638,0 92.127199,25.144732,0 92.127312,25.144816,0 92.127433,25.144890,0 92.127562,25.144952,0 92.127697,25.145003,0 92.127837,25.145042,0 92.127980,25.145068,0 92.128047,25.145074,0 92.128086,25.145079,0 92.128124,25.145092,0 92.128264,25.145130,0 92.128407,25.145156,0 92.128552,25.145169,0 92.128698,25.145169,0 92.128844,25.145156,0 92.128987,25.145130,0 92.129127,25.145092,0 92.129165,25.145079,0 92.129203,25.145074,0 92.129271,25.145068,0 92.129414,25.145042,0 92.129554,25.145003,0 92.129688,25.144952,0 92.129817,25.144890,0 92.129939,25.144816,0 92.130052,25.144732,0 92.130155,25.144638,0 92.130239,25.144544,0 92.130243,25.144540,0 92.130279,25.144539,0 92.131201,25.144539,0 92.131350,25.144532,0 92.131498,25.144511,0 92.131642,25.144478,0 92.131783,25.144431,0 92.131917,25.144371,0 92.132044,25.144300,0 92.132163,25.144218,0 92.132272,25.144125,0 92.132370,25.144022,0 92.132456,25.143911,0 92.132530,25.143793,0 92.132590,25.143669,0 92.132637,25.143539,0 92.132669,25.143407,0 92.132686,25.143272,0 92.132688,25.143136,0 92.132675,25.143000,0 92.132647,25.142867,0 92.132605,25.142736,0 92.132549,25.142610,0 92.132479,25.142490,0 92.132403,25.142387,0 92.132382,25.142354,0 92.132346,25.142294,0 92.132265,25.142183,0 92.132172,25.142081,0 92.132069,25.141987,0 92.131956,25.141902,0 92.131884,25.141858,0 92.131861,25.141843,0 92.131853,25.141814,0 92.131837,25.141743,0 92.131795,25.141616,0 92.131739,25.141493,0 92.131670,25.141376,0 92.131589,25.141265,0 92.131497,25.141162,0 92.131393,25.141068,0 92.131280,25.140984,0 92.131159,25.140910,0 92.131030,25.140848,0 92.130895,25.140797,0 92.130807,25.140772,0 92.130782,25.140764,0 92.130765,25.140737,0 92.130729,25.140677,0 92.130648,25.140566,0 92.130555,25.140464,0 92.130452,25.140370,0 92.130339,25.140285,0 92.130267,25.140241,0 92.130244,25.140226,0 92.130242,25.140193,0 92.130242,25.139182,0 92.130244,25.139150,0 92.130279,25.139149,0 92.130745,25.139149,0 92.130780,25.139150,0 92.130781,25.139182,0 92.130781,25.139184,0 92.130789,25.139325,0 92.130814,25.139464,0 92.130854,25.139601,0 92.130909,25.139733,0 92.130979,25.139859,0 92.131063,25.139977,0 92.131161,25.140087,0 92.131270,25.140187,0 92.131319,25.140228,0 92.131329,25.140238,0 92.131409,25.140326,0 92.131519,25.140425,0 92.131639,25.140512,0 92.131769,25.140588,0 92.131907,25.140651,0 92.132051,25.140701,0 92.132200,25.140737,0 92.132352,25.140758,0 92.132506,25.140766,0 92.132901,25.140766,0 92.132937,25.140767,0 92.132967,25.140774,0 92.133110,25.140800,0 92.133255,25.140813,0 92.133401,25.140813,0 92.133547,25.140800,0 92.133690,25.140774,0 92.133830,25.140735,0 92.133965,25.140685,0 92.134093,25.140622,0 92.134215,25.140548,0 92.134328,25.140464,0 92.134431,25.140370,0 92.134524,25.140267,0 92.134556,25.140228,0 92.134604,25.140187,0 92.134714,25.140087,0 92.134811,25.139977,0 92.134895,25.139859,0 92.134966,25.139733,0 92.135021,25.139601,0 92.135061,25.139464,0 92.135085,25.139325,0 92.135093,25.139184,0 92.135093,25.138643,0 92.135095,25.138611,0 92.135130,25.138610,0 92.136063,25.138610,0 92.136217,25.138602,0 92.136369,25.138581,0 92.136518,25.138545,0 92.136663,25.138495,0 92.136800,25.138432,0 92.136930,25.138356,0 92.137050,25.138269,0 92.137160,25.138170,0 92.137241,25.138082,0 92.137250,25.138072,0 92.137314,25.138045,0 92.137318,25.138043,0 92.137447,25.137980,0 92.137569,25.137906,0 92.137681,25.137822,0 92.137785,25.137728,0 92.137877,25.137625,0 92.137958,25.137515,0 92.138027,25.137398,0 92.138083,25.137275,0 92.138126,25.137148,0 92.138154,25.137017,0 92.138168,25.136885,0 92.138168,25.136752,0 92.138154,25.136620,0 92.138126,25.136489,0 92.138083,25.136362,0 92.138027,25.136239,0 92.137958,25.136122,0 92.137877,25.136012,0 92.137794,25.135919,0 92.137790,25.135914,0 92.137788,25.135881,0 92.137788,25.135409,0 92.137790,25.135377,0 92.137830,25.135372,0 92.137891,25.135366,0 92.138035,25.135340,0 92.138174,25.135302,0 92.138309,25.135251,0 92.138438,25.135188,0 92.138559,25.135114,0 92.138672,25.135030,0 92.138775,25.134936,0 92.138868,25.134833,0 92.138949,25.134723,0 92.139018,25.134605,0 92.139074,25.134483,0 92.139116,25.134355,0 92.139145,25.134225,0 92.139159,25.134093,0 92.139159,25.133960,0 92.139145,25.133828,0 92.139116,25.133697,0 92.139074,25.133570,0 92.139018,25.133447,0 92.138949,25.133330,0 92.138868,25.133219,0 92.138868,25.133219,0 92.138860,25.133207,0 92.138806,25.133115,0 92.138724,25.133004,0 92.138632,25.132901,0 92.138529,25.132807,0 92.138416,25.132723,0 92.138294,25.132649,0 92.138166,25.132587,0 92.138031,25.132536,0 92.137891,25.132497,0 92.137748,25.132471,0 92.137602,25.132458,0 92.137456,25.132458,0 92.137311,25.132471,0 92.137168,25.132497,0 92.137028,25.132536,0 92.136893,25.132587,0 92.136764,25.132649,0 92.136710,25.132679,0 92.136674,25.132681,0 92.135669,25.132681,0 92.135633,25.132679,0 92.135594,25.132667,0 92.135455,25.132628,0 92.135312,25.132602,0 92.135166,25.132589,0 92.135020,25.132589,0 92.134875,25.132602,0 92.134732,25.132628,0 92.134592,25.132667,0 92.134554,25.132679,0 92.134518,25.132681,0 92.132974,25.132681,0 92.132938,25.132679,0 92.132931,25.132672,0 92.132859,25.132592,0 92.132761,25.132502,0 92.132655,25.132420,0 92.132541,25.132348,0 92.132420,25.132286,0 92.132294,25.132235,0 92.132162,25.132194,0 92.132027,25.132165,0 92.131890,25.132148,0 92.131751,25.132142,0 92.130818,25.132142,0 92.130721,25.132137,0 92.130696,25.132135,0 92.130550,25.132135,0 92.130404,25.132148,0 92.130261,25.132174,0 92.130121,25.132213,0 92.129986,25.132264,0 92.129858,25.132326,0 92.129736,25.132400,0 92.129623,25.132484,0 92.129520,25.132578,0 92.129427,25.132681,0 92.129346,25.132792,0 92.129277,25.132909,0 92.129222,25.133032,0 92.129179,25.133159,0 92.129163,25.133218,0 92.129128,25.133220,0 92.128468,25.133220,0 92.128326,25.133226,0 92.128186,25.133244,0 92.128048,25.133275,0 92.127914,25.133317,0 92.127785,25.133371,0 92.127662,25.133436,0 92.127574,25.133493,0 92.127574,25.133420,0 92.127560,25.133283,0 92.127549,25.133220,0 92.127547,25.133187,0 92.127547,25.132904,0 92.127541,25.132776,0 92.127521,25.132649,0 92.127488,25.132524,0 92.127442,25.132403,0 92.127384,25.132287,0 92.127314,25.132175,0 92.127232,25.132071,0 92.127141,25.131973,0 92.127039,25.131885,0 92.126929,25.131805,0 92.126811,25.131735,0 92.126686,25.131676,0 92.126556,25.131627,0 92.126514,25.131616,0 92.126470,25.131601,0 92.126445,25.131580,0 92.126391,25.131531,0 92.126278,25.131447,0 92.126156,25.131373,0 92.126028,25.131310,0 92.125893,25.131259,0 92.125753,25.131221,0 92.125610,25.131195,0 92.125464,25.131182,0 92.125318,25.131182,0 92.125173,25.131195,0 92.125030,25.131221,0 92.124890,25.131259,0 92.124755,25.131310,0 92.124626,25.131373,0 92.124505,25.131447,0 92.124392,25.131531,0 92.124338,25.131580,0 92.124313,25.131601,0 92.124277,25.131603,0 92.124184,25.131603,0 92.124039,25.131609,0 92.123894,25.131629,0 92.123752,25.131661,0 92.123615,25.131706,0 92.123483,25.131763,0 92.123441,25.131786,0 92.123511,25.131702,0 92.123590,25.131586,0 92.123655,25.131463,0 92.123707,25.131336,0 92.123744,25.131204,0 92.123767,25.131069,0 92.123774,25.130933,0 92.123774,25.130019,0 92.123776,25.129986,0 92.123786,25.129924,0 92.123789,25.129914,0 92.123803,25.129780,0 92.123802,25.129646,0 92.123787,25.129512,0 92.123776,25.129444,0 92.123774,25.129414,0 92.123774,25.129412,0 92.123768,25.129286,0 92.123749,25.129162,0 92.123717,25.129040,0 92.123673,25.128921,0 92.123617,25.128806,0 92.123550,25.128697,0 92.123472,25.128593,0 92.123384,25.128497,0 92.123286,25.128408,0 92.123237,25.128368,0 92.123223,25.128316,0 92.123182,25.128194,0 92.123129,25.128075,0 92.123064,25.127961,0 92.122987,25.127854,0 92.122899,25.127754,0 92.122802,25.127661,0 92.122695,25.127578,0 92.122580,25.127504,0 92.122458,25.127440,0 92.122330,25.127387,0 92.122196,25.127345,0 92.122060,25.127315,0 92.121920,25.127297,0 92.121780,25.127291,0 92.121116,25.127291,0 92.121080,25.127289,0 92.121079,25.127289,0 92.121001,25.127202,0 92.120904,25.127112,0 92.120797,25.127030,0 92.120683,25.126959,0 92.120563,25.126897,0 92.120436,25.126845,0 92.120305,25.126805,0 92.120170,25.126775,0 92.120032,25.126758,0 92.119894,25.126752,0 92.119664,25.126752,0 92.119521,25.126758,0 92.119379,25.126777,0 92.119239,25.126808,0 92.119230,25.126811,0 92.119135,25.126785,0 92.118992,25.126760,0 92.118924,25.126750,0 92.118917,25.126743,0 92.118845,25.126663,0 92.118748,25.126573,0 92.118642,25.126491,0 92.118528,25.126420,0 92.118407,25.126358,0 92.118280,25.126306,0 92.118149,25.126266,0 92.118014,25.126236,0 92.117876,25.126219,0 92.117738,25.126213,0 92.115797,25.126213,0 92.115659,25.126219,0 92.115521,25.126236,0 92.115387,25.126266,0 92.115255,25.126306,0 92.115128,25.126358,0 92.115008,25.126420,0 92.114894,25.126491,0 92.114787,25.126573,0 92.114690,25.126663,0 92.114618,25.126743,0</coordinates></LinearRing></outerBoundaryIs></Polygon></MultiGeometry></Placemark>
<Placemark><name>TEA-C010 (149 ha)</name><description><![CDATA[<b>TEA-C010</b><br/>upazila: Fenchuganj<br/>area: 149 ha<br/><hr/>Estates expected in this upazila:<br/>Dallucherra, Monipur, Moomincherra<br/><br/><b>Zoom in.</b> Tea shows regular planted rows, uniform canopy, pale service tracks in a grid, hard geometric edges. Natural forest is chaotic with ragged edges.<br/><br/>Record yes/no in sylhet_tea_candidates_review.csv]]></description><styleUrl>#cand</styleUrl><MultiGeometry><Polygon><outerBoundaryIs><LinearRing><coordinates>91.950235,24.676219,0 91.950277,24.676346,0 91.950333,24.676469,0 91.950401,24.676586,0 91.950482,24.676696,0 91.950575,24.676799,0 91.950677,24.676893,0 91.950790,24.676977,0 91.950911,24.677051,0 91.951039,24.677114,0 91.951174,24.677165,0 91.951313,24.677203,0 91.951455,24.677229,0 91.951600,24.677242,0 91.951746,24.677242,0 91.951890,24.677229,0 91.951905,24.677227,0 91.952048,24.677201,0 91.952142,24.677175,0 91.952283,24.677208,0 91.952430,24.677228,0 91.952577,24.677235,0 91.952878,24.677235,0 91.952914,24.677237,0 91.952923,24.677246,0 91.953003,24.677335,0 91.953113,24.677433,0 91.953233,24.677520,0 91.953362,24.677596,0 91.953499,24.677659,0 91.953643,24.677709,0 91.953791,24.677745,0 91.953943,24.677767,0 91.954096,24.677774,0 91.955034,24.677774,0 91.955069,24.677775,0 91.955078,24.677832,0 91.955080,24.677848,0 91.955109,24.677978,0 91.955151,24.678106,0 91.955206,24.678228,0 91.955275,24.678346,0 91.955251,24.678340,0 91.955104,24.678320,0 91.954956,24.678313,0 91.954908,24.678313,0 91.954767,24.678319,0 91.954627,24.678338,0 91.954489,24.678368,0 91.954356,24.678410,0 91.954227,24.678464,0 91.954105,24.678529,0 91.953990,24.678604,0 91.953883,24.678689,0 91.953786,24.678783,0 91.953698,24.678884,0 91.953622,24.678993,0 91.953558,24.679108,0 91.953506,24.679229,0 91.953466,24.679353,0 91.953440,24.679480,0 91.953427,24.679608,0 91.953428,24.679738,0 91.953442,24.679866,0 91.953450,24.679915,0 91.953478,24.680046,0 91.953520,24.680173,0 91.953576,24.680296,0 91.953645,24.680413,0 91.953684,24.680467,0 91.953657,24.680464,0 91.953516,24.680464,0 91.953417,24.680469,0 91.953030,24.680469,0 91.952889,24.680475,0 91.952907,24.680366,0 91.952915,24.680231,0 91.952915,24.680057,0 91.952908,24.679928,0 91.952888,24.679799,0 91.952854,24.679673,0 91.952807,24.679551,0 91.952748,24.679433,0 91.952676,24.679321,0 91.952594,24.679215,0 91.952500,24.679118,0 91.952397,24.679029,0 91.952285,24.678949,0 91.952165,24.678880,0 91.952038,24.678821,0 91.951906,24.678774,0 91.951769,24.678738,0 91.951629,24.678715,0 91.951488,24.678704,0 91.951346,24.678705,0 91.951205,24.678719,0 91.951065,24.678745,0 91.950930,24.678783,0 91.950799,24.678833,0 91.950696,24.678877,0 91.950688,24.678880,0 91.950560,24.678943,0 91.950439,24.679017,0 91.950327,24.679101,0 91.950224,24.679195,0 91.950132,24.679298,0 91.950051,24.679408,0 91.949982,24.679525,0 91.949926,24.679648,0 91.949884,24.679775,0 91.949856,24.679906,0 91.949842,24.680038,0 91.949842,24.680171,0 91.949856,24.680303,0 91.949884,24.680434,0 91.949926,24.680561,0 91.949982,24.680684,0 91.950051,24.680801,0 91.950132,24.680912,0 91.950214,24.681003,0 91.950242,24.681037,0 91.950336,24.681142,0 91.950441,24.681238,0 91.950556,24.681323,0 91.950680,24.681398,0 91.950812,24.681461,0 91.950949,24.681511,0 91.951092,24.681549,0 91.951238,24.681573,0 91.951386,24.681584,0 91.951534,24.681582,0 91.951574,24.681578,0 91.951560,24.681648,0 91.951548,24.681777,0 91.951550,24.681907,0 91.951566,24.682036,0 91.951595,24.682164,0 91.951637,24.682288,0 91.951692,24.682408,0 91.951760,24.682522,0 91.951832,24.682621,0 91.951835,24.682625,0 91.951837,24.682658,0 91.951837,24.682887,0 91.951844,24.683020,0 91.951865,24.683152,0 91.951901,24.683280,0 91.951950,24.683406,0 91.952012,24.683526,0 91.952087,24.683640,0 91.952173,24.683747,0 91.952271,24.683845,0 91.952379,24.683934,0 91.952496,24.684014,0 91.952621,24.684082,0 91.952752,24.684139,0 91.952889,24.684183,0 91.953030,24.684216,0 91.953174,24.684235,0 91.953319,24.684242,0 91.953417,24.684242,0 91.953454,24.684243,0 91.953506,24.684250,0 91.953651,24.684264,0 91.953796,24.684264,0 91.953941,24.684250,0 91.954031,24.684238,0 91.954099,24.684232,0 91.954242,24.684206,0 91.954381,24.684168,0 91.954516,24.684117,0 91.954644,24.684054,0 91.954765,24.683980,0 91.954869,24.683902,0 91.954920,24.684015,0 91.954988,24.684132,0 91.955069,24.684242,0 91.955069,24.684242,0 91.955071,24.684275,0 91.955071,24.684748,0 91.955069,24.684780,0 91.955019,24.684822,0 91.954921,24.684910,0 91.954833,24.685007,0 91.954755,24.685110,0 91.954688,24.685220,0 91.954633,24.685334,0 91.954589,24.685453,0 91.954557,24.685576,0 91.954538,24.685700,0 91.954532,24.685825,0 91.954532,24.685826,0 91.954530,24.685859,0 91.954520,24.685922,0 91.954505,24.686059,0 91.954506,24.686195,0 91.954522,24.686332,0 91.954552,24.686465,0 91.954598,24.686596,0 91.954657,24.686721,0 91.954730,24.686841,0 91.954816,24.686953,0 91.954914,24.687057,0 91.955023,24.687151,0 91.955141,24.687234,0 91.955268,24.687306,0 91.955403,24.687367,0 91.955544,24.687414,0 91.955689,24.687448,0 91.955837,24.687469,0 91.955986,24.687476,0 91.956112,24.687476,0 91.956210,24.687480,0 91.956361,24.687480,0 91.956420,24.687474,0 91.956389,24.687514,0 91.956317,24.687626,0 91.956257,24.687744,0 91.956210,24.687867,0 91.956176,24.687994,0 91.956156,24.688123,0 91.956149,24.688253,0 91.956149,24.688520,0 91.956147,24.688554,0 91.956137,24.688617,0 91.956134,24.688628,0 91.956120,24.688763,0 91.956121,24.688899,0 91.956137,24.689034,0 91.956147,24.689090,0 91.956176,24.689220,0 91.956220,24.689346,0 91.956276,24.689468,0 91.956345,24.689584,0 91.956427,24.689694,0 91.956520,24.689796,0 91.956623,24.689889,0 91.956735,24.689972,0 91.956856,24.690045,0 91.956985,24.690107,0 91.957119,24.690157,0 91.957258,24.690195,0 91.957400,24.690220,0 91.957544,24.690232,0 91.957689,24.690232,0 91.957833,24.690218,0 91.957975,24.690192,0 91.958114,24.690153,0 91.958248,24.690102,0 91.958375,24.690040,0 91.958496,24.689966,0 91.958608,24.689882,0 91.958710,24.689788,0 91.958802,24.689686,0 91.958845,24.689633,0 91.958857,24.689623,0 91.958944,24.689557,0 91.959047,24.689463,0 91.959140,24.689361,0 91.959220,24.689250,0 91.959289,24.689133,0 91.959345,24.689010,0 91.959387,24.688883,0 91.959415,24.688752,0 91.959430,24.688620,0 91.959430,24.688487,0 91.959415,24.688355,0 91.959387,24.688225,0 91.959345,24.688097,0 91.959289,24.687975,0 91.959220,24.687857,0 91.959140,24.687747,0 91.959047,24.687644,0 91.958944,24.687550,0 91.958857,24.687484,0 91.958845,24.687475,0 91.958822,24.687446,0 91.958732,24.687346,0 91.958631,24.687253,0 91.958521,24.687170,0 91.958403,24.687097,0 91.958278,24.687034,0 91.958147,24.686983,0 91.958011,24.686944,0 91.957871,24.686917,0 91.957729,24.686902,0 91.957587,24.686899,0 91.957496,24.686906,0 91.957501,24.686900,0 91.957580,24.686784,0 91.957646,24.686661,0 91.957698,24.686532,0 91.957735,24.686400,0 91.957758,24.686264,0 91.957766,24.686127,0 91.957766,24.685892,0 91.957767,24.685860,0 91.957771,24.685859,0 91.957901,24.685823,0 91.958035,24.685772,0 91.958163,24.685709,0 91.958284,24.685635,0 91.958397,24.685551,0 91.958500,24.685457,0 91.958592,24.685354,0 91.958673,24.685244,0 91.958741,24.685127,0 91.958797,24.685004,0 91.958839,24.684877,0 91.958868,24.684746,0 91.958882,24.684614,0 91.958882,24.684481,0 91.958868,24.684349,0 91.958849,24.684265,0 91.958846,24.684242,0 91.958844,24.684209,0 91.958844,24.683197,0 91.958845,24.683164,0 91.958863,24.683102,0 91.958891,24.682971,0 91.958905,24.682839,0 91.958905,24.682706,0 91.958891,24.682574,0 91.958863,24.682444,0 91.958820,24.682316,0 91.958765,24.682194,0 91.958696,24.682076,0 91.958615,24.681966,0 91.958523,24.681863,0 91.958420,24.681769,0 91.958308,24.681685,0 91.958187,24.681611,0 91.958058,24.681548,0 91.957924,24.681497,0 91.957785,24.681459,0 91.957642,24.681433,0 91.957497,24.681420,0 91.957352,24.681420,0 91.957207,24.681433,0 91.957064,24.681459,0 91.956925,24.681497,0 91.956791,24.681548,0 91.956662,24.681611,0 91.956541,24.681685,0 91.956429,24.681769,0 91.956326,24.681863,0 91.956234,24.681966,0 91.956153,24.682076,0 91.956148,24.682084,0 91.956111,24.682089,0 91.956042,24.682096,0 91.955900,24.682121,0 91.955760,24.682160,0 91.955626,24.682211,0 91.955498,24.682274,0 91.955377,24.682347,0 91.955273,24.682425,0 91.955222,24.682313,0 91.955153,24.682196,0 91.955073,24.682085,0 91.955073,24.682085,0 91.955071,24.682053,0 91.955071,24.681817,0 91.955064,24.681688,0 91.955044,24.681561,0 91.955011,24.681435,0 91.954964,24.681313,0 91.954906,24.681196,0 91.954835,24.681084,0 91.954822,24.681067,0 91.954844,24.681069,0 91.954989,24.681069,0 91.955134,24.681056,0 91.955277,24.681030,0 91.955416,24.680992,0 91.955550,24.680941,0 91.955679,24.680878,0 91.955799,24.680804,0 91.955912,24.680720,0 91.956015,24.680626,0 91.956107,24.680523,0 91.956147,24.680474,0 91.956229,24.680361,0 91.956299,24.680241,0 91.956355,24.680115,0 91.956397,24.679985,0 91.956425,24.679851,0 91.956437,24.679715,0 91.956435,24.679580,0 91.956418,24.679445,0 91.956386,24.679312,0 91.956340,24.679183,0 91.956280,24.679058,0 91.956225,24.678970,0 91.956329,24.678989,0 91.956474,24.679002,0 91.956619,24.679002,0 91.956764,24.678989,0 91.956907,24.678963,0 91.957046,24.678925,0 91.957180,24.678874,0 91.957227,24.678854,0 91.957263,24.678852,0 91.958268,24.678852,0 91.958304,24.678853,0 91.958313,24.678863,0 91.958393,24.678951,0 91.958503,24.679050,0 91.958623,24.679137,0 91.958752,24.679213,0 91.958889,24.679276,0 91.959033,24.679326,0 91.959181,24.679362,0 91.959333,24.679384,0 91.959486,24.679391,0 91.959885,24.679391,0 91.959920,24.679392,0 91.959922,24.679424,0 91.959922,24.680502,0 91.959930,24.680643,0 91.959954,24.680783,0 91.959994,24.680919,0 91.960049,24.681051,0 91.960119,24.681177,0 91.960203,24.681296,0 91.960300,24.681406,0 91.960409,24.681506,0 91.960459,24.681548,0 91.960464,24.681552,0 91.960548,24.681646,0 91.960651,24.681740,0 91.960763,24.681824,0 91.960884,24.681898,0 91.961012,24.681961,0 91.961147,24.682011,0 91.961286,24.682050,0 91.961429,24.682076,0 91.961504,24.682083,0 91.961538,24.682087,0 91.961559,24.682105,0 91.961621,24.682162,0 91.961734,24.682246,0 91.961855,24.682320,0 91.961983,24.682382,0 91.962117,24.682433,0 91.962256,24.682472,0 91.962399,24.682498,0 91.962544,24.682511,0 91.962689,24.682511,0 91.962834,24.682498,0 91.962977,24.682472,0 91.963116,24.682433,0 91.963250,24.682382,0 91.963379,24.682320,0 91.963500,24.682246,0 91.963612,24.682162,0 91.963675,24.682105,0 91.963695,24.682087,0 91.963729,24.682083,0 91.963805,24.682076,0 91.963947,24.682050,0 91.964087,24.682011,0 91.964221,24.681961,0 91.964349,24.681898,0 91.964470,24.681824,0 91.964583,24.681740,0 91.964686,24.681646,0 91.964770,24.681552,0 91.964774,24.681548,0 91.964825,24.681506,0 91.964934,24.681406,0 91.965031,24.681296,0 91.965114,24.681177,0 91.965184,24.681051,0 91.965240,24.680919,0 91.965279,24.680783,0 91.965304,24.680643,0 91.965312,24.680502,0 91.965312,24.680502,0 91.965313,24.680470,0 91.965357,24.680440,0 91.965469,24.680356,0 91.965572,24.680262,0 91.965665,24.680159,0 91.965745,24.680049,0 91.965814,24.679931,0 91.965870,24.679808,0 91.965912,24.679681,0 91.965940,24.679551,0 91.965955,24.679419,0 91.965955,24.679286,0 91.965940,24.679153,0 91.965912,24.679023,0 91.965870,24.678896,0 91.965852,24.678852,0 91.965851,24.678819,0 91.965851,24.678346,0 91.965852,24.678313,0 91.965862,24.678255,0 91.965865,24.678240,0 91.965879,24.678108,0 91.965879,24.677975,0 91.965865,24.677843,0 91.965837,24.677712,0 91.965794,24.677585,0 91.965739,24.677462,0 91.965670,24.677345,0 91.965589,24.677234,0 91.965497,24.677132,0 91.965394,24.677038,0 91.965282,24.676953,0 91.965161,24.676879,0 91.965032,24.676817,0 91.964898,24.676766,0 91.964759,24.676727,0 91.964616,24.676701,0 91.964471,24.676688,0 91.964326,24.676688,0 91.964286,24.676692,0 91.964197,24.676696,0 91.963192,24.676696,0 91.963156,24.676694,0 91.963153,24.676690,0 91.963069,24.676597,0 91.962966,24.676503,0 91.962853,24.676419,0 91.962732,24.676345,0 91.962604,24.676282,0 91.962470,24.676231,0 91.962330,24.676193,0 91.962188,24.676167,0 91.962112,24.676160,0 91.962079,24.676155,0 91.962075,24.676151,0 91.961991,24.676058,0 91.961888,24.675964,0 91.961775,24.675880,0 91.961654,24.675806,0 91.961526,24.675743,0 91.961392,24.675692,0 91.961253,24.675654,0 91.961110,24.675628,0 91.961034,24.675621,0 91.961001,24.675616,0 91.960982,24.675588,0 91.960949,24.675531,0 91.960868,24.675420,0 91.960776,24.675317,0 91.960673,24.675224,0 91.960560,24.675139,0 91.960483,24.675092,0 91.960462,24.675078,0 91.960443,24.675049,0 91.960410,24.674992,0 91.960329,24.674881,0 91.960237,24.674779,0 91.960134,24.674685,0 91.960021,24.674600,0 91.959944,24.674553,0 91.959923,24.674539,0 91.959915,24.674509,0 91.959900,24.674440,0 91.959858,24.674313,0 91.959802,24.674190,0 91.959734,24.674073,0 91.959653,24.673962,0 91.959561,24.673860,0 91.959458,24.673766,0 91.959345,24.673681,0 91.959224,24.673608,0 91.959096,24.673545,0 91.958962,24.673494,0 91.958866,24.673467,0 91.958804,24.673447,0 91.958665,24.673409,0 91.958522,24.673383,0 91.958377,24.673370,0 91.958232,24.673370,0 91.958087,24.673383,0 91.957945,24.673409,0 91.957805,24.673447,0 91.957765,24.673460,0 91.957729,24.673462,0 91.956185,24.673462,0 91.956150,24.673460,0 91.956149,24.673429,0 91.956149,24.673051,0 91.956142,24.672921,0 91.956122,24.672792,0 91.956088,24.672666,0 91.956041,24.672544,0 91.955982,24.672426,0 91.955910,24.672314,0 91.955828,24.672208,0 91.955734,24.672111,0 91.955631,24.672022,0 91.955519,24.671942,0 91.955399,24.671873,0 91.955272,24.671814,0 91.955140,24.671767,0 91.955003,24.671731,0 91.954863,24.671708,0 91.954722,24.671697,0 91.954580,24.671698,0 91.954439,24.671712,0 91.954299,24.671738,0 91.954164,24.671776,0 91.954033,24.671826,0 91.953992,24.671843,0 91.953956,24.671845,0 91.953858,24.671845,0 91.953713,24.671852,0 91.953569,24.671871,0 91.953428,24.671903,0 91.953291,24.671948,0 91.953159,24.672005,0 91.953035,24.672073,0 91.952918,24.672153,0 91.952810,24.672242,0 91.952712,24.672340,0 91.952626,24.672447,0 91.952551,24.672561,0 91.952489,24.672681,0 91.952440,24.672806,0 91.952404,24.672935,0 91.952383,24.673067,0 91.952376,24.673200,0 91.952376,24.674507,0 91.952374,24.674539,0 91.952360,24.674541,0 91.952215,24.674567,0 91.952120,24.674594,0 91.952048,24.674574,0 91.951905,24.674548,0 91.951889,24.674545,0 91.951745,24.674532,0 91.951599,24.674532,0 91.951454,24.674545,0 91.951312,24.674571,0 91.951172,24.674610,0 91.951038,24.674661,0 91.950910,24.674723,0 91.950789,24.674797,0 91.950676,24.674882,0 91.950573,24.674976,0 91.950481,24.675078,0 91.950400,24.675189,0 91.950332,24.675306,0 91.950276,24.675429,0 91.950234,24.675556,0 91.950205,24.675687,0 91.950191,24.675819,0 91.950191,24.675952,0 91.950205,24.676084,0 91.950234,24.676214,0 91.950235,24.676219,0</coordinates></LinearRing></outerBoundaryIs></Polygon></MultiGeometry></Placemark>
<Placemark><name>TEA-C011 (104 ha)</name><description><![CDATA[<b>TEA-C011</b><br/>upazila: Jaintiapur<br/>area: 104 ha<br/><hr/>Estates expected in this upazila:<br/>Afifanagar, Lallakhal, Sreepore<br/><br/><b>Zoom in.</b> Tea shows regular planted rows, uniform canopy, pale service tracks in a grid, hard geometric edges. Natural forest is chaotic with ragged edges.<br/><br/>Record yes/no in sylhet_tea_candidates_review.csv]]></description><styleUrl>#cand</styleUrl><MultiGeometry><Polygon><outerBoundaryIs><LinearRing><coordinates>92.143181,25.128903,0 92.143177,25.128907,0 92.143126,25.128949,0 92.143023,25.129043,0 92.142930,25.129145,0 92.142849,25.129256,0 92.142780,25.129373,0 92.142724,25.129496,0 92.142682,25.129623,0 92.142653,25.129754,0 92.142639,25.129886,0 92.142639,25.130019,0 92.142639,25.130019,0 92.142639,25.130248,0 92.142646,25.130381,0 92.142668,25.130513,0 92.142703,25.130641,0 92.142752,25.130767,0 92.142815,25.130887,0 92.142890,25.131001,0 92.142977,25.131108,0 92.143075,25.131206,0 92.143183,25.131295,0 92.143300,25.131375,0 92.143426,25.131443,0 92.143558,25.131500,0 92.143695,25.131544,0 92.143837,25.131577,0 92.143981,25.131596,0 92.144127,25.131603,0 92.144219,25.131603,0 92.144255,25.131604,0 92.144287,25.131643,0 92.144379,25.131746,0 92.144483,25.131840,0 92.144595,25.131924,0 92.144717,25.131998,0 92.144846,25.132061,0 92.144981,25.132112,0 92.145120,25.132150,0 92.145263,25.132176,0 92.145409,25.132189,0 92.145555,25.132189,0 92.145700,25.132176,0 92.145843,25.132150,0 92.145873,25.132143,0 92.145909,25.132142,0 92.146541,25.132142,0 92.146687,25.132135,0 92.146831,25.132116,0 92.146973,25.132083,0 92.147110,25.132039,0 92.147242,25.131982,0 92.147368,25.131914,0 92.147485,25.131834,0 92.147593,25.131745,0 92.147691,25.131647,0 92.147778,25.131540,0 92.147853,25.131426,0 92.147916,25.131306,0 92.147965,25.131180,0 92.148000,25.131052,0 92.148022,25.130920,0 92.148029,25.130787,0 92.148029,25.130558,0 92.148031,25.130526,0 92.148065,25.130525,0 92.148366,25.130525,0 92.148514,25.130518,0 92.148516,25.130518,0 92.148551,25.130524,0 92.148567,25.130526,0 92.148575,25.130529,0 92.148568,25.130656,0 92.148568,25.131570,0 92.148566,25.131602,0 92.148562,25.131607,0 92.148479,25.131700,0 92.148397,25.131810,0 92.148329,25.131928,0 92.148273,25.132051,0 92.148230,25.132178,0 92.148202,25.132309,0 92.148188,25.132441,0 92.148188,25.132574,0 92.148202,25.132706,0 92.148231,25.132837,0 92.148273,25.132964,0 92.148329,25.133087,0 92.148398,25.133204,0 92.148480,25.133315,0 92.148573,25.133418,0 92.148676,25.133511,0 92.148789,25.133596,0 92.148911,25.133669,0 92.149040,25.133732,0 92.149105,25.133760,0 92.149107,25.133792,0 92.149107,25.135342,0 92.149105,25.135375,0 92.149103,25.135377,0 92.149022,25.135488,0 92.148953,25.135605,0 92.148898,25.135728,0 92.148855,25.135855,0 92.148827,25.135985,0 92.148812,25.136118,0 92.148812,25.136251,0 92.148827,25.136383,0 92.148855,25.136513,0 92.148898,25.136641,0 92.148953,25.136763,0 92.149022,25.136881,0 92.149103,25.136991,0 92.149105,25.136994,0 92.149124,25.137021,0 92.149159,25.137081,0 92.149240,25.137192,0 92.149333,25.137295,0 92.149436,25.137389,0 92.149549,25.137473,0 92.149621,25.137517,0 92.149645,25.137533,0 92.149670,25.137554,0 92.149725,25.137603,0 92.149837,25.137688,0 92.149959,25.137762,0 92.150088,25.137824,0 92.150223,25.137875,0 92.150362,25.137914,0 92.150506,25.137940,0 92.150651,25.137953,0 92.150797,25.137953,0 92.150942,25.137940,0 92.151085,25.137914,0 92.151225,25.137875,0 92.151360,25.137824,0 92.151489,25.137762,0 92.151610,25.137688,0 92.151723,25.137603,0 92.151777,25.137554,0 92.151803,25.137533,0 92.151827,25.137517,0 92.151899,25.137473,0 92.152012,25.137389,0 92.152115,25.137295,0 92.152208,25.137192,0 92.152289,25.137081,0 92.152324,25.137021,0 92.152342,25.136994,0 92.152391,25.136953,0 92.152500,25.136853,0 92.152598,25.136743,0 92.152682,25.136625,0 92.152752,25.136499,0 92.152808,25.136367,0 92.152848,25.136230,0 92.152872,25.136091,0 92.152880,25.135950,0 92.152880,25.133792,0 92.152882,25.133760,0 92.152916,25.133759,0 92.153311,25.133759,0 92.153465,25.133751,0 92.153617,25.133730,0 92.153766,25.133694,0 92.153910,25.133644,0 92.154048,25.133581,0 92.154178,25.133505,0 92.154298,25.133418,0 92.154408,25.133319,0 92.154488,25.133231,0 92.154498,25.133221,0 92.154533,25.133220,0 92.156545,25.133220,0 92.156699,25.133213,0 92.156851,25.133191,0 92.157000,25.133155,0 92.157144,25.133105,0 92.157282,25.133042,0 92.157412,25.132966,0 92.157532,25.132879,0 92.157642,25.132780,0 92.157722,25.132692,0 92.157732,25.132682,0 92.157744,25.132672,0 92.157832,25.132606,0 92.157935,25.132512,0 92.158028,25.132410,0 92.158109,25.132299,0 92.158178,25.132182,0 92.158234,25.132059,0 92.158276,25.131932,0 92.158304,25.131802,0 92.158319,25.131669,0 92.158319,25.131536,0 92.158304,25.131404,0 92.158276,25.131274,0 92.158234,25.131146,0 92.158178,25.131024,0 92.158109,25.130906,0 92.158028,25.130796,0 92.157935,25.130693,0 92.157832,25.130599,0 92.157744,25.130533,0 92.157732,25.130524,0 92.157714,25.130496,0 92.157679,25.130436,0 92.157598,25.130326,0 92.157505,25.130223,0 92.157402,25.130129,0 92.157289,25.130045,0 92.157216,25.130000,0 92.157193,25.129985,0 92.157192,25.129953,0 92.157192,25.128402,0 92.157192,25.128402,0 92.157192,25.128269,0 92.157177,25.128137,0 92.157149,25.128006,0 92.157107,25.127879,0 92.157051,25.127756,0 92.156982,25.127639,0 92.156901,25.127528,0 92.156808,25.127426,0 92.156705,25.127332,0 92.156654,25.127290,0 92.156636,25.127262,0 92.156601,25.127202,0 92.156520,25.127092,0 92.156427,25.126989,0 92.156324,25.126895,0 92.156211,25.126811,0 92.156138,25.126767,0 92.156115,25.126751,0 92.156107,25.126743,0 92.156035,25.126663,0 92.155938,25.126573,0 92.155832,25.126491,0 92.155718,25.126420,0 92.155597,25.126358,0 92.155470,25.126306,0 92.155339,25.126266,0 92.155204,25.126236,0 92.155067,25.126219,0 92.154928,25.126213,0 92.154605,25.126213,0 92.154466,25.126219,0 92.154329,25.126236,0 92.154194,25.126266,0 92.154062,25.126306,0 92.153936,25.126358,0 92.153815,25.126420,0 92.153701,25.126491,0 92.153595,25.126573,0 92.153497,25.126663,0 92.153425,25.126743,0 92.153418,25.126751,0 92.153369,25.126791,0 92.153271,25.126880,0 92.153182,25.126976,0 92.153104,25.127080,0 92.153037,25.127189,0 92.152981,25.127304,0 92.152937,25.127423,0 92.152905,25.127545,0 92.152886,25.127669,0 92.152880,25.127795,0 92.152880,25.127797,0 92.152878,25.127829,0 92.152828,25.127871,0 92.152724,25.127965,0 92.152632,25.128067,0 92.152551,25.128178,0 92.152482,25.128295,0 92.152426,25.128418,0 92.152384,25.128545,0 92.152355,25.128676,0 92.152341,25.128808,0 92.152341,25.128941,0 92.152341,25.128941,0 92.152341,25.129414,0 92.152339,25.129445,0 92.152304,25.129447,0 92.150760,25.129447,0 92.150724,25.129445,0 92.150717,25.129442,0 92.150724,25.129316,0 92.150724,25.129179,0 92.150717,25.129050,0 92.150697,25.128922,0 92.150663,25.128797,0 92.150617,25.128675,0 92.150558,25.128557,0 92.150487,25.128446,0 92.150405,25.128341,0 92.150312,25.128243,0 92.150209,25.128154,0 92.150098,25.128075,0 92.149979,25.128005,0 92.149853,25.127946,0 92.149721,25.127898,0 92.149585,25.127862,0 92.149446,25.127838,0 92.149305,25.127826,0 92.149163,25.127826,0 92.149070,25.127830,0 92.148770,25.127830,0 92.148626,25.127836,0 92.148620,25.127837,0 92.148584,25.127830,0 92.148569,25.127828,0 92.148560,25.127769,0 92.148559,25.127759,0 92.148530,25.127629,0 92.148488,25.127502,0 92.148432,25.127379,0 92.148363,25.127261,0 92.148282,25.127151,0 92.148189,25.127048,0 92.148086,25.126954,0 92.147973,25.126870,0 92.147852,25.126796,0 92.147723,25.126733,0 92.147588,25.126683,0 92.147448,25.126644,0 92.147305,25.126618,0 92.147160,25.126605,0 92.147014,25.126605,0 92.146869,25.126618,0 92.146725,25.126644,0 92.146586,25.126683,0 92.146451,25.126733,0 92.146411,25.126750,0 92.146373,25.126755,0 92.146306,25.126762,0 92.146162,25.126787,0 92.146023,25.126826,0 92.145888,25.126877,0 92.145759,25.126940,0 92.145638,25.127013,0 92.145525,25.127098,0 92.145421,25.127192,0 92.145337,25.127286,0 92.145333,25.127290,0 92.145309,25.127306,0 92.145237,25.127350,0 92.145124,25.127434,0 92.145021,25.127528,0 92.144928,25.127631,0 92.144847,25.127741,0 92.144812,25.127801,0 92.144794,25.127829,0 92.144770,25.127845,0 92.144698,25.127889,0 92.144585,25.127973,0 92.144482,25.128067,0 92.144389,25.128170,0 92.144308,25.128280,0 92.144273,25.128340,0 92.144255,25.128367,0 92.144217,25.128372,0 92.144150,25.128379,0 92.144006,25.128404,0 92.143867,25.128443,0 92.143732,25.128494,0 92.143603,25.128557,0 92.143482,25.128630,0 92.143369,25.128715,0 92.143265,25.128809,0 92.143181,25.128903,0</coordinates></LinearRing></outerBoundaryIs></Polygon></MultiGeometry></Placemark>
<Placemark><name>TEA-C012 (100 ha)</name><description><![CDATA[<b>TEA-C012</b><br/>upazila: Fenchuganj<br/>area: 100 ha<br/><hr/>Estates expected in this upazila:<br/>Dallucherra, Monipur, Moomincherra<br/><br/><b>Zoom in.</b> Tea shows regular planted rows, uniform canopy, pale service tracks in a grid, hard geometric edges. Natural forest is chaotic with ragged edges.<br/><br/>Record yes/no in sylhet_tea_candidates_review.csv]]></description><styleUrl>#cand</styleUrl><MultiGeometry><Polygon><outerBoundaryIs><LinearRing><coordinates>91.944812,24.683743,0 91.944793,24.683785,0 91.944751,24.683913,0 91.944723,24.684043,0 91.944708,24.684175,0 91.944708,24.684308,0 91.944723,24.684441,0 91.944751,24.684571,0 91.944793,24.684698,0 91.944812,24.684740,0 91.944828,24.684781,0 91.944830,24.684814,0 91.944830,24.685353,0 91.944838,24.685494,0 91.944862,24.685634,0 91.944902,24.685770,0 91.944957,24.685902,0 91.945027,24.686028,0 91.945111,24.686147,0 91.945208,24.686257,0 91.945317,24.686357,0 91.945367,24.686399,0 91.945382,24.686450,0 91.945426,24.686582,0 91.945484,24.686710,0 91.945557,24.686831,0 91.945642,24.686944,0 91.945740,24.687050,0 91.945849,24.687145,0 91.945968,24.687230,0 91.946096,24.687304,0 91.946232,24.687365,0 91.946373,24.687413,0 91.946519,24.687448,0 91.946669,24.687469,0 91.946820,24.687476,0 91.947489,24.687476,0 91.947524,24.687477,0 91.947527,24.687491,0 91.947549,24.687591,0 91.947591,24.687718,0 91.947647,24.687841,0 91.947658,24.687859,0 91.947567,24.687960,0 91.947521,24.688016,0 91.947441,24.688127,0 91.947372,24.688244,0 91.947316,24.688367,0 91.947274,24.688494,0 91.947246,24.688624,0 91.947231,24.688757,0 91.947231,24.688890,0 91.947246,24.689022,0 91.947274,24.689152,0 91.947316,24.689280,0 91.947372,24.689402,0 91.947441,24.689520,0 91.947521,24.689630,0 91.947523,24.689633,0 91.947529,24.689641,0 91.947610,24.689751,0 91.947702,24.689854,0 91.947805,24.689948,0 91.947917,24.690032,0 91.948038,24.690106,0 91.948041,24.690108,0 91.948062,24.690170,0 91.948062,24.690171,0 91.948064,24.690204,0 91.948064,24.690743,0 91.948072,24.690884,0 91.948096,24.691024,0 91.948136,24.691160,0 91.948191,24.691292,0 91.948261,24.691418,0 91.948345,24.691537,0 91.948442,24.691647,0 91.948551,24.691747,0 91.948601,24.691788,0 91.948603,24.691821,0 91.948603,24.692293,0 91.948601,24.692326,0 91.948591,24.692390,0 91.948576,24.692527,0 91.948577,24.692663,0 91.948593,24.692799,0 91.948623,24.692933,0 91.948669,24.693064,0 91.948728,24.693189,0 91.948801,24.693309,0 91.948887,24.693421,0 91.948985,24.693524,0 91.949094,24.693619,0 91.949212,24.693702,0 91.949340,24.693774,0 91.949474,24.693834,0 91.949615,24.693882,0 91.949760,24.693916,0 91.949908,24.693937,0 91.950057,24.693944,0 91.950382,24.693944,0 91.950532,24.693937,0 91.950680,24.693916,0 91.950750,24.693900,0 91.950757,24.693944,0 91.950759,24.693977,0 91.950759,24.694449,0 91.950757,24.694482,0 91.950755,24.694484,0 91.950675,24.694595,0 91.950606,24.694712,0 91.950550,24.694835,0 91.950508,24.694962,0 91.950480,24.695092,0 91.950465,24.695225,0 91.950465,24.695358,0 91.950480,24.695490,0 91.950508,24.695620,0 91.950550,24.695747,0 91.950606,24.695870,0 91.950675,24.695987,0 91.950755,24.696098,0 91.950757,24.696100,0 91.950766,24.696117,0 91.950835,24.696234,0 91.950915,24.696345,0 91.951008,24.696448,0 91.951111,24.696542,0 91.951223,24.696626,0 91.951344,24.696700,0 91.951472,24.696763,0 91.951607,24.696813,0 91.951746,24.696852,0 91.951889,24.696878,0 91.952034,24.696891,0 91.952179,24.696891,0 91.952324,24.696878,0 91.952467,24.696852,0 91.952606,24.696813,0 91.952740,24.696763,0 91.952869,24.696700,0 91.952990,24.696626,0 91.953102,24.696542,0 91.953205,24.696448,0 91.953297,24.696345,0 91.953378,24.696234,0 91.953447,24.696117,0 91.953455,24.696101,0 91.953490,24.696100,0 91.953620,24.696100,0 91.953771,24.696093,0 91.953920,24.696071,0 91.954066,24.696037,0 91.954208,24.695988,0 91.954343,24.695927,0 91.954471,24.695854,0 91.954591,24.695769,0 91.954700,24.695673,0 91.954797,24.695568,0 91.954883,24.695455,0 91.954955,24.695333,0 91.955014,24.695206,0 91.955058,24.695074,0 91.955072,24.695022,0 91.955074,24.695020,0 91.955155,24.694909,0 91.955224,24.694792,0 91.955279,24.694669,0 91.955322,24.694542,0 91.955350,24.694412,0 91.955364,24.694280,0 91.955364,24.694147,0 91.955350,24.694014,0 91.955322,24.693884,0 91.955279,24.693757,0 91.955224,24.693634,0 91.955155,24.693517,0 91.955074,24.693406,0 91.955073,24.693404,0 91.955071,24.693371,0 91.955071,24.693104,0 91.955064,24.692974,0 91.955043,24.692845,0 91.955009,24.692718,0 91.954962,24.692595,0 91.954902,24.692477,0 91.954830,24.692365,0 91.954747,24.692259,0 91.954652,24.692161,0 91.954548,24.692072,0 91.954435,24.691992,0 91.954314,24.691923,0 91.954186,24.691865,0 91.954053,24.691818,0 91.953916,24.691783,0 91.953775,24.691761,0 91.953633,24.691750,0 91.953490,24.691753,0 91.953349,24.691768,0 91.953209,24.691795,0 91.953073,24.691834,0 91.952942,24.691885,0 91.952816,24.691948,0 91.952698,24.692021,0 91.952588,24.692104,0 91.952488,24.692197,0 91.952397,24.692297,0 91.952375,24.692325,0 91.952339,24.692327,0 91.952213,24.692327,0 91.952072,24.692333,0 91.951932,24.692351,0 91.951846,24.692370,0 91.951839,24.692326,0 91.951837,24.692293,0 91.951837,24.691821,0 91.951839,24.691789,0 91.951859,24.691782,0 91.951955,24.691756,0 91.952089,24.691705,0 91.952217,24.691642,0 91.952338,24.691568,0 91.952451,24.691484,0 91.952554,24.691390,0 91.952646,24.691287,0 91.952727,24.691177,0 91.952795,24.691059,0 91.952851,24.690937,0 91.952893,24.690809,0 91.952908,24.690740,0 91.952916,24.690711,0 91.952951,24.690710,0 91.953049,24.690710,0 91.953195,24.690703,0 91.953338,24.690684,0 91.953480,24.690651,0 91.953617,24.690607,0 91.953748,24.690550,0 91.953873,24.690481,0 91.953990,24.690402,0 91.954098,24.690313,0 91.954195,24.690214,0 91.954282,24.690108,0 91.954357,24.689994,0 91.954419,24.689873,0 91.954468,24.689748,0 91.954503,24.689619,0 91.954525,24.689488,0 91.954532,24.689355,0 91.954532,24.688824,0 91.954525,24.688695,0 91.954505,24.688568,0 91.954472,24.688442,0 91.954425,24.688320,0 91.954367,24.688203,0 91.954296,24.688091,0 91.954214,24.687986,0 91.954122,24.687889,0 91.954019,24.687800,0 91.953908,24.687720,0 91.953789,24.687651,0 91.953664,24.687592,0 91.953533,24.687544,0 91.953397,24.687507,0 91.953258,24.687483,0 91.953118,24.687471,0 91.952976,24.687471,0 91.952950,24.687473,0 91.952805,24.687486,0 91.952662,24.687511,0 91.952523,24.687550,0 91.952388,24.687601,0 91.952260,24.687664,0 91.952139,24.687737,0 91.952027,24.687822,0 91.951924,24.687916,0 91.951840,24.688009,0 91.951836,24.688013,0 91.951802,24.688018,0 91.951727,24.688025,0 91.951584,24.688050,0 91.951445,24.688089,0 91.951310,24.688140,0 91.951182,24.688203,0 91.951061,24.688276,0 91.950949,24.688361,0 91.950846,24.688455,0 91.950762,24.688548,0 91.950758,24.688552,0 91.950722,24.688554,0 91.950256,24.688554,0 91.950221,24.688552,0 91.950218,24.688539,0 91.950196,24.688438,0 91.950153,24.688311,0 91.950098,24.688188,0 91.950087,24.688170,0 91.950178,24.688069,0 91.950221,24.688016,0 91.950255,24.688012,0 91.950330,24.688005,0 91.950473,24.687979,0 91.950612,24.687940,0 91.950746,24.687889,0 91.950875,24.687827,0 91.950996,24.687753,0 91.951108,24.687669,0 91.951211,24.687575,0 91.951295,24.687481,0 91.951299,24.687477,0 91.951320,24.687463,0 91.951397,24.687416,0 91.951510,24.687331,0 91.951613,24.687237,0 91.951705,24.687134,0 91.951786,24.687024,0 91.951819,24.686967,0 91.951838,24.686938,0 91.951891,24.686894,0 91.951994,24.686800,0 91.952086,24.686698,0 91.952167,24.686587,0 91.952235,24.686470,0 91.952291,24.686347,0 91.952333,24.686220,0 91.952362,24.686090,0 91.952376,24.685957,0 91.952376,24.685859,0 91.952376,24.685859,0 91.952376,24.685353,0 91.952378,24.685320,0 91.952381,24.685297,0 91.952400,24.685213,0 91.952414,24.685081,0 91.952414,24.684948,0 91.952400,24.684815,0 91.952371,24.684685,0 91.952329,24.684558,0 91.952273,24.684435,0 91.952205,24.684318,0 91.952124,24.684207,0 91.952032,24.684104,0 91.951929,24.684010,0 91.951816,24.683926,0 91.951695,24.683852,0 91.951567,24.683790,0 91.951433,24.683739,0 91.951303,24.683703,0 91.951299,24.683701,0 91.951280,24.683673,0 91.951247,24.683616,0 91.951166,24.683505,0 91.951074,24.683402,0 91.950971,24.683308,0 91.950858,24.683224,0 91.950781,24.683177,0 91.950761,24.683163,0 91.950759,24.683131,0 91.950759,24.683130,0 91.950753,24.683005,0 91.950733,24.682881,0 91.950702,24.682758,0 91.950658,24.682639,0 91.950602,24.682525,0 91.950535,24.682415,0 91.950457,24.682312,0 91.950369,24.682215,0 91.950272,24.682127,0 91.950221,24.682085,0 91.950217,24.682080,0 91.950133,24.681987,0 91.950030,24.681893,0 91.949918,24.681809,0 91.949797,24.681735,0 91.949668,24.681672,0 91.949534,24.681621,0 91.949395,24.681583,0 91.949252,24.681557,0 91.949177,24.681550,0 91.949143,24.681545,0 91.949124,24.681517,0 91.949091,24.681460,0 91.949010,24.681349,0 91.948918,24.681246,0 91.948815,24.681152,0 91.948702,24.681068,0 91.948625,24.681021,0 91.948604,24.681007,0 91.948600,24.681002,0 91.948516,24.680909,0 91.948413,24.680815,0 91.948301,24.680731,0 91.948180,24.680657,0 91.948051,24.680594,0 91.947917,24.680543,0 91.947778,24.680505,0 91.947635,24.680479,0 91.947490,24.680466,0 91.947463,24.680464,0 91.947322,24.680464,0 91.947181,24.680476,0 91.947043,24.680501,0 91.946907,24.680537,0 91.946776,24.680585,0 91.946650,24.680644,0 91.946532,24.680713,0 91.946421,24.680793,0 91.946318,24.680882,0 91.946226,24.680979,0 91.946144,24.681084,0 91.946073,24.681196,0 91.946014,24.681313,0 91.945968,24.681435,0 91.945935,24.681561,0 91.945915,24.681688,0 91.945908,24.681817,0 91.945908,24.682053,0 91.945906,24.682085,0 91.945867,24.682098,0 91.945818,24.682111,0 91.945688,24.682159,0 91.945564,24.682219,0 91.945446,24.682289,0 91.945336,24.682369,0 91.945235,24.682457,0 91.945144,24.682555,0 91.945063,24.682659,0 91.944993,24.682770,0 91.944935,24.682887,0 91.944889,24.683008,0 91.944856,24.683133,0 91.944837,24.683260,0 91.944830,24.683388,0 91.944830,24.683670,0 91.944828,24.683702,0 91.944812,24.683743,0</coordinates></LinearRing></outerBoundaryIs></Polygon></MultiGeometry></Placemark>
<Placemark><name>TEA-C013 (1,174 ha)</name><description><![CDATA[<b>TEA-C013</b><br/>upazila: Kanaighat<br/>area: 1,174 ha<br/><hr/>Estates expected in this upazila:<br/>Loobacherra<br/><br/><b>Zoom in.</b> Tea shows regular planted rows, uniform canopy, pale service tracks in a grid, hard geometric edges. Natural forest is chaotic with ragged edges.<br/><br/>Record yes/no in sylhet_tea_candidates_review.csv]]></description><styleUrl>#cand</styleUrl><MultiGeometry><Polygon><outerBoundaryIs><LinearRing><coordinates>92.177672,25.104114,0 92.177654,25.104159,0 92.177611,25.104287,0 92.177583,25.104417,0 92.177569,25.104549,0 92.177569,25.104682,0 92.177583,25.104814,0 92.177611,25.104945,0 92.177654,25.105072,0 92.177710,25.105195,0 92.177778,25.105312,0 92.177860,25.105423,0 92.177952,25.105525,0 92.178055,25.105619,0 92.178168,25.105704,0 92.178211,25.105732,0 92.178212,25.105765,0 92.178212,25.107078,0 92.178220,25.107214,0 92.178243,25.107350,0 92.178280,25.107483,0 92.178333,25.107611,0 92.178399,25.107734,0 92.178478,25.107851,0 92.178571,25.107959,0 92.178674,25.108059,0 92.178788,25.108148,0 92.178912,25.108226,0 92.179043,25.108293,0 92.179182,25.108347,0 92.179325,25.108388,0 92.179473,25.108416,0 92.179622,25.108430,0 92.179773,25.108430,0 92.179866,25.108426,0 92.180332,25.108426,0 92.180367,25.108428,0 92.180368,25.108460,0 92.180368,25.108461,0 92.180376,25.108602,0 92.180401,25.108742,0 92.180441,25.108878,0 92.180496,25.109010,0 92.180566,25.109136,0 92.180650,25.109255,0 92.180748,25.109365,0 92.180857,25.109465,0 92.180906,25.109505,0 92.180907,25.109537,0 92.180907,25.110549,0 92.180906,25.110581,0 92.180857,25.110622,0 92.180759,25.110710,0 92.180671,25.110807,0 92.180593,25.110910,0 92.180525,25.111020,0 92.180469,25.111134,0 92.180425,25.111253,0 92.180394,25.111375,0 92.180375,25.111500,0 92.180368,25.111625,0 92.180368,25.111695,0 92.180376,25.111836,0 92.180401,25.111976,0 92.180441,25.112112,0 92.180496,25.112244,0 92.180566,25.112370,0 92.180650,25.112489,0 92.180748,25.112599,0 92.180857,25.112699,0 92.180906,25.112739,0 92.180916,25.112749,0 92.180996,25.112838,0 92.181106,25.112936,0 92.181226,25.113024,0 92.181356,25.113099,0 92.181494,25.113162,0 92.181638,25.113212,0 92.181787,25.113248,0 92.181939,25.113270,0 92.182093,25.113277,0 92.182417,25.113277,0 92.182570,25.113270,0 92.182723,25.113248,0 92.182872,25.113212,0 92.183016,25.113162,0 92.183153,25.113099,0 92.183283,25.113024,0 92.183404,25.112936,0 92.183513,25.112838,0 92.183594,25.112749,0 92.183603,25.112740,0 92.183639,25.112738,0 92.185183,25.112738,0 92.185217,25.112740,0 92.185219,25.112771,0 92.185219,25.113244,0 92.185217,25.113277,0 92.185208,25.113337,0 92.185205,25.113350,0 92.185191,25.113483,0 92.185191,25.113616,0 92.185205,25.113749,0 92.185234,25.113880,0 92.185277,25.114008,0 92.185334,25.114131,0 92.185403,25.114249,0 92.185485,25.114359,0 92.185579,25.114462,0 92.185683,25.114556,0 92.185797,25.114640,0 92.185919,25.114714,0 92.186049,25.114776,0 92.186185,25.114826,0 92.186325,25.114864,0 92.186469,25.114889,0 92.186616,25.114901,0 92.186762,25.114900,0 92.186879,25.114894,0 92.191040,25.114894,0 92.191194,25.114887,0 92.191346,25.114865,0 92.191495,25.114829,0 92.191640,25.114779,0 92.191777,25.114716,0 92.191907,25.114641,0 92.192027,25.114553,0 92.192137,25.114455,0 92.192218,25.114366,0 92.192227,25.114356,0 92.192251,25.114341,0 92.192323,25.114296,0 92.192436,25.114212,0 92.192539,25.114118,0 92.192632,25.114015,0 92.192713,25.113905,0 92.192748,25.113845,0 92.192766,25.113818,0 92.192802,25.113816,0 92.193806,25.113816,0 92.193841,25.113818,0 92.193843,25.113849,0 92.193843,25.115157,0 92.193850,25.115289,0 92.193872,25.115421,0 92.193907,25.115550,0 92.193956,25.115675,0 92.194019,25.115795,0 92.194094,25.115909,0 92.194181,25.116016,0 92.194279,25.116114,0 92.194387,25.116204,0 92.194504,25.116283,0 92.194629,25.116351,0 92.194761,25.116408,0 92.194899,25.116453,0 92.195041,25.116485,0 92.195185,25.116505,0 92.195331,25.116511,0 92.195423,25.116511,0 92.195458,25.116513,0 92.195460,25.116544,0 92.195460,25.117556,0 92.195458,25.117588,0 92.195435,25.117604,0 92.195363,25.117648,0 92.195250,25.117732,0 92.195147,25.117826,0 92.195054,25.117929,0 92.194973,25.118039,0 92.194938,25.118099,0 92.194920,25.118126,0 92.194884,25.118128,0 92.194501,25.118128,0 92.194359,25.118134,0 92.194217,25.118153,0 92.194078,25.118184,0 92.193944,25.118227,0 92.193814,25.118281,0 92.193691,25.118347,0 92.193575,25.118423,0 92.193467,25.118509,0 92.193370,25.118603,0 92.193282,25.118706,0 92.193206,25.118816,0 92.193142,25.118932,0 92.193090,25.119054,0 92.193051,25.119179,0 92.193026,25.119307,0 92.193014,25.119436,0 92.193016,25.119566,0 92.193032,25.119696,0 92.193061,25.119823,0 92.193104,25.119947,0 92.193159,25.120067,0 92.193227,25.120181,0 92.193299,25.120280,0 92.193302,25.120285,0 92.193304,25.120317,0 92.193304,25.120692,0 92.193312,25.120828,0 92.193334,25.120963,0 92.193371,25.121095,0 92.193423,25.121223,0 92.193488,25.121345,0 92.193567,25.121461,0 92.193658,25.121569,0 92.193761,25.121669,0 92.193874,25.121758,0 92.193996,25.121836,0 92.194126,25.121903,0 92.194263,25.121958,0 92.194406,25.122000,0 92.194552,25.122029,0 92.194701,25.122044,0 92.194850,25.122046,0 92.194999,25.122033,0 92.195146,25.122008,0 92.195290,25.121969,0 92.195428,25.121917,0 92.195460,25.121903,0 92.195499,25.121897,0 92.195566,25.121891,0 92.195710,25.121865,0 92.195849,25.121827,0 92.195984,25.121776,0 92.196113,25.121713,0 92.196234,25.121639,0 92.196347,25.121555,0 92.196451,25.121461,0 92.196535,25.121367,0 92.196539,25.121364,0 92.196574,25.121362,0 92.198118,25.121362,0 92.198155,25.121364,0 92.198171,25.121367,0 92.198278,25.121397,0 92.198421,25.121423,0 92.198566,25.121436,0 92.198686,25.121436,0 92.198654,25.121451,0 92.198532,25.121525,0 92.198419,25.121610,0 92.198316,25.121704,0 92.198223,25.121806,0 92.198166,25.121884,0 92.198154,25.121900,0 92.198142,25.121910,0 92.198054,25.121975,0 92.197951,25.122069,0 92.197858,25.122172,0 92.197777,25.122283,0 92.197708,25.122400,0 92.197652,25.122523,0 92.197610,25.122650,0 92.197581,25.122780,0 92.197567,25.122913,0 92.197567,25.123045,0 92.197581,25.123178,0 92.197610,25.123308,0 92.197652,25.123435,0 92.197708,25.123558,0 92.197777,25.123675,0 92.197858,25.123786,0 92.197951,25.123889,0 92.198054,25.123983,0 92.198142,25.124048,0 92.198154,25.124058,0 92.198167,25.124074,0 92.198262,25.124179,0 92.198367,25.124275,0 92.198483,25.124360,0 92.198607,25.124435,0 92.198739,25.124498,0 92.198877,25.124548,0 92.199020,25.124586,0 92.199167,25.124610,0 92.199315,25.124621,0 92.199464,25.124619,0 92.199612,25.124603,0 92.199757,25.124573,0 92.199899,25.124531,0 92.200035,25.124476,0 92.200164,25.124408,0 92.200285,25.124330,0 92.200397,25.124240,0 92.200499,25.124141,0 92.200589,25.124033,0 92.200667,25.123918,0 92.200732,25.123796,0 92.200783,25.123668,0 92.200820,25.123537,0 92.200842,25.123403,0 92.200850,25.123268,0 92.200850,25.123012,0 92.200852,25.122979,0 92.200862,25.122942,0 92.200890,25.122812,0 92.200905,25.122680,0 92.200905,25.122547,0 92.200890,25.122414,0 92.200862,25.122284,0 92.200819,25.122157,0 92.200764,25.122034,0 92.200695,25.121917,0 92.200614,25.121806,0 92.200521,25.121704,0 92.200418,25.121610,0 92.200305,25.121525,0 92.200183,25.121451,0 92.200055,25.121389,0 92.199920,25.121338,0 92.199780,25.121299,0 92.199637,25.121273,0 92.199492,25.121260,0 92.199372,25.121260,0 92.199404,25.121245,0 92.199526,25.121171,0 92.199638,25.121087,0 92.199742,25.120993,0 92.199834,25.120890,0 92.199915,25.120779,0 92.199984,25.120662,0 92.200040,25.120539,0 92.200082,25.120412,0 92.200111,25.120282,0 92.200125,25.120149,0 92.200125,25.120016,0 92.200111,25.119884,0 92.200082,25.119754,0 92.200040,25.119627,0 92.199984,25.119504,0 92.199915,25.119387,0 92.199834,25.119276,0 92.199801,25.119239,0 92.199774,25.119205,0 92.199772,25.119173,0 92.199772,25.118700,0 92.199774,25.118667,0 92.199791,25.118622,0 92.199834,25.118495,0 92.199862,25.118365,0 92.199877,25.118232,0 92.199877,25.118099,0 92.199862,25.117967,0 92.199834,25.117837,0 92.199791,25.117709,0 92.199736,25.117587,0 92.199667,25.117469,0 92.199586,25.117359,0 92.199493,25.117256,0 92.199390,25.117162,0 92.199277,25.117078,0 92.199234,25.117049,0 92.199216,25.117021,0 92.199181,25.116961,0 92.199100,25.116851,0 92.199007,25.116748,0 92.198904,25.116654,0 92.198791,25.116570,0 92.198719,25.116526,0 92.198696,25.116510,0 92.198694,25.116478,0 92.198694,25.115937,0 92.198688,25.115812,0 92.198668,25.115687,0 92.198637,25.115565,0 92.198593,25.115446,0 92.198537,25.115331,0 92.198470,25.115222,0 92.198391,25.115118,0 92.198303,25.115022,0 92.198205,25.114933,0 92.198157,25.114893,0 92.198155,25.114861,0 92.198155,25.114320,0 92.198149,25.114195,0 92.198129,25.114070,0 92.198098,25.113948,0 92.198054,25.113829,0 92.197998,25.113714,0 92.197931,25.113605,0 92.197852,25.113501,0 92.197764,25.113405,0 92.197666,25.113317,0 92.197618,25.113276,0 92.197616,25.113244,0 92.197616,25.112703,0 92.197610,25.112578,0 92.197590,25.112453,0 92.197559,25.112331,0 92.197515,25.112212,0 92.197459,25.112097,0 92.197392,25.111988,0 92.197313,25.111884,0 92.197225,25.111788,0 92.197127,25.111700,0 92.197079,25.111659,0 92.197077,25.111627,0 92.197077,25.111086,0 92.197071,25.110961,0 92.197051,25.110836,0 92.197020,25.110714,0 92.196976,25.110595,0 92.196920,25.110481,0 92.196853,25.110371,0 92.196774,25.110268,0 92.196686,25.110171,0 92.196588,25.110083,0 92.196540,25.110042,0 92.196538,25.110010,0 92.196538,25.109469,0 92.196532,25.109344,0 92.196512,25.109220,0 92.196481,25.109097,0 92.196437,25.108978,0 92.196381,25.108864,0 92.196314,25.108754,0 92.196235,25.108651,0 92.196147,25.108554,0 92.196049,25.108466,0 92.196001,25.108426,0 92.195999,25.108393,0 92.195999,25.107382,0 92.196001,25.107350,0 92.196035,25.107348,0 92.196336,25.107348,0 92.196484,25.107342,0 92.196486,25.107341,0 92.196522,25.107348,0 92.196537,25.107350,0 92.196582,25.107374,0 92.196710,25.107437,0 92.196845,25.107488,0 92.196985,25.107526,0 92.197128,25.107552,0 92.197273,25.107565,0 92.197419,25.107565,0 92.197565,25.107552,0 92.197708,25.107526,0 92.197848,25.107488,0 92.197982,25.107437,0 92.198111,25.107374,0 92.198155,25.107350,0 92.198191,25.107348,0 92.198657,25.107348,0 92.198693,25.107350,0 92.198702,25.107359,0 92.198783,25.107448,0 92.198893,25.107546,0 92.199013,25.107634,0 92.199143,25.107709,0 92.199280,25.107773,0 92.199424,25.107822,0 92.199573,25.107858,0 92.199726,25.107880,0 92.199880,25.107887,0 92.200203,25.107887,0 92.200357,25.107880,0 92.200509,25.107858,0 92.200658,25.107822,0 92.200802,25.107773,0 92.200940,25.107709,0 92.201070,25.107634,0 92.201190,25.107546,0 92.201300,25.107448,0 92.201380,25.107359,0 92.201390,25.107350,0 92.201413,25.107334,0 92.201486,25.107290,0 92.201599,25.107205,0 92.201702,25.107111,0 92.201795,25.107008,0 92.201876,25.106898,0 92.201911,25.106838,0 92.201929,25.106810,0 92.201952,25.106795,0 92.202025,25.106751,0 92.202138,25.106666,0 92.202241,25.106572,0 92.202334,25.106469,0 92.202415,25.106359,0 92.202450,25.106299,0 92.202468,25.106272,0 92.202503,25.106270,0 92.202969,25.106270,0 92.203005,25.106272,0 92.203009,25.106276,0 92.203093,25.106369,0 92.203196,25.106463,0 92.203309,25.106548,0 92.203431,25.106622,0 92.203559,25.106684,0 92.203694,25.106735,0 92.203834,25.106774,0 92.203977,25.106800,0 92.204045,25.106806,0 92.204083,25.106811,0 92.204101,25.106838,0 92.204136,25.106898,0 92.204217,25.107008,0 92.204310,25.107111,0 92.204413,25.107205,0 92.204526,25.107290,0 92.204598,25.107334,0 92.204622,25.107350,0 92.204631,25.107359,0 92.204712,25.107448,0 92.204821,25.107546,0 92.204942,25.107634,0 92.205072,25.107709,0 92.205209,25.107773,0 92.205353,25.107822,0 92.205502,25.107858,0 92.205655,25.107880,0 92.205808,25.107887,0 92.206203,25.107887,0 92.206239,25.107889,0 92.206248,25.107898,0 92.206329,25.107987,0 92.206438,25.108085,0 92.206559,25.108173,0 92.206689,25.108248,0 92.206826,25.108312,0 92.206970,25.108361,0 92.207119,25.108397,0 92.207271,25.108419,0 92.207425,25.108426,0 92.208827,25.108426,0 92.208981,25.108419,0 92.209133,25.108397,0 92.209282,25.108361,0 92.209426,25.108312,0 92.209564,25.108248,0 92.209694,25.108173,0 92.209814,25.108085,0 92.209924,25.107987,0 92.210004,25.107898,0 92.210014,25.107889,0 92.210049,25.107887,0 92.210444,25.107887,0 92.210598,25.107880,0 92.210750,25.107858,0 92.210899,25.107822,0 92.211043,25.107773,0 92.211181,25.107709,0 92.211311,25.107634,0 92.211431,25.107546,0 92.211541,25.107448,0 92.211621,25.107359,0 92.211630,25.107350,0 92.211666,25.107348,0 92.212600,25.107348,0 92.212754,25.107341,0 92.212906,25.107319,0 92.213055,25.107283,0 92.213199,25.107234,0 92.213337,25.107170,0 92.213467,25.107095,0 92.213587,25.107007,0 92.213697,25.106909,0 92.213777,25.106820,0 92.213786,25.106811,0 92.213822,25.106809,0 92.214217,25.106809,0 92.214371,25.106802,0 92.214523,25.106780,0 92.214672,25.106744,0 92.214816,25.106695,0 92.214954,25.106632,0 92.215083,25.106556,0 92.215204,25.106468,0 92.215314,25.106370,0 92.215394,25.106281,0 92.215404,25.106272,0 92.215427,25.106256,0 92.215500,25.106212,0 92.215613,25.106127,0 92.215716,25.106033,0 92.215808,25.105930,0 92.215890,25.105820,0 92.215925,25.105760,0 92.215943,25.105733,0 92.215980,25.105728,0 92.216048,25.105722,0 92.216191,25.105696,0 92.216331,25.105657,0 92.216466,25.105606,0 92.216595,25.105544,0 92.216716,25.105470,0 92.216829,25.105385,0 92.216932,25.105291,0 92.217017,25.105198,0 92.217020,25.105194,0 92.217056,25.105192,0 92.217451,25.105192,0 92.217605,25.105185,0 92.217757,25.105163,0 92.217906,25.105127,0 92.218050,25.105078,0 92.218188,25.105015,0 92.218317,25.104939,0 92.218438,25.104851,0 92.218548,25.104753,0 92.218628,25.104664,0 92.218637,25.104655,0 92.218673,25.104653,0 92.219068,25.104653,0 92.219222,25.104646,0 92.219374,25.104624,0 92.219523,25.104588,0 92.219667,25.104539,0 92.219805,25.104476,0 92.219934,25.104400,0 92.220055,25.104312,0 92.220165,25.104214,0 92.220245,25.104125,0 92.220254,25.104116,0 92.220290,25.104114,0 92.221224,25.104114,0 92.221378,25.104107,0 92.221530,25.104085,0 92.221679,25.104049,0 92.221823,25.104000,0 92.221961,25.103937,0 92.222090,25.103861,0 92.222211,25.103773,0 92.222321,25.103675,0 92.222401,25.103586,0 92.222411,25.103577,0 92.222423,25.103567,0 92.222510,25.103501,0 92.222614,25.103407,0 92.222706,25.103304,0 92.222787,25.103194,0 92.222856,25.103077,0 92.222912,25.102954,0 92.222954,25.102827,0 92.222983,25.102696,0 92.222997,25.102564,0 92.222997,25.102431,0 92.222983,25.102299,0 92.222954,25.102168,0 92.222912,25.102041,0 92.222856,25.101918,0 92.222787,25.101801,0 92.222706,25.101690,0 92.222614,25.101588,0 92.222510,25.101494,0 92.222422,25.101428,0 92.222411,25.101418,0 92.222379,25.101379,0 92.222286,25.101276,0 92.222183,25.101182,0 92.222070,25.101098,0 92.221949,25.101024,0 92.221820,25.100961,0 92.221685,25.100910,0 92.221545,25.100872,0 92.221402,25.100846,0 92.221257,25.100833,0 92.221111,25.100833,0 92.220966,25.100846,0 92.220822,25.100872,0 92.220792,25.100879,0 92.220756,25.100880,0 92.220290,25.100880,0 92.220255,25.100879,0 92.220253,25.100847,0 92.220253,25.100375,0 92.220255,25.100343,0 92.220290,25.100341,0 92.220756,25.100341,0 92.220792,25.100343,0 92.220825,25.100357,0 92.220963,25.100409,0 92.221106,25.100448,0 92.221253,25.100474,0 92.221402,25.100486,0 92.221552,25.100485,0 92.221701,25.100469,0 92.221847,25.100441,0 92.221989,25.100399,0 92.222126,25.100344,0 92.222257,25.100277,0 92.222379,25.100198,0 92.222492,25.100109,0 92.222594,25.100010,0 92.222685,25.099902,0 92.222764,25.099786,0 92.222830,25.099663,0 92.222881,25.099535,0 92.222918,25.099403,0 92.222941,25.099269,0 92.222948,25.099133,0 92.222948,25.098219,0 92.222950,25.098186,0 92.222973,25.098171,0 92.223046,25.098127,0 92.223159,25.098042,0 92.223262,25.097948,0 92.223354,25.097846,0 92.223435,25.097735,0 92.223471,25.097675,0 92.223489,25.097648,0 92.223512,25.097632,0 92.223585,25.097588,0 92.223697,25.097503,0 92.223801,25.097409,0 92.223893,25.097307,0 92.223974,25.097196,0 92.224010,25.097136,0 92.224028,25.097109,0 92.224051,25.097093,0 92.224124,25.097049,0 92.224236,25.096964,0 92.224340,25.096870,0 92.224432,25.096768,0 92.224513,25.096657,0 92.224549,25.096597,0 92.224566,25.096570,0 92.224604,25.096565,0 92.224672,25.096559,0 92.224815,25.096533,0 92.224955,25.096494,0 92.225090,25.096443,0 92.225219,25.096381,0 92.225340,25.096307,0 92.225453,25.096223,0 92.225556,25.096129,0 92.225640,25.096035,0 92.225645,25.096031,0 92.225694,25.095990,0 92.225803,25.095890,0 92.225900,25.095780,0 92.225985,25.095661,0 92.226055,25.095535,0 92.226110,25.095403,0 92.226150,25.095267,0 92.226174,25.095127,0 92.226182,25.094986,0 92.226182,25.094985,0 92.226184,25.094952,0 92.226233,25.094912,0 92.226342,25.094812,0 92.226439,25.094702,0 92.226524,25.094583,0 92.226594,25.094457,0 92.226649,25.094325,0 92.226689,25.094189,0 92.226713,25.094050,0 92.226721,25.093908,0 92.226721,25.093907,0 92.226723,25.093875,0 92.226758,25.093874,0 92.228302,25.093874,0 92.228337,25.093875,0 92.228338,25.093907,0 92.228338,25.094447,0 92.228346,25.094588,0 92.228371,25.094728,0 92.228411,25.094864,0 92.228466,25.094996,0 92.228536,25.095122,0 92.228620,25.095241,0 92.228718,25.095351,0 92.228827,25.095451,0 92.228876,25.095492,0 92.228880,25.095496,0 92.228965,25.095590,0 92.229068,25.095684,0 92.229181,25.095768,0 92.229302,25.095842,0 92.229431,25.095904,0 92.229566,25.095955,0 92.229705,25.095994,0 92.229849,25.096020,0 92.229917,25.096026,0 92.229955,25.096031,0 92.229999,25.096055,0 92.230128,25.096118,0 92.230263,25.096169,0 92.230402,25.096207,0 92.230545,25.096233,0 92.230691,25.096246,0 92.230837,25.096246,0 92.230982,25.096233,0 92.231125,25.096207,0 92.231265,25.096169,0 92.231400,25.096118,0 92.231528,25.096055,0 92.231548,25.096045,0 92.231669,25.095971,0 92.231782,25.095886,0 92.231886,25.095792,0 92.231978,25.095690,0 92.232059,25.095579,0 92.232094,25.095519,0 92.232113,25.095492,0 92.232136,25.095476,0 92.232208,25.095432,0 92.232321,25.095347,0 92.232425,25.095253,0 92.232517,25.095151,0 92.232598,25.095040,0 92.232633,25.094980,0 92.232651,25.094953,0 92.232687,25.094952,0 92.233621,25.094952,0 92.233775,25.094944,0 92.233927,25.094923,0 92.234076,25.094887,0 92.234220,25.094837,0 92.234357,25.094774,0 92.234487,25.094698,0 92.234608,25.094611,0 92.234717,25.094512,0 92.234798,25.094424,0 92.234807,25.094414,0 92.234843,25.094413,0 92.235238,25.094413,0 92.235392,25.094405,0 92.235544,25.094384,0 92.235693,25.094348,0 92.235837,25.094298,0 92.235974,25.094235,0 92.236104,25.094159,0 92.236225,25.094072,0 92.236334,25.093973,0 92.236415,25.093885,0 92.236424,25.093875,0 92.236462,25.093870,0 92.236530,25.093864,0 92.236673,25.093838,0 92.236813,25.093799,0 92.236948,25.093749,0 92.237076,25.093686,0 92.237198,25.093612,0 92.237311,25.093528,0 92.237414,25.093434,0 92.237498,25.093340,0 92.237502,25.093336,0 92.237538,25.093335,0 92.237933,25.093335,0 92.238086,25.093327,0 92.238239,25.093306,0 92.238388,25.093270,0 92.238532,25.093220,0 92.238669,25.093157,0 92.238799,25.093081,0 92.238919,25.092994,0 92.239029,25.092895,0 92.239110,25.092807,0 92.239119,25.092797,0 92.239143,25.092781,0 92.239215,25.092737,0 92.239328,25.092652,0 92.239431,25.092558,0 92.239524,25.092456,0 92.239605,25.092345,0 92.239640,25.092285,0 92.239658,25.092258,0 92.239694,25.092257,0 92.240089,25.092257,0 92.240242,25.092249,0 92.240395,25.092228,0 92.240544,25.092192,0 92.240688,25.092142,0 92.240825,25.092079,0 92.240955,25.092003,0 92.241075,25.091916,0 92.241185,25.091817,0 92.241265,25.091729,0 92.241275,25.091719,0 92.241311,25.091718,0 92.241706,25.091718,0 92.241859,25.091710,0 92.242012,25.091689,0 92.242161,25.091653,0 92.242305,25.091603,0 92.242442,25.091540,0 92.242572,25.091464,0 92.242692,25.091377,0 92.242802,25.091278,0 92.242882,25.091190,0 92.242892,25.091180,0 92.242916,25.091164,0 92.242988,25.091120,0 92.243101,25.091035,0 92.243204,25.090941,0 92.243297,25.090839,0 92.243378,25.090728,0 92.243413,25.090668,0 92.243431,25.090641,0 92.243467,25.090640,0 92.243862,25.090640,0 92.244015,25.090632,0 92.244168,25.090611,0 92.244317,25.090575,0 92.244461,25.090525,0 92.244598,25.090462,0 92.244728,25.090386,0 92.244848,25.090299,0 92.244958,25.090200,0 92.245038,25.090112,0 92.245048,25.090102,0 92.245086,25.090097,0 92.245154,25.090091,0 92.245297,25.090065,0 92.245437,25.090026,0 92.245571,25.089976,0 92.245700,25.089913,0 92.245822,25.089839,0 92.245934,25.089755,0 92.246038,25.089661,0 92.246122,25.089567,0 92.246126,25.089563,0 92.246163,25.089558,0 92.246232,25.089552,0 92.246375,25.089526,0 92.246515,25.089487,0 92.246649,25.089437,0 92.246778,25.089374,0 92.246899,25.089300,0 92.247012,25.089216,0 92.247116,25.089122,0 92.247200,25.089028,0 92.247204,25.089024,0 92.247239,25.089023,0 92.247634,25.089023,0 92.247788,25.089015,0 92.247941,25.088994,0 92.248089,25.088958,0 92.248234,25.088908,0 92.248371,25.088845,0 92.248501,25.088769,0 92.248621,25.088682,0 92.248731,25.088583,0 92.248811,25.088495,0 92.248821,25.088485,0 92.248858,25.088480,0 92.248927,25.088474,0 92.249070,25.088448,0 92.249209,25.088409,0 92.249344,25.088359,0 92.249473,25.088296,0 92.249594,25.088222,0 92.249707,25.088138,0 92.249810,25.088044,0 92.249895,25.087950,0 92.249899,25.087946,0 92.249936,25.087941,0 92.250005,25.087935,0 92.250148,25.087909,0 92.250287,25.087870,0 92.250422,25.087820,0 92.250551,25.087757,0 92.250672,25.087683,0 92.250785,25.087599,0 92.250888,25.087505,0 92.250973,25.087411,0 92.250977,25.087407,0 92.251012,25.087406,0 92.251407,25.087406,0 92.251561,25.087398,0 92.251713,25.087377,0 92.251862,25.087341,0 92.252006,25.087291,0 92.252144,25.087228,0 92.252274,25.087152,0 92.252394,25.087065,0 92.252504,25.086966,0 92.252584,25.086878,0 92.252594,25.086868,0 92.252629,25.086867,0 92.253024,25.086867,0 92.253178,25.086859,0 92.253330,25.086838,0 92.253479,25.086802,0 92.253623,25.086752,0 92.253761,25.086689,0 92.253891,25.086613,0 92.254011,25.086526,0 92.254121,25.086427,0 92.254201,25.086339,0 92.254211,25.086329,0 92.254260,25.086288,0 92.254370,25.086188,0 92.254467,25.086078,0 92.254551,25.085959,0 92.254621,25.085834,0 92.254677,25.085702,0 92.254717,25.085565,0 92.254741,25.085426,0 92.254749,25.085285,0 92.254749,25.085283,0 92.254751,25.085250,0 92.254768,25.085205,0 92.254811,25.085078,0 92.254839,25.084947,0 92.254853,25.084815,0 92.254853,25.084682,0 92.254839,25.084550,0 92.254811,25.084419,0 92.254768,25.084292,0 92.254712,25.084169,0 92.254644,25.084052,0 92.254563,25.083942,0 92.254470,25.083839,0 92.254367,25.083745,0 92.254254,25.083661,0 92.254212,25.083632,0 92.254210,25.083600,0 92.254210,25.083127,0 92.254211,25.083095,0 92.254246,25.083094,0 92.254712,25.083094,0 92.254747,25.083095,0 92.254749,25.083127,0 92.254749,25.083600,0 92.254747,25.083633,0 92.254737,25.083696,0 92.254722,25.083833,0 92.254723,25.083969,0 92.254739,25.084106,0 92.254769,25.084239,0 92.254815,25.084370,0 92.254875,25.084495,0 92.254948,25.084615,0 92.255034,25.084727,0 92.255132,25.084831,0 92.255241,25.084925,0 92.255360,25.085008,0 92.255488,25.085080,0 92.255623,25.085141,0 92.255764,25.085188,0 92.255909,25.085222,0 92.256058,25.085243,0 92.256208,25.085250,0 92.256797,25.085250,0 92.256951,25.085242,0 92.257103,25.085221,0 92.257252,25.085185,0 92.257396,25.085135,0 92.257534,25.085072,0 92.257664,25.084996,0 92.257784,25.084909,0 92.257894,25.084810,0 92.257974,25.084722,0 92.257984,25.084712,0 92.258035,25.084670,0 92.258138,25.084576,0 92.258231,25.084473,0 92.258312,25.084363,0 92.258381,25.084245,0 92.258437,25.084122,0 92.258479,25.083995,0 92.258507,25.083865,0 92.258522,25.083733,0 92.258522,25.083600,0 92.258522,25.083600,0 92.258522,25.083127,0 92.258523,25.083095,0 92.258558,25.083094,0 92.259024,25.083094,0 92.259060,25.083095,0 92.259116,25.083126,0 92.259244,25.083188,0 92.259379,25.083239,0 92.259519,25.083278,0 92.259662,25.083304,0 92.259807,25.083317,0 92.259953,25.083317,0 92.260098,25.083304,0 92.260242,25.083278,0 92.260381,25.083239,0 92.260516,25.083188,0 92.260645,25.083126,0 92.260766,25.083052,0 92.260879,25.082967,0 92.260982,25.082873,0 92.261075,25.082771,0 92.261156,25.082660,0 92.261210,25.082568,0 92.261218,25.082556,0 92.261255,25.082551,0 92.261323,25.082545,0 92.261467,25.082519,0 92.261606,25.082481,0 92.261741,25.082430,0 92.261870,25.082367,0 92.261991,25.082293,0 92.262104,25.082209,0 92.262207,25.082115,0 92.262292,25.082021,0 92.262295,25.082017,0 92.262331,25.082016,0 92.262797,25.082016,0 92.262832,25.082017,0 92.262834,25.082049,0 92.262834,25.082278,0 92.262841,25.082411,0 92.262862,25.082542,0 92.262898,25.082671,0 92.262947,25.082797,0 92.263009,25.082917,0 92.263084,25.083031,0 92.263171,25.083138,0 92.263269,25.083236,0 92.263377,25.083325,0 92.263495,25.083405,0 92.263620,25.083473,0 92.263752,25.083530,0 92.263889,25.083574,0 92.264031,25.083607,0 92.264175,25.083626,0 92.264321,25.083633,0 92.265421,25.083633,0 92.265575,25.083626,0 92.265727,25.083604,0 92.265876,25.083568,0 92.266020,25.083518,0 92.266158,25.083455,0 92.266288,25.083379,0 92.266408,25.083292,0 92.266518,25.083193,0 92.266598,25.083105,0 92.266607,25.083095,0 92.266643,25.083094,0 92.267038,25.083094,0 92.267192,25.083087,0 92.267344,25.083065,0 92.267493,25.083029,0 92.267637,25.082979,0 92.267775,25.082916,0 92.267904,25.082840,0 92.268025,25.082753,0 92.268135,25.082654,0 92.268215,25.082566,0 92.268224,25.082556,0 92.268262,25.082551,0 92.268330,25.082545,0 92.268473,25.082519,0 92.268613,25.082481,0 92.268748,25.082430,0 92.268877,25.082367,0 92.268998,25.082293,0 92.269111,25.082209,0 92.269214,25.082115,0 92.269299,25.082021,0 92.269303,25.082017,0 92.269352,25.081976,0 92.269461,25.081876,0 92.269559,25.081766,0 92.269643,25.081648,0 92.269713,25.081522,0 92.269768,25.081390,0 92.269808,25.081253,0 92.269832,25.081114,0 92.269840,25.080973,0 92.269840,25.080971,0 92.269842,25.080939,0 92.269877,25.080938,0 92.272428,25.080938,0 92.272582,25.080931,0 92.272734,25.080909,0 92.272883,25.080873,0 92.273027,25.080823,0 92.273165,25.080760,0 92.273294,25.080684,0 92.273415,25.080597,0 92.273525,25.080498,0 92.273605,25.080410,0 92.273614,25.080400,0 92.273652,25.080395,0 92.273720,25.080389,0 92.273863,25.080363,0 92.274003,25.080325,0 92.274138,25.080274,0 92.274267,25.080211,0 92.274388,25.080137,0 92.274501,25.080053,0 92.274604,25.079959,0 92.274688,25.079865,0 92.274693,25.079861,0 92.274716,25.079845,0 92.274789,25.079801,0 92.274902,25.079717,0 92.275005,25.079623,0 92.275097,25.079520,0 92.275178,25.079409,0 92.275214,25.079350,0 92.275231,25.079322,0 92.275269,25.079317,0 92.275337,25.079311,0 92.275480,25.079285,0 92.275620,25.079247,0 92.275755,25.079196,0 92.275884,25.079133,0 92.276005,25.079059,0 92.276118,25.078975,0 92.276221,25.078881,0 92.276305,25.078787,0 92.276309,25.078783,0 92.276345,25.078782,0 92.276470,25.078782,0 92.276621,25.078775,0 92.276771,25.078754,0 92.276918,25.078719,0 92.277060,25.078671,0 92.277196,25.078610,0 92.277324,25.078536,0 92.277444,25.078451,0 92.277553,25.078356,0 92.277651,25.078251,0 92.277737,25.078137,0 92.277810,25.078016,0 92.277868,25.077888,0 92.277913,25.077756,0 92.277927,25.077705,0 92.277962,25.077704,0 92.279506,25.077704,0 92.279542,25.077706,0 92.279580,25.077718,0 92.279720,25.077757,0 92.279863,25.077782,0 92.280008,25.077796,0 92.280154,25.077796,0 92.280299,25.077782,0 92.280443,25.077757,0 92.280582,25.077718,0 92.280621,25.077706,0 92.280657,25.077704,0 92.281052,25.077704,0 92.281206,25.077697,0 92.281358,25.077675,0 92.281507,25.077639,0 92.281651,25.077589,0 92.281789,25.077526,0 92.281918,25.077450,0 92.282039,25.077363,0 92.282148,25.077264,0 92.282229,25.077176,0 92.282238,25.077166,0 92.282276,25.077161,0 92.282344,25.077155,0 92.282487,25.077129,0 92.282627,25.077091,0 92.282762,25.077040,0 92.282890,25.076977,0 92.283012,25.076903,0 92.283125,25.076819,0 92.283228,25.076725,0 92.283312,25.076631,0 92.283316,25.076628,0 92.283352,25.076626,0 92.284357,25.076626,0 92.284392,25.076628,0 92.284402,25.076637,0 92.284482,25.076725,0 92.284592,25.076824,0 92.284712,25.076911,0 92.284842,25.076987,0 92.284980,25.077050,0 92.285124,25.077100,0 92.285272,25.077136,0 92.285425,25.077158,0 92.285579,25.077165,0 92.285903,25.077165,0 92.286057,25.077158,0 92.286209,25.077136,0 92.286358,25.077100,0 92.286502,25.077050,0 92.286639,25.076987,0 92.286769,25.076911,0 92.286890,25.076824,0 92.286999,25.076725,0 92.287080,25.076637,0 92.287089,25.076627,0 92.287139,25.076586,0 92.287248,25.076486,0 92.287345,25.076376,0 92.287429,25.076258,0 92.287500,25.076132,0 92.287555,25.076000,0 92.287595,25.075863,0 92.287619,25.075724,0 92.287627,25.075583,0 92.287627,25.075581,0 92.287629,25.075549,0 92.287652,25.075533,0 92.287724,25.075489,0 92.287837,25.075405,0 92.287941,25.075311,0 92.288033,25.075208,0 92.288114,25.075097,0 92.288149,25.075038,0 92.288168,25.075010,0 92.288168,25.075009,0 92.288249,25.074899,0 92.288318,25.074782,0 92.288374,25.074659,0 92.288416,25.074532,0 92.288445,25.074401,0 92.288459,25.074269,0 92.288459,25.074136,0 92.288445,25.074004,0 92.288416,25.073873,0 92.288374,25.073746,0 92.288318,25.073623,0 92.288249,25.073506,0 92.288168,25.073396,0 92.288075,25.073293,0 92.287972,25.073199,0 92.287859,25.073114,0 92.287738,25.073041,0 92.287609,25.072978,0 92.287474,25.072927,0 92.287335,25.072888,0 92.287192,25.072863,0 92.287130,25.072857,0 92.287089,25.072851,0 92.287082,25.072840,0 92.287027,25.072748,0 92.286946,25.072637,0 92.286854,25.072534,0 92.286751,25.072440,0 92.286638,25.072356,0 92.286516,25.072282,0 92.286388,25.072219,0 92.286253,25.072169,0 92.286113,25.072130,0 92.285970,25.072104,0 92.285825,25.072091,0 92.285679,25.072091,0 92.285534,25.072104,0 92.285390,25.072130,0 92.285251,25.072169,0 92.285116,25.072219,0 92.284987,25.072282,0 92.284956,25.072299,0 92.284835,25.072373,0 92.284722,25.072457,0 92.284619,25.072551,0 92.284526,25.072654,0 92.284445,25.072764,0 92.284410,25.072824,0 92.284392,25.072851,0 92.284357,25.072853,0 92.283891,25.072853,0 92.283854,25.072851,0 92.283824,25.072844,0 92.283681,25.072818,0 92.283536,25.072805,0 92.283390,25.072805,0 92.283244,25.072818,0 92.283101,25.072844,0 92.282962,25.072883,0 92.282827,25.072934,0 92.282698,25.072997,0 92.282577,25.073070,0 92.282464,25.073155,0 92.282361,25.073249,0 92.282268,25.073351,0 92.282236,25.073390,0 92.282201,25.073392,0 92.280728,25.073392,0 92.280589,25.073398,0 92.280452,25.073415,0 92.280317,25.073445,0 92.280186,25.073485,0 92.280059,25.073537,0 92.279938,25.073599,0 92.279824,25.073671,0 92.279718,25.073752,0 92.279621,25.073842,0 92.279549,25.073922,0 92.279541,25.073929,0 92.279506,25.073931,0 92.278033,25.073931,0 92.277894,25.073937,0 92.277757,25.073954,0 92.277622,25.073984,0 92.277491,25.074024,0 92.277364,25.074076,0 92.277243,25.074138,0 92.277129,25.074210,0 92.277023,25.074291,0 92.276926,25.074381,0 92.276854,25.074461,0 92.276847,25.074468,0 92.276811,25.074470,0 92.276179,25.074470,0 92.276033,25.074476,0 92.275889,25.074496,0 92.275747,25.074528,0 92.275610,25.074573,0 92.275478,25.074630,0 92.275352,25.074698,0 92.275235,25.074777,0 92.275127,25.074867,0 92.275029,25.074965,0 92.274942,25.075072,0 92.274867,25.075186,0 92.274805,25.075306,0 92.274755,25.075431,0 92.274720,25.075560,0 92.274699,25.075692,0 92.274691,25.075825,0 92.274691,25.076054,0 92.274690,25.076085,0 92.274655,25.076087,0 92.274189,25.076087,0 92.274153,25.076085,0 92.274114,25.076073,0 92.273975,25.076034,0 92.273832,25.076008,0 92.273686,25.075995,0 92.273540,25.075995,0 92.273395,25.076008,0 92.273252,25.076034,0 92.273112,25.076073,0 92.273074,25.076085,0 92.273038,25.076087,0 92.272572,25.076087,0 92.272536,25.076085,0 92.272505,25.076046,0 92.272412,25.075944,0 92.272309,25.075850,0 92.272196,25.075765,0 92.272075,25.075691,0 92.271946,25.075629,0 92.271811,25.075578,0 92.271671,25.075539,0 92.271528,25.075513,0 92.271383,25.075500,0 92.271237,25.075500,0 92.271092,25.075513,0 92.270949,25.075539,0 92.270944,25.075541,0 92.270804,25.075579,0 92.270669,25.075630,0 92.270540,25.075693,0 92.270419,25.075766,0 92.270306,25.075851,0 92.270203,25.075945,0 92.270110,25.076048,0 92.270029,25.076158,0 92.269961,25.076275,0 92.269905,25.076398,0 92.269862,25.076525,0 92.269847,25.076596,0 92.269839,25.076624,0 92.269804,25.076626,0 92.268870,25.076626,0 92.268731,25.076632,0 92.268594,25.076649,0 92.268459,25.076679,0 92.268328,25.076719,0 92.268201,25.076771,0 92.268080,25.076833,0 92.267966,25.076904,0 92.267860,25.076986,0 92.267763,25.077076,0 92.267691,25.077156,0 92.267684,25.077163,0 92.267648,25.077165,0 92.264019,25.077165,0 92.263880,25.077171,0 92.263743,25.077188,0 92.263608,25.077218,0 92.263477,25.077258,0 92.263350,25.077310,0 92.263229,25.077372,0 92.263115,25.077443,0 92.263009,25.077525,0 92.262912,25.077615,0 92.262840,25.077695,0 92.262833,25.077702,0 92.262797,25.077704,0 92.261792,25.077704,0 92.261756,25.077702,0 92.261749,25.077695,0 92.261677,25.077615,0 92.261580,25.077525,0 92.261474,25.077443,0 92.261360,25.077372,0 92.261239,25.077310,0 92.261112,25.077258,0 92.260981,25.077218,0 92.260846,25.077188,0 92.260709,25.077171,0 92.260570,25.077165,0 92.260175,25.077165,0 92.260082,25.077161,0 92.259940,25.077161,0 92.259799,25.077173,0 92.259660,25.077197,0 92.259524,25.077233,0 92.259393,25.077281,0 92.259267,25.077340,0 92.259147,25.077410,0 92.259036,25.077489,0 92.258933,25.077578,0 92.258840,25.077676,0 92.258758,25.077781,0 92.258687,25.077892,0 92.258628,25.078010,0 92.258582,25.078132,0 92.258549,25.078257,0 92.258528,25.078385,0 92.258522,25.078514,0 92.258522,25.078749,0 92.258520,25.078780,0 92.258485,25.078782,0 92.258360,25.078782,0 92.258220,25.078788,0 92.258080,25.078806,0 92.257943,25.078836,0 92.257810,25.078878,0 92.257682,25.078931,0 92.257560,25.078995,0 92.257445,25.079069,0 92.257338,25.079152,0 92.257241,25.079244,0 92.257153,25.079345,0 92.257076,25.079452,0 92.257011,25.079566,0 92.256958,25.079685,0 92.256917,25.079807,0 92.256903,25.079858,0 92.256868,25.079860,0 92.255863,25.079860,0 92.255827,25.079858,0 92.255803,25.079838,0 92.255748,25.079788,0 92.255635,25.079703,0 92.255513,25.079629,0 92.255385,25.079567,0 92.255250,25.079516,0 92.255110,25.079477,0 92.254967,25.079451,0 92.254822,25.079438,0 92.254676,25.079438,0 92.254531,25.079451,0 92.254387,25.079477,0 92.254248,25.079516,0 92.254113,25.079567,0 92.253984,25.079629,0 92.253863,25.079703,0 92.253750,25.079788,0 92.253695,25.079838,0 92.253670,25.079858,0 92.253634,25.079860,0 92.253239,25.079860,0 92.253101,25.079866,0 92.252963,25.079883,0 92.252828,25.079913,0 92.252697,25.079953,0 92.252570,25.080004,0 92.252450,25.080066,0 92.252336,25.080138,0 92.252230,25.080220,0 92.252132,25.080310,0 92.252061,25.080390,0 92.252053,25.080397,0 92.252017,25.080399,0 92.251622,25.080399,0 92.251484,25.080405,0 92.251346,25.080422,0 92.251211,25.080452,0 92.251080,25.080492,0 92.250954,25.080543,0 92.250833,25.080605,0 92.250719,25.080677,0 92.250613,25.080759,0 92.250515,25.080849,0 92.250444,25.080929,0 92.250436,25.080936,0 92.250400,25.080938,0 92.249934,25.080938,0 92.249899,25.080936,0 92.249891,25.080929,0 92.249819,25.080849,0 92.249722,25.080759,0 92.249616,25.080677,0 92.249502,25.080605,0 92.249381,25.080543,0 92.249255,25.080492,0 92.249123,25.080452,0 92.248988,25.080422,0 92.248851,25.080405,0 92.248712,25.080399,0 92.248119,25.080399,0 92.247979,25.080405,0 92.247839,25.080423,0 92.247703,25.080453,0 92.247569,25.080495,0 92.247441,25.080548,0 92.247319,25.080612,0 92.247204,25.080686,0 92.247098,25.080769,0 92.247000,25.080861,0 92.246912,25.080962,0 92.246836,25.081069,0 92.246770,25.081183,0 92.246717,25.081302,0 92.246677,25.081424,0 92.246662,25.081476,0 92.246640,25.081491,0 92.246567,25.081536,0 92.246454,25.081620,0 92.246351,25.081714,0 92.246258,25.081817,0 92.246177,25.081927,0 92.246142,25.081987,0 92.246124,25.082015,0 92.246101,25.082030,0 92.246028,25.082075,0 92.245915,25.082159,0 92.245812,25.082253,0 92.245719,25.082356,0 92.245638,25.082466,0 92.245603,25.082526,0 92.245585,25.082553,0 92.245549,25.082555,0 92.245154,25.082555,0 92.245016,25.082561,0 92.244879,25.082578,0 92.244744,25.082607,0 92.244612,25.082648,0 92.244486,25.082699,0 92.244365,25.082761,0 92.244251,25.082833,0 92.244145,25.082915,0 92.244047,25.083005,0 92.243976,25.083085,0 92.243968,25.083092,0 92.243931,25.083097,0 92.243862,25.083103,0 92.243719,25.083129,0 92.243579,25.083168,0 92.243445,25.083219,0 92.243316,25.083282,0 92.243194,25.083355,0 92.243082,25.083440,0 92.242978,25.083534,0 92.242894,25.083627,0 92.242890,25.083631,0 92.242853,25.083636,0 92.242784,25.083642,0 92.242641,25.083668,0 92.242501,25.083707,0 92.242367,25.083758,0 92.242238,25.083820,0 92.242116,25.083894,0 92.242004,25.083979,0 92.241900,25.084073,0 92.241816,25.084166,0 92.241812,25.084170,0 92.241775,25.084175,0 92.241706,25.084181,0 92.241563,25.084207,0 92.241423,25.084246,0 92.241289,25.084297,0 92.241160,25.084359,0 92.241038,25.084433,0 92.240926,25.084518,0 92.240822,25.084612,0 92.240738,25.084705,0 92.240734,25.084709,0 92.240699,25.084711,0 92.240233,25.084711,0 92.240197,25.084709,0 92.240152,25.084685,0 92.240024,25.084622,0 92.239889,25.084571,0 92.239749,25.084533,0 92.239606,25.084507,0 92.239461,25.084494,0 92.239315,25.084494,0 92.239169,25.084507,0 92.239026,25.084533,0 92.238886,25.084571,0 92.238752,25.084622,0 92.238623,25.084685,0 92.238579,25.084709,0 92.238543,25.084711,0 92.238148,25.084711,0 92.238009,25.084717,0 92.237872,25.084734,0 92.237737,25.084763,0 92.237605,25.084804,0 92.237479,25.084855,0 92.237358,25.084917,0 92.237244,25.084989,0 92.237138,25.085071,0 92.237041,25.085161,0 92.236969,25.085241,0 92.236961,25.085248,0 92.236926,25.085250,0 92.235921,25.085250,0 92.235885,25.085248,0 92.235881,25.085244,0 92.235797,25.085151,0 92.235694,25.085057,0 92.235581,25.084972,0 92.235459,25.084898,0 92.235331,25.084836,0 92.235196,25.084785,0 92.235056,25.084746,0 92.234913,25.084720,0 92.234845,25.084714,0 92.234807,25.084709,0 92.234776,25.084702,0 92.234633,25.084676,0 92.234488,25.084663,0 92.234342,25.084663,0 92.234196,25.084676,0 92.234053,25.084702,0 92.233914,25.084741,0 92.233779,25.084792,0 92.233650,25.084854,0 92.233529,25.084928,0 92.233416,25.085012,0 92.233313,25.085106,0 92.233220,25.085209,0 92.233188,25.085249,0 92.233176,25.085258,0 92.233088,25.085324,0 92.232985,25.085418,0 92.232892,25.085521,0 92.232811,25.085631,0 92.232742,25.085749,0 92.232687,25.085871,0 92.232644,25.085999,0 92.232616,25.086129,0 92.232601,25.086261,0 92.232601,25.086394,0 92.232616,25.086526,0 92.232644,25.086657,0 92.232687,25.086784,0 92.232742,25.086907,0 92.232811,25.087024,0 92.232892,25.087135,0 92.232985,25.087237,0 92.233088,25.087331,0 92.233176,25.087397,0 92.233187,25.087406,0 92.233189,25.087439,0 92.233189,25.087911,0 92.233187,25.087944,0 92.233165,25.087959,0 92.233092,25.088003,0 92.232979,25.088088,0 92.232876,25.088182,0 92.232783,25.088285,0 92.232702,25.088395,0 92.232667,25.088455,0 92.232649,25.088482,0 92.232614,25.088484,0 92.231680,25.088484,0 92.231541,25.088490,0 92.231404,25.088507,0 92.231269,25.088536,0 92.231138,25.088577,0 92.231011,25.088628,0 92.230890,25.088690,0 92.230776,25.088762,0 92.230670,25.088844,0 92.230573,25.088934,0 92.230501,25.089014,0 92.230493,25.089021,0 92.230458,25.089023,0 92.229453,25.089023,0 92.229357,25.089018,0 92.229330,25.089016,0 92.229184,25.089016,0 92.229039,25.089029,0 92.228896,25.089055,0 92.228756,25.089094,0 92.228621,25.089144,0 92.228492,25.089207,0 92.228371,25.089281,0 92.228258,25.089365,0 92.228155,25.089459,0 92.228062,25.089562,0 92.227981,25.089672,0 92.227912,25.089790,0 92.227857,25.089913,0 92.227814,25.090040,0 92.227798,25.090099,0 92.227761,25.090104,0 92.227693,25.090110,0 92.227549,25.090136,0 92.227410,25.090175,0 92.227275,25.090226,0 92.227146,25.090288,0 92.227025,25.090362,0 92.226912,25.090447,0 92.226809,25.090541,0 92.226724,25.090634,0 92.226720,25.090638,0 92.226683,25.090643,0 92.226615,25.090649,0 92.226471,25.090675,0 92.226332,25.090714,0 92.226197,25.090765,0 92.226068,25.090827,0 92.225947,25.090901,0 92.225834,25.090986,0 92.225731,25.091080,0 92.225646,25.091173,0 92.225643,25.091177,0 92.225607,25.091179,0 92.225212,25.091179,0 92.225073,25.091185,0 92.224936,25.091202,0 92.224801,25.091231,0 92.224670,25.091272,0 92.224543,25.091323,0 92.224422,25.091385,0 92.224308,25.091457,0 92.224202,25.091538,0 92.224105,25.091628,0 92.224033,25.091708,0 92.224026,25.091716,0 92.223990,25.091718,0 92.223595,25.091718,0 92.223456,25.091723,0 92.223319,25.091741,0 92.223184,25.091770,0 92.223053,25.091811,0 92.222926,25.091862,0 92.222805,25.091924,0 92.222691,25.091996,0 92.222585,25.092077,0 92.222488,25.092167,0 92.222416,25.092247,0 92.222409,25.092255,0 92.222373,25.092257,0 92.220829,25.092257,0 92.220793,25.092255,0 92.220762,25.092248,0 92.220619,25.092222,0 92.220474,25.092209,0 92.220328,25.092209,0 92.220183,25.092222,0 92.220040,25.092248,0 92.219900,25.092287,0 92.219765,25.092338,0 92.219636,25.092400,0 92.219515,25.092474,0 92.219402,25.092558,0 92.219299,25.092652,0 92.219206,25.092755,0 92.219175,25.092794,0 92.219139,25.092796,0 92.218205,25.092796,0 92.218066,25.092801,0 92.217929,25.092819,0 92.217794,25.092848,0 92.217663,25.092889,0 92.217536,25.092940,0 92.217415,25.093002,0 92.217301,25.093074,0 92.217195,25.093155,0 92.217098,25.093245,0 92.217026,25.093325,0 92.217019,25.093333,0 92.216983,25.093335,0 92.216517,25.093335,0 92.216482,25.093333,0 92.216474,25.093322,0 92.216420,25.093229,0 92.216339,25.093119,0 92.216246,25.093016,0 92.216143,25.092922,0 92.216030,25.092838,0 92.215909,25.092764,0 92.215780,25.092701,0 92.215645,25.092650,0 92.215505,25.092612,0 92.215362,25.092586,0 92.215217,25.092573,0 92.215071,25.092573,0 92.214926,25.092586,0 92.214783,25.092612,0 92.214643,25.092650,0 92.214508,25.092701,0 92.214379,25.092764,0 92.214324,25.092794,0 92.214299,25.092802,0 92.214210,25.092827,0 92.214075,25.092878,0 92.213947,25.092940,0 92.213825,25.093014,0 92.213712,25.093098,0 92.213609,25.093192,0 92.213517,25.093295,0 92.213435,25.093406,0 92.213367,25.093523,0 92.213311,25.093646,0 92.213268,25.093773,0 92.213253,25.093844,0 92.213245,25.093872,0 92.213208,25.093877,0 92.213140,25.093883,0 92.212997,25.093909,0 92.212857,25.093948,0 92.212722,25.093999,0 92.212593,25.094061,0 92.212472,25.094135,0 92.212359,25.094219,0 92.212256,25.094313,0 92.212172,25.094407,0 92.212168,25.094411,0 92.212132,25.094413,0 92.211666,25.094413,0 92.211630,25.094411,0 92.211623,25.094403,0 92.211551,25.094323,0 92.211454,25.094233,0 92.211348,25.094152,0 92.211234,25.094080,0 92.211113,25.094018,0 92.210986,25.093967,0 92.210855,25.093926,0 92.210720,25.093897,0 92.210583,25.093879,0 92.210444,25.093874,0 92.210120,25.093874,0 92.209982,25.093879,0 92.209844,25.093897,0 92.209709,25.093926,0 92.209578,25.093967,0 92.209451,25.094018,0 92.209331,25.094080,0 92.209217,25.094152,0 92.209110,25.094233,0 92.209013,25.094323,0 92.208941,25.094403,0 92.208934,25.094411,0 92.208898,25.094413,0 92.206276,25.094413,0 92.206241,25.094411,0 92.206233,25.094403,0 92.206161,25.094323,0 92.206064,25.094233,0 92.205958,25.094152,0 92.205844,25.094080,0 92.205723,25.094018,0 92.205596,25.093967,0 92.205465,25.093926,0 92.205330,25.093897,0 92.205193,25.093879,0 92.205054,25.093874,0 92.201766,25.093874,0 92.201626,25.093880,0 92.201486,25.093898,0 92.201350,25.093928,0 92.201216,25.093970,0 92.201088,25.094023,0 92.200966,25.094086,0 92.200851,25.094160,0 92.200744,25.094244,0 92.200647,25.094336,0 92.200559,25.094437,0 92.200483,25.094544,0 92.200417,25.094658,0 92.200364,25.094776,0 92.200323,25.094899,0 92.200309,25.094950,0 92.200274,25.094952,0 92.198730,25.094952,0 92.198694,25.094950,0 92.198664,25.094943,0 92.198521,25.094917,0 92.198375,25.094904,0 92.198229,25.094904,0 92.198084,25.094917,0 92.197941,25.094943,0 92.197801,25.094982,0 92.197666,25.095032,0 92.197538,25.095095,0 92.197416,25.095169,0 92.197303,25.095253,0 92.197200,25.095347,0 92.197108,25.095450,0 92.197076,25.095489,0 92.197040,25.095491,0 92.196574,25.095491,0 92.196538,25.095489,0 92.196508,25.095482,0 92.196365,25.095456,0 92.196219,25.095443,0 92.196074,25.095443,0 92.195928,25.095456,0 92.195785,25.095482,0 92.195645,25.095521,0 92.195510,25.095571,0 92.195382,25.095634,0 92.195260,25.095708,0 92.195148,25.095792,0 92.195044,25.095886,0 92.194952,25.095989,0 92.194920,25.096028,0 92.194871,25.096069,0 92.194773,25.096157,0 92.194684,25.096254,0 92.194606,25.096357,0 92.194539,25.096467,0 92.194483,25.096582,0 92.194439,25.096701,0 92.194407,25.096823,0 92.194388,25.096947,0 92.194382,25.097073,0 92.194382,25.097074,0 92.194380,25.097106,0 92.194345,25.097107,0 92.193682,25.097107,0 92.193541,25.097114,0 92.193402,25.097132,0 92.193265,25.097162,0 92.193132,25.097203,0 92.193003,25.097256,0 92.192881,25.097320,0 92.192766,25.097394,0 92.192660,25.097478,0 92.192562,25.097570,0 92.192474,25.097670,0 92.192398,25.097778,0 92.192332,25.097892,0 92.192279,25.098010,0 92.192239,25.098133,0 92.192225,25.098184,0 92.192190,25.098185,0 92.191256,25.098185,0 92.191117,25.098191,0 92.190980,25.098209,0 92.190845,25.098238,0 92.190713,25.098279,0 92.190587,25.098330,0 92.190466,25.098392,0 92.190352,25.098464,0 92.190246,25.098545,0 92.190149,25.098635,0 92.190077,25.098715,0 92.190069,25.098723,0 92.190046,25.098739,0 92.189973,25.098783,0 92.189860,25.098868,0 92.189757,25.098962,0 92.189664,25.099064,0 92.189583,25.099175,0 92.189548,25.099235,0 92.189530,25.099262,0 92.189495,25.099263,0 92.186944,25.099263,0 92.186805,25.099269,0 92.186668,25.099287,0 92.186533,25.099316,0 92.186402,25.099357,0 92.186275,25.099408,0 92.186154,25.099470,0 92.186040,25.099542,0 92.185934,25.099623,0 92.185837,25.099713,0 92.185765,25.099793,0 92.185757,25.099801,0 92.185722,25.099802,0 92.185256,25.099802,0 92.185219,25.099801,0 92.185189,25.099794,0 92.185046,25.099768,0 92.184901,25.099755,0 92.184755,25.099755,0 92.184609,25.099768,0 92.184466,25.099794,0 92.184327,25.099833,0 92.184192,25.099883,0 92.184063,25.099946,0 92.183942,25.100020,0 92.183829,25.100104,0 92.183726,25.100198,0 92.183633,25.100301,0 92.183601,25.100340,0 92.183564,25.100345,0 92.183496,25.100351,0 92.183352,25.100377,0 92.183213,25.100416,0 92.183078,25.100466,0 92.182949,25.100529,0 92.182828,25.100603,0 92.182715,25.100687,0 92.182612,25.100781,0 92.182527,25.100875,0 92.182523,25.100879,0 92.182488,25.100880,0 92.182022,25.100880,0 92.181986,25.100879,0 92.181961,25.100858,0 92.181906,25.100808,0 92.181793,25.100724,0 92.181672,25.100650,0 92.181543,25.100588,0 92.181408,25.100537,0 92.181269,25.100498,0 92.181126,25.100472,0 92.180980,25.100459,0 92.180834,25.100459,0 92.180689,25.100472,0 92.180546,25.100498,0 92.180406,25.100537,0 92.180271,25.100588,0 92.180142,25.100650,0 92.180021,25.100724,0 92.179908,25.100808,0 92.179853,25.100858,0 92.179828,25.100879,0 92.179804,25.100887,0 92.179715,25.100912,0 92.179580,25.100962,0 92.179451,25.101025,0 92.179330,25.101099,0 92.179217,25.101183,0 92.179114,25.101277,0 92.179021,25.101380,0 92.178940,25.101491,0 92.178871,25.101608,0 92.178816,25.101731,0 92.178773,25.101858,0 92.178758,25.101929,0 92.178750,25.101957,0 92.178707,25.101971,0 92.178665,25.101983,0 92.178534,25.102031,0 92.178410,25.102091,0 92.178292,25.102160,0 92.178181,25.102240,0 92.178080,25.102329,0 92.177988,25.102426,0 92.177907,25.102531,0 92.177837,25.102642,0 92.177779,25.102759,0 92.177733,25.102880,0 92.177700,25.103005,0 92.177680,25.103132,0 92.177673,25.103260,0 92.177673,25.104081,0 92.177672,25.104114,0</coordinates></LinearRing></outerBoundaryIs></Polygon></MultiGeometry></Placemark>
<Placemark><name>TEA-C014 (317 ha)</name><description><![CDATA[<b>TEA-C014</b><br/>upazila: Kanaighat<br/>area: 317 ha<br/><hr/>Estates expected in this upazila:<br/>Loobacherra<br/><br/><b>Zoom in.</b> Tea shows regular planted rows, uniform canopy, pale service tracks in a grid, hard geometric edges. Natural forest is chaotic with ragged edges.<br/><br/>Record yes/no in sylhet_tea_candidates_review.csv]]></description><styleUrl>#cand</styleUrl><MultiGeometry><Polygon><outerBoundaryIs><LinearRing><coordinates>92.319953,25.072862,0 92.319865,25.072927,0 92.319762,25.073021,0 92.319670,25.073124,0 92.319589,25.073235,0 92.319520,25.073352,0 92.319464,25.073475,0 92.319422,25.073602,0 92.319393,25.073732,0 92.319379,25.073864,0 92.319379,25.073997,0 92.319393,25.074130,0 92.319422,25.074260,0 92.319464,25.074387,0 92.319520,25.074510,0 92.319589,25.074627,0 92.319670,25.074738,0 92.319762,25.074841,0 92.319865,25.074935,0 92.319953,25.075000,0 92.319965,25.075010,0 92.319983,25.075038,0 92.320018,25.075097,0 92.320099,25.075208,0 92.320192,25.075311,0 92.320295,25.075405,0 92.320408,25.075489,0 92.320481,25.075533,0 92.320504,25.075549,0 92.320522,25.075577,0 92.320557,25.075636,0 92.320638,25.075747,0 92.320731,25.075850,0 92.320834,25.075944,0 92.320947,25.076028,0 92.321020,25.076072,0 92.321043,25.076088,0 92.321044,25.076120,0 92.321044,25.076403,0 92.321052,25.076540,0 92.321075,25.076677,0 92.321113,25.076810,0 92.321166,25.076940,0 92.321234,25.077064,0 92.321314,25.077180,0 92.321407,25.077289,0 92.321512,25.077389,0 92.321628,25.077478,0 92.321753,25.077556,0 92.321886,25.077623,0 92.322025,25.077676,0 92.322071,25.077689,0 92.322121,25.077705,0 92.322131,25.077715,0 92.322211,25.077803,0 92.322321,25.077902,0 92.322441,25.077989,0 92.322571,25.078065,0 92.322709,25.078128,0 92.322853,25.078178,0 92.323002,25.078214,0 92.323154,25.078236,0 92.323308,25.078243,0 92.325249,25.078243,0 92.325403,25.078236,0 92.325555,25.078214,0 92.325704,25.078178,0 92.325848,25.078128,0 92.325986,25.078065,0 92.326115,25.077989,0 92.326236,25.077902,0 92.326346,25.077803,0 92.326426,25.077715,0 92.326435,25.077705,0 92.326471,25.077704,0 92.329632,25.077704,0 92.329667,25.077705,0 92.329681,25.077756,0 92.329725,25.077888,0 92.329784,25.078016,0 92.329857,25.078137,0 92.329943,25.078251,0 92.330041,25.078356,0 92.330150,25.078451,0 92.330270,25.078536,0 92.330398,25.078610,0 92.330534,25.078671,0 92.330676,25.078719,0 92.330822,25.078754,0 92.330972,25.078775,0 92.331124,25.078782,0 92.331249,25.078782,0 92.331285,25.078783,0 92.331315,25.078790,0 92.331459,25.078816,0 92.331604,25.078829,0 92.331750,25.078829,0 92.331895,25.078816,0 92.332038,25.078790,0 92.332178,25.078752,0 92.332313,25.078701,0 92.332441,25.078638,0 92.332563,25.078564,0 92.332676,25.078480,0 92.332779,25.078386,0 92.332871,25.078283,0 92.332903,25.078244,0 92.332939,25.078243,0 92.333603,25.078243,0 92.333754,25.078236,0 92.333904,25.078215,0 92.334051,25.078180,0 92.334193,25.078132,0 92.334329,25.078071,0 92.334457,25.077997,0 92.334576,25.077912,0 92.334686,25.077817,0 92.334784,25.077712,0 92.334870,25.077598,0 92.334942,25.077477,0 92.335001,25.077349,0 92.335046,25.077217,0 92.335060,25.077166,0 92.335095,25.077165,0 92.336029,25.077165,0 92.336183,25.077158,0 92.336335,25.077136,0 92.336484,25.077100,0 92.336628,25.077050,0 92.336765,25.076987,0 92.336895,25.076911,0 92.337016,25.076824,0 92.337125,25.076725,0 92.337206,25.076637,0 92.337215,25.076627,0 92.337239,25.076611,0 92.337311,25.076567,0 92.337424,25.076483,0 92.337528,25.076389,0 92.337620,25.076286,0 92.337701,25.076175,0 92.337736,25.076116,0 92.337754,25.076089,0 92.337790,25.076087,0 92.338724,25.076087,0 92.338878,25.076080,0 92.339030,25.076058,0 92.339179,25.076022,0 92.339323,25.075972,0 92.339460,25.075909,0 92.339590,25.075833,0 92.339710,25.075746,0 92.339820,25.075647,0 92.339901,25.075559,0 92.339910,25.075550,0 92.339946,25.075548,0 92.341958,25.075548,0 92.342112,25.075541,0 92.342264,25.075519,0 92.342413,25.075483,0 92.342557,25.075433,0 92.342694,25.075370,0 92.342824,25.075294,0 92.342944,25.075207,0 92.343054,25.075109,0 92.343134,25.075020,0 92.343144,25.075010,0 92.343181,25.075005,0 92.343250,25.074999,0 92.343393,25.074973,0 92.343533,25.074935,0 92.343668,25.074884,0 92.343796,25.074821,0 92.343918,25.074747,0 92.344030,25.074663,0 92.344134,25.074569,0 92.344218,25.074475,0 92.344222,25.074471,0 92.344259,25.074466,0 92.344328,25.074460,0 92.344471,25.074434,0 92.344611,25.074396,0 92.344745,25.074345,0 92.344874,25.074282,0 92.344996,25.074208,0 92.345108,25.074124,0 92.345212,25.074030,0 92.345296,25.073936,0 92.345300,25.073932,0 92.345341,25.073927,0 92.345402,25.073921,0 92.345546,25.073895,0 92.345685,25.073857,0 92.345820,25.073806,0 92.345949,25.073743,0 92.346070,25.073670,0 92.346183,25.073585,0 92.346286,25.073491,0 92.346379,25.073388,0 92.346460,25.073278,0 92.346529,25.073161,0 92.346585,25.073038,0 92.346627,25.072911,0 92.346655,25.072780,0 92.346670,25.072648,0 92.346670,25.072515,0 92.346655,25.072383,0 92.346627,25.072252,0 92.346585,25.072125,0 92.346529,25.072002,0 92.346460,25.071885,0 92.346379,25.071775,0 92.346379,25.071774,0 92.346377,25.071742,0 92.346377,25.071269,0 92.346379,25.071236,0 92.346395,25.071195,0 92.346414,25.071153,0 92.346456,25.071026,0 92.346485,25.070896,0 92.346499,25.070763,0 92.346499,25.070631,0 92.346485,25.070498,0 92.346456,25.070368,0 92.346414,25.070241,0 92.346395,25.070199,0 92.346379,25.070158,0 92.346377,25.070125,0 92.346377,25.067148,0 92.346370,25.067019,0 92.346350,25.066893,0 92.346317,25.066768,0 92.346272,25.066647,0 92.346213,25.066530,0 92.346143,25.066419,0 92.346062,25.066314,0 92.345970,25.066217,0 92.345869,25.066128,0 92.345759,25.066048,0 92.345641,25.065978,0 92.345516,25.065919,0 92.345386,25.065871,0 92.345343,25.065859,0 92.345301,25.065845,0 92.345299,25.065813,0 92.345299,25.065340,0 92.345301,25.065307,0 92.345317,25.065267,0 92.345336,25.065224,0 92.345378,25.065097,0 92.345407,25.064967,0 92.345421,25.064835,0 92.345421,25.064702,0 92.345407,25.064569,0 92.345378,25.064439,0 92.345336,25.064312,0 92.345317,25.064270,0 92.345301,25.064229,0 92.345299,25.064196,0 92.345299,25.063723,0 92.345301,25.063690,0 92.345304,25.063668,0 92.345323,25.063583,0 92.345337,25.063450,0 92.345337,25.063317,0 92.345323,25.063185,0 92.345295,25.063055,0 92.345252,25.062927,0 92.345196,25.062805,0 92.345128,25.062687,0 92.345046,25.062577,0 92.344954,25.062474,0 92.344851,25.062380,0 92.344738,25.062296,0 92.344617,25.062222,0 92.344488,25.062159,0 92.344353,25.062108,0 92.344229,25.062074,0 92.344222,25.062072,0 92.344215,25.062061,0 92.344160,25.061968,0 92.344079,25.061857,0 92.343987,25.061754,0 92.343883,25.061660,0 92.343771,25.061576,0 92.343649,25.061502,0 92.343521,25.061440,0 92.343386,25.061389,0 92.343246,25.061350,0 92.343103,25.061324,0 92.342958,25.061311,0 92.342812,25.061311,0 92.342666,25.061324,0 92.342523,25.061350,0 92.342384,25.061389,0 92.342249,25.061440,0 92.342120,25.061502,0 92.342064,25.061533,0 92.342029,25.061534,0 92.341563,25.061534,0 92.341527,25.061533,0 92.341471,25.061502,0 92.341342,25.061440,0 92.341207,25.061389,0 92.341068,25.061350,0 92.340925,25.061324,0 92.340779,25.061311,0 92.340633,25.061311,0 92.340488,25.061324,0 92.340345,25.061350,0 92.340205,25.061389,0 92.340071,25.061440,0 92.339942,25.061502,0 92.339820,25.061576,0 92.339708,25.061660,0 92.339604,25.061754,0 92.339512,25.061857,0 92.339431,25.061968,0 92.339376,25.062061,0 92.339369,25.062072,0 92.339334,25.062073,0 92.338868,25.062073,0 92.338832,25.062072,0 92.338818,25.062054,0 92.338727,25.061953,0 92.338626,25.061861,0 92.338516,25.061778,0 92.338397,25.061704,0 92.338272,25.061642,0 92.338140,25.061591,0 92.338004,25.061552,0 92.337864,25.061524,0 92.337721,25.061509,0 92.337578,25.061507,0 92.337436,25.061517,0 92.337295,25.061540,0 92.337157,25.061575,0 92.337023,25.061622,0 92.336895,25.061680,0 92.336774,25.061749,0 92.336660,25.061829,0 92.336556,25.061918,0 92.336461,25.062016,0 92.336377,25.062121,0 92.336305,25.062234,0 92.336245,25.062352,0 92.336198,25.062475,0 92.336164,25.062602,0 92.336143,25.062731,0 92.336136,25.062861,0 92.336136,25.063725,0 92.336144,25.063866,0 92.336168,25.064005,0 92.336208,25.064142,0 92.336264,25.064274,0 92.336334,25.064400,0 92.336418,25.064518,0 92.336515,25.064628,0 92.336625,25.064729,0 92.336674,25.064769,0 92.336688,25.064821,0 92.336732,25.064953,0 92.336791,25.065080,0 92.336863,25.065201,0 92.336949,25.065315,0 92.337047,25.065420,0 92.337157,25.065516,0 92.337276,25.065600,0 92.337405,25.065674,0 92.337541,25.065735,0 92.337683,25.065783,0 92.337829,25.065818,0 92.337979,25.065839,0 92.338130,25.065846,0 92.338795,25.065846,0 92.338830,25.065848,0 92.338848,25.065875,0 92.338883,25.065935,0 92.338964,25.066045,0 92.339057,25.066148,0 92.339160,25.066242,0 92.339273,25.066326,0 92.339346,25.066371,0 92.339369,25.066386,0 92.339387,25.066414,0 92.339422,25.066474,0 92.339503,25.066584,0 92.339596,25.066687,0 92.339699,25.066781,0 92.339812,25.066865,0 92.339885,25.066910,0 92.339907,25.066925,0 92.339909,25.066957,0 92.339909,25.068508,0 92.339907,25.068540,0 92.339873,25.068541,0 92.339407,25.068541,0 92.339372,25.068540,0 92.339370,25.068508,0 92.339370,25.068506,0 92.339364,25.068381,0 92.339345,25.068257,0 92.339313,25.068134,0 92.339269,25.068015,0 92.339213,25.067901,0 92.339146,25.067791,0 92.339068,25.067688,0 92.338979,25.067591,0 92.338882,25.067503,0 92.338832,25.067462,0 92.338814,25.067434,0 92.338779,25.067375,0 92.338698,25.067264,0 92.338606,25.067161,0 92.338502,25.067067,0 92.338390,25.066983,0 92.338316,25.066939,0 92.338293,25.066923,0 92.338275,25.066895,0 92.338240,25.066836,0 92.338159,25.066725,0 92.338067,25.066622,0 92.337963,25.066528,0 92.337851,25.066444,0 92.337777,25.066400,0 92.337755,25.066384,0 92.337741,25.066333,0 92.337700,25.066210,0 92.337647,25.066091,0 92.337581,25.065978,0 92.337505,25.065870,0 92.337417,25.065770,0 92.337320,25.065677,0 92.337213,25.065594,0 92.337098,25.065520,0 92.336976,25.065456,0 92.336848,25.065403,0 92.336715,25.065361,0 92.336578,25.065331,0 92.336438,25.065313,0 92.336298,25.065307,0 92.336243,25.065307,0 92.336105,25.065313,0 92.335968,25.065331,0 92.335833,25.065360,0 92.335701,25.065400,0 92.335575,25.065452,0 92.335454,25.065514,0 92.335340,25.065586,0 92.335234,25.065667,0 92.335137,25.065757,0 92.335065,25.065837,0 92.335057,25.065845,0 92.335022,25.065846,0 92.334556,25.065846,0 92.334520,25.065845,0 92.334479,25.065827,0 92.334344,25.065776,0 92.334204,25.065738,0 92.334061,25.065712,0 92.333915,25.065699,0 92.333769,25.065699,0 92.333624,25.065712,0 92.333480,25.065738,0 92.333340,25.065777,0 92.333205,25.065828,0 92.333077,25.065891,0 92.332955,25.065965,0 92.332842,25.066050,0 92.332739,25.066145,0 92.332647,25.066248,0 92.332566,25.066359,0 92.332497,25.066476,0 92.332442,25.066600,0 92.332400,25.066727,0 92.332372,25.066858,0 92.332361,25.066923,0 92.332339,25.066939,0 92.332266,25.066983,0 92.332153,25.067067,0 92.332050,25.067161,0 92.331957,25.067264,0 92.331876,25.067375,0 92.331841,25.067434,0 92.331823,25.067462,0 92.331786,25.067467,0 92.331717,25.067473,0 92.331574,25.067499,0 92.331435,25.067537,0 92.331300,25.067588,0 92.331171,25.067651,0 92.331050,25.067725,0 92.330937,25.067809,0 92.330834,25.067903,0 92.330749,25.067997,0 92.330745,25.068001,0 92.330722,25.068017,0 92.330649,25.068061,0 92.330536,25.068145,0 92.330433,25.068239,0 92.330340,25.068342,0 92.330259,25.068453,0 92.330224,25.068512,0 92.330206,25.068540,0 92.330182,25.068548,0 92.330093,25.068572,0 92.329958,25.068623,0 92.329829,25.068686,0 92.329708,25.068760,0 92.329595,25.068844,0 92.329492,25.068938,0 92.329399,25.069041,0 92.329318,25.069151,0 92.329249,25.069268,0 92.329193,25.069391,0 92.329151,25.069519,0 92.329136,25.069589,0 92.329128,25.069618,0 92.329105,25.069633,0 92.329032,25.069678,0 92.328919,25.069762,0 92.328816,25.069856,0 92.328723,25.069959,0 92.328642,25.070070,0 92.328607,25.070129,0 92.328589,25.070157,0 92.328582,25.070159,0 92.328458,25.070193,0 92.328324,25.070244,0 92.328195,25.070307,0 92.328073,25.070381,0 92.327961,25.070465,0 92.327857,25.070559,0 92.327765,25.070662,0 92.327684,25.070772,0 92.327615,25.070889,0 92.327559,25.071012,0 92.327517,25.071139,0 92.327488,25.071270,0 92.327474,25.071402,0 92.327474,25.071535,0 92.327488,25.071667,0 92.327517,25.071798,0 92.327525,25.071828,0 92.327569,25.071960,0 92.327628,25.072087,0 92.327701,25.072208,0 92.327787,25.072322,0 92.327885,25.072427,0 92.327994,25.072522,0 92.328114,25.072607,0 92.328242,25.072681,0 92.328378,25.072742,0 92.328520,25.072790,0 92.328666,25.072825,0 92.328816,25.072846,0 92.328968,25.072853,0 92.329093,25.072853,0 92.329128,25.072855,0 92.329129,25.072886,0 92.329129,25.073359,0 92.329128,25.073390,0 92.329093,25.073392,0 92.328627,25.073392,0 92.328592,25.073390,0 92.328578,25.073339,0 92.328537,25.073217,0 92.328484,25.073098,0 92.328419,25.072984,0 92.328342,25.072877,0 92.328254,25.072777,0 92.328157,25.072684,0 92.328050,25.072601,0 92.327935,25.072527,0 92.327813,25.072463,0 92.327685,25.072410,0 92.327552,25.072368,0 92.327415,25.072338,0 92.327276,25.072320,0 92.327135,25.072314,0 92.327010,25.072314,0 92.326974,25.072312,0 92.326956,25.072285,0 92.326921,25.072225,0 92.326840,25.072115,0 92.326748,25.072012,0 92.326645,25.071918,0 92.326532,25.071834,0 92.326459,25.071789,0 92.326436,25.071774,0 92.326434,25.071742,0 92.326434,25.071513,0 92.326427,25.071380,0 92.326406,25.071248,0 92.326370,25.071119,0 92.326321,25.070994,0 92.326259,25.070874,0 92.326184,25.070760,0 92.326097,25.070653,0 92.325999,25.070555,0 92.325891,25.070466,0 92.325773,25.070386,0 92.325648,25.070318,0 92.325516,25.070261,0 92.325379,25.070216,0 92.325237,25.070184,0 92.325093,25.070165,0 92.324947,25.070158,0 92.324854,25.070158,0 92.324819,25.070156,0 92.324805,25.070106,0 92.324764,25.069983,0 92.324711,25.069864,0 92.324646,25.069751,0 92.324569,25.069643,0 92.324481,25.069543,0 92.324384,25.069450,0 92.324277,25.069367,0 92.324162,25.069293,0 92.324040,25.069229,0 92.323912,25.069176,0 92.323779,25.069134,0 92.323642,25.069104,0 92.323503,25.069086,0 92.323362,25.069080,0 92.321620,25.069080,0 92.321584,25.069078,0 92.321551,25.069064,0 92.321419,25.069014,0 92.321283,25.068976,0 92.321143,25.068950,0 92.321002,25.068936,0 92.320859,25.068935,0 92.320717,25.068946,0 92.320577,25.068969,0 92.320440,25.069005,0 92.320307,25.069052,0 92.320180,25.069111,0 92.320060,25.069180,0 92.319947,25.069260,0 92.319844,25.069349,0 92.319750,25.069447,0 92.319667,25.069552,0 92.319595,25.069664,0 92.319535,25.069782,0 92.319489,25.069905,0 92.319455,25.070031,0 92.319434,25.070159,0 92.319427,25.070289,0 92.319427,25.071271,0 92.319436,25.071412,0 92.319460,25.071551,0 92.319500,25.071688,0 92.319555,25.071820,0 92.319625,25.071946,0 92.319709,25.072064,0 92.319807,25.072174,0 92.319916,25.072274,0 92.319965,25.072315,0 92.319966,25.072347,0 92.319966,25.072820,0 92.319965,25.072852,0 92.319953,25.072862,0</coordinates></LinearRing></outerBoundaryIs></Polygon></MultiGeometry></Placemark>
<Placemark><name>TEA-C015 (292 ha)</name><description><![CDATA[<b>TEA-C015</b><br/>upazila: Kanaighat<br/>area: 292 ha<br/><hr/>Estates expected in this upazila:<br/>Loobacherra<br/><br/><b>Zoom in.</b> Tea shows regular planted rows, uniform canopy, pale service tracks in a grid, hard geometric edges. Natural forest is chaotic with ragged edges.<br/><br/>Record yes/no in sylhet_tea_candidates_review.csv]]></description><styleUrl>#cand</styleUrl><MultiGeometry><Polygon><outerBoundaryIs><LinearRing><coordinates>92.291921,25.062653,0 92.291902,25.062695,0 92.291860,25.062822,0 92.291831,25.062952,0 92.291817,25.063085,0 92.291817,25.063218,0 92.291831,25.063350,0 92.291860,25.063480,0 92.291902,25.063608,0 92.291921,25.063650,0 92.291937,25.063690,0 92.291939,25.063723,0 92.291939,25.064196,0 92.291937,25.064229,0 92.291927,25.064293,0 92.291912,25.064429,0 92.291913,25.064566,0 92.291929,25.064702,0 92.291960,25.064836,0 92.292005,25.064966,0 92.292065,25.065092,0 92.292138,25.065211,0 92.292224,25.065323,0 92.292322,25.065427,0 92.292431,25.065521,0 92.292550,25.065605,0 92.292678,25.065677,0 92.292813,25.065737,0 92.292954,25.065784,0 92.293099,25.065819,0 92.293248,25.065839,0 92.293398,25.065846,0 92.293519,25.065846,0 92.293554,25.065848,0 92.293556,25.065879,0 92.293556,25.065881,0 92.293564,25.066022,0 92.293588,25.066161,0 92.293628,25.066298,0 92.293684,25.066430,0 92.293754,25.066556,0 92.293838,25.066674,0 92.293935,25.066784,0 92.294044,25.066885,0 92.294094,25.066925,0 92.294104,25.066935,0 92.294184,25.067024,0 92.294294,25.067122,0 92.294414,25.067210,0 92.294544,25.067285,0 92.294681,25.067348,0 92.294825,25.067398,0 92.294974,25.067434,0 92.295126,25.067456,0 92.295280,25.067463,0 92.296214,25.067463,0 92.296250,25.067465,0 92.296306,25.067495,0 92.296435,25.067558,0 92.296570,25.067609,0 92.296709,25.067647,0 92.296852,25.067673,0 92.296998,25.067686,0 92.297144,25.067686,0 92.297289,25.067673,0 92.297432,25.067647,0 92.297572,25.067609,0 92.297706,25.067558,0 92.297835,25.067495,0 92.297956,25.067421,0 92.298069,25.067337,0 92.298173,25.067243,0 92.298265,25.067140,0 92.298346,25.067030,0 92.298401,25.066937,0 92.298408,25.066926,0 92.298443,25.066924,0 92.299282,25.066924,0 92.299431,25.066917,0 92.299577,25.066897,0 92.299721,25.066864,0 92.299730,25.066861,0 92.299867,25.066898,0 92.300008,25.066924,0 92.300075,25.066933,0 92.300220,25.066946,0 92.300366,25.066946,0 92.300512,25.066933,0 92.300579,25.066924,0 92.300719,25.066898,0 92.300856,25.066861,0 92.300866,25.066864,0 92.301009,25.066897,0 92.301156,25.066917,0 92.301304,25.066924,0 92.301604,25.066924,0 92.301640,25.066926,0 92.301644,25.066929,0 92.301728,25.067023,0 92.301831,25.067117,0 92.301944,25.067202,0 92.302066,25.067275,0 92.302194,25.067338,0 92.302329,25.067389,0 92.302469,25.067427,0 92.302612,25.067453,0 92.302680,25.067460,0 92.302770,25.067472,0 92.302915,25.067485,0 92.303061,25.067485,0 92.303207,25.067472,0 92.303258,25.067465,0 92.303294,25.067463,0 92.303760,25.067463,0 92.303796,25.067465,0 92.303841,25.067489,0 92.303969,25.067552,0 92.304104,25.067603,0 92.304244,25.067641,0 92.304387,25.067667,0 92.304532,25.067680,0 92.304678,25.067680,0 92.304823,25.067667,0 92.304967,25.067641,0 92.305106,25.067603,0 92.305241,25.067552,0 92.305370,25.067489,0 92.305414,25.067465,0 92.305450,25.067463,0 92.305916,25.067463,0 92.305952,25.067465,0 92.305984,25.067504,0 92.306076,25.067606,0 92.306179,25.067700,0 92.306292,25.067785,0 92.306413,25.067859,0 92.306542,25.067921,0 92.306677,25.067972,0 92.306817,25.068011,0 92.306960,25.068037,0 92.307105,25.068050,0 92.307251,25.068050,0 92.307396,25.068037,0 92.307539,25.068011,0 92.307570,25.068004,0 92.307606,25.068002,0 92.308072,25.068002,0 92.308108,25.068004,0 92.308117,25.068013,0 92.308197,25.068102,0 92.308307,25.068200,0 92.308428,25.068288,0 92.308557,25.068363,0 92.308695,25.068426,0 92.308839,25.068476,0 92.308988,25.068512,0 92.309140,25.068534,0 92.309294,25.068541,0 92.310228,25.068541,0 92.310264,25.068543,0 92.310273,25.068552,0 92.310353,25.068641,0 92.310463,25.068739,0 92.310584,25.068827,0 92.310713,25.068902,0 92.310851,25.068965,0 92.310995,25.069015,0 92.311144,25.069051,0 92.311296,25.069073,0 92.311450,25.069080,0 92.311845,25.069080,0 92.311880,25.069082,0 92.311882,25.069113,0 92.311882,25.069115,0 92.311890,25.069256,0 92.311914,25.069395,0 92.311954,25.069532,0 92.312009,25.069664,0 92.312079,25.069790,0 92.312164,25.069908,0 92.312261,25.070018,0 92.312370,25.070119,0 92.312419,25.070159,0 92.312437,25.070187,0 92.312473,25.070247,0 92.312554,25.070357,0 92.312646,25.070460,0 92.312749,25.070554,0 92.312862,25.070638,0 92.312935,25.070683,0 92.312958,25.070698,0 92.312976,25.070726,0 92.313012,25.070786,0 92.313093,25.070896,0 92.313185,25.070999,0 92.313288,25.071093,0 92.313401,25.071177,0 92.313474,25.071222,0 92.313497,25.071237,0 92.313522,25.071258,0 92.313578,25.071308,0 92.313691,25.071393,0 92.313812,25.071467,0 92.313941,25.071529,0 92.314076,25.071580,0 92.314215,25.071619,0 92.314358,25.071645,0 92.314504,25.071658,0 92.314650,25.071658,0 92.314795,25.071645,0 92.314938,25.071619,0 92.315078,25.071580,0 92.315212,25.071529,0 92.315341,25.071467,0 92.315463,25.071393,0 92.315575,25.071308,0 92.315631,25.071258,0 92.315655,25.071237,0 92.315706,25.071221,0 92.315752,25.071208,0 92.315891,25.071155,0 92.316024,25.071089,0 92.316149,25.071010,0 92.316265,25.070921,0 92.316370,25.070821,0 92.316463,25.070713,0 92.316543,25.070596,0 92.316611,25.070472,0 92.316664,25.070343,0 92.316702,25.070209,0 92.316725,25.070073,0 92.316733,25.069935,0 92.316733,25.069652,0 92.316734,25.069620,0 92.316757,25.069605,0 92.316830,25.069560,0 92.316943,25.069476,0 92.317046,25.069382,0 92.317139,25.069279,0 92.317220,25.069169,0 92.317255,25.069109,0 92.317273,25.069082,0 92.317310,25.069077,0 92.317378,25.069070,0 92.317522,25.069044,0 92.317661,25.069006,0 92.317796,25.068955,0 92.317925,25.068892,0 92.318046,25.068818,0 92.318159,25.068734,0 92.318262,25.068640,0 92.318347,25.068546,0 92.318350,25.068543,0 92.318386,25.068541,0 92.318852,25.068541,0 92.318888,25.068543,0 92.318904,25.068546,0 92.319012,25.068576,0 92.319155,25.068602,0 92.319301,25.068615,0 92.319446,25.068615,0 92.319592,25.068602,0 92.319735,25.068576,0 92.319875,25.068538,0 92.320009,25.068487,0 92.320138,25.068424,0 92.320259,25.068350,0 92.320372,25.068266,0 92.320475,25.068172,0 92.320568,25.068069,0 92.320649,25.067959,0 92.320718,25.067841,0 92.320774,25.067719,0 92.320816,25.067591,0 92.320845,25.067461,0 92.320859,25.067329,0 92.320859,25.067196,0 92.320845,25.067063,0 92.320816,25.066933,0 92.320774,25.066806,0 92.320718,25.066683,0 92.320649,25.066566,0 92.320568,25.066455,0 92.320535,25.066418,0 92.320507,25.066385,0 92.320505,25.066352,0 92.320505,25.065531,0 92.320499,25.065402,0 92.320479,25.065276,0 92.320446,25.065151,0 92.320400,25.065030,0 92.320342,25.064913,0 92.320272,25.064802,0 92.320191,25.064697,0 92.320099,25.064600,0 92.319998,25.064511,0 92.319887,25.064431,0 92.319769,25.064361,0 92.319645,25.064302,0 92.319514,25.064254,0 92.319472,25.064242,0 92.319429,25.064228,0 92.319427,25.064196,0 92.319427,25.063422,0 92.319421,25.063293,0 92.319401,25.063165,0 92.319367,25.063040,0 92.319321,25.062918,0 92.319262,25.062801,0 92.319191,25.062689,0 92.319109,25.062584,0 92.319016,25.062487,0 92.318913,25.062398,0 92.318802,25.062318,0 92.318683,25.062248,0 92.318557,25.062189,0 92.318425,25.062141,0 92.318289,25.062105,0 92.318150,25.062081,0 92.318009,25.062069,0 92.317867,25.062069,0 92.317774,25.062073,0 92.317308,25.062073,0 92.317272,25.062072,0 92.317220,25.062065,0 92.317075,25.062052,0 92.316929,25.062052,0 92.316784,25.062065,0 92.316732,25.062072,0 92.316696,25.062073,0 92.315152,25.062073,0 92.315117,25.062072,0 92.315099,25.062044,0 92.315064,25.061985,0 92.314983,25.061874,0 92.314890,25.061771,0 92.314787,25.061677,0 92.314674,25.061593,0 92.314601,25.061549,0 92.314578,25.061533,0 92.314577,25.061501,0 92.314577,25.060489,0 92.314578,25.060458,0 92.314613,25.060456,0 92.314997,25.060456,0 92.315146,25.060449,0 92.315293,25.060429,0 92.315438,25.060395,0 92.315578,25.060348,0 92.315712,25.060289,0 92.315839,25.060218,0 92.315958,25.060135,0 92.316067,25.060042,0 92.316165,25.059940,0 92.316251,25.059829,0 92.316325,25.059711,0 92.316385,25.059586,0 92.316432,25.059457,0 92.316464,25.059324,0 92.316481,25.059189,0 92.316483,25.059053,0 92.316470,25.058918,0 92.316443,25.058784,0 92.316400,25.058654,0 92.316344,25.058528,0 92.316274,25.058408,0 92.316198,25.058305,0 92.316177,25.058271,0 92.316142,25.058212,0 92.316061,25.058101,0 92.315968,25.057999,0 92.315865,25.057905,0 92.315752,25.057820,0 92.315679,25.057776,0 92.315656,25.057760,0 92.315638,25.057732,0 92.315603,25.057673,0 92.315522,25.057562,0 92.315429,25.057460,0 92.315326,25.057366,0 92.315213,25.057281,0 92.315140,25.057237,0 92.315117,25.057221,0 92.315099,25.057193,0 92.315064,25.057134,0 92.314983,25.057023,0 92.314890,25.056921,0 92.314787,25.056827,0 92.314674,25.056742,0 92.314601,25.056698,0 92.314578,25.056682,0 92.314560,25.056655,0 92.314525,25.056595,0 92.314444,25.056484,0 92.314351,25.056382,0 92.314248,25.056288,0 92.314135,25.056203,0 92.314062,25.056159,0 92.314039,25.056143,0 92.314021,25.056116,0 92.313986,25.056056,0 92.313905,25.055945,0 92.313812,25.055843,0 92.313709,25.055749,0 92.313596,25.055664,0 92.313523,25.055620,0 92.313500,25.055604,0 92.313496,25.055600,0 92.313411,25.055506,0 92.313308,25.055412,0 92.313195,25.055328,0 92.313074,25.055254,0 92.312945,25.055191,0 92.312810,25.055141,0 92.312671,25.055102,0 92.312528,25.055076,0 92.312459,25.055070,0 92.312421,25.055065,0 92.312377,25.055040,0 92.312248,25.054978,0 92.312113,25.054927,0 92.311973,25.054888,0 92.311830,25.054862,0 92.311685,25.054849,0 92.311539,25.054849,0 92.311394,25.054862,0 92.311251,25.054888,0 92.311111,25.054927,0 92.310976,25.054978,0 92.310848,25.055040,0 92.310803,25.055065,0 92.310767,25.055066,0 92.310301,25.055066,0 92.310265,25.055065,0 92.310225,25.055047,0 92.310113,25.055005,0 92.310131,25.054975,0 92.310186,25.054852,0 92.310228,25.054724,0 92.310256,25.054594,0 92.310271,25.054502,0 92.310289,25.054420,0 92.310303,25.054287,0 92.310303,25.054154,0 92.310289,25.054022,0 92.310260,25.053892,0 92.310218,25.053765,0 92.310162,25.053642,0 92.310093,25.053525,0 92.310012,25.053414,0 92.309920,25.053311,0 92.309816,25.053217,0 92.309704,25.053133,0 92.309582,25.053059,0 92.309454,25.052996,0 92.309319,25.052946,0 92.309195,25.052911,0 92.309149,25.052896,0 92.309009,25.052858,0 92.308866,25.052832,0 92.308721,25.052819,0 92.308575,25.052819,0 92.308429,25.052832,0 92.308286,25.052858,0 92.308147,25.052896,0 92.308108,25.052909,0 92.308041,25.052918,0 92.307897,25.052944,0 92.307802,25.052970,0 92.307792,25.052967,0 92.307653,25.052936,0 92.307510,25.052917,0 92.307367,25.052910,0 92.306071,25.052910,0 92.305929,25.052917,0 92.305788,25.052935,0 92.305649,25.052966,0 92.305514,25.053009,0 92.305385,25.053064,0 92.305261,25.053129,0 92.305145,25.053205,0 92.305038,25.053291,0 92.304940,25.053386,0 92.304853,25.053489,0 92.304777,25.053599,0 92.304713,25.053715,0 92.304661,25.053836,0 92.304622,25.053961,0 92.304597,25.054089,0 92.304585,25.054219,0 92.304587,25.054349,0 92.304603,25.054478,0 92.304632,25.054605,0 92.304675,25.054729,0 92.304730,25.054849,0 92.304798,25.054964,0 92.304870,25.055062,0 92.304892,25.055095,0 92.304927,25.055155,0 92.305008,25.055265,0 92.305100,25.055368,0 92.305203,25.055462,0 92.305316,25.055546,0 92.305389,25.055591,0 92.305413,25.055607,0 92.305437,25.055627,0 92.305493,25.055678,0 92.305606,25.055762,0 92.305727,25.055836,0 92.305807,25.055875,0 92.305727,25.055914,0 92.305606,25.055988,0 92.305493,25.056072,0 92.305437,25.056123,0 92.305413,25.056143,0 92.305377,25.056144,0 92.305256,25.056144,0 92.305114,25.056150,0 92.304973,25.056169,0 92.304836,25.056199,0 92.304702,25.056242,0 92.304573,25.056296,0 92.304450,25.056360,0 92.304334,25.056436,0 92.304227,25.056520,0 92.304130,25.056614,0 92.304042,25.056716,0 92.303966,25.056825,0 92.303901,25.056940,0 92.303849,25.057060,0 92.303809,25.057184,0 92.303783,25.057311,0 92.303770,25.057440,0 92.303771,25.057569,0 92.303785,25.057698,0 92.303795,25.057761,0 92.303797,25.057795,0 92.303797,25.058267,0 92.303795,25.058300,0 92.303785,25.058362,0 92.303783,25.058372,0 92.303768,25.058506,0 92.303769,25.058640,0 92.303784,25.058774,0 92.303795,25.058842,0 92.303797,25.058873,0 92.303797,25.059884,0 92.303795,25.059916,0 92.303760,25.059917,0 92.303667,25.059917,0 92.303521,25.059924,0 92.303377,25.059943,0 92.303235,25.059976,0 92.303098,25.060020,0 92.302966,25.060077,0 92.302841,25.060146,0 92.302724,25.060225,0 92.302615,25.060314,0 92.302517,25.060412,0 92.302430,25.060519,0 92.302355,25.060633,0 92.302293,25.060753,0 92.302244,25.060879,0 92.302208,25.061008,0 92.302187,25.061139,0 92.302180,25.061272,0 92.302180,25.062579,0 92.302178,25.062611,0 92.302136,25.062625,0 92.302093,25.062637,0 92.301963,25.062685,0 92.301838,25.062744,0 92.301720,25.062814,0 92.301610,25.062894,0 92.301508,25.062983,0 92.301417,25.063080,0 92.301335,25.063185,0 92.301265,25.063296,0 92.301207,25.063413,0 92.301161,25.063534,0 92.301128,25.063659,0 92.301109,25.063786,0 92.301102,25.063914,0 92.301102,25.064196,0 92.301100,25.064228,0 92.301086,25.064230,0 92.300941,25.064256,0 92.300808,25.064293,0 92.300785,25.064286,0 92.300646,25.064254,0 92.300504,25.064235,0 92.300360,25.064229,0 92.300226,25.064229,0 92.300083,25.064235,0 92.299941,25.064254,0 92.299801,25.064286,0 92.299778,25.064293,0 92.299646,25.064256,0 92.299501,25.064230,0 92.299486,25.064228,0 92.299468,25.064200,0 92.299433,25.064141,0 92.299352,25.064030,0 92.299259,25.063927,0 92.299156,25.063833,0 92.299043,25.063749,0 92.298970,25.063705,0 92.298947,25.063689,0 92.298929,25.063661,0 92.298894,25.063602,0 92.298813,25.063491,0 92.298720,25.063388,0 92.298617,25.063294,0 92.298504,25.063210,0 92.298383,25.063136,0 92.298363,25.063125,0 92.298234,25.063063,0 92.298099,25.063012,0 92.297960,25.062973,0 92.297817,25.062947,0 92.297671,25.062934,0 92.297525,25.062934,0 92.297380,25.062947,0 92.297237,25.062973,0 92.297097,25.063012,0 92.296963,25.063063,0 92.296834,25.063125,0 92.296789,25.063150,0 92.296753,25.063151,0 92.296287,25.063151,0 92.296253,25.063150,0 92.296251,25.063118,0 92.296251,25.062106,0 92.296253,25.062073,0 92.296262,25.062014,0 92.296265,25.062000,0 92.296280,25.061868,0 92.296279,25.061734,0 92.296265,25.061601,0 92.296236,25.061470,0 92.296193,25.061342,0 92.296136,25.061219,0 92.296067,25.061102,0 92.295985,25.060991,0 92.295891,25.060888,0 92.295787,25.060794,0 92.295673,25.060710,0 92.295551,25.060636,0 92.295421,25.060574,0 92.295285,25.060524,0 92.295145,25.060486,0 92.295001,25.060461,0 92.294855,25.060449,0 92.294708,25.060450,0 92.294591,25.060456,0 92.294131,25.060456,0 92.294095,25.060455,0 92.294088,25.060451,0 92.293975,25.060396,0 92.293840,25.060345,0 92.293700,25.060307,0 92.293557,25.060281,0 92.293412,25.060268,0 92.293266,25.060268,0 92.293121,25.060281,0 92.292978,25.060307,0 92.292838,25.060345,0 92.292703,25.060396,0 92.292574,25.060459,0 92.292453,25.060533,0 92.292340,25.060617,0 92.292237,25.060711,0 92.292144,25.060814,0 92.292063,25.060924,0 92.291995,25.061042,0 92.291939,25.061164,0 92.291896,25.061292,0 92.291868,25.061422,0 92.291854,25.061554,0 92.291854,25.061687,0 92.291868,25.061820,0 92.291896,25.061950,0 92.291936,25.062070,0 92.291937,25.062073,0 92.291939,25.062106,0 92.291939,25.062579,0 92.291937,25.062612,0 92.291921,25.062653,0</coordinates></LinearRing></outerBoundaryIs></Polygon></MultiGeometry></Placemark>
<Placemark><name>TEA-C016 (187 ha)</name><description><![CDATA[<b>TEA-C016</b><br/>upazila: Kanaighat<br/>area: 187 ha<br/><hr/>Estates expected in this upazila:<br/>Loobacherra<br/><br/><b>Zoom in.</b> Tea shows regular planted rows, uniform canopy, pale service tracks in a grid, hard geometric edges. Natural forest is chaotic with ragged edges.<br/><br/>Record yes/no in sylhet_tea_candidates_review.csv]]></description><styleUrl>#cand</styleUrl><MultiGeometry><Polygon><outerBoundaryIs><LinearRing><coordinates>92.334519,25.033507,0 92.334519,25.033507,0 92.334519,25.034080,0 92.334527,25.034221,0 92.334551,25.034361,0 92.334591,25.034497,0 92.334647,25.034629,0 92.334717,25.034755,0 92.334801,25.034874,0 92.334898,25.034984,0 92.335008,25.035084,0 92.335057,25.035125,0 92.335065,25.035154,0 92.335080,25.035224,0 92.335122,25.035351,0 92.335178,25.035474,0 92.335247,25.035591,0 92.335328,25.035702,0 92.335421,25.035805,0 92.335524,25.035899,0 92.335637,25.035983,0 92.335758,25.036057,0 92.335887,25.036120,0 92.336021,25.036170,0 92.336111,25.036195,0 92.336135,25.036203,0 92.336145,25.036213,0 92.336225,25.036301,0 92.336335,25.036400,0 92.336455,25.036487,0 92.336585,25.036563,0 92.336722,25.036626,0 92.336866,25.036676,0 92.337015,25.036712,0 92.337167,25.036733,0 92.337321,25.036741,0 92.338422,25.036741,0 92.338568,25.036734,0 92.338712,25.036715,0 92.338854,25.036682,0 92.338991,25.036638,0 92.339123,25.036581,0 92.339248,25.036512,0 92.339365,25.036433,0 92.339474,25.036344,0 92.339572,25.036245,0 92.339658,25.036139,0 92.339734,25.036025,0 92.339796,25.035905,0 92.339845,25.035779,0 92.339880,25.035650,0 92.339902,25.035519,0 92.339909,25.035386,0 92.339909,25.035157,0 92.339911,25.035125,0 92.339946,25.035124,0 92.340951,25.035124,0 92.340985,25.035125,0 92.340995,25.035184,0 92.340996,25.035195,0 92.341025,25.035326,0 92.341067,25.035453,0 92.341123,25.035576,0 92.341192,25.035693,0 92.341273,25.035803,0 92.341365,25.035906,0 92.341469,25.036000,0 92.341581,25.036084,0 92.341703,25.036158,0 92.341831,25.036221,0 92.341966,25.036272,0 92.342106,25.036310,0 92.342249,25.036336,0 92.342394,25.036349,0 92.342540,25.036349,0 92.342685,25.036336,0 92.342828,25.036310,0 92.342968,25.036272,0 92.343103,25.036221,0 92.343144,25.036203,0 92.343194,25.036187,0 92.343240,25.036174,0 92.343380,25.036120,0 92.343513,25.036054,0 92.343638,25.035976,0 92.343753,25.035887,0 92.343858,25.035787,0 92.343951,25.035678,0 92.344032,25.035561,0 92.344099,25.035437,0 92.344152,25.035308,0 92.344190,25.035175,0 92.344213,25.035038,0 92.344221,25.034900,0 92.344221,25.034618,0 92.344223,25.034585,0 92.344239,25.034544,0 92.344258,25.034502,0 92.344300,25.034375,0 92.344329,25.034245,0 92.344343,25.034112,0 92.344343,25.033979,0 92.344329,25.033847,0 92.344300,25.033717,0 92.344258,25.033589,0 92.344239,25.033547,0 92.344223,25.033506,0 92.344221,25.033474,0 92.344221,25.032394,0 92.344215,25.032269,0 92.344195,25.032144,0 92.344164,25.032022,0 92.344120,25.031903,0 92.344064,25.031788,0 92.343997,25.031679,0 92.343919,25.031575,0 92.343830,25.031479,0 92.343733,25.031390,0 92.343684,25.031350,0 92.343682,25.031318,0 92.343682,25.030306,0 92.343684,25.030274,0 92.343733,25.030233,0 92.343842,25.030133,0 92.343939,25.030023,0 92.344023,25.029904,0 92.344093,25.029778,0 92.344149,25.029647,0 92.344189,25.029510,0 92.344213,25.029371,0 92.344221,25.029230,0 92.344221,25.028689,0 92.344223,25.028657,0 92.344273,25.028615,0 92.344377,25.028521,0 92.344469,25.028418,0 92.344550,25.028307,0 92.344619,25.028190,0 92.344675,25.028067,0 92.344717,25.027940,0 92.344746,25.027810,0 92.344760,25.027678,0 92.344760,25.027578,0 92.344760,25.027578,0 92.344760,25.027072,0 92.344762,25.027040,0 92.344784,25.027025,0 92.344858,25.026980,0 92.344970,25.026896,0 92.345074,25.026802,0 92.345166,25.026699,0 92.345247,25.026588,0 92.345282,25.026529,0 92.345300,25.026501,0 92.345335,25.026500,0 92.347418,25.026500,0 92.347455,25.026502,0 92.347493,25.026514,0 92.347633,25.026553,0 92.347776,25.026579,0 92.347921,25.026592,0 92.348067,25.026592,0 92.348212,25.026579,0 92.348355,25.026553,0 92.348495,25.026514,0 92.348533,25.026502,0 92.348569,25.026500,0 92.348695,25.026500,0 92.348846,25.026493,0 92.348996,25.026472,0 92.349143,25.026437,0 92.349285,25.026389,0 92.349421,25.026328,0 92.349549,25.026254,0 92.349668,25.026169,0 92.349778,25.026074,0 92.349876,25.025969,0 92.349962,25.025855,0 92.350034,25.025734,0 92.350093,25.025606,0 92.350137,25.025474,0 92.350151,25.025424,0 92.350186,25.025422,0 92.350652,25.025422,0 92.350688,25.025424,0 92.350706,25.025451,0 92.350741,25.025510,0 92.350822,25.025621,0 92.350914,25.025724,0 92.351017,25.025818,0 92.351130,25.025902,0 92.351204,25.025947,0 92.351227,25.025962,0 92.351251,25.025982,0 92.351307,25.026034,0 92.351420,25.026118,0 92.351542,25.026192,0 92.351670,25.026254,0 92.351805,25.026305,0 92.351945,25.026344,0 92.352088,25.026370,0 92.352233,25.026383,0 92.352379,25.026383,0 92.352524,25.026370,0 92.352667,25.026344,0 92.352807,25.026305,0 92.352941,25.026254,0 92.353070,25.026192,0 92.353191,25.026118,0 92.353304,25.026034,0 92.353360,25.025982,0 92.353385,25.025962,0 92.353422,25.025957,0 92.353491,25.025951,0 92.353634,25.025925,0 92.353774,25.025887,0 92.353909,25.025836,0 92.354037,25.025773,0 92.354159,25.025699,0 92.354271,25.025615,0 92.354374,25.025521,0 92.354459,25.025427,0 92.354463,25.025423,0 92.354475,25.025413,0 92.354563,25.025348,0 92.354666,25.025254,0 92.354758,25.025151,0 92.354839,25.025040,0 92.354908,25.024923,0 92.354964,25.024800,0 92.355006,25.024673,0 92.355035,25.024543,0 92.355049,25.024410,0 92.355049,25.024277,0 92.355035,25.024145,0 92.355006,25.024015,0 92.354964,25.023888,0 92.354908,25.023765,0 92.354839,25.023648,0 92.354758,25.023537,0 92.354666,25.023434,0 92.354563,25.023340,0 92.354475,25.023275,0 92.354463,25.023265,0 92.354445,25.023237,0 92.354410,25.023178,0 92.354329,25.023067,0 92.354236,25.022964,0 92.354133,25.022870,0 92.354020,25.022786,0 92.353947,25.022741,0 92.353924,25.022726,0 92.353920,25.022722,0 92.353835,25.022628,0 92.353732,25.022534,0 92.353620,25.022450,0 92.353498,25.022376,0 92.353370,25.022313,0 92.353235,25.022262,0 92.353095,25.022224,0 92.352952,25.022198,0 92.352883,25.022191,0 92.352846,25.022186,0 92.352828,25.022159,0 92.352793,25.022100,0 92.352712,25.021989,0 92.352619,25.021886,0 92.352516,25.021792,0 92.352403,25.021708,0 92.352330,25.021663,0 92.352307,25.021648,0 92.352289,25.021620,0 92.352254,25.021561,0 92.352173,25.021450,0 92.352080,25.021347,0 92.351977,25.021253,0 92.351864,25.021169,0 92.351791,25.021124,0 92.351768,25.021109,0 92.351754,25.021058,0 92.351714,25.020935,0 92.351660,25.020816,0 92.351595,25.020703,0 92.351519,25.020595,0 92.351431,25.020495,0 92.351333,25.020402,0 92.351227,25.020319,0 92.351112,25.020245,0 92.350990,25.020181,0 92.350862,25.020128,0 92.350729,25.020086,0 92.350592,25.020056,0 92.350453,25.020038,0 92.350312,25.020032,0 92.349647,25.020032,0 92.349612,25.020030,0 92.349588,25.020011,0 92.349531,25.019959,0 92.349418,25.019875,0 92.349297,25.019801,0 92.349169,25.019738,0 92.349034,25.019688,0 92.348894,25.019649,0 92.348751,25.019623,0 92.348606,25.019610,0 92.348460,25.019610,0 92.348315,25.019623,0 92.348172,25.019649,0 92.348032,25.019688,0 92.347897,25.019738,0 92.347769,25.019801,0 92.347647,25.019875,0 92.347535,25.019959,0 92.347478,25.020011,0 92.347454,25.020031,0 92.347417,25.020036,0 92.347348,25.020042,0 92.347205,25.020068,0 92.347065,25.020106,0 92.346930,25.020157,0 92.346801,25.020220,0 92.346680,25.020294,0 92.346567,25.020378,0 92.346464,25.020472,0 92.346380,25.020566,0 92.346376,25.020570,0 92.346333,25.020584,0 92.346290,25.020596,0 92.346159,25.020644,0 92.346035,25.020703,0 92.345917,25.020773,0 92.345807,25.020853,0 92.345705,25.020942,0 92.345614,25.021039,0 92.345532,25.021144,0 92.345462,25.021255,0 92.345404,25.021372,0 92.345359,25.021493,0 92.345326,25.021618,0 92.345306,25.021744,0 92.345299,25.021873,0 92.345299,25.022155,0 92.345297,25.022186,0 92.345262,25.022188,0 92.344257,25.022188,0 92.344222,25.022186,0 92.344177,25.022162,0 92.344048,25.022099,0 92.343913,25.022048,0 92.343774,25.022010,0 92.343631,25.021984,0 92.343485,25.021971,0 92.343340,25.021971,0 92.343194,25.021984,0 92.343051,25.022010,0 92.342912,25.022048,0 92.342777,25.022099,0 92.342648,25.022162,0 92.342603,25.022186,0 92.342568,25.022188,0 92.340290,25.022188,0 92.340148,25.022194,0 92.340007,25.022213,0 92.339870,25.022243,0 92.339736,25.022286,0 92.339607,25.022339,0 92.339484,25.022404,0 92.339368,25.022479,0 92.339261,25.022564,0 92.339164,25.022658,0 92.339076,25.022760,0 92.339000,25.022869,0 92.338935,25.022984,0 92.338883,25.023104,0 92.338844,25.023228,0 92.338817,25.023355,0 92.338804,25.023484,0 92.338805,25.023613,0 92.338819,25.023741,0 92.338829,25.023805,0 92.338831,25.023838,0 92.338831,25.024850,0 92.338829,25.024882,0 92.338787,25.024896,0 92.338744,25.024907,0 92.338614,25.024956,0 92.338489,25.025015,0 92.338371,25.025085,0 92.338261,25.025165,0 92.338159,25.025254,0 92.338068,25.025351,0 92.337987,25.025456,0 92.337917,25.025567,0 92.337858,25.025684,0 92.337813,25.025805,0 92.337780,25.025929,0 92.337760,25.026056,0 92.337753,25.026184,0 92.337753,25.026467,0 92.337751,25.026499,0 92.337729,25.026514,0 92.337655,25.026559,0 92.337543,25.026643,0 92.337440,25.026737,0 92.337347,25.026840,0 92.337266,25.026951,0 92.337231,25.027010,0 92.337213,25.027038,0 92.337190,25.027053,0 92.337117,25.027098,0 92.337004,25.027182,0 92.336901,25.027276,0 92.336808,25.027379,0 92.336727,25.027490,0 92.336692,25.027549,0 92.336674,25.027577,0 92.336651,25.027592,0 92.336578,25.027637,0 92.336465,25.027721,0 92.336362,25.027815,0 92.336269,25.027918,0 92.336188,25.028029,0 92.336153,25.028088,0 92.336135,25.028115,0 92.336100,25.028117,0 92.335800,25.028117,0 92.335652,25.028124,0 92.335505,25.028144,0 92.335361,25.028177,0 92.335222,25.028223,0 92.335088,25.028282,0 92.334962,25.028353,0 92.334844,25.028434,0 92.334735,25.028526,0 92.334637,25.028628,0 92.334550,25.028737,0 92.334476,25.028855,0 92.334415,25.028978,0 92.334368,25.029106,0 92.334335,25.029238,0 92.334317,25.029372,0 92.334314,25.029507,0 92.334325,25.029642,0 92.334351,25.029775,0 92.334391,25.029905,0 92.334446,25.030031,0 92.334514,25.030151,0 92.334594,25.030264,0 92.334687,25.030370,0 92.334791,25.030466,0 92.334904,25.030553,0 92.335027,25.030629,0 92.335158,25.030693,0 92.335294,25.030745,0 92.335436,25.030785,0 92.335582,25.030811,0 92.335595,25.030813,0 92.335597,25.030845,0 92.335597,25.031857,0 92.335595,25.031889,0 92.335573,25.031904,0 92.335500,25.031949,0 92.335387,25.032033,0 92.335284,25.032127,0 92.335191,25.032230,0 92.335110,25.032340,0 92.335075,25.032400,0 92.335057,25.032428,0 92.335006,25.032470,0 92.334903,25.032564,0 92.334810,25.032667,0 92.334729,25.032777,0 92.334660,25.032894,0 92.334604,25.033017,0 92.334562,25.033144,0 92.334533,25.033275,0 92.334519,25.033407,0 92.334519,25.033507,0</coordinates></LinearRing></outerBoundaryIs></Polygon></MultiGeometry></Placemark>
<Placemark><name>TEA-C017 (150 ha)</name><description><![CDATA[<b>TEA-C017</b><br/>upazila: Kanaighat<br/>area: 150 ha<br/><hr/>Estates expected in this upazila:<br/>Loobacherra<br/><br/><b>Zoom in.</b> Tea shows regular planted rows, uniform canopy, pale service tracks in a grid, hard geometric edges. Natural forest is chaotic with ragged edges.<br/><br/>Record yes/no in sylhet_tea_candidates_review.csv]]></description><styleUrl>#cand</styleUrl><MultiGeometry><Polygon><outerBoundaryIs><LinearRing><coordinates>92.142099,24.953735,0 92.142032,24.953744,0 92.141889,24.953770,0 92.141749,24.953808,0 92.141614,24.953859,0 92.141486,24.953922,0 92.141365,24.953996,0 92.141252,24.954080,0 92.141149,24.954174,0 92.141056,24.954277,0 92.140975,24.954387,0 92.140907,24.954505,0 92.140851,24.954628,0 92.140808,24.954755,0 92.140780,24.954885,0 92.140766,24.955017,0 92.140766,24.955150,0 92.140780,24.955283,0 92.140808,24.955413,0 92.140851,24.955540,0 92.140907,24.955663,0 92.140975,24.955780,0 92.141056,24.955891,0 92.141149,24.955994,0 92.141252,24.956088,0 92.141365,24.956172,0 92.141486,24.956246,0 92.141614,24.956308,0 92.141749,24.956359,0 92.141889,24.956398,0 92.142032,24.956424,0 92.142099,24.956433,0 92.142113,24.956484,0 92.142157,24.956616,0 92.142216,24.956743,0 92.142288,24.956864,0 92.142374,24.956978,0 92.142472,24.957083,0 92.142581,24.957179,0 92.142701,24.957264,0 92.142829,24.957337,0 92.142965,24.957398,0 92.143107,24.957446,0 92.143253,24.957481,0 92.143403,24.957502,0 92.143554,24.957509,0 92.146914,24.957509,0 92.146949,24.957511,0 92.146951,24.957543,0 92.146951,24.958856,0 92.146959,24.958992,0 92.146981,24.959128,0 92.147019,24.959261,0 92.147071,24.959389,0 92.147137,24.959512,0 92.147217,24.959629,0 92.147309,24.959737,0 92.147412,24.959837,0 92.147526,24.959926,0 92.147650,24.960004,0 92.147781,24.960071,0 92.147919,24.960125,0 92.148063,24.960166,0 92.148210,24.960194,0 92.148359,24.960208,0 92.148510,24.960208,0 92.148604,24.960204,0 92.149070,24.960204,0 92.149106,24.960206,0 92.149142,24.960221,0 92.149280,24.960273,0 92.149423,24.960312,0 92.149459,24.960319,0 92.149445,24.960330,0 92.149342,24.960424,0 92.149249,24.960526,0 92.149168,24.960637,0 92.149113,24.960731,0 92.149106,24.960742,0 92.149083,24.960757,0 92.149009,24.960802,0 92.148896,24.960887,0 92.148793,24.960981,0 92.148701,24.961084,0 92.148620,24.961194,0 92.148585,24.961253,0 92.148567,24.961281,0 92.148517,24.961322,0 92.148419,24.961411,0 92.148331,24.961507,0 92.148253,24.961610,0 92.148186,24.961720,0 92.148130,24.961835,0 92.148086,24.961954,0 92.148054,24.962076,0 92.148035,24.962200,0 92.148029,24.962326,0 92.148029,24.962327,0 92.148027,24.962359,0 92.147978,24.962400,0 92.147880,24.962489,0 92.147792,24.962585,0 92.147714,24.962688,0 92.147647,24.962798,0 92.147591,24.962913,0 92.147547,24.963032,0 92.147515,24.963154,0 92.147496,24.963278,0 92.147490,24.963404,0 92.147490,24.963944,0 92.147488,24.963976,0 92.147477,24.963986,0 92.147389,24.964051,0 92.147286,24.964145,0 92.147193,24.964248,0 92.147112,24.964359,0 92.147044,24.964476,0 92.146988,24.964599,0 92.146945,24.964726,0 92.146917,24.964856,0 92.146903,24.964989,0 92.146903,24.965122,0 92.146917,24.965254,0 92.146945,24.965384,0 92.146988,24.965511,0 92.147044,24.965634,0 92.147112,24.965752,0 92.147193,24.965862,0 92.147286,24.965965,0 92.147389,24.966059,0 92.147477,24.966125,0 92.147488,24.966134,0 92.147490,24.966166,0 92.147490,24.966396,0 92.147497,24.966528,0 92.147518,24.966660,0 92.147554,24.966789,0 92.147603,24.966914,0 92.147665,24.967034,0 92.147740,24.967148,0 92.147827,24.967255,0 92.147925,24.967353,0 92.148033,24.967443,0 92.148150,24.967522,0 92.148275,24.967590,0 92.148407,24.967647,0 92.148545,24.967692,0 92.148686,24.967724,0 92.148830,24.967744,0 92.148976,24.967750,0 92.149070,24.967750,0 92.149106,24.967752,0 92.149148,24.967770,0 92.149283,24.967821,0 92.149423,24.967859,0 92.149567,24.967885,0 92.149712,24.967898,0 92.149858,24.967898,0 92.150004,24.967885,0 92.150147,24.967859,0 92.150287,24.967820,0 92.150422,24.967769,0 92.150551,24.967706,0 92.150672,24.967631,0 92.150785,24.967547,0 92.150888,24.967452,0 92.150980,24.967349,0 92.151061,24.967238,0 92.151129,24.967120,0 92.151185,24.966997,0 92.151227,24.966869,0 92.151255,24.966738,0 92.151265,24.966673,0 92.151287,24.966666,0 92.151378,24.966641,0 92.151513,24.966590,0 92.151642,24.966527,0 92.151763,24.966453,0 92.151876,24.966369,0 92.151979,24.966275,0 92.152071,24.966172,0 92.152152,24.966062,0 92.152221,24.965945,0 92.152277,24.965822,0 92.152319,24.965694,0 92.152334,24.965624,0 92.152342,24.965596,0 92.152377,24.965594,0 92.152500,24.965594,0 92.152650,24.965587,0 92.152798,24.965567,0 92.152944,24.965532,0 92.153085,24.965485,0 92.153219,24.965425,0 92.153347,24.965353,0 92.153466,24.965269,0 92.153575,24.965175,0 92.153673,24.965071,0 92.153759,24.964959,0 92.153832,24.964840,0 92.153892,24.964714,0 92.153937,24.964584,0 92.153968,24.964450,0 92.153984,24.964314,0 92.153984,24.964177,0 92.153970,24.964041,0 92.153960,24.963977,0 92.153958,24.963944,0 92.153958,24.962393,0 92.153960,24.962362,0 92.153994,24.962360,0 92.155538,24.962360,0 92.155633,24.962364,0 92.155783,24.962364,0 92.155933,24.962350,0 92.156080,24.962322,0 92.156224,24.962281,0 92.156362,24.962227,0 92.156493,24.962160,0 92.156616,24.962082,0 92.156730,24.961993,0 92.156834,24.961893,0 92.156926,24.961785,0 92.157005,24.961668,0 92.157072,24.961545,0 92.157124,24.961417,0 92.157161,24.961284,0 92.157184,24.961148,0 92.157192,24.961012,0 92.157192,24.960237,0 92.157193,24.960206,0 92.157228,24.960204,0 92.157894,24.960204,0 92.158045,24.960197,0 92.158195,24.960176,0 92.158341,24.960141,0 92.158483,24.960093,0 92.158619,24.960032,0 92.158747,24.959959,0 92.158866,24.959874,0 92.158976,24.959778,0 92.159074,24.959673,0 92.159159,24.959559,0 92.159232,24.959438,0 92.159291,24.959311,0 92.159335,24.959179,0 92.159349,24.959127,0 92.159352,24.959122,0 92.159425,24.959024,0 92.159492,24.958909,0 92.159548,24.958789,0 92.159590,24.958665,0 92.159619,24.958538,0 92.159635,24.958409,0 92.159637,24.958279,0 92.159625,24.958149,0 92.159600,24.958021,0 92.159561,24.957896,0 92.159510,24.957775,0 92.159446,24.957658,0 92.159370,24.957548,0 92.159282,24.957446,0 92.159185,24.957351,0 92.159077,24.957265,0 92.158962,24.957189,0 92.158838,24.957124,0 92.158709,24.957069,0 92.158574,24.957026,0 92.158436,24.956995,0 92.158294,24.956977,0 92.158152,24.956970,0 92.156759,24.956970,0 92.156621,24.956976,0 92.156483,24.956994,0 92.156349,24.957023,0 92.156217,24.957063,0 92.156091,24.957115,0 92.155970,24.957177,0 92.155856,24.957249,0 92.155750,24.957330,0 92.155653,24.957420,0 92.155581,24.957500,0 92.155574,24.957508,0 92.155538,24.957509,0 92.155072,24.957509,0 92.155036,24.957508,0 92.154997,24.957495,0 92.154858,24.957456,0 92.154715,24.957431,0 92.154570,24.957417,0 92.154424,24.957417,0 92.154279,24.957431,0 92.154136,24.957456,0 92.153996,24.957495,0 92.153957,24.957508,0 92.153921,24.957509,0 92.153288,24.957509,0 92.153142,24.957516,0 92.152998,24.957535,0 92.152856,24.957568,0 92.152829,24.957576,0 92.152851,24.957497,0 92.152873,24.957366,0 92.152880,24.957233,0 92.152880,24.956465,0 92.152882,24.956432,0 92.152899,24.956387,0 92.152942,24.956260,0 92.152970,24.956129,0 92.152984,24.955997,0 92.152984,24.955864,0 92.152970,24.955732,0 92.152942,24.955601,0 92.152899,24.955474,0 92.152843,24.955351,0 92.152775,24.955234,0 92.152694,24.955124,0 92.152601,24.955021,0 92.152498,24.954927,0 92.152385,24.954842,0 92.152342,24.954813,0 92.152324,24.954785,0 92.152289,24.954726,0 92.152208,24.954616,0 92.152116,24.954513,0 92.152013,24.954419,0 92.151900,24.954335,0 92.151826,24.954289,0 92.151804,24.954275,0 92.151802,24.954242,0 92.151802,24.953443,0 92.151795,24.953313,0 92.151774,24.953184,0 92.151740,24.953057,0 92.151693,24.952934,0 92.151633,24.952816,0 92.151561,24.952703,0 92.151477,24.952598,0 92.151382,24.952500,0 92.151278,24.952411,0 92.151165,24.952331,0 92.151044,24.952262,0 92.150916,24.952204,0 92.150782,24.952157,0 92.150644,24.952122,0 92.150504,24.952099,0 92.150361,24.952089,0 92.150218,24.952092,0 92.150076,24.952106,0 92.149936,24.952134,0 92.149800,24.952173,0 92.149668,24.952224,0 92.149543,24.952287,0 92.149424,24.952360,0 92.149314,24.952443,0 92.149213,24.952535,0 92.149123,24.952636,0 92.149106,24.952657,0 92.149070,24.952658,0 92.148604,24.952658,0 92.148569,24.952657,0 92.148561,24.952649,0 92.148490,24.952569,0 92.148392,24.952479,0 92.148286,24.952398,0 92.148173,24.952326,0 92.148052,24.952264,0 92.147925,24.952213,0 92.147794,24.952172,0 92.147659,24.952143,0 92.147522,24.952125,0 92.147384,24.952119,0 92.147057,24.952119,0 92.146919,24.952125,0 92.146782,24.952143,0 92.146647,24.952172,0 92.146516,24.952213,0 92.146389,24.952264,0 92.146268,24.952326,0 92.146155,24.952398,0 92.146049,24.952479,0 92.145951,24.952569,0 92.145880,24.952649,0 92.145872,24.952657,0 92.145836,24.952658,0 92.145440,24.952658,0 92.145302,24.952664,0 92.145165,24.952682,0 92.145030,24.952711,0 92.144899,24.952752,0 92.144772,24.952803,0 92.144651,24.952865,0 92.144538,24.952937,0 92.144432,24.953018,0 92.144334,24.953108,0 92.144263,24.953188,0 92.144255,24.953196,0 92.144220,24.953197,0 92.143753,24.953197,0 92.143717,24.953196,0 92.143685,24.953188,0 92.143542,24.953163,0 92.143397,24.953150,0 92.143252,24.953150,0 92.143106,24.953163,0 92.142963,24.953188,0 92.142824,24.953227,0 92.142689,24.953278,0 92.142561,24.953341,0 92.142439,24.953414,0 92.142327,24.953499,0 92.142224,24.953593,0 92.142131,24.953696,0 92.142099,24.953735,0</coordinates></LinearRing></outerBoundaryIs></Polygon></MultiGeometry></Placemark>
<Placemark><name>TEA-C018 (141 ha)</name><description><![CDATA[<b>TEA-C018</b><br/>upazila: Kanaighat<br/>area: 141 ha<br/><hr/>Estates expected in this upazila:<br/>Loobacherra<br/><br/><b>Zoom in.</b> Tea shows regular planted rows, uniform canopy, pale service tracks in a grid, hard geometric edges. Natural forest is chaotic with ragged edges.<br/><br/>Record yes/no in sylhet_tea_candidates_review.csv]]></description><styleUrl>#cand</styleUrl><MultiGeometry><Polygon><outerBoundaryIs><LinearRing><coordinates>92.363613,25.019552,0 92.363610,25.019565,0 92.363596,25.019698,0 92.363596,25.019830,0 92.363610,25.019963,0 92.363639,25.020093,0 92.363681,25.020220,0 92.363737,25.020343,0 92.363806,25.020460,0 92.363887,25.020571,0 92.363979,25.020674,0 92.364082,25.020768,0 92.364195,25.020852,0 92.364317,25.020926,0 92.364445,25.020989,0 92.364580,25.021039,0 92.364720,25.021078,0 92.364863,25.021104,0 92.365008,25.021117,0 92.365154,25.021117,0 92.365184,25.021114,0 92.365278,25.021110,0 92.366213,25.021110,0 92.366366,25.021103,0 92.366519,25.021081,0 92.366667,25.021045,0 92.366811,25.020995,0 92.366949,25.020932,0 92.367079,25.020857,0 92.367199,25.020769,0 92.367309,25.020671,0 92.367389,25.020582,0 92.367398,25.020573,0 92.367434,25.020571,0 92.368908,25.020571,0 92.369061,25.020564,0 92.369214,25.020542,0 92.369362,25.020506,0 92.369506,25.020456,0 92.369644,25.020393,0 92.369774,25.020318,0 92.369894,25.020230,0 92.370004,25.020132,0 92.370084,25.020043,0 92.370093,25.020034,0 92.370129,25.020032,0 92.370525,25.020032,0 92.370678,25.020025,0 92.370831,25.020003,0 92.370979,25.019967,0 92.371123,25.019917,0 92.371261,25.019854,0 92.371391,25.019779,0 92.371511,25.019691,0 92.371621,25.019593,0 92.371701,25.019504,0 92.371710,25.019495,0 92.371746,25.019493,0 92.372212,25.019493,0 92.372247,25.019495,0 92.372265,25.019522,0 92.372300,25.019581,0 92.372381,25.019692,0 92.372474,25.019795,0 92.372577,25.019889,0 92.372690,25.019973,0 92.372763,25.020018,0 92.372786,25.020033,0 92.372790,25.020037,0 92.372875,25.020131,0 92.372978,25.020225,0 92.373091,25.020309,0 92.373212,25.020383,0 92.373341,25.020446,0 92.373475,25.020497,0 92.373615,25.020535,0 92.373758,25.020561,0 92.373827,25.020568,0 92.373917,25.020580,0 92.374062,25.020593,0 92.374208,25.020593,0 92.374353,25.020580,0 92.374405,25.020573,0 92.374441,25.020571,0 92.374907,25.020571,0 92.374943,25.020573,0 92.374988,25.020597,0 92.375116,25.020660,0 92.375251,25.020711,0 92.375391,25.020749,0 92.375534,25.020775,0 92.375679,25.020788,0 92.375825,25.020788,0 92.375970,25.020775,0 92.376113,25.020749,0 92.376253,25.020711,0 92.376387,25.020660,0 92.376516,25.020597,0 92.376561,25.020573,0 92.376598,25.020568,0 92.376668,25.020561,0 92.376811,25.020535,0 92.376950,25.020497,0 92.377085,25.020446,0 92.377214,25.020383,0 92.377335,25.020309,0 92.377448,25.020225,0 92.377551,25.020131,0 92.377635,25.020037,0 92.377639,25.020034,0 92.377675,25.020032,0 92.378336,25.020032,0 92.378486,25.020025,0 92.378634,25.020004,0 92.378780,25.019970,0 92.378921,25.019923,0 92.379056,25.019863,0 92.379183,25.019791,0 92.379302,25.019707,0 92.379411,25.019613,0 92.379509,25.019509,0 92.379595,25.019397,0 92.379669,25.019278,0 92.379728,25.019152,0 92.379774,25.019022,0 92.379804,25.018888,0 92.379820,25.018752,0 92.379821,25.018615,0 92.379806,25.018479,0 92.379796,25.018415,0 92.379794,25.018382,0 92.379794,25.017909,0 92.379796,25.017878,0 92.379831,25.017876,0 92.380836,25.017876,0 92.380872,25.017878,0 92.380910,25.017890,0 92.381050,25.017929,0 92.381193,25.017955,0 92.381338,25.017968,0 92.381484,25.017968,0 92.381629,25.017955,0 92.381772,25.017929,0 92.381912,25.017890,0 92.381951,25.017878,0 92.381987,25.017876,0 92.382453,25.017876,0 92.382488,25.017878,0 92.382520,25.017917,0 92.382613,25.018019,0 92.382716,25.018113,0 92.382829,25.018198,0 92.382950,25.018272,0 92.383079,25.018334,0 92.383213,25.018385,0 92.383353,25.018424,0 92.383496,25.018450,0 92.383641,25.018463,0 92.383787,25.018463,0 92.383932,25.018450,0 92.384075,25.018424,0 92.384106,25.018417,0 92.384143,25.018415,0 92.386694,25.018415,0 92.386848,25.018408,0 92.387000,25.018386,0 92.387149,25.018350,0 92.387293,25.018300,0 92.387431,25.018237,0 92.387560,25.018162,0 92.387681,25.018074,0 92.387790,25.017976,0 92.387871,25.017887,0 92.387880,25.017877,0 92.387932,25.017835,0 92.388035,25.017741,0 92.388127,25.017638,0 92.388208,25.017528,0 92.388277,25.017410,0 92.388333,25.017288,0 92.388375,25.017160,0 92.388404,25.017030,0 92.388418,25.016898,0 92.388418,25.016798,0 92.388418,25.016798,0 92.388418,25.016292,0 92.388420,25.016260,0 92.388469,25.016219,0 92.388578,25.016119,0 92.388675,25.016009,0 92.388759,25.015891,0 92.388830,25.015765,0 92.388885,25.015633,0 92.388925,25.015496,0 92.388949,25.015357,0 92.388957,25.015216,0 92.388957,25.015214,0 92.388959,25.015182,0 92.388986,25.015148,0 92.389020,25.015111,0 92.389101,25.015000,0 92.389170,25.014883,0 92.389226,25.014760,0 92.389268,25.014633,0 92.389296,25.014503,0 92.389311,25.014370,0 92.389311,25.014237,0 92.389296,25.014105,0 92.389268,25.013975,0 92.389226,25.013847,0 92.389170,25.013725,0 92.389101,25.013607,0 92.389020,25.013497,0 92.388927,25.013394,0 92.388824,25.013300,0 92.388711,25.013216,0 92.388590,25.013142,0 92.388461,25.013079,0 92.388327,25.013028,0 92.388187,25.012990,0 92.388044,25.012964,0 92.387899,25.012951,0 92.387753,25.012951,0 92.387608,25.012964,0 92.387465,25.012990,0 92.387355,25.013020,0 92.387340,25.013024,0 92.387304,25.013025,0 92.386908,25.013025,0 92.386769,25.013031,0 92.386632,25.013049,0 92.386497,25.013078,0 92.386366,25.013118,0 92.386239,25.013170,0 92.386119,25.013232,0 92.386005,25.013304,0 92.385899,25.013385,0 92.385802,25.013475,0 92.385730,25.013555,0 92.385722,25.013563,0 92.385687,25.013564,0 92.383674,25.013564,0 92.383536,25.013570,0 92.383398,25.013588,0 92.383263,25.013617,0 92.383132,25.013657,0 92.383006,25.013709,0 92.382885,25.013771,0 92.382771,25.013843,0 92.382665,25.013924,0 92.382568,25.014014,0 92.382496,25.014094,0 92.382488,25.014102,0 92.382453,25.014103,0 92.380979,25.014103,0 92.380841,25.014109,0 92.380703,25.014127,0 92.380568,25.014156,0 92.380437,25.014196,0 92.380311,25.014248,0 92.380190,25.014310,0 92.380076,25.014382,0 92.379970,25.014463,0 92.379873,25.014553,0 92.379801,25.014633,0 92.379793,25.014641,0 92.379756,25.014646,0 92.379687,25.014652,0 92.379544,25.014678,0 92.379404,25.014716,0 92.379269,25.014767,0 92.379141,25.014830,0 92.379020,25.014904,0 92.378907,25.014988,0 92.378804,25.015082,0 92.378719,25.015176,0 92.378715,25.015180,0 92.378680,25.015181,0 92.378214,25.015181,0 92.378178,25.015180,0 92.378133,25.015155,0 92.378004,25.015092,0 92.377870,25.015042,0 92.377730,25.015003,0 92.377587,25.014977,0 92.377442,25.014964,0 92.377296,25.014964,0 92.377151,25.014977,0 92.377008,25.015003,0 92.376868,25.015042,0 92.376733,25.015092,0 92.376605,25.015155,0 92.376560,25.015180,0 92.376524,25.015181,0 92.373433,25.015181,0 92.373295,25.015187,0 92.373157,25.015205,0 92.373023,25.015234,0 92.372891,25.015274,0 92.372765,25.015326,0 92.372644,25.015388,0 92.372530,25.015460,0 92.372424,25.015541,0 92.372327,25.015631,0 92.372255,25.015711,0 92.372248,25.015719,0 92.372212,25.015720,0 92.371207,25.015720,0 92.371171,25.015719,0 92.371132,25.015706,0 92.370993,25.015667,0 92.370850,25.015641,0 92.370704,25.015628,0 92.370559,25.015628,0 92.370413,25.015641,0 92.370270,25.015667,0 92.370131,25.015706,0 92.370092,25.015719,0 92.370056,25.015720,0 92.369590,25.015720,0 92.369554,25.015719,0 92.369547,25.015711,0 92.369475,25.015631,0 92.369378,25.015541,0 92.369272,25.015460,0 92.369158,25.015388,0 92.369037,25.015326,0 92.368911,25.015274,0 92.368779,25.015234,0 92.368644,25.015205,0 92.368507,25.015187,0 92.368369,25.015181,0 92.367434,25.015181,0 92.367399,25.015180,0 92.367385,25.015129,0 92.367344,25.015006,0 92.367291,25.014887,0 92.367226,25.014774,0 92.367149,25.014666,0 92.367062,25.014566,0 92.366964,25.014473,0 92.366857,25.014390,0 92.366743,25.014316,0 92.366621,25.014252,0 92.366492,25.014199,0 92.366359,25.014157,0 92.366223,25.014127,0 92.366083,25.014109,0 92.365943,25.014103,0 92.365817,25.014103,0 92.365722,25.014099,0 92.365693,25.014096,0 92.365548,25.014096,0 92.365402,25.014109,0 92.365259,25.014135,0 92.365120,25.014174,0 92.364985,25.014225,0 92.364856,25.014287,0 92.364735,25.014361,0 92.364622,25.014446,0 92.364519,25.014540,0 92.364426,25.014642,0 92.364345,25.014753,0 92.364277,25.014870,0 92.364221,25.014993,0 92.364178,25.015120,0 92.364162,25.015180,0 92.364150,25.015190,0 92.364063,25.015255,0 92.363959,25.015349,0 92.363867,25.015452,0 92.363786,25.015563,0 92.363717,25.015680,0 92.363661,25.015803,0 92.363619,25.015930,0 92.363590,25.016060,0 92.363576,25.016193,0 92.363576,25.016326,0 92.363590,25.016458,0 92.363619,25.016588,0 92.363661,25.016715,0 92.363717,25.016838,0 92.363786,25.016956,0 92.363867,25.017066,0 92.363960,25.017169,0 92.364063,25.017263,0 92.364150,25.017328,0 92.364162,25.017338,0 92.364164,25.017370,0 92.364164,25.018382,0 92.364162,25.018414,0 92.364113,25.018455,0 92.364015,25.018543,0 92.363927,25.018640,0 92.363849,25.018743,0 92.363782,25.018853,0 92.363726,25.018967,0 92.363682,25.019086,0 92.363650,25.019209,0 92.363631,25.019333,0 92.363625,25.019458,0 92.363625,25.019460,0 92.363623,25.019493,0 92.363613,25.019552,0</coordinates></LinearRing></outerBoundaryIs></Polygon></MultiGeometry></Placemark>
<Placemark><name>TEA-C019 (131 ha)</name><description><![CDATA[<b>TEA-C019</b><br/>upazila: Kanaighat<br/>area: 131 ha<br/><hr/>Estates expected in this upazila:<br/>Loobacherra<br/><br/><b>Zoom in.</b> Tea shows regular planted rows, uniform canopy, pale service tracks in a grid, hard geometric edges. Natural forest is chaotic with ragged edges.<br/><br/>Record yes/no in sylhet_tea_candidates_review.csv]]></description><styleUrl>#cand</styleUrl><MultiGeometry><Polygon><outerBoundaryIs><LinearRing><coordinates>92.184636,25.082029,0 92.184593,25.082040,0 92.184463,25.082089,0 92.184338,25.082148,0 92.184220,25.082218,0 92.184110,25.082298,0 92.184009,25.082387,0 92.183917,25.082484,0 92.183836,25.082588,0 92.183766,25.082700,0 92.183708,25.082816,0 92.183662,25.082938,0 92.183629,25.083062,0 92.183609,25.083189,0 92.183602,25.083317,0 92.183602,25.083409,0 92.183610,25.083547,0 92.183633,25.083684,0 92.183671,25.083817,0 92.183724,25.083947,0 92.183791,25.084070,0 92.183872,25.084187,0 92.183965,25.084296,0 92.184070,25.084396,0 92.184186,25.084485,0 92.184311,25.084563,0 92.184444,25.084630,0 92.184583,25.084683,0 92.184629,25.084696,0 92.184679,25.084712,0 92.184689,25.084722,0 92.184769,25.084810,0 92.184879,25.084909,0 92.184999,25.084996,0 92.185129,25.085072,0 92.185267,25.085135,0 92.185411,25.085185,0 92.185560,25.085221,0 92.185712,25.085242,0 92.185866,25.085250,0 92.194884,25.085250,0 92.194920,25.085251,0 92.194945,25.085272,0 92.195000,25.085322,0 92.195113,25.085406,0 92.195234,25.085480,0 92.195363,25.085543,0 92.195498,25.085594,0 92.195638,25.085632,0 92.195781,25.085658,0 92.195926,25.085671,0 92.196072,25.085671,0 92.196217,25.085658,0 92.196360,25.085632,0 92.196500,25.085594,0 92.196635,25.085543,0 92.196764,25.085480,0 92.196885,25.085406,0 92.196998,25.085322,0 92.197053,25.085272,0 92.197078,25.085251,0 92.197113,25.085250,0 92.198118,25.085250,0 92.198154,25.085251,0 92.198199,25.085276,0 92.198327,25.085338,0 92.198462,25.085389,0 92.198602,25.085428,0 92.198745,25.085454,0 92.198890,25.085467,0 92.199036,25.085467,0 92.199182,25.085454,0 92.199325,25.085428,0 92.199464,25.085389,0 92.199599,25.085338,0 92.199728,25.085276,0 92.199772,25.085251,0 92.199840,25.085242,0 92.199983,25.085216,0 92.200123,25.085178,0 92.200258,25.085127,0 92.200311,25.085101,0 92.200364,25.085127,0 92.200499,25.085178,0 92.200638,25.085216,0 92.200781,25.085242,0 92.200849,25.085251,0 92.200853,25.085255,0 92.200937,25.085349,0 92.201040,25.085443,0 92.201153,25.085527,0 92.201275,25.085601,0 92.201403,25.085664,0 92.201538,25.085715,0 92.201678,25.085753,0 92.201821,25.085779,0 92.201889,25.085785,0 92.201927,25.085790,0 92.201958,25.085797,0 92.202101,25.085823,0 92.202246,25.085836,0 92.202392,25.085836,0 92.202538,25.085823,0 92.202681,25.085797,0 92.202820,25.085759,0 92.202955,25.085708,0 92.203084,25.085645,0 92.203205,25.085571,0 92.203318,25.085487,0 92.203421,25.085393,0 92.203514,25.085290,0 92.203546,25.085251,0 92.203613,25.085242,0 92.203756,25.085216,0 92.203827,25.085197,0 92.203927,25.085224,0 92.204068,25.085249,0 92.204083,25.085251,0 92.204122,25.085264,0 92.204261,25.085302,0 92.204405,25.085328,0 92.204550,25.085341,0 92.204696,25.085341,0 92.204841,25.085328,0 92.204984,25.085302,0 92.205124,25.085264,0 92.205162,25.085251,0 92.205198,25.085250,0 92.206038,25.085250,0 92.206181,25.085243,0 92.206323,25.085225,0 92.206463,25.085193,0 92.206509,25.085178,0 92.206542,25.085189,0 92.206686,25.085223,0 92.206833,25.085243,0 92.206981,25.085250,0 92.207210,25.085250,0 92.207364,25.085242,0 92.207516,25.085221,0 92.207665,25.085185,0 92.207809,25.085135,0 92.207947,25.085072,0 92.208077,25.084996,0 92.208197,25.084909,0 92.208307,25.084810,0 92.208396,25.084712,0 92.208396,25.084712,0 92.208464,25.084703,0 92.208607,25.084677,0 92.208747,25.084639,0 92.208882,25.084588,0 92.209011,25.084525,0 92.209132,25.084451,0 92.209245,25.084367,0 92.209348,25.084273,0 92.209441,25.084170,0 92.209522,25.084060,0 92.209536,25.084035,0 92.209585,25.084059,0 92.209718,25.084108,0 92.209856,25.084146,0 92.209997,25.084171,0 92.210064,25.084180,0 92.210209,25.084193,0 92.210355,25.084193,0 92.210500,25.084180,0 92.210568,25.084171,0 92.210604,25.084165,0 92.210606,25.084165,0 92.210754,25.084172,0 92.210888,25.084172,0 92.211032,25.084165,0 92.211174,25.084147,0 92.211313,25.084115,0 92.211449,25.084072,0 92.211579,25.084017,0 92.211703,25.083951,0 92.211819,25.083874,0 92.211927,25.083787,0 92.212025,25.083691,0 92.212112,25.083588,0 92.212188,25.083476,0 92.212252,25.083359,0 92.212303,25.083237,0 92.212340,25.083111,0 92.212365,25.082982,0 92.212375,25.082852,0 92.212372,25.082721,0 92.212355,25.082591,0 92.212324,25.082463,0 92.212280,25.082339,0 92.212223,25.082219,0 92.212153,25.082104,0 92.212072,25.081997,0 92.211979,25.081896,0 92.211877,25.081805,0 92.211765,25.081723,0 92.211645,25.081651,0 92.211518,25.081590,0 92.211385,25.081540,0 92.211248,25.081503,0 92.211107,25.081477,0 92.211039,25.081468,0 92.210894,25.081455,0 92.210748,25.081455,0 92.210603,25.081468,0 92.210536,25.081477,0 92.210499,25.081484,0 92.210493,25.081483,0 92.210349,25.081477,0 92.210215,25.081477,0 92.210071,25.081483,0 92.209929,25.081502,0 92.209790,25.081533,0 92.209654,25.081577,0 92.209524,25.081632,0 92.209400,25.081698,0 92.209284,25.081775,0 92.209177,25.081861,0 92.209079,25.081957,0 92.208991,25.082061,0 92.208924,25.082159,0 92.208882,25.082139,0 92.208747,25.082088,0 92.208607,25.082049,0 92.208464,25.082023,0 92.208344,25.082007,0 92.208199,25.081994,0 92.208053,25.081994,0 92.207908,25.082007,0 92.207818,25.082019,0 92.207750,25.082025,0 92.207607,25.082051,0 92.207467,25.082090,0 92.207332,25.082141,0 92.207204,25.082204,0 92.207082,25.082277,0 92.206969,25.082362,0 92.206866,25.082456,0 92.206778,25.082553,0 92.206763,25.082555,0 92.206617,25.082582,0 92.206510,25.082612,0 92.206397,25.082581,0 92.206256,25.082555,0 92.206240,25.082553,0 92.206196,25.082529,0 92.206067,25.082466,0 92.205932,25.082415,0 92.205793,25.082377,0 92.205650,25.082351,0 92.205504,25.082338,0 92.205358,25.082338,0 92.205213,25.082351,0 92.205070,25.082377,0 92.204930,25.082415,0 92.204795,25.082466,0 92.204667,25.082529,0 92.204622,25.082553,0 92.204586,25.082555,0 92.204286,25.082555,0 92.204143,25.082561,0 92.204000,25.082580,0 92.203861,25.082611,0 92.203851,25.082614,0 92.203756,25.082588,0 92.203613,25.082562,0 92.203546,25.082553,0 92.203538,25.082546,0 92.203466,25.082466,0 92.203369,25.082376,0 92.203263,25.082294,0 92.203149,25.082222,0 92.203028,25.082160,0 92.202902,25.082109,0 92.202770,25.082068,0 92.202635,25.082039,0 92.202498,25.082022,0 92.202359,25.082016,0 92.202035,25.082016,0 92.201897,25.082022,0 92.201759,25.082039,0 92.201624,25.082068,0 92.201493,25.082109,0 92.201367,25.082160,0 92.201246,25.082222,0 92.201132,25.082294,0 92.201026,25.082376,0 92.200928,25.082466,0 92.200857,25.082546,0 92.200849,25.082553,0 92.200781,25.082562,0 92.200638,25.082588,0 92.200499,25.082627,0 92.200364,25.082678,0 92.200311,25.082704,0 92.200258,25.082678,0 92.200123,25.082627,0 92.199983,25.082588,0 92.199840,25.082562,0 92.199774,25.082553,0 92.199772,25.082522,0 92.199772,25.082287,0 92.199765,25.082158,0 92.199745,25.082030,0 92.199712,25.081905,0 92.199665,25.081783,0 92.199606,25.081665,0 92.199535,25.081554,0 92.199453,25.081449,0 92.199360,25.081351,0 92.199258,25.081262,0 92.199146,25.081182,0 92.199027,25.081113,0 92.198901,25.081054,0 92.198769,25.081006,0 92.198633,25.080970,0 92.198494,25.080946,0 92.198353,25.080933,0 92.198212,25.080934,0 92.198193,25.080934,0 92.198048,25.080947,0 92.197905,25.080973,0 92.197765,25.081012,0 92.197630,25.081063,0 92.197502,25.081126,0 92.197380,25.081199,0 92.197268,25.081284,0 92.197164,25.081378,0 92.197080,25.081471,0 92.197076,25.081475,0 92.197040,25.081477,0 92.196574,25.081477,0 92.196538,25.081475,0 92.196494,25.081451,0 92.196365,25.081388,0 92.196231,25.081337,0 92.196091,25.081299,0 92.195948,25.081273,0 92.195802,25.081260,0 92.195656,25.081260,0 92.195511,25.081273,0 92.195368,25.081299,0 92.195228,25.081337,0 92.195094,25.081388,0 92.194965,25.081451,0 92.194920,25.081475,0 92.194884,25.081477,0 92.194419,25.081477,0 92.194384,25.081475,0 92.194382,25.081444,0 92.194382,25.080675,0 92.194375,25.080543,0 92.194353,25.080411,0 92.194318,25.080282,0 92.194269,25.080157,0 92.194206,25.080037,0 92.194131,25.079923,0 92.194044,25.079816,0 92.193946,25.079718,0 92.193838,25.079628,0 92.193721,25.079549,0 92.193596,25.079481,0 92.193464,25.079424,0 92.193326,25.079379,0 92.193185,25.079347,0 92.193040,25.079327,0 92.192895,25.079321,0 92.192802,25.079321,0 92.192765,25.079319,0 92.192725,25.079302,0 92.192590,25.079251,0 92.192450,25.079212,0 92.192307,25.079186,0 92.192161,25.079174,0 92.192015,25.079174,0 92.191870,25.079187,0 92.191726,25.079213,0 92.191586,25.079252,0 92.191451,25.079303,0 92.191322,25.079366,0 92.191201,25.079440,0 92.191088,25.079525,0 92.190985,25.079619,0 92.190893,25.079722,0 92.190812,25.079833,0 92.190743,25.079951,0 92.190688,25.080074,0 92.190646,25.080202,0 92.190617,25.080333,0 92.190607,25.080398,0 92.190584,25.080405,0 92.190495,25.080430,0 92.190360,25.080481,0 92.190231,25.080544,0 92.190110,25.080617,0 92.189997,25.080702,0 92.189894,25.080796,0 92.189801,25.080898,0 92.189720,25.081009,0 92.189651,25.081126,0 92.189595,25.081249,0 92.189553,25.081376,0 92.189537,25.081447,0 92.189530,25.081475,0 92.189495,25.081477,0 92.189029,25.081477,0 92.188992,25.081475,0 92.188962,25.081468,0 92.188819,25.081442,0 92.188674,25.081429,0 92.188528,25.081429,0 92.188382,25.081442,0 92.188239,25.081468,0 92.188099,25.081507,0 92.187965,25.081558,0 92.187836,25.081620,0 92.187715,25.081694,0 92.187602,25.081779,0 92.187498,25.081873,0 92.187406,25.081975,0 92.187374,25.082014,0 92.187339,25.082016,0 92.186873,25.082016,0 92.186837,25.082014,0 92.186812,25.081994,0 92.186757,25.081944,0 92.186644,25.081859,0 92.186523,25.081785,0 92.186394,25.081723,0 92.186278,25.081679,0 92.186378,25.081661,0 92.186518,25.081622,0 92.186653,25.081571,0 92.186781,25.081509,0 92.186837,25.081478,0 92.186873,25.081477,0 92.187339,25.081477,0 92.187434,25.081481,0 92.187461,25.081484,0 92.187607,25.081484,0 92.187753,25.081470,0 92.187896,25.081445,0 92.188036,25.081406,0 92.188170,25.081355,0 92.188299,25.081292,0 92.188420,25.081219,0 92.188533,25.081134,0 92.188636,25.081040,0 92.188729,25.080938,0 92.188810,25.080827,0 92.188879,25.080710,0 92.188935,25.080587,0 92.188977,25.080460,0 92.188994,25.080399,0 92.188997,25.080395,0 92.189069,25.080296,0 92.189137,25.080182,0 92.189192,25.080062,0 92.189235,25.079938,0 92.189264,25.079810,0 92.189280,25.079681,0 92.189282,25.079551,0 92.189270,25.079422,0 92.189245,25.079294,0 92.189206,25.079168,0 92.189154,25.079047,0 92.189090,25.078931,0 92.189014,25.078821,0 92.188927,25.078718,0 92.188829,25.078623,0 92.188721,25.078538,0 92.188606,25.078462,0 92.188482,25.078396,0 92.188353,25.078342,0 92.188218,25.078299,0 92.188079,25.078268,0 92.187938,25.078249,0 92.187795,25.078243,0 92.186944,25.078243,0 92.186805,25.078249,0 92.186668,25.078266,0 92.186533,25.078296,0 92.186401,25.078336,0 92.186275,25.078388,0 92.186154,25.078449,0 92.186040,25.078521,0 92.185934,25.078603,0 92.185837,25.078693,0 92.185765,25.078773,0 92.185757,25.078780,0 92.185716,25.078786,0 92.185655,25.078791,0 92.185511,25.078817,0 92.185372,25.078856,0 92.185237,25.078907,0 92.185108,25.078969,0 92.184987,25.079043,0 92.184874,25.079128,0 92.184771,25.079222,0 92.184678,25.079324,0 92.184597,25.079435,0 92.184528,25.079552,0 92.184472,25.079675,0 92.184430,25.079802,0 92.184402,25.079933,0 92.184387,25.080065,0 92.184387,25.080198,0 92.184402,25.080330,0 92.184430,25.080460,0 92.184472,25.080588,0 92.184528,25.080710,0 92.184597,25.080828,0 92.184678,25.080938,0 92.184679,25.080939,0 92.184686,25.080951,0 92.184741,25.081043,0 92.184822,25.081154,0 92.184915,25.081257,0 92.185018,25.081351,0 92.185131,25.081435,0 92.185252,25.081509,0 92.185381,25.081571,0 92.185497,25.081615,0 92.185397,25.081633,0 92.185257,25.081672,0 92.185122,25.081723,0 92.184994,25.081785,0 92.184872,25.081859,0 92.184759,25.081944,0 92.184704,25.081994,0 92.184679,25.082014,0 92.184636,25.082029,0</coordinates></LinearRing></outerBoundaryIs></Polygon></MultiGeometry></Placemark>
<Placemark><name>TEA-C020 (122 ha)</name><description><![CDATA[<b>TEA-C020</b><br/>upazila: Kanaighat<br/>area: 122 ha<br/><hr/>Estates expected in this upazila:<br/>Loobacherra<br/><br/><b>Zoom in.</b> Tea shows regular planted rows, uniform canopy, pale service tracks in a grid, hard geometric edges. Natural forest is chaotic with ragged edges.<br/><br/>Record yes/no in sylhet_tea_candidates_review.csv]]></description><styleUrl>#cand</styleUrl><MultiGeometry><Polygon><outerBoundaryIs><LinearRing><coordinates>92.374393,25.028178,0 92.374390,25.028189,0 92.374376,25.028322,0 92.374376,25.028457,0 92.374391,25.028590,0 92.374403,25.028659,0 92.374404,25.028689,0 92.374404,25.029162,0 92.374403,25.029195,0 92.374392,25.029258,0 92.374378,25.029395,0 92.374378,25.029532,0 92.374394,25.029668,0 92.374425,25.029802,0 92.374470,25.029932,0 92.374530,25.030058,0 92.374603,25.030177,0 92.374689,25.030289,0 92.374788,25.030393,0 92.374897,25.030487,0 92.375016,25.030570,0 92.375143,25.030643,0 92.375278,25.030703,0 92.375419,25.030750,0 92.375564,25.030784,0 92.375713,25.030805,0 92.375863,25.030812,0 92.377063,25.030812,0 92.377099,25.030813,0 92.377123,25.030833,0 92.377179,25.030884,0 92.377292,25.030969,0 92.377413,25.031043,0 92.377542,25.031105,0 92.377676,25.031156,0 92.377816,25.031195,0 92.377959,25.031221,0 92.378104,25.031234,0 92.378250,25.031234,0 92.378395,25.031221,0 92.378539,25.031195,0 92.378678,25.031156,0 92.378813,25.031105,0 92.378942,25.031043,0 92.379063,25.030969,0 92.379176,25.030884,0 92.379232,25.030833,0 92.379256,25.030813,0 92.379292,25.030812,0 92.379385,25.030812,0 92.379531,25.030805,0 92.379676,25.030786,0 92.379817,25.030754,0 92.379954,25.030709,0 92.380086,25.030652,0 92.380211,25.030584,0 92.380329,25.030504,0 92.380437,25.030415,0 92.380535,25.030317,0 92.380622,25.030210,0 92.380697,25.030096,0 92.380759,25.029976,0 92.380808,25.029850,0 92.380844,25.029722,0 92.380865,25.029590,0 92.380872,25.029457,0 92.380872,25.029228,0 92.380874,25.029196,0 92.380910,25.029191,0 92.380979,25.029185,0 92.381123,25.029159,0 92.381262,25.029121,0 92.381397,25.029070,0 92.381526,25.029007,0 92.381647,25.028933,0 92.381760,25.028849,0 92.381863,25.028755,0 92.381947,25.028661,0 92.381951,25.028657,0 92.381974,25.028642,0 92.382048,25.028597,0 92.382161,25.028513,0 92.382264,25.028419,0 92.382356,25.028316,0 92.382437,25.028205,0 92.382472,25.028146,0 92.382490,25.028118,0 92.382526,25.028117,0 92.382619,25.028117,0 92.382765,25.028110,0 92.382909,25.028091,0 92.383051,25.028059,0 92.383188,25.028014,0 92.383320,25.027957,0 92.383445,25.027889,0 92.383563,25.027809,0 92.383671,25.027720,0 92.383769,25.027622,0 92.383856,25.027515,0 92.383931,25.027401,0 92.383993,25.027281,0 92.384042,25.027156,0 92.384078,25.027027,0 92.384099,25.026895,0 92.384106,25.026762,0 92.384106,25.026533,0 92.384108,25.026501,0 92.384130,25.026486,0 92.384204,25.026441,0 92.384317,25.026357,0 92.384420,25.026263,0 92.384512,25.026160,0 92.384593,25.026049,0 92.384628,25.025990,0 92.384650,25.025957,0 92.384722,25.025858,0 92.384790,25.025744,0 92.384845,25.025624,0 92.384888,25.025500,0 92.384917,25.025373,0 92.384933,25.025243,0 92.384934,25.025147,0 92.384952,25.025160,0 92.385073,25.025234,0 92.385202,25.025297,0 92.385337,25.025348,0 92.385476,25.025386,0 92.385619,25.025412,0 92.385682,25.025418,0 92.385721,25.025423,0 92.385723,25.025455,0 92.385723,25.025928,0 92.385721,25.025960,0 92.385672,25.026001,0 92.385575,25.026089,0 92.385486,25.026186,0 92.385408,25.026289,0 92.385341,25.026399,0 92.385285,25.026513,0 92.385241,25.026632,0 92.385210,25.026755,0 92.385191,25.026879,0 92.385184,25.027004,0 92.385184,25.027307,0 92.385192,25.027444,0 92.385215,25.027580,0 92.385252,25.027712,0 92.385304,25.027841,0 92.385371,25.027964,0 92.385450,25.028080,0 92.385542,25.028189,0 92.385646,25.028288,0 92.385760,25.028378,0 92.385883,25.028456,0 92.386015,25.028523,0 92.386153,25.028577,0 92.386296,25.028618,0 92.386444,25.028646,0 92.386593,25.028660,0 92.386744,25.028660,0 92.386763,25.028659,0 92.386908,25.028646,0 92.387051,25.028620,0 92.387191,25.028582,0 92.387326,25.028531,0 92.387455,25.028468,0 92.387576,25.028394,0 92.387689,25.028310,0 92.387792,25.028216,0 92.387876,25.028122,0 92.387880,25.028118,0 92.387916,25.028117,0 92.388009,25.028117,0 92.388155,25.028110,0 92.388299,25.028091,0 92.388441,25.028059,0 92.388469,25.028050,0 92.388447,25.028129,0 92.388425,25.028261,0 92.388418,25.028394,0 92.388418,25.029162,0 92.388416,25.029195,0 92.388413,25.029217,0 92.388394,25.029302,0 92.388380,25.029435,0 92.388380,25.029568,0 92.388394,25.029700,0 92.388423,25.029830,0 92.388465,25.029958,0 92.388521,25.030080,0 92.388589,25.030198,0 92.388671,25.030308,0 92.388763,25.030411,0 92.388866,25.030505,0 92.388979,25.030589,0 92.389100,25.030663,0 92.389229,25.030726,0 92.389364,25.030777,0 92.389488,25.030811,0 92.389495,25.030813,0 92.389540,25.030838,0 92.389669,25.030900,0 92.389804,25.030951,0 92.389943,25.030990,0 92.390086,25.031016,0 92.390232,25.031029,0 92.390378,25.031029,0 92.390523,25.031016,0 92.390666,25.030990,0 92.390805,25.030951,0 92.390940,25.030900,0 92.391069,25.030838,0 92.391089,25.030827,0 92.391211,25.030753,0 92.391323,25.030668,0 92.391427,25.030574,0 92.391519,25.030472,0 92.391600,25.030361,0 92.391635,25.030302,0 92.391653,25.030274,0 92.391676,25.030259,0 92.391750,25.030214,0 92.391862,25.030130,0 92.391966,25.030036,0 92.392058,25.029933,0 92.392139,25.029822,0 92.392174,25.029763,0 92.392192,25.029735,0 92.392243,25.029693,0 92.392347,25.029599,0 92.392439,25.029496,0 92.392520,25.029385,0 92.392589,25.029268,0 92.392645,25.029145,0 92.392687,25.029018,0 92.392716,25.028888,0 92.392730,25.028756,0 92.392730,25.028656,0 92.392730,25.028656,0 92.392730,25.028150,0 92.392732,25.028117,0 92.392741,25.028058,0 92.392744,25.028045,0 92.392759,25.027912,0 92.392759,25.027780,0 92.392744,25.027647,0 92.392716,25.027517,0 92.392673,25.027390,0 92.392618,25.027267,0 92.392549,25.027150,0 92.392468,25.027039,0 92.392375,25.026936,0 92.392272,25.026842,0 92.392159,25.026758,0 92.392038,25.026684,0 92.391909,25.026621,0 92.391775,25.026571,0 92.391635,25.026532,0 92.391492,25.026506,0 92.391347,25.026493,0 92.391201,25.026493,0 92.391171,25.026496,0 92.391151,25.026497,0 92.391006,25.026510,0 92.390863,25.026536,0 92.390723,25.026574,0 92.390588,25.026625,0 92.390460,25.026688,0 92.390338,25.026762,0 92.390226,25.026846,0 92.390122,25.026940,0 92.390038,25.027033,0 92.390034,25.027037,0 92.389999,25.027039,0 92.389905,25.027039,0 92.389759,25.027045,0 92.389615,25.027065,0 92.389473,25.027097,0 92.389446,25.027106,0 92.389468,25.027027,0 92.389489,25.026895,0 92.389496,25.026762,0 92.389496,25.026533,0 92.389498,25.026501,0 92.389521,25.026493,0 92.389611,25.026469,0 92.389746,25.026418,0 92.389874,25.026355,0 92.389996,25.026281,0 92.390109,25.026197,0 92.390212,25.026103,0 92.390304,25.026000,0 92.390385,25.025890,0 92.390454,25.025772,0 92.390510,25.025650,0 92.390552,25.025522,0 92.390568,25.025452,0 92.390576,25.025423,0 92.390627,25.025381,0 92.390730,25.025287,0 92.390822,25.025184,0 92.390903,25.025074,0 92.390972,25.024956,0 92.391028,25.024833,0 92.391070,25.024706,0 92.391099,25.024576,0 92.391113,25.024444,0 92.391113,25.024344,0 92.391113,25.024344,0 92.391113,25.023838,0 92.391115,25.023807,0 92.391150,25.023805,0 92.391449,25.023805,0 92.391597,25.023798,0 92.391600,25.023798,0 92.391637,25.023805,0 92.391652,25.023807,0 92.391686,25.023821,0 92.391824,25.023873,0 92.391967,25.023912,0 92.392114,25.023938,0 92.392263,25.023950,0 92.392412,25.023949,0 92.392561,25.023934,0 92.392707,25.023905,0 92.392850,25.023863,0 92.392986,25.023808,0 92.393117,25.023741,0 92.393239,25.023663,0 92.393352,25.023573,0 92.393454,25.023474,0 92.393545,25.023366,0 92.393624,25.023250,0 92.393689,25.023127,0 92.393741,25.022999,0 92.393778,25.022868,0 92.393800,25.022733,0 92.393808,25.022597,0 92.393808,25.022465,0 92.393801,25.022332,0 92.393779,25.022200,0 92.393744,25.022071,0 92.393695,25.021946,0 92.393632,25.021826,0 92.393557,25.021712,0 92.393471,25.021605,0 92.393373,25.021507,0 92.393264,25.021418,0 92.393147,25.021338,0 92.393022,25.021270,0 92.392890,25.021213,0 92.392753,25.021168,0 92.392611,25.021136,0 92.392467,25.021117,0 92.392321,25.021110,0 92.391855,25.021110,0 92.391712,25.021116,0 92.391705,25.021117,0 92.391667,25.021110,0 92.391653,25.021109,0 92.391616,25.021063,0 92.391524,25.020961,0 92.391421,25.020867,0 92.391308,25.020782,0 92.391186,25.020708,0 92.391058,25.020646,0 92.390923,25.020595,0 92.390783,25.020556,0 92.390640,25.020530,0 92.390495,25.020517,0 92.390349,25.020517,0 92.390204,25.020530,0 92.390061,25.020556,0 92.389921,25.020595,0 92.389787,25.020646,0 92.389658,25.020708,0 92.389537,25.020782,0 92.389424,25.020867,0 92.389321,25.020961,0 92.389228,25.021063,0 92.389147,25.021174,0 92.389078,25.021291,0 92.389022,25.021414,0 92.388980,25.021541,0 92.388961,25.021626,0 92.388956,25.021647,0 92.388921,25.021649,0 92.388455,25.021649,0 92.388419,25.021647,0 92.388395,25.021628,0 92.388339,25.021576,0 92.388226,25.021492,0 92.388104,25.021418,0 92.387976,25.021355,0 92.387841,25.021305,0 92.387701,25.021266,0 92.387558,25.021240,0 92.387413,25.021227,0 92.387267,25.021227,0 92.387122,25.021240,0 92.386979,25.021266,0 92.386839,25.021305,0 92.386704,25.021355,0 92.386576,25.021418,0 92.386454,25.021492,0 92.386342,25.021576,0 92.386285,25.021628,0 92.386261,25.021648,0 92.386237,25.021655,0 92.386147,25.021680,0 92.386012,25.021731,0 92.385884,25.021794,0 92.385762,25.021868,0 92.385650,25.021952,0 92.385547,25.022046,0 92.385454,25.022149,0 92.385373,25.022259,0 92.385304,25.022377,0 92.385248,25.022499,0 92.385206,25.022627,0 92.385191,25.022697,0 92.385183,25.022726,0 92.385160,25.022741,0 92.385087,25.022786,0 92.384974,25.022870,0 92.384871,25.022964,0 92.384778,25.023067,0 92.384697,25.023178,0 92.384662,25.023237,0 92.384644,25.023265,0 92.384643,25.023266,0 92.384562,25.023376,0 92.384493,25.023493,0 92.384438,25.023616,0 92.384395,25.023743,0 92.384367,25.023874,0 92.384353,25.024006,0 92.384353,25.024085,0 92.384259,25.024024,0 92.384136,25.023958,0 92.384006,25.023904,0 92.383871,25.023861,0 92.383733,25.023830,0 92.383591,25.023811,0 92.383449,25.023805,0 92.383135,25.023805,0 92.382997,25.023811,0 92.382859,25.023828,0 92.382724,25.023858,0 92.382593,25.023898,0 92.382467,25.023950,0 92.382346,25.024012,0 92.382232,25.024084,0 92.382126,25.024165,0 92.382029,25.024255,0 92.381957,25.024335,0 92.381949,25.024342,0 92.381914,25.024344,0 92.380979,25.024344,0 92.380841,25.024350,0 92.380703,25.024367,0 92.380569,25.024397,0 92.380437,25.024437,0 92.380311,25.024489,0 92.380190,25.024551,0 92.380076,25.024623,0 92.379970,25.024704,0 92.379873,25.024794,0 92.379801,25.024874,0 92.379793,25.024881,0 92.379758,25.024883,0 92.379362,25.024883,0 92.379224,25.024889,0 92.379086,25.024906,0 92.378952,25.024936,0 92.378820,25.024976,0 92.378694,25.025028,0 92.378573,25.025090,0 92.378459,25.025162,0 92.378353,25.025243,0 92.378256,25.025333,0 92.378184,25.025413,0 92.378176,25.025420,0 92.378141,25.025422,0 92.377476,25.025422,0 92.377336,25.025428,0 92.377196,25.025446,0 92.377060,25.025476,0 92.376926,25.025518,0 92.376798,25.025571,0 92.376676,25.025635,0 92.376561,25.025709,0 92.376455,25.025792,0 92.376357,25.025885,0 92.376270,25.025985,0 92.376193,25.026092,0 92.376128,25.026206,0 92.376075,25.026325,0 92.376034,25.026447,0 92.376020,25.026498,0 92.375985,25.026500,0 92.375891,25.026500,0 92.375745,25.026506,0 92.375601,25.026526,0 92.375460,25.026558,0 92.375322,25.026603,0 92.375190,25.026660,0 92.375065,25.026728,0 92.374948,25.026807,0 92.374840,25.026897,0 92.374742,25.026995,0 92.374655,25.027102,0 92.374580,25.027216,0 92.374518,25.027336,0 92.374468,25.027461,0 92.374433,25.027590,0 92.374412,25.027722,0 92.374404,25.027855,0 92.374404,25.028084,0 92.374403,25.028117,0 92.374393,25.028178,0</coordinates></LinearRing></outerBoundaryIs></Polygon></MultiGeometry></Placemark>
<Placemark><name>TEA-C021 (108 ha)</name><description><![CDATA[<b>TEA-C021</b><br/>upazila: Kanaighat<br/>area: 108 ha<br/><hr/>Estates expected in this upazila:<br/>Loobacherra<br/><br/><b>Zoom in.</b> Tea shows regular planted rows, uniform canopy, pale service tracks in a grid, hard geometric edges. Natural forest is chaotic with ragged edges.<br/><br/>Record yes/no in sylhet_tea_candidates_review.csv]]></description><styleUrl>#cand</styleUrl><MultiGeometry><Polygon><outerBoundaryIs><LinearRing><coordinates>92.401348,25.003840,0 92.401352,25.003863,0 92.401354,25.003896,0 92.401354,25.004368,0 92.401352,25.004401,0 92.401334,25.004446,0 92.401292,25.004573,0 92.401264,25.004704,0 92.401249,25.004836,0 92.401249,25.004969,0 92.401264,25.005101,0 92.401292,25.005232,0 92.401334,25.005359,0 92.401390,25.005482,0 92.401459,25.005599,0 92.401540,25.005709,0 92.401633,25.005812,0 92.401736,25.005906,0 92.401848,25.005990,0 92.401891,25.006019,0 92.401893,25.006052,0 92.401893,25.006053,0 92.401901,25.006194,0 92.401925,25.006333,0 92.401965,25.006470,0 92.402020,25.006602,0 92.402090,25.006728,0 92.402175,25.006846,0 92.402272,25.006956,0 92.402381,25.007057,0 92.402430,25.007097,0 92.402438,25.007126,0 92.402454,25.007197,0 92.402496,25.007324,0 92.402552,25.007447,0 92.402621,25.007564,0 92.402702,25.007675,0 92.402794,25.007777,0 92.402897,25.007871,0 92.403010,25.007956,0 92.403131,25.008029,0 92.403260,25.008092,0 92.403395,25.008143,0 92.403485,25.008168,0 92.403509,25.008176,0 92.403527,25.008203,0 92.403562,25.008263,0 92.403643,25.008373,0 92.403735,25.008476,0 92.403838,25.008570,0 92.403951,25.008654,0 92.404025,25.008699,0 92.404048,25.008714,0 92.404052,25.008719,0 92.404136,25.008812,0 92.404239,25.008906,0 92.404352,25.008991,0 92.404473,25.009064,0 92.404602,25.009127,0 92.404737,25.009178,0 92.404876,25.009217,0 92.405019,25.009243,0 92.405089,25.009249,0 92.405125,25.009254,0 92.405127,25.009286,0 92.405127,25.009758,0 92.405125,25.009790,0 92.405102,25.009798,0 92.405012,25.009823,0 92.404877,25.009873,0 92.404748,25.009936,0 92.404627,25.010010,0 92.404514,25.010094,0 92.404411,25.010188,0 92.404319,25.010291,0 92.404237,25.010402,0 92.404169,25.010519,0 92.404113,25.010642,0 92.404071,25.010769,0 92.404042,25.010899,0 92.404037,25.010928,0 92.404034,25.010941,0 92.404020,25.011074,0 92.404020,25.011207,0 92.404034,25.011339,0 92.404063,25.011469,0 92.404105,25.011597,0 92.404161,25.011719,0 92.404230,25.011837,0 92.404311,25.011947,0 92.404403,25.012050,0 92.404507,25.012144,0 92.404619,25.012228,0 92.404741,25.012302,0 92.404869,25.012365,0 92.405004,25.012416,0 92.405144,25.012454,0 92.405287,25.012480,0 92.405432,25.012493,0 92.405578,25.012493,0 92.405608,25.012490,0 92.405702,25.012486,0 92.406168,25.012486,0 92.406203,25.012488,0 92.406217,25.012539,0 92.406262,25.012671,0 92.406320,25.012798,0 92.406393,25.012919,0 92.406479,25.013033,0 92.406577,25.013138,0 92.406686,25.013234,0 92.406806,25.013319,0 92.406934,25.013392,0 92.407070,25.013453,0 92.407212,25.013501,0 92.407358,25.013536,0 92.407508,25.013557,0 92.407659,25.013564,0 92.407715,25.013564,0 92.407869,25.013557,0 92.408021,25.013535,0 92.408170,25.013499,0 92.408314,25.013449,0 92.408451,25.013386,0 92.408581,25.013311,0 92.408701,25.013223,0 92.408811,25.013125,0 92.408891,25.013036,0 92.408901,25.013026,0 92.408950,25.012985,0 92.409060,25.012885,0 92.409157,25.012775,0 92.409241,25.012657,0 92.409311,25.012531,0 92.409366,25.012399,0 92.409406,25.012262,0 92.409431,25.012123,0 92.409439,25.011982,0 92.409439,25.011441,0 92.409440,25.011410,0 92.409476,25.011405,0 92.409546,25.011399,0 92.409689,25.011373,0 92.409829,25.011334,0 92.409963,25.011283,0 92.410092,25.011220,0 92.410213,25.011147,0 92.410326,25.011062,0 92.410429,25.010968,0 92.410514,25.010875,0 92.410517,25.010871,0 92.410553,25.010869,0 92.411218,25.010869,0 92.411369,25.010862,0 92.411519,25.010841,0 92.411666,25.010806,0 92.411808,25.010758,0 92.411943,25.010697,0 92.412072,25.010624,0 92.412191,25.010539,0 92.412300,25.010443,0 92.412399,25.010338,0 92.412484,25.010224,0 92.412557,25.010103,0 92.412616,25.009976,0 92.412660,25.009844,0 92.412674,25.009792,0 92.412678,25.009787,0 92.412762,25.009695,0 92.412843,25.009584,0 92.412911,25.009466,0 92.412967,25.009344,0 92.413010,25.009216,0 92.413038,25.009086,0 92.413041,25.009062,0 92.413073,25.009092,0 92.413186,25.009176,0 92.413307,25.009250,0 92.413436,25.009313,0 92.413571,25.009364,0 92.413710,25.009402,0 92.413854,25.009428,0 92.413999,25.009441,0 92.414145,25.009441,0 92.414290,25.009428,0 92.414433,25.009402,0 92.414572,25.009364,0 92.414707,25.009313,0 92.414823,25.009257,0 92.414829,25.009254,0 92.414896,25.009245,0 92.415040,25.009219,0 92.415179,25.009180,0 92.415314,25.009129,0 92.415443,25.009067,0 92.415564,25.008993,0 92.415677,25.008908,0 92.415780,25.008814,0 92.415872,25.008712,0 92.415953,25.008601,0 92.416022,25.008484,0 92.416078,25.008361,0 92.416120,25.008234,0 92.416149,25.008104,0 92.416163,25.007971,0 92.416163,25.007838,0 92.416149,25.007706,0 92.416120,25.007576,0 92.416078,25.007448,0 92.416022,25.007326,0 92.415953,25.007208,0 92.415872,25.007098,0 92.415780,25.006995,0 92.415677,25.006901,0 92.415564,25.006817,0 92.415443,25.006743,0 92.415314,25.006680,0 92.415179,25.006629,0 92.415040,25.006591,0 92.414896,25.006565,0 92.414829,25.006556,0 92.414788,25.006538,0 92.414653,25.006487,0 92.414513,25.006448,0 92.414369,25.006422,0 92.414224,25.006409,0 92.414078,25.006410,0 92.413932,25.006423,0 92.413789,25.006449,0 92.413649,25.006488,0 92.413514,25.006539,0 92.413385,25.006602,0 92.413264,25.006676,0 92.413151,25.006761,0 92.413048,25.006856,0 92.412956,25.006959,0 92.412875,25.007070,0 92.412806,25.007187,0 92.412751,25.007311,0 92.412709,25.007438,0 92.412681,25.007569,0 92.412670,25.007638,0 92.412670,25.007638,0 92.412630,25.007759,0 92.412601,25.007890,0 92.412599,25.007914,0 92.412564,25.007883,0 92.412451,25.007798,0 92.412329,25.007725,0 92.412200,25.007662,0 92.412135,25.007634,0 92.412134,25.007602,0 92.412134,25.006557,0 92.412134,25.006557,0 92.412134,25.006458,0 92.412119,25.006325,0 92.412091,25.006195,0 92.412049,25.006068,0 92.411993,25.005945,0 92.411924,25.005828,0 92.411843,25.005717,0 92.411750,25.005615,0 92.411647,25.005521,0 92.411596,25.005479,0 92.411595,25.005446,0 92.411595,25.005188,0 92.411588,25.005057,0 92.411567,25.004928,0 92.411533,25.004802,0 92.411486,25.004679,0 92.411426,25.004560,0 92.411353,25.004448,0 92.411270,25.004342,0 92.411175,25.004244,0 92.411071,25.004155,0 92.410957,25.004076,0 92.410836,25.004007,0 92.410708,25.003948,0 92.410574,25.003901,0 92.410437,25.003867,0 92.410296,25.003844,0 92.410153,25.003834,0 92.410010,25.003836,0 92.409868,25.003851,0 92.409728,25.003878,0 92.409592,25.003918,0 92.409460,25.003969,0 92.409334,25.004031,0 92.409216,25.004104,0 92.409106,25.004187,0 92.409005,25.004280,0 92.408914,25.004381,0 92.408899,25.004400,0 92.408863,25.004401,0 92.408397,25.004401,0 92.408362,25.004400,0 92.408361,25.004368,0 92.408361,25.004367,0 92.408354,25.004241,0 92.408335,25.004117,0 92.408304,25.003995,0 92.408260,25.003876,0 92.408204,25.003761,0 92.408137,25.003651,0 92.408058,25.003548,0 92.407970,25.003452,0 92.407872,25.003363,0 92.407823,25.003322,0 92.407815,25.003314,0 92.407743,25.003234,0 92.407646,25.003144,0 92.407540,25.003063,0 92.407426,25.002991,0 92.407305,25.002929,0 92.407179,25.002878,0 92.407048,25.002837,0 92.406913,25.002808,0 92.406776,25.002790,0 92.406637,25.002784,0 92.406241,25.002784,0 92.406206,25.002783,0 92.406205,25.002751,0 92.406205,25.002750,0 92.406198,25.002624,0 92.406179,25.002500,0 92.406148,25.002378,0 92.406104,25.002259,0 92.406048,25.002144,0 92.405981,25.002035,0 92.405902,25.001931,0 92.405814,25.001835,0 92.405717,25.001746,0 92.405667,25.001705,0 92.405659,25.001697,0 92.405587,25.001617,0 92.405490,25.001527,0 92.405384,25.001446,0 92.405270,25.001374,0 92.405149,25.001312,0 92.405023,25.001261,0 92.404892,25.001220,0 92.404757,25.001191,0 92.404620,25.001173,0 92.404481,25.001167,0 92.403886,25.001167,0 92.403746,25.001173,0 92.403607,25.001192,0 92.403470,25.001222,0 92.403337,25.001263,0 92.403209,25.001316,0 92.403087,25.001380,0 92.402972,25.001454,0 92.402865,25.001538,0 92.402768,25.001630,0 92.402680,25.001730,0 92.402603,25.001838,0 92.402538,25.001951,0 92.402485,25.002070,0 92.402444,25.002193,0 92.402430,25.002244,0 92.402424,25.002246,0 92.402299,25.002281,0 92.402165,25.002332,0 92.402036,25.002394,0 92.401915,25.002468,0 92.401802,25.002552,0 92.401699,25.002646,0 92.401606,25.002749,0 92.401525,25.002860,0 92.401456,25.002977,0 92.401401,25.003100,0 92.401358,25.003227,0 92.401330,25.003357,0 92.401316,25.003490,0 92.401316,25.003623,0 92.401330,25.003755,0 92.401348,25.003840,0</coordinates></LinearRing></outerBoundaryIs></Polygon></MultiGeometry></Placemark>
<Placemark><name>TEA-C022 (104 ha)</name><description><![CDATA[<b>TEA-C022</b><br/>upazila: Kanaighat<br/>area: 104 ha<br/><hr/>Estates expected in this upazila:<br/>Loobacherra<br/><br/><b>Zoom in.</b> Tea shows regular planted rows, uniform canopy, pale service tracks in a grid, hard geometric edges. Natural forest is chaotic with ragged edges.<br/><br/>Record yes/no in sylhet_tea_candidates_review.csv]]></description><styleUrl>#cand</styleUrl><MultiGeometry><Polygon><outerBoundaryIs><LinearRing><coordinates>92.325894,25.041052,0 92.325876,25.041097,0 92.325834,25.041225,0 92.325805,25.041355,0 92.325791,25.041487,0 92.325791,25.041620,0 92.325805,25.041752,0 92.325834,25.041883,0 92.325876,25.042010,0 92.325932,25.042133,0 92.326000,25.042250,0 92.326082,25.042361,0 92.326174,25.042463,0 92.326277,25.042557,0 92.326390,25.042642,0 92.326433,25.042671,0 92.326441,25.042700,0 92.326456,25.042770,0 92.326498,25.042897,0 92.326554,25.043020,0 92.326623,25.043137,0 92.326704,25.043248,0 92.326797,25.043351,0 92.326900,25.043445,0 92.327013,25.043529,0 92.327134,25.043603,0 92.327263,25.043665,0 92.327398,25.043716,0 92.327487,25.043741,0 92.327511,25.043749,0 92.327512,25.043781,0 92.327512,25.044253,0 92.327511,25.044286,0 92.327510,25.044289,0 92.327470,25.044410,0 92.327441,25.044540,0 92.327427,25.044673,0 92.327427,25.044806,0 92.327441,25.044938,0 92.327470,25.045068,0 92.327512,25.045196,0 92.327568,25.045318,0 92.327637,25.045436,0 92.327718,25.045546,0 92.327810,25.045649,0 92.327913,25.045743,0 92.328026,25.045827,0 92.328147,25.045901,0 92.328276,25.045964,0 92.328411,25.046015,0 92.328551,25.046053,0 92.328694,25.046079,0 92.328839,25.046092,0 92.328985,25.046092,0 92.329130,25.046079,0 92.329273,25.046053,0 92.329413,25.046015,0 92.329548,25.045964,0 92.329662,25.045908,0 92.329669,25.045905,0 92.329706,25.045900,0 92.329775,25.045894,0 92.329918,25.045868,0 92.330058,25.045829,0 92.330193,25.045778,0 92.330322,25.045716,0 92.330443,25.045642,0 92.330556,25.045558,0 92.330659,25.045464,0 92.330743,25.045370,0 92.330747,25.045366,0 92.330784,25.045361,0 92.330853,25.045355,0 92.330996,25.045329,0 92.331136,25.045290,0 92.331271,25.045239,0 92.331400,25.045177,0 92.331521,25.045103,0 92.331634,25.045019,0 92.331737,25.044925,0 92.331821,25.044831,0 92.331825,25.044827,0 92.331848,25.044811,0 92.331922,25.044767,0 92.332035,25.044682,0 92.332138,25.044588,0 92.332230,25.044486,0 92.332311,25.044375,0 92.332346,25.044315,0 92.332365,25.044288,0 92.332387,25.044272,0 92.332461,25.044228,0 92.332574,25.044143,0 92.332677,25.044049,0 92.332769,25.043947,0 92.332850,25.043836,0 92.332885,25.043776,0 92.332903,25.043749,0 92.332939,25.043748,0 92.335561,25.043748,0 92.335596,25.043749,0 92.335614,25.043776,0 92.335649,25.043836,0 92.335730,25.043947,0 92.335823,25.044049,0 92.335926,25.044143,0 92.336039,25.044228,0 92.336112,25.044272,0 92.336135,25.044288,0 92.336139,25.044292,0 92.336223,25.044386,0 92.336327,25.044480,0 92.336439,25.044564,0 92.336561,25.044638,0 92.336689,25.044700,0 92.336824,25.044751,0 92.336964,25.044790,0 92.337107,25.044816,0 92.337252,25.044829,0 92.337273,25.044830,0 92.337301,25.044832,0 92.337447,25.044832,0 92.337592,25.044819,0 92.337735,25.044793,0 92.337875,25.044755,0 92.338010,25.044704,0 92.338138,25.044641,0 92.338260,25.044567,0 92.338372,25.044483,0 92.338476,25.044389,0 92.338568,25.044286,0 92.338649,25.044176,0 92.338718,25.044059,0 92.338774,25.043936,0 92.338816,25.043809,0 92.338833,25.043749,0 92.338868,25.043748,0 92.338993,25.043748,0 92.339144,25.043741,0 92.339294,25.043720,0 92.339441,25.043685,0 92.339583,25.043636,0 92.339719,25.043575,0 92.339847,25.043502,0 92.339966,25.043417,0 92.340076,25.043321,0 92.340174,25.043216,0 92.340260,25.043103,0 92.340332,25.042981,0 92.340391,25.042854,0 92.340435,25.042722,0 92.340450,25.042671,0 92.340472,25.042655,0 92.340546,25.042611,0 92.340658,25.042526,0 92.340762,25.042432,0 92.340854,25.042330,0 92.340935,25.042219,0 92.340970,25.042159,0 92.340988,25.042132,0 92.341025,25.042127,0 92.341094,25.042121,0 92.341237,25.042095,0 92.341377,25.042056,0 92.341512,25.042006,0 92.341640,25.041943,0 92.341762,25.041869,0 92.341875,25.041785,0 92.341978,25.041691,0 92.342062,25.041597,0 92.342066,25.041593,0 92.342116,25.041577,0 92.342162,25.041564,0 92.342302,25.041510,0 92.342435,25.041444,0 92.342560,25.041366,0 92.342675,25.041277,0 92.342780,25.041177,0 92.342873,25.041068,0 92.342954,25.040951,0 92.343021,25.040827,0 92.343074,25.040698,0 92.343112,25.040564,0 92.343135,25.040428,0 92.343143,25.040290,0 92.343143,25.039469,0 92.343145,25.039436,0 92.343155,25.039372,0 92.343169,25.039243,0 92.343170,25.039114,0 92.343157,25.038986,0 92.343131,25.038859,0 92.343091,25.038734,0 92.343039,25.038614,0 92.342974,25.038499,0 92.342898,25.038390,0 92.342810,25.038289,0 92.342713,25.038195,0 92.342606,25.038110,0 92.342490,25.038035,0 92.342367,25.037970,0 92.342238,25.037916,0 92.342104,25.037874,0 92.341966,25.037843,0 92.341826,25.037825,0 92.341684,25.037819,0 92.336173,25.037819,0 92.336079,25.037814,0 92.335937,25.037814,0 92.335796,25.037826,0 92.335657,25.037851,0 92.335521,25.037887,0 92.335390,25.037935,0 92.335264,25.037994,0 92.335145,25.038063,0 92.335033,25.038143,0 92.334931,25.038232,0 92.334838,25.038329,0 92.334756,25.038434,0 92.334685,25.038546,0 92.334626,25.038664,0 92.334580,25.038785,0 92.334546,25.038911,0 92.334526,25.039039,0 92.334519,25.039167,0 92.334519,25.039402,0 92.334517,25.039434,0 92.334483,25.039436,0 92.332939,25.039436,0 92.332903,25.039434,0 92.332896,25.039427,0 92.332824,25.039347,0 92.332727,25.039257,0 92.332620,25.039175,0 92.332507,25.039103,0 92.332386,25.039041,0 92.332259,25.038990,0 92.332128,25.038949,0 92.331993,25.038920,0 92.331856,25.038903,0 92.331717,25.038897,0 92.330853,25.038897,0 92.330715,25.038903,0 92.330578,25.038920,0 92.330443,25.038949,0 92.330311,25.038990,0 92.330185,25.039041,0 92.330064,25.039103,0 92.329950,25.039175,0 92.329844,25.039257,0 92.329747,25.039347,0 92.329675,25.039427,0 92.329667,25.039434,0 92.329632,25.039436,0 92.327619,25.039436,0 92.327481,25.039442,0 92.327344,25.039459,0 92.327209,25.039488,0 92.327077,25.039529,0 92.326951,25.039580,0 92.326830,25.039642,0 92.326716,25.039714,0 92.326610,25.039796,0 92.326513,25.039886,0 92.326441,25.039965,0 92.326433,25.039973,0 92.326384,25.040014,0 92.326286,25.040103,0 92.326198,25.040199,0 92.326120,25.040303,0 92.326052,25.040412,0 92.325996,25.040527,0 92.325953,25.040646,0 92.325921,25.040768,0 92.325902,25.040893,0 92.325895,25.041018,0 92.325895,25.041019,0 92.325894,25.041052,0</coordinates></LinearRing></outerBoundaryIs></Polygon></MultiGeometry></Placemark>
</Document></kml>