{
"type": "FeatureCollection",
"name": "sylhet_tea_estates",
"crs": { "type": "name", "properties": { "name": "urn:ogc:def:crs:OGC:1.3:CRS84" } },
"features": [
{ "type": "Feature", "properties": { "name": "tea1", "area_ha": 18.1, "provisional": false, "source": "hand-digitised, Google Earth Pro sub-metre imagery", "digitised": "2026-08-06" }, "geometry": { "type": "Polygon", "coordinates": [ [ [ 91.863985793228338, 24.938257416975819 ], [ 91.86395049986055, 24.93773772788262 ], [ 91.863737766102147, 24.937633274447901 ], [ 91.86378074958904, 24.937541615313179 ], [ 91.863807749832119, 24.937308022306599 ], [ 91.863785211960348, 24.93712251999106 ], [ 91.863715072382888, 24.93690657614852 ], [ 91.863525253522965, 24.936657099524499 ], [ 91.863248170780537, 24.936531529194191 ], [ 91.863157014129555, 24.936411774757389 ], [ 91.863113481971482, 24.93615945734253 ], [ 91.863120207684545, 24.93577644172473 ], [ 91.86309605357539, 24.935561705054511 ], [ 91.863229922507173, 24.935448338915709 ], [ 91.863427547613853, 24.935469478194999 ], [ 91.863648954771492, 24.93591957066462 ], [ 91.864068665349706, 24.936007104464021 ], [ 91.864420460761792, 24.93593319886514 ], [ 91.864856439138393, 24.936031433294289 ], [ 91.865089753199896, 24.93621832102972 ], [ 91.865487747595381, 24.936212036288449 ], [ 91.865708930092381, 24.93639436635274 ], [ 91.865913285607292, 24.936302518093129 ], [ 91.866086946158589, 24.93611438133685 ], [ 91.866098524453747, 24.935945960345929 ], [ 91.865895497872003, 24.935670960840088 ], [ 91.865591636846943, 24.93556162964784 ], [ 91.865221306498071, 24.935533976454192 ], [ 91.86496606540517, 24.93551318279334 ], [ 91.86484660111411, 24.935259698133891 ], [ 91.864793798171974, 24.935059468689889 ], [ 91.865066815654274, 24.934950519324619 ], [ 91.865322245417303, 24.93503791945691 ], [ 91.865600306212329, 24.93500801193807 ], [ 91.865857432922809, 24.93506526699549 ], [ 91.86587702494981, 24.935370643162479 ], [ 91.866030629990064, 24.935421090889889 ], [ 91.866211766039896, 24.935639048357 ], [ 91.866381259808279, 24.935676505254829 ], [ 91.866596700997562, 24.935819757465978 ], [ 91.866777449612997, 24.935910035787099 ], [ 91.866923360678271, 24.935921712569819 ], [ 91.867088000814192, 24.93610261916562 ], [ 91.867005071230636, 24.936466566698769 ], [ 91.866912144556395, 24.936696583529741 ], [ 91.866847442716832, 24.936922298292551 ], [ 91.866892739729295, 24.937122978771011 ], [ 91.867080589263267, 24.937162133839031 ], [ 91.866915222148137, 24.937366686503541 ], [ 91.866831791910229, 24.937507296138989 ], [ 91.866583754855895, 24.937239996379859 ], [ 91.866430670019682, 24.93704882431987 ], [ 91.8662730032448, 24.936964981186112 ], [ 91.865989410291448, 24.937004486984218 ], [ 91.865827403766048, 24.936911618695621 ], [ 91.865597057903827, 24.93702908771176 ], [ 91.865526558432364, 24.937221584638149 ], [ 91.865604039934851, 24.937433829648029 ], [ 91.865667236945001, 24.937607145335569 ], [ 91.865802859863535, 24.937761967289269 ], [ 91.865995387906651, 24.937864415037382 ], [ 91.866237592424284, 24.938017667511389 ], [ 91.866452521872532, 24.938104905806341 ], [ 91.866739089284408, 24.938164344925639 ], [ 91.86710913489209, 24.93820389149429 ], [ 91.867392139483528, 24.93808302913536 ], [ 91.867625173145413, 24.937784876370809 ], [ 91.867808102264661, 24.937617362469119 ], [ 91.868022891630716, 24.937291616004281 ], [ 91.868117028308248, 24.93719480527238 ], [ 91.868091495778557, 24.93701496214041 ], [ 91.867822226117596, 24.93702187583656 ], [ 91.867514156654934, 24.936944205491251 ], [ 91.867424440671485, 24.936823303090019 ], [ 91.867809235187778, 24.93682912112774 ], [ 91.86805147387102, 24.936855057566301 ], [ 91.868226690282469, 24.936834295949961 ], [ 91.868373175514421, 24.936934671254601 ], [ 91.868289375637104, 24.937219292043221 ], [ 91.868290128874378, 24.93734617034897 ], [ 91.868126345690712, 24.937500459490479 ], [ 91.868009205927393, 24.937771104494541 ], [ 91.868016824298522, 24.937969173029689 ], [ 91.868233791738703, 24.938042054018879 ], [ 91.868455192287072, 24.937895878329989 ], [ 91.868607916187159, 24.937820432006109 ], [ 91.868800541867287, 24.938015887611851 ], [ 91.868672949246815, 24.938282107650309 ], [ 91.868533425342065, 24.938421088295829 ], [ 91.868505752769508, 24.9385543853586 ], [ 91.868309516833136, 24.93868675995633 ], [ 91.867994743534823, 24.938736238047749 ], [ 91.86785787232094, 24.938945181603849 ], [ 91.867750588988926, 24.939144662563709 ], [ 91.86752984568588, 24.939267537708961 ], [ 91.867391970845546, 24.939497930520961 ], [ 91.867359221025325, 24.939664678634902 ], [ 91.866945756095234, 24.939752413790981 ], [ 91.867027893260655, 24.93952503460698 ], [ 91.866849906632069, 24.939288970648821 ], [ 91.866562484718955, 24.939275087890959 ], [ 91.866203072808318, 24.93924984614311 ], [ 91.865988763438708, 24.939232990497839 ], [ 91.865756429584323, 24.939263245690888 ], [ 91.865495807890326, 24.939121562761638 ], [ 91.865471162487651, 24.9394027787183 ], [ 91.865263700991832, 24.939464346686481 ], [ 91.865169328400171, 24.93955566372825 ], [ 91.865377625558054, 24.93965245797736 ], [ 91.865247633055688, 24.939809704862519 ], [ 91.865080880683664, 24.939886548428529 ], [ 91.865004883929089, 24.940065006645359 ], [ 91.864989363403268, 24.94022704103136 ], [ 91.864275376746988, 24.940279619438741 ], [ 91.864144517035044, 24.940524138379921 ], [ 91.864113534673081, 24.940670802396571 ], [ 91.863858198707234, 24.940818857737391 ], [ 91.863571576527079, 24.940837178503099 ], [ 91.863307638551973, 24.94091865247713 ], [ 91.863054159374315, 24.941122884209761 ], [ 91.862807330099059, 24.94127456493651 ], [ 91.862567626625918, 24.941386213504991 ], [ 91.862534937123201, 24.940909125361959 ], [ 91.863063104114545, 24.94063489462706 ], [ 91.863371922020235, 24.940198274656769 ], [ 91.863123217758925, 24.939802223940742 ], [ 91.862844583992313, 24.939650791908939 ], [ 91.862714889792926, 24.939399479473259 ], [ 91.86259241806745, 24.93911914643223 ], [ 91.862744514716283, 24.938759381051131 ], [ 91.862835831167487, 24.938545167914111 ], [ 91.863296372252151, 24.938616948845979 ], [ 91.863469584939622, 24.93880832545592 ], [ 91.863742973672643, 24.93887541282966 ], [ 91.864054551692504, 24.938519999143939 ], [ 91.863985793228338, 24.938257416975819 ] ] ] } },
{ "type": "Feature", "properties": { "name": "tea10", "area_ha": 1906.5, "provisional": true, "source": "hand-digitised, Google Earth Pro sub-metre imagery", "digitised": "2026-08-06" }, "geometry": { "type": "Polygon", "coordinates": [ [ [ 91.881880761825883, 24.931813467587599 ], [ 91.881286296098281, 24.930157789819759 ], [ 91.880638101432822, 24.927843302372899 ], [ 91.880192585408992, 24.927627206349239 ], [ 91.878704695521691, 24.925623375810328 ], [ 91.878390270255352, 24.925268653612001 ], [ 91.878368785131187, 24.922635661169071 ], [ 91.87828072160076, 24.922181836471811 ], [ 91.878640930280156, 24.9196183931966 ], [ 91.880049485129078, 24.917184546466579 ], [ 91.881278036737484, 24.91728273959701 ], [ 91.881803335037944, 24.916175618050129 ], [ 91.882209533145257, 24.915294324536969 ], [ 91.882343701560515, 24.915003328597429 ], [ 91.883611586191194, 24.914345201828532 ], [ 91.883998234186052, 24.914231358705241 ], [ 91.884388981368673, 24.914107651111468 ], [ 91.884375777583685, 24.914172223972749 ], [ 91.8850799021168, 24.914066408440689 ], [ 91.885267662720111, 24.914056192632451 ], [ 91.885634711346086, 24.91494635109418 ], [ 91.885683728834707, 24.915011835782469 ], [ 91.885844183660453, 24.915469624521009 ], [ 91.886499012971143, 24.915827905366658 ], [ 91.886617641864618, 24.915841300776641 ], [ 91.886766965666865, 24.916006463942079 ], [ 91.887990163574941, 24.91715838655362 ], [ 91.8881239013472, 24.917136805518201 ], [ 91.889405001453682, 24.917325047942231 ], [ 91.889673732126468, 24.91727559381059 ], [ 91.890618961695168, 24.917543697107028 ], [ 91.890665070866575, 24.917635169077599 ], [ 91.891733129804066, 24.91813783605723 ], [ 91.89186014496741, 24.91813784408852 ], [ 91.892154473149802, 24.918295272654699 ], [ 91.892919126545721, 24.917942952062841 ], [ 91.894075176026305, 24.916738851614049 ], [ 91.895178224718052, 24.916840947240772 ], [ 91.895261444690675, 24.91779065920986 ], [ 91.896200831905929, 24.918525052442138 ], [ 91.896303855727567, 24.918759588058411 ], [ 91.896895426759016, 24.919236190022328 ], [ 91.896923701706754, 24.91961864159601 ], [ 91.896749426146044, 24.92148306280059 ], [ 91.895914763606243, 24.923430058996249 ], [ 91.896273924457063, 24.923766264186039 ], [ 91.896898432309698, 24.92417807177797 ], [ 91.896662446262042, 24.92457410918708 ], [ 91.895915436901674, 24.92605943869426 ], [ 91.896046056484053, 24.926172676136751 ], [ 91.896562686122564, 24.926507037581629 ], [ 91.89767217387012, 24.92702428548667 ], [ 91.89774157596851, 24.927021069655272 ], [ 91.899436981332528, 24.926508750535721 ], [ 91.899635012284165, 24.926569152581209 ], [ 91.901149040733813, 24.92633415175526 ], [ 91.901353661643952, 24.926340614684332 ], [ 91.902008635253097, 24.925625000172801 ], [ 91.902050725321288, 24.92452135888826 ], [ 91.902066673366534, 24.924213061590631 ], [ 91.901787985808269, 24.92314766103976 ], [ 91.901663781981, 24.922977383650061 ], [ 91.900857022003976, 24.92184886637266 ], [ 91.901241863565247, 24.920879844022469 ], [ 91.90249770869768, 24.920365716637939 ], [ 91.90262524605636, 24.920390574249069 ], [ 91.903519160162219, 24.920712808570791 ], [ 91.903714346356708, 24.920710438657899 ], [ 91.904045188629567, 24.920600269902611 ], [ 91.903405719290205, 24.92224505827501 ], [ 91.903613091189328, 24.92411473855822 ], [ 91.903609379683388, 24.9242187771987 ], [ 91.905091549119419, 24.923869057675351 ], [ 91.905359258791691, 24.923860131086951 ], [ 91.906830701555165, 24.923346370381122 ], [ 91.908751994038823, 24.92276795865957 ], [ 91.910133775503795, 24.922495708693909 ], [ 91.91125978393022, 24.922541434903049 ], [ 91.911523161125984, 24.922530275469779 ], [ 91.912067145708335, 24.9228616889744 ], [ 91.912144997848188, 24.923108873965251 ], [ 91.912965265439155, 24.923490369579721 ], [ 91.91330184192455, 24.923560246339619 ], [ 91.914094665702905, 24.923583995039891 ], [ 91.914713948725407, 24.922878880584189 ], [ 91.914749857292207, 24.921475411439371 ], [ 91.91669079491767, 24.921158429105411 ], [ 91.918719648647652, 24.92122711023357 ], [ 91.919741069903068, 24.922128915962841 ], [ 91.922396407493437, 24.92518643459389 ], [ 91.927440536251197, 24.925022180629121 ], [ 91.930048160083288, 24.921169882047629 ], [ 91.930286947201694, 24.92111933771649 ], [ 91.931467721306191, 24.921139661320218 ], [ 91.931604403139872, 24.921800461519791 ], [ 91.931644234272184, 24.922008897542469 ], [ 91.931763139860124, 24.92344619892069 ], [ 91.931132078738287, 24.925296132656641 ], [ 91.931140086545938, 24.925685764832689 ], [ 91.932096164735597, 24.927173827939619 ], [ 91.93233249654385, 24.927286937793689 ], [ 91.933721800681738, 24.927637302526751 ], [ 91.933189858082642, 24.928927383025531 ], [ 91.933210048257095, 24.92931148933366 ], [ 91.933498779909215, 24.930302170140251 ], [ 91.935176292072867, 24.930677239936959 ], [ 91.93544516779987, 24.930644621397001 ], [ 91.936162087616268, 24.93139116347507 ], [ 91.936270934296331, 24.931560665519179 ], [ 91.936517598034172, 24.932630264151069 ], [ 91.935885922158633, 24.933305028395559 ], [ 91.935917198178728, 24.93342080428847 ], [ 91.9343485044527, 24.93446356769244 ], [ 91.933972754628243, 24.93443878761321 ], [ 91.933833161617571, 24.934773761747689 ], [ 91.933338349948613, 24.936882432554579 ], [ 91.934594523522406, 24.938542511296468 ], [ 91.934713225535873, 24.93874586454044 ], [ 91.935897938239492, 24.93900480640097 ], [ 91.936206950387444, 24.939017334302761 ], [ 91.937244487635283, 24.93823195736914 ], [ 91.937313965067247, 24.937591609189489 ], [ 91.938560454729327, 24.936828190451131 ], [ 91.938594518386509, 24.939189266880291 ], [ 91.939269463909255, 24.939262804673849 ], [ 91.940665189643852, 24.940308227611538 ], [ 91.941799300131962, 24.940528873683839 ], [ 91.941907516296752, 24.939786943733591 ], [ 91.94194791324054, 24.93941468634404 ], [ 91.94212395881155, 24.93847346218158 ], [ 91.942250445116983, 24.93813364273883 ], [ 91.942495007777183, 24.93621647597158 ], [ 91.942534620991168, 24.935825712695749 ], [ 91.942591181053047, 24.9347364424146 ], [ 91.943519493451319, 24.934201286779171 ], [ 91.943709999286497, 24.934149133383709 ], [ 91.944347530317671, 24.93250962022217 ], [ 91.943105385852306, 24.931867029794969 ], [ 91.942030763495239, 24.93077961354922 ], [ 91.941344128299349, 24.929443782881592 ], [ 91.941986541496377, 24.92703273088739 ], [ 91.942088744195928, 24.9271319915559 ], [ 91.942805622431621, 24.928969898240151 ], [ 91.94282741987567, 24.929050092821861 ], [ 91.943036251515366, 24.92954590381969 ], [ 91.945229705377827, 24.93224361700581 ], [ 91.947253970676059, 24.93101095665557 ], [ 91.947749091871771, 24.93120497278284 ], [ 91.947818845934421, 24.931202664903399 ], [ 91.949419342985237, 24.931038531136871 ], [ 91.949769766752794, 24.930925897051559 ], [ 91.9501014992954, 24.93112670529074 ], [ 91.951289846090006, 24.932908371578161 ], [ 91.952891002349986, 24.936005282006612 ], [ 91.952835455902459, 24.937572561461391 ], [ 91.9526549160434, 24.937780086507161 ], [ 91.950901526478049, 24.93980104888217 ], [ 91.950777167495858, 24.939895133958959 ], [ 91.949791839434127, 24.94158327922667 ], [ 91.947623362808812, 24.9418163500821 ], [ 91.947693298584824, 24.94343310146326 ], [ 91.947731478334191, 24.9435525794527 ], [ 91.949082211447902, 24.946356791328189 ], [ 91.950361508898766, 24.948529970450281 ], [ 91.950421498411885, 24.94874307272757 ], [ 91.949688913433235, 24.948846218783491 ], [ 91.949416199675056, 24.948997167752761 ], [ 91.947906843559011, 24.948201216770251 ], [ 91.94557226884362, 24.945104008435479 ], [ 91.944701266561765, 24.943979766570909 ], [ 91.944217971869463, 24.943652360926439 ], [ 91.944037470114992, 24.943556669570839 ], [ 91.943068866861267, 24.943242764704149 ], [ 91.942913724470571, 24.943246536095341 ], [ 91.942173033737916, 24.943171230754889 ], [ 91.942002328320271, 24.94314090666623 ], [ 91.940103622791312, 24.943050074035678 ], [ 91.939598298825842, 24.943149542482011 ], [ 91.939326907859297, 24.94329681276518 ], [ 91.937489866549782, 24.943509767233799 ], [ 91.937248362866086, 24.94349563229585 ], [ 91.936515726137969, 24.942789431821279 ], [ 91.936051499132574, 24.942753804930909 ], [ 91.935106735252688, 24.942287350519631 ], [ 91.934542727432557, 24.941883793794311 ], [ 91.933121146655978, 24.940378419418671 ], [ 91.932884334880157, 24.94035914922511 ], [ 91.931917133775983, 24.940080515022292 ], [ 91.93169909456617, 24.940113510948141 ], [ 91.931492034218593, 24.94018145842859 ], [ 91.929877787114037, 24.939354747649979 ], [ 91.92963843935739, 24.939273098609661 ], [ 91.927847201645193, 24.93810321547074 ], [ 91.92723258291312, 24.936162489304621 ], [ 91.926628431954668, 24.935114780625359 ], [ 91.924317937758502, 24.93398990658137 ], [ 91.922842962888978, 24.933873446422339 ], [ 91.922407774429431, 24.93388095530727 ], [ 91.922205472891505, 24.933995926079579 ], [ 91.920974726236793, 24.934082345384731 ], [ 91.920606450635745, 24.934065392279869 ], [ 91.920458602554874, 24.934055699127729 ], [ 91.920184597944314, 24.934234891390599 ], [ 91.918588707132344, 24.934386862912149 ], [ 91.918072942660814, 24.934363098000919 ], [ 91.917716500967799, 24.934419179960539 ], [ 91.917584428841252, 24.934553255258638 ], [ 91.916767234972113, 24.93529716298265 ], [ 91.916397414184445, 24.93528721961755 ], [ 91.91527550120928, 24.93635363527326 ], [ 91.915230384267574, 24.93668910378705 ], [ 91.914264028421115, 24.936845853742419 ], [ 91.914160911363666, 24.937475328380849 ], [ 91.913228794069155, 24.93856533039877 ], [ 91.91327784822073, 24.939402418598149 ], [ 91.913748107619753, 24.941078278312709 ], [ 91.913846656217714, 24.941403422805688 ], [ 91.914215508018103, 24.943942690502961 ], [ 91.913289581248165, 24.947610877884191 ], [ 91.913294238711615, 24.947720113573741 ], [ 91.914493839326539, 24.948895559197311 ], [ 91.916324485258826, 24.948134589625131 ], [ 91.917867951565228, 24.948207073549661 ], [ 91.919578684161735, 24.948264243366829 ], [ 91.921456146345008, 24.94809409518416 ], [ 91.92334709533452, 24.946942096505829 ], [ 91.922950659385336, 24.948955856295079 ], [ 91.924315215538329, 24.951408440685679 ], [ 91.92623092521869, 24.952799847947901 ], [ 91.928390588767726, 24.95263792593633 ], [ 91.92855439247333, 24.952621630879861 ], [ 91.930680178271643, 24.95271391845208 ], [ 91.934861582344467, 24.954576400077791 ], [ 91.935728790241001, 24.95667652087149 ], [ 91.935833720898529, 24.957161892811769 ], [ 91.938314653236858, 24.958441730922249 ], [ 91.940566698205643, 24.958907011902181 ], [ 91.940812976566306, 24.958624662210241 ], [ 91.943201982304586, 24.957326881437261 ], [ 91.943416745803972, 24.95742759681335 ], [ 91.94692231627667, 24.957489368501061 ], [ 91.94959155099717, 24.95724710951621 ], [ 91.953605065180966, 24.959405180960271 ], [ 91.95373337018475, 24.96248375753386 ], [ 91.95382557600405, 24.962488150085271 ], [ 91.955622874124941, 24.967219984030969 ], [ 91.951468223704126, 24.968375845152931 ], [ 91.951121649680715, 24.96843991748592 ], [ 91.948317284898209, 24.969146406975021 ], [ 91.947892534467144, 24.969084205494099 ], [ 91.947717463300293, 24.96911686010278 ], [ 91.945881918828803, 24.970331095342921 ], [ 91.945629370659461, 24.970474441581079 ], [ 91.943310779060582, 24.97152736453214 ], [ 91.94296095455131, 24.971679742294459 ], [ 91.942634408532115, 24.971564565139019 ], [ 91.941180557168948, 24.973750597153821 ], [ 91.941019962130994, 24.973913771365929 ], [ 91.939942780752816, 24.97715004550507 ], [ 91.938426023922531, 24.97750765789943 ], [ 91.937253787452789, 24.977575263811492 ], [ 91.936464453926092, 24.975950645542628 ], [ 91.935043193227202, 24.974548533162409 ], [ 91.934462208526298, 24.974006831275439 ], [ 91.933256387878799, 24.972594115019682 ], [ 91.931912282390925, 24.970823580438491 ], [ 91.928701979859568, 24.97050299430779 ], [ 91.925971029709785, 24.969084245541211 ], [ 91.923230116343234, 24.968897693847989 ], [ 91.921677520528036, 24.968457134768251 ], [ 91.922888450888337, 24.965636813237641 ], [ 91.918648359170604, 24.96444526256295 ], [ 91.9173931661241, 24.963373564782259 ], [ 91.915745534033789, 24.96158218689321 ], [ 91.921349505418604, 24.962143118943779 ], [ 91.920152367471388, 24.95875572225161 ], [ 91.91871600736529, 24.95634174420147 ], [ 91.918447702565757, 24.956219480635809 ], [ 91.915747472955005, 24.955785230335771 ], [ 91.913021839590485, 24.956582021993921 ], [ 91.911721067366031, 24.95656697030288 ], [ 91.911458322624384, 24.956512537537449 ], [ 91.910235847252977, 24.956024196904959 ], [ 91.909538317609801, 24.955627944907999 ], [ 91.909275273773815, 24.955341657518321 ], [ 91.909009169465577, 24.9548293319436 ], [ 91.907887001152631, 24.95333781225105 ], [ 91.907802259886111, 24.953332716772991 ], [ 91.907625971180877, 24.9519091181037 ], [ 91.907779736770209, 24.949792139053951 ], [ 91.908761865470339, 24.948958440855449 ], [ 91.907683134727051, 24.94692021280575 ], [ 91.905988409187628, 24.946838426549949 ], [ 91.905282951851717, 24.945232829502459 ], [ 91.905206601204711, 24.945030523071111 ], [ 91.904902704344082, 24.94415755888328 ], [ 91.904669904444447, 24.94392209569158 ], [ 91.904622565790845, 24.942199950000429 ], [ 91.904629092716249, 24.94185255892512 ], [ 91.904801389919555, 24.940856404948061 ], [ 91.905670665686998, 24.938786458508289 ], [ 91.906509942654523, 24.93739977418732 ], [ 91.905626614739262, 24.936020710865279 ], [ 91.90414441460004, 24.936168003223429 ], [ 91.903693145005988, 24.936316490908968 ], [ 91.902569898599182, 24.936471020792219 ], [ 91.900515469094827, 24.937235215671819 ], [ 91.899367333222685, 24.937593523195769 ], [ 91.898175405872109, 24.938657214105529 ], [ 91.897367797753688, 24.940212042083701 ], [ 91.897416702559539, 24.941542711000739 ], [ 91.897952277394339, 24.942774460262299 ], [ 91.89831107897615, 24.944619884959931 ], [ 91.89853809743181, 24.947195373235949 ], [ 91.897568567820699, 24.948366256165251 ], [ 91.895465533892022, 24.948174431844858 ], [ 91.893190501479481, 24.94635391318543 ], [ 91.893374701630449, 24.944571856401382 ], [ 91.893573094305225, 24.94129012767565 ], [ 91.893470325178455, 24.94077300444399 ], [ 91.891947223390957, 24.939976632502049 ], [ 91.891723001941514, 24.937073310975151 ], [ 91.893323176243584, 24.936085771895812 ], [ 91.896316000448635, 24.935554798896781 ], [ 91.894848113040581, 24.934090757800721 ], [ 91.891449382194295, 24.93263001393154 ], [ 91.88771559090155, 24.93201126413334 ], [ 91.883568962110019, 24.932992898696 ], [ 91.881880761825883, 24.931813467587599 ] ] ] } },
{ "type": "Feature", "properties": { "name": "tea11", "area_ha": 721.4, "provisional": false, "source": "hand-digitised, Google Earth Pro sub-metre imagery", "digitised": "2026-08-06" }, "geometry": { "type": "Polygon", "coordinates": [ [ [ 91.976524292578105, 24.969063387544999 ], [ 91.97743851834764, 24.969370099830378 ], [ 91.979572341662873, 24.969285063737789 ], [ 91.98196657450255, 24.969313230353769 ], [ 91.982414156693693, 24.969323365015359 ], [ 91.985033707676948, 24.96837540795514 ], [ 91.985953296913465, 24.96625543748171 ], [ 91.985974083613826, 24.966038943896489 ], [ 91.986814616394, 24.965759752964559 ], [ 91.987592584984029, 24.96489456552122 ], [ 91.987836130767164, 24.964649915083861 ], [ 91.989211921242713, 24.96273405765147 ], [ 91.988173126052175, 24.961962635487989 ], [ 91.986788545253276, 24.960749144598211 ], [ 91.985367234719007, 24.960078049581082 ], [ 91.984809222712968, 24.958674744307459 ], [ 91.983339813853817, 24.957337197289799 ], [ 91.981363011944893, 24.95600275861031 ], [ 91.983562541622291, 24.955343279067229 ], [ 91.983607211124507, 24.956210387146431 ], [ 91.986107807616889, 24.957371468252781 ], [ 91.98775419276663, 24.956325660613491 ], [ 91.988025572117735, 24.9563207339576 ], [ 91.98836771261827, 24.95630341471254 ], [ 91.989340175303241, 24.95667527256326 ], [ 91.989316037480023, 24.95689978711561 ], [ 91.989199285657421, 24.957801306208729 ], [ 91.989363623356553, 24.95919285149095 ], [ 91.989421502932473, 24.959284174115439 ], [ 91.989487098653527, 24.959902043476319 ], [ 91.991116880234145, 24.960315202821629 ], [ 91.991257730263627, 24.96030904276515 ], [ 91.991507694287264, 24.96063209423253 ], [ 91.99189785008997, 24.960116347275921 ], [ 91.991967898085051, 24.959406157683201 ], [ 91.991797051789462, 24.95904362471191 ], [ 91.991755785756993, 24.958773900889788 ], [ 91.992865466965398, 24.956597723002201 ], [ 91.994029324482639, 24.957382518078319 ], [ 91.994097303428475, 24.957382610563741 ], [ 91.996427115736907, 24.95795612574819 ], [ 91.99654549632352, 24.959329990726069 ], [ 91.995867742013644, 24.960144731354671 ], [ 91.995855486510038, 24.960327704992249 ], [ 91.995811744270327, 24.960977014883799 ], [ 91.995883055177302, 24.962104279005992 ], [ 91.995825966660391, 24.9629665193638 ], [ 91.996338578369262, 24.963880024088141 ], [ 91.996392923654383, 24.964171074640131 ], [ 91.998048050614074, 24.964200515986288 ], [ 91.998182966016273, 24.96439988736368 ], [ 91.999093700842593, 24.96511367079745 ], [ 91.999166267052715, 24.965114986232699 ], [ 92.001138497133724, 24.96470669370531 ], [ 92.001357418410393, 24.96461001069272 ], [ 92.001598477603039, 24.96322988029015 ], [ 92.001602341702281, 24.963026644447851 ], [ 92.002203033293142, 24.961102147200329 ], [ 92.002902640274129, 24.96116794343758 ], [ 92.003112700818406, 24.961228695814309 ], [ 92.003463237024917, 24.96151907563722 ], [ 92.005020884104795, 24.962188647438271 ], [ 92.005739091276283, 24.962719581390669 ], [ 92.006026734783859, 24.962889482346569 ], [ 92.007108985505226, 24.963545290133371 ], [ 92.0072606988264, 24.96384288013029 ], [ 92.008043806340197, 24.965559494079859 ], [ 92.009522527202591, 24.96449535722747 ], [ 92.009594668904256, 24.964494406548301 ], [ 92.011100627908945, 24.96435010955901 ], [ 92.011478375568345, 24.96458929934337 ], [ 92.012944713975841, 24.964785693337511 ], [ 92.012989413493841, 24.9653866578569 ], [ 92.012920839607204, 24.966607205566142 ], [ 92.014128029075749, 24.967782907076579 ], [ 92.014919798037297, 24.967538922807261 ], [ 92.015268497080342, 24.967410011451921 ], [ 92.015698055415967, 24.967330190940739 ], [ 92.016954738427458, 24.967157056596189 ], [ 92.017168680318818, 24.968449988118021 ], [ 92.017180717741923, 24.968560890216398 ], [ 92.018469442308017, 24.970705159843689 ], [ 92.018938839660763, 24.97017140975565 ], [ 92.02079434169822, 24.969519858762311 ], [ 92.021720650240979, 24.969714209704271 ], [ 92.021885470515315, 24.969818563159631 ], [ 92.023473328666043, 24.97087494550339 ], [ 92.023701241722037, 24.972392681056849 ], [ 92.023191687734951, 24.973086425260391 ], [ 92.02298919254865, 24.974904946338821 ], [ 92.023106683777002, 24.975209184573309 ], [ 92.023950894147404, 24.976695579437148 ], [ 92.024228757614964, 24.978486230654671 ], [ 92.024172561655121, 24.979731218795578 ], [ 92.023211880119987, 24.980985319756741 ], [ 92.022507853388035, 24.981857106716539 ], [ 92.021861969833637, 24.981915513636601 ], [ 92.021301608493957, 24.981394424013541 ], [ 92.019987908362026, 24.980510626130059 ], [ 92.019238100559861, 24.981075073037179 ], [ 92.01833848387912, 24.983516372617181 ], [ 92.018088059207798, 24.983516168369171 ], [ 92.017312627174732, 24.983258444789609 ], [ 92.016448342892829, 24.981122251638649 ], [ 92.01636376383351, 24.981105775301639 ], [ 92.015226042649175, 24.98123229530783 ], [ 92.014984709274728, 24.981268936052391 ], [ 92.01457849858248, 24.981303725872319 ], [ 92.013665950587708, 24.981178577113969 ], [ 92.013536961486395, 24.979378612748331 ], [ 92.013535661287648, 24.978242070839869 ], [ 92.013416382858196, 24.976661742183051 ], [ 92.012917657971357, 24.975149905103571 ], [ 92.011203325328594, 24.975374754631918 ], [ 92.010818322722443, 24.975512434035942 ], [ 92.009735468928127, 24.975858278455149 ], [ 92.009270431765074, 24.976081291377639 ], [ 92.008409474874057, 24.976332032762699 ], [ 92.007092456364163, 24.977557303860038 ], [ 92.006397864286271, 24.97895292790199 ], [ 92.005193962425352, 24.979766897388899 ], [ 92.003813138661741, 24.979807002734081 ], [ 92.002350903641585, 24.979723440793141 ], [ 92.001310678026186, 24.97885600124383 ], [ 92.001232180720606, 24.97873622817583 ], [ 92.000139748866957, 24.977528295335041 ], [ 91.998900647639772, 24.976370804749489 ], [ 91.998466487957046, 24.975379724329361 ], [ 91.997500233066944, 24.974160516410411 ], [ 91.996087412839088, 24.973199221161721 ], [ 91.995937028011227, 24.97315851323108 ], [ 91.993308148438274, 24.972989397612551 ], [ 91.991768276980849, 24.972954761540581 ], [ 91.99169110514049, 24.972954377645031 ], [ 91.990191024898067, 24.97246925816825 ], [ 91.988446705253338, 24.97224593533095 ], [ 91.987087071281096, 24.972673409928291 ], [ 91.985983830802724, 24.971747225760449 ], [ 91.984473701019581, 24.97264004899753 ], [ 91.980786482984755, 24.972548920188931 ], [ 91.979907694578671, 24.974056559335018 ], [ 91.978769386067867, 24.9739158457568 ], [ 91.978403239127104, 24.97375046648051 ], [ 91.978058448816029, 24.973476210912501 ], [ 91.977063121182923, 24.97338884003263 ], [ 91.976855337686828, 24.973270599049911 ], [ 91.976470821227039, 24.97326211659319 ], [ 91.973840726798869, 24.97427615225897 ], [ 91.972671069630877, 24.975931348585689 ], [ 91.970924515101629, 24.977252382726721 ], [ 91.969622767308039, 24.97735616492843 ], [ 91.969297362209531, 24.9773704517029 ], [ 91.967281196822242, 24.97833446533598 ], [ 91.965079974419254, 24.97897810514651 ], [ 91.964234465791904, 24.977992411537109 ], [ 91.965513731364936, 24.975993352364991 ], [ 91.965241895052955, 24.974587415837899 ], [ 91.96377809349454, 24.974245216350251 ], [ 91.962411162289797, 24.973119364133911 ], [ 91.963081664738439, 24.971046814911968 ], [ 91.964544220073009, 24.969336688367289 ], [ 91.966942467549089, 24.968589540417572 ], [ 91.9699254386463, 24.968259295603261 ], [ 91.972394138786782, 24.967860873795889 ], [ 91.974968485644951, 24.96836720314332 ], [ 91.978161951383598, 24.968405633018548 ], [ 91.976524292578105, 24.969063387544999 ] ] ] } },
{ "type": "Feature", "properties": { "name": "tea12", "area_ha": 27.0, "provisional": false, "source": "hand-digitised, Google Earth Pro sub-metre imagery", "digitised": "2026-08-06" }, "geometry": { "type": "Polygon", "coordinates": [ [ [ 91.878486615503562, 24.945820850470639 ], [ 91.878465805040406, 24.945759046087911 ], [ 91.87850978429897, 24.944929161716491 ], [ 91.878531357934122, 24.944752161027591 ], [ 91.878569964112543, 24.94465529705122 ], [ 91.878615414240315, 24.944535320023959 ], [ 91.878660934998479, 24.944432882168979 ], [ 91.878683193527507, 24.944401728697731 ], [ 91.878695046695313, 24.94437104121867 ], [ 91.878697833114487, 24.944337694421449 ], [ 91.878975229518971, 24.944068266031341 ], [ 91.879028045297531, 24.944042362879891 ], [ 91.879072525985379, 24.94401188738231 ], [ 91.879277345256924, 24.94400310014511 ], [ 91.879376356850088, 24.944008047033542 ], [ 91.879416768668619, 24.944007901946129 ], [ 91.879738714959998, 24.94369952557231 ], [ 91.879816937871993, 24.943670724712231 ], [ 91.880139226881624, 24.94360477466191 ], [ 91.880176339849442, 24.943605807463861 ], [ 91.88026872226672, 24.943608030038149 ], [ 91.880341792076209, 24.943629897302461 ], [ 91.880369472508434, 24.943637408786611 ], [ 91.880443067767118, 24.94367247336443 ], [ 91.880498161728838, 24.943710095204779 ], [ 91.880906694128271, 24.943594186515782 ], [ 91.880990254068749, 24.94354102828105 ], [ 91.881013026538426, 24.943503807546289 ], [ 91.881315746242251, 24.943088687104531 ], [ 91.881367578903735, 24.943021747918468 ], [ 91.88139674417377, 24.94301060281078 ], [ 91.881637943060227, 24.942923626393039 ], [ 91.881704707809035, 24.942916539223091 ], [ 91.881742660418453, 24.942920151526849 ], [ 91.881790111364509, 24.942922569393289 ], [ 91.882102422364525, 24.94288447971384 ], [ 91.882111839634291, 24.942883600374529 ], [ 91.88215877076172, 24.94289413733182 ], [ 91.882308784806867, 24.942920733061332 ], [ 91.882674670452332, 24.942980673207181 ], [ 91.882712376979427, 24.94299103641734 ], [ 91.882769041108418, 24.943010472264369 ], [ 91.88280730847768, 24.943049209703808 ], [ 91.88308313336006, 24.943137377611801 ], [ 91.883111582558101, 24.943144620254749 ], [ 91.883413376847216, 24.943182467412338 ], [ 91.883460648313317, 24.943182553387551 ], [ 91.883508828637645, 24.943195477853891 ], [ 91.883558188165551, 24.943222233675339 ], [ 91.883906645764483, 24.943503340861181 ], [ 91.883926231552365, 24.94350359227316 ], [ 91.883976227222291, 24.943515996098721 ], [ 91.884181410597222, 24.943541493736038 ], [ 91.884221344068592, 24.943558249174199 ], [ 91.884536296792533, 24.9436573160785 ], [ 91.884567514191758, 24.943670877842141 ], [ 91.884619192684241, 24.943743710758799 ], [ 91.884881030234794, 24.944190974896379 ], [ 91.884906228382405, 24.944235255378288 ], [ 91.885059161589382, 24.944481689461892 ], [ 91.885069066244043, 24.944480479368629 ], [ 91.885269032385764, 24.944947269912539 ], [ 91.88534738878262, 24.945532790650152 ], [ 91.885168299630635, 24.946250968701928 ], [ 91.885133484446897, 24.946330362913422 ], [ 91.885124004707421, 24.946345478718921 ], [ 91.884715383969137, 24.946828195271781 ], [ 91.884654193650604, 24.946818418482639 ], [ 91.884344339379325, 24.947366374191319 ], [ 91.883511684958108, 24.947533282999601 ], [ 91.882215157698155, 24.947365398123779 ], [ 91.881443723329497, 24.947114213231671 ], [ 91.880511087194776, 24.947253846256299 ], [ 91.879303656344504, 24.94697677039116 ], [ 91.878486615503562, 24.945820850470639 ] ] ] } },
{ "type": "Feature", "properties": { "name": "tea2", "area_ha": 11.6, "provisional": false, "source": "hand-digitised, Google Earth Pro sub-metre imagery", "digitised": "2026-08-06" }, "geometry": { "type": "Polygon", "coordinates": [ [ [ 91.863828275205037, 24.935274663415161 ], [ 91.863655086115244, 24.93534037544741 ], [ 91.863556346807002, 24.935375225413129 ], [ 91.86342116041908, 24.935428423272519 ], [ 91.863197432573457, 24.935442302812628 ], [ 91.862985650972291, 24.93540310316174 ], [ 91.862911128486303, 24.935299582300871 ], [ 91.862285163909448, 24.93523797960988 ], [ 91.862260536408016, 24.935238404388681 ], [ 91.862186362014228, 24.935241068924839 ], [ 91.862061095205547, 24.935294129605431 ], [ 91.861883583160164, 24.935312897014541 ], [ 91.861707096363617, 24.935440450506899 ], [ 91.86172931700095, 24.93554548949032 ], [ 91.861763809123119, 24.935641354643721 ], [ 91.861955237457494, 24.935697146930231 ], [ 91.86196833206526, 24.935694110352269 ], [ 91.86217119649919, 24.93566939915755 ], [ 91.862332742382094, 24.935755949065879 ], [ 91.862205763173861, 24.936386552041419 ], [ 91.8622066937819, 24.936520756083478 ], [ 91.862113389151361, 24.93665207081342 ], [ 91.862100124895548, 24.936666812113572 ], [ 91.861875394849051, 24.93679105835178 ], [ 91.861782910055155, 24.93689342569207 ], [ 91.861769035067823, 24.936931535135951 ], [ 91.861649847040496, 24.937047320314321 ], [ 91.86163393062148, 24.93718263554485 ], [ 91.861831958550013, 24.937550846569049 ], [ 91.861973461193372, 24.937616094234851 ], [ 91.861999506170349, 24.937615985832249 ], [ 91.862129199608418, 24.937675479431888 ], [ 91.862337955639887, 24.937626329914959 ], [ 91.862507953156467, 24.93754690964461 ], [ 91.862664593948878, 24.937427739218549 ], [ 91.86285936095517, 24.93727487886941 ], [ 91.863025815469015, 24.93725546170262 ], [ 91.863180066879224, 24.937383909062351 ], [ 91.863549727945738, 24.937765768501919 ], [ 91.863418878598139, 24.937749594992951 ], [ 91.863299988158687, 24.937678745547942 ], [ 91.863169424261073, 24.937626476580679 ], [ 91.863001208186319, 24.93764061061292 ], [ 91.862819630843362, 24.9377699397083 ], [ 91.862623273405333, 24.93783699778287 ], [ 91.862610083856282, 24.93783976825431 ], [ 91.862400716187324, 24.93784482830376 ], [ 91.862088945078312, 24.937751683260981 ], [ 91.861907199205717, 24.937690584649509 ], [ 91.861624519963939, 24.9375597776489 ], [ 91.861573929223866, 24.93749774457067 ], [ 91.861576761963065, 24.93738478380163 ], [ 91.861492427914968, 24.9371923142788 ], [ 91.861406135773095, 24.937055673885851 ], [ 91.861255912535086, 24.936942635757688 ], [ 91.861145208659337, 24.93679592644553 ], [ 91.86125226147395, 24.936638228067761 ], [ 91.861270325267057, 24.936479386234389 ], [ 91.861240104360434, 24.93625977413981 ], [ 91.861106857682941, 24.936102863448649 ], [ 91.860994752874547, 24.936066858153701 ], [ 91.860843756044915, 24.936066205541561 ], [ 91.860595687376744, 24.935982494406701 ], [ 91.860472637020351, 24.935934101838701 ], [ 91.860279019159734, 24.935802824570899 ], [ 91.860219069737582, 24.93575536356283 ], [ 91.859900895940157, 24.935658915874811 ], [ 91.859722520769239, 24.935717328901919 ], [ 91.859456048633291, 24.935775968460248 ], [ 91.859224341421225, 24.935715033901289 ], [ 91.859139148374126, 24.93569096199899 ], [ 91.858969396972796, 24.935631828304569 ], [ 91.858752433853482, 24.935549263169921 ], [ 91.858567145721125, 24.935343521712941 ], [ 91.85882349191931, 24.935357569184781 ], [ 91.859116225904373, 24.93539427222596 ], [ 91.859381832907957, 24.935388498310601 ], [ 91.859419660469996, 24.935387738218239 ], [ 91.859700753773438, 24.935392258659689 ], [ 91.859930981199923, 24.93539926132091 ], [ 91.86016535202846, 24.935401492097348 ], [ 91.860240599795404, 24.935389772781011 ], [ 91.860383954556184, 24.935283428670711 ], [ 91.860371253596654, 24.935085009910381 ], [ 91.860311619759955, 24.935061001124929 ], [ 91.860121462529463, 24.93496742701279 ], [ 91.85989483558734, 24.934885603144071 ], [ 91.859871860508932, 24.934873312364189 ], [ 91.859680876121359, 24.934781611401181 ], [ 91.859462128146774, 24.934676104465009 ], [ 91.859496383221241, 24.93430120156146 ], [ 91.859677462940809, 24.93429128489047 ], [ 91.859844938439082, 24.934157425588339 ], [ 91.859980769430337, 24.934113133457991 ], [ 91.860200435717815, 24.934257815269781 ], [ 91.860348838972143, 24.934212744919261 ], [ 91.860401016259914, 24.934146272019561 ], [ 91.860338407567042, 24.933970546105179 ], [ 91.860496119916377, 24.933938063840358 ], [ 91.860692302113904, 24.933851135858429 ], [ 91.860830582241732, 24.933720399759451 ], [ 91.860918793014463, 24.93362290523244 ], [ 91.861008306217514, 24.93344216303602 ], [ 91.861070815238037, 24.933346946547889 ], [ 91.861017573051541, 24.933188067097991 ], [ 91.861164296974351, 24.933041246494209 ], [ 91.861226262093979, 24.93295736646369 ], [ 91.86138796343846, 24.933062260833349 ], [ 91.861564038093391, 24.933104254237382 ], [ 91.861716498117033, 24.93311612313666 ], [ 91.861847303243053, 24.933084611568571 ], [ 91.862063134432844, 24.932906609264791 ], [ 91.862074730878817, 24.932917079264961 ], [ 91.862167829025807, 24.933000714900778 ], [ 91.862250043759985, 24.93303221417511 ], [ 91.862356387843562, 24.933011861790131 ], [ 91.86264141114745, 24.932791360080088 ], [ 91.862830322284182, 24.932448375075229 ], [ 91.863016653974171, 24.932558462030268 ], [ 91.863052168686707, 24.932654121529961 ], [ 91.863099886709719, 24.93284264648619 ], [ 91.863120677913557, 24.932991428123639 ], [ 91.863052229607618, 24.933101560331341 ], [ 91.863156927665074, 24.933131876257342 ], [ 91.863144055996386, 24.93323059698352 ], [ 91.863131151606595, 24.933360622831639 ], [ 91.863167212449866, 24.93345417935523 ], [ 91.863232726276067, 24.933495233832971 ], [ 91.863229667006181, 24.933544430249331 ], [ 91.863234356491873, 24.933576288861659 ], [ 91.863235428503941, 24.933636657336859 ], [ 91.86321570735376, 24.933668821747219 ], [ 91.863183672505855, 24.93370457856604 ], [ 91.863179640340618, 24.93370814729596 ], [ 91.863123040305553, 24.933751198952521 ], [ 91.863094854977604, 24.93379471147647 ], [ 91.863074654868427, 24.933831133902391 ], [ 91.863070832990246, 24.933878544103749 ], [ 91.863074962856771, 24.933882187797259 ], [ 91.863087632781529, 24.93393349374184 ], [ 91.863075609025415, 24.933992460071789 ], [ 91.863017791472345, 24.934022123686571 ], [ 91.862955628243625, 24.934055701245612 ], [ 91.862897408220107, 24.9340819126549 ], [ 91.862868022260272, 24.93413078379313 ], [ 91.862838301372648, 24.93419907601637 ], [ 91.862837899941638, 24.934248837376359 ], [ 91.862921661191336, 24.934329753002238 ], [ 91.862959643025292, 24.934329606127839 ], [ 91.862984937159794, 24.934306482329841 ], [ 91.863022816262529, 24.93429116494206 ], [ 91.863043785501276, 24.9342719895693 ], [ 91.863047862102221, 24.934245127800772 ], [ 91.863047806329746, 24.934233636068971 ], [ 91.863081271759214, 24.934214752670471 ], [ 91.86313125641027, 24.93418054959502 ], [ 91.863201698569426, 24.93413489699148 ], [ 91.863214999781718, 24.93418437770065 ], [ 91.86322831926914, 24.934230323710739 ], [ 91.863233237741497, 24.934272697188529 ], [ 91.863238320648591, 24.934323086891709 ], [ 91.863277017846158, 24.934358167382349 ], [ 91.863357593735401, 24.934365909189339 ], [ 91.86340778137189, 24.93434622135338 ], [ 91.863458000509411, 24.934334217452282 ], [ 91.863512093433073, 24.934314531507731 ], [ 91.863619307360963, 24.93427820708672 ], [ 91.863603324156045, 24.93413692633651 ], [ 91.863639279785559, 24.933985086565521 ], [ 91.863697132294504, 24.933899719740399 ], [ 91.863809106104128, 24.933866071764381 ], [ 91.863988211654004, 24.93384428853912 ], [ 91.864201678397805, 24.93386139227848 ], [ 91.864132926051823, 24.933982162636809 ], [ 91.864009658845703, 24.934035128598811 ], [ 91.86393522716601, 24.934030349266909 ], [ 91.86385037830911, 24.9340865601453 ], [ 91.863850479547082, 24.93415241722386 ], [ 91.863703368515402, 24.9342522521329 ], [ 91.863705397928683, 24.934293371317288 ], [ 91.863702599182005, 24.93433911537991 ], [ 91.863652873287606, 24.93434437839322 ], [ 91.863566815660619, 24.934369171226479 ], [ 91.863443328275508, 24.934401272042319 ], [ 91.863384955919997, 24.93448738161548 ], [ 91.863326527566244, 24.934566914809199 ], [ 91.863282584932222, 24.934666598604409 ], [ 91.863275142954151, 24.934766445783168 ], [ 91.863275387572884, 24.934846027659798 ], [ 91.863282980392214, 24.93492565339518 ], [ 91.863363802246624, 24.934938883276281 ], [ 91.863437059598482, 24.934885732174259 ], [ 91.863430109889038, 24.935005284767762 ], [ 91.863386139807062, 24.93511174572863 ], [ 91.863378531314268, 24.93522497836139 ], [ 91.863495541801655, 24.935264992267761 ], [ 91.863532098070664, 24.935191860285901 ], [ 91.863620242661682, 24.935138609637811 ], [ 91.86368641607551, 24.935078691680971 ], [ 91.863678695617196, 24.934959122764159 ], [ 91.863751611236268, 24.93489946643129 ], [ 91.863816915778557, 24.934846601027608 ], [ 91.86389707753527, 24.934773738745569 ], [ 91.863977447673818, 24.934740616648732 ], [ 91.864005760110444, 24.93466810323519 ], [ 91.864091959799282, 24.934609261404859 ], [ 91.864185555612451, 24.934603395271299 ], [ 91.86427499147014, 24.93458630011844 ], [ 91.864321700760655, 24.93467745004391 ], [ 91.864392603183944, 24.934668251904551 ], [ 91.864451661141672, 24.934703683674218 ], [ 91.864405823344583, 24.934760908430679 ], [ 91.864321989861708, 24.934763350613739 ], [ 91.864230880462728, 24.934794933064069 ], [ 91.864159489714211, 24.934814102007579 ], [ 91.864051038145774, 24.934893259031082 ], [ 91.863963708627708, 24.934959478254338 ], [ 91.864014896535508, 24.935052550514719 ], [ 91.86405022882812, 24.935125953072831 ], [ 91.864160991614341, 24.935155272722341 ], [ 91.864097394648567, 24.935246093967589 ], [ 91.864035406587362, 24.935298612067971 ], [ 91.863925786080245, 24.935411467591809 ], [ 91.863817166229055, 24.935451499691808 ], [ 91.863828275205037, 24.935274663415161 ] ] ] } },
{ "type": "Feature", "properties": { "name": "tea3", "area_ha": 3.7, "provisional": false, "source": "hand-digitised, Google Earth Pro sub-metre imagery", "digitised": "2026-08-06" }, "geometry": { "type": "Polygon", "coordinates": [ [ [ 91.857982643100939, 24.931906715348699 ], [ 91.858101376448133, 24.931895185743969 ], [ 91.858215960055063, 24.93189867463126 ], [ 91.858236357551306, 24.931924473800169 ], [ 91.858236265322248, 24.931991029638361 ], [ 91.858236040791695, 24.932075686308849 ], [ 91.858146160644409, 24.93216136218134 ], [ 91.858105214981791, 24.932168551835719 ], [ 91.858072410497542, 24.932182769919681 ], [ 91.85802319679523, 24.93221434153887 ], [ 91.857990478298518, 24.932213196311729 ], [ 91.85795787422299, 24.932191283745109 ], [ 91.857945647032693, 24.932180430955992 ], [ 91.857876421061334, 24.932133511570179 ], [ 91.857843712575814, 24.932087596638119 ], [ 91.85783546204452, 24.932066512160912 ], [ 91.857798795383616, 24.93204007750289 ], [ 91.857734189073355, 24.932007253621709 ], [ 91.857722218880639, 24.93200254539887 ], [ 91.857710034299416, 24.93199519690414 ], [ 91.857678315184643, 24.931988709671291 ], [ 91.857555087583748, 24.931908257936389 ], [ 91.857461448889111, 24.931886266308229 ], [ 91.857371664872019, 24.931871895256268 ], [ 91.857305047286928, 24.931851565743639 ], [ 91.857256197165938, 24.931855135747831 ], [ 91.857207910629214, 24.931869209448369 ], [ 91.857132398156537, 24.93190788026584 ], [ 91.85703950557911, 24.93195176400209 ], [ 91.8570498209222, 24.93197550823967 ], [ 91.857066245486394, 24.932004277265371 ], [ 91.857068124294543, 24.93203894743187 ], [ 91.857068567103212, 24.9320677764815 ], [ 91.857071548674924, 24.932124013402859 ], [ 91.857075808259367, 24.932138427124709 ], [ 91.857087493720329, 24.932175685309709 ], [ 91.857097706490592, 24.932229707127089 ], [ 91.857110521061514, 24.932312055193378 ], [ 91.857122829987233, 24.932337774590959 ], [ 91.857179565427458, 24.93237926037196 ], [ 91.857181870296117, 24.932419124848579 ], [ 91.857167940280661, 24.932448032710418 ], [ 91.857125255547828, 24.932432871115971 ], [ 91.857079116791766, 24.93239777828164 ], [ 91.857036971071693, 24.932373657835029 ], [ 91.857016073442992, 24.93234084344197 ], [ 91.856946940258254, 24.932373621678519 ], [ 91.856931051859931, 24.932398963587229 ], [ 91.856890060490912, 24.932376800428191 ], [ 91.85684914811975, 24.932358242255269 ], [ 91.856791991058657, 24.93232471103687 ], [ 91.856759309060436, 24.932291273135188 ], [ 91.856762464279157, 24.93225139887058 ], [ 91.856726378298404, 24.93223952644113 ], [ 91.856690890908894, 24.932223462044298 ], [ 91.856651235584465, 24.932200167572169 ], [ 91.856646375327358, 24.932163791441301 ], [ 91.856642357015431, 24.932134096288681 ], [ 91.856638122688139, 24.932089755589221 ], [ 91.856634351544784, 24.93208580896232 ], [ 91.856626037906722, 24.932048862354659 ], [ 91.85666042795458, 24.931987571620351 ], [ 91.856664409741597, 24.931976506746992 ], [ 91.856676632171741, 24.931932001450669 ], [ 91.856681004341965, 24.931876142225001 ], [ 91.856689108089554, 24.931861348289949 ], [ 91.85669329407871, 24.93182046006417 ], [ 91.856701251872778, 24.931813183113839 ], [ 91.856697213781956, 24.93177231038759 ], [ 91.856689330015513, 24.931723901649431 ], [ 91.856681185469085, 24.9316459509072 ], [ 91.856652377382318, 24.931545809880401 ], [ 91.856651914790632, 24.931508846257611 ], [ 91.856651451918097, 24.931471855311731 ], [ 91.856671360350319, 24.931416287943868 ], [ 91.856683467258961, 24.931368011658989 ], [ 91.856695642985343, 24.931330874269811 ], [ 91.856694974037808, 24.931252904530009 ], [ 91.856674411142535, 24.931212003638059 ], [ 91.856666168416837, 24.931174812336319 ], [ 91.856665938681445, 24.931126467588811 ], [ 91.856661838535672, 24.931115307746978 ], [ 91.856661722359632, 24.9310855494724 ], [ 91.856657441393537, 24.93103345362946 ], [ 91.856657436030346, 24.93102973265707 ], [ 91.856657619982713, 24.930970217344228 ], [ 91.856661760341538, 24.930951624550371 ], [ 91.856694362140829, 24.930895780759961 ], [ 91.856755879467343, 24.930862290881919 ], [ 91.856804926491549, 24.930817592506919 ], [ 91.856878176380462, 24.93079880620283 ], [ 91.85694416629579, 24.930731885015359 ], [ 91.857005647111748, 24.93069089502141 ], [ 91.857018490117653, 24.930627872785131 ], [ 91.856969442025786, 24.930613085418301 ], [ 91.856940961508926, 24.930590884740649 ], [ 91.856932774471346, 24.930583454244509 ], [ 91.856891749900726, 24.930546257620879 ], [ 91.856891751577876, 24.930512781920331 ], [ 91.856891764029029, 24.930509069643509 ], [ 91.856895414447081, 24.930467874396921 ], [ 91.856895368851951, 24.93046412524188 ], [ 91.856894867122094, 24.93042286062882 ], [ 91.856869922129462, 24.930389140944399 ], [ 91.856828995147424, 24.930363173314131 ], [ 91.856800373537851, 24.93033719002996 ], [ 91.856759894764394, 24.93031151246154 ], [ 91.856706958657668, 24.930293175395811 ], [ 91.856694681330623, 24.930289474925221 ], [ 91.856628526714246, 24.930274262230821 ], [ 91.856611955271433, 24.930262997614939 ], [ 91.856557817551277, 24.93026251966522 ], [ 91.856537327797582, 24.930262543173079 ], [ 91.856483744253623, 24.93026242684973 ], [ 91.856438129514601, 24.93021002097904 ], [ 91.856425827003392, 24.930195129983598 ], [ 91.856401322279098, 24.930161694536629 ], [ 91.856401344516755, 24.930154257510321 ], [ 91.8563765758324, 24.930109473257431 ], [ 91.856368378427646, 24.930098311191969 ], [ 91.856348095565096, 24.93006866911789 ], [ 91.856344230788238, 24.930053942512949 ], [ 91.856336053623821, 24.930050242478131 ], [ 91.856311632342823, 24.93002803139667 ], [ 91.856299447203483, 24.930005776652312 ], [ 91.856287091704175, 24.93000575202597 ], [ 91.856270631281717, 24.930005734446961 ], [ 91.856237838023048, 24.929987151934991 ], [ 91.856229719403586, 24.929972320208641 ], [ 91.856225631676551, 24.929968608864339 ], [ 91.856205206347923, 24.929942603000619 ], [ 91.856205322253047, 24.929931512384972 ], [ 91.856168572126506, 24.929890702630161 ], [ 91.856231634563215, 24.929817388681471 ], [ 91.856235817985066, 24.92981001421543 ], [ 91.856256409821228, 24.929798927202711 ], [ 91.856358047244299, 24.929768433886942 ], [ 91.856366170561728, 24.92976464421443 ], [ 91.856410933489244, 24.929753152969301 ], [ 91.85642721024243, 24.9297418610096 ], [ 91.856443596470044, 24.9297418240279 ], [ 91.856455915447199, 24.92974182917775 ], [ 91.85650922345269, 24.929745524165199 ], [ 91.856385962826025, 24.929682117103031 ], [ 91.856311551166868, 24.929648135234761 ], [ 91.856364869230191, 24.929599654805362 ], [ 91.856505808324513, 24.92952292821823 ], [ 91.856542324804195, 24.929515017272621 ], [ 91.856701248144205, 24.929483751012029 ], [ 91.856730166976604, 24.9294839786259 ], [ 91.856734297955967, 24.929484011248508 ], [ 91.856783857556266, 24.929480673367379 ], [ 91.85687042671384, 24.929466308666591 ], [ 91.856874542487077, 24.929466326303992 ], [ 91.85694828661444, 24.92944375527053 ], [ 91.857005929769613, 24.929440340305721 ], [ 91.856997999703765, 24.92949665569412 ], [ 91.85699388986194, 24.929507807096851 ], [ 91.856985889673822, 24.929541647789769 ], [ 91.857011017177825, 24.929624332805069 ], [ 91.857040148467092, 24.929677079500479 ], [ 91.857098413464755, 24.929686051893931 ], [ 91.857110974123543, 24.929686537249221 ], [ 91.857178523352431, 24.929671958212541 ], [ 91.857242274275052, 24.929655153598208 ], [ 91.857287707928378, 24.929700959799899 ], [ 91.857303531073413, 24.929729487222009 ], [ 91.857323694250624, 24.929736501989531 ], [ 91.857372120591194, 24.9297430131348 ], [ 91.857380272773327, 24.929746737835309 ], [ 91.857409063523704, 24.9297512650997 ], [ 91.857458341431538, 24.929749032446018 ], [ 91.857470643975887, 24.929749394314939 ], [ 91.857523970365037, 24.929732859432161 ], [ 91.857532144162036, 24.929733091399751 ], [ 91.857601532108859, 24.929709496239621 ], [ 91.857613771087529, 24.92970260244407 ], [ 91.857662731070675, 24.929660820925761 ], [ 91.857691316515812, 24.929640793563419 ], [ 91.857699514970363, 24.929634332751821 ], [ 91.857711649222281, 24.929634613754619 ], [ 91.857768212337874, 24.929661426735461 ], [ 91.857767993823828, 24.929703278652319 ], [ 91.857767980991383, 24.92970682043201 ], [ 91.857759772562247, 24.929738556962182 ], [ 91.857719059714341, 24.929805948670651 ], [ 91.857633763939589, 24.92985200307298 ], [ 91.857621522231852, 24.929862631169069 ], [ 91.857596944935665, 24.92989099278633 ], [ 91.857592849903185, 24.92989451807448 ], [ 91.857580558537421, 24.929905098711249 ], [ 91.857519107982299, 24.929958534859221 ], [ 91.857490216480187, 24.930020015442249 ], [ 91.857518557624616, 24.930071335290432 ], [ 91.857522582676026, 24.93008229372068 ], [ 91.85751832074989, 24.930111332546939 ], [ 91.857501636789877, 24.930162103946081 ], [ 91.857501569352351, 24.930173038808679 ], [ 91.857476736181866, 24.930216610994059 ], [ 91.857456229227779, 24.93021638890254 ], [ 91.857308012678658, 24.930251482780481 ], [ 91.857299758771177, 24.930255084835949 ], [ 91.85725863807825, 24.930291878660071 ], [ 91.85726685597885, 24.93029934319447 ], [ 91.857283413735459, 24.930347792849219 ], [ 91.857287546618537, 24.93036268361876 ], [ 91.85730374433922, 24.930388453185149 ], [ 91.857319887355501, 24.93044384508751 ], [ 91.857323902361031, 24.930484572505129 ], [ 91.857323784512744, 24.930499295614471 ], [ 91.857319564876022, 24.930543708996769 ], [ 91.857360247121946, 24.930640012845341 ], [ 91.857396810563301, 24.930665768320569 ], [ 91.857425142203056, 24.930695211315751 ], [ 91.85743735588936, 24.93070629605765 ], [ 91.857502829867485, 24.93074336892353 ], [ 91.857572561520044, 24.930747088696311 ], [ 91.85754802902521, 24.93071740859304 ], [ 91.85762599162004, 24.930713746959551 ], [ 91.857650631109891, 24.930710083199209 ], [ 91.857675261491622, 24.930706417269558 ], [ 91.857716285237373, 24.930702759827721 ], [ 91.857761410288518, 24.93069170360819 ], [ 91.857777806418483, 24.930691717625649 ], [ 91.85789665526589, 24.930669691202741 ], [ 91.857913037293059, 24.930666035848301 ], [ 91.857945794055851, 24.930666021128701 ], [ 91.858023587850894, 24.93064377798791 ], [ 91.858027683687766, 24.930643772040799 ], [ 91.85804815632136, 24.930640059093939 ], [ 91.858072717920706, 24.93063265094445 ], [ 91.858166955890567, 24.93061395601114 ], [ 91.858175149624742, 24.930610237357051 ], [ 91.858252978333141, 24.930587936927179 ], [ 91.858265230180962, 24.930584276105311 ], [ 91.858273413678361, 24.93057685799916 ], [ 91.858342905683273, 24.93052504307779 ], [ 91.858367278441008, 24.930447365223639 ], [ 91.858367021803687, 24.93039582005466 ], [ 91.858371086085967, 24.93038844616904 ], [ 91.858419758964089, 24.93032232168952 ], [ 91.858436018811958, 24.93031133577286 ], [ 91.858452369298888, 24.93031132364159 ], [ 91.858485040346707, 24.93030763930598 ], [ 91.858534380818057, 24.930340593312231 ], [ 91.858550877116343, 24.93036266235266 ], [ 91.858567389994846, 24.93039586015114 ], [ 91.85857578765382, 24.930447563095768 ], [ 91.858575840910177, 24.930458640507879 ], [ 91.858596164556943, 24.93050327489895 ], [ 91.858640752609787, 24.930540684775959 ], [ 91.858640690633052, 24.930551853332311 ], [ 91.858603968574457, 24.930588867598921 ], [ 91.858579538815206, 24.930603623249389 ], [ 91.858449074102964, 24.930658920224609 ], [ 91.858416379201145, 24.93067743783601 ], [ 91.858330531907939, 24.930733018185361 ], [ 91.858330521540921, 24.930759007975372 ], [ 91.858359079608235, 24.930837005177839 ], [ 91.858367230481647, 24.93085557794296 ], [ 91.858375339088639, 24.930911267057109 ], [ 91.85833450884077, 24.930963177772359 ], [ 91.858244603941884, 24.930992821774339 ], [ 91.858215957915206, 24.930992818282981 ], [ 91.858203681853638, 24.930992816191448 ], [ 91.858175039421255, 24.930992809626861 ], [ 91.858146397724965, 24.930992801285921 ], [ 91.858093261473371, 24.93099274496393 ], [ 91.858011392509596, 24.93102241041883 ], [ 91.858015476862889, 24.93102613884728 ], [ 91.858113468069845, 24.931093048869698 ], [ 91.858113457633792, 24.931104176767331 ], [ 91.858166503110837, 24.93111529702756 ], [ 91.858195074393336, 24.931119001652089 ], [ 91.858211396450841, 24.931119000065419 ], [ 91.858235880166148, 24.93111899812865 ], [ 91.858256327982858, 24.931118999607971 ], [ 91.858293140339541, 24.93112270813452 ], [ 91.858321680260445, 24.931137527193279 ], [ 91.858240001521722, 24.931196831692159 ], [ 91.858211424465352, 24.93120796202146 ], [ 91.858191013111025, 24.93120797202662 ], [ 91.858170598547304, 24.93121169030044 ], [ 91.85809300259001, 24.9312339984318 ], [ 91.857974386984793, 24.93124884900989 ], [ 91.857958020036563, 24.931252543402469 ], [ 91.857835327661533, 24.931285875338549 ], [ 91.8577984866413, 24.93130076628286 ], [ 91.857687728266995, 24.931301037099431 ], [ 91.857626203107785, 24.931323382311561 ], [ 91.857609782285635, 24.931330834779509 ], [ 91.857593364857905, 24.931338286147831 ], [ 91.857527505387822, 24.931364493930669 ], [ 91.85751125783105, 24.931397849453351 ], [ 91.857515527753307, 24.931423733217549 ], [ 91.857503314683953, 24.931464534629569 ], [ 91.857499101042109, 24.93149808016117 ], [ 91.857532080315508, 24.931479312146969 ], [ 91.857634540561151, 24.931482945315199 ], [ 91.857650911273211, 24.93149038688539 ], [ 91.857732824236507, 24.93149408487599 ], [ 91.857753302176619, 24.93149036551555 ], [ 91.857769680158185, 24.931490370980569 ], [ 91.857798338085061, 24.931490396993141 ], [ 91.857835230190062, 24.931490246603861 ], [ 91.857859797616953, 24.931490214456289 ], [ 91.858080845534047, 24.931534782692939 ], [ 91.858211813631058, 24.931564442683591 ], [ 91.858354954616004, 24.931575448494112 ], [ 91.858559086154514, 24.931549144786079 ], [ 91.858689540319986, 24.931530384471671 ], [ 91.858783326829737, 24.93151916540906 ], [ 91.858901517250473, 24.931519036885021 ], [ 91.858942300028474, 24.931515310651111 ], [ 91.859083986240947, 24.931466759758841 ], [ 91.85919288851882, 24.931462701863861 ], [ 91.859264491575544, 24.93148068242191 ], [ 91.859200763172595, 24.931525444157209 ], [ 91.859128458638509, 24.93154060921335 ], [ 91.859051823808471, 24.93156685209118 ], [ 91.859011481940783, 24.931585570958351 ], [ 91.858991225057053, 24.931607864721059 ], [ 91.858971019783525, 24.93164871396548 ], [ 91.858946507037004, 24.931693162480489 ], [ 91.858946456016298, 24.931715358038979 ], [ 91.858922007668312, 24.931748734783518 ], [ 91.858836566261161, 24.93181197499311 ], [ 91.858828419374007, 24.931811995248921 ], [ 91.858754950445217, 24.931819486652099 ], [ 91.858738657956735, 24.93181953270312 ], [ 91.858514181536535, 24.931849596105419 ], [ 91.858485599475458, 24.93184965619783 ], [ 91.858473380246622, 24.931849724399459 ], [ 91.858363249846064, 24.931857670314368 ], [ 91.858338742882012, 24.9318577645254 ], [ 91.858314229708995, 24.931857858694318 ], [ 91.858228329221916, 24.93186547592353 ], [ 91.858224234471493, 24.931865477122741 ], [ 91.85816284136034, 24.931865588969711 ], [ 91.858142375674475, 24.931865635816141 ], [ 91.858072762170835, 24.931869452599429 ], [ 91.8580481859873, 24.93186947474419 ], [ 91.858007216650975, 24.931876892195181 ], [ 91.857978544487537, 24.931876959820421 ], [ 91.857982643100939, 24.931906715348699 ] ] ] } },
{ "type": "Feature", "properties": { "name": "tea4", "area_ha": 6.3, "provisional": false, "source": "hand-digitised, Google Earth Pro sub-metre imagery", "digitised": "2026-08-06" }, "geometry": { "type": "Polygon", "coordinates": [ [ [ 91.857996076455933, 24.935906979917611 ], [ 91.858015952295347, 24.93592491790978 ], [ 91.858035797500023, 24.935930916759339 ], [ 91.858068748437688, 24.93592511928026 ], [ 91.858088546191198, 24.935925186495421 ], [ 91.858128142019893, 24.935913317190749 ], [ 91.858154563153775, 24.935913357358089 ], [ 91.85819419038188, 24.935913418269031 ], [ 91.858233811796069, 24.935913478626201 ], [ 91.858266818111787, 24.935913540399351 ], [ 91.858299807946764, 24.93591361506925 ], [ 91.858326196071772, 24.93591367537309 ], [ 91.858352593453617, 24.935919714277809 ], [ 91.858372393167969, 24.935925738164869 ], [ 91.858405394170973, 24.935937769889939 ], [ 91.858425219190522, 24.93595574892981 ], [ 91.85844506275923, 24.935979704453349 ], [ 91.858445117776256, 24.936003627151241 ], [ 91.858445186388735, 24.936033534147079 ], [ 91.858445255152688, 24.936063445218689 ], [ 91.85843213005073, 24.936087351358719 ], [ 91.858425478946259, 24.93611135332829 ], [ 91.858418851790276, 24.936129347884329 ], [ 91.858399013221245, 24.936153329909651 ], [ 91.858372623226259, 24.936153288575699 ], [ 91.85833962215402, 24.936159239098959 ], [ 91.85831322545296, 24.936159197411179 ], [ 91.858286823001777, 24.936159158281139 ], [ 91.858253808010872, 24.93615911426588 ], [ 91.858227387732512, 24.93616508192677 ], [ 91.858194359246482, 24.936171042304242 ], [ 91.858167933747296, 24.936177011012891 ], [ 91.858134902227732, 24.93617697241255 ], [ 91.858095256925324, 24.93618292675048 ], [ 91.858068804098835, 24.936188922365162 ], [ 91.858035733102582, 24.936200915270732 ], [ 91.857996045831953, 24.93620690753983 ], [ 91.857969573635387, 24.93621892563915 ], [ 91.85793652116439, 24.93623089053747 ], [ 91.857896871815754, 24.93624882597064 ], [ 91.857870440034944, 24.936260776790672 ], [ 91.857843996300389, 24.936278741136949 ], [ 91.857817549075648, 24.936296707678959 ], [ 91.857791090174786, 24.936308693528389 ], [ 91.857777861243036, 24.936320683630289 ], [ 91.857751401161622, 24.936338668068402 ], [ 91.857724938763468, 24.936350655583681 ], [ 91.857698484246853, 24.936368620979799 ], [ 91.857678643429594, 24.936392591227669 ], [ 91.857652183432918, 24.936410557889619 ], [ 91.857638952069664, 24.93642254244854 ], [ 91.857612485806484, 24.936446513929081 ], [ 91.85759263299245, 24.93646449586582 ], [ 91.857579396353714, 24.936482486241161 ], [ 91.857552919321378, 24.936506468139459 ], [ 91.857539679263738, 24.936530465622159 ], [ 91.857513194954223, 24.936572478783901 ], [ 91.857499953678953, 24.936602501853621 ], [ 91.857473462523529, 24.93663252117528 ], [ 91.857466841267254, 24.93665053614188 ], [ 91.857446976342359, 24.936674548383891 ], [ 91.857427109302421, 24.936692556296439 ], [ 91.857413864936262, 24.936728581759411 ], [ 91.857400623978805, 24.936746596943209 ], [ 91.857380757210095, 24.936770611419849 ], [ 91.857360895471203, 24.936782620442159 ], [ 91.857341034736066, 24.936806637464951 ], [ 91.857321175670151, 24.936830652908579 ], [ 91.857301315203358, 24.936848662886071 ], [ 91.857274835602126, 24.936872675551129 ], [ 91.857254963947966, 24.936896690983971 ], [ 91.857228457280627, 24.93692070926323 ], [ 91.85722183498639, 24.93693271731367 ], [ 91.857195348860458, 24.93696273809805 ], [ 91.857195392279337, 24.93698673359853 ], [ 91.857195424872501, 24.937004725989411 ], [ 91.85719547383394, 24.937034707501791 ], [ 91.8571954005739, 24.937058766576989 ], [ 91.857195309092674, 24.93708885629562 ], [ 91.857195224422441, 24.937118956973428 ], [ 91.857208420807751, 24.9371430361211 ], [ 91.857228265242568, 24.937167104689209 ], [ 91.857248171087093, 24.93718508842932 ], [ 91.857274691448481, 24.937197071562309 ], [ 91.857294585119988, 24.937209050547899 ], [ 91.857321086768863, 24.937215044940871 ], [ 91.857347587081776, 24.937221038937999 ], [ 91.857374078393917, 24.93722104885962 ], [ 91.857413837272986, 24.93722097597453 ], [ 91.857453579030235, 24.937220909482949 ], [ 91.857493307724411, 24.937220859981 ], [ 91.857519787034306, 24.937220827176048 ], [ 91.857559497096034, 24.93722077806941 ], [ 91.857592579931534, 24.937220733342759 ], [ 91.857632267840501, 24.937220675479718 ], [ 91.857665331686079, 24.937220627504171 ], [ 91.857691776357697, 24.93722058858129 ], [ 91.857731435574919, 24.937214536127438 ], [ 91.857764514774701, 24.937214546556429 ], [ 91.857797595640349, 24.937214556815711 ], [ 91.857824061833981, 24.937214565471031 ], [ 91.857850529345129, 24.937214573636108 ], [ 91.857876997663823, 24.937214582084849 ], [ 91.857910083132793, 24.9372145923974 ], [ 91.857943172569378, 24.937214602750149 ], [ 91.857976286738023, 24.937220632137979 ], [ 91.858002796130307, 24.93723266642705 ], [ 91.85802924712786, 24.937238656378629 ], [ 91.858062389855348, 24.937250699175301 ], [ 91.858088884487756, 24.93725671966822 ], [ 91.858122009177066, 24.937262746942761 ], [ 91.858155128252903, 24.9372747683698 ], [ 91.858188222610806, 24.937286774132129 ], [ 91.858214585837842, 24.937292706281831 ], [ 91.858254079005661, 24.937304578192681 ], [ 91.858287059232254, 24.937316516420779 ], [ 91.858313426413687, 24.93732845974527 ], [ 91.858333190504368, 24.937340408111609 ], [ 91.858359544361662, 24.937352343301349 ], [ 91.858392472584214, 24.937370252475588 ], [ 91.858431654160995, 24.937381961095451 ], [ 91.858457611482493, 24.93739966015303 ], [ 91.858476995193925, 24.937417374600681 ], [ 91.85850884463909, 24.937440629902259 ], [ 91.858527879712682, 24.937458119059549 ], [ 91.858546833581002, 24.937487490352719 ], [ 91.85856573628152, 24.93751680327626 ], [ 91.858572048916344, 24.937546456351871 ], [ 91.858578342412741, 24.937576086616151 ], [ 91.858578145422754, 24.937605758837869 ], [ 91.85857150977121, 24.937629563628441 ], [ 91.858565166159693, 24.937635697469471 ], [ 91.858527254185489, 24.937654809139691 ], [ 91.858495650860021, 24.93766186600363 ], [ 91.858475935649636, 24.93767986166926 ], [ 91.85843018636271, 24.937680239042919 ], [ 91.858403774489631, 24.93768620512035 ], [ 91.858344325242342, 24.93769211111189 ], [ 91.858318008919056, 24.93769816799453 ], [ 91.858285112284761, 24.937710233847891 ], [ 91.858271801493771, 24.937728052938141 ], [ 91.858258026691914, 24.937763239798269 ], [ 91.858237077949852, 24.937785649630261 ], [ 91.858217431334722, 24.93780368630286 ], [ 91.858196729008071, 24.937832174008829 ], [ 91.858176628665632, 24.937849491342149 ], [ 91.858150232264535, 24.937861224690909 ], [ 91.858124282335083, 24.93786771712298 ], [ 91.858085122160219, 24.937874162445169 ], [ 91.858058912947584, 24.937880295931571 ], [ 91.858025760480729, 24.937891683471889 ], [ 91.857999658347751, 24.937892086851139 ], [ 91.857960459866291, 24.937892671356149 ], [ 91.857934302717126, 24.937893057502809 ], [ 91.85790809676088, 24.937893368778681 ], [ 91.857875304927276, 24.93789372480024 ], [ 91.85785561918604, 24.937893938415719 ], [ 91.857816223536901, 24.937894365808511 ], [ 91.857783369343252, 24.937894722592961 ], [ 91.857763646777187, 24.937894938812981 ], [ 91.85771760036755, 24.937895465353911 ], [ 91.857684675347187, 24.93789580408783 ], [ 91.857658320150094, 24.937896075225652 ], [ 91.857618735695652, 24.93790224441338 ], [ 91.85759228458295, 24.937913715620091 ], [ 91.857552742764739, 24.937920712984418 ], [ 91.857519725367723, 24.937921216249428 ], [ 91.857493293154818, 24.937927210461801 ], [ 91.857460212912827, 24.937928313554838 ], [ 91.857433752526475, 24.937940324919161 ], [ 91.857394016152114, 24.937940813744799 ], [ 91.857360888480002, 24.93794710767288 ], [ 91.857327759882764, 24.937947307857449 ], [ 91.857301279865226, 24.937959294423589 ], [ 91.857274782559529, 24.937965369388809 ], [ 91.857241630349819, 24.937965559696131 ], [ 91.85720187527555, 24.93796564835133 ], [ 91.857162181313598, 24.93796550500598 ], [ 91.857122483944806, 24.937965400476848 ], [ 91.857096028255441, 24.93797732281665 ], [ 91.857076188135821, 24.937983264762579 ], [ 91.857043125718093, 24.938001170815159 ], [ 91.857016667458552, 24.938019123320231 ], [ 91.856996826466457, 24.938037085656589 ], [ 91.856990186483856, 24.938055134326898 ], [ 91.856970246506663, 24.938085333334449 ], [ 91.856963688997567, 24.93811519908018 ], [ 91.856957132909898, 24.938139053820329 ], [ 91.856957198928484, 24.938162897793291 ], [ 91.856963884312378, 24.938186731667379 ], [ 91.856970568027634, 24.93821055901174 ], [ 91.856990468678276, 24.938228417984138 ], [ 91.85700376379873, 24.938252231267359 ], [ 91.857017040782395, 24.93827008513956 ], [ 91.857043534480283, 24.938293962027061 ], [ 91.857069992469278, 24.93831194430896 ], [ 91.857083211539234, 24.93832396469767 ], [ 91.857129427469474, 24.93834828005506 ], [ 91.857155837478572, 24.938354496605399 ], [ 91.857175660112745, 24.938360627401909 ], [ 91.857215361020835, 24.938360629781151 ], [ 91.857274964478876, 24.938360282277671 ], [ 91.857308063257037, 24.93836010716247 ], [ 91.85734120437597, 24.938353454571448 ], [ 91.857367720138512, 24.938352659088409 ], [ 91.857387587427326, 24.938352105766921 ], [ 91.857420665833303, 24.93835116607589 ], [ 91.857466918374655, 24.938349287007728 ], [ 91.857486705318706, 24.938348536410821 ], [ 91.857526206344318, 24.938334277010441 ], [ 91.857559018543427, 24.93833203780035 ], [ 91.857585172370889, 24.93832983419243 ], [ 91.857630779443767, 24.938326244603811 ], [ 91.85766322851596, 24.93832375420148 ], [ 91.857689122322427, 24.93832186641594 ], [ 91.857714931134154, 24.938319852063671 ], [ 91.857740938891183, 24.938319494486439 ], [ 91.857780293951706, 24.938326814855181 ], [ 91.857813249822783, 24.938334401011971 ], [ 91.857846553610671, 24.93834912398713 ], [ 91.857872816064315, 24.93834952419099 ], [ 91.857906306547662, 24.938364308120089 ], [ 91.85793946083362, 24.938371572555361 ], [ 91.857997966892412, 24.938369910848941 ], [ 91.858036933448489, 24.938368900661619 ], [ 91.858062951804271, 24.93836841365885 ], [ 91.858075825177281, 24.93836782509036 ], [ 91.858108295081209, 24.938373121246979 ], [ 91.858133817892551, 24.938371561756689 ], [ 91.85816564835406, 24.938369616502658 ], [ 91.858204422760707, 24.938386525895961 ], [ 91.858229793973464, 24.938390907356411 ], [ 91.858261295118368, 24.938400504002619 ], [ 91.858286466002454, 24.938416484636551 ], [ 91.858311256148795, 24.938425904678549 ], [ 91.858329869841228, 24.93843602306961 ], [ 91.858348815217539, 24.938464452207018 ], [ 91.85834917523475, 24.938482778653761 ], [ 91.858367721762619, 24.938510431243198 ], [ 91.858380416183849, 24.938533424750641 ], [ 91.85836236780051, 24.93855377645524 ], [ 91.858350393948839, 24.938555783474509 ], [ 91.858326369854083, 24.93856573587631 ], [ 91.858296746625371, 24.938577998830009 ], [ 91.858260526835011, 24.938584813722152 ], [ 91.858242070006625, 24.938587672958501 ], [ 91.858209858302033, 24.938595187042999 ], [ 91.858183939596614, 24.938602119107451 ], [ 91.858151466902967, 24.93860323980137 ], [ 91.858118952978046, 24.938604361991601 ], [ 91.858079850253318, 24.938605620139381 ], [ 91.858027476651174, 24.938606795169601 ], [ 91.85800751605197, 24.938630098251721 ], [ 91.857987424036395, 24.93864687167078 ], [ 91.857961109638808, 24.93866494974846 ], [ 91.857941198192762, 24.938682274482471 ], [ 91.857927905833108, 24.938699680356009 ], [ 91.857920977550876, 24.938722034017641 ], [ 91.857920055447678, 24.938753635589109 ], [ 91.857912822162348, 24.9387802667333 ], [ 91.857905977452432, 24.938802644093101 ], [ 91.857898976080946, 24.938830096788621 ], [ 91.857892250868488, 24.938846961554749 ], [ 91.857873053897109, 24.938872985744759 ], [ 91.857835171258003, 24.938905365749061 ], [ 91.857809396659633, 24.93892678759207 ], [ 91.857770445050818, 24.938943112118501 ], [ 91.857737579208361, 24.938950268505462 ], [ 91.857711181598631, 24.938950420224419 ], [ 91.857678120385302, 24.93894991501201 ], [ 91.857645004705347, 24.938948387162771 ], [ 91.857611879764505, 24.938945782847181 ], [ 91.857585414866278, 24.93893117190046 ], [ 91.857565664083552, 24.938907011102479 ], [ 91.857565727164257, 24.938885067389499 ], [ 91.857552572846458, 24.938855860739249 ], [ 91.857539409957312, 24.938832603011971 ], [ 91.857519640306805, 24.938814746498888 ], [ 91.857493281662329, 24.938807737543922 ], [ 91.857460394068966, 24.938805302176601 ], [ 91.857427588097025, 24.938791001558759 ], [ 91.857388402559735, 24.93878681529289 ], [ 91.857355759872689, 24.938778986730959 ], [ 91.857329743362627, 24.93877092785792 ], [ 91.85731034299539, 24.93876858758583 ], [ 91.857277958113301, 24.93876013606436 ], [ 91.857245658336808, 24.938751706776319 ], [ 91.857212981663039, 24.938734537470669 ], [ 91.857180279626277, 24.93872331132852 ], [ 91.857154181484916, 24.938717446314371 ], [ 91.857134085049722, 24.938702409947229 ], [ 91.857107923499157, 24.93869664773041 ], [ 91.857074617044802, 24.93868167115534 ], [ 91.857048002814778, 24.938671611801809 ], [ 91.857021335397945, 24.93866151960442 ], [ 91.857001451290344, 24.938656370405511 ], [ 91.856968201883078, 24.938646033595781 ], [ 91.856941472310197, 24.938635653530319 ], [ 91.856901321113952, 24.938619967373331 ], [ 91.856868113023438, 24.938608937930699 ], [ 91.856841621919443, 24.938603420691368 ], [ 91.856821701953209, 24.938597899512871 ], [ 91.856788468066213, 24.938586728724658 ], [ 91.856755655462166, 24.93858643932996 ], [ 91.856729140433046, 24.938574883070078 ], [ 91.85671582880029, 24.938563233451511 ], [ 91.856683029460598, 24.938550970190981 ], [ 91.856656799978495, 24.938532817425159 ], [ 91.856637252216046, 24.938520460722891 ], [ 91.856611313501276, 24.93850180013165 ], [ 91.856585242282804, 24.938477468267191 ], [ 91.856565698354771, 24.938459228376331 ], [ 91.856546162735043, 24.938440995978642 ], [ 91.856526635485835, 24.938422771293659 ], [ 91.85652012804421, 24.93841669825591 ], [ 91.856487375772076, 24.938374772360401 ], [ 91.856467598126301, 24.938351003645021 ], [ 91.856447818615393, 24.938327232594059 ], [ 91.856433808164041, 24.93829263102451 ], [ 91.856433104982173, 24.938275674611472 ], [ 91.856419922197986, 24.93824583964631 ], [ 91.856412885452201, 24.938216559600079 ], [ 91.85639966277688, 24.938186753228791 ], [ 91.856386376178818, 24.938162987876819 ], [ 91.856373359599402, 24.938144876772029 ], [ 91.856366228928195, 24.938115616377061 ], [ 91.856352950430207, 24.938091817989331 ], [ 91.856339252195141, 24.938062476424069 ], [ 91.856332465756779, 24.938044737495169 ], [ 91.856312448087579, 24.93802104868363 ], [ 91.856298840049959, 24.937997504920531 ], [ 91.85627887427512, 24.93797371939289 ], [ 91.856265492896156, 24.937955926812219 ], [ 91.856245930932346, 24.937937761146149 ], [ 91.856220112984801, 24.93791931957519 ], [ 91.856201068957446, 24.937912730965721 ], [ 91.856162632316668, 24.937911833706831 ], [ 91.856137211284178, 24.93791109530212 ], [ 91.85610474894689, 24.93791075523211 ], [ 91.856078628087971, 24.937910600767299 ], [ 91.856046974354811, 24.937921604205879 ], [ 91.856013975042572, 24.937927656020449 ], [ 91.855988920519522, 24.937944628274419 ], [ 91.85597008602727, 24.937955903357349 ], [ 91.855936883590388, 24.937968082236051 ], [ 91.855911097817554, 24.93798558902045 ], [ 91.855885464341696, 24.93800299615631 ], [ 91.855866877706177, 24.938020049877071 ], [ 91.855854417799236, 24.938031473950669 ], [ 91.855820893170844, 24.93804984546496 ], [ 91.8558006646103, 24.938062136520799 ], [ 91.855765770731907, 24.938075520119352 ], [ 91.855737813256411, 24.938082662055269 ], [ 91.855702372922622, 24.938090399618371 ], [ 91.855674657014902, 24.938097318966609 ], [ 91.855646810139376, 24.93809832766032 ], [ 91.855619753174224, 24.938104766734451 ], [ 91.855585452542172, 24.938105637875921 ], [ 91.855551263778423, 24.938106402122049 ], [ 91.855518350920747, 24.938124294808951 ], [ 91.855498375393196, 24.93813637194361 ], [ 91.855472348263149, 24.938154089289132 ], [ 91.855445820327859, 24.9381601465067 ], [ 91.85541306102067, 24.938171953941641 ], [ 91.855393357920434, 24.938177872023712 ], [ 91.855347107381476, 24.93818985548025 ], [ 91.855306505628164, 24.938196490511451 ], [ 91.855266642249447, 24.938202569475258 ], [ 91.855220418732145, 24.938202561462511 ], [ 91.855187356294479, 24.938202572237898 ], [ 91.855160875632663, 24.938196609284319 ], [ 91.855121505020051, 24.938196459473019 ], [ 91.855075754240005, 24.938196170587069 ], [ 91.855049830528145, 24.938195900252079 ], [ 91.855024107867067, 24.938201505704651 ], [ 91.854998399343557, 24.938207107965301 ], [ 91.854966327274198, 24.93821856507261 ], [ 91.854947209465422, 24.938230157539088 ], [ 91.854915096630222, 24.938247631910961 ], [ 91.854896043348873, 24.938265167319109 ], [ 91.854883725299658, 24.938276644855691 ], [ 91.854858843534132, 24.938299732335441 ], [ 91.854833337631533, 24.938311172104349 ], [ 91.8548077287345, 24.938322750363319 ], [ 91.854782035000511, 24.938340301685852 ], [ 91.854756207431791, 24.938357926454639 ], [ 91.854730317063414, 24.938375585472439 ], [ 91.854697986702391, 24.938387202992629 ], [ 91.854672127373235, 24.938398881734809 ], [ 91.854646268387043, 24.938416521486641 ], [ 91.854620517358214, 24.938434101669269 ], [ 91.854575658381918, 24.938451344215281 ], [ 91.854536963569842, 24.938462858374209 ], [ 91.854504628171, 24.93847448377646 ], [ 91.854471888347632, 24.93848038942448 ], [ 91.854458459523656, 24.938486502381039 ], [ 91.854411619276945, 24.938492916869919 ], [ 91.854378080988397, 24.938493278169371 ], [ 91.854336540241263, 24.938494373392121 ], [ 91.854286370878285, 24.93849650529032 ], [ 91.854244457920387, 24.93849773104623 ], [ 91.854210018886278, 24.938498478720089 ], [ 91.854175549492297, 24.938499227331619 ], [ 91.854147793684007, 24.938493920844738 ], [ 91.854112571897318, 24.938483035755741 ], [ 91.854098368807811, 24.938477528869619 ], [ 91.854158178878066, 24.93840549711674 ], [ 91.854129786419094, 24.93839443188315 ], [ 91.854087175051248, 24.938359793187239 ], [ 91.854079546049064, 24.93833024879121 ], [ 91.854058611471118, 24.938294705014489 ], [ 91.854051064941913, 24.938259093648451 ], [ 91.854037086102267, 24.938223368790698 ], [ 91.854036797493933, 24.938193468323849 ], [ 91.854036592941227, 24.938169530974641 ], [ 91.85404215611004, 24.93813990988626 ], [ 91.854060414940562, 24.938110477413979 ], [ 91.854086342932277, 24.938080640241751 ], [ 91.854106238786244, 24.938068617222989 ], [ 91.854132976712592, 24.938062527817181 ], [ 91.854159575077148, 24.93804446760786 ], [ 91.854186356869576, 24.93804437066504 ], [ 91.85421310108741, 24.938020251222731 ], [ 91.854233351793482, 24.93799608566583 ], [ 91.854239842607683, 24.93797210002371 ], [ 91.854239455087395, 24.93794819825824 ], [ 91.854218421784736, 24.937924541157638 ], [ 91.8541909474433, 24.937912831724908 ], [ 91.854157609471542, 24.937900866004991 ], [ 91.854137631005784, 24.937894881568091 ], [ 91.854097764787625, 24.937894901219611 ], [ 91.854071186911156, 24.93789491473504 ], [ 91.854031319195954, 24.937894934254441 ], [ 91.853998093988409, 24.937894950931579 ], [ 91.853964734936326, 24.937888994301041 ], [ 91.853944405002267, 24.9378710746442 ], [ 91.85391721590058, 24.937841173810479 ], [ 91.853916767231283, 24.937817234744109 ], [ 91.853936490219837, 24.937805255814641 ], [ 91.853983750576674, 24.937780978858061 ], [ 91.854024413350416, 24.937768710720079 ], [ 91.854050977143345, 24.93775066668838 ], [ 91.854084132484218, 24.937738642300548 ], [ 91.854110485717456, 24.937720647466769 ], [ 91.854137093753749, 24.937708600960431 ], [ 91.85417027121197, 24.937684542217561 ], [ 91.854203502748774, 24.937666484126691 ], [ 91.854236741988814, 24.93765443437476 ], [ 91.854276834683048, 24.93763631539661 ], [ 91.854329836599234, 24.937630329972372 ], [ 91.854356606759751, 24.937618236457212 ], [ 91.854396174177779, 24.93760628375226 ], [ 91.854436537795422, 24.937594108205541 ], [ 91.854463381144569, 24.937588012309931 ], [ 91.854503118860322, 24.937576001426159 ], [ 91.85452974153975, 24.93757597091124 ], [ 91.854542681153177, 24.93755801347298 ], [ 91.854568776561607, 24.937540101047581 ], [ 91.854594961986237, 24.937534157575751 ], [ 91.8546209775226, 24.93752225317894 ], [ 91.854634081054613, 24.937516279294481 ], [ 91.85466067437352, 24.9375042406615 ], [ 91.854694213355117, 24.937498140065419 ], [ 91.85472105559063, 24.937486040505789 ], [ 91.854727818012933, 24.937473973117299 ], [ 91.854754806987302, 24.937443813754779 ], [ 91.854774983681068, 24.93741970450759 ], [ 91.854788440245486, 24.937401629159041 ], [ 91.854808632694798, 24.937371513184559 ], [ 91.854815268305984, 24.9373474706785 ], [ 91.85482206843588, 24.93731137753009 ], [ 91.854828644721749, 24.937293355048631 ], [ 91.854848521661722, 24.937257293841661 ], [ 91.854862084801539, 24.937239218606809 ], [ 91.854882726829302, 24.937215072560619 ], [ 91.854916555846017, 24.937202960255931 ], [ 91.854943535909598, 24.937196887303301 ], [ 91.854969558623068, 24.937190945917191 ], [ 91.854982511026179, 24.937184980448912 ], [ 91.855021383643333, 24.937173085755671 ], [ 91.855040835596583, 24.93715511420563 ], [ 91.855047328643607, 24.937131089466401 ], [ 91.855060310230016, 24.937101066418261 ], [ 91.85507335258437, 24.93707103147193 ], [ 91.855086389307871, 24.937047003398231 ], [ 91.855093012267488, 24.937022949195761 ], [ 91.855093174552522, 24.936992878651321 ], [ 91.855093271923622, 24.936974839290031 ], [ 91.855099975002119, 24.936938770256688 ], [ 91.855106703260233, 24.936908738448821 ], [ 91.855113308535522, 24.93687266865993 ], [ 91.855119937483551, 24.936842586386032 ], [ 91.855120058276839, 24.93681252974924 ], [ 91.855120154916904, 24.936788485536411 ], [ 91.855133249182131, 24.93677044714406 ], [ 91.855133411499011, 24.936746399571739 ], [ 91.855133734321782, 24.93671636002296 ], [ 91.855140413972009, 24.93669232209222 ], [ 91.855153516362265, 24.93666827014863 ], [ 91.855159966173517, 24.936638208550779 ], [ 91.855173380424503, 24.936608172395911 ], [ 91.855193324545652, 24.93658413784258 ], [ 91.855206961001301, 24.936554135686588 ], [ 91.855220509616203, 24.93653014086582 ], [ 91.855240744821998, 24.936494133678249 ], [ 91.855247484709281, 24.936476130078539 ], [ 91.85526749882473, 24.936452126249129 ], [ 91.855280780085749, 24.936428116789841 ], [ 91.855300363988007, 24.936404029099261 ], [ 91.855326561281302, 24.936379915853781 ], [ 91.855339654648006, 24.9363618532917 ], [ 91.855352708475195, 24.93633176564699 ], [ 91.855365738240252, 24.936307679247989 ], [ 91.855378844432153, 24.93628360324405 ], [ 91.855385502843333, 24.936271602168439 ], [ 91.855385579148376, 24.93624157060049 ], [ 91.855385642055325, 24.93621152910082 ], [ 91.855385631431076, 24.936193500127821 ], [ 91.855372444318988, 24.936163470696901 ], [ 91.855365881792466, 24.936133442623689 ], [ 91.855365943086071, 24.936103414950281 ], [ 91.85536596735578, 24.936091404264729 ], [ 91.855372877806388, 24.936055445034619 ], [ 91.855399549944167, 24.936043491645052 ], [ 91.855439612009036, 24.936031595398521 ], [ 91.855466176121311, 24.936031621808571 ], [ 91.855499432043089, 24.936019657961399 ], [ 91.855519312041935, 24.93600764855956 ], [ 91.855532625122976, 24.935995663254239 ], [ 91.855565727528031, 24.935977637039041 ], [ 91.855612055609711, 24.935953593746781 ], [ 91.855631934616071, 24.935941584833291 ], [ 91.855665039054941, 24.935923558013869 ], [ 91.855691409883661, 24.935917485325799 ], [ 91.855730936973515, 24.93590535491343 ], [ 91.855750891327958, 24.93589939165583 ], [ 91.855791009455061, 24.935875568384031 ], [ 91.855817687619052, 24.935863662820118 ], [ 91.855851081245405, 24.935857824182399 ], [ 91.855884435518661, 24.935857974597312 ], [ 91.8559176379772, 24.935858036867451 ], [ 91.85595073407994, 24.935858037132821 ], [ 91.855984030829788, 24.93587016998233 ], [ 91.856010718857007, 24.935876296991349 ], [ 91.856043990433619, 24.93589441934272 ], [ 91.856063911600017, 24.935906490579981 ], [ 91.856090400171922, 24.935924488029301 ], [ 91.856116746535733, 24.935930408064799 ], [ 91.856149715270789, 24.935936329108969 ], [ 91.856176188844003, 24.935936328680739 ], [ 91.85620916652347, 24.935942250745239 ], [ 91.856235530270453, 24.935948173750699 ], [ 91.856261848758848, 24.93595406202537 ], [ 91.856288381289374, 24.93595409603633 ], [ 91.856301665426045, 24.935954128677938 ], [ 91.856361433236543, 24.935954274856702 ], [ 91.85640122154507, 24.93595433974032 ], [ 91.856440987280862, 24.93595438168283 ], [ 91.856474170976654, 24.935954461323231 ], [ 91.856500699372617, 24.935960513111809 ], [ 91.856533881892389, 24.935960597934091 ], [ 91.856567081996246, 24.935960705954852 ], [ 91.856593585501514, 24.935960743898999 ], [ 91.85662007982485, 24.93596677496317 ], [ 91.856653194377557, 24.935966812052399 ], [ 91.856679674695854, 24.935972831249369 ], [ 91.856706137234738, 24.935978832920959 ], [ 91.856732591517101, 24.935978826389078 ], [ 91.856772263379895, 24.935978806239511 ], [ 91.856798704698065, 24.935978781903621 ], [ 91.856825147918443, 24.935978757781811 ], [ 91.856858204138916, 24.93597872730389 ], [ 91.856891262893498, 24.935978696982339 ], [ 91.856917711523423, 24.935978673010691 ], [ 91.856950774502579, 24.935978642533001 ], [ 91.856963970923047, 24.936002586466628 ], [ 91.856963948713982, 24.936020554732551 ], [ 91.856950706503696, 24.93603254638084 ], [ 91.856911002141658, 24.936050550034171 ], [ 91.856858089936551, 24.936056584413009 ], [ 91.856825018781578, 24.936062601431981 ], [ 91.856798570619873, 24.936062623411619 ], [ 91.856765514680816, 24.936062652870859 ], [ 91.856732469734069, 24.936062690037708 ], [ 91.856699439389217, 24.9360627397214 ], [ 91.856659717388652, 24.93606872108553 ], [ 91.856646469387783, 24.936068696967642 ], [ 91.856606701726861, 24.936080635309121 ], [ 91.856573554723568, 24.936092583927259 ], [ 91.856533692439655, 24.93611646577488 ], [ 91.856513732370246, 24.93613439448043 ], [ 91.856487144109423, 24.93615232332937 ], [ 91.85647397293971, 24.936176381957321 ], [ 91.856454201162364, 24.936200449645131 ], [ 91.856427767585444, 24.936212475660529 ], [ 91.856401304714865, 24.936224475170881 ], [ 91.856368183523358, 24.936242461135251 ], [ 91.856348297956288, 24.9362484473431 ], [ 91.856315120982998, 24.936260418978868 ], [ 91.856281766649062, 24.93627230124542 ], [ 91.856261683535493, 24.936278204791108 ], [ 91.856221589143317, 24.936284036461888 ], [ 91.856201639958655, 24.936290023535928 ], [ 91.856168381396316, 24.93628995742144 ], [ 91.856128495323503, 24.936289900614799 ], [ 91.856075342473702, 24.936289833499998 ], [ 91.856055427142451, 24.936289816776799 ], [ 91.856015635957732, 24.936295828791501 ], [ 91.855989146817819, 24.936301836653818 ], [ 91.855942830247074, 24.936307866916611 ], [ 91.855903145522603, 24.93631389934535 ], [ 91.855876701434738, 24.93631992546139 ], [ 91.85584362498507, 24.93632594494278 ], [ 91.855817185327325, 24.936337977651199 ], [ 91.855784145481834, 24.936356022497769 ], [ 91.855751061540005, 24.936356031938612 ], [ 91.855724478365701, 24.936368022888221 ], [ 91.85569784908688, 24.936386011709061 ], [ 91.855677785439852, 24.936416006920421 ], [ 91.85565774987073, 24.936440006159941 ], [ 91.85563767801348, 24.936470012343371 ], [ 91.855637577991203, 24.936488021901258 ], [ 91.855624082075053, 24.93651802511182 ], [ 91.855617341128664, 24.93654806545641 ], [ 91.855610628804243, 24.936578108849641 ], [ 91.85560392434509, 24.936602145689331 ], [ 91.855603725583762, 24.936632177190141 ], [ 91.855603626204626, 24.93666222798031 ], [ 91.855603631032039, 24.93669830393965 ], [ 91.855603641086404, 24.93672836790687 ], [ 91.855597015051558, 24.936764443385371 ], [ 91.855597027045491, 24.9367704553148 ], [ 91.855577229052045, 24.936806525197699 ], [ 91.855557389919738, 24.936830577049591 ], [ 91.855544181190112, 24.93685462358518 ], [ 91.855524285075433, 24.93688469500902 ], [ 91.855510931641561, 24.936908733285939 ], [ 91.855497497380412, 24.936944813069719 ], [ 91.855490682329247, 24.936980891998839 ], [ 91.855477412606973, 24.937010956695641 ], [ 91.855457503931376, 24.937041025072588 ], [ 91.855450897648183, 24.937065073777902 ], [ 91.855430995425834, 24.937095138575231 ], [ 91.855417735638966, 24.937119189638238 ], [ 91.855411141750963, 24.937149248222742 ], [ 91.855411203049854, 24.937179302278931 ], [ 91.855411288396709, 24.937221374836032 ], [ 91.855411361515579, 24.937257434087151 ], [ 91.85541806350534, 24.937281467859069 ], [ 91.855418259927333, 24.937311483118219 ], [ 91.855418424285617, 24.937335489329179 ], [ 91.855418511201137, 24.937359512403081 ], [ 91.855425178363646, 24.937383544493791 ], [ 91.855445262910138, 24.937413541806102 ], [ 91.855465378695015, 24.937425495419198 ], [ 91.855498910140881, 24.93743739671093 ], [ 91.855525573979534, 24.937437351221352 ], [ 91.855558753444157, 24.937425321629359 ], [ 91.855585242553417, 24.937407304026259 ], [ 91.855605081601226, 24.93738929287607 ], [ 91.855624840999823, 24.937371302647541 ], [ 91.855644509722481, 24.93735333765008 ], [ 91.855677356781626, 24.93733538821159 ], [ 91.855703904244891, 24.937323360107222 ], [ 91.855723809336155, 24.93731133906396 ], [ 91.855756822337355, 24.93731137368615 ], [ 91.855789808919951, 24.937305407134321 ], [ 91.855816243283371, 24.937305435896789 ], [ 91.855855944868026, 24.937305457412641 ], [ 91.855882413551996, 24.93730547161811 ], [ 91.855902270298799, 24.937317503354279 ], [ 91.855922127330572, 24.937329535166281 ], [ 91.855948618710983, 24.937359597794739 ], [ 91.855968554963994, 24.93738362722026 ], [ 91.855988453123516, 24.937401657515121 ], [ 91.85601491952778, 24.937419709846171 ], [ 91.856041370379614, 24.937437775038941 ], [ 91.856061626200031, 24.937449642623761 ], [ 91.856088423613841, 24.937455528413711 ], [ 91.856128428936856, 24.93745541867203 ], [ 91.856154776100908, 24.937455492097389 ], [ 91.856187560289385, 24.937449646950341 ], [ 91.856213971429469, 24.937437673165661 ], [ 91.856240616563724, 24.937425592548141 ], [ 91.856273925842615, 24.937413494258969 ], [ 91.856307106433249, 24.93739544995243 ], [ 91.85633351953328, 24.937377467752562 ], [ 91.856353331621733, 24.937359472091469 ], [ 91.856373149780609, 24.937335459132331 ], [ 91.856386380355005, 24.937317440469869 ], [ 91.856399611938585, 24.937293410659588 ], [ 91.856413003466074, 24.937269318640571 ], [ 91.856426383460274, 24.937239224119381 ], [ 91.856433089944403, 24.937215160097249 ], [ 91.85645307385964, 24.937191092104602 ], [ 91.856466400823891, 24.937173044842549 ], [ 91.856486359073301, 24.937154997804079 ], [ 91.856506351561805, 24.937124929722639 ], [ 91.856539601371992, 24.937094865157292 ], [ 91.856559611752459, 24.937064805695371 ], [ 91.856572977315082, 24.93704076153891 ], [ 91.856592945224605, 24.937022729379901 ], [ 91.856612908488088, 24.937004701744542 ], [ 91.85663953148898, 24.936992671378789 ], [ 91.856659540615766, 24.936974631520449 ], [ 91.856699390087613, 24.936956623910689 ], [ 91.856732425636267, 24.93693863279298 ], [ 91.856765465623056, 24.936920639103739 ], [ 91.856791842615564, 24.936908651562529 ], [ 91.856818096814379, 24.936896667409439 ], [ 91.856844397353967, 24.936884675197941 ], [ 91.856864151181895, 24.936872670426951 ], [ 91.856897059037294, 24.93685466057088 ], [ 91.856916894131103, 24.936848656865571 ], [ 91.856936795774089, 24.93683664211969 ], [ 91.856963306536301, 24.936812613613242 ], [ 91.856976557629736, 24.936788583837721 ], [ 91.856989800954565, 24.936770561043851 ], [ 91.857009670430557, 24.936740522144941 ], [ 91.857022947588248, 24.936716499657091 ], [ 91.857029591929916, 24.93669848402546 ], [ 91.857042868803916, 24.93667446559758 ], [ 91.857062756931271, 24.936644437684119 ], [ 91.85707600722661, 24.936626419025519 ], [ 91.857095880731563, 24.936602392947439 ], [ 91.857122374612175, 24.93657836469853 ], [ 91.857129004255455, 24.936560348497839 ], [ 91.857142258449443, 24.936530321942222 ], [ 91.857148887558935, 24.936512306846989 ], [ 91.857168763942312, 24.936482276566771 ], [ 91.857195259583563, 24.936446238423219 ], [ 91.857221753576795, 24.936416203687319 ], [ 91.857235001426858, 24.93639818409218 ], [ 91.857248247957571, 24.936386168317501 ], [ 91.857274733105726, 24.93635612717344 ], [ 91.857307881826841, 24.936332156299802 ], [ 91.857341019003684, 24.936308197824321 ], [ 91.857374137676501, 24.936284201704169 ], [ 91.857387381423194, 24.936266170465171 ], [ 91.857413868791213, 24.936248147603632 ], [ 91.857440364746438, 24.93623018406398 ], [ 91.857466856758265, 24.93621824896525 ], [ 91.857486723048197, 24.936200217670649 ], [ 91.857506587043574, 24.936182219141891 ], [ 91.857519828097622, 24.936170277343489 ], [ 91.857559542386525, 24.936146386321631 ], [ 91.857586015676077, 24.936128423061941 ], [ 91.8576191028056, 24.93610447251303 ], [ 91.857652201752813, 24.93608644251146 ], [ 91.857672055974888, 24.936080452148499 ], [ 91.857698520250864, 24.936062491049569 ], [ 91.857731600326133, 24.93604453026002 ], [ 91.857771289121388, 24.93602058706778 ], [ 91.85779113125956, 24.936008616574991 ], [ 91.857824194055979, 24.935984680706081 ], [ 91.857857259220992, 24.93596672855476 ], [ 91.857914746530852, 24.935943761906419 ], [ 91.857996076455933, 24.935906979917611 ] ] ] } },
{ "type": "Feature", "properties": { "name": "tea5", "area_ha": 1.0, "provisional": false, "source": "hand-digitised, Google Earth Pro sub-metre imagery", "digitised": "2026-08-06" }, "geometry": { "type": "Polygon", "coordinates": [ [ [ 91.854410803954053, 24.93949966475553 ], [ 91.854451951595863, 24.939500576418919 ], [ 91.854493079415136, 24.939510076261421 ], [ 91.854520327895969, 24.93955889161581 ], [ 91.854529475136928, 24.93957225274432 ], [ 91.854566299476915, 24.939607725764319 ], [ 91.854598682480628, 24.93963375488774 ], [ 91.854631119786745, 24.93964210691637 ], [ 91.854635751248523, 24.939642041321921 ], [ 91.854709869423004, 24.939645610090921 ], [ 91.854755940162903, 24.93963130082853 ], [ 91.854774402642164, 24.939630848895181 ], [ 91.854875737028124, 24.93960936513254 ], [ 91.854902953256953, 24.939587637562791 ], [ 91.854916354409823, 24.939570170073889 ], [ 91.854970367855742, 24.939526740267219 ], [ 91.855120200510584, 24.939306464229521 ], [ 91.855169655480623, 24.93948457811447 ], [ 91.855267629664908, 24.93951982621439 ], [ 91.855376481314451, 24.939576574147011 ], [ 91.855465811531275, 24.939606862080119 ], [ 91.855571076322192, 24.939597719766081 ], [ 91.855598352990356, 24.939593254272761 ], [ 91.855697376041277, 24.939566788641532 ], [ 91.855754425285284, 24.939588552223601 ], [ 91.855723704852522, 24.939606098871892 ], [ 91.855675918020793, 24.93964139085325 ], [ 91.855559008222031, 24.939682096690682 ], [ 91.855468236485194, 24.939709408300288 ], [ 91.855382091527787, 24.93974538633789 ], [ 91.85533132479712, 24.93975442888053 ], [ 91.855219097660893, 24.939746080193839 ], [ 91.855176275806599, 24.93972422556179 ], [ 91.855113756353703, 24.939671369025159 ], [ 91.855034227706994, 24.939653403462291 ], [ 91.854905758850236, 24.93970663211379 ], [ 91.854911275648533, 24.93974237651252 ], [ 91.854903593900701, 24.93981785080452 ], [ 91.854909051582609, 24.939861002916679 ], [ 91.854792687706592, 24.9399154792087 ], [ 91.854736637334852, 24.939952502939349 ], [ 91.854684847805586, 24.939993198238501 ], [ 91.854656312462851, 24.939998994185611 ], [ 91.854575209866454, 24.940028974326939 ], [ 91.854493712102922, 24.940057408369341 ], [ 91.854407229383966, 24.94008736984615 ], [ 91.854339845285111, 24.940104915915711 ], [ 91.854252250219503, 24.940148664764489 ], [ 91.854134118938433, 24.940221446445499 ], [ 91.854074430764669, 24.940260802778159 ], [ 91.854080672392996, 24.940370091236499 ], [ 91.854036686232362, 24.94049047526287 ], [ 91.854021516165602, 24.940614596613781 ], [ 91.854021065389674, 24.940741593210468 ], [ 91.854036507367809, 24.940854877035949 ], [ 91.854057220102575, 24.94097501475073 ], [ 91.854091747702626, 24.941129007299239 ], [ 91.854006972521603, 24.94105383267285 ], [ 91.85395861250656, 24.94098222781555 ], [ 91.853904006722672, 24.94083708416483 ], [ 91.853883470533958, 24.94074140971426 ], [ 91.853871847556334, 24.940579259882249 ], [ 91.85384911128935, 24.940446762799091 ], [ 91.853839484161611, 24.94035576019046 ], [ 91.853844743709772, 24.940261563632351 ], [ 91.853828931174334, 24.94019783116558 ], [ 91.853813213012117, 24.94004948707892 ], [ 91.853833373231254, 24.939950072942079 ], [ 91.853794112664502, 24.939889877548399 ], [ 91.853758965977974, 24.939848007193788 ], [ 91.853694648567142, 24.93982455249246 ], [ 91.853601260905847, 24.939815110424931 ], [ 91.853586268577828, 24.93977249063763 ], [ 91.853623049601254, 24.93972952862558 ], [ 91.853724602868098, 24.939694418157991 ], [ 91.853787615356921, 24.939646558468841 ], [ 91.853943030711036, 24.939593986423471 ], [ 91.854026065825167, 24.939590555672421 ], [ 91.854143178412798, 24.939549530309922 ], [ 91.854259440159865, 24.939512301277329 ], [ 91.854365147530132, 24.939498478631279 ], [ 91.854410803954053, 24.93949966475553 ] ] ] } },
{ "type": "Feature", "properties": { "name": "tea6", "area_ha": 1.8, "provisional": false, "source": "hand-digitised, Google Earth Pro sub-metre imagery", "digitised": "2026-08-06" }, "geometry": { "type": "Polygon", "coordinates": [ [ [ 91.859939434192626, 24.939625538746871 ], [ 91.859895391750769, 24.939648274546428 ], [ 91.859776155220118, 24.939642266529891 ], [ 91.859749743248798, 24.939635346307021 ], [ 91.85974558495964, 24.939632027927029 ], [ 91.859701201958046, 24.939614467915181 ], [ 91.859663327613106, 24.93956850567055 ], [ 91.859668493110931, 24.939531215661511 ], [ 91.859667724112754, 24.93951414304421 ], [ 91.859681703116948, 24.939472973895189 ], [ 91.859681066868532, 24.939431613415039 ], [ 91.859678187312738, 24.93940719614983 ], [ 91.859686893913178, 24.939379316014168 ], [ 91.859714233310285, 24.939351540035268 ], [ 91.859729630463761, 24.939341144974851 ], [ 91.859749236898949, 24.939296139861241 ], [ 91.859767439663244, 24.939261725870249 ], [ 91.859770436583403, 24.93922727839 ], [ 91.859814443952231, 24.939185992459041 ], [ 91.859829354595064, 24.93916526901566 ], [ 91.859833021820748, 24.93915836238369 ], [ 91.859828418604067, 24.939092656821121 ], [ 91.859805437840294, 24.93903033826302 ], [ 91.859801653789944, 24.93902687477928 ], [ 91.859783372203054, 24.93896110704177 ], [ 91.859822507115922, 24.93891266638833 ], [ 91.859875377321615, 24.93890573400758 ], [ 91.859940059364618, 24.938884958388531 ], [ 91.859967172378816, 24.938850379674982 ], [ 91.86000530212381, 24.938812320869889 ], [ 91.860016667326235, 24.93879847400596 ], [ 91.86001706621208, 24.938770842331071 ], [ 91.860005119937469, 24.93868428216102 ], [ 91.860004915729903, 24.938670404549448 ], [ 91.860012282123108, 24.938625363255522 ], [ 91.860012291861082, 24.938618442263451 ], [ 91.860082788640582, 24.938598083245079 ], [ 91.860120237364185, 24.938570228642369 ], [ 91.860119001734816, 24.938528407953971 ], [ 91.86011787378925, 24.938489999603991 ], [ 91.860148150912693, 24.938458731439429 ], [ 91.86024143803013, 24.93843020576001 ], [ 91.860370654257167, 24.938384717907262 ], [ 91.860397230783349, 24.938360312487731 ], [ 91.860382457189274, 24.938336259692679 ], [ 91.860349572263658, 24.938284968530329 ], [ 91.86034216558842, 24.938281621067119 ], [ 91.860294376368202, 24.93825137799843 ], [ 91.860287155611005, 24.938241211333882 ], [ 91.860302758723606, 24.938206772782411 ], [ 91.860366729210227, 24.938164720238209 ], [ 91.860468928706695, 24.938112177341591 ], [ 91.860484156287058, 24.93810174209521 ], [ 91.860495600365823, 24.93809479824003 ], [ 91.860568066183404, 24.938070431527319 ], [ 91.860606082211248, 24.938070267089781 ], [ 91.860655016901717, 24.938062694914159 ], [ 91.860700384492276, 24.938048337631319 ], [ 91.860772799958539, 24.938034162429791 ], [ 91.860780437296185, 24.93803414175073 ], [ 91.860849566283875, 24.93802396178333 ], [ 91.860946821809307, 24.938022381619181 ], [ 91.860993189020377, 24.938036910104639 ], [ 91.86102367779209, 24.938054147165889 ], [ 91.861057566340691, 24.938088149137201 ], [ 91.861061477089223, 24.93808826899803 ], [ 91.861087634715844, 24.938122132300439 ], [ 91.861087243389917, 24.938135492317951 ], [ 91.861090409291933, 24.938158935308529 ], [ 91.861101511728023, 24.93818623028864 ], [ 91.861128011102721, 24.938213617192041 ], [ 91.861135555412815, 24.938255181918219 ], [ 91.861166280503525, 24.93827957399958 ], [ 91.861223602572423, 24.938293227642099 ], [ 91.861227420625653, 24.938293203762299 ], [ 91.861311975803318, 24.93830390229207 ], [ 91.861361994584826, 24.938304213469621 ], [ 91.861369676527673, 24.93830424686309 ], [ 91.861438723081264, 24.938304390947401 ], [ 91.861457847693245, 24.938304309238511 ], [ 91.86146933581486, 24.938307766352668 ], [ 91.861584075628457, 24.938303269236201 ], [ 91.861603258247555, 24.938306728323031 ], [ 91.861668497614104, 24.938303157905839 ], [ 91.861683851806504, 24.93830663527071 ], [ 91.861779816254653, 24.938306610532742 ], [ 91.861837380455384, 24.938306704153181 ], [ 91.861845054162245, 24.93830671775525 ], [ 91.861906417329479, 24.938324284811191 ], [ 91.861960072720208, 24.938331415745761 ], [ 91.861971569413768, 24.938331444878902 ], [ 91.862029026025795, 24.93834552472882 ], [ 91.862059282849756, 24.938453984068421 ], [ 91.862058885299248, 24.93851010644779 ], [ 91.862001380661795, 24.938524192460179 ], [ 91.861943866857757, 24.938538391968709 ], [ 91.861909294971483, 24.938549227807719 ], [ 91.861825174624514, 24.938553387820541 ], [ 91.861817543991222, 24.938553438023529 ], [ 91.861767940333323, 24.938554300223281 ], [ 91.861737522474527, 24.93854419954506 ], [ 91.861729923422942, 24.938540770751938 ], [ 91.861699469554992, 24.938512351305249 ], [ 91.861691690689483, 24.93847223870177 ], [ 91.861668764766733, 24.93845502653387 ], [ 91.861623174378778, 24.93845635379817 ], [ 91.861539977765503, 24.93846161671889 ], [ 91.861495252545183, 24.93848749876447 ], [ 91.861426558969782, 24.93851410789533 ], [ 91.861353072813273, 24.938550329438481 ], [ 91.861329969460911, 24.93857768680191 ], [ 91.86128943421312, 24.938664975012571 ], [ 91.861271431201402, 24.938720602477758 ], [ 91.861249744138604, 24.938796571977718 ], [ 91.861199887609942, 24.938878735608981 ], [ 91.861206559441669, 24.938937275922171 ], [ 91.861208904751535, 24.93899520161872 ], [ 91.861203514057124, 24.939062810099418 ], [ 91.861219871596376, 24.939119943089409 ], [ 91.861216241603898, 24.93915029446201 ], [ 91.86117120959878, 24.9391841903741 ], [ 91.861163893619121, 24.939180763300111 ], [ 91.86114544904845, 24.939157070088459 ], [ 91.861122017519136, 24.93911344306866 ], [ 91.861123186554565, 24.939039765551019 ], [ 91.861107431323234, 24.939012734379808 ], [ 91.86107060731851, 24.938981806327661 ], [ 91.860962302300806, 24.938957594027201 ], [ 91.860913546524628, 24.93896798834496 ], [ 91.860861132217082, 24.938978362611831 ], [ 91.860815050422303, 24.938978364816879 ], [ 91.860766226869984, 24.938999083516261 ], [ 91.860708115245359, 24.939040340059169 ], [ 91.86067742572051, 24.93909159464539 ], [ 91.860642989883246, 24.939132848812228 ], [ 91.860641508557904, 24.93918315819419 ], [ 91.86061805220001, 24.939270164722899 ], [ 91.860589460322103, 24.93932289244956 ], [ 91.860477983694821, 24.939359000600611 ], [ 91.860419521160964, 24.93934450943371 ], [ 91.860322533609022, 24.939368107534492 ], [ 91.860228244439696, 24.93941967106975 ], [ 91.860209546642153, 24.939452261988048 ], [ 91.860057762244466, 24.939501438379299 ], [ 91.860049543815009, 24.939505054070079 ], [ 91.859923024713495, 24.939567549212871 ], [ 91.859939434192626, 24.939625538746871 ] ] ] } },
{ "type": "Feature", "properties": { "name": "tea7", "area_ha": 21.9, "provisional": false, "source": "hand-digitised, Google Earth Pro sub-metre imagery", "digitised": "2026-08-06" }, "geometry": { "type": "Polygon", "coordinates": [ [ [ 91.851795101994824, 24.916184109465011 ], [ 91.851853480326028, 24.91599926038657 ], [ 91.85192663986706, 24.915847256828901 ], [ 91.851936102807329, 24.915695209350979 ], [ 91.851988571131969, 24.915551230220711 ], [ 91.852080214952267, 24.915475040756 ], [ 91.852158902113615, 24.915364633714471 ], [ 91.852159008769576, 24.915236314635649 ], [ 91.852209808422458, 24.915099854271482 ], [ 91.852303843224121, 24.91506109760244 ], [ 91.852384963561605, 24.915263544803711 ], [ 91.852412902489817, 24.915373872949129 ], [ 91.852548196394508, 24.91539501821018 ], [ 91.85269822154433, 24.915171400642159 ], [ 91.852869164178614, 24.915132433997961 ], [ 91.852895534080716, 24.915300718220021 ], [ 91.852821081463517, 24.915461771089689 ], [ 91.85288226808305, 24.915620960169971 ], [ 91.852885944311339, 24.915641542869789 ], [ 91.852937031929514, 24.915703678529969 ], [ 91.852947474290374, 24.915714083276178 ], [ 91.853067057894862, 24.915782332652729 ], [ 91.853066170139599, 24.915792742626021 ], [ 91.853149011326707, 24.915829887988401 ], [ 91.853148040166587, 24.915840421648468 ], [ 91.853256186755004, 24.915876591428219 ], [ 91.853337142244754, 24.91595589034052 ], [ 91.853493648849621, 24.9159666611205 ], [ 91.853605821689442, 24.91594551491724 ], [ 91.85384040803703, 24.915919081008848 ], [ 91.853975415259598, 24.91589787731623 ], [ 91.854033419856762, 24.915903047551701 ], [ 91.854056894807101, 24.91603034293648 ], [ 91.853905865800996, 24.916126617117111 ], [ 91.853876497802204, 24.9161266059421 ], [ 91.853679029168958, 24.916226180419969 ], [ 91.853660331873044, 24.916355640474318 ], [ 91.853627009242913, 24.91641092235794 ], [ 91.853521236495752, 24.91648279066694 ], [ 91.853430624981343, 24.916504639025248 ], [ 91.853269302087426, 24.916535623874431 ], [ 91.853263403728093, 24.91653555555229 ], [ 91.853147063164755, 24.916599876653219 ], [ 91.853198204350079, 24.916767962170312 ], [ 91.853209137616375, 24.916779472110409 ], [ 91.853330585303837, 24.91678528151785 ], [ 91.853336339666981, 24.916785617031621 ], [ 91.853422649469493, 24.916796111963642 ], [ 91.853590071092142, 24.916691757199249 ], [ 91.853603741702855, 24.916663733841681 ], [ 91.853671214862914, 24.91655067836097 ], [ 91.853789293844997, 24.916472511386679 ], [ 91.853795906882866, 24.916461365295589 ], [ 91.853922603178006, 24.916423022026091 ], [ 91.854024901070915, 24.91638020601739 ], [ 91.854077743220103, 24.916391402197529 ], [ 91.854081813799695, 24.91643552146305 ], [ 91.854098967889158, 24.916586644935769 ], [ 91.854104154262885, 24.91660370532642 ], [ 91.854109404533148, 24.916747189310751 ], [ 91.853970928170014, 24.91686205820784 ], [ 91.853969773055894, 24.916885252669822 ], [ 91.853900788918608, 24.916925856770721 ], [ 91.853825164698321, 24.91697238131017 ], [ 91.853823748032653, 24.916996002405469 ], [ 91.853821804585607, 24.917025936280989 ], [ 91.853815298532041, 24.91713864157574 ], [ 91.853465027895695, 24.917196140364361 ], [ 91.853251592442945, 24.917185870573238 ], [ 91.853222462043732, 24.91717350819534 ], [ 91.853186750535428, 24.917167087782222 ], [ 91.853168604225445, 24.91716689662778 ], [ 91.853098244517994, 24.91720775128617 ], [ 91.853094099896182, 24.917249855181179 ], [ 91.853108416147407, 24.917393415888679 ], [ 91.853119535577989, 24.917405728909269 ], [ 91.853177396793484, 24.91755257564197 ], [ 91.853181890706921, 24.917623968842349 ], [ 91.853199526638875, 24.917689716115159 ], [ 91.853259536587771, 24.91769991929996 ], [ 91.85333164464366, 24.917646408215042 ], [ 91.85356018200693, 24.91757714088266 ], [ 91.853699053508421, 24.91757507982107 ], [ 91.853711657606269, 24.917574917326061 ], [ 91.853818487381545, 24.917584838320259 ], [ 91.853897092930737, 24.917635071140289 ], [ 91.854087778737835, 24.917690747752861 ], [ 91.854085817886627, 24.917734846411442 ], [ 91.854150096505535, 24.91784008237034 ], [ 91.854149291739091, 24.91785929528449 ], [ 91.854191832834857, 24.917915921437931 ], [ 91.85420441659133, 24.917922035202629 ], [ 91.854330625966966, 24.917966493735811 ], [ 91.854452869229789, 24.917972616005891 ], [ 91.854497736677871, 24.917976805328831 ], [ 91.854849999711575, 24.91792404942812 ], [ 91.854920089202224, 24.917846518689618 ], [ 91.854920174014183, 24.917828077932949 ], [ 91.85500863477634, 24.917640927612169 ], [ 91.8551330858716, 24.917556420396249 ], [ 91.855182360530677, 24.917473296052219 ], [ 91.855311936867665, 24.917473034524001 ], [ 91.855460071512326, 24.917397328405041 ], [ 91.855508762626187, 24.917324427319279 ], [ 91.855642821598835, 24.91723811469431 ], [ 91.855721663949723, 24.917191768934881 ], [ 91.855848907285903, 24.917149585343239 ], [ 91.855925024173814, 24.91710295893041 ], [ 91.856009348289746, 24.91710524988893 ], [ 91.856112554950812, 24.91710420335043 ], [ 91.856172943980468, 24.91710297574485 ], [ 91.856382576975392, 24.917085991645159 ], [ 91.856470446210594, 24.91708037933828 ], [ 91.856522460283685, 24.917076170128681 ], [ 91.856579657571714, 24.917070898250788 ], [ 91.85679301020032, 24.91694638600573 ], [ 91.856974406409492, 24.91688027749883 ], [ 91.856987364610077, 24.91688655866157 ], [ 91.857047347924123, 24.916919180596999 ], [ 91.857122301398064, 24.917035665194661 ], [ 91.857098680335, 24.917128681277401 ], [ 91.857085565592229, 24.917166313072691 ], [ 91.85704653506518, 24.91724172182618 ], [ 91.857035623857513, 24.917254001809528 ], [ 91.85701522109963, 24.91729634838779 ], [ 91.857002776282613, 24.917408225484071 ], [ 91.857024392166466, 24.917433685066651 ], [ 91.856902794596934, 24.917547891046329 ], [ 91.856908067709355, 24.917593527413111 ], [ 91.856900338819671, 24.917643962027359 ], [ 91.856923653079903, 24.917747456105641 ], [ 91.856935630626737, 24.917805415373721 ], [ 91.856946253016432, 24.917861300002031 ], [ 91.857009954957761, 24.917959195977659 ], [ 91.857023583520672, 24.917971601368489 ], [ 91.857036766512294, 24.91797781613359 ], [ 91.857228824963471, 24.918055848855399 ], [ 91.857467894695489, 24.9180845535085 ], [ 91.857493411735803, 24.91808468304712 ], [ 91.857565777421812, 24.918109773999969 ], [ 91.857626000176111, 24.918113767555759 ], [ 91.857746789089504, 24.918217412958121 ], [ 91.857767839966542, 24.918348930038501 ], [ 91.857768064050134, 24.918354718828731 ], [ 91.857810725359101, 24.918409723445571 ], [ 91.857824241461017, 24.918416110870972 ], [ 91.857878660426834, 24.91844757883829 ], [ 91.857904088344768, 24.918521883526331 ], [ 91.857787069367376, 24.918612591665109 ], [ 91.857773774707681, 24.91861205715654 ], [ 91.857591144572112, 24.918604898356548 ], [ 91.857302705337972, 24.918723801742519 ], [ 91.857194153940696, 24.918832967300961 ], [ 91.857195273408422, 24.918862878617151 ], [ 91.85712716142605, 24.91899986271315 ], [ 91.857134002608831, 24.91900610003427 ], [ 91.857151054780616, 24.9190702470672 ], [ 91.857154226758581, 24.91911047257889 ], [ 91.857156192496873, 24.919137029354559 ], [ 91.857107726242816, 24.919207341485318 ], [ 91.857020280307211, 24.91934010704988 ], [ 91.857283698630923, 24.91956025448323 ], [ 91.857515506322358, 24.919698871399451 ], [ 91.85773407463553, 24.919740116289471 ], [ 91.858080475551205, 24.919779481955558 ], [ 91.858225584152819, 24.920137942245951 ], [ 91.858313782890335, 24.920207959579759 ], [ 91.858486984022733, 24.920408554311269 ], [ 91.85844045374418, 24.920586166233331 ], [ 91.85816611034474, 24.920835763757921 ], [ 91.858088506216376, 24.92106992351972 ], [ 91.858091166487739, 24.921109917377368 ], [ 91.858026348259401, 24.921279554499989 ], [ 91.858098061856495, 24.921494935054259 ], [ 91.858160380726005, 24.92153476037219 ], [ 91.858331598592599, 24.92148221231415 ], [ 91.858347065356909, 24.921438254069098 ], [ 91.858786136248241, 24.92130302608998 ], [ 91.858881227239962, 24.921683457025502 ], [ 91.858934848493604, 24.921814497545629 ], [ 91.858994277645678, 24.922009387602081 ], [ 91.858793730803427, 24.92219176255594 ], [ 91.858547023148006, 24.922085043899902 ], [ 91.858520272133475, 24.922035849002139 ], [ 91.858122722999582, 24.92197591222466 ], [ 91.858081749999386, 24.92195680882903 ], [ 91.857944980419248, 24.9219313309451 ], [ 91.857800117609187, 24.922141212720579 ], [ 91.857407322142024, 24.922223708754849 ], [ 91.856980132081659, 24.922200881894732 ], [ 91.856829737158506, 24.92207110936948 ], [ 91.856879751945016, 24.921936416013718 ], [ 91.856895045296767, 24.92187056429152 ], [ 91.85697895403537, 24.92133507909486 ], [ 91.85699148477245, 24.921091221663879 ], [ 91.856986204433809, 24.92102613691544 ], [ 91.857087645783722, 24.9206086009107 ], [ 91.857112934207876, 24.920421488764841 ], [ 91.857101050531398, 24.920257377668641 ], [ 91.85709424229654, 24.920156608285168 ], [ 91.857072031077195, 24.920099724417391 ], [ 91.857001963685946, 24.919903911845321 ], [ 91.856980181147051, 24.919864855265651 ], [ 91.856750718010446, 24.919626659700111 ], [ 91.856707506835932, 24.919582456130961 ], [ 91.856533860669643, 24.919552407920939 ], [ 91.856471467985386, 24.919491700621219 ], [ 91.856182491155238, 24.919465040604258 ], [ 91.856132573214978, 24.91981223361282 ], [ 91.856154236640435, 24.919835085594499 ], [ 91.856268170165364, 24.920032066627769 ], [ 91.856181907337756, 24.92020191255488 ], [ 91.85578750079442, 24.920517970247062 ], [ 91.855798804943788, 24.92069132153178 ], [ 91.855871695104099, 24.920888920269249 ], [ 91.855929325160105, 24.921187593083939 ], [ 91.856005439064646, 24.921447405340079 ], [ 91.856085197140871, 24.921463219471288 ], [ 91.856170768069177, 24.921566801391482 ], [ 91.856230112524486, 24.92183613232972 ], [ 91.855869636197298, 24.921878730862581 ], [ 91.855604896823067, 24.921886251898691 ], [ 91.855544647385756, 24.921887026183171 ], [ 91.855307351188742, 24.9219399916241 ], [ 91.855109442938229, 24.92197401790327 ], [ 91.854678620402112, 24.92181980761654 ], [ 91.854507480789309, 24.921544470306269 ], [ 91.854485119603723, 24.921481108113859 ], [ 91.854376989782907, 24.921250841845119 ], [ 91.854380987056771, 24.920826173614032 ], [ 91.854499400114292, 24.920267444017071 ], [ 91.854491884776152, 24.920063186198341 ], [ 91.854488612815487, 24.919980517980761 ], [ 91.854235420401963, 24.91947591275472 ], [ 91.853879023358331, 24.919351110763699 ], [ 91.853698307101411, 24.91917050782158 ], [ 91.853520808328938, 24.919055867165731 ], [ 91.853185444705261, 24.918836499965529 ], [ 91.852916634661838, 24.919011646543581 ], [ 91.852821082367839, 24.919128179325959 ], [ 91.852609247318341, 24.91928941910999 ], [ 91.852200896574601, 24.919398391206951 ], [ 91.851849140810515, 24.9193815648987 ], [ 91.851790035342276, 24.919200207352151 ], [ 91.851770004886504, 24.91897905719755 ], [ 91.851789269852929, 24.918901755698311 ], [ 91.851847126853315, 24.918782761710769 ], [ 91.852039790893599, 24.918583812483789 ], [ 91.852154932305254, 24.918499102082691 ], [ 91.852250664941749, 24.91843521680606 ], [ 91.852442826622877, 24.91839300660892 ], [ 91.852670762082425, 24.918209243266421 ], [ 91.852819750487072, 24.917984833593849 ], [ 91.852838421097886, 24.917964206206051 ], [ 91.852986126414152, 24.917757819967161 ], [ 91.85300439462074, 24.917718953475021 ], [ 91.853035782933972, 24.917423948230049 ], [ 91.852918767435639, 24.917283970571209 ], [ 91.852838779902882, 24.917101683654071 ], [ 91.852589495495437, 24.91686379387674 ], [ 91.852402736991294, 24.91681019202953 ], [ 91.852120886455864, 24.916663348529841 ], [ 91.851951653633307, 24.916625634550481 ], [ 91.851707394629415, 24.916509082054262 ], [ 91.851688240087213, 24.916209894903542 ], [ 91.851795101994824, 24.916184109465011 ] ] ] } },
{ "type": "Feature", "properties": { "name": "tea8", "area_ha": 109.9, "provisional": false, "source": "hand-digitised, Google Earth Pro sub-metre imagery", "digitised": "2026-08-06" }, "geometry": { "type": "Polygon", "coordinates": [ [ [ 91.857243919783826, 24.928948858423219 ], [ 91.857198460496932, 24.928856889784988 ], [ 91.857356665310746, 24.928612647969011 ], [ 91.857416208858751, 24.928413046983682 ], [ 91.857867402093845, 24.928393720216889 ], [ 91.857974930752263, 24.928452260195659 ], [ 91.858286741089501, 24.928423219813901 ], [ 91.858352179626849, 24.928326082583698 ], [ 91.858417361960335, 24.928228924227149 ], [ 91.858515119175493, 24.928083209609269 ], [ 91.858580307739288, 24.927985976131801 ], [ 91.858931476826172, 24.927414191082519 ], [ 91.859134320719775, 24.927126294235158 ], [ 91.859258348935867, 24.927360600222201 ], [ 91.860717882855198, 24.92838431962997 ], [ 91.860934019098579, 24.928496546045888 ], [ 91.861136902453339, 24.92860401258605 ], [ 91.861810213757849, 24.9288748723373 ], [ 91.861946276807998, 24.928948470121028 ], [ 91.862048734590175, 24.92900517792134 ], [ 91.862420777873794, 24.928778834855279 ], [ 91.862782137867043, 24.928582374349681 ], [ 91.862982239090996, 24.928328356868882 ], [ 91.863014751436125, 24.9282799942265 ], [ 91.863295213393471, 24.92783789317734 ], [ 91.863373539892194, 24.92771507187226 ], [ 91.863547417573599, 24.927445485508319 ], [ 91.863909094570204, 24.92734484847119 ], [ 91.864617633151639, 24.92683896930291 ], [ 91.865174737742549, 24.927140401108169 ], [ 91.865456014386965, 24.927395680127571 ], [ 91.865521888393687, 24.927465183326561 ], [ 91.86551193748295, 24.927592165199389 ], [ 91.866160936836977, 24.927783162017921 ], [ 91.866558171166645, 24.92757164041857 ], [ 91.86666718918498, 24.92739813170417 ], [ 91.867187148042589, 24.927314639736061 ], [ 91.867495251738063, 24.92728157595182 ], [ 91.867926070834812, 24.9275186478127 ], [ 91.868329155168965, 24.927740270744589 ], [ 91.868366037938401, 24.927792536351909 ], [ 91.868522638836055, 24.928202670880431 ], [ 91.868485367031454, 24.928480711464118 ], [ 91.868496173077119, 24.928519795202671 ], [ 91.868415687763658, 24.928641421203249 ], [ 91.868406233228541, 24.929100698004941 ], [ 91.868400756784851, 24.929163764665521 ], [ 91.868534081957193, 24.9294012308658 ], [ 91.868501865518908, 24.929449813377779 ], [ 91.868662257810286, 24.930198562841589 ], [ 91.868694850020375, 24.930315690644139 ], [ 91.868685201948949, 24.93044301777109 ], [ 91.869038917154711, 24.930802143164701 ], [ 91.869076339832873, 24.93085545044724 ], [ 91.869364569305844, 24.93107826934164 ], [ 91.869417800019519, 24.931107254799489 ], [ 91.870185040271011, 24.931259968282571 ], [ 91.870254635922961, 24.931264754052101 ], [ 91.870677950172222, 24.93090057731898 ], [ 91.870742247892693, 24.93080352609114 ], [ 91.871278291953189, 24.930599209121059 ], [ 91.871823825365709, 24.931095441383221 ], [ 91.871877191563328, 24.931124683398 ], [ 91.871935657844233, 24.93125595624478 ], [ 91.872711982406187, 24.931513462563061 ], [ 91.872792089628319, 24.931557206292879 ], [ 91.873040386346872, 24.9312947333677 ], [ 91.873111074353432, 24.9311341865474 ], [ 91.873148892407599, 24.930691878713031 ], [ 91.873143137652846, 24.930590023984148 ], [ 91.87314819272062, 24.930361879177578 ], [ 91.873164292091573, 24.93033757245923 ], [ 91.873231293675616, 24.930013879737992 ], [ 91.873262903735224, 24.929965699387179 ], [ 91.873568479680245, 24.929669492813371 ], [ 91.874100927351719, 24.929362208872991 ], [ 91.87434063927995, 24.929388874027211 ], [ 91.87483606275012, 24.92968933819796 ], [ 91.874953622763243, 24.92978685046517 ], [ 91.875369263600504, 24.929878328645341 ], [ 91.875880068193368, 24.930155545367111 ], [ 91.876013610822284, 24.930228769339259 ], [ 91.876094393025099, 24.930272527301589 ], [ 91.877493064649414, 24.930638349561001 ], [ 91.877676428432295, 24.9306382573726 ], [ 91.877799880302177, 24.930672356537791 ], [ 91.878682584893085, 24.930801494356189 ], [ 91.878515587832979, 24.931107443674559 ], [ 91.878455578341928, 24.931141508291041 ], [ 91.877950739515498, 24.931689816722759 ], [ 91.87782553591785, 24.931718858614541 ], [ 91.877246798041909, 24.931728205473 ], [ 91.876584169130325, 24.932229094202111 ], [ 91.876578076841582, 24.932623062956559 ], [ 91.876589283310764, 24.932662043423331 ], [ 91.876317323964841, 24.933176816588059 ], [ 91.876331081523062, 24.933216408341512 ], [ 91.875920373045588, 24.933951729850019 ], [ 91.875872089876566, 24.93402472962218 ], [ 91.875656943774146, 24.934404086126939 ], [ 91.875008607801803, 24.93494484284215 ], [ 91.874403371114795, 24.935476570858771 ], [ 91.87435500694869, 24.93554959129122 ], [ 91.874117278792724, 24.936346680646341 ], [ 91.874138494408953, 24.936424293022188 ], [ 91.874116625304737, 24.936511452118321 ], [ 91.87414227497824, 24.937186661615868 ], [ 91.874136996723365, 24.93725007866664 ], [ 91.8741529018601, 24.937390992582461 ], [ 91.874110527378889, 24.937919665186101 ], [ 91.874104116483238, 24.937981008235951 ], [ 91.873992321558802, 24.938409158381941 ], [ 91.873645643107139, 24.938477005506108 ], [ 91.873488265920372, 24.938560278420539 ], [ 91.873067933328599, 24.938917364289338 ], [ 91.873052087515347, 24.938942380124821 ], [ 91.872892597924647, 24.93935599369172 ], [ 91.872876492355203, 24.9393803684058 ], [ 91.872490237457185, 24.93996672387329 ], [ 91.87262993861323, 24.94064013207155 ], [ 91.871973780309489, 24.940742726572392 ], [ 91.871860823331446, 24.94041451298936 ], [ 91.871371228138344, 24.940038508232409 ], [ 91.871194121897616, 24.939806992104661 ], [ 91.870915382494061, 24.939453547342641 ], [ 91.870646699727629, 24.93911237010796 ], [ 91.870765570704606, 24.93824305299157 ], [ 91.87134618156648, 24.937715124089181 ], [ 91.870960392255029, 24.93747587982481 ], [ 91.870799392203736, 24.937388753362089 ], [ 91.870048928819017, 24.936963618833499 ], [ 91.869834923181884, 24.93684662773305 ], [ 91.86984964522027, 24.93633976162501 ], [ 91.870198561181041, 24.936199483962941 ], [ 91.87041883300985, 24.935756681212411 ], [ 91.87039739508019, 24.935677735771581 ], [ 91.87052111601956, 24.935218024351791 ], [ 91.870397808381142, 24.934686585634299 ], [ 91.868987934548059, 24.93444315699336 ], [ 91.867915013441177, 24.935291650133209 ], [ 91.867571505306486, 24.935037834345142 ], [ 91.867453638111002, 24.934940045083799 ], [ 91.867416163357575, 24.934886335323551 ], [ 91.867207475678001, 24.93453982953465 ], [ 91.867186122677708, 24.934461818003118 ], [ 91.867050580450311, 24.934118147258172 ], [ 91.866761450782462, 24.933728707262329 ], [ 91.866424010764973, 24.933308225331999 ], [ 91.866292077400743, 24.933173290855439 ], [ 91.86612427097603, 24.932756669260861 ], [ 91.865881991352737, 24.932625234157658 ], [ 91.865774287173167, 24.932566804828429 ], [ 91.865370272707523, 24.932347580994708 ], [ 91.86523568468759, 24.932274511883669 ], [ 91.864979322996319, 24.9318358996046 ], [ 91.864898063542711, 24.93179203521662 ], [ 91.864872903150868, 24.931115101381032 ], [ 91.864142585273655, 24.930783661037839 ], [ 91.863375218921234, 24.93112490688803 ], [ 91.863170426900567, 24.931441368285451 ], [ 91.862216658142842, 24.93147578041421 ], [ 91.860992234493324, 24.931377478530639 ], [ 91.860371096489814, 24.931727331470078 ], [ 91.859379843096363, 24.931760821579122 ], [ 91.858719272992431, 24.93093817154065 ], [ 91.858232480462263, 24.930077009790612 ], [ 91.857687986177567, 24.929433437701661 ], [ 91.857243919783826, 24.928948858423219 ] ] ] } },
{ "type": "Feature", "properties": { "name": "tea9", "area_ha": 59.0, "provisional": false, "source": "hand-digitised, Google Earth Pro sub-metre imagery", "digitised": "2026-08-06" }, "geometry": { "type": "Polygon", "coordinates": [ [ [ 91.886657762272492, 24.943970457888842 ], [ 91.886980911086198, 24.94383270928417 ], [ 91.886614082796015, 24.943320457728291 ], [ 91.886590052521925, 24.943307154195409 ], [ 91.886418310723784, 24.943063872029349 ], [ 91.886371146403377, 24.9430366968238 ], [ 91.886268220830388, 24.942477257630308 ], [ 91.88595569416249, 24.941762257796469 ], [ 91.885812221388505, 24.941570005892491 ], [ 91.885741839173008, 24.941532706822201 ], [ 91.885702322052239, 24.941423110174409 ], [ 91.885650940984959, 24.941308281823449 ], [ 91.885618793943408, 24.94119059370751 ], [ 91.885565005552223, 24.941098726676071 ], [ 91.885522220158435, 24.94105221147025 ], [ 91.885499261353417, 24.941039753795121 ], [ 91.885467272864361, 24.940848413233429 ], [ 91.885438382277243, 24.940769402372521 ], [ 91.885407638185242, 24.940710946190428 ], [ 91.885398512866658, 24.940665802175509 ], [ 91.885388595062651, 24.94062138052222 ], [ 91.885390237411627, 24.940435399340771 ], [ 91.885390296574457, 24.940380359487889 ], [ 91.885378537482083, 24.940356264230282 ], [ 91.885885155911524, 24.939939415214631 ], [ 91.885864385567317, 24.9398699123083 ], [ 91.88578651934246, 24.93966848435759 ], [ 91.885726795801986, 24.93959516220324 ], [ 91.88567345015089, 24.939552580906959 ], [ 91.885620225832255, 24.93951009664563 ], [ 91.885567916498587, 24.939479764570791 ], [ 91.885493960839071, 24.93945025216701 ], [ 91.885297245289664, 24.939381107583291 ], [ 91.885164177913182, 24.939373238416351 ], [ 91.885111269333152, 24.939354869479661 ], [ 91.885025902012814, 24.939318368219201 ], [ 91.884940191521267, 24.939281917441441 ], [ 91.884903410602362, 24.939266279011559 ], [ 91.884663860470027, 24.93898818989657 ], [ 91.884535142168332, 24.938916092272859 ], [ 91.884474168425669, 24.938878346729421 ], [ 91.88443400723483, 24.938852967508829 ], [ 91.88440347012191, 24.938834157032289 ], [ 91.884255079447996, 24.93873291553518 ], [ 91.884188327361258, 24.938714624015802 ], [ 91.884072866981043, 24.938724403560741 ], [ 91.883925177722659, 24.93875997114375 ], [ 91.883740184538169, 24.938784761115169 ], [ 91.88367311443605, 24.938782486909531 ], [ 91.883629575918377, 24.938774863494501 ], [ 91.883463206293825, 24.93862520808193 ], [ 91.883252424163317, 24.938185391661261 ], [ 91.883160304447628, 24.938140199854931 ], [ 91.883079635027798, 24.93810062475244 ], [ 91.883012313295893, 24.9380500632966 ], [ 91.8829237545864, 24.937794591680049 ], [ 91.882932790767043, 24.937728888289652 ], [ 91.883034903148115, 24.937512641918179 ], [ 91.883030552618507, 24.93742811665453 ], [ 91.883034763274452, 24.937380935000441 ], [ 91.883003115655114, 24.937348319475781 ], [ 91.882943492179123, 24.93722752339972 ], [ 91.882949134722594, 24.937195582852169 ], [ 91.88292893311025, 24.937129705879521 ], [ 91.882903159424274, 24.937095741513222 ], [ 91.882887577812866, 24.937067680555138 ], [ 91.882761169157249, 24.936665134397689 ], [ 91.882770849688342, 24.93661897738912 ], [ 91.883123080950014, 24.93630080550318 ], [ 91.883275679568641, 24.9361750606515 ], [ 91.883331360731674, 24.93606677233355 ], [ 91.883350364327583, 24.93602879693762 ], [ 91.883340571657143, 24.935974554214958 ], [ 91.884016343474684, 24.935555632748159 ], [ 91.884074185759772, 24.93553441200326 ], [ 91.884227675177939, 24.935533215417859 ], [ 91.884291481230619, 24.93551795025849 ], [ 91.884370431011092, 24.93548769250074 ], [ 91.884520209450187, 24.935566804462169 ], [ 91.884556568118427, 24.935588057784379 ], [ 91.884613376143506, 24.935619425815599 ], [ 91.885127181892017, 24.93564709891519 ], [ 91.88547828380932, 24.935554093427871 ], [ 91.885931486090385, 24.935533044090661 ], [ 91.885991747552325, 24.935531039677059 ], [ 91.886364193628822, 24.935486199421291 ], [ 91.886497765824927, 24.935454478563418 ], [ 91.886773738492124, 24.935318310072692 ], [ 91.886860174602589, 24.935298708744849 ], [ 91.886992830321674, 24.935265878041271 ], [ 91.887234338933993, 24.935280715392889 ], [ 91.887348916416528, 24.935282288402981 ], [ 91.88775197137366, 24.935196669096388 ], [ 91.887918513504744, 24.935175706004031 ], [ 91.888050307188507, 24.935159779358131 ], [ 91.888120053447807, 24.935161247419391 ], [ 91.888141204961457, 24.93517681157125 ], [ 91.888201790287184, 24.93520506709498 ], [ 91.888365274749304, 24.9351998486942 ], [ 91.888419866553903, 24.935198059510991 ], [ 91.888517715442617, 24.93519547429845 ], [ 91.888582981846696, 24.935185483998261 ], [ 91.88874608289089, 24.935214302906449 ], [ 91.888801450596148, 24.935241497002949 ], [ 91.889085113934769, 24.93529596722707 ], [ 91.889155912938946, 24.935291034533499 ], [ 91.889180687744513, 24.93529305096882 ], [ 91.88955265994899, 24.935253232150661 ], [ 91.889819034584221, 24.935019141569459 ], [ 91.889941963888873, 24.93507248929204 ], [ 91.890054074335481, 24.935177703422539 ], [ 91.890072565532222, 24.93519349028281 ], [ 91.890156073036565, 24.935341338555919 ], [ 91.890167954843378, 24.935364807439591 ], [ 91.890199712387258, 24.93546328368399 ], [ 91.890209479127279, 24.93547980809069 ], [ 91.890207065133993, 24.935663215850148 ], [ 91.890195993503738, 24.935689658656031 ], [ 91.890194676472333, 24.935832500381601 ], [ 91.890309306256043, 24.936032690328101 ], [ 91.890369018894546, 24.936258036043998 ], [ 91.890498556248843, 24.93646675977498 ], [ 91.889602524010584, 24.936263009691821 ], [ 91.889658644763841, 24.936276362387861 ], [ 91.889724806767788, 24.936312188822459 ], [ 91.889883700304395, 24.936443062127879 ], [ 91.889920427720426, 24.936481229056401 ], [ 91.889976376769425, 24.936528586141229 ], [ 91.889991394518105, 24.936539893299638 ], [ 91.890134542537979, 24.936641359565169 ], [ 91.890153712683698, 24.936664421011269 ], [ 91.890191104128348, 24.936711285863311 ], [ 91.890258855817251, 24.93693740728472 ], [ 91.890262533338657, 24.936964183247341 ], [ 91.890261194226326, 24.937012759172219 ], [ 91.890234241321295, 24.937156621817952 ], [ 91.890227811744737, 24.937164689760021 ], [ 91.890036201907947, 24.937415530579472 ], [ 91.890021702963693, 24.93743307442627 ], [ 91.889992613672362, 24.937468269498311 ], [ 91.889641855848851, 24.937728800264381 ], [ 91.889424946134511, 24.938190960865601 ], [ 91.889515267188742, 24.93814763540551 ], [ 91.889549033736017, 24.938123751178519 ], [ 91.889634849035801, 24.93811929972604 ], [ 91.889687824880639, 24.938154211102461 ], [ 91.889738246305996, 24.938194454851281 ], [ 91.88999516171458, 24.938392296223199 ], [ 91.890027782552096, 24.93842116851723 ], [ 91.890022480434382, 24.938445534687339 ], [ 91.890217803543507, 24.93862483709454 ], [ 91.889894092524202, 24.93905648381525 ], [ 91.889888495776773, 24.939082218476589 ], [ 91.88981893166671, 24.93949034846257 ], [ 91.88985073341442, 24.939523342797191 ], [ 91.890164455361486, 24.93950144741536 ], [ 91.890286326927793, 24.939473766652739 ], [ 91.890372584568865, 24.93948814404806 ], [ 91.890429851916608, 24.93946673990596 ], [ 91.890565807870388, 24.939263923591561 ], [ 91.89056064965321, 24.93921674468119 ], [ 91.890645818675722, 24.939044012906312 ], [ 91.89084639445943, 24.938882442553531 ], [ 91.890845356923975, 24.93895895414197 ], [ 91.890934455835421, 24.93903812253685 ], [ 91.891245064957289, 24.938972839514491 ], [ 91.891400530286091, 24.939051451191371 ], [ 91.891392587273884, 24.93906297466733 ], [ 91.891237101375538, 24.939270541097599 ], [ 91.891206061218213, 24.939296470093769 ], [ 91.891099701398971, 24.939354154653721 ], [ 91.890806873563875, 24.9396414859897 ], [ 91.890753066758862, 24.93969948161752 ], [ 91.890712726567358, 24.939737822846851 ], [ 91.890354400362654, 24.940315438386978 ], [ 91.890652986212046, 24.940227119647339 ], [ 91.890694964826395, 24.94020613279082 ], [ 91.890830551646971, 24.940189659742959 ], [ 91.890872009601793, 24.940148531134209 ], [ 91.890988554233388, 24.940117872601011 ], [ 91.891042232533223, 24.940057782044398 ], [ 91.891085701244336, 24.939992544445701 ], [ 91.891579927748381, 24.939934116498812 ], [ 91.891564379771395, 24.940062229739759 ], [ 91.891257944827373, 24.94039370598367 ], [ 91.891229910015269, 24.94047939963804 ], [ 91.891213594085144, 24.940525808592049 ], [ 91.891197546764388, 24.940571830947171 ], [ 91.891201040849012, 24.94073683046987 ], [ 91.891107472107848, 24.940711680678358 ], [ 91.891022911127791, 24.94069355157513 ], [ 91.890979460442139, 24.940675327272711 ], [ 91.890939643023103, 24.940672722949 ], [ 91.89054252007098, 24.94080815573626 ], [ 91.890545075958684, 24.940825542766991 ], [ 91.890505011347614, 24.940885745007868 ], [ 91.890296357924228, 24.941242789995659 ], [ 91.890289253676443, 24.941253496375861 ], [ 91.890220303866741, 24.941292240900669 ], [ 91.89021247583068, 24.941131224803009 ], [ 91.890165871166118, 24.94109341210098 ], [ 91.889707087714839, 24.940790400208169 ], [ 91.889590234563045, 24.940768852563739 ], [ 91.889490576071225, 24.940764438582089 ], [ 91.889257473112252, 24.94076097528491 ], [ 91.889170133515904, 24.940818946309349 ], [ 91.889101363864086, 24.940851420815481 ], [ 91.888779180962217, 24.941126648617502 ], [ 91.888761235746699, 24.941151014518759 ], [ 91.888711890227981, 24.941196816008731 ], [ 91.888583719576289, 24.941578720458409 ], [ 91.888575977434925, 24.94158961594675 ], [ 91.888755166234958, 24.941810121379479 ], [ 91.888812032460095, 24.94186006417279 ], [ 91.888814652791879, 24.94187816530745 ], [ 91.889039431668081, 24.942283824435599 ], [ 91.88904474798386, 24.942343396273891 ], [ 91.889465910252596, 24.942562270570711 ], [ 91.890014754405854, 24.942555981370919 ], [ 91.890173391738713, 24.942494179524559 ], [ 91.890196705613064, 24.942504238904949 ], [ 91.890785800977554, 24.942215205232451 ], [ 91.890869361256179, 24.942148573543449 ], [ 91.891123147707702, 24.942008430595401 ], [ 91.891209824704532, 24.941980973336271 ], [ 91.891504095183038, 24.941740655108759 ], [ 91.891669352071133, 24.941473110401759 ], [ 91.891720268345523, 24.94138108150894 ], [ 91.892175707695912, 24.94113329820749 ], [ 91.892228931233333, 24.941132743234409 ], [ 91.89302062595911, 24.941318902863529 ], [ 91.893048087742514, 24.941343038689439 ], [ 91.892824266139343, 24.941695657269449 ], [ 91.892593679423229, 24.942269340952201 ], [ 91.892573005374118, 24.942644288279521 ], [ 91.892561413748609, 24.942725029731751 ], [ 91.892619302130541, 24.943003078533049 ], [ 91.892614730975481, 24.943040713793408 ], [ 91.892444320506428, 24.943409172389689 ], [ 91.891959689660652, 24.94385353929858 ], [ 91.89190025257065, 24.94391134204918 ], [ 91.891848096677521, 24.943954994056199 ], [ 91.891660463865918, 24.944511580707669 ], [ 91.891567139112794, 24.94501933383259 ], [ 91.891187037810923, 24.94510893720599 ], [ 91.89080684540464, 24.94475987370042 ], [ 91.889894711945999, 24.944764423849549 ], [ 91.889390172693496, 24.944731323993128 ], [ 91.889376558435941, 24.944362097171901 ], [ 91.888846379596913, 24.94401043459154 ], [ 91.888355773038569, 24.944288633759552 ], [ 91.887282936469262, 24.9442928858527 ], [ 91.886657762272492, 24.943970457888842 ] ] ] } }
]
}
