<?xml version="1.0" encoding="UTF-8"?>
<kml xmlns="http://www.opengis.net/kml/2.2"><Document>
<name>EcoVision — gazipur (author_b)</name>
<Style id="stable_non_forest"><IconStyle><color>ff2020e1</color><scale>0.9</scale><Icon><href>http://maps.google.com/mapfiles/kml/shapes/placemark_circle.png</href></Icon></IconStyle><LabelStyle><scale>0.7</scale></LabelStyle></Style>
<Style id="stable_forest"><IconStyle><color>ff4fa159</color><scale>0.9</scale><Icon><href>http://maps.google.com/mapfiles/kml/shapes/placemark_circle.png</href></Icon></IconStyle><LabelStyle><scale>0.7</scale></LabelStyle></Style>
<Style id="forest_loss"><IconStyle><color>ff5957e1</color><scale>0.9</scale><Icon><href>http://maps.google.com/mapfiles/kml/shapes/placemark_circle.png</href></Icon></IconStyle><LabelStyle><scale>0.7</scale></LabelStyle></Style>
<Style id="cyclical"><IconStyle><color>ff02a2f0</color><scale>0.9</scale><Icon><href>http://maps.google.com/mapfiles/kml/shapes/placemark_circle.png</href></Icon></IconStyle><LabelStyle><scale>0.7</scale></LabelStyle></Style>
<Style id="plantation"><IconStyle><color>ffb4783a</color><scale>0.9</scale><Icon><href>http://maps.google.com/mapfiles/kml/shapes/placemark_circle.png</href></Icon></IconStyle><LabelStyle><scale>0.7</scale></LabelStyle></Style>
<Folder><name>Stable non-forest (150)</name>
<Placemark><name>GAZ-0001</name><description><![CDATA[
<b>GAZ-0001</b><br/>
stratum: stable_non_forest<br/>
lat, lon: 24.156275, 90.658398<br/>
<hr/>
Record your answer in:<br/>
<code>data/reference/interpretation_gazipur_author_b.csv</code><br/><br/>
Fields: class_t0, class_t3, confidence, notes<br/>
Classes: 0 non-forest, 1 natural forest, 2 plantation/tea, 3 water
]]></description><styleUrl>#stable_non_forest</styleUrl><Point><coordinates>90.658398,24.156275,0</coordinates></Point></Placemark>
<Placemark><name>GAZ-0002</name><description><![CDATA[
<b>GAZ-0002</b><br/>
stratum: stable_non_forest<br/>
lat, lon: 24.214217, 90.302395<br/>
<hr/>
Record your answer in:<br/>
<code>data/reference/interpretation_gazipur_author_b.csv</code><br/><br/>
Fields: class_t0, class_t3, confidence, notes<br/>
Classes: 0 non-forest, 1 natural forest, 2 plantation/tea, 3 water
]]></description><styleUrl>#stable_non_forest</styleUrl><Point><coordinates>90.302395,24.214217,0</coordinates></Point></Placemark>
<Placemark><name>GAZ-0003</name><description><![CDATA[
<b>GAZ-0003</b><br/>
stratum: stable_non_forest<br/>
lat, lon: 23.944183, 90.381627<br/>
<hr/>
Record your answer in:<br/>
<code>data/reference/interpretation_gazipur_author_b.csv</code><br/><br/>
Fields: class_t0, class_t3, confidence, notes<br/>
Classes: 0 non-forest, 1 natural forest, 2 plantation/tea, 3 water
]]></description><styleUrl>#stable_non_forest</styleUrl><Point><coordinates>90.381627,23.944183,0</coordinates></Point></Placemark>
<Placemark><name>GAZ-0004</name><description><![CDATA[
<b>GAZ-0004</b><br/>
stratum: stable_non_forest<br/>
lat, lon: 24.002663, 90.327458<br/>
<hr/>
Record your answer in:<br/>
<code>data/reference/interpretation_gazipur_author_b.csv</code><br/><br/>
Fields: class_t0, class_t3, confidence, notes<br/>
Classes: 0 non-forest, 1 natural forest, 2 plantation/tea, 3 water
]]></description><styleUrl>#stable_non_forest</styleUrl><Point><coordinates>90.327458,24.002663,0</coordinates></Point></Placemark>
<Placemark><name>GAZ-0005</name><description><![CDATA[
<b>GAZ-0005</b><br/>
stratum: stable_non_forest<br/>
lat, lon: 23.974636, 90.578897<br/>
<hr/>
Record your answer in:<br/>
<code>data/reference/interpretation_gazipur_author_b.csv</code><br/><br/>
Fields: class_t0, class_t3, confidence, notes<br/>
Classes: 0 non-forest, 1 natural forest, 2 plantation/tea, 3 water
]]></description><styleUrl>#stable_non_forest</styleUrl><Point><coordinates>90.578897,23.974636,0</coordinates></Point></Placemark>
<Placemark><name>GAZ-0006</name><description><![CDATA[
<b>GAZ-0006</b><br/>
stratum: stable_non_forest<br/>
lat, lon: 24.145765, 90.582400<br/>
<hr/>
Record your answer in:<br/>
<code>data/reference/interpretation_gazipur_author_b.csv</code><br/><br/>
Fields: class_t0, class_t3, confidence, notes<br/>
Classes: 0 non-forest, 1 natural forest, 2 plantation/tea, 3 water
]]></description><styleUrl>#stable_non_forest</styleUrl><Point><coordinates>90.582400,24.145765,0</coordinates></Point></Placemark>
<Placemark><name>GAZ-0007</name><description><![CDATA[
<b>GAZ-0007</b><br/>
stratum: stable_non_forest<br/>
lat, lon: 24.228230, 90.367613<br/>
<hr/>
Record your answer in:<br/>
<code>data/reference/interpretation_gazipur_author_b.csv</code><br/><br/>
Fields: class_t0, class_t3, confidence, notes<br/>
Classes: 0 non-forest, 1 natural forest, 2 plantation/tea, 3 water
]]></description><styleUrl>#stable_non_forest</styleUrl><Point><coordinates>90.367613,24.228230,0</coordinates></Point></Placemark>
<Placemark><name>GAZ-0008</name><description><![CDATA[
<b>GAZ-0008</b><br/>
stratum: stable_non_forest<br/>
lat, lon: 23.908610, 90.425285<br/>
<hr/>
Record your answer in:<br/>
<code>data/reference/interpretation_gazipur_author_b.csv</code><br/><br/>
Fields: class_t0, class_t3, confidence, notes<br/>
Classes: 0 non-forest, 1 natural forest, 2 plantation/tea, 3 water
]]></description><styleUrl>#stable_non_forest</styleUrl><Point><coordinates>90.425285,23.908610,0</coordinates></Point></Placemark>
<Placemark><name>GAZ-0009</name><description><![CDATA[
<b>GAZ-0009</b><br/>
stratum: stable_non_forest<br/>
lat, lon: 24.260570, 90.480531<br/>
<hr/>
Record your answer in:<br/>
<code>data/reference/interpretation_gazipur_author_b.csv</code><br/><br/>
Fields: class_t0, class_t3, confidence, notes<br/>
Classes: 0 non-forest, 1 natural forest, 2 plantation/tea, 3 water
]]></description><styleUrl>#stable_non_forest</styleUrl><Point><coordinates>90.480531,24.260570,0</coordinates></Point></Placemark>
<Placemark><name>GAZ-0010</name><description><![CDATA[
<b>GAZ-0010</b><br/>
stratum: stable_non_forest<br/>
lat, lon: 24.249520, 90.315870<br/>
<hr/>
Record your answer in:<br/>
<code>data/reference/interpretation_gazipur_author_b.csv</code><br/><br/>
Fields: class_t0, class_t3, confidence, notes<br/>
Classes: 0 non-forest, 1 natural forest, 2 plantation/tea, 3 water
]]></description><styleUrl>#stable_non_forest</styleUrl><Point><coordinates>90.315870,24.249520,0</coordinates></Point></Placemark>
<Placemark><name>GAZ-0011</name><description><![CDATA[
<b>GAZ-0011</b><br/>
stratum: stable_non_forest<br/>
lat, lon: 24.052520, 90.423398<br/>
<hr/>
Record your answer in:<br/>
<code>data/reference/interpretation_gazipur_author_b.csv</code><br/><br/>
Fields: class_t0, class_t3, confidence, notes<br/>
Classes: 0 non-forest, 1 natural forest, 2 plantation/tea, 3 water
]]></description><styleUrl>#stable_non_forest</styleUrl><Point><coordinates>90.423398,24.052520,0</coordinates></Point></Placemark>
<Placemark><name>GAZ-0012</name><description><![CDATA[
<b>GAZ-0012</b><br/>
stratum: stable_non_forest<br/>
lat, lon: 24.065456, 90.261971<br/>
<hr/>
Record your answer in:<br/>
<code>data/reference/interpretation_gazipur_author_b.csv</code><br/><br/>
Fields: class_t0, class_t3, confidence, notes<br/>
Classes: 0 non-forest, 1 natural forest, 2 plantation/tea, 3 water
]]></description><styleUrl>#stable_non_forest</styleUrl><Point><coordinates>90.261971,24.065456,0</coordinates></Point></Placemark>
<Placemark><name>GAZ-0013</name><description><![CDATA[
<b>GAZ-0013</b><br/>
stratum: stable_non_forest<br/>
lat, lon: 24.166247, 90.423668<br/>
<hr/>
Record your answer in:<br/>
<code>data/reference/interpretation_gazipur_author_b.csv</code><br/><br/>
Fields: class_t0, class_t3, confidence, notes<br/>
Classes: 0 non-forest, 1 natural forest, 2 plantation/tea, 3 water
]]></description><styleUrl>#stable_non_forest</styleUrl><Point><coordinates>90.423668,24.166247,0</coordinates></Point></Placemark>
<Placemark><name>GAZ-0014</name><description><![CDATA[
<b>GAZ-0014</b><br/>
stratum: stable_non_forest<br/>
lat, lon: 23.977870, 90.331231<br/>
<hr/>
Record your answer in:<br/>
<code>data/reference/interpretation_gazipur_author_b.csv</code><br/><br/>
Fields: class_t0, class_t3, confidence, notes<br/>
Classes: 0 non-forest, 1 natural forest, 2 plantation/tea, 3 water
]]></description><styleUrl>#stable_non_forest</styleUrl><Point><coordinates>90.331231,23.977870,0</coordinates></Point></Placemark>
<Placemark><name>GAZ-0015</name><description><![CDATA[
<b>GAZ-0015</b><br/>
stratum: stable_non_forest<br/>
lat, lon: 24.141184, 90.480801<br/>
<hr/>
Record your answer in:<br/>
<code>data/reference/interpretation_gazipur_author_b.csv</code><br/><br/>
Fields: class_t0, class_t3, confidence, notes<br/>
Classes: 0 non-forest, 1 natural forest, 2 plantation/tea, 3 water
]]></description><styleUrl>#stable_non_forest</styleUrl><Point><coordinates>90.480801,24.141184,0</coordinates></Point></Placemark>
<Placemark><name>GAZ-0016</name><description><![CDATA[
<b>GAZ-0016</b><br/>
stratum: stable_non_forest<br/>
lat, lon: 24.114234, 90.277602<br/>
<hr/>
Record your answer in:<br/>
<code>data/reference/interpretation_gazipur_author_b.csv</code><br/><br/>
Fields: class_t0, class_t3, confidence, notes<br/>
Classes: 0 non-forest, 1 natural forest, 2 plantation/tea, 3 water
]]></description><styleUrl>#stable_non_forest</styleUrl><Point><coordinates>90.277602,24.114234,0</coordinates></Point></Placemark>
<Placemark><name>GAZ-0017</name><description><![CDATA[
<b>GAZ-0017</b><br/>
stratum: stable_non_forest<br/>
lat, lon: 24.074888, 90.576202<br/>
<hr/>
Record your answer in:<br/>
<code>data/reference/interpretation_gazipur_author_b.csv</code><br/><br/>
Fields: class_t0, class_t3, confidence, notes<br/>
Classes: 0 non-forest, 1 natural forest, 2 plantation/tea, 3 water
]]></description><styleUrl>#stable_non_forest</styleUrl><Point><coordinates>90.576202,24.074888,0</coordinates></Point></Placemark>
<Placemark><name>GAZ-0018</name><description><![CDATA[
<b>GAZ-0018</b><br/>
stratum: stable_non_forest<br/>
lat, lon: 23.900525, 90.496970<br/>
<hr/>
Record your answer in:<br/>
<code>data/reference/interpretation_gazipur_author_b.csv</code><br/><br/>
Fields: class_t0, class_t3, confidence, notes<br/>
Classes: 0 non-forest, 1 natural forest, 2 plantation/tea, 3 water
]]></description><styleUrl>#stable_non_forest</styleUrl><Point><coordinates>90.496970,23.900525,0</coordinates></Point></Placemark>
<Placemark><name>GAZ-0019</name><description><![CDATA[
<b>GAZ-0019</b><br/>
stratum: stable_non_forest<br/>
lat, lon: 24.258683, 90.494545<br/>
<hr/>
Record your answer in:<br/>
<code>data/reference/interpretation_gazipur_author_b.csv</code><br/><br/>
Fields: class_t0, class_t3, confidence, notes<br/>
Classes: 0 non-forest, 1 natural forest, 2 plantation/tea, 3 water
]]></description><styleUrl>#stable_non_forest</styleUrl><Point><coordinates>90.494545,24.258683,0</coordinates></Point></Placemark>
<Placemark><name>GAZ-0020</name><description><![CDATA[
<b>GAZ-0020</b><br/>
stratum: stable_non_forest<br/>
lat, lon: 24.060335, 90.553834<br/>
<hr/>
Record your answer in:<br/>
<code>data/reference/interpretation_gazipur_author_b.csv</code><br/><br/>
Fields: class_t0, class_t3, confidence, notes<br/>
Classes: 0 non-forest, 1 natural forest, 2 plantation/tea, 3 water
]]></description><styleUrl>#stable_non_forest</styleUrl><Point><coordinates>90.553834,24.060335,0</coordinates></Point></Placemark>
<Placemark><name>GAZ-0021</name><description><![CDATA[
<b>GAZ-0021</b><br/>
stratum: stable_non_forest<br/>
lat, lon: 23.907532, 90.497509<br/>
<hr/>
Record your answer in:<br/>
<code>data/reference/interpretation_gazipur_author_b.csv</code><br/><br/>
Fields: class_t0, class_t3, confidence, notes<br/>
Classes: 0 non-forest, 1 natural forest, 2 plantation/tea, 3 water
]]></description><styleUrl>#stable_non_forest</styleUrl><Point><coordinates>90.497509,23.907532,0</coordinates></Point></Placemark>
<Placemark><name>GAZ-0022</name><description><![CDATA[
<b>GAZ-0022</b><br/>
stratum: stable_non_forest<br/>
lat, lon: 24.226074, 90.320990<br/>
<hr/>
Record your answer in:<br/>
<code>data/reference/interpretation_gazipur_author_b.csv</code><br/><br/>
Fields: class_t0, class_t3, confidence, notes<br/>
Classes: 0 non-forest, 1 natural forest, 2 plantation/tea, 3 water
]]></description><styleUrl>#stable_non_forest</styleUrl><Point><coordinates>90.320990,24.226074,0</coordinates></Point></Placemark>
<Placemark><name>GAZ-0023</name><description><![CDATA[
<b>GAZ-0023</b><br/>
stratum: stable_non_forest<br/>
lat, lon: 24.257605, 90.493467<br/>
<hr/>
Record your answer in:<br/>
<code>data/reference/interpretation_gazipur_author_b.csv</code><br/><br/>
Fields: class_t0, class_t3, confidence, notes<br/>
Classes: 0 non-forest, 1 natural forest, 2 plantation/tea, 3 water
]]></description><styleUrl>#stable_non_forest</styleUrl><Point><coordinates>90.493467,24.257605,0</coordinates></Point></Placemark>
<Placemark><name>GAZ-0024</name><description><![CDATA[
<b>GAZ-0024</b><br/>
stratum: stable_non_forest<br/>
lat, lon: 24.135524, 90.287843<br/>
<hr/>
Record your answer in:<br/>
<code>data/reference/interpretation_gazipur_author_b.csv</code><br/><br/>
Fields: class_t0, class_t3, confidence, notes<br/>
Classes: 0 non-forest, 1 natural forest, 2 plantation/tea, 3 water
]]></description><styleUrl>#stable_non_forest</styleUrl><Point><coordinates>90.287843,24.135524,0</coordinates></Point></Placemark>
<Placemark><name>GAZ-0025</name><description><![CDATA[
<b>GAZ-0025</b><br/>
stratum: stable_non_forest<br/>
lat, lon: 24.077583, 90.215079<br/>
<hr/>
Record your answer in:<br/>
<code>data/reference/interpretation_gazipur_author_b.csv</code><br/><br/>
Fields: class_t0, class_t3, confidence, notes<br/>
Classes: 0 non-forest, 1 natural forest, 2 plantation/tea, 3 water
]]></description><styleUrl>#stable_non_forest</styleUrl><Point><coordinates>90.215079,24.077583,0</coordinates></Point></Placemark>
<Placemark><name>GAZ-0026</name><description><![CDATA[
<b>GAZ-0026</b><br/>
stratum: stable_non_forest<br/>
lat, lon: 24.174331, 90.621477<br/>
<hr/>
Record your answer in:<br/>
<code>data/reference/interpretation_gazipur_author_b.csv</code><br/><br/>
Fields: class_t0, class_t3, confidence, notes<br/>
Classes: 0 non-forest, 1 natural forest, 2 plantation/tea, 3 water
]]></description><styleUrl>#stable_non_forest</styleUrl><Point><coordinates>90.621477,24.174331,0</coordinates></Point></Placemark>
<Placemark><name>GAZ-0027</name><description><![CDATA[
<b>GAZ-0027</b><br/>
stratum: stable_non_forest<br/>
lat, lon: 24.313660, 90.465978<br/>
<hr/>
Record your answer in:<br/>
<code>data/reference/interpretation_gazipur_author_b.csv</code><br/><br/>
Fields: class_t0, class_t3, confidence, notes<br/>
Classes: 0 non-forest, 1 natural forest, 2 plantation/tea, 3 water
]]></description><styleUrl>#stable_non_forest</styleUrl><Point><coordinates>90.465978,24.313660,0</coordinates></Point></Placemark>
<Placemark><name>GAZ-0028</name><description><![CDATA[
<b>GAZ-0028</b><br/>
stratum: stable_non_forest<br/>
lat, lon: 24.040662, 90.618243<br/>
<hr/>
Record your answer in:<br/>
<code>data/reference/interpretation_gazipur_author_b.csv</code><br/><br/>
Fields: class_t0, class_t3, confidence, notes<br/>
Classes: 0 non-forest, 1 natural forest, 2 plantation/tea, 3 water
]]></description><styleUrl>#stable_non_forest</styleUrl><Point><coordinates>90.618243,24.040662,0</coordinates></Point></Placemark>
<Placemark><name>GAZ-0029</name><description><![CDATA[
<b>GAZ-0029</b><br/>
stratum: stable_non_forest<br/>
lat, lon: 24.271080, 90.417200<br/>
<hr/>
Record your answer in:<br/>
<code>data/reference/interpretation_gazipur_author_b.csv</code><br/><br/>
Fields: class_t0, class_t3, confidence, notes<br/>
Classes: 0 non-forest, 1 natural forest, 2 plantation/tea, 3 water
]]></description><styleUrl>#stable_non_forest</styleUrl><Point><coordinates>90.417200,24.271080,0</coordinates></Point></Placemark>
<Placemark><name>GAZ-0030</name><description><![CDATA[
<b>GAZ-0030</b><br/>
stratum: stable_non_forest<br/>
lat, lon: 24.215025, 90.301856<br/>
<hr/>
Record your answer in:<br/>
<code>data/reference/interpretation_gazipur_author_b.csv</code><br/><br/>
Fields: class_t0, class_t3, confidence, notes<br/>
Classes: 0 non-forest, 1 natural forest, 2 plantation/tea, 3 water
]]></description><styleUrl>#stable_non_forest</styleUrl><Point><coordinates>90.301856,24.215025,0</coordinates></Point></Placemark>
<Placemark><name>GAZ-0031</name><description><![CDATA[
<b>GAZ-0031</b><br/>
stratum: stable_non_forest<br/>
lat, lon: 23.997812, 90.419625<br/>
<hr/>
Record your answer in:<br/>
<code>data/reference/interpretation_gazipur_author_b.csv</code><br/><br/>
Fields: class_t0, class_t3, confidence, notes<br/>
Classes: 0 non-forest, 1 natural forest, 2 plantation/tea, 3 water
]]></description><styleUrl>#stable_non_forest</styleUrl><Point><coordinates>90.419625,23.997812,0</coordinates></Point></Placemark>
<Placemark><name>GAZ-0032</name><description><![CDATA[
<b>GAZ-0032</b><br/>
stratum: stable_non_forest<br/>
lat, lon: 23.968168, 90.475680<br/>
<hr/>
Record your answer in:<br/>
<code>data/reference/interpretation_gazipur_author_b.csv</code><br/><br/>
Fields: class_t0, class_t3, confidence, notes<br/>
Classes: 0 non-forest, 1 natural forest, 2 plantation/tea, 3 water
]]></description><styleUrl>#stable_non_forest</styleUrl><Point><coordinates>90.475680,23.968168,0</coordinates></Point></Placemark>
<Placemark><name>GAZ-0033</name><description><![CDATA[
<b>GAZ-0033</b><br/>
stratum: stable_non_forest<br/>
lat, lon: 23.985685, 90.327997<br/>
<hr/>
Record your answer in:<br/>
<code>data/reference/interpretation_gazipur_author_b.csv</code><br/><br/>
Fields: class_t0, class_t3, confidence, notes<br/>
Classes: 0 non-forest, 1 natural forest, 2 plantation/tea, 3 water
]]></description><styleUrl>#stable_non_forest</styleUrl><Point><coordinates>90.327997,23.985685,0</coordinates></Point></Placemark>
<Placemark><name>GAZ-0034</name><description><![CDATA[
<b>GAZ-0034</b><br/>
stratum: stable_non_forest<br/>
lat, lon: 24.001855, 90.315062<br/>
<hr/>
Record your answer in:<br/>
<code>data/reference/interpretation_gazipur_author_b.csv</code><br/><br/>
Fields: class_t0, class_t3, confidence, notes<br/>
Classes: 0 non-forest, 1 natural forest, 2 plantation/tea, 3 water
]]></description><styleUrl>#stable_non_forest</styleUrl><Point><coordinates>90.315062,24.001855,0</coordinates></Point></Placemark>
<Placemark><name>GAZ-0035</name><description><![CDATA[
<b>GAZ-0035</b><br/>
stratum: stable_non_forest<br/>
lat, lon: 24.154389, 90.472446<br/>
<hr/>
Record your answer in:<br/>
<code>data/reference/interpretation_gazipur_author_b.csv</code><br/><br/>
Fields: class_t0, class_t3, confidence, notes<br/>
Classes: 0 non-forest, 1 natural forest, 2 plantation/tea, 3 water
]]></description><styleUrl>#stable_non_forest</styleUrl><Point><coordinates>90.472446,24.154389,0</coordinates></Point></Placemark>
<Placemark><name>GAZ-0036</name><description><![CDATA[
<b>GAZ-0036</b><br/>
stratum: stable_non_forest<br/>
lat, lon: 24.246825, 90.541706<br/>
<hr/>
Record your answer in:<br/>
<code>data/reference/interpretation_gazipur_author_b.csv</code><br/><br/>
Fields: class_t0, class_t3, confidence, notes<br/>
Classes: 0 non-forest, 1 natural forest, 2 plantation/tea, 3 water
]]></description><styleUrl>#stable_non_forest</styleUrl><Point><coordinates>90.541706,24.246825,0</coordinates></Point></Placemark>
<Placemark><name>GAZ-0037</name><description><![CDATA[
<b>GAZ-0037</b><br/>
stratum: stable_non_forest<br/>
lat, lon: 24.111000, 90.318026<br/>
<hr/>
Record your answer in:<br/>
<code>data/reference/interpretation_gazipur_author_b.csv</code><br/><br/>
Fields: class_t0, class_t3, confidence, notes<br/>
Classes: 0 non-forest, 1 natural forest, 2 plantation/tea, 3 water
]]></description><styleUrl>#stable_non_forest</styleUrl><Point><coordinates>90.318026,24.111000,0</coordinates></Point></Placemark>
<Placemark><name>GAZ-0038</name><description><![CDATA[
<b>GAZ-0038</b><br/>
stratum: stable_non_forest<br/>
lat, lon: 24.013713, 90.634143<br/>
<hr/>
Record your answer in:<br/>
<code>data/reference/interpretation_gazipur_author_b.csv</code><br/><br/>
Fields: class_t0, class_t3, confidence, notes<br/>
Classes: 0 non-forest, 1 natural forest, 2 plantation/tea, 3 water
]]></description><styleUrl>#stable_non_forest</styleUrl><Point><coordinates>90.634143,24.013713,0</coordinates></Point></Placemark>
<Placemark><name>GAZ-0039</name><description><![CDATA[
<b>GAZ-0039</b><br/>
stratum: stable_non_forest<br/>
lat, lon: 24.240627, 90.519069<br/>
<hr/>
Record your answer in:<br/>
<code>data/reference/interpretation_gazipur_author_b.csv</code><br/><br/>
Fields: class_t0, class_t3, confidence, notes<br/>
Classes: 0 non-forest, 1 natural forest, 2 plantation/tea, 3 water
]]></description><styleUrl>#stable_non_forest</styleUrl><Point><coordinates>90.519069,24.240627,0</coordinates></Point></Placemark>
<Placemark><name>GAZ-0040</name><description><![CDATA[
<b>GAZ-0040</b><br/>
stratum: stable_non_forest<br/>
lat, lon: 24.220415, 90.622824<br/>
<hr/>
Record your answer in:<br/>
<code>data/reference/interpretation_gazipur_author_b.csv</code><br/><br/>
Fields: class_t0, class_t3, confidence, notes<br/>
Classes: 0 non-forest, 1 natural forest, 2 plantation/tea, 3 water
]]></description><styleUrl>#stable_non_forest</styleUrl><Point><coordinates>90.622824,24.220415,0</coordinates></Point></Placemark>
<Placemark><name>GAZ-0041</name><description><![CDATA[
<b>GAZ-0041</b><br/>
stratum: stable_non_forest<br/>
lat, lon: 24.076235, 90.229901<br/>
<hr/>
Record your answer in:<br/>
<code>data/reference/interpretation_gazipur_author_b.csv</code><br/><br/>
Fields: class_t0, class_t3, confidence, notes<br/>
Classes: 0 non-forest, 1 natural forest, 2 plantation/tea, 3 water
]]></description><styleUrl>#stable_non_forest</styleUrl><Point><coordinates>90.229901,24.076235,0</coordinates></Point></Placemark>
<Placemark><name>GAZ-0042</name><description><![CDATA[
<b>GAZ-0042</b><br/>
stratum: stable_non_forest<br/>
lat, lon: 24.204245, 90.598570<br/>
<hr/>
Record your answer in:<br/>
<code>data/reference/interpretation_gazipur_author_b.csv</code><br/><br/>
Fields: class_t0, class_t3, confidence, notes<br/>
Classes: 0 non-forest, 1 natural forest, 2 plantation/tea, 3 water
]]></description><styleUrl>#stable_non_forest</styleUrl><Point><coordinates>90.598570,24.204245,0</coordinates></Point></Placemark>
<Placemark><name>GAZ-0043</name><description><![CDATA[
<b>GAZ-0043</b><br/>
stratum: stable_non_forest<br/>
lat, lon: 24.036620, 90.616626<br/>
<hr/>
Record your answer in:<br/>
<code>data/reference/interpretation_gazipur_author_b.csv</code><br/><br/>
Fields: class_t0, class_t3, confidence, notes<br/>
Classes: 0 non-forest, 1 natural forest, 2 plantation/tea, 3 water
]]></description><styleUrl>#stable_non_forest</styleUrl><Point><coordinates>90.616626,24.036620,0</coordinates></Point></Placemark>
<Placemark><name>GAZ-0044</name><description><![CDATA[
<b>GAZ-0044</b><br/>
stratum: stable_non_forest<br/>
lat, lon: 24.263534, 90.635760<br/>
<hr/>
Record your answer in:<br/>
<code>data/reference/interpretation_gazipur_author_b.csv</code><br/><br/>
Fields: class_t0, class_t3, confidence, notes<br/>
Classes: 0 non-forest, 1 natural forest, 2 plantation/tea, 3 water
]]></description><styleUrl>#stable_non_forest</styleUrl><Point><coordinates>90.635760,24.263534,0</coordinates></Point></Placemark>
<Placemark><name>GAZ-0045</name><description><![CDATA[
<b>GAZ-0045</b><br/>
stratum: stable_non_forest<br/>
lat, lon: 24.024223, 90.470290<br/>
<hr/>
Record your answer in:<br/>
<code>data/reference/interpretation_gazipur_author_b.csv</code><br/><br/>
Fields: class_t0, class_t3, confidence, notes<br/>
Classes: 0 non-forest, 1 natural forest, 2 plantation/tea, 3 water
]]></description><styleUrl>#stable_non_forest</styleUrl><Point><coordinates>90.470290,24.024223,0</coordinates></Point></Placemark>
<Placemark><name>GAZ-0046</name><description><![CDATA[
<b>GAZ-0046</b><br/>
stratum: stable_non_forest<br/>
lat, lon: 24.209635, 90.387017<br/>
<hr/>
Record your answer in:<br/>
<code>data/reference/interpretation_gazipur_author_b.csv</code><br/><br/>
Fields: class_t0, class_t3, confidence, notes<br/>
Classes: 0 non-forest, 1 natural forest, 2 plantation/tea, 3 water
]]></description><styleUrl>#stable_non_forest</styleUrl><Point><coordinates>90.387017,24.209635,0</coordinates></Point></Placemark>
<Placemark><name>GAZ-0047</name><description><![CDATA[
<b>GAZ-0047</b><br/>
stratum: stable_non_forest<br/>
lat, lon: 24.028535, 90.340394<br/>
<hr/>
Record your answer in:<br/>
<code>data/reference/interpretation_gazipur_author_b.csv</code><br/><br/>
Fields: class_t0, class_t3, confidence, notes<br/>
Classes: 0 non-forest, 1 natural forest, 2 plantation/tea, 3 water
]]></description><styleUrl>#stable_non_forest</styleUrl><Point><coordinates>90.340394,24.028535,0</coordinates></Point></Placemark>
<Placemark><name>GAZ-0048</name><description><![CDATA[
<b>GAZ-0048</b><br/>
stratum: stable_non_forest<br/>
lat, lon: 23.922084, 90.608002<br/>
<hr/>
Record your answer in:<br/>
<code>data/reference/interpretation_gazipur_author_b.csv</code><br/><br/>
Fields: class_t0, class_t3, confidence, notes<br/>
Classes: 0 non-forest, 1 natural forest, 2 plantation/tea, 3 water
]]></description><styleUrl>#stable_non_forest</styleUrl><Point><coordinates>90.608002,23.922084,0</coordinates></Point></Placemark>
<Placemark><name>GAZ-0049</name><description><![CDATA[
<b>GAZ-0049</b><br/>
stratum: stable_non_forest<br/>
lat, lon: 24.335220, 90.436334<br/>
<hr/>
Record your answer in:<br/>
<code>data/reference/interpretation_gazipur_author_b.csv</code><br/><br/>
Fields: class_t0, class_t3, confidence, notes<br/>
Classes: 0 non-forest, 1 natural forest, 2 plantation/tea, 3 water
]]></description><styleUrl>#stable_non_forest</styleUrl><Point><coordinates>90.436334,24.335220,0</coordinates></Point></Placemark>
<Placemark><name>GAZ-0050</name><description><![CDATA[
<b>GAZ-0050</b><br/>
stratum: stable_non_forest<br/>
lat, lon: 23.983260, 90.545479<br/>
<hr/>
Record your answer in:<br/>
<code>data/reference/interpretation_gazipur_author_b.csv</code><br/><br/>
Fields: class_t0, class_t3, confidence, notes<br/>
Classes: 0 non-forest, 1 natural forest, 2 plantation/tea, 3 water
]]></description><styleUrl>#stable_non_forest</styleUrl><Point><coordinates>90.545479,23.983260,0</coordinates></Point></Placemark>
<Placemark><name>GAZ-0051</name><description><![CDATA[
<b>GAZ-0051</b><br/>
stratum: stable_non_forest<br/>
lat, lon: 24.094292, 90.657859<br/>
<hr/>
Record your answer in:<br/>
<code>data/reference/interpretation_gazipur_author_b.csv</code><br/><br/>
Fields: class_t0, class_t3, confidence, notes<br/>
Classes: 0 non-forest, 1 natural forest, 2 plantation/tea, 3 water
]]></description><styleUrl>#stable_non_forest</styleUrl><Point><coordinates>90.657859,24.094292,0</coordinates></Point></Placemark>
<Placemark><name>GAZ-0052</name><description><![CDATA[
<b>GAZ-0052</b><br/>
stratum: stable_non_forest<br/>
lat, lon: 23.970863, 90.458702<br/>
<hr/>
Record your answer in:<br/>
<code>data/reference/interpretation_gazipur_author_b.csv</code><br/><br/>
Fields: class_t0, class_t3, confidence, notes<br/>
Classes: 0 non-forest, 1 natural forest, 2 plantation/tea, 3 water
]]></description><styleUrl>#stable_non_forest</styleUrl><Point><coordinates>90.458702,23.970863,0</coordinates></Point></Placemark>
<Placemark><name>GAZ-0053</name><description><![CDATA[
<b>GAZ-0053</b><br/>
stratum: stable_non_forest<br/>
lat, lon: 24.150885, 90.545210<br/>
<hr/>
Record your answer in:<br/>
<code>data/reference/interpretation_gazipur_author_b.csv</code><br/><br/>
Fields: class_t0, class_t3, confidence, notes<br/>
Classes: 0 non-forest, 1 natural forest, 2 plantation/tea, 3 water
]]></description><styleUrl>#stable_non_forest</styleUrl><Point><coordinates>90.545210,24.150885,0</coordinates></Point></Placemark>
<Placemark><name>GAZ-0054</name><description><![CDATA[
<b>GAZ-0054</b><br/>
stratum: stable_non_forest<br/>
lat, lon: 24.039315, 90.190555<br/>
<hr/>
Record your answer in:<br/>
<code>data/reference/interpretation_gazipur_author_b.csv</code><br/><br/>
Fields: class_t0, class_t3, confidence, notes<br/>
Classes: 0 non-forest, 1 natural forest, 2 plantation/tea, 3 water
]]></description><styleUrl>#stable_non_forest</styleUrl><Point><coordinates>90.190555,24.039315,0</coordinates></Point></Placemark>
<Placemark><name>GAZ-0055</name><description><![CDATA[
<b>GAZ-0055</b><br/>
stratum: stable_non_forest<br/>
lat, lon: 24.160048, 90.672411<br/>
<hr/>
Record your answer in:<br/>
<code>data/reference/interpretation_gazipur_author_b.csv</code><br/><br/>
Fields: class_t0, class_t3, confidence, notes<br/>
Classes: 0 non-forest, 1 natural forest, 2 plantation/tea, 3 water
]]></description><styleUrl>#stable_non_forest</styleUrl><Point><coordinates>90.672411,24.160048,0</coordinates></Point></Placemark>
<Placemark><name>GAZ-0056</name><description><![CDATA[
<b>GAZ-0056</b><br/>
stratum: stable_non_forest<br/>
lat, lon: 23.984068, 90.294041<br/>
<hr/>
Record your answer in:<br/>
<code>data/reference/interpretation_gazipur_author_b.csv</code><br/><br/>
Fields: class_t0, class_t3, confidence, notes<br/>
Classes: 0 non-forest, 1 natural forest, 2 plantation/tea, 3 water
]]></description><styleUrl>#stable_non_forest</styleUrl><Point><coordinates>90.294041,23.984068,0</coordinates></Point></Placemark>
<Placemark><name>GAZ-0057</name><description><![CDATA[
<b>GAZ-0057</b><br/>
stratum: stable_non_forest<br/>
lat, lon: 24.115582, 90.515026<br/>
<hr/>
Record your answer in:<br/>
<code>data/reference/interpretation_gazipur_author_b.csv</code><br/><br/>
Fields: class_t0, class_t3, confidence, notes<br/>
Classes: 0 non-forest, 1 natural forest, 2 plantation/tea, 3 water
]]></description><styleUrl>#stable_non_forest</styleUrl><Point><coordinates>90.515026,24.115582,0</coordinates></Point></Placemark>
<Placemark><name>GAZ-0058</name><description><![CDATA[
<b>GAZ-0058</b><br/>
stratum: stable_non_forest<br/>
lat, lon: 24.064108, 90.522572<br/>
<hr/>
Record your answer in:<br/>
<code>data/reference/interpretation_gazipur_author_b.csv</code><br/><br/>
Fields: class_t0, class_t3, confidence, notes<br/>
Classes: 0 non-forest, 1 natural forest, 2 plantation/tea, 3 water
]]></description><styleUrl>#stable_non_forest</styleUrl><Point><coordinates>90.522572,24.064108,0</coordinates></Point></Placemark>
<Placemark><name>GAZ-0059</name><description><![CDATA[
<b>GAZ-0059</b><br/>
stratum: stable_non_forest<br/>
lat, lon: 23.973558, 90.306168<br/>
<hr/>
Record your answer in:<br/>
<code>data/reference/interpretation_gazipur_author_b.csv</code><br/><br/>
Fields: class_t0, class_t3, confidence, notes<br/>
Classes: 0 non-forest, 1 natural forest, 2 plantation/tea, 3 water
]]></description><styleUrl>#stable_non_forest</styleUrl><Point><coordinates>90.306168,23.973558,0</coordinates></Point></Placemark>
<Placemark><name>GAZ-0060</name><description><![CDATA[
<b>GAZ-0060</b><br/>
stratum: stable_non_forest<br/>
lat, lon: 24.035542, 90.167917<br/>
<hr/>
Record your answer in:<br/>
<code>data/reference/interpretation_gazipur_author_b.csv</code><br/><br/>
Fields: class_t0, class_t3, confidence, notes<br/>
Classes: 0 non-forest, 1 natural forest, 2 plantation/tea, 3 water
]]></description><styleUrl>#stable_non_forest</styleUrl><Point><coordinates>90.167917,24.035542,0</coordinates></Point></Placemark>
<Placemark><name>GAZ-0061</name><description><![CDATA[
<b>GAZ-0061</b><br/>
stratum: stable_non_forest<br/>
lat, lon: 24.148729, 90.537934<br/>
<hr/>
Record your answer in:<br/>
<code>data/reference/interpretation_gazipur_author_b.csv</code><br/><br/>
Fields: class_t0, class_t3, confidence, notes<br/>
Classes: 0 non-forest, 1 natural forest, 2 plantation/tea, 3 water
]]></description><styleUrl>#stable_non_forest</styleUrl><Point><coordinates>90.537934,24.148729,0</coordinates></Point></Placemark>
<Placemark><name>GAZ-0062</name><description><![CDATA[
<b>GAZ-0062</b><br/>
stratum: stable_non_forest<br/>
lat, lon: 24.168942, 90.341472<br/>
<hr/>
Record your answer in:<br/>
<code>data/reference/interpretation_gazipur_author_b.csv</code><br/><br/>
Fields: class_t0, class_t3, confidence, notes<br/>
Classes: 0 non-forest, 1 natural forest, 2 plantation/tea, 3 water
]]></description><styleUrl>#stable_non_forest</styleUrl><Point><coordinates>90.341472,24.168942,0</coordinates></Point></Placemark>
<Placemark><name>GAZ-0063</name><description><![CDATA[
<b>GAZ-0063</b><br/>
stratum: stable_non_forest<br/>
lat, lon: 24.058988, 90.402378<br/>
<hr/>
Record your answer in:<br/>
<code>data/reference/interpretation_gazipur_author_b.csv</code><br/><br/>
Fields: class_t0, class_t3, confidence, notes<br/>
Classes: 0 non-forest, 1 natural forest, 2 plantation/tea, 3 water
]]></description><styleUrl>#stable_non_forest</styleUrl><Point><coordinates>90.402378,24.058988,0</coordinates></Point></Placemark>
<Placemark><name>GAZ-0064</name><description><![CDATA[
<b>GAZ-0064</b><br/>
stratum: stable_non_forest<br/>
lat, lon: 23.883547, 90.510984<br/>
<hr/>
Record your answer in:<br/>
<code>data/reference/interpretation_gazipur_author_b.csv</code><br/><br/>
Fields: class_t0, class_t3, confidence, notes<br/>
Classes: 0 non-forest, 1 natural forest, 2 plantation/tea, 3 water
]]></description><styleUrl>#stable_non_forest</styleUrl><Point><coordinates>90.510984,23.883547,0</coordinates></Point></Placemark>
<Placemark><name>GAZ-0065</name><description><![CDATA[
<b>GAZ-0065</b><br/>
stratum: stable_non_forest<br/>
lat, lon: 24.166247, 90.643306<br/>
<hr/>
Record your answer in:<br/>
<code>data/reference/interpretation_gazipur_author_b.csv</code><br/><br/>
Fields: class_t0, class_t3, confidence, notes<br/>
Classes: 0 non-forest, 1 natural forest, 2 plantation/tea, 3 water
]]></description><styleUrl>#stable_non_forest</styleUrl><Point><coordinates>90.643306,24.166247,0</coordinates></Point></Placemark>
<Placemark><name>GAZ-0066</name><description><![CDATA[
<b>GAZ-0066</b><br/>
stratum: stable_non_forest<br/>
lat, lon: 23.852285, 90.484843<br/>
<hr/>
Record your answer in:<br/>
<code>data/reference/interpretation_gazipur_author_b.csv</code><br/><br/>
Fields: class_t0, class_t3, confidence, notes<br/>
Classes: 0 non-forest, 1 natural forest, 2 plantation/tea, 3 water
]]></description><styleUrl>#stable_non_forest</styleUrl><Point><coordinates>90.484843,23.852285,0</coordinates></Point></Placemark>
<Placemark><name>GAZ-0067</name><description><![CDATA[
<b>GAZ-0067</b><br/>
stratum: stable_non_forest<br/>
lat, lon: 24.029343, 90.430944<br/>
<hr/>
Record your answer in:<br/>
<code>data/reference/interpretation_gazipur_author_b.csv</code><br/><br/>
Fields: class_t0, class_t3, confidence, notes<br/>
Classes: 0 non-forest, 1 natural forest, 2 plantation/tea, 3 water
]]></description><styleUrl>#stable_non_forest</styleUrl><Point><coordinates>90.430944,24.029343,0</coordinates></Point></Placemark>
<Placemark><name>GAZ-0068</name><description><![CDATA[
<b>GAZ-0068</b><br/>
stratum: stable_non_forest<br/>
lat, lon: 24.148999, 90.654086<br/>
<hr/>
Record your answer in:<br/>
<code>data/reference/interpretation_gazipur_author_b.csv</code><br/><br/>
Fields: class_t0, class_t3, confidence, notes<br/>
Classes: 0 non-forest, 1 natural forest, 2 plantation/tea, 3 water
]]></description><styleUrl>#stable_non_forest</styleUrl><Point><coordinates>90.654086,24.148999,0</coordinates></Point></Placemark>
<Placemark><name>GAZ-0069</name><description><![CDATA[
<b>GAZ-0069</b><br/>
stratum: stable_non_forest<br/>
lat, lon: 24.204245, 90.622824<br/>
<hr/>
Record your answer in:<br/>
<code>data/reference/interpretation_gazipur_author_b.csv</code><br/><br/>
Fields: class_t0, class_t3, confidence, notes<br/>
Classes: 0 non-forest, 1 natural forest, 2 plantation/tea, 3 water
]]></description><styleUrl>#stable_non_forest</styleUrl><Point><coordinates>90.622824,24.204245,0</coordinates></Point></Placemark>
<Placemark><name>GAZ-0070</name><description><![CDATA[
<b>GAZ-0070</b><br/>
stratum: stable_non_forest<br/>
lat, lon: 24.222571, 90.502091<br/>
<hr/>
Record your answer in:<br/>
<code>data/reference/interpretation_gazipur_author_b.csv</code><br/><br/>
Fields: class_t0, class_t3, confidence, notes<br/>
Classes: 0 non-forest, 1 natural forest, 2 plantation/tea, 3 water
]]></description><styleUrl>#stable_non_forest</styleUrl><Point><coordinates>90.502091,24.222571,0</coordinates></Point></Placemark>
<Placemark><name>GAZ-0071</name><description><![CDATA[
<b>GAZ-0071</b><br/>
stratum: stable_non_forest<br/>
lat, lon: 24.230386, 90.659745<br/>
<hr/>
Record your answer in:<br/>
<code>data/reference/interpretation_gazipur_author_b.csv</code><br/><br/>
Fields: class_t0, class_t3, confidence, notes<br/>
Classes: 0 non-forest, 1 natural forest, 2 plantation/tea, 3 water
]]></description><styleUrl>#stable_non_forest</styleUrl><Point><coordinates>90.659745,24.230386,0</coordinates></Point></Placemark>
<Placemark><name>GAZ-0072</name><description><![CDATA[
<b>GAZ-0072</b><br/>
stratum: stable_non_forest<br/>
lat, lon: 24.303958, 90.522303<br/>
<hr/>
Record your answer in:<br/>
<code>data/reference/interpretation_gazipur_author_b.csv</code><br/><br/>
Fields: class_t0, class_t3, confidence, notes<br/>
Classes: 0 non-forest, 1 natural forest, 2 plantation/tea, 3 water
]]></description><styleUrl>#stable_non_forest</styleUrl><Point><coordinates>90.522303,24.303958,0</coordinates></Point></Placemark>
<Placemark><name>GAZ-0073</name><description><![CDATA[
<b>GAZ-0073</b><br/>
stratum: stable_non_forest<br/>
lat, lon: 24.053867, 90.353599<br/>
<hr/>
Record your answer in:<br/>
<code>data/reference/interpretation_gazipur_author_b.csv</code><br/><br/>
Fields: class_t0, class_t3, confidence, notes<br/>
Classes: 0 non-forest, 1 natural forest, 2 plantation/tea, 3 water
]]></description><styleUrl>#stable_non_forest</styleUrl><Point><coordinates>90.353599,24.053867,0</coordinates></Point></Placemark>
<Placemark><name>GAZ-0074</name><description><![CDATA[
<b>GAZ-0074</b><br/>
stratum: stable_non_forest<br/>
lat, lon: 23.892440, 90.524728<br/>
<hr/>
Record your answer in:<br/>
<code>data/reference/interpretation_gazipur_author_b.csv</code><br/><br/>
Fields: class_t0, class_t3, confidence, notes<br/>
Classes: 0 non-forest, 1 natural forest, 2 plantation/tea, 3 water
]]></description><styleUrl>#stable_non_forest</styleUrl><Point><coordinates>90.524728,23.892440,0</coordinates></Point></Placemark>
<Placemark><name>GAZ-0075</name><description><![CDATA[
<b>GAZ-0075</b><br/>
stratum: stable_non_forest<br/>
lat, lon: 24.260300, 90.397527<br/>
<hr/>
Record your answer in:<br/>
<code>data/reference/interpretation_gazipur_author_b.csv</code><br/><br/>
Fields: class_t0, class_t3, confidence, notes<br/>
Classes: 0 non-forest, 1 natural forest, 2 plantation/tea, 3 water
]]></description><styleUrl>#stable_non_forest</styleUrl><Point><coordinates>90.397527,24.260300,0</coordinates></Point></Placemark>
<Placemark><name>GAZ-0076</name><description><![CDATA[
<b>GAZ-0076</b><br/>
stratum: stable_non_forest<br/>
lat, lon: 24.004280, 90.542515<br/>
<hr/>
Record your answer in:<br/>
<code>data/reference/interpretation_gazipur_author_b.csv</code><br/><br/>
Fields: class_t0, class_t3, confidence, notes<br/>
Classes: 0 non-forest, 1 natural forest, 2 plantation/tea, 3 water
]]></description><styleUrl>#stable_non_forest</styleUrl><Point><coordinates>90.542515,24.004280,0</coordinates></Point></Placemark>
<Placemark><name>GAZ-0077</name><description><![CDATA[
<b>GAZ-0077</b><br/>
stratum: stable_non_forest<br/>
lat, lon: 24.018294, 90.571620<br/>
<hr/>
Record your answer in:<br/>
<code>data/reference/interpretation_gazipur_author_b.csv</code><br/><br/>
Fields: class_t0, class_t3, confidence, notes<br/>
Classes: 0 non-forest, 1 natural forest, 2 plantation/tea, 3 water
]]></description><styleUrl>#stable_non_forest</styleUrl><Point><coordinates>90.571620,24.018294,0</coordinates></Point></Placemark>
<Placemark><name>GAZ-0078</name><description><![CDATA[
<b>GAZ-0078</b><br/>
stratum: stable_non_forest<br/>
lat, lon: 24.153580, 90.569464<br/>
<hr/>
Record your answer in:<br/>
<code>data/reference/interpretation_gazipur_author_b.csv</code><br/><br/>
Fields: class_t0, class_t3, confidence, notes<br/>
Classes: 0 non-forest, 1 natural forest, 2 plantation/tea, 3 water
]]></description><styleUrl>#stable_non_forest</styleUrl><Point><coordinates>90.569464,24.153580,0</coordinates></Point></Placemark>
<Placemark><name>GAZ-0079</name><description><![CDATA[
<b>GAZ-0079</b><br/>
stratum: stable_non_forest<br/>
lat, lon: 23.914000, 90.531735<br/>
<hr/>
Record your answer in:<br/>
<code>data/reference/interpretation_gazipur_author_b.csv</code><br/><br/>
Fields: class_t0, class_t3, confidence, notes<br/>
Classes: 0 non-forest, 1 natural forest, 2 plantation/tea, 3 water
]]></description><styleUrl>#stable_non_forest</styleUrl><Point><coordinates>90.531735,23.914000,0</coordinates></Point></Placemark>
<Placemark><name>GAZ-0080</name><description><![CDATA[
<b>GAZ-0080</b><br/>
stratum: stable_non_forest<br/>
lat, lon: 24.085398, 90.320182<br/>
<hr/>
Record your answer in:<br/>
<code>data/reference/interpretation_gazipur_author_b.csv</code><br/><br/>
Fields: class_t0, class_t3, confidence, notes<br/>
Classes: 0 non-forest, 1 natural forest, 2 plantation/tea, 3 water
]]></description><styleUrl>#stable_non_forest</styleUrl><Point><coordinates>90.320182,24.085398,0</coordinates></Point></Placemark>
<Placemark><name>GAZ-0081</name><description><![CDATA[
<b>GAZ-0081</b><br/>
stratum: stable_non_forest<br/>
lat, lon: 24.207210, 90.379471<br/>
<hr/>
Record your answer in:<br/>
<code>data/reference/interpretation_gazipur_author_b.csv</code><br/><br/>
Fields: class_t0, class_t3, confidence, notes<br/>
Classes: 0 non-forest, 1 natural forest, 2 plantation/tea, 3 water
]]></description><styleUrl>#stable_non_forest</styleUrl><Point><coordinates>90.379471,24.207210,0</coordinates></Point></Placemark>
<Placemark><name>GAZ-0082</name><description><![CDATA[
<b>GAZ-0082</b><br/>
stratum: stable_non_forest<br/>
lat, lon: 23.909688, 90.401569<br/>
<hr/>
Record your answer in:<br/>
<code>data/reference/interpretation_gazipur_author_b.csv</code><br/><br/>
Fields: class_t0, class_t3, confidence, notes<br/>
Classes: 0 non-forest, 1 natural forest, 2 plantation/tea, 3 water
]]></description><styleUrl>#stable_non_forest</styleUrl><Point><coordinates>90.401569,23.909688,0</coordinates></Point></Placemark>
<Placemark><name>GAZ-0083</name><description><![CDATA[
<b>GAZ-0083</b><br/>
stratum: stable_non_forest<br/>
lat, lon: 24.091597, 90.330962<br/>
<hr/>
Record your answer in:<br/>
<code>data/reference/interpretation_gazipur_author_b.csv</code><br/><br/>
Fields: class_t0, class_t3, confidence, notes<br/>
Classes: 0 non-forest, 1 natural forest, 2 plantation/tea, 3 water
]]></description><styleUrl>#stable_non_forest</styleUrl><Point><coordinates>90.330962,24.091597,0</coordinates></Point></Placemark>
<Placemark><name>GAZ-0084</name><description><![CDATA[
<b>GAZ-0084</b><br/>
stratum: stable_non_forest<br/>
lat, lon: 24.121780, 90.606385<br/>
<hr/>
Record your answer in:<br/>
<code>data/reference/interpretation_gazipur_author_b.csv</code><br/><br/>
Fields: class_t0, class_t3, confidence, notes<br/>
Classes: 0 non-forest, 1 natural forest, 2 plantation/tea, 3 water
]]></description><styleUrl>#stable_non_forest</styleUrl><Point><coordinates>90.606385,24.121780,0</coordinates></Point></Placemark>
<Placemark><name>GAZ-0085</name><description><![CDATA[
<b>GAZ-0085</b><br/>
stratum: stable_non_forest<br/>
lat, lon: 24.126092, 90.489694<br/>
<hr/>
Record your answer in:<br/>
<code>data/reference/interpretation_gazipur_author_b.csv</code><br/><br/>
Fields: class_t0, class_t3, confidence, notes<br/>
Classes: 0 non-forest, 1 natural forest, 2 plantation/tea, 3 water
]]></description><styleUrl>#stable_non_forest</styleUrl><Point><coordinates>90.489694,24.126092,0</coordinates></Point></Placemark>
<Placemark><name>GAZ-0086</name><description><![CDATA[
<b>GAZ-0086</b><br/>
stratum: stable_non_forest<br/>
lat, lon: 24.226074, 90.424476<br/>
<hr/>
Record your answer in:<br/>
<code>data/reference/interpretation_gazipur_author_b.csv</code><br/><br/>
Fields: class_t0, class_t3, confidence, notes<br/>
Classes: 0 non-forest, 1 natural forest, 2 plantation/tea, 3 water
]]></description><styleUrl>#stable_non_forest</styleUrl><Point><coordinates>90.424476,24.226074,0</coordinates></Point></Placemark>
<Placemark><name>GAZ-0087</name><description><![CDATA[
<b>GAZ-0087</b><br/>
stratum: stable_non_forest<br/>
lat, lon: 24.070037, 90.511523<br/>
<hr/>
Record your answer in:<br/>
<code>data/reference/interpretation_gazipur_author_b.csv</code><br/><br/>
Fields: class_t0, class_t3, confidence, notes<br/>
Classes: 0 non-forest, 1 natural forest, 2 plantation/tea, 3 water
]]></description><styleUrl>#stable_non_forest</styleUrl><Point><coordinates>90.511523,24.070037,0</coordinates></Point></Placemark>
<Placemark><name>GAZ-0088</name><description><![CDATA[
<b>GAZ-0088</b><br/>
stratum: stable_non_forest<br/>
lat, lon: 23.910496, 90.400222<br/>
<hr/>
Record your answer in:<br/>
<code>data/reference/interpretation_gazipur_author_b.csv</code><br/><br/>
Fields: class_t0, class_t3, confidence, notes<br/>
Classes: 0 non-forest, 1 natural forest, 2 plantation/tea, 3 water
]]></description><styleUrl>#stable_non_forest</styleUrl><Point><coordinates>90.400222,23.910496,0</coordinates></Point></Placemark>
<Placemark><name>GAZ-0089</name><description><![CDATA[
<b>GAZ-0089</b><br/>
stratum: stable_non_forest<br/>
lat, lon: 23.932325, 90.538203<br/>
<hr/>
Record your answer in:<br/>
<code>data/reference/interpretation_gazipur_author_b.csv</code><br/><br/>
Fields: class_t0, class_t3, confidence, notes<br/>
Classes: 0 non-forest, 1 natural forest, 2 plantation/tea, 3 water
]]></description><styleUrl>#stable_non_forest</styleUrl><Point><coordinates>90.538203,23.932325,0</coordinates></Point></Placemark>
<Placemark><name>GAZ-0090</name><description><![CDATA[
<b>GAZ-0090</b><br/>
stratum: stable_non_forest<br/>
lat, lon: 24.158970, 90.573237<br/>
<hr/>
Record your answer in:<br/>
<code>data/reference/interpretation_gazipur_author_b.csv</code><br/><br/>
Fields: class_t0, class_t3, confidence, notes<br/>
Classes: 0 non-forest, 1 natural forest, 2 plantation/tea, 3 water
]]></description><styleUrl>#stable_non_forest</styleUrl><Point><coordinates>90.573237,24.158970,0</coordinates></Point></Placemark>
<Placemark><name>GAZ-0091</name><description><![CDATA[
<b>GAZ-0091</b><br/>
stratum: stable_non_forest<br/>
lat, lon: 24.220145, 90.323146<br/>
<hr/>
Record your answer in:<br/>
<code>data/reference/interpretation_gazipur_author_b.csv</code><br/><br/>
Fields: class_t0, class_t3, confidence, notes<br/>
Classes: 0 non-forest, 1 natural forest, 2 plantation/tea, 3 water
]]></description><styleUrl>#stable_non_forest</styleUrl><Point><coordinates>90.323146,24.220145,0</coordinates></Point></Placemark>
<Placemark><name>GAZ-0092</name><description><![CDATA[
<b>GAZ-0092</b><br/>
stratum: stable_non_forest<br/>
lat, lon: 24.020450, 90.600726<br/>
<hr/>
Record your answer in:<br/>
<code>data/reference/interpretation_gazipur_author_b.csv</code><br/><br/>
Fields: class_t0, class_t3, confidence, notes<br/>
Classes: 0 non-forest, 1 natural forest, 2 plantation/tea, 3 water
]]></description><styleUrl>#stable_non_forest</styleUrl><Point><coordinates>90.600726,24.020450,0</coordinates></Point></Placemark>
<Placemark><name>GAZ-0093</name><description><![CDATA[
<b>GAZ-0093</b><br/>
stratum: stable_non_forest<br/>
lat, lon: 24.109653, 90.528771<br/>
<hr/>
Record your answer in:<br/>
<code>data/reference/interpretation_gazipur_author_b.csv</code><br/><br/>
Fields: class_t0, class_t3, confidence, notes<br/>
Classes: 0 non-forest, 1 natural forest, 2 plantation/tea, 3 water
]]></description><styleUrl>#stable_non_forest</styleUrl><Point><coordinates>90.528771,24.109653,0</coordinates></Point></Placemark>
<Placemark><name>GAZ-0094</name><description><![CDATA[
<b>GAZ-0094</b><br/>
stratum: stable_non_forest<br/>
lat, lon: 23.943375, 90.428519<br/>
<hr/>
Record your answer in:<br/>
<code>data/reference/interpretation_gazipur_author_b.csv</code><br/><br/>
Fields: class_t0, class_t3, confidence, notes<br/>
Classes: 0 non-forest, 1 natural forest, 2 plantation/tea, 3 water
]]></description><styleUrl>#stable_non_forest</styleUrl><Point><coordinates>90.428519,23.943375,0</coordinates></Point></Placemark>
<Placemark><name>GAZ-0095</name><description><![CDATA[
<b>GAZ-0095</b><br/>
stratum: stable_non_forest<br/>
lat, lon: 24.063030, 90.439029<br/>
<hr/>
Record your answer in:<br/>
<code>data/reference/interpretation_gazipur_author_b.csv</code><br/><br/>
Fields: class_t0, class_t3, confidence, notes<br/>
Classes: 0 non-forest, 1 natural forest, 2 plantation/tea, 3 water
]]></description><styleUrl>#stable_non_forest</styleUrl><Point><coordinates>90.439029,24.063030,0</coordinates></Point></Placemark>
<Placemark><name>GAZ-0096</name><description><![CDATA[
<b>GAZ-0096</b><br/>
stratum: stable_non_forest<br/>
lat, lon: 24.103185, 90.638724<br/>
<hr/>
Record your answer in:<br/>
<code>data/reference/interpretation_gazipur_author_b.csv</code><br/><br/>
Fields: class_t0, class_t3, confidence, notes<br/>
Classes: 0 non-forest, 1 natural forest, 2 plantation/tea, 3 water
]]></description><styleUrl>#stable_non_forest</styleUrl><Point><coordinates>90.638724,24.103185,0</coordinates></Point></Placemark>
<Placemark><name>GAZ-0097</name><description><![CDATA[
<b>GAZ-0097</b><br/>
stratum: stable_non_forest<br/>
lat, lon: 24.271619, 90.405881<br/>
<hr/>
Record your answer in:<br/>
<code>data/reference/interpretation_gazipur_author_b.csv</code><br/><br/>
Fields: class_t0, class_t3, confidence, notes<br/>
Classes: 0 non-forest, 1 natural forest, 2 plantation/tea, 3 water
]]></description><styleUrl>#stable_non_forest</styleUrl><Point><coordinates>90.405881,24.271619,0</coordinates></Point></Placemark>
<Placemark><name>GAZ-0098</name><description><![CDATA[
<b>GAZ-0098</b><br/>
stratum: stable_non_forest<br/>
lat, lon: 24.134985, 90.422859<br/>
<hr/>
Record your answer in:<br/>
<code>data/reference/interpretation_gazipur_author_b.csv</code><br/><br/>
Fields: class_t0, class_t3, confidence, notes<br/>
Classes: 0 non-forest, 1 natural forest, 2 plantation/tea, 3 water
]]></description><styleUrl>#stable_non_forest</styleUrl><Point><coordinates>90.422859,24.134985,0</coordinates></Point></Placemark>
<Placemark><name>GAZ-0099</name><description><![CDATA[
<b>GAZ-0099</b><br/>
stratum: stable_non_forest<br/>
lat, lon: 24.062491, 90.162528<br/>
<hr/>
Record your answer in:<br/>
<code>data/reference/interpretation_gazipur_author_b.csv</code><br/><br/>
Fields: class_t0, class_t3, confidence, notes<br/>
Classes: 0 non-forest, 1 natural forest, 2 plantation/tea, 3 water
]]></description><styleUrl>#stable_non_forest</styleUrl><Point><coordinates>90.162528,24.062491,0</coordinates></Point></Placemark>
<Placemark><name>GAZ-0100</name><description><![CDATA[
<b>GAZ-0100</b><br/>
stratum: stable_non_forest<br/>
lat, lon: 24.085398, 90.334735<br/>
<hr/>
Record your answer in:<br/>
<code>data/reference/interpretation_gazipur_author_b.csv</code><br/><br/>
Fields: class_t0, class_t3, confidence, notes<br/>
Classes: 0 non-forest, 1 natural forest, 2 plantation/tea, 3 water
]]></description><styleUrl>#stable_non_forest</styleUrl><Point><coordinates>90.334735,24.085398,0</coordinates></Point></Placemark>
<Placemark><name>GAZ-0101</name><description><![CDATA[
<b>GAZ-0101</b><br/>
stratum: stable_non_forest<br/>
lat, lon: 24.099681, 90.575393<br/>
<hr/>
Record your answer in:<br/>
<code>data/reference/interpretation_gazipur_author_b.csv</code><br/><br/>
Fields: class_t0, class_t3, confidence, notes<br/>
Classes: 0 non-forest, 1 natural forest, 2 plantation/tea, 3 water
]]></description><styleUrl>#stable_non_forest</styleUrl><Point><coordinates>90.575393,24.099681,0</coordinates></Point></Placemark>
<Placemark><name>GAZ-0102</name><description><![CDATA[
<b>GAZ-0102</b><br/>
stratum: stable_non_forest<br/>
lat, lon: 24.240088, 90.401839<br/>
<hr/>
Record your answer in:<br/>
<code>data/reference/interpretation_gazipur_author_b.csv</code><br/><br/>
Fields: class_t0, class_t3, confidence, notes<br/>
Classes: 0 non-forest, 1 natural forest, 2 plantation/tea, 3 water
]]></description><styleUrl>#stable_non_forest</styleUrl><Point><coordinates>90.401839,24.240088,0</coordinates></Point></Placemark>
<Placemark><name>GAZ-0103</name><description><![CDATA[
<b>GAZ-0103</b><br/>
stratum: stable_non_forest<br/>
lat, lon: 24.146843, 90.658937<br/>
<hr/>
Record your answer in:<br/>
<code>data/reference/interpretation_gazipur_author_b.csv</code><br/><br/>
Fields: class_t0, class_t3, confidence, notes<br/>
Classes: 0 non-forest, 1 natural forest, 2 plantation/tea, 3 water
]]></description><styleUrl>#stable_non_forest</styleUrl><Point><coordinates>90.658937,24.146843,0</coordinates></Point></Placemark>
<Placemark><name>GAZ-0104</name><description><![CDATA[
<b>GAZ-0104</b><br/>
stratum: stable_non_forest<br/>
lat, lon: 23.972749, 90.445497<br/>
<hr/>
Record your answer in:<br/>
<code>data/reference/interpretation_gazipur_author_b.csv</code><br/><br/>
Fields: class_t0, class_t3, confidence, notes<br/>
Classes: 0 non-forest, 1 natural forest, 2 plantation/tea, 3 water
]]></description><styleUrl>#stable_non_forest</styleUrl><Point><coordinates>90.445497,23.972749,0</coordinates></Point></Placemark>
<Placemark><name>GAZ-0105</name><description><![CDATA[
<b>GAZ-0105</b><br/>
stratum: stable_non_forest<br/>
lat, lon: 24.182686, 90.319373<br/>
<hr/>
Record your answer in:<br/>
<code>data/reference/interpretation_gazipur_author_b.csv</code><br/><br/>
Fields: class_t0, class_t3, confidence, notes<br/>
Classes: 0 non-forest, 1 natural forest, 2 plantation/tea, 3 water
]]></description><styleUrl>#stable_non_forest</styleUrl><Point><coordinates>90.319373,24.182686,0</coordinates></Point></Placemark>
<Placemark><name>GAZ-0106</name><description><![CDATA[
<b>GAZ-0106</b><br/>
stratum: stable_non_forest<br/>
lat, lon: 24.088902, 90.336082<br/>
<hr/>
Record your answer in:<br/>
<code>data/reference/interpretation_gazipur_author_b.csv</code><br/><br/>
Fields: class_t0, class_t3, confidence, notes<br/>
Classes: 0 non-forest, 1 natural forest, 2 plantation/tea, 3 water
]]></description><styleUrl>#stable_non_forest</styleUrl><Point><coordinates>90.336082,24.088902,0</coordinates></Point></Placemark>
<Placemark><name>GAZ-0107</name><description><![CDATA[
<b>GAZ-0107</b><br/>
stratum: stable_non_forest<br/>
lat, lon: 23.917773, 90.425554<br/>
<hr/>
Record your answer in:<br/>
<code>data/reference/interpretation_gazipur_author_b.csv</code><br/><br/>
Fields: class_t0, class_t3, confidence, notes<br/>
Classes: 0 non-forest, 1 natural forest, 2 plantation/tea, 3 water
]]></description><styleUrl>#stable_non_forest</styleUrl><Point><coordinates>90.425554,23.917773,0</coordinates></Point></Placemark>
<Placemark><name>GAZ-0108</name><description><![CDATA[
<b>GAZ-0108</b><br/>
stratum: stable_non_forest<br/>
lat, lon: 24.134446, 90.629562<br/>
<hr/>
Record your answer in:<br/>
<code>data/reference/interpretation_gazipur_author_b.csv</code><br/><br/>
Fields: class_t0, class_t3, confidence, notes<br/>
Classes: 0 non-forest, 1 natural forest, 2 plantation/tea, 3 water
]]></description><styleUrl>#stable_non_forest</styleUrl><Point><coordinates>90.629562,24.134446,0</coordinates></Point></Placemark>
<Placemark><name>GAZ-0109</name><description><![CDATA[
<b>GAZ-0109</b><br/>
stratum: stable_non_forest<br/>
lat, lon: 24.078661, 90.401300<br/>
<hr/>
Record your answer in:<br/>
<code>data/reference/interpretation_gazipur_author_b.csv</code><br/><br/>
Fields: class_t0, class_t3, confidence, notes<br/>
Classes: 0 non-forest, 1 natural forest, 2 plantation/tea, 3 water
]]></description><styleUrl>#stable_non_forest</styleUrl><Point><coordinates>90.401300,24.078661,0</coordinates></Point></Placemark>
<Placemark><name>GAZ-0110</name><description><![CDATA[
<b>GAZ-0110</b><br/>
stratum: stable_non_forest<br/>
lat, lon: 24.218798, 90.414236<br/>
<hr/>
Record your answer in:<br/>
<code>data/reference/interpretation_gazipur_author_b.csv</code><br/><br/>
Fields: class_t0, class_t3, confidence, notes<br/>
Classes: 0 non-forest, 1 natural forest, 2 plantation/tea, 3 water
]]></description><styleUrl>#stable_non_forest</styleUrl><Point><coordinates>90.414236,24.218798,0</coordinates></Point></Placemark>
<Placemark><name>GAZ-0111</name><description><![CDATA[
<b>GAZ-0111</b><br/>
stratum: stable_non_forest<br/>
lat, lon: 24.233890, 90.583748<br/>
<hr/>
Record your answer in:<br/>
<code>data/reference/interpretation_gazipur_author_b.csv</code><br/><br/>
Fields: class_t0, class_t3, confidence, notes<br/>
Classes: 0 non-forest, 1 natural forest, 2 plantation/tea, 3 water
]]></description><styleUrl>#stable_non_forest</styleUrl><Point><coordinates>90.583748,24.233890,0</coordinates></Point></Placemark>
<Placemark><name>GAZ-0112</name><description><![CDATA[
<b>GAZ-0112</b><br/>
stratum: stable_non_forest<br/>
lat, lon: 24.156545, 90.617434<br/>
<hr/>
Record your answer in:<br/>
<code>data/reference/interpretation_gazipur_author_b.csv</code><br/><br/>
Fields: class_t0, class_t3, confidence, notes<br/>
Classes: 0 non-forest, 1 natural forest, 2 plantation/tea, 3 water
]]></description><styleUrl>#stable_non_forest</styleUrl><Point><coordinates>90.617434,24.156545,0</coordinates></Point></Placemark>
<Placemark><name>GAZ-0113</name><description><![CDATA[
<b>GAZ-0113</b><br/>
stratum: stable_non_forest<br/>
lat, lon: 24.173523, 90.526076<br/>
<hr/>
Record your answer in:<br/>
<code>data/reference/interpretation_gazipur_author_b.csv</code><br/><br/>
Fields: class_t0, class_t3, confidence, notes<br/>
Classes: 0 non-forest, 1 natural forest, 2 plantation/tea, 3 water
]]></description><styleUrl>#stable_non_forest</styleUrl><Point><coordinates>90.526076,24.173523,0</coordinates></Point></Placemark>
<Placemark><name>GAZ-0114</name><description><![CDATA[
<b>GAZ-0114</b><br/>
stratum: stable_non_forest<br/>
lat, lon: 24.099681, 90.378662<br/>
<hr/>
Record your answer in:<br/>
<code>data/reference/interpretation_gazipur_author_b.csv</code><br/><br/>
Fields: class_t0, class_t3, confidence, notes<br/>
Classes: 0 non-forest, 1 natural forest, 2 plantation/tea, 3 water
]]></description><styleUrl>#stable_non_forest</styleUrl><Point><coordinates>90.378662,24.099681,0</coordinates></Point></Placemark>
<Placemark><name>GAZ-0115</name><description><![CDATA[
<b>GAZ-0115</b><br/>
stratum: stable_non_forest<br/>
lat, lon: 24.001316, 90.314253<br/>
<hr/>
Record your answer in:<br/>
<code>data/reference/interpretation_gazipur_author_b.csv</code><br/><br/>
Fields: class_t0, class_t3, confidence, notes<br/>
Classes: 0 non-forest, 1 natural forest, 2 plantation/tea, 3 water
]]></description><styleUrl>#stable_non_forest</styleUrl><Point><coordinates>90.314253,24.001316,0</coordinates></Point></Placemark>
<Placemark><name>GAZ-0116</name><description><![CDATA[
<b>GAZ-0116</b><br/>
stratum: stable_non_forest<br/>
lat, lon: 24.049555, 90.527154<br/>
<hr/>
Record your answer in:<br/>
<code>data/reference/interpretation_gazipur_author_b.csv</code><br/><br/>
Fields: class_t0, class_t3, confidence, notes<br/>
Classes: 0 non-forest, 1 natural forest, 2 plantation/tea, 3 water
]]></description><styleUrl>#stable_non_forest</styleUrl><Point><coordinates>90.527154,24.049555,0</coordinates></Point></Placemark>
<Placemark><name>GAZ-0117</name><description><![CDATA[
<b>GAZ-0117</b><br/>
stratum: stable_non_forest<br/>
lat, lon: 23.886242, 90.397527<br/>
<hr/>
Record your answer in:<br/>
<code>data/reference/interpretation_gazipur_author_b.csv</code><br/><br/>
Fields: class_t0, class_t3, confidence, notes<br/>
Classes: 0 non-forest, 1 natural forest, 2 plantation/tea, 3 water
]]></description><styleUrl>#stable_non_forest</styleUrl><Point><coordinates>90.397527,23.886242,0</coordinates></Point></Placemark>
<Placemark><name>GAZ-0118</name><description><![CDATA[
<b>GAZ-0118</b><br/>
stratum: stable_non_forest<br/>
lat, lon: 23.932056, 90.351443<br/>
<hr/>
Record your answer in:<br/>
<code>data/reference/interpretation_gazipur_author_b.csv</code><br/><br/>
Fields: class_t0, class_t3, confidence, notes<br/>
Classes: 0 non-forest, 1 natural forest, 2 plantation/tea, 3 water
]]></description><styleUrl>#stable_non_forest</styleUrl><Point><coordinates>90.351443,23.932056,0</coordinates></Point></Placemark>
<Placemark><name>GAZ-0119</name><description><![CDATA[
<b>GAZ-0119</b><br/>
stratum: stable_non_forest<br/>
lat, lon: 24.062491, 90.547096<br/>
<hr/>
Record your answer in:<br/>
<code>data/reference/interpretation_gazipur_author_b.csv</code><br/><br/>
Fields: class_t0, class_t3, confidence, notes<br/>
Classes: 0 non-forest, 1 natural forest, 2 plantation/tea, 3 water
]]></description><styleUrl>#stable_non_forest</styleUrl><Point><coordinates>90.547096,24.062491,0</coordinates></Point></Placemark>
<Placemark><name>GAZ-0120</name><description><![CDATA[
<b>GAZ-0120</b><br/>
stratum: stable_non_forest<br/>
lat, lon: 24.121780, 90.414774<br/>
<hr/>
Record your answer in:<br/>
<code>data/reference/interpretation_gazipur_author_b.csv</code><br/><br/>
Fields: class_t0, class_t3, confidence, notes<br/>
Classes: 0 non-forest, 1 natural forest, 2 plantation/tea, 3 water
]]></description><styleUrl>#stable_non_forest</styleUrl><Point><coordinates>90.414774,24.121780,0</coordinates></Point></Placemark>
<Placemark><name>GAZ-0121</name><description><![CDATA[
<b>GAZ-0121</b><br/>
stratum: stable_non_forest<br/>
lat, lon: 24.045513, 90.500743<br/>
<hr/>
Record your answer in:<br/>
<code>data/reference/interpretation_gazipur_author_b.csv</code><br/><br/>
Fields: class_t0, class_t3, confidence, notes<br/>
Classes: 0 non-forest, 1 natural forest, 2 plantation/tea, 3 water
]]></description><styleUrl>#stable_non_forest</styleUrl><Point><coordinates>90.500743,24.045513,0</coordinates></Point></Placemark>
<Placemark><name>GAZ-0122</name><description><![CDATA[
<b>GAZ-0122</b><br/>
stratum: stable_non_forest<br/>
lat, lon: 23.960353, 90.544940<br/>
<hr/>
Record your answer in:<br/>
<code>data/reference/interpretation_gazipur_author_b.csv</code><br/><br/>
Fields: class_t0, class_t3, confidence, notes<br/>
Classes: 0 non-forest, 1 natural forest, 2 plantation/tea, 3 water
]]></description><styleUrl>#stable_non_forest</styleUrl><Point><coordinates>90.544940,23.960353,0</coordinates></Point></Placemark>
<Placemark><name>GAZ-0123</name><description><![CDATA[
<b>GAZ-0123</b><br/>
stratum: stable_non_forest<br/>
lat, lon: 24.158431, 90.460589<br/>
<hr/>
Record your answer in:<br/>
<code>data/reference/interpretation_gazipur_author_b.csv</code><br/><br/>
Fields: class_t0, class_t3, confidence, notes<br/>
Classes: 0 non-forest, 1 natural forest, 2 plantation/tea, 3 water
]]></description><styleUrl>#stable_non_forest</styleUrl><Point><coordinates>90.460589,24.158431,0</coordinates></Point></Placemark>
<Placemark><name>GAZ-0124</name><description><![CDATA[
<b>GAZ-0124</b><br/>
stratum: stable_non_forest<br/>
lat, lon: 24.040123, 90.211306<br/>
<hr/>
Record your answer in:<br/>
<code>data/reference/interpretation_gazipur_author_b.csv</code><br/><br/>
Fields: class_t0, class_t3, confidence, notes<br/>
Classes: 0 non-forest, 1 natural forest, 2 plantation/tea, 3 water
]]></description><styleUrl>#stable_non_forest</styleUrl><Point><coordinates>90.211306,24.040123,0</coordinates></Point></Placemark>
<Placemark><name>GAZ-0125</name><description><![CDATA[
<b>GAZ-0125</b><br/>
stratum: stable_non_forest<br/>
lat, lon: 23.994040, 90.496162<br/>
<hr/>
Record your answer in:<br/>
<code>data/reference/interpretation_gazipur_author_b.csv</code><br/><br/>
Fields: class_t0, class_t3, confidence, notes<br/>
Classes: 0 non-forest, 1 natural forest, 2 plantation/tea, 3 water
]]></description><styleUrl>#stable_non_forest</styleUrl><Point><coordinates>90.496162,23.994040,0</coordinates></Point></Placemark>
<Placemark><name>GAZ-0126</name><description><![CDATA[
<b>GAZ-0126</b><br/>
stratum: stable_non_forest<br/>
lat, lon: 24.106958, 90.571081<br/>
<hr/>
Record your answer in:<br/>
<code>data/reference/interpretation_gazipur_author_b.csv</code><br/><br/>
Fields: class_t0, class_t3, confidence, notes<br/>
Classes: 0 non-forest, 1 natural forest, 2 plantation/tea, 3 water
]]></description><styleUrl>#stable_non_forest</styleUrl><Point><coordinates>90.571081,24.106958,0</coordinates></Point></Placemark>
<Placemark><name>GAZ-0127</name><description><![CDATA[
<b>GAZ-0127</b><br/>
stratum: stable_non_forest<br/>
lat, lon: 24.130673, 90.301048<br/>
<hr/>
Record your answer in:<br/>
<code>data/reference/interpretation_gazipur_author_b.csv</code><br/><br/>
Fields: class_t0, class_t3, confidence, notes<br/>
Classes: 0 non-forest, 1 natural forest, 2 plantation/tea, 3 water
]]></description><styleUrl>#stable_non_forest</styleUrl><Point><coordinates>90.301048,24.130673,0</coordinates></Point></Placemark>
<Placemark><name>GAZ-0128</name><description><![CDATA[
<b>GAZ-0128</b><br/>
stratum: stable_non_forest<br/>
lat, lon: 24.017216, 90.589676<br/>
<hr/>
Record your answer in:<br/>
<code>data/reference/interpretation_gazipur_author_b.csv</code><br/><br/>
Fields: class_t0, class_t3, confidence, notes<br/>
Classes: 0 non-forest, 1 natural forest, 2 plantation/tea, 3 water
]]></description><styleUrl>#stable_non_forest</styleUrl><Point><coordinates>90.589676,24.017216,0</coordinates></Point></Placemark>
<Placemark><name>GAZ-0129</name><description><![CDATA[
<b>GAZ-0129</b><br/>
stratum: stable_non_forest<br/>
lat, lon: 24.162474, 90.627406<br/>
<hr/>
Record your answer in:<br/>
<code>data/reference/interpretation_gazipur_author_b.csv</code><br/><br/>
Fields: class_t0, class_t3, confidence, notes<br/>
Classes: 0 non-forest, 1 natural forest, 2 plantation/tea, 3 water
]]></description><styleUrl>#stable_non_forest</styleUrl><Point><coordinates>90.627406,24.162474,0</coordinates></Point></Placemark>
<Placemark><name>GAZ-0130</name><description><![CDATA[
<b>GAZ-0130</b><br/>
stratum: stable_non_forest<br/>
lat, lon: 24.037698, 90.322068<br/>
<hr/>
Record your answer in:<br/>
<code>data/reference/interpretation_gazipur_author_b.csv</code><br/><br/>
Fields: class_t0, class_t3, confidence, notes<br/>
Classes: 0 non-forest, 1 natural forest, 2 plantation/tea, 3 water
]]></description><styleUrl>#stable_non_forest</styleUrl><Point><coordinates>90.322068,24.037698,0</coordinates></Point></Placemark>
<Placemark><name>GAZ-0131</name><description><![CDATA[
<b>GAZ-0131</b><br/>
stratum: stable_non_forest<br/>
lat, lon: 24.095908, 90.653816<br/>
<hr/>
Record your answer in:<br/>
<code>data/reference/interpretation_gazipur_author_b.csv</code><br/><br/>
Fields: class_t0, class_t3, confidence, notes<br/>
Classes: 0 non-forest, 1 natural forest, 2 plantation/tea, 3 water
]]></description><styleUrl>#stable_non_forest</styleUrl><Point><coordinates>90.653816,24.095908,0</coordinates></Point></Placemark>
<Placemark><name>GAZ-0132</name><description><![CDATA[
<b>GAZ-0132</b><br/>
stratum: stable_non_forest<br/>
lat, lon: 24.252215, 90.461667<br/>
<hr/>
Record your answer in:<br/>
<code>data/reference/interpretation_gazipur_author_b.csv</code><br/><br/>
Fields: class_t0, class_t3, confidence, notes<br/>
Classes: 0 non-forest, 1 natural forest, 2 plantation/tea, 3 water
]]></description><styleUrl>#stable_non_forest</styleUrl><Point><coordinates>90.461667,24.252215,0</coordinates></Point></Placemark>
<Placemark><name>GAZ-0133</name><description><![CDATA[
<b>GAZ-0133</b><br/>
stratum: stable_non_forest<br/>
lat, lon: 23.978139, 90.602343<br/>
<hr/>
Record your answer in:<br/>
<code>data/reference/interpretation_gazipur_author_b.csv</code><br/><br/>
Fields: class_t0, class_t3, confidence, notes<br/>
Classes: 0 non-forest, 1 natural forest, 2 plantation/tea, 3 water
]]></description><styleUrl>#stable_non_forest</styleUrl><Point><coordinates>90.602343,23.978139,0</coordinates></Point></Placemark>
<Placemark><name>GAZ-0134</name><description><![CDATA[
<b>GAZ-0134</b><br/>
stratum: stable_non_forest<br/>
lat, lon: 24.127978, 90.240412<br/>
<hr/>
Record your answer in:<br/>
<code>data/reference/interpretation_gazipur_author_b.csv</code><br/><br/>
Fields: class_t0, class_t3, confidence, notes<br/>
Classes: 0 non-forest, 1 natural forest, 2 plantation/tea, 3 water
]]></description><styleUrl>#stable_non_forest</styleUrl><Point><coordinates>90.240412,24.127978,0</coordinates></Point></Placemark>
<Placemark><name>GAZ-0135</name><description><![CDATA[
<b>GAZ-0135</b><br/>
stratum: stable_non_forest<br/>
lat, lon: 24.105071, 90.638186<br/>
<hr/>
Record your answer in:<br/>
<code>data/reference/interpretation_gazipur_author_b.csv</code><br/><br/>
Fields: class_t0, class_t3, confidence, notes<br/>
Classes: 0 non-forest, 1 natural forest, 2 plantation/tea, 3 water
]]></description><styleUrl>#stable_non_forest</styleUrl><Point><coordinates>90.638186,24.105071,0</coordinates></Point></Placemark>
<Placemark><name>GAZ-0136</name><description><![CDATA[
<b>GAZ-0136</b><br/>
stratum: stable_non_forest<br/>
lat, lon: 23.950381, 90.539550<br/>
<hr/>
Record your answer in:<br/>
<code>data/reference/interpretation_gazipur_author_b.csv</code><br/><br/>
Fields: class_t0, class_t3, confidence, notes<br/>
Classes: 0 non-forest, 1 natural forest, 2 plantation/tea, 3 water
]]></description><styleUrl>#stable_non_forest</styleUrl><Point><coordinates>90.539550,23.950381,0</coordinates></Point></Placemark>
<Placemark><name>GAZ-0137</name><description><![CDATA[
<b>GAZ-0137</b><br/>
stratum: stable_non_forest<br/>
lat, lon: 24.196969, 90.670794<br/>
<hr/>
Record your answer in:<br/>
<code>data/reference/interpretation_gazipur_author_b.csv</code><br/><br/>
Fields: class_t0, class_t3, confidence, notes<br/>
Classes: 0 non-forest, 1 natural forest, 2 plantation/tea, 3 water
]]></description><styleUrl>#stable_non_forest</styleUrl><Point><coordinates>90.670794,24.196969,0</coordinates></Point></Placemark>
<Placemark><name>GAZ-0138</name><description><![CDATA[
<b>GAZ-0138</b><br/>
stratum: stable_non_forest<br/>
lat, lon: 24.140375, 90.247418<br/>
<hr/>
Record your answer in:<br/>
<code>data/reference/interpretation_gazipur_author_b.csv</code><br/><br/>
Fields: class_t0, class_t3, confidence, notes<br/>
Classes: 0 non-forest, 1 natural forest, 2 plantation/tea, 3 water
]]></description><styleUrl>#stable_non_forest</styleUrl><Point><coordinates>90.247418,24.140375,0</coordinates></Point></Placemark>
<Placemark><name>GAZ-0139</name><description><![CDATA[
<b>GAZ-0139</b><br/>
stratum: stable_non_forest<br/>
lat, lon: 24.126631, 90.489694<br/>
<hr/>
Record your answer in:<br/>
<code>data/reference/interpretation_gazipur_author_b.csv</code><br/><br/>
Fields: class_t0, class_t3, confidence, notes<br/>
Classes: 0 non-forest, 1 natural forest, 2 plantation/tea, 3 water
]]></description><styleUrl>#stable_non_forest</styleUrl><Point><coordinates>90.489694,24.126631,0</coordinates></Point></Placemark>
<Placemark><name>GAZ-0140</name><description><![CDATA[
<b>GAZ-0140</b><br/>
stratum: stable_non_forest<br/>
lat, lon: 24.104802, 90.662710<br/>
<hr/>
Record your answer in:<br/>
<code>data/reference/interpretation_gazipur_author_b.csv</code><br/><br/>
Fields: class_t0, class_t3, confidence, notes<br/>
Classes: 0 non-forest, 1 natural forest, 2 plantation/tea, 3 water
]]></description><styleUrl>#stable_non_forest</styleUrl><Point><coordinates>90.662710,24.104802,0</coordinates></Point></Placemark>
<Placemark><name>GAZ-0141</name><description><![CDATA[
<b>GAZ-0141</b><br/>
stratum: stable_non_forest<br/>
lat, lon: 24.240088, 90.298353<br/>
<hr/>
Record your answer in:<br/>
<code>data/reference/interpretation_gazipur_author_b.csv</code><br/><br/>
Fields: class_t0, class_t3, confidence, notes<br/>
Classes: 0 non-forest, 1 natural forest, 2 plantation/tea, 3 water
]]></description><styleUrl>#stable_non_forest</styleUrl><Point><coordinates>90.298353,24.240088,0</coordinates></Point></Placemark>
<Placemark><name>GAZ-0142</name><description><![CDATA[
<b>GAZ-0142</b><br/>
stratum: stable_non_forest<br/>
lat, lon: 24.035003, 90.376506<br/>
<hr/>
Record your answer in:<br/>
<code>data/reference/interpretation_gazipur_author_b.csv</code><br/><br/>
Fields: class_t0, class_t3, confidence, notes<br/>
Classes: 0 non-forest, 1 natural forest, 2 plantation/tea, 3 water
]]></description><styleUrl>#stable_non_forest</styleUrl><Point><coordinates>90.376506,24.035003,0</coordinates></Point></Placemark>
<Placemark><name>GAZ-0143</name><description><![CDATA[
<b>GAZ-0143</b><br/>
stratum: stable_non_forest<br/>
lat, lon: 24.224996, 90.613392<br/>
<hr/>
Record your answer in:<br/>
<code>data/reference/interpretation_gazipur_author_b.csv</code><br/><br/>
Fields: class_t0, class_t3, confidence, notes<br/>
Classes: 0 non-forest, 1 natural forest, 2 plantation/tea, 3 water
]]></description><styleUrl>#stable_non_forest</styleUrl><Point><coordinates>90.613392,24.224996,0</coordinates></Point></Placemark>
<Placemark><name>GAZ-0144</name><description><![CDATA[
<b>GAZ-0144</b><br/>
stratum: stable_non_forest<br/>
lat, lon: 24.032308, 90.482148<br/>
<hr/>
Record your answer in:<br/>
<code>data/reference/interpretation_gazipur_author_b.csv</code><br/><br/>
Fields: class_t0, class_t3, confidence, notes<br/>
Classes: 0 non-forest, 1 natural forest, 2 plantation/tea, 3 water
]]></description><styleUrl>#stable_non_forest</styleUrl><Point><coordinates>90.482148,24.032308,0</coordinates></Point></Placemark>
<Placemark><name>GAZ-0145</name><description><![CDATA[
<b>GAZ-0145</b><br/>
stratum: stable_non_forest<br/>
lat, lon: 24.001316, 90.554912<br/>
<hr/>
Record your answer in:<br/>
<code>data/reference/interpretation_gazipur_author_b.csv</code><br/><br/>
Fields: class_t0, class_t3, confidence, notes<br/>
Classes: 0 non-forest, 1 natural forest, 2 plantation/tea, 3 water
]]></description><styleUrl>#stable_non_forest</styleUrl><Point><coordinates>90.554912,24.001316,0</coordinates></Point></Placemark>
<Placemark><name>GAZ-0146</name><description><![CDATA[
<b>GAZ-0146</b><br/>
stratum: stable_non_forest<br/>
lat, lon: 24.274314, 90.328536<br/>
<hr/>
Record your answer in:<br/>
<code>data/reference/interpretation_gazipur_author_b.csv</code><br/><br/>
Fields: class_t0, class_t3, confidence, notes<br/>
Classes: 0 non-forest, 1 natural forest, 2 plantation/tea, 3 water
]]></description><styleUrl>#stable_non_forest</styleUrl><Point><coordinates>90.328536,24.274314,0</coordinates></Point></Placemark>
<Placemark><name>GAZ-0147</name><description><![CDATA[
<b>GAZ-0147</b><br/>
stratum: stable_non_forest<br/>
lat, lon: 24.007514, 90.581592<br/>
<hr/>
Record your answer in:<br/>
<code>data/reference/interpretation_gazipur_author_b.csv</code><br/><br/>
Fields: class_t0, class_t3, confidence, notes<br/>
Classes: 0 non-forest, 1 natural forest, 2 plantation/tea, 3 water
]]></description><styleUrl>#stable_non_forest</styleUrl><Point><coordinates>90.581592,24.007514,0</coordinates></Point></Placemark>
<Placemark><name>GAZ-0148</name><description><![CDATA[
<b>GAZ-0148</b><br/>
stratum: stable_non_forest<br/>
lat, lon: 24.086746, 90.253617<br/>
<hr/>
Record your answer in:<br/>
<code>data/reference/interpretation_gazipur_author_b.csv</code><br/><br/>
Fields: class_t0, class_t3, confidence, notes<br/>
Classes: 0 non-forest, 1 natural forest, 2 plantation/tea, 3 water
]]></description><styleUrl>#stable_non_forest</styleUrl><Point><coordinates>90.253617,24.086746,0</coordinates></Point></Placemark>
<Placemark><name>GAZ-0149</name><description><![CDATA[
<b>GAZ-0149</b><br/>
stratum: stable_non_forest<br/>
lat, lon: 23.910496, 90.518530<br/>
<hr/>
Record your answer in:<br/>
<code>data/reference/interpretation_gazipur_author_b.csv</code><br/><br/>
Fields: class_t0, class_t3, confidence, notes<br/>
Classes: 0 non-forest, 1 natural forest, 2 plantation/tea, 3 water
]]></description><styleUrl>#stable_non_forest</styleUrl><Point><coordinates>90.518530,23.910496,0</coordinates></Point></Placemark>
<Placemark><name>GAZ-0150</name><description><![CDATA[
<b>GAZ-0150</b><br/>
stratum: stable_non_forest<br/>
lat, lon: 24.249790, 90.344975<br/>
<hr/>
Record your answer in:<br/>
<code>data/reference/interpretation_gazipur_author_b.csv</code><br/><br/>
Fields: class_t0, class_t3, confidence, notes<br/>
Classes: 0 non-forest, 1 natural forest, 2 plantation/tea, 3 water
]]></description><styleUrl>#stable_non_forest</styleUrl><Point><coordinates>90.344975,24.249790,0</coordinates></Point></Placemark>
</Folder>
<Folder><name>Stable natural forest (150)</name>
<Placemark><name>GAZ-0151</name><description><![CDATA[
<b>GAZ-0151</b><br/>
stratum: stable_forest<br/>
lat, lon: 24.176218, 90.369499<br/>
<hr/>
Record your answer in:<br/>
<code>data/reference/interpretation_gazipur_author_b.csv</code><br/><br/>
Fields: class_t0, class_t3, confidence, notes<br/>
Classes: 0 non-forest, 1 natural forest, 2 plantation/tea, 3 water
]]></description><styleUrl>#stable_forest</styleUrl><Point><coordinates>90.369499,24.176218,0</coordinates></Point></Placemark>
<Placemark><name>GAZ-0152</name><description><![CDATA[
<b>GAZ-0152</b><br/>
stratum: stable_forest<br/>
lat, lon: 23.954424, 90.469482<br/>
<hr/>
Record your answer in:<br/>
<code>data/reference/interpretation_gazipur_author_b.csv</code><br/><br/>
Fields: class_t0, class_t3, confidence, notes<br/>
Classes: 0 non-forest, 1 natural forest, 2 plantation/tea, 3 water
]]></description><styleUrl>#stable_forest</styleUrl><Point><coordinates>90.469482,23.954424,0</coordinates></Point></Placemark>
<Placemark><name>GAZ-0153</name><description><![CDATA[
<b>GAZ-0153</b><br/>
stratum: stable_forest<br/>
lat, lon: 24.010748, 90.628484<br/>
<hr/>
Record your answer in:<br/>
<code>data/reference/interpretation_gazipur_author_b.csv</code><br/><br/>
Fields: class_t0, class_t3, confidence, notes<br/>
Classes: 0 non-forest, 1 natural forest, 2 plantation/tea, 3 water
]]></description><styleUrl>#stable_forest</styleUrl><Point><coordinates>90.628484,24.010748,0</coordinates></Point></Placemark>
<Placemark><name>GAZ-0154</name><description><![CDATA[
<b>GAZ-0154</b><br/>
stratum: stable_forest<br/>
lat, lon: 24.177565, 90.378123<br/>
<hr/>
Record your answer in:<br/>
<code>data/reference/interpretation_gazipur_author_b.csv</code><br/><br/>
Fields: class_t0, class_t3, confidence, notes<br/>
Classes: 0 non-forest, 1 natural forest, 2 plantation/tea, 3 water
]]></description><styleUrl>#stable_forest</styleUrl><Point><coordinates>90.378123,24.177565,0</coordinates></Point></Placemark>
<Placemark><name>GAZ-0155</name><description><![CDATA[
<b>GAZ-0155</b><br/>
stratum: stable_forest<br/>
lat, lon: 24.146573, 90.424746<br/>
<hr/>
Record your answer in:<br/>
<code>data/reference/interpretation_gazipur_author_b.csv</code><br/><br/>
Fields: class_t0, class_t3, confidence, notes<br/>
Classes: 0 non-forest, 1 natural forest, 2 plantation/tea, 3 water
]]></description><styleUrl>#stable_forest</styleUrl><Point><coordinates>90.424746,24.146573,0</coordinates></Point></Placemark>
<Placemark><name>GAZ-0156</name><description><![CDATA[
<b>GAZ-0156</b><br/>
stratum: stable_forest<br/>
lat, lon: 24.053328, 90.254425<br/>
<hr/>
Record your answer in:<br/>
<code>data/reference/interpretation_gazipur_author_b.csv</code><br/><br/>
Fields: class_t0, class_t3, confidence, notes<br/>
Classes: 0 non-forest, 1 natural forest, 2 plantation/tea, 3 water
]]></description><styleUrl>#stable_forest</styleUrl><Point><coordinates>90.254425,24.053328,0</coordinates></Point></Placemark>
<Placemark><name>GAZ-0157</name><description><![CDATA[
<b>GAZ-0157</b><br/>
stratum: stable_forest<br/>
lat, lon: 24.105071, 90.514487<br/>
<hr/>
Record your answer in:<br/>
<code>data/reference/interpretation_gazipur_author_b.csv</code><br/><br/>
Fields: class_t0, class_t3, confidence, notes<br/>
Classes: 0 non-forest, 1 natural forest, 2 plantation/tea, 3 water
]]></description><styleUrl>#stable_forest</styleUrl><Point><coordinates>90.514487,24.105071,0</coordinates></Point></Placemark>
<Placemark><name>GAZ-0158</name><description><![CDATA[
<b>GAZ-0158</b><br/>
stratum: stable_forest<br/>
lat, lon: 24.136602, 90.532274<br/>
<hr/>
Record your answer in:<br/>
<code>data/reference/interpretation_gazipur_author_b.csv</code><br/><br/>
Fields: class_t0, class_t3, confidence, notes<br/>
Classes: 0 non-forest, 1 natural forest, 2 plantation/tea, 3 water
]]></description><styleUrl>#stable_forest</styleUrl><Point><coordinates>90.532274,24.136602,0</coordinates></Point></Placemark>
<Placemark><name>GAZ-0159</name><description><![CDATA[
<b>GAZ-0159</b><br/>
stratum: stable_forest<br/>
lat, lon: 24.125822, 90.469212<br/>
<hr/>
Record your answer in:<br/>
<code>data/reference/interpretation_gazipur_author_b.csv</code><br/><br/>
Fields: class_t0, class_t3, confidence, notes<br/>
Classes: 0 non-forest, 1 natural forest, 2 plantation/tea, 3 water
]]></description><styleUrl>#stable_forest</styleUrl><Point><coordinates>90.469212,24.125822,0</coordinates></Point></Placemark>
<Placemark><name>GAZ-0160</name><description><![CDATA[
<b>GAZ-0160</b><br/>
stratum: stable_forest<br/>
lat, lon: 24.020181, 90.648157<br/>
<hr/>
Record your answer in:<br/>
<code>data/reference/interpretation_gazipur_author_b.csv</code><br/><br/>
Fields: class_t0, class_t3, confidence, notes<br/>
Classes: 0 non-forest, 1 natural forest, 2 plantation/tea, 3 water
]]></description><styleUrl>#stable_forest</styleUrl><Point><coordinates>90.648157,24.020181,0</coordinates></Point></Placemark>
<Placemark><name>GAZ-0161</name><description><![CDATA[
<b>GAZ-0161</b><br/>
stratum: stable_forest<br/>
lat, lon: 24.109383, 90.254156<br/>
<hr/>
Record your answer in:<br/>
<code>data/reference/interpretation_gazipur_author_b.csv</code><br/><br/>
Fields: class_t0, class_t3, confidence, notes<br/>
Classes: 0 non-forest, 1 natural forest, 2 plantation/tea, 3 water
]]></description><styleUrl>#stable_forest</styleUrl><Point><coordinates>90.254156,24.109383,0</coordinates></Point></Placemark>
<Placemark><name>GAZ-0162</name><description><![CDATA[
<b>GAZ-0162</b><br/>
stratum: stable_forest<br/>
lat, lon: 24.102646, 90.411810<br/>
<hr/>
Record your answer in:<br/>
<code>data/reference/interpretation_gazipur_author_b.csv</code><br/><br/>
Fields: class_t0, class_t3, confidence, notes<br/>
Classes: 0 non-forest, 1 natural forest, 2 plantation/tea, 3 water
]]></description><styleUrl>#stable_forest</styleUrl><Point><coordinates>90.411810,24.102646,0</coordinates></Point></Placemark>
<Placemark><name>GAZ-0163</name><description><![CDATA[
<b>GAZ-0163</b><br/>
stratum: stable_forest<br/>
lat, lon: 24.218529, 90.284609<br/>
<hr/>
Record your answer in:<br/>
<code>data/reference/interpretation_gazipur_author_b.csv</code><br/><br/>
Fields: class_t0, class_t3, confidence, notes<br/>
Classes: 0 non-forest, 1 natural forest, 2 plantation/tea, 3 water
]]></description><styleUrl>#stable_forest</styleUrl><Point><coordinates>90.284609,24.218529,0</coordinates></Point></Placemark>
<Placemark><name>GAZ-0164</name><description><![CDATA[
<b>GAZ-0164</b><br/>
stratum: stable_forest<br/>
lat, lon: 24.058449, 90.263858<br/>
<hr/>
Record your answer in:<br/>
<code>data/reference/interpretation_gazipur_author_b.csv</code><br/><br/>
Fields: class_t0, class_t3, confidence, notes<br/>
Classes: 0 non-forest, 1 natural forest, 2 plantation/tea, 3 water
]]></description><styleUrl>#stable_forest</styleUrl><Point><coordinates>90.263858,24.058449,0</coordinates></Point></Placemark>
<Placemark><name>GAZ-0165</name><description><![CDATA[
<b>GAZ-0165</b><br/>
stratum: stable_forest<br/>
lat, lon: 24.143879, 90.254695<br/>
<hr/>
Record your answer in:<br/>
<code>data/reference/interpretation_gazipur_author_b.csv</code><br/><br/>
Fields: class_t0, class_t3, confidence, notes<br/>
Classes: 0 non-forest, 1 natural forest, 2 plantation/tea, 3 water
]]></description><styleUrl>#stable_forest</styleUrl><Point><coordinates>90.254695,24.143879,0</coordinates></Point></Placemark>
<Placemark><name>GAZ-0166</name><description><![CDATA[
<b>GAZ-0166</b><br/>
stratum: stable_forest<br/>
lat, lon: 24.244939, 90.430944<br/>
<hr/>
Record your answer in:<br/>
<code>data/reference/interpretation_gazipur_author_b.csv</code><br/><br/>
Fields: class_t0, class_t3, confidence, notes<br/>
Classes: 0 non-forest, 1 natural forest, 2 plantation/tea, 3 water
]]></description><styleUrl>#stable_forest</styleUrl><Point><coordinates>90.430944,24.244939,0</coordinates></Point></Placemark>
<Placemark><name>GAZ-0167</name><description><![CDATA[
<b>GAZ-0167</b><br/>
stratum: stable_forest<br/>
lat, lon: 24.115043, 90.270056<br/>
<hr/>
Record your answer in:<br/>
<code>data/reference/interpretation_gazipur_author_b.csv</code><br/><br/>
Fields: class_t0, class_t3, confidence, notes<br/>
Classes: 0 non-forest, 1 natural forest, 2 plantation/tea, 3 water
]]></description><styleUrl>#stable_forest</styleUrl><Point><coordinates>90.270056,24.115043,0</coordinates></Point></Placemark>
<Placemark><name>GAZ-0168</name><description><![CDATA[
<b>GAZ-0168</b><br/>
stratum: stable_forest<br/>
lat, lon: 23.979217, 90.612045<br/>
<hr/>
Record your answer in:<br/>
<code>data/reference/interpretation_gazipur_author_b.csv</code><br/><br/>
Fields: class_t0, class_t3, confidence, notes<br/>
Classes: 0 non-forest, 1 natural forest, 2 plantation/tea, 3 water
]]></description><styleUrl>#stable_forest</styleUrl><Point><coordinates>90.612045,23.979217,0</coordinates></Point></Placemark>
<Placemark><name>GAZ-0169</name><description><![CDATA[
<b>GAZ-0169</b><br/>
stratum: stable_forest<br/>
lat, lon: 24.200472, 90.358989<br/>
<hr/>
Record your answer in:<br/>
<code>data/reference/interpretation_gazipur_author_b.csv</code><br/><br/>
Fields: class_t0, class_t3, confidence, notes<br/>
Classes: 0 non-forest, 1 natural forest, 2 plantation/tea, 3 water
]]></description><styleUrl>#stable_forest</styleUrl><Point><coordinates>90.358989,24.200472,0</coordinates></Point></Placemark>
<Placemark><name>GAZ-0170</name><description><![CDATA[
<b>GAZ-0170</b><br/>
stratum: stable_forest<br/>
lat, lon: 24.162743, 90.524998<br/>
<hr/>
Record your answer in:<br/>
<code>data/reference/interpretation_gazipur_author_b.csv</code><br/><br/>
Fields: class_t0, class_t3, confidence, notes<br/>
Classes: 0 non-forest, 1 natural forest, 2 plantation/tea, 3 water
]]></description><styleUrl>#stable_forest</styleUrl><Point><coordinates>90.524998,24.162743,0</coordinates></Point></Placemark>
<Placemark><name>GAZ-0171</name><description><![CDATA[
<b>GAZ-0171</b><br/>
stratum: stable_forest<br/>
lat, lon: 24.212869, 90.348209<br/>
<hr/>
Record your answer in:<br/>
<code>data/reference/interpretation_gazipur_author_b.csv</code><br/><br/>
Fields: class_t0, class_t3, confidence, notes<br/>
Classes: 0 non-forest, 1 natural forest, 2 plantation/tea, 3 water
]]></description><styleUrl>#stable_forest</styleUrl><Point><coordinates>90.348209,24.212869,0</coordinates></Point></Placemark>
<Placemark><name>GAZ-0172</name><description><![CDATA[
<b>GAZ-0172</b><br/>
stratum: stable_forest<br/>
lat, lon: 24.123397, 90.444688<br/>
<hr/>
Record your answer in:<br/>
<code>data/reference/interpretation_gazipur_author_b.csv</code><br/><br/>
Fields: class_t0, class_t3, confidence, notes<br/>
Classes: 0 non-forest, 1 natural forest, 2 plantation/tea, 3 water
]]></description><styleUrl>#stable_forest</styleUrl><Point><coordinates>90.444688,24.123397,0</coordinates></Point></Placemark>
<Placemark><name>GAZ-0173</name><description><![CDATA[
<b>GAZ-0173</b><br/>
stratum: stable_forest<br/>
lat, lon: 24.098334, 90.370577<br/>
<hr/>
Record your answer in:<br/>
<code>data/reference/interpretation_gazipur_author_b.csv</code><br/><br/>
Fields: class_t0, class_t3, confidence, notes<br/>
Classes: 0 non-forest, 1 natural forest, 2 plantation/tea, 3 water
]]></description><styleUrl>#stable_forest</styleUrl><Point><coordinates>90.370577,24.098334,0</coordinates></Point></Placemark>
<Placemark><name>GAZ-0174</name><description><![CDATA[
<b>GAZ-0174</b><br/>
stratum: stable_forest<br/>
lat, lon: 24.183494, 90.376237<br/>
<hr/>
Record your answer in:<br/>
<code>data/reference/interpretation_gazipur_author_b.csv</code><br/><br/>
Fields: class_t0, class_t3, confidence, notes<br/>
Classes: 0 non-forest, 1 natural forest, 2 plantation/tea, 3 water
]]></description><styleUrl>#stable_forest</styleUrl><Point><coordinates>90.376237,24.183494,0</coordinates></Point></Placemark>
<Placemark><name>GAZ-0175</name><description><![CDATA[
<b>GAZ-0175</b><br/>
stratum: stable_forest<br/>
lat, lon: 24.295873, 90.425015<br/>
<hr/>
Record your answer in:<br/>
<code>data/reference/interpretation_gazipur_author_b.csv</code><br/><br/>
Fields: class_t0, class_t3, confidence, notes<br/>
Classes: 0 non-forest, 1 natural forest, 2 plantation/tea, 3 water
]]></description><styleUrl>#stable_forest</styleUrl><Point><coordinates>90.425015,24.295873,0</coordinates></Point></Placemark>
<Placemark><name>GAZ-0176</name><description><![CDATA[
<b>GAZ-0176</b><br/>
stratum: stable_forest<br/>
lat, lon: 24.158701, 90.459511<br/>
<hr/>
Record your answer in:<br/>
<code>data/reference/interpretation_gazipur_author_b.csv</code><br/><br/>
Fields: class_t0, class_t3, confidence, notes<br/>
Classes: 0 non-forest, 1 natural forest, 2 plantation/tea, 3 water
]]></description><styleUrl>#stable_forest</styleUrl><Point><coordinates>90.459511,24.158701,0</coordinates></Point></Placemark>
<Placemark><name>GAZ-0177</name><description><![CDATA[
<b>GAZ-0177</b><br/>
stratum: stable_forest<br/>
lat, lon: 24.087285, 90.577280<br/>
<hr/>
Record your answer in:<br/>
<code>data/reference/interpretation_gazipur_author_b.csv</code><br/><br/>
Fields: class_t0, class_t3, confidence, notes<br/>
Classes: 0 non-forest, 1 natural forest, 2 plantation/tea, 3 water
]]></description><styleUrl>#stable_forest</styleUrl><Point><coordinates>90.577280,24.087285,0</coordinates></Point></Placemark>
<Placemark><name>GAZ-0178</name><description><![CDATA[
<b>GAZ-0178</b><br/>
stratum: stable_forest<br/>
lat, lon: 24.168403, 90.368152<br/>
<hr/>
Record your answer in:<br/>
<code>data/reference/interpretation_gazipur_author_b.csv</code><br/><br/>
Fields: class_t0, class_t3, confidence, notes<br/>
Classes: 0 non-forest, 1 natural forest, 2 plantation/tea, 3 water
]]></description><styleUrl>#stable_forest</styleUrl><Point><coordinates>90.368152,24.168403,0</coordinates></Point></Placemark>
<Placemark><name>GAZ-0179</name><description><![CDATA[
<b>GAZ-0179</b><br/>
stratum: stable_forest<br/>
lat, lon: 24.215834, 90.348209<br/>
<hr/>
Record your answer in:<br/>
<code>data/reference/interpretation_gazipur_author_b.csv</code><br/><br/>
Fields: class_t0, class_t3, confidence, notes<br/>
Classes: 0 non-forest, 1 natural forest, 2 plantation/tea, 3 water
]]></description><styleUrl>#stable_forest</styleUrl><Point><coordinates>90.348209,24.215834,0</coordinates></Point></Placemark>
<Placemark><name>GAZ-0180</name><description><![CDATA[
<b>GAZ-0180</b><br/>
stratum: stable_forest<br/>
lat, lon: 24.101837, 90.457085<br/>
<hr/>
Record your answer in:<br/>
<code>data/reference/interpretation_gazipur_author_b.csv</code><br/><br/>
Fields: class_t0, class_t3, confidence, notes<br/>
Classes: 0 non-forest, 1 natural forest, 2 plantation/tea, 3 water
]]></description><styleUrl>#stable_forest</styleUrl><Point><coordinates>90.457085,24.101837,0</coordinates></Point></Placemark>
<Placemark><name>GAZ-0181</name><description><![CDATA[
<b>GAZ-0181</b><br/>
stratum: stable_forest<br/>
lat, lon: 24.205323, 90.609350<br/>
<hr/>
Record your answer in:<br/>
<code>data/reference/interpretation_gazipur_author_b.csv</code><br/><br/>
Fields: class_t0, class_t3, confidence, notes<br/>
Classes: 0 non-forest, 1 natural forest, 2 plantation/tea, 3 water
]]></description><styleUrl>#stable_forest</styleUrl><Point><coordinates>90.609350,24.205323,0</coordinates></Point></Placemark>
<Placemark><name>GAZ-0182</name><description><![CDATA[
<b>GAZ-0182</b><br/>
stratum: stable_forest<br/>
lat, lon: 23.940410, 90.481340<br/>
<hr/>
Record your answer in:<br/>
<code>data/reference/interpretation_gazipur_author_b.csv</code><br/><br/>
Fields: class_t0, class_t3, confidence, notes<br/>
Classes: 0 non-forest, 1 natural forest, 2 plantation/tea, 3 water
]]></description><styleUrl>#stable_forest</styleUrl><Point><coordinates>90.481340,23.940410,0</coordinates></Point></Placemark>
<Placemark><name>GAZ-0183</name><description><![CDATA[
<b>GAZ-0183</b><br/>
stratum: stable_forest<br/>
lat, lon: 24.092136, 90.418547<br/>
<hr/>
Record your answer in:<br/>
<code>data/reference/interpretation_gazipur_author_b.csv</code><br/><br/>
Fields: class_t0, class_t3, confidence, notes<br/>
Classes: 0 non-forest, 1 natural forest, 2 plantation/tea, 3 water
]]></description><styleUrl>#stable_forest</styleUrl><Point><coordinates>90.418547,24.092136,0</coordinates></Point></Placemark>
<Placemark><name>GAZ-0184</name><description><![CDATA[
<b>GAZ-0184</b><br/>
stratum: stable_forest<br/>
lat, lon: 24.327674, 90.428249<br/>
<hr/>
Record your answer in:<br/>
<code>data/reference/interpretation_gazipur_author_b.csv</code><br/><br/>
Fields: class_t0, class_t3, confidence, notes<br/>
Classes: 0 non-forest, 1 natural forest, 2 plantation/tea, 3 water
]]></description><styleUrl>#stable_forest</styleUrl><Point><coordinates>90.428249,24.327674,0</coordinates></Point></Placemark>
<Placemark><name>GAZ-0185</name><description><![CDATA[
<b>GAZ-0185</b><br/>
stratum: stable_forest<br/>
lat, lon: 24.139028, 90.430136<br/>
<hr/>
Record your answer in:<br/>
<code>data/reference/interpretation_gazipur_author_b.csv</code><br/><br/>
Fields: class_t0, class_t3, confidence, notes<br/>
Classes: 0 non-forest, 1 natural forest, 2 plantation/tea, 3 water
]]></description><styleUrl>#stable_forest</styleUrl><Point><coordinates>90.430136,24.139028,0</coordinates></Point></Placemark>
<Placemark><name>GAZ-0186</name><description><![CDATA[
<b>GAZ-0186</b><br/>
stratum: stable_forest<br/>
lat, lon: 24.084051, 90.303473<br/>
<hr/>
Record your answer in:<br/>
<code>data/reference/interpretation_gazipur_author_b.csv</code><br/><br/>
Fields: class_t0, class_t3, confidence, notes<br/>
Classes: 0 non-forest, 1 natural forest, 2 plantation/tea, 3 water
]]></description><styleUrl>#stable_forest</styleUrl><Point><coordinates>90.303473,24.084051,0</coordinates></Point></Placemark>
<Placemark><name>GAZ-0187</name><description><![CDATA[
<b>GAZ-0187</b><br/>
stratum: stable_forest<br/>
lat, lon: 24.047130, 90.609889<br/>
<hr/>
Record your answer in:<br/>
<code>data/reference/interpretation_gazipur_author_b.csv</code><br/><br/>
Fields: class_t0, class_t3, confidence, notes<br/>
Classes: 0 non-forest, 1 natural forest, 2 plantation/tea, 3 water
]]></description><styleUrl>#stable_forest</styleUrl><Point><coordinates>90.609889,24.047130,0</coordinates></Point></Placemark>
<Placemark><name>GAZ-0188</name><description><![CDATA[
<b>GAZ-0188</b><br/>
stratum: stable_forest<br/>
lat, lon: 24.059527, 90.330423<br/>
<hr/>
Record your answer in:<br/>
<code>data/reference/interpretation_gazipur_author_b.csv</code><br/><br/>
Fields: class_t0, class_t3, confidence, notes<br/>
Classes: 0 non-forest, 1 natural forest, 2 plantation/tea, 3 water
]]></description><styleUrl>#stable_forest</styleUrl><Point><coordinates>90.330423,24.059527,0</coordinates></Point></Placemark>
<Placemark><name>GAZ-0189</name><description><![CDATA[
<b>GAZ-0189</b><br/>
stratum: stable_forest<br/>
lat, lon: 24.201011, 90.580244<br/>
<hr/>
Record your answer in:<br/>
<code>data/reference/interpretation_gazipur_author_b.csv</code><br/><br/>
Fields: class_t0, class_t3, confidence, notes<br/>
Classes: 0 non-forest, 1 natural forest, 2 plantation/tea, 3 water
]]></description><styleUrl>#stable_forest</styleUrl><Point><coordinates>90.580244,24.201011,0</coordinates></Point></Placemark>
<Placemark><name>GAZ-0190</name><description><![CDATA[
<b>GAZ-0190</b><br/>
stratum: stable_forest<br/>
lat, lon: 24.080817, 90.465170<br/>
<hr/>
Record your answer in:<br/>
<code>data/reference/interpretation_gazipur_author_b.csv</code><br/><br/>
Fields: class_t0, class_t3, confidence, notes<br/>
Classes: 0 non-forest, 1 natural forest, 2 plantation/tea, 3 water
]]></description><styleUrl>#stable_forest</styleUrl><Point><coordinates>90.465170,24.080817,0</coordinates></Point></Placemark>
<Placemark><name>GAZ-0191</name><description><![CDATA[
<b>GAZ-0191</b><br/>
stratum: stable_forest<br/>
lat, lon: 24.075427, 90.443880<br/>
<hr/>
Record your answer in:<br/>
<code>data/reference/interpretation_gazipur_author_b.csv</code><br/><br/>
Fields: class_t0, class_t3, confidence, notes<br/>
Classes: 0 non-forest, 1 natural forest, 2 plantation/tea, 3 water
]]></description><styleUrl>#stable_forest</styleUrl><Point><coordinates>90.443880,24.075427,0</coordinates></Point></Placemark>
<Placemark><name>GAZ-0192</name><description><![CDATA[
<b>GAZ-0192</b><br/>
stratum: stable_forest<br/>
lat, lon: 24.100759, 90.604768<br/>
<hr/>
Record your answer in:<br/>
<code>data/reference/interpretation_gazipur_author_b.csv</code><br/><br/>
Fields: class_t0, class_t3, confidence, notes<br/>
Classes: 0 non-forest, 1 natural forest, 2 plantation/tea, 3 water
]]></description><styleUrl>#stable_forest</styleUrl><Point><coordinates>90.604768,24.100759,0</coordinates></Point></Placemark>
<Placemark><name>GAZ-0193</name><description><![CDATA[
<b>GAZ-0193</b><br/>
stratum: stable_forest<br/>
lat, lon: 24.065995, 90.442802<br/>
<hr/>
Record your answer in:<br/>
<code>data/reference/interpretation_gazipur_author_b.csv</code><br/><br/>
Fields: class_t0, class_t3, confidence, notes<br/>
Classes: 0 non-forest, 1 natural forest, 2 plantation/tea, 3 water
]]></description><styleUrl>#stable_forest</styleUrl><Point><coordinates>90.442802,24.065995,0</coordinates></Point></Placemark>
<Placemark><name>GAZ-0194</name><description><![CDATA[
<b>GAZ-0194</b><br/>
stratum: stable_forest<br/>
lat, lon: 23.999968, 90.589676<br/>
<hr/>
Record your answer in:<br/>
<code>data/reference/interpretation_gazipur_author_b.csv</code><br/><br/>
Fields: class_t0, class_t3, confidence, notes<br/>
Classes: 0 non-forest, 1 natural forest, 2 plantation/tea, 3 water
]]></description><styleUrl>#stable_forest</styleUrl><Point><coordinates>90.589676,23.999968,0</coordinates></Point></Placemark>
<Placemark><name>GAZ-0195</name><description><![CDATA[
<b>GAZ-0195</b><br/>
stratum: stable_forest<br/>
lat, lon: 24.179721, 90.321799<br/>
<hr/>
Record your answer in:<br/>
<code>data/reference/interpretation_gazipur_author_b.csv</code><br/><br/>
Fields: class_t0, class_t3, confidence, notes<br/>
Classes: 0 non-forest, 1 natural forest, 2 plantation/tea, 3 water
]]></description><styleUrl>#stable_forest</styleUrl><Point><coordinates>90.321799,24.179721,0</coordinates></Point></Placemark>
<Placemark><name>GAZ-0196</name><description><![CDATA[
<b>GAZ-0196</b><br/>
stratum: stable_forest<br/>
lat, lon: 24.141184, 90.505055<br/>
<hr/>
Record your answer in:<br/>
<code>data/reference/interpretation_gazipur_author_b.csv</code><br/><br/>
Fields: class_t0, class_t3, confidence, notes<br/>
Classes: 0 non-forest, 1 natural forest, 2 plantation/tea, 3 water
]]></description><styleUrl>#stable_forest</styleUrl><Point><coordinates>90.505055,24.141184,0</coordinates></Point></Placemark>
<Placemark><name>GAZ-0197</name><description><![CDATA[
<b>GAZ-0197</b><br/>
stratum: stable_forest<br/>
lat, lon: 24.050903, 90.243106<br/>
<hr/>
Record your answer in:<br/>
<code>data/reference/interpretation_gazipur_author_b.csv</code><br/><br/>
Fields: class_t0, class_t3, confidence, notes<br/>
Classes: 0 non-forest, 1 natural forest, 2 plantation/tea, 3 water
]]></description><styleUrl>#stable_forest</styleUrl><Point><coordinates>90.243106,24.050903,0</coordinates></Point></Placemark>
<Placemark><name>GAZ-0198</name><description><![CDATA[
<b>GAZ-0198</b><br/>
stratum: stable_forest<br/>
lat, lon: 24.174601, 90.449270<br/>
<hr/>
Record your answer in:<br/>
<code>data/reference/interpretation_gazipur_author_b.csv</code><br/><br/>
Fields: class_t0, class_t3, confidence, notes<br/>
Classes: 0 non-forest, 1 natural forest, 2 plantation/tea, 3 water
]]></description><styleUrl>#stable_forest</styleUrl><Point><coordinates>90.449270,24.174601,0</coordinates></Point></Placemark>
<Placemark><name>GAZ-0199</name><description><![CDATA[
<b>GAZ-0199</b><br/>
stratum: stable_forest<br/>
lat, lon: 24.082434, 90.443610<br/>
<hr/>
Record your answer in:<br/>
<code>data/reference/interpretation_gazipur_author_b.csv</code><br/><br/>
Fields: class_t0, class_t3, confidence, notes<br/>
Classes: 0 non-forest, 1 natural forest, 2 plantation/tea, 3 water
]]></description><styleUrl>#stable_forest</styleUrl><Point><coordinates>90.443610,24.082434,0</coordinates></Point></Placemark>
<Placemark><name>GAZ-0200</name><description><![CDATA[
<b>GAZ-0200</b><br/>
stratum: stable_forest<br/>
lat, lon: 24.097525, 90.602882<br/>
<hr/>
Record your answer in:<br/>
<code>data/reference/interpretation_gazipur_author_b.csv</code><br/><br/>
Fields: class_t0, class_t3, confidence, notes<br/>
Classes: 0 non-forest, 1 natural forest, 2 plantation/tea, 3 water
]]></description><styleUrl>#stable_forest</styleUrl><Point><coordinates>90.602882,24.097525,0</coordinates></Point></Placemark>
<Placemark><name>GAZ-0201</name><description><![CDATA[
<b>GAZ-0201</b><br/>
stratum: stable_forest<br/>
lat, lon: 24.204245, 90.361415<br/>
<hr/>
Record your answer in:<br/>
<code>data/reference/interpretation_gazipur_author_b.csv</code><br/><br/>
Fields: class_t0, class_t3, confidence, notes<br/>
Classes: 0 non-forest, 1 natural forest, 2 plantation/tea, 3 water
]]></description><styleUrl>#stable_forest</styleUrl><Point><coordinates>90.361415,24.204245,0</coordinates></Point></Placemark>
<Placemark><name>GAZ-0202</name><description><![CDATA[
<b>GAZ-0202</b><br/>
stratum: stable_forest<br/>
lat, lon: 24.140375, 90.498857<br/>
<hr/>
Record your answer in:<br/>
<code>data/reference/interpretation_gazipur_author_b.csv</code><br/><br/>
Fields: class_t0, class_t3, confidence, notes<br/>
Classes: 0 non-forest, 1 natural forest, 2 plantation/tea, 3 water
]]></description><styleUrl>#stable_forest</styleUrl><Point><coordinates>90.498857,24.140375,0</coordinates></Point></Placemark>
<Placemark><name>GAZ-0203</name><description><![CDATA[
<b>GAZ-0203</b><br/>
stratum: stable_forest<br/>
lat, lon: 24.167055, 90.275176<br/>
<hr/>
Record your answer in:<br/>
<code>data/reference/interpretation_gazipur_author_b.csv</code><br/><br/>
Fields: class_t0, class_t3, confidence, notes<br/>
Classes: 0 non-forest, 1 natural forest, 2 plantation/tea, 3 water
]]></description><styleUrl>#stable_forest</styleUrl><Point><coordinates>90.275176,24.167055,0</coordinates></Point></Placemark>
<Placemark><name>GAZ-0204</name><description><![CDATA[
<b>GAZ-0204</b><br/>
stratum: stable_forest<br/>
lat, lon: 24.182147, 90.675915<br/>
<hr/>
Record your answer in:<br/>
<code>data/reference/interpretation_gazipur_author_b.csv</code><br/><br/>
Fields: class_t0, class_t3, confidence, notes<br/>
Classes: 0 non-forest, 1 natural forest, 2 plantation/tea, 3 water
]]></description><styleUrl>#stable_forest</styleUrl><Point><coordinates>90.675915,24.182147,0</coordinates></Point></Placemark>
<Placemark><name>GAZ-0205</name><description><![CDATA[
<b>GAZ-0205</b><br/>
stratum: stable_forest<br/>
lat, lon: 24.082164, 90.449000<br/>
<hr/>
Record your answer in:<br/>
<code>data/reference/interpretation_gazipur_author_b.csv</code><br/><br/>
Fields: class_t0, class_t3, confidence, notes<br/>
Classes: 0 non-forest, 1 natural forest, 2 plantation/tea, 3 water
]]></description><styleUrl>#stable_forest</styleUrl><Point><coordinates>90.449000,24.082164,0</coordinates></Point></Placemark>
<Placemark><name>GAZ-0206</name><description><![CDATA[
<b>GAZ-0206</b><br/>
stratum: stable_forest<br/>
lat, lon: 24.180530, 90.551408<br/>
<hr/>
Record your answer in:<br/>
<code>data/reference/interpretation_gazipur_author_b.csv</code><br/><br/>
Fields: class_t0, class_t3, confidence, notes<br/>
Classes: 0 non-forest, 1 natural forest, 2 plantation/tea, 3 water
]]></description><styleUrl>#stable_forest</styleUrl><Point><coordinates>90.551408,24.180530,0</coordinates></Point></Placemark>
<Placemark><name>GAZ-0207</name><description><![CDATA[
<b>GAZ-0207</b><br/>
stratum: stable_forest<br/>
lat, lon: 24.133907, 90.508020<br/>
<hr/>
Record your answer in:<br/>
<code>data/reference/interpretation_gazipur_author_b.csv</code><br/><br/>
Fields: class_t0, class_t3, confidence, notes<br/>
Classes: 0 non-forest, 1 natural forest, 2 plantation/tea, 3 water
]]></description><styleUrl>#stable_forest</styleUrl><Point><coordinates>90.508020,24.133907,0</coordinates></Point></Placemark>
<Placemark><name>GAZ-0208</name><description><![CDATA[
<b>GAZ-0208</b><br/>
stratum: stable_forest<br/>
lat, lon: 24.127709, 90.367074<br/>
<hr/>
Record your answer in:<br/>
<code>data/reference/interpretation_gazipur_author_b.csv</code><br/><br/>
Fields: class_t0, class_t3, confidence, notes<br/>
Classes: 0 non-forest, 1 natural forest, 2 plantation/tea, 3 water
]]></description><styleUrl>#stable_forest</styleUrl><Point><coordinates>90.367074,24.127709,0</coordinates></Point></Placemark>
<Placemark><name>GAZ-0209</name><description><![CDATA[
<b>GAZ-0209</b><br/>
stratum: stable_forest<br/>
lat, lon: 24.224188, 90.588060<br/>
<hr/>
Record your answer in:<br/>
<code>data/reference/interpretation_gazipur_author_b.csv</code><br/><br/>
Fields: class_t0, class_t3, confidence, notes<br/>
Classes: 0 non-forest, 1 natural forest, 2 plantation/tea, 3 water
]]></description><styleUrl>#stable_forest</styleUrl><Point><coordinates>90.588060,24.224188,0</coordinates></Point></Placemark>
<Placemark><name>GAZ-0210</name><description><![CDATA[
<b>GAZ-0210</b><br/>
stratum: stable_forest<br/>
lat, lon: 23.984877, 90.541976<br/>
<hr/>
Record your answer in:<br/>
<code>data/reference/interpretation_gazipur_author_b.csv</code><br/><br/>
Fields: class_t0, class_t3, confidence, notes<br/>
Classes: 0 non-forest, 1 natural forest, 2 plantation/tea, 3 water
]]></description><styleUrl>#stable_forest</styleUrl><Point><coordinates>90.541976,23.984877,0</coordinates></Point></Placemark>
<Placemark><name>GAZ-0211</name><description><![CDATA[
<b>GAZ-0211</b><br/>
stratum: stable_forest<br/>
lat, lon: 24.087285, 90.613123<br/>
<hr/>
Record your answer in:<br/>
<code>data/reference/interpretation_gazipur_author_b.csv</code><br/><br/>
Fields: class_t0, class_t3, confidence, notes<br/>
Classes: 0 non-forest, 1 natural forest, 2 plantation/tea, 3 water
]]></description><styleUrl>#stable_forest</styleUrl><Point><coordinates>90.613123,24.087285,0</coordinates></Point></Placemark>
<Placemark><name>GAZ-0212</name><description><![CDATA[
<b>GAZ-0212</b><br/>
stratum: stable_forest<br/>
lat, lon: 24.099681, 90.652469<br/>
<hr/>
Record your answer in:<br/>
<code>data/reference/interpretation_gazipur_author_b.csv</code><br/><br/>
Fields: class_t0, class_t3, confidence, notes<br/>
Classes: 0 non-forest, 1 natural forest, 2 plantation/tea, 3 water
]]></description><styleUrl>#stable_forest</styleUrl><Point><coordinates>90.652469,24.099681,0</coordinates></Point></Placemark>
<Placemark><name>GAZ-0213</name><description><![CDATA[
<b>GAZ-0213</b><br/>
stratum: stable_forest<br/>
lat, lon: 24.078930, 90.325302<br/>
<hr/>
Record your answer in:<br/>
<code>data/reference/interpretation_gazipur_author_b.csv</code><br/><br/>
Fields: class_t0, class_t3, confidence, notes<br/>
Classes: 0 non-forest, 1 natural forest, 2 plantation/tea, 3 water
]]></description><styleUrl>#stable_forest</styleUrl><Point><coordinates>90.325302,24.078930,0</coordinates></Point></Placemark>
<Placemark><name>GAZ-0214</name><description><![CDATA[
<b>GAZ-0214</b><br/>
stratum: stable_forest<br/>
lat, lon: 24.176757, 90.367343<br/>
<hr/>
Record your answer in:<br/>
<code>data/reference/interpretation_gazipur_author_b.csv</code><br/><br/>
Fields: class_t0, class_t3, confidence, notes<br/>
Classes: 0 non-forest, 1 natural forest, 2 plantation/tea, 3 water
]]></description><styleUrl>#stable_forest</styleUrl><Point><coordinates>90.367343,24.176757,0</coordinates></Point></Placemark>
<Placemark><name>GAZ-0215</name><description><![CDATA[
<b>GAZ-0215</b><br/>
stratum: stable_forest<br/>
lat, lon: 24.160318, 90.523381<br/>
<hr/>
Record your answer in:<br/>
<code>data/reference/interpretation_gazipur_author_b.csv</code><br/><br/>
Fields: class_t0, class_t3, confidence, notes<br/>
Classes: 0 non-forest, 1 natural forest, 2 plantation/tea, 3 water
]]></description><styleUrl>#stable_forest</styleUrl><Point><coordinates>90.523381,24.160318,0</coordinates></Point></Placemark>
<Placemark><name>GAZ-0216</name><description><![CDATA[
<b>GAZ-0216</b><br/>
stratum: stable_forest<br/>
lat, lon: 24.182147, 90.366804<br/>
<hr/>
Record your answer in:<br/>
<code>data/reference/interpretation_gazipur_author_b.csv</code><br/><br/>
Fields: class_t0, class_t3, confidence, notes<br/>
Classes: 0 non-forest, 1 natural forest, 2 plantation/tea, 3 water
]]></description><styleUrl>#stable_forest</styleUrl><Point><coordinates>90.366804,24.182147,0</coordinates></Point></Placemark>
<Placemark><name>GAZ-0217</name><description><![CDATA[
<b>GAZ-0217</b><br/>
stratum: stable_forest<br/>
lat, lon: 24.086207, 90.616626<br/>
<hr/>
Record your answer in:<br/>
<code>data/reference/interpretation_gazipur_author_b.csv</code><br/><br/>
Fields: class_t0, class_t3, confidence, notes<br/>
Classes: 0 non-forest, 1 natural forest, 2 plantation/tea, 3 water
]]></description><styleUrl>#stable_forest</styleUrl><Point><coordinates>90.616626,24.086207,0</coordinates></Point></Placemark>
<Placemark><name>GAZ-0218</name><description><![CDATA[
<b>GAZ-0218</b><br/>
stratum: stable_forest<br/>
lat, lon: 24.200742, 90.514487<br/>
<hr/>
Record your answer in:<br/>
<code>data/reference/interpretation_gazipur_author_b.csv</code><br/><br/>
Fields: class_t0, class_t3, confidence, notes<br/>
Classes: 0 non-forest, 1 natural forest, 2 plantation/tea, 3 water
]]></description><styleUrl>#stable_forest</styleUrl><Point><coordinates>90.514487,24.200742,0</coordinates></Point></Placemark>
<Placemark><name>GAZ-0219</name><description><![CDATA[
<b>GAZ-0219</b><br/>
stratum: stable_forest<br/>
lat, lon: 24.124744, 90.433909<br/>
<hr/>
Record your answer in:<br/>
<code>data/reference/interpretation_gazipur_author_b.csv</code><br/><br/>
Fields: class_t0, class_t3, confidence, notes<br/>
Classes: 0 non-forest, 1 natural forest, 2 plantation/tea, 3 water
]]></description><styleUrl>#stable_forest</styleUrl><Point><coordinates>90.433909,24.124744,0</coordinates></Point></Placemark>
<Placemark><name>GAZ-0220</name><description><![CDATA[
<b>GAZ-0220</b><br/>
stratum: stable_forest<br/>
lat, lon: 24.219607, 90.360337<br/>
<hr/>
Record your answer in:<br/>
<code>data/reference/interpretation_gazipur_author_b.csv</code><br/><br/>
Fields: class_t0, class_t3, confidence, notes<br/>
Classes: 0 non-forest, 1 natural forest, 2 plantation/tea, 3 water
]]></description><styleUrl>#stable_forest</styleUrl><Point><coordinates>90.360337,24.219607,0</coordinates></Point></Placemark>
<Placemark><name>GAZ-0221</name><description><![CDATA[
<b>GAZ-0221</b><br/>
stratum: stable_forest<br/>
lat, lon: 24.176757, 90.382705<br/>
<hr/>
Record your answer in:<br/>
<code>data/reference/interpretation_gazipur_author_b.csv</code><br/><br/>
Fields: class_t0, class_t3, confidence, notes<br/>
Classes: 0 non-forest, 1 natural forest, 2 plantation/tea, 3 water
]]></description><styleUrl>#stable_forest</styleUrl><Point><coordinates>90.382705,24.176757,0</coordinates></Point></Placemark>
<Placemark><name>GAZ-0222</name><description><![CDATA[
<b>GAZ-0222</b><br/>
stratum: stable_forest<br/>
lat, lon: 24.133907, 90.451965<br/>
<hr/>
Record your answer in:<br/>
<code>data/reference/interpretation_gazipur_author_b.csv</code><br/><br/>
Fields: class_t0, class_t3, confidence, notes<br/>
Classes: 0 non-forest, 1 natural forest, 2 plantation/tea, 3 water
]]></description><styleUrl>#stable_forest</styleUrl><Point><coordinates>90.451965,24.133907,0</coordinates></Point></Placemark>
<Placemark><name>GAZ-0223</name><description><![CDATA[
<b>GAZ-0223</b><br/>
stratum: stable_forest<br/>
lat, lon: 24.226074, 90.439837<br/>
<hr/>
Record your answer in:<br/>
<code>data/reference/interpretation_gazipur_author_b.csv</code><br/><br/>
Fields: class_t0, class_t3, confidence, notes<br/>
Classes: 0 non-forest, 1 natural forest, 2 plantation/tea, 3 water
]]></description><styleUrl>#stable_forest</styleUrl><Point><coordinates>90.439837,24.226074,0</coordinates></Point></Placemark>
<Placemark><name>GAZ-0224</name><description><![CDATA[
<b>GAZ-0224</b><br/>
stratum: stable_forest<br/>
lat, lon: 24.147112, 90.426632<br/>
<hr/>
Record your answer in:<br/>
<code>data/reference/interpretation_gazipur_author_b.csv</code><br/><br/>
Fields: class_t0, class_t3, confidence, notes<br/>
Classes: 0 non-forest, 1 natural forest, 2 plantation/tea, 3 water
]]></description><styleUrl>#stable_forest</styleUrl><Point><coordinates>90.426632,24.147112,0</coordinates></Point></Placemark>
<Placemark><name>GAZ-0225</name><description><![CDATA[
<b>GAZ-0225</b><br/>
stratum: stable_forest<br/>
lat, lon: 24.144957, 90.425824<br/>
<hr/>
Record your answer in:<br/>
<code>data/reference/interpretation_gazipur_author_b.csv</code><br/><br/>
Fields: class_t0, class_t3, confidence, notes<br/>
Classes: 0 non-forest, 1 natural forest, 2 plantation/tea, 3 water
]]></description><styleUrl>#stable_forest</styleUrl><Point><coordinates>90.425824,24.144957,0</coordinates></Point></Placemark>
<Placemark><name>GAZ-0226</name><description><![CDATA[
<b>GAZ-0226</b><br/>
stratum: stable_forest<br/>
lat, lon: 23.931247, 90.532813<br/>
<hr/>
Record your answer in:<br/>
<code>data/reference/interpretation_gazipur_author_b.csv</code><br/><br/>
Fields: class_t0, class_t3, confidence, notes<br/>
Classes: 0 non-forest, 1 natural forest, 2 plantation/tea, 3 water
]]></description><styleUrl>#stable_forest</styleUrl><Point><coordinates>90.532813,23.931247,0</coordinates></Point></Placemark>
<Placemark><name>GAZ-0227</name><description><![CDATA[
<b>GAZ-0227</b><br/>
stratum: stable_forest<br/>
lat, lon: 24.104532, 90.459511<br/>
<hr/>
Record your answer in:<br/>
<code>data/reference/interpretation_gazipur_author_b.csv</code><br/><br/>
Fields: class_t0, class_t3, confidence, notes<br/>
Classes: 0 non-forest, 1 natural forest, 2 plantation/tea, 3 water
]]></description><styleUrl>#stable_forest</styleUrl><Point><coordinates>90.459511,24.104532,0</coordinates></Point></Placemark>
<Placemark><name>GAZ-0228</name><description><![CDATA[
<b>GAZ-0228</b><br/>
stratum: stable_forest<br/>
lat, lon: 23.969246, 90.310480<br/>
<hr/>
Record your answer in:<br/>
<code>data/reference/interpretation_gazipur_author_b.csv</code><br/><br/>
Fields: class_t0, class_t3, confidence, notes<br/>
Classes: 0 non-forest, 1 natural forest, 2 plantation/tea, 3 water
]]></description><styleUrl>#stable_forest</styleUrl><Point><coordinates>90.310480,23.969246,0</coordinates></Point></Placemark>
<Placemark><name>GAZ-0229</name><description><![CDATA[
<b>GAZ-0229</b><br/>
stratum: stable_forest<br/>
lat, lon: 23.926396, 90.533622<br/>
<hr/>
Record your answer in:<br/>
<code>data/reference/interpretation_gazipur_author_b.csv</code><br/><br/>
Fields: class_t0, class_t3, confidence, notes<br/>
Classes: 0 non-forest, 1 natural forest, 2 plantation/tea, 3 water
]]></description><styleUrl>#stable_forest</styleUrl><Point><coordinates>90.533622,23.926396,0</coordinates></Point></Placemark>
<Placemark><name>GAZ-0230</name><description><![CDATA[
<b>GAZ-0230</b><br/>
stratum: stable_forest<br/>
lat, lon: 24.154658, 90.378393<br/>
<hr/>
Record your answer in:<br/>
<code>data/reference/interpretation_gazipur_author_b.csv</code><br/><br/>
Fields: class_t0, class_t3, confidence, notes<br/>
Classes: 0 non-forest, 1 natural forest, 2 plantation/tea, 3 water
]]></description><styleUrl>#stable_forest</styleUrl><Point><coordinates>90.378393,24.154658,0</coordinates></Point></Placemark>
<Placemark><name>GAZ-0231</name><description><![CDATA[
<b>GAZ-0231</b><br/>
stratum: stable_forest<br/>
lat, lon: 24.079200, 90.243915<br/>
<hr/>
Record your answer in:<br/>
<code>data/reference/interpretation_gazipur_author_b.csv</code><br/><br/>
Fields: class_t0, class_t3, confidence, notes<br/>
Classes: 0 non-forest, 1 natural forest, 2 plantation/tea, 3 water
]]></description><styleUrl>#stable_forest</styleUrl><Point><coordinates>90.243915,24.079200,0</coordinates></Point></Placemark>
<Placemark><name>GAZ-0232</name><description><![CDATA[
<b>GAZ-0232</b><br/>
stratum: stable_forest<br/>
lat, lon: 24.123666, 90.541167<br/>
<hr/>
Record your answer in:<br/>
<code>data/reference/interpretation_gazipur_author_b.csv</code><br/><br/>
Fields: class_t0, class_t3, confidence, notes<br/>
Classes: 0 non-forest, 1 natural forest, 2 plantation/tea, 3 water
]]></description><styleUrl>#stable_forest</styleUrl><Point><coordinates>90.541167,24.123666,0</coordinates></Point></Placemark>
<Placemark><name>GAZ-0233</name><description><![CDATA[
<b>GAZ-0233</b><br/>
stratum: stable_forest<br/>
lat, lon: 24.033386, 90.224242<br/>
<hr/>
Record your answer in:<br/>
<code>data/reference/interpretation_gazipur_author_b.csv</code><br/><br/>
Fields: class_t0, class_t3, confidence, notes<br/>
Classes: 0 non-forest, 1 natural forest, 2 plantation/tea, 3 water
]]></description><styleUrl>#stable_forest</styleUrl><Point><coordinates>90.224242,24.033386,0</coordinates></Point></Placemark>
<Placemark><name>GAZ-0234</name><description><![CDATA[
<b>GAZ-0234</b><br/>
stratum: stable_forest<br/>
lat, lon: 24.126900, 90.441185<br/>
<hr/>
Record your answer in:<br/>
<code>data/reference/interpretation_gazipur_author_b.csv</code><br/><br/>
Fields: class_t0, class_t3, confidence, notes<br/>
Classes: 0 non-forest, 1 natural forest, 2 plantation/tea, 3 water
]]></description><styleUrl>#stable_forest</styleUrl><Point><coordinates>90.441185,24.126900,0</coordinates></Point></Placemark>
<Placemark><name>GAZ-0235</name><description><![CDATA[
<b>GAZ-0235</b><br/>
stratum: stable_forest<br/>
lat, lon: 24.086746, 90.592910<br/>
<hr/>
Record your answer in:<br/>
<code>data/reference/interpretation_gazipur_author_b.csv</code><br/><br/>
Fields: class_t0, class_t3, confidence, notes<br/>
Classes: 0 non-forest, 1 natural forest, 2 plantation/tea, 3 water
]]></description><styleUrl>#stable_forest</styleUrl><Point><coordinates>90.592910,24.086746,0</coordinates></Point></Placemark>
<Placemark><name>GAZ-0236</name><description><![CDATA[
<b>GAZ-0236</b><br/>
stratum: stable_forest<br/>
lat, lon: 23.992423, 90.585904<br/>
<hr/>
Record your answer in:<br/>
<code>data/reference/interpretation_gazipur_author_b.csv</code><br/><br/>
Fields: class_t0, class_t3, confidence, notes<br/>
Classes: 0 non-forest, 1 natural forest, 2 plantation/tea, 3 water
]]></description><styleUrl>#stable_forest</styleUrl><Point><coordinates>90.585904,23.992423,0</coordinates></Point></Placemark>
<Placemark><name>GAZ-0237</name><description><![CDATA[
<b>GAZ-0237</b><br/>
stratum: stable_forest<br/>
lat, lon: 24.196160, 90.354677<br/>
<hr/>
Record your answer in:<br/>
<code>data/reference/interpretation_gazipur_author_b.csv</code><br/><br/>
Fields: class_t0, class_t3, confidence, notes<br/>
Classes: 0 non-forest, 1 natural forest, 2 plantation/tea, 3 water
]]></description><styleUrl>#stable_forest</styleUrl><Point><coordinates>90.354677,24.196160,0</coordinates></Point></Placemark>
<Placemark><name>GAZ-0238</name><description><![CDATA[
<b>GAZ-0238</b><br/>
stratum: stable_forest<br/>
lat, lon: 24.067342, 90.581322<br/>
<hr/>
Record your answer in:<br/>
<code>data/reference/interpretation_gazipur_author_b.csv</code><br/><br/>
Fields: class_t0, class_t3, confidence, notes<br/>
Classes: 0 non-forest, 1 natural forest, 2 plantation/tea, 3 water
]]></description><styleUrl>#stable_forest</styleUrl><Point><coordinates>90.581322,24.067342,0</coordinates></Point></Placemark>
<Placemark><name>GAZ-0239</name><description><![CDATA[
<b>GAZ-0239</b><br/>
stratum: stable_forest<br/>
lat, lon: 24.167055, 90.599109<br/>
<hr/>
Record your answer in:<br/>
<code>data/reference/interpretation_gazipur_author_b.csv</code><br/><br/>
Fields: class_t0, class_t3, confidence, notes<br/>
Classes: 0 non-forest, 1 natural forest, 2 plantation/tea, 3 water
]]></description><styleUrl>#stable_forest</styleUrl><Point><coordinates>90.599109,24.167055,0</coordinates></Point></Placemark>
<Placemark><name>GAZ-0240</name><description><![CDATA[
<b>GAZ-0240</b><br/>
stratum: stable_forest<br/>
lat, lon: 24.127709, 90.620668<br/>
<hr/>
Record your answer in:<br/>
<code>data/reference/interpretation_gazipur_author_b.csv</code><br/><br/>
Fields: class_t0, class_t3, confidence, notes<br/>
Classes: 0 non-forest, 1 natural forest, 2 plantation/tea, 3 water
]]></description><styleUrl>#stable_forest</styleUrl><Point><coordinates>90.620668,24.127709,0</coordinates></Point></Placemark>
<Placemark><name>GAZ-0241</name><description><![CDATA[
<b>GAZ-0241</b><br/>
stratum: stable_forest<br/>
lat, lon: 24.104802, 90.407498<br/>
<hr/>
Record your answer in:<br/>
<code>data/reference/interpretation_gazipur_author_b.csv</code><br/><br/>
Fields: class_t0, class_t3, confidence, notes<br/>
Classes: 0 non-forest, 1 natural forest, 2 plantation/tea, 3 water
]]></description><styleUrl>#stable_forest</styleUrl><Point><coordinates>90.407498,24.104802,0</coordinates></Point></Placemark>
<Placemark><name>GAZ-0242</name><description><![CDATA[
<b>GAZ-0242</b><br/>
stratum: stable_forest<br/>
lat, lon: 24.033116, 90.585365<br/>
<hr/>
Record your answer in:<br/>
<code>data/reference/interpretation_gazipur_author_b.csv</code><br/><br/>
Fields: class_t0, class_t3, confidence, notes<br/>
Classes: 0 non-forest, 1 natural forest, 2 plantation/tea, 3 water
]]></description><styleUrl>#stable_forest</styleUrl><Point><coordinates>90.585365,24.033116,0</coordinates></Point></Placemark>
<Placemark><name>GAZ-0243</name><description><![CDATA[
<b>GAZ-0243</b><br/>
stratum: stable_forest<br/>
lat, lon: 24.100759, 90.520416<br/>
<hr/>
Record your answer in:<br/>
<code>data/reference/interpretation_gazipur_author_b.csv</code><br/><br/>
Fields: class_t0, class_t3, confidence, notes<br/>
Classes: 0 non-forest, 1 natural forest, 2 plantation/tea, 3 water
]]></description><styleUrl>#stable_forest</styleUrl><Point><coordinates>90.520416,24.100759,0</coordinates></Point></Placemark>
<Placemark><name>GAZ-0244</name><description><![CDATA[
<b>GAZ-0244</b><br/>
stratum: stable_forest<br/>
lat, lon: 24.106688, 90.447383<br/>
<hr/>
Record your answer in:<br/>
<code>data/reference/interpretation_gazipur_author_b.csv</code><br/><br/>
Fields: class_t0, class_t3, confidence, notes<br/>
Classes: 0 non-forest, 1 natural forest, 2 plantation/tea, 3 water
]]></description><styleUrl>#stable_forest</styleUrl><Point><coordinates>90.447383,24.106688,0</coordinates></Point></Placemark>
<Placemark><name>GAZ-0245</name><description><![CDATA[
<b>GAZ-0245</b><br/>
stratum: stable_forest<br/>
lat, lon: 24.116390, 90.392406<br/>
<hr/>
Record your answer in:<br/>
<code>data/reference/interpretation_gazipur_author_b.csv</code><br/><br/>
Fields: class_t0, class_t3, confidence, notes<br/>
Classes: 0 non-forest, 1 natural forest, 2 plantation/tea, 3 water
]]></description><styleUrl>#stable_forest</styleUrl><Point><coordinates>90.392406,24.116390,0</coordinates></Point></Placemark>
<Placemark><name>GAZ-0246</name><description><![CDATA[
<b>GAZ-0246</b><br/>
stratum: stable_forest<br/>
lat, lon: 23.928552, 90.524998<br/>
<hr/>
Record your answer in:<br/>
<code>data/reference/interpretation_gazipur_author_b.csv</code><br/><br/>
Fields: class_t0, class_t3, confidence, notes<br/>
Classes: 0 non-forest, 1 natural forest, 2 plantation/tea, 3 water
]]></description><styleUrl>#stable_forest</styleUrl><Point><coordinates>90.524998,23.928552,0</coordinates></Point></Placemark>
<Placemark><name>GAZ-0247</name><description><![CDATA[
<b>GAZ-0247</b><br/>
stratum: stable_forest<br/>
lat, lon: 23.985416, 90.457085<br/>
<hr/>
Record your answer in:<br/>
<code>data/reference/interpretation_gazipur_author_b.csv</code><br/><br/>
Fields: class_t0, class_t3, confidence, notes<br/>
Classes: 0 non-forest, 1 natural forest, 2 plantation/tea, 3 water
]]></description><styleUrl>#stable_forest</styleUrl><Point><coordinates>90.457085,23.985416,0</coordinates></Point></Placemark>
<Placemark><name>GAZ-0248</name><description><![CDATA[
<b>GAZ-0248</b><br/>
stratum: stable_forest<br/>
lat, lon: 24.298568, 90.488077<br/>
<hr/>
Record your answer in:<br/>
<code>data/reference/interpretation_gazipur_author_b.csv</code><br/><br/>
Fields: class_t0, class_t3, confidence, notes<br/>
Classes: 0 non-forest, 1 natural forest, 2 plantation/tea, 3 water
]]></description><styleUrl>#stable_forest</styleUrl><Point><coordinates>90.488077,24.298568,0</coordinates></Point></Placemark>
<Placemark><name>GAZ-0249</name><description><![CDATA[
<b>GAZ-0249</b><br/>
stratum: stable_forest<br/>
lat, lon: 23.972749, 90.610428<br/>
<hr/>
Record your answer in:<br/>
<code>data/reference/interpretation_gazipur_author_b.csv</code><br/><br/>
Fields: class_t0, class_t3, confidence, notes<br/>
Classes: 0 non-forest, 1 natural forest, 2 plantation/tea, 3 water
]]></description><styleUrl>#stable_forest</styleUrl><Point><coordinates>90.610428,23.972749,0</coordinates></Point></Placemark>
<Placemark><name>GAZ-0250</name><description><![CDATA[
<b>GAZ-0250</b><br/>
stratum: stable_forest<br/>
lat, lon: 24.033655, 90.588599<br/>
<hr/>
Record your answer in:<br/>
<code>data/reference/interpretation_gazipur_author_b.csv</code><br/><br/>
Fields: class_t0, class_t3, confidence, notes<br/>
Classes: 0 non-forest, 1 natural forest, 2 plantation/tea, 3 water
]]></description><styleUrl>#stable_forest</styleUrl><Point><coordinates>90.588599,24.033655,0</coordinates></Point></Placemark>
<Placemark><name>GAZ-0251</name><description><![CDATA[
<b>GAZ-0251</b><br/>
stratum: stable_forest<br/>
lat, lon: 23.965473, 90.317756<br/>
<hr/>
Record your answer in:<br/>
<code>data/reference/interpretation_gazipur_author_b.csv</code><br/><br/>
Fields: class_t0, class_t3, confidence, notes<br/>
Classes: 0 non-forest, 1 natural forest, 2 plantation/tea, 3 water
]]></description><styleUrl>#stable_forest</styleUrl><Point><coordinates>90.317756,23.965473,0</coordinates></Point></Placemark>
<Placemark><name>GAZ-0252</name><description><![CDATA[
<b>GAZ-0252</b><br/>
stratum: stable_forest<br/>
lat, lon: 23.978139, 90.543862<br/>
<hr/>
Record your answer in:<br/>
<code>data/reference/interpretation_gazipur_author_b.csv</code><br/><br/>
Fields: class_t0, class_t3, confidence, notes<br/>
Classes: 0 non-forest, 1 natural forest, 2 plantation/tea, 3 water
]]></description><styleUrl>#stable_forest</styleUrl><Point><coordinates>90.543862,23.978139,0</coordinates></Point></Placemark>
<Placemark><name>GAZ-0253</name><description><![CDATA[
<b>GAZ-0253</b><br/>
stratum: stable_forest<br/>
lat, lon: 24.132560, 90.514218<br/>
<hr/>
Record your answer in:<br/>
<code>data/reference/interpretation_gazipur_author_b.csv</code><br/><br/>
Fields: class_t0, class_t3, confidence, notes<br/>
Classes: 0 non-forest, 1 natural forest, 2 plantation/tea, 3 water
]]></description><styleUrl>#stable_forest</styleUrl><Point><coordinates>90.514218,24.132560,0</coordinates></Point></Placemark>
<Placemark><name>GAZ-0254</name><description><![CDATA[
<b>GAZ-0254</b><br/>
stratum: stable_forest<br/>
lat, lon: 24.216373, 90.517452<br/>
<hr/>
Record your answer in:<br/>
<code>data/reference/interpretation_gazipur_author_b.csv</code><br/><br/>
Fields: class_t0, class_t3, confidence, notes<br/>
Classes: 0 non-forest, 1 natural forest, 2 plantation/tea, 3 water
]]></description><styleUrl>#stable_forest</styleUrl><Point><coordinates>90.517452,24.216373,0</coordinates></Point></Placemark>
<Placemark><name>GAZ-0255</name><description><![CDATA[
<b>GAZ-0255</b><br/>
stratum: stable_forest<br/>
lat, lon: 24.129056, 90.540898<br/>
<hr/>
Record your answer in:<br/>
<code>data/reference/interpretation_gazipur_author_b.csv</code><br/><br/>
Fields: class_t0, class_t3, confidence, notes<br/>
Classes: 0 non-forest, 1 natural forest, 2 plantation/tea, 3 water
]]></description><styleUrl>#stable_forest</styleUrl><Point><coordinates>90.540898,24.129056,0</coordinates></Point></Placemark>
<Placemark><name>GAZ-0256</name><description><![CDATA[
<b>GAZ-0256</b><br/>
stratum: stable_forest<br/>
lat, lon: 24.116929, 90.441993<br/>
<hr/>
Record your answer in:<br/>
<code>data/reference/interpretation_gazipur_author_b.csv</code><br/><br/>
Fields: class_t0, class_t3, confidence, notes<br/>
Classes: 0 non-forest, 1 natural forest, 2 plantation/tea, 3 water
]]></description><styleUrl>#stable_forest</styleUrl><Point><coordinates>90.441993,24.116929,0</coordinates></Point></Placemark>
<Placemark><name>GAZ-0257</name><description><![CDATA[
<b>GAZ-0257</b><br/>
stratum: stable_forest<br/>
lat, lon: 24.115043, 90.462475<br/>
<hr/>
Record your answer in:<br/>
<code>data/reference/interpretation_gazipur_author_b.csv</code><br/><br/>
Fields: class_t0, class_t3, confidence, notes<br/>
Classes: 0 non-forest, 1 natural forest, 2 plantation/tea, 3 water
]]></description><styleUrl>#stable_forest</styleUrl><Point><coordinates>90.462475,24.115043,0</coordinates></Point></Placemark>
<Placemark><name>GAZ-0258</name><description><![CDATA[
<b>GAZ-0258</b><br/>
stratum: stable_forest<br/>
lat, lon: 24.138219, 90.247688<br/>
<hr/>
Record your answer in:<br/>
<code>data/reference/interpretation_gazipur_author_b.csv</code><br/><br/>
Fields: class_t0, class_t3, confidence, notes<br/>
Classes: 0 non-forest, 1 natural forest, 2 plantation/tea, 3 water
]]></description><styleUrl>#stable_forest</styleUrl><Point><coordinates>90.247688,24.138219,0</coordinates></Point></Placemark>
<Placemark><name>GAZ-0259</name><description><![CDATA[
<b>GAZ-0259</b><br/>
stratum: stable_forest<br/>
lat, lon: 24.074349, 90.554103<br/>
<hr/>
Record your answer in:<br/>
<code>data/reference/interpretation_gazipur_author_b.csv</code><br/><br/>
Fields: class_t0, class_t3, confidence, notes<br/>
Classes: 0 non-forest, 1 natural forest, 2 plantation/tea, 3 water
]]></description><styleUrl>#stable_forest</styleUrl><Point><coordinates>90.554103,24.074349,0</coordinates></Point></Placemark>
<Placemark><name>GAZ-0260</name><description><![CDATA[
<b>GAZ-0260</b><br/>
stratum: stable_forest<br/>
lat, lon: 24.099412, 90.605846<br/>
<hr/>
Record your answer in:<br/>
<code>data/reference/interpretation_gazipur_author_b.csv</code><br/><br/>
Fields: class_t0, class_t3, confidence, notes<br/>
Classes: 0 non-forest, 1 natural forest, 2 plantation/tea, 3 water
]]></description><styleUrl>#stable_forest</styleUrl><Point><coordinates>90.605846,24.099412,0</coordinates></Point></Placemark>
<Placemark><name>GAZ-0261</name><description><![CDATA[
<b>GAZ-0261</b><br/>
stratum: stable_forest<br/>
lat, lon: 24.182147, 90.593988<br/>
<hr/>
Record your answer in:<br/>
<code>data/reference/interpretation_gazipur_author_b.csv</code><br/><br/>
Fields: class_t0, class_t3, confidence, notes<br/>
Classes: 0 non-forest, 1 natural forest, 2 plantation/tea, 3 water
]]></description><styleUrl>#stable_forest</styleUrl><Point><coordinates>90.593988,24.182147,0</coordinates></Point></Placemark>
<Placemark><name>GAZ-0262</name><description><![CDATA[
<b>GAZ-0262</b><br/>
stratum: stable_forest<br/>
lat, lon: 24.087554, 90.575663<br/>
<hr/>
Record your answer in:<br/>
<code>data/reference/interpretation_gazipur_author_b.csv</code><br/><br/>
Fields: class_t0, class_t3, confidence, notes<br/>
Classes: 0 non-forest, 1 natural forest, 2 plantation/tea, 3 water
]]></description><styleUrl>#stable_forest</styleUrl><Point><coordinates>90.575663,24.087554,0</coordinates></Point></Placemark>
<Placemark><name>GAZ-0263</name><description><![CDATA[
<b>GAZ-0263</b><br/>
stratum: stable_forest<br/>
lat, lon: 24.117738, 90.430136<br/>
<hr/>
Record your answer in:<br/>
<code>data/reference/interpretation_gazipur_author_b.csv</code><br/><br/>
Fields: class_t0, class_t3, confidence, notes<br/>
Classes: 0 non-forest, 1 natural forest, 2 plantation/tea, 3 water
]]></description><styleUrl>#stable_forest</styleUrl><Point><coordinates>90.430136,24.117738,0</coordinates></Point></Placemark>
<Placemark><name>GAZ-0264</name><description><![CDATA[
<b>GAZ-0264</b><br/>
stratum: stable_forest<br/>
lat, lon: 24.121241, 90.402647<br/>
<hr/>
Record your answer in:<br/>
<code>data/reference/interpretation_gazipur_author_b.csv</code><br/><br/>
Fields: class_t0, class_t3, confidence, notes<br/>
Classes: 0 non-forest, 1 natural forest, 2 plantation/tea, 3 water
]]></description><styleUrl>#stable_forest</styleUrl><Point><coordinates>90.402647,24.121241,0</coordinates></Point></Placemark>
<Placemark><name>GAZ-0265</name><description><![CDATA[
<b>GAZ-0265</b><br/>
stratum: stable_forest<br/>
lat, lon: 24.234429, 90.290268<br/>
<hr/>
Record your answer in:<br/>
<code>data/reference/interpretation_gazipur_author_b.csv</code><br/><br/>
Fields: class_t0, class_t3, confidence, notes<br/>
Classes: 0 non-forest, 1 natural forest, 2 plantation/tea, 3 water
]]></description><styleUrl>#stable_forest</styleUrl><Point><coordinates>90.290268,24.234429,0</coordinates></Point></Placemark>
<Placemark><name>GAZ-0266</name><description><![CDATA[
<b>GAZ-0266</b><br/>
stratum: stable_forest<br/>
lat, lon: 24.053598, 90.281375<br/>
<hr/>
Record your answer in:<br/>
<code>data/reference/interpretation_gazipur_author_b.csv</code><br/><br/>
Fields: class_t0, class_t3, confidence, notes<br/>
Classes: 0 non-forest, 1 natural forest, 2 plantation/tea, 3 water
]]></description><styleUrl>#stable_forest</styleUrl><Point><coordinates>90.281375,24.053598,0</coordinates></Point></Placemark>
<Placemark><name>GAZ-0267</name><description><![CDATA[
<b>GAZ-0267</b><br/>
stratum: stable_forest<br/>
lat, lon: 24.160857, 90.335274<br/>
<hr/>
Record your answer in:<br/>
<code>data/reference/interpretation_gazipur_author_b.csv</code><br/><br/>
Fields: class_t0, class_t3, confidence, notes<br/>
Classes: 0 non-forest, 1 natural forest, 2 plantation/tea, 3 water
]]></description><styleUrl>#stable_forest</styleUrl><Point><coordinates>90.335274,24.160857,0</coordinates></Point></Placemark>
<Placemark><name>GAZ-0268</name><description><![CDATA[
<b>GAZ-0268</b><br/>
stratum: stable_forest<br/>
lat, lon: 24.195082, 90.359798<br/>
<hr/>
Record your answer in:<br/>
<code>data/reference/interpretation_gazipur_author_b.csv</code><br/><br/>
Fields: class_t0, class_t3, confidence, notes<br/>
Classes: 0 non-forest, 1 natural forest, 2 plantation/tea, 3 water
]]></description><styleUrl>#stable_forest</styleUrl><Point><coordinates>90.359798,24.195082,0</coordinates></Point></Placemark>
<Placemark><name>GAZ-0269</name><description><![CDATA[
<b>GAZ-0269</b><br/>
stratum: stable_forest<br/>
lat, lon: 24.129326, 90.454929<br/>
<hr/>
Record your answer in:<br/>
<code>data/reference/interpretation_gazipur_author_b.csv</code><br/><br/>
Fields: class_t0, class_t3, confidence, notes<br/>
Classes: 0 non-forest, 1 natural forest, 2 plantation/tea, 3 water
]]></description><styleUrl>#stable_forest</styleUrl><Point><coordinates>90.454929,24.129326,0</coordinates></Point></Placemark>
<Placemark><name>GAZ-0270</name><description><![CDATA[
<b>GAZ-0270</b><br/>
stratum: stable_forest<br/>
lat, lon: 24.153041, 90.578627<br/>
<hr/>
Record your answer in:<br/>
<code>data/reference/interpretation_gazipur_author_b.csv</code><br/><br/>
Fields: class_t0, class_t3, confidence, notes<br/>
Classes: 0 non-forest, 1 natural forest, 2 plantation/tea, 3 water
]]></description><styleUrl>#stable_forest</styleUrl><Point><coordinates>90.578627,24.153041,0</coordinates></Point></Placemark>
<Placemark><name>GAZ-0271</name><description><![CDATA[
<b>GAZ-0271</b><br/>
stratum: stable_forest<br/>
lat, lon: 24.267577, 90.496701<br/>
<hr/>
Record your answer in:<br/>
<code>data/reference/interpretation_gazipur_author_b.csv</code><br/><br/>
Fields: class_t0, class_t3, confidence, notes<br/>
Classes: 0 non-forest, 1 natural forest, 2 plantation/tea, 3 water
]]></description><styleUrl>#stable_forest</styleUrl><Point><coordinates>90.496701,24.267577,0</coordinates></Point></Placemark>
<Placemark><name>GAZ-0272</name><description><![CDATA[
<b>GAZ-0272</b><br/>
stratum: stable_forest<br/>
lat, lon: 24.115312, 90.405612<br/>
<hr/>
Record your answer in:<br/>
<code>data/reference/interpretation_gazipur_author_b.csv</code><br/><br/>
Fields: class_t0, class_t3, confidence, notes<br/>
Classes: 0 non-forest, 1 natural forest, 2 plantation/tea, 3 water
]]></description><styleUrl>#stable_forest</styleUrl><Point><coordinates>90.405612,24.115312,0</coordinates></Point></Placemark>
<Placemark><name>GAZ-0273</name><description><![CDATA[
<b>GAZ-0273</b><br/>
stratum: stable_forest<br/>
lat, lon: 24.143879, 90.282183<br/>
<hr/>
Record your answer in:<br/>
<code>data/reference/interpretation_gazipur_author_b.csv</code><br/><br/>
Fields: class_t0, class_t3, confidence, notes<br/>
Classes: 0 non-forest, 1 natural forest, 2 plantation/tea, 3 water
]]></description><styleUrl>#stable_forest</styleUrl><Point><coordinates>90.282183,24.143879,0</coordinates></Point></Placemark>
<Placemark><name>GAZ-0274</name><description><![CDATA[
<b>GAZ-0274</b><br/>
stratum: stable_forest<br/>
lat, lon: 24.078391, 90.257929<br/>
<hr/>
Record your answer in:<br/>
<code>data/reference/interpretation_gazipur_author_b.csv</code><br/><br/>
Fields: class_t0, class_t3, confidence, notes<br/>
Classes: 0 non-forest, 1 natural forest, 2 plantation/tea, 3 water
]]></description><styleUrl>#stable_forest</styleUrl><Point><coordinates>90.257929,24.078391,0</coordinates></Point></Placemark>
<Placemark><name>GAZ-0275</name><description><![CDATA[
<b>GAZ-0275</b><br/>
stratum: stable_forest<br/>
lat, lon: 24.207479, 90.359798<br/>
<hr/>
Record your answer in:<br/>
<code>data/reference/interpretation_gazipur_author_b.csv</code><br/><br/>
Fields: class_t0, class_t3, confidence, notes<br/>
Classes: 0 non-forest, 1 natural forest, 2 plantation/tea, 3 water
]]></description><styleUrl>#stable_forest</styleUrl><Point><coordinates>90.359798,24.207479,0</coordinates></Point></Placemark>
<Placemark><name>GAZ-0276</name><description><![CDATA[
<b>GAZ-0276</b><br/>
stratum: stable_forest<br/>
lat, lon: 23.971941, 90.562727<br/>
<hr/>
Record your answer in:<br/>
<code>data/reference/interpretation_gazipur_author_b.csv</code><br/><br/>
Fields: class_t0, class_t3, confidence, notes<br/>
Classes: 0 non-forest, 1 natural forest, 2 plantation/tea, 3 water
]]></description><styleUrl>#stable_forest</styleUrl><Point><coordinates>90.562727,23.971941,0</coordinates></Point></Placemark>
<Placemark><name>GAZ-0277</name><description><![CDATA[
<b>GAZ-0277</b><br/>
stratum: stable_forest<br/>
lat, lon: 24.016138, 90.626328<br/>
<hr/>
Record your answer in:<br/>
<code>data/reference/interpretation_gazipur_author_b.csv</code><br/><br/>
Fields: class_t0, class_t3, confidence, notes<br/>
Classes: 0 non-forest, 1 natural forest, 2 plantation/tea, 3 water
]]></description><styleUrl>#stable_forest</styleUrl><Point><coordinates>90.626328,24.016138,0</coordinates></Point></Placemark>
<Placemark><name>GAZ-0278</name><description><![CDATA[
<b>GAZ-0278</b><br/>
stratum: stable_forest<br/>
lat, lon: 24.188345, 90.335813<br/>
<hr/>
Record your answer in:<br/>
<code>data/reference/interpretation_gazipur_author_b.csv</code><br/><br/>
Fields: class_t0, class_t3, confidence, notes<br/>
Classes: 0 non-forest, 1 natural forest, 2 plantation/tea, 3 water
]]></description><styleUrl>#stable_forest</styleUrl><Point><coordinates>90.335813,24.188345,0</coordinates></Point></Placemark>
<Placemark><name>GAZ-0279</name><description><![CDATA[
<b>GAZ-0279</b><br/>
stratum: stable_forest<br/>
lat, lon: 24.122858, 90.442263<br/>
<hr/>
Record your answer in:<br/>
<code>data/reference/interpretation_gazipur_author_b.csv</code><br/><br/>
Fields: class_t0, class_t3, confidence, notes<br/>
Classes: 0 non-forest, 1 natural forest, 2 plantation/tea, 3 water
]]></description><styleUrl>#stable_forest</styleUrl><Point><coordinates>90.442263,24.122858,0</coordinates></Point></Placemark>
<Placemark><name>GAZ-0280</name><description><![CDATA[
<b>GAZ-0280</b><br/>
stratum: stable_forest<br/>
lat, lon: 24.207210, 90.357103<br/>
<hr/>
Record your answer in:<br/>
<code>data/reference/interpretation_gazipur_author_b.csv</code><br/><br/>
Fields: class_t0, class_t3, confidence, notes<br/>
Classes: 0 non-forest, 1 natural forest, 2 plantation/tea, 3 water
]]></description><styleUrl>#stable_forest</styleUrl><Point><coordinates>90.357103,24.207210,0</coordinates></Point></Placemark>
<Placemark><name>GAZ-0281</name><description><![CDATA[
<b>GAZ-0281</b><br/>
stratum: stable_forest<br/>
lat, lon: 24.182686, 90.360876<br/>
<hr/>
Record your answer in:<br/>
<code>data/reference/interpretation_gazipur_author_b.csv</code><br/><br/>
Fields: class_t0, class_t3, confidence, notes<br/>
Classes: 0 non-forest, 1 natural forest, 2 plantation/tea, 3 water
]]></description><styleUrl>#stable_forest</styleUrl><Point><coordinates>90.360876,24.182686,0</coordinates></Point></Placemark>
<Placemark><name>GAZ-0282</name><description><![CDATA[
<b>GAZ-0282</b><br/>
stratum: stable_forest<br/>
lat, lon: 24.049286, 90.585904<br/>
<hr/>
Record your answer in:<br/>
<code>data/reference/interpretation_gazipur_author_b.csv</code><br/><br/>
Fields: class_t0, class_t3, confidence, notes<br/>
Classes: 0 non-forest, 1 natural forest, 2 plantation/tea, 3 water
]]></description><styleUrl>#stable_forest</styleUrl><Point><coordinates>90.585904,24.049286,0</coordinates></Point></Placemark>
<Placemark><name>GAZ-0283</name><description><![CDATA[
<b>GAZ-0283</b><br/>
stratum: stable_forest<br/>
lat, lon: 24.120432, 90.396988<br/>
<hr/>
Record your answer in:<br/>
<code>data/reference/interpretation_gazipur_author_b.csv</code><br/><br/>
Fields: class_t0, class_t3, confidence, notes<br/>
Classes: 0 non-forest, 1 natural forest, 2 plantation/tea, 3 water
]]></description><styleUrl>#stable_forest</styleUrl><Point><coordinates>90.396988,24.120432,0</coordinates></Point></Placemark>
<Placemark><name>GAZ-0284</name><description><![CDATA[
<b>GAZ-0284</b><br/>
stratum: stable_forest<br/>
lat, lon: 24.195621, 90.343897<br/>
<hr/>
Record your answer in:<br/>
<code>data/reference/interpretation_gazipur_author_b.csv</code><br/><br/>
Fields: class_t0, class_t3, confidence, notes<br/>
Classes: 0 non-forest, 1 natural forest, 2 plantation/tea, 3 water
]]></description><styleUrl>#stable_forest</styleUrl><Point><coordinates>90.343897,24.195621,0</coordinates></Point></Placemark>
<Placemark><name>GAZ-0285</name><description><![CDATA[
<b>GAZ-0285</b><br/>
stratum: stable_forest<br/>
lat, lon: 23.981912, 90.548444<br/>
<hr/>
Record your answer in:<br/>
<code>data/reference/interpretation_gazipur_author_b.csv</code><br/><br/>
Fields: class_t0, class_t3, confidence, notes<br/>
Classes: 0 non-forest, 1 natural forest, 2 plantation/tea, 3 water
]]></description><styleUrl>#stable_forest</styleUrl><Point><coordinates>90.548444,23.981912,0</coordinates></Point></Placemark>
<Placemark><name>GAZ-0286</name><description><![CDATA[
<b>GAZ-0286</b><br/>
stratum: stable_forest<br/>
lat, lon: 24.218529, 90.333657<br/>
<hr/>
Record your answer in:<br/>
<code>data/reference/interpretation_gazipur_author_b.csv</code><br/><br/>
Fields: class_t0, class_t3, confidence, notes<br/>
Classes: 0 non-forest, 1 natural forest, 2 plantation/tea, 3 water
]]></description><styleUrl>#stable_forest</styleUrl><Point><coordinates>90.333657,24.218529,0</coordinates></Point></Placemark>
<Placemark><name>GAZ-0287</name><description><![CDATA[
<b>GAZ-0287</b><br/>
stratum: stable_forest<br/>
lat, lon: 24.201011, 90.522033<br/>
<hr/>
Record your answer in:<br/>
<code>data/reference/interpretation_gazipur_author_b.csv</code><br/><br/>
Fields: class_t0, class_t3, confidence, notes<br/>
Classes: 0 non-forest, 1 natural forest, 2 plantation/tea, 3 water
]]></description><styleUrl>#stable_forest</styleUrl><Point><coordinates>90.522033,24.201011,0</coordinates></Point></Placemark>
<Placemark><name>GAZ-0288</name><description><![CDATA[
<b>GAZ-0288</b><br/>
stratum: stable_forest<br/>
lat, lon: 24.236854, 90.305899<br/>
<hr/>
Record your answer in:<br/>
<code>data/reference/interpretation_gazipur_author_b.csv</code><br/><br/>
Fields: class_t0, class_t3, confidence, notes<br/>
Classes: 0 non-forest, 1 natural forest, 2 plantation/tea, 3 water
]]></description><styleUrl>#stable_forest</styleUrl><Point><coordinates>90.305899,24.236854,0</coordinates></Point></Placemark>
<Placemark><name>GAZ-0289</name><description><![CDATA[
<b>GAZ-0289</b><br/>
stratum: stable_forest<br/>
lat, lon: 24.250868, 90.470560<br/>
<hr/>
Record your answer in:<br/>
<code>data/reference/interpretation_gazipur_author_b.csv</code><br/><br/>
Fields: class_t0, class_t3, confidence, notes<br/>
Classes: 0 non-forest, 1 natural forest, 2 plantation/tea, 3 water
]]></description><styleUrl>#stable_forest</styleUrl><Point><coordinates>90.470560,24.250868,0</coordinates></Point></Placemark>
<Placemark><name>GAZ-0290</name><description><![CDATA[
<b>GAZ-0290</b><br/>
stratum: stable_forest<br/>
lat, lon: 24.002933, 90.596953<br/>
<hr/>
Record your answer in:<br/>
<code>data/reference/interpretation_gazipur_author_b.csv</code><br/><br/>
Fields: class_t0, class_t3, confidence, notes<br/>
Classes: 0 non-forest, 1 natural forest, 2 plantation/tea, 3 water
]]></description><styleUrl>#stable_forest</styleUrl><Point><coordinates>90.596953,24.002933,0</coordinates></Point></Placemark>
<Placemark><name>GAZ-0291</name><description><![CDATA[
<b>GAZ-0291</b><br/>
stratum: stable_forest<br/>
lat, lon: 24.017216, 90.291615<br/>
<hr/>
Record your answer in:<br/>
<code>data/reference/interpretation_gazipur_author_b.csv</code><br/><br/>
Fields: class_t0, class_t3, confidence, notes<br/>
Classes: 0 non-forest, 1 natural forest, 2 plantation/tea, 3 water
]]></description><styleUrl>#stable_forest</styleUrl><Point><coordinates>90.291615,24.017216,0</coordinates></Point></Placemark>
<Placemark><name>GAZ-0292</name><description><![CDATA[
<b>GAZ-0292</b><br/>
stratum: stable_forest<br/>
lat, lon: 24.103993, 90.403995<br/>
<hr/>
Record your answer in:<br/>
<code>data/reference/interpretation_gazipur_author_b.csv</code><br/><br/>
Fields: class_t0, class_t3, confidence, notes<br/>
Classes: 0 non-forest, 1 natural forest, 2 plantation/tea, 3 water
]]></description><styleUrl>#stable_forest</styleUrl><Point><coordinates>90.403995,24.103993,0</coordinates></Point></Placemark>
<Placemark><name>GAZ-0293</name><description><![CDATA[
<b>GAZ-0293</b><br/>
stratum: stable_forest<br/>
lat, lon: 24.068959, 90.253078<br/>
<hr/>
Record your answer in:<br/>
<code>data/reference/interpretation_gazipur_author_b.csv</code><br/><br/>
Fields: class_t0, class_t3, confidence, notes<br/>
Classes: 0 non-forest, 1 natural forest, 2 plantation/tea, 3 water
]]></description><styleUrl>#stable_forest</styleUrl><Point><coordinates>90.253078,24.068959,0</coordinates></Point></Placemark>
<Placemark><name>GAZ-0294</name><description><![CDATA[
<b>GAZ-0294</b><br/>
stratum: stable_forest<br/>
lat, lon: 24.084051, 90.434448<br/>
<hr/>
Record your answer in:<br/>
<code>data/reference/interpretation_gazipur_author_b.csv</code><br/><br/>
Fields: class_t0, class_t3, confidence, notes<br/>
Classes: 0 non-forest, 1 natural forest, 2 plantation/tea, 3 water
]]></description><styleUrl>#stable_forest</styleUrl><Point><coordinates>90.434448,24.084051,0</coordinates></Point></Placemark>
<Placemark><name>GAZ-0295</name><description><![CDATA[
<b>GAZ-0295</b><br/>
stratum: stable_forest<br/>
lat, lon: 24.029613, 90.449809<br/>
<hr/>
Record your answer in:<br/>
<code>data/reference/interpretation_gazipur_author_b.csv</code><br/><br/>
Fields: class_t0, class_t3, confidence, notes<br/>
Classes: 0 non-forest, 1 natural forest, 2 plantation/tea, 3 water
]]></description><styleUrl>#stable_forest</styleUrl><Point><coordinates>90.449809,24.029613,0</coordinates></Point></Placemark>
<Placemark><name>GAZ-0296</name><description><![CDATA[
<b>GAZ-0296</b><br/>
stratum: stable_forest<br/>
lat, lon: 24.069498, 90.284339<br/>
<hr/>
Record your answer in:<br/>
<code>data/reference/interpretation_gazipur_author_b.csv</code><br/><br/>
Fields: class_t0, class_t3, confidence, notes<br/>
Classes: 0 non-forest, 1 natural forest, 2 plantation/tea, 3 water
]]></description><styleUrl>#stable_forest</styleUrl><Point><coordinates>90.284339,24.069498,0</coordinates></Point></Placemark>
<Placemark><name>GAZ-0297</name><description><![CDATA[
<b>GAZ-0297</b><br/>
stratum: stable_forest<br/>
lat, lon: 24.239280, 90.436604<br/>
<hr/>
Record your answer in:<br/>
<code>data/reference/interpretation_gazipur_author_b.csv</code><br/><br/>
Fields: class_t0, class_t3, confidence, notes<br/>
Classes: 0 non-forest, 1 natural forest, 2 plantation/tea, 3 water
]]></description><styleUrl>#stable_forest</styleUrl><Point><coordinates>90.436604,24.239280,0</coordinates></Point></Placemark>
<Placemark><name>GAZ-0298</name><description><![CDATA[
<b>GAZ-0298</b><br/>
stratum: stable_forest<br/>
lat, lon: 23.937985, 90.484574<br/>
<hr/>
Record your answer in:<br/>
<code>data/reference/interpretation_gazipur_author_b.csv</code><br/><br/>
Fields: class_t0, class_t3, confidence, notes<br/>
Classes: 0 non-forest, 1 natural forest, 2 plantation/tea, 3 water
]]></description><styleUrl>#stable_forest</styleUrl><Point><coordinates>90.484574,23.937985,0</coordinates></Point></Placemark>
<Placemark><name>GAZ-0299</name><description><![CDATA[
<b>GAZ-0299</b><br/>
stratum: stable_forest<br/>
lat, lon: 24.117738, 90.409385<br/>
<hr/>
Record your answer in:<br/>
<code>data/reference/interpretation_gazipur_author_b.csv</code><br/><br/>
Fields: class_t0, class_t3, confidence, notes<br/>
Classes: 0 non-forest, 1 natural forest, 2 plantation/tea, 3 water
]]></description><styleUrl>#stable_forest</styleUrl><Point><coordinates>90.409385,24.117738,0</coordinates></Point></Placemark>
<Placemark><name>GAZ-0300</name><description><![CDATA[
<b>GAZ-0300</b><br/>
stratum: stable_forest<br/>
lat, lon: 24.279165, 90.497509<br/>
<hr/>
Record your answer in:<br/>
<code>data/reference/interpretation_gazipur_author_b.csv</code><br/><br/>
Fields: class_t0, class_t3, confidence, notes<br/>
Classes: 0 non-forest, 1 natural forest, 2 plantation/tea, 3 water
]]></description><styleUrl>#stable_forest</styleUrl><Point><coordinates>90.497509,24.279165,0</coordinates></Point></Placemark>
</Folder>
<Folder><name>Forest loss (200)</name>
<Placemark><name>GAZ-0301</name><description><![CDATA[
<b>GAZ-0301</b><br/>
stratum: forest_loss<br/>
lat, lon: 23.955232, 90.303743<br/>
<hr/>
Record your answer in:<br/>
<code>data/reference/interpretation_gazipur_author_b.csv</code><br/><br/>
Fields: class_t0, class_t3, confidence, notes<br/>
Classes: 0 non-forest, 1 natural forest, 2 plantation/tea, 3 water
]]></description><styleUrl>#forest_loss</styleUrl><Point><coordinates>90.303743,23.955232,0</coordinates></Point></Placemark>
<Placemark><name>GAZ-0302</name><description><![CDATA[
<b>GAZ-0302</b><br/>
stratum: forest_loss<br/>
lat, lon: 24.049555, 90.297005<br/>
<hr/>
Record your answer in:<br/>
<code>data/reference/interpretation_gazipur_author_b.csv</code><br/><br/>
Fields: class_t0, class_t3, confidence, notes<br/>
Classes: 0 non-forest, 1 natural forest, 2 plantation/tea, 3 water
]]></description><styleUrl>#forest_loss</styleUrl><Point><coordinates>90.297005,24.049555,0</coordinates></Point></Placemark>
<Placemark><name>GAZ-0303</name><description><![CDATA[
<b>GAZ-0303</b><br/>
stratum: forest_loss<br/>
lat, lon: 24.138758, 90.515565<br/>
<hr/>
Record your answer in:<br/>
<code>data/reference/interpretation_gazipur_author_b.csv</code><br/><br/>
Fields: class_t0, class_t3, confidence, notes<br/>
Classes: 0 non-forest, 1 natural forest, 2 plantation/tea, 3 water
]]></description><styleUrl>#forest_loss</styleUrl><Point><coordinates>90.515565,24.138758,0</coordinates></Point></Placemark>
<Placemark><name>GAZ-0304</name><description><![CDATA[
<b>GAZ-0304</b><br/>
stratum: forest_loss<br/>
lat, lon: 24.084051, 90.360876<br/>
<hr/>
Record your answer in:<br/>
<code>data/reference/interpretation_gazipur_author_b.csv</code><br/><br/>
Fields: class_t0, class_t3, confidence, notes<br/>
Classes: 0 non-forest, 1 natural forest, 2 plantation/tea, 3 water
]]></description><styleUrl>#forest_loss</styleUrl><Point><coordinates>90.360876,24.084051,0</coordinates></Point></Placemark>
<Placemark><name>GAZ-0305</name><description><![CDATA[
<b>GAZ-0305</b><br/>
stratum: forest_loss<br/>
lat, lon: 24.091058, 90.290807<br/>
<hr/>
Record your answer in:<br/>
<code>data/reference/interpretation_gazipur_author_b.csv</code><br/><br/>
Fields: class_t0, class_t3, confidence, notes<br/>
Classes: 0 non-forest, 1 natural forest, 2 plantation/tea, 3 water
]]></description><styleUrl>#forest_loss</styleUrl><Point><coordinates>90.290807,24.091058,0</coordinates></Point></Placemark>
<Placemark><name>GAZ-0306</name><description><![CDATA[
<b>GAZ-0306</b><br/>
stratum: forest_loss<br/>
lat, lon: 24.230117, 90.304282<br/>
<hr/>
Record your answer in:<br/>
<code>data/reference/interpretation_gazipur_author_b.csv</code><br/><br/>
Fields: class_t0, class_t3, confidence, notes<br/>
Classes: 0 non-forest, 1 natural forest, 2 plantation/tea, 3 water
]]></description><styleUrl>#forest_loss</styleUrl><Point><coordinates>90.304282,24.230117,0</coordinates></Point></Placemark>
<Placemark><name>GAZ-0307</name><description><![CDATA[
<b>GAZ-0307</b><br/>
stratum: forest_loss<br/>
lat, lon: 24.164091, 90.267361<br/>
<hr/>
Record your answer in:<br/>
<code>data/reference/interpretation_gazipur_author_b.csv</code><br/><br/>
Fields: class_t0, class_t3, confidence, notes<br/>
Classes: 0 non-forest, 1 natural forest, 2 plantation/tea, 3 water
]]></description><styleUrl>#forest_loss</styleUrl><Point><coordinates>90.267361,24.164091,0</coordinates></Point></Placemark>
<Placemark><name>GAZ-0308</name><description><![CDATA[
<b>GAZ-0308</b><br/>
stratum: forest_loss<br/>
lat, lon: 24.269732, 90.457894<br/>
<hr/>
Record your answer in:<br/>
<code>data/reference/interpretation_gazipur_author_b.csv</code><br/><br/>
Fields: class_t0, class_t3, confidence, notes<br/>
Classes: 0 non-forest, 1 natural forest, 2 plantation/tea, 3 water
]]></description><styleUrl>#forest_loss</styleUrl><Point><coordinates>90.457894,24.269732,0</coordinates></Point></Placemark>
<Placemark><name>GAZ-0309</name><description><![CDATA[
<b>GAZ-0309</b><br/>
stratum: forest_loss<br/>
lat, lon: 24.141723, 90.394023<br/>
<hr/>
Record your answer in:<br/>
<code>data/reference/interpretation_gazipur_author_b.csv</code><br/><br/>
Fields: class_t0, class_t3, confidence, notes<br/>
Classes: 0 non-forest, 1 natural forest, 2 plantation/tea, 3 water
]]></description><styleUrl>#forest_loss</styleUrl><Point><coordinates>90.394023,24.141723,0</coordinates></Point></Placemark>
<Placemark><name>GAZ-0310</name><description><![CDATA[
<b>GAZ-0310</b><br/>
stratum: forest_loss<br/>
lat, lon: 23.918581, 90.395640<br/>
<hr/>
Record your answer in:<br/>
<code>data/reference/interpretation_gazipur_author_b.csv</code><br/><br/>
Fields: class_t0, class_t3, confidence, notes<br/>
Classes: 0 non-forest, 1 natural forest, 2 plantation/tea, 3 water
]]></description><styleUrl>#forest_loss</styleUrl><Point><coordinates>90.395640,23.918581,0</coordinates></Point></Placemark>
<Placemark><name>GAZ-0311</name><description><![CDATA[
<b>GAZ-0311</b><br/>
stratum: forest_loss<br/>
lat, lon: 24.159779, 90.263858<br/>
<hr/>
Record your answer in:<br/>
<code>data/reference/interpretation_gazipur_author_b.csv</code><br/><br/>
Fields: class_t0, class_t3, confidence, notes<br/>
Classes: 0 non-forest, 1 natural forest, 2 plantation/tea, 3 water
]]></description><styleUrl>#forest_loss</styleUrl><Point><coordinates>90.263858,24.159779,0</coordinates></Point></Placemark>
<Placemark><name>GAZ-0312</name><description><![CDATA[
<b>GAZ-0312</b><br/>
stratum: forest_loss<br/>
lat, lon: 24.192118, 90.429866<br/>
<hr/>
Record your answer in:<br/>
<code>data/reference/interpretation_gazipur_author_b.csv</code><br/><br/>
Fields: class_t0, class_t3, confidence, notes<br/>
Classes: 0 non-forest, 1 natural forest, 2 plantation/tea, 3 water
]]></description><styleUrl>#forest_loss</styleUrl><Point><coordinates>90.429866,24.192118,0</coordinates></Point></Placemark>
<Placemark><name>GAZ-0313</name><description><![CDATA[
<b>GAZ-0313</b><br/>
stratum: forest_loss<br/>
lat, lon: 24.205323, 90.668099<br/>
<hr/>
Record your answer in:<br/>
<code>data/reference/interpretation_gazipur_author_b.csv</code><br/><br/>
Fields: class_t0, class_t3, confidence, notes<br/>
Classes: 0 non-forest, 1 natural forest, 2 plantation/tea, 3 water
]]></description><styleUrl>#forest_loss</styleUrl><Point><coordinates>90.668099,24.205323,0</coordinates></Point></Placemark>
<Placemark><name>GAZ-0314</name><description><![CDATA[
<b>GAZ-0314</b><br/>
stratum: forest_loss<br/>
lat, lon: 24.097525, 90.302395<br/>
<hr/>
Record your answer in:<br/>
<code>data/reference/interpretation_gazipur_author_b.csv</code><br/><br/>
Fields: class_t0, class_t3, confidence, notes<br/>
Classes: 0 non-forest, 1 natural forest, 2 plantation/tea, 3 water
]]></description><styleUrl>#forest_loss</styleUrl><Point><coordinates>90.302395,24.097525,0</coordinates></Point></Placemark>
<Placemark><name>GAZ-0315</name><description><![CDATA[
<b>GAZ-0315</b><br/>
stratum: forest_loss<br/>
lat, lon: 24.010748, 90.275176<br/>
<hr/>
Record your answer in:<br/>
<code>data/reference/interpretation_gazipur_author_b.csv</code><br/><br/>
Fields: class_t0, class_t3, confidence, notes<br/>
Classes: 0 non-forest, 1 natural forest, 2 plantation/tea, 3 water
]]></description><styleUrl>#forest_loss</styleUrl><Point><coordinates>90.275176,24.010748,0</coordinates></Point></Placemark>
<Placemark><name>GAZ-0316</name><description><![CDATA[
<b>GAZ-0316</b><br/>
stratum: forest_loss<br/>
lat, lon: 24.172714, 90.402647<br/>
<hr/>
Record your answer in:<br/>
<code>data/reference/interpretation_gazipur_author_b.csv</code><br/><br/>
Fields: class_t0, class_t3, confidence, notes<br/>
Classes: 0 non-forest, 1 natural forest, 2 plantation/tea, 3 water
]]></description><styleUrl>#forest_loss</styleUrl><Point><coordinates>90.402647,24.172714,0</coordinates></Point></Placemark>
<Placemark><name>GAZ-0317</name><description><![CDATA[
<b>GAZ-0317</b><br/>
stratum: forest_loss<br/>
lat, lon: 24.208288, 90.507211<br/>
<hr/>
Record your answer in:<br/>
<code>data/reference/interpretation_gazipur_author_b.csv</code><br/><br/>
Fields: class_t0, class_t3, confidence, notes<br/>
Classes: 0 non-forest, 1 natural forest, 2 plantation/tea, 3 water
]]></description><styleUrl>#forest_loss</styleUrl><Point><coordinates>90.507211,24.208288,0</coordinates></Point></Placemark>
<Placemark><name>GAZ-0318</name><description><![CDATA[
<b>GAZ-0318</b><br/>
stratum: forest_loss<br/>
lat, lon: 24.168403, 90.398066<br/>
<hr/>
Record your answer in:<br/>
<code>data/reference/interpretation_gazipur_author_b.csv</code><br/><br/>
Fields: class_t0, class_t3, confidence, notes<br/>
Classes: 0 non-forest, 1 natural forest, 2 plantation/tea, 3 water
]]></description><styleUrl>#forest_loss</styleUrl><Point><coordinates>90.398066,24.168403,0</coordinates></Point></Placemark>
<Placemark><name>GAZ-0319</name><description><![CDATA[
<b>GAZ-0319</b><br/>
stratum: forest_loss<br/>
lat, lon: 24.174601, 90.356564<br/>
<hr/>
Record your answer in:<br/>
<code>data/reference/interpretation_gazipur_author_b.csv</code><br/><br/>
Fields: class_t0, class_t3, confidence, notes<br/>
Classes: 0 non-forest, 1 natural forest, 2 plantation/tea, 3 water
]]></description><styleUrl>#forest_loss</styleUrl><Point><coordinates>90.356564,24.174601,0</coordinates></Point></Placemark>
<Placemark><name>GAZ-0320</name><description><![CDATA[
<b>GAZ-0320</b><br/>
stratum: forest_loss<br/>
lat, lon: 24.086207, 90.325841<br/>
<hr/>
Record your answer in:<br/>
<code>data/reference/interpretation_gazipur_author_b.csv</code><br/><br/>
Fields: class_t0, class_t3, confidence, notes<br/>
Classes: 0 non-forest, 1 natural forest, 2 plantation/tea, 3 water
]]></description><styleUrl>#forest_loss</styleUrl><Point><coordinates>90.325841,24.086207,0</coordinates></Point></Placemark>
<Placemark><name>GAZ-0321</name><description><![CDATA[
<b>GAZ-0321</b><br/>
stratum: forest_loss<br/>
lat, lon: 24.250868, 90.322338<br/>
<hr/>
Record your answer in:<br/>
<code>data/reference/interpretation_gazipur_author_b.csv</code><br/><br/>
Fields: class_t0, class_t3, confidence, notes<br/>
Classes: 0 non-forest, 1 natural forest, 2 plantation/tea, 3 water
]]></description><styleUrl>#forest_loss</styleUrl><Point><coordinates>90.322338,24.250868,0</coordinates></Point></Placemark>
<Placemark><name>GAZ-0322</name><description><![CDATA[
<b>GAZ-0322</b><br/>
stratum: forest_loss<br/>
lat, lon: 24.279434, 90.387825<br/>
<hr/>
Record your answer in:<br/>
<code>data/reference/interpretation_gazipur_author_b.csv</code><br/><br/>
Fields: class_t0, class_t3, confidence, notes<br/>
Classes: 0 non-forest, 1 natural forest, 2 plantation/tea, 3 water
]]></description><styleUrl>#forest_loss</styleUrl><Point><coordinates>90.387825,24.279434,0</coordinates></Point></Placemark>
<Placemark><name>GAZ-0323</name><description><![CDATA[
<b>GAZ-0323</b><br/>
stratum: forest_loss<br/>
lat, lon: 24.210983, 90.358181<br/>
<hr/>
Record your answer in:<br/>
<code>data/reference/interpretation_gazipur_author_b.csv</code><br/><br/>
Fields: class_t0, class_t3, confidence, notes<br/>
Classes: 0 non-forest, 1 natural forest, 2 plantation/tea, 3 water
]]></description><styleUrl>#forest_loss</styleUrl><Point><coordinates>90.358181,24.210983,0</coordinates></Point></Placemark>
<Placemark><name>GAZ-0324</name><description><![CDATA[
<b>GAZ-0324</b><br/>
stratum: forest_loss<br/>
lat, lon: 24.165977, 90.257390<br/>
<hr/>
Record your answer in:<br/>
<code>data/reference/interpretation_gazipur_author_b.csv</code><br/><br/>
Fields: class_t0, class_t3, confidence, notes<br/>
Classes: 0 non-forest, 1 natural forest, 2 plantation/tea, 3 water
]]></description><styleUrl>#forest_loss</styleUrl><Point><coordinates>90.257390,24.165977,0</coordinates></Point></Placemark>
<Placemark><name>GAZ-0325</name><description><![CDATA[
<b>GAZ-0325</b><br/>
stratum: forest_loss<br/>
lat, lon: 24.198586, 90.319373<br/>
<hr/>
Record your answer in:<br/>
<code>data/reference/interpretation_gazipur_author_b.csv</code><br/><br/>
Fields: class_t0, class_t3, confidence, notes<br/>
Classes: 0 non-forest, 1 natural forest, 2 plantation/tea, 3 water
]]></description><styleUrl>#forest_loss</styleUrl><Point><coordinates>90.319373,24.198586,0</coordinates></Point></Placemark>
<Placemark><name>GAZ-0326</name><description><![CDATA[
<b>GAZ-0326</b><br/>
stratum: forest_loss<br/>
lat, lon: 23.984607, 90.279488<br/>
<hr/>
Record your answer in:<br/>
<code>data/reference/interpretation_gazipur_author_b.csv</code><br/><br/>
Fields: class_t0, class_t3, confidence, notes<br/>
Classes: 0 non-forest, 1 natural forest, 2 plantation/tea, 3 water
]]></description><styleUrl>#forest_loss</styleUrl><Point><coordinates>90.279488,23.984607,0</coordinates></Point></Placemark>
<Placemark><name>GAZ-0327</name><description><![CDATA[
<b>GAZ-0327</b><br/>
stratum: forest_loss<br/>
lat, lon: 24.216103, 90.403995<br/>
<hr/>
Record your answer in:<br/>
<code>data/reference/interpretation_gazipur_author_b.csv</code><br/><br/>
Fields: class_t0, class_t3, confidence, notes<br/>
Classes: 0 non-forest, 1 natural forest, 2 plantation/tea, 3 water
]]></description><styleUrl>#forest_loss</styleUrl><Point><coordinates>90.403995,24.216103,0</coordinates></Point></Placemark>
<Placemark><name>GAZ-0328</name><description><![CDATA[
<b>GAZ-0328</b><br/>
stratum: forest_loss<br/>
lat, lon: 24.186189, 90.287573<br/>
<hr/>
Record your answer in:<br/>
<code>data/reference/interpretation_gazipur_author_b.csv</code><br/><br/>
Fields: class_t0, class_t3, confidence, notes<br/>
Classes: 0 non-forest, 1 natural forest, 2 plantation/tea, 3 water
]]></description><styleUrl>#forest_loss</styleUrl><Point><coordinates>90.287573,24.186189,0</coordinates></Point></Placemark>
<Placemark><name>GAZ-0329</name><description><![CDATA[
<b>GAZ-0329</b><br/>
stratum: forest_loss<br/>
lat, lon: 24.058179, 90.281914<br/>
<hr/>
Record your answer in:<br/>
<code>data/reference/interpretation_gazipur_author_b.csv</code><br/><br/>
Fields: class_t0, class_t3, confidence, notes<br/>
Classes: 0 non-forest, 1 natural forest, 2 plantation/tea, 3 water
]]></description><styleUrl>#forest_loss</styleUrl><Point><coordinates>90.281914,24.058179,0</coordinates></Point></Placemark>
<Placemark><name>GAZ-0330</name><description><![CDATA[
<b>GAZ-0330</b><br/>
stratum: forest_loss<br/>
lat, lon: 24.292101, 90.456816<br/>
<hr/>
Record your answer in:<br/>
<code>data/reference/interpretation_gazipur_author_b.csv</code><br/><br/>
Fields: class_t0, class_t3, confidence, notes<br/>
Classes: 0 non-forest, 1 natural forest, 2 plantation/tea, 3 water
]]></description><styleUrl>#forest_loss</styleUrl><Point><coordinates>90.456816,24.292101,0</coordinates></Point></Placemark>
<Placemark><name>GAZ-0331</name><description><![CDATA[
<b>GAZ-0331</b><br/>
stratum: forest_loss<br/>
lat, lon: 24.129865, 90.364918<br/>
<hr/>
Record your answer in:<br/>
<code>data/reference/interpretation_gazipur_author_b.csv</code><br/><br/>
Fields: class_t0, class_t3, confidence, notes<br/>
Classes: 0 non-forest, 1 natural forest, 2 plantation/tea, 3 water
]]></description><styleUrl>#forest_loss</styleUrl><Point><coordinates>90.364918,24.129865,0</coordinates></Point></Placemark>
<Placemark><name>GAZ-0332</name><description><![CDATA[
<b>GAZ-0332</b><br/>
stratum: forest_loss<br/>
lat, lon: 24.279434, 90.388095<br/>
<hr/>
Record your answer in:<br/>
<code>data/reference/interpretation_gazipur_author_b.csv</code><br/><br/>
Fields: class_t0, class_t3, confidence, notes<br/>
Classes: 0 non-forest, 1 natural forest, 2 plantation/tea, 3 water
]]></description><styleUrl>#forest_loss</styleUrl><Point><coordinates>90.388095,24.279434,0</coordinates></Point></Placemark>
<Placemark><name>GAZ-0333</name><description><![CDATA[
<b>GAZ-0333</b><br/>
stratum: forest_loss<br/>
lat, lon: 24.175948, 90.425285<br/>
<hr/>
Record your answer in:<br/>
<code>data/reference/interpretation_gazipur_author_b.csv</code><br/><br/>
Fields: class_t0, class_t3, confidence, notes<br/>
Classes: 0 non-forest, 1 natural forest, 2 plantation/tea, 3 water
]]></description><styleUrl>#forest_loss</styleUrl><Point><coordinates>90.425285,24.175948,0</coordinates></Point></Placemark>
<Placemark><name>GAZ-0334</name><description><![CDATA[
<b>GAZ-0334</b><br/>
stratum: forest_loss<br/>
lat, lon: 24.127978, 90.439029<br/>
<hr/>
Record your answer in:<br/>
<code>data/reference/interpretation_gazipur_author_b.csv</code><br/><br/>
Fields: class_t0, class_t3, confidence, notes<br/>
Classes: 0 non-forest, 1 natural forest, 2 plantation/tea, 3 water
]]></description><styleUrl>#forest_loss</styleUrl><Point><coordinates>90.439029,24.127978,0</coordinates></Point></Placemark>
<Placemark><name>GAZ-0335</name><description><![CDATA[
<b>GAZ-0335</b><br/>
stratum: forest_loss<br/>
lat, lon: 24.209366, 90.327189<br/>
<hr/>
Record your answer in:<br/>
<code>data/reference/interpretation_gazipur_author_b.csv</code><br/><br/>
Fields: class_t0, class_t3, confidence, notes<br/>
Classes: 0 non-forest, 1 natural forest, 2 plantation/tea, 3 water
]]></description><styleUrl>#forest_loss</styleUrl><Point><coordinates>90.327189,24.209366,0</coordinates></Point></Placemark>
<Placemark><name>GAZ-0336</name><description><![CDATA[
<b>GAZ-0336</b><br/>
stratum: forest_loss<br/>
lat, lon: 24.141453, 90.391867<br/>
<hr/>
Record your answer in:<br/>
<code>data/reference/interpretation_gazipur_author_b.csv</code><br/><br/>
Fields: class_t0, class_t3, confidence, notes<br/>
Classes: 0 non-forest, 1 natural forest, 2 plantation/tea, 3 water
]]></description><styleUrl>#forest_loss</styleUrl><Point><coordinates>90.391867,24.141453,0</coordinates></Point></Placemark>
<Placemark><name>GAZ-0337</name><description><![CDATA[
<b>GAZ-0337</b><br/>
stratum: forest_loss<br/>
lat, lon: 24.157892, 90.258737<br/>
<hr/>
Record your answer in:<br/>
<code>data/reference/interpretation_gazipur_author_b.csv</code><br/><br/>
Fields: class_t0, class_t3, confidence, notes<br/>
Classes: 0 non-forest, 1 natural forest, 2 plantation/tea, 3 water
]]></description><styleUrl>#forest_loss</styleUrl><Point><coordinates>90.258737,24.157892,0</coordinates></Point></Placemark>
<Placemark><name>GAZ-0338</name><description><![CDATA[
<b>GAZ-0338</b><br/>
stratum: forest_loss<br/>
lat, lon: 24.172445, 90.401300<br/>
<hr/>
Record your answer in:<br/>
<code>data/reference/interpretation_gazipur_author_b.csv</code><br/><br/>
Fields: class_t0, class_t3, confidence, notes<br/>
Classes: 0 non-forest, 1 natural forest, 2 plantation/tea, 3 water
]]></description><styleUrl>#forest_loss</styleUrl><Point><coordinates>90.401300,24.172445,0</coordinates></Point></Placemark>
<Placemark><name>GAZ-0339</name><description><![CDATA[
<b>GAZ-0339</b><br/>
stratum: forest_loss<br/>
lat, lon: 24.087554, 90.379740<br/>
<hr/>
Record your answer in:<br/>
<code>data/reference/interpretation_gazipur_author_b.csv</code><br/><br/>
Fields: class_t0, class_t3, confidence, notes<br/>
Classes: 0 non-forest, 1 natural forest, 2 plantation/tea, 3 water
]]></description><styleUrl>#forest_loss</styleUrl><Point><coordinates>90.379740,24.087554,0</coordinates></Point></Placemark>
<Placemark><name>GAZ-0340</name><description><![CDATA[
<b>GAZ-0340</b><br/>
stratum: forest_loss<br/>
lat, lon: 23.889476, 90.480801<br/>
<hr/>
Record your answer in:<br/>
<code>data/reference/interpretation_gazipur_author_b.csv</code><br/><br/>
Fields: class_t0, class_t3, confidence, notes<br/>
Classes: 0 non-forest, 1 natural forest, 2 plantation/tea, 3 water
]]></description><styleUrl>#forest_loss</styleUrl><Point><coordinates>90.480801,23.889476,0</coordinates></Point></Placemark>
<Placemark><name>GAZ-0341</name><description><![CDATA[
<b>GAZ-0341</b><br/>
stratum: forest_loss<br/>
lat, lon: 24.092944, 90.299431<br/>
<hr/>
Record your answer in:<br/>
<code>data/reference/interpretation_gazipur_author_b.csv</code><br/><br/>
Fields: class_t0, class_t3, confidence, notes<br/>
Classes: 0 non-forest, 1 natural forest, 2 plantation/tea, 3 water
]]></description><styleUrl>#forest_loss</styleUrl><Point><coordinates>90.299431,24.092944,0</coordinates></Point></Placemark>
<Placemark><name>GAZ-0342</name><description><![CDATA[
<b>GAZ-0342</b><br/>
stratum: forest_loss<br/>
lat, lon: 24.184572, 90.243376<br/>
<hr/>
Record your answer in:<br/>
<code>data/reference/interpretation_gazipur_author_b.csv</code><br/><br/>
Fields: class_t0, class_t3, confidence, notes<br/>
Classes: 0 non-forest, 1 natural forest, 2 plantation/tea, 3 water
]]></description><styleUrl>#forest_loss</styleUrl><Point><coordinates>90.243376,24.184572,0</coordinates></Point></Placemark>
<Placemark><name>GAZ-0343</name><description><![CDATA[
<b>GAZ-0343</b><br/>
stratum: forest_loss<br/>
lat, lon: 24.273505, 90.357372<br/>
<hr/>
Record your answer in:<br/>
<code>data/reference/interpretation_gazipur_author_b.csv</code><br/><br/>
Fields: class_t0, class_t3, confidence, notes<br/>
Classes: 0 non-forest, 1 natural forest, 2 plantation/tea, 3 water
]]></description><styleUrl>#forest_loss</styleUrl><Point><coordinates>90.357372,24.273505,0</coordinates></Point></Placemark>
<Placemark><name>GAZ-0344</name><description><![CDATA[
<b>GAZ-0344</b><br/>
stratum: forest_loss<br/>
lat, lon: 24.246017, 90.421242<br/>
<hr/>
Record your answer in:<br/>
<code>data/reference/interpretation_gazipur_author_b.csv</code><br/><br/>
Fields: class_t0, class_t3, confidence, notes<br/>
Classes: 0 non-forest, 1 natural forest, 2 plantation/tea, 3 water
]]></description><styleUrl>#forest_loss</styleUrl><Point><coordinates>90.421242,24.246017,0</coordinates></Point></Placemark>
<Placemark><name>GAZ-0345</name><description><![CDATA[
<b>GAZ-0345</b><br/>
stratum: forest_loss<br/>
lat, lon: 24.152233, 90.386208<br/>
<hr/>
Record your answer in:<br/>
<code>data/reference/interpretation_gazipur_author_b.csv</code><br/><br/>
Fields: class_t0, class_t3, confidence, notes<br/>
Classes: 0 non-forest, 1 natural forest, 2 plantation/tea, 3 water
]]></description><styleUrl>#forest_loss</styleUrl><Point><coordinates>90.386208,24.152233,0</coordinates></Point></Placemark>
<Placemark><name>GAZ-0346</name><description><![CDATA[
<b>GAZ-0346</b><br/>
stratum: forest_loss<br/>
lat, lon: 24.070037, 90.450078<br/>
<hr/>
Record your answer in:<br/>
<code>data/reference/interpretation_gazipur_author_b.csv</code><br/><br/>
Fields: class_t0, class_t3, confidence, notes<br/>
Classes: 0 non-forest, 1 natural forest, 2 plantation/tea, 3 water
]]></description><styleUrl>#forest_loss</styleUrl><Point><coordinates>90.450078,24.070037,0</coordinates></Point></Placemark>
<Placemark><name>GAZ-0347</name><description><![CDATA[
<b>GAZ-0347</b><br/>
stratum: forest_loss<br/>
lat, lon: 23.889745, 90.481070<br/>
<hr/>
Record your answer in:<br/>
<code>data/reference/interpretation_gazipur_author_b.csv</code><br/><br/>
Fields: class_t0, class_t3, confidence, notes<br/>
Classes: 0 non-forest, 1 natural forest, 2 plantation/tea, 3 water
]]></description><styleUrl>#forest_loss</styleUrl><Point><coordinates>90.481070,23.889745,0</coordinates></Point></Placemark>
<Placemark><name>GAZ-0348</name><description><![CDATA[
<b>GAZ-0348</b><br/>
stratum: forest_loss<br/>
lat, lon: 23.890554, 90.481340<br/>
<hr/>
Record your answer in:<br/>
<code>data/reference/interpretation_gazipur_author_b.csv</code><br/><br/>
Fields: class_t0, class_t3, confidence, notes<br/>
Classes: 0 non-forest, 1 natural forest, 2 plantation/tea, 3 water
]]></description><styleUrl>#forest_loss</styleUrl><Point><coordinates>90.481340,23.890554,0</coordinates></Point></Placemark>
<Placemark><name>GAZ-0349</name><description><![CDATA[
<b>GAZ-0349</b><br/>
stratum: forest_loss<br/>
lat, lon: 24.210983, 90.290268<br/>
<hr/>
Record your answer in:<br/>
<code>data/reference/interpretation_gazipur_author_b.csv</code><br/><br/>
Fields: class_t0, class_t3, confidence, notes<br/>
Classes: 0 non-forest, 1 natural forest, 2 plantation/tea, 3 water
]]></description><styleUrl>#forest_loss</styleUrl><Point><coordinates>90.290268,24.210983,0</coordinates></Point></Placemark>
<Placemark><name>GAZ-0350</name><description><![CDATA[
<b>GAZ-0350</b><br/>
stratum: forest_loss<br/>
lat, lon: 24.211522, 90.338238<br/>
<hr/>
Record your answer in:<br/>
<code>data/reference/interpretation_gazipur_author_b.csv</code><br/><br/>
Fields: class_t0, class_t3, confidence, notes<br/>
Classes: 0 non-forest, 1 natural forest, 2 plantation/tea, 3 water
]]></description><styleUrl>#forest_loss</styleUrl><Point><coordinates>90.338238,24.211522,0</coordinates></Point></Placemark>
<Placemark><name>GAZ-0351</name><description><![CDATA[
<b>GAZ-0351</b><br/>
stratum: forest_loss<br/>
lat, lon: 24.134716, 90.364918<br/>
<hr/>
Record your answer in:<br/>
<code>data/reference/interpretation_gazipur_author_b.csv</code><br/><br/>
Fields: class_t0, class_t3, confidence, notes<br/>
Classes: 0 non-forest, 1 natural forest, 2 plantation/tea, 3 water
]]></description><styleUrl>#forest_loss</styleUrl><Point><coordinates>90.364918,24.134716,0</coordinates></Point></Placemark>
<Placemark><name>GAZ-0352</name><description><![CDATA[
<b>GAZ-0352</b><br/>
stratum: forest_loss<br/>
lat, lon: 24.214756, 90.323416<br/>
<hr/>
Record your answer in:<br/>
<code>data/reference/interpretation_gazipur_author_b.csv</code><br/><br/>
Fields: class_t0, class_t3, confidence, notes<br/>
Classes: 0 non-forest, 1 natural forest, 2 plantation/tea, 3 water
]]></description><styleUrl>#forest_loss</styleUrl><Point><coordinates>90.323416,24.214756,0</coordinates></Point></Placemark>
<Placemark><name>GAZ-0353</name><description><![CDATA[
<b>GAZ-0353</b><br/>
stratum: forest_loss<br/>
lat, lon: 24.094022, 90.299161<br/>
<hr/>
Record your answer in:<br/>
<code>data/reference/interpretation_gazipur_author_b.csv</code><br/><br/>
Fields: class_t0, class_t3, confidence, notes<br/>
Classes: 0 non-forest, 1 natural forest, 2 plantation/tea, 3 water
]]></description><styleUrl>#forest_loss</styleUrl><Point><coordinates>90.299161,24.094022,0</coordinates></Point></Placemark>
<Placemark><name>GAZ-0354</name><description><![CDATA[
<b>GAZ-0354</b><br/>
stratum: forest_loss<br/>
lat, lon: 24.078122, 90.240142<br/>
<hr/>
Record your answer in:<br/>
<code>data/reference/interpretation_gazipur_author_b.csv</code><br/><br/>
Fields: class_t0, class_t3, confidence, notes<br/>
Classes: 0 non-forest, 1 natural forest, 2 plantation/tea, 3 water
]]></description><styleUrl>#forest_loss</styleUrl><Point><coordinates>90.240142,24.078122,0</coordinates></Point></Placemark>
<Placemark><name>GAZ-0355</name><description><![CDATA[
<b>GAZ-0355</b><br/>
stratum: forest_loss<br/>
lat, lon: 24.237393, 90.443071<br/>
<hr/>
Record your answer in:<br/>
<code>data/reference/interpretation_gazipur_author_b.csv</code><br/><br/>
Fields: class_t0, class_t3, confidence, notes<br/>
Classes: 0 non-forest, 1 natural forest, 2 plantation/tea, 3 water
]]></description><styleUrl>#forest_loss</styleUrl><Point><coordinates>90.443071,24.237393,0</coordinates></Point></Placemark>
<Placemark><name>GAZ-0356</name><description><![CDATA[
<b>GAZ-0356</b><br/>
stratum: forest_loss<br/>
lat, lon: 24.054137, 90.236100<br/>
<hr/>
Record your answer in:<br/>
<code>data/reference/interpretation_gazipur_author_b.csv</code><br/><br/>
Fields: class_t0, class_t3, confidence, notes<br/>
Classes: 0 non-forest, 1 natural forest, 2 plantation/tea, 3 water
]]></description><styleUrl>#forest_loss</styleUrl><Point><coordinates>90.236100,24.054137,0</coordinates></Point></Placemark>
<Placemark><name>GAZ-0357</name><description><![CDATA[
<b>GAZ-0357</b><br/>
stratum: forest_loss<br/>
lat, lon: 24.238471, 90.297814<br/>
<hr/>
Record your answer in:<br/>
<code>data/reference/interpretation_gazipur_author_b.csv</code><br/><br/>
Fields: class_t0, class_t3, confidence, notes<br/>
Classes: 0 non-forest, 1 natural forest, 2 plantation/tea, 3 water
]]></description><styleUrl>#forest_loss</styleUrl><Point><coordinates>90.297814,24.238471,0</coordinates></Point></Placemark>
<Placemark><name>GAZ-0358</name><description><![CDATA[
<b>GAZ-0358</b><br/>
stratum: forest_loss<br/>
lat, lon: 24.037159, 90.280297<br/>
<hr/>
Record your answer in:<br/>
<code>data/reference/interpretation_gazipur_author_b.csv</code><br/><br/>
Fields: class_t0, class_t3, confidence, notes<br/>
Classes: 0 non-forest, 1 natural forest, 2 plantation/tea, 3 water
]]></description><styleUrl>#forest_loss</styleUrl><Point><coordinates>90.280297,24.037159,0</coordinates></Point></Placemark>
<Placemark><name>GAZ-0359</name><description><![CDATA[
<b>GAZ-0359</b><br/>
stratum: forest_loss<br/>
lat, lon: 24.070845, 90.448461<br/>
<hr/>
Record your answer in:<br/>
<code>data/reference/interpretation_gazipur_author_b.csv</code><br/><br/>
Fields: class_t0, class_t3, confidence, notes<br/>
Classes: 0 non-forest, 1 natural forest, 2 plantation/tea, 3 water
]]></description><styleUrl>#forest_loss</styleUrl><Point><coordinates>90.448461,24.070845,0</coordinates></Point></Placemark>
<Placemark><name>GAZ-0360</name><description><![CDATA[
<b>GAZ-0360</b><br/>
stratum: forest_loss<br/>
lat, lon: 24.218529, 90.294580<br/>
<hr/>
Record your answer in:<br/>
<code>data/reference/interpretation_gazipur_author_b.csv</code><br/><br/>
Fields: class_t0, class_t3, confidence, notes<br/>
Classes: 0 non-forest, 1 natural forest, 2 plantation/tea, 3 water
]]></description><styleUrl>#forest_loss</styleUrl><Point><coordinates>90.294580,24.218529,0</coordinates></Point></Placemark>
<Placemark><name>GAZ-0361</name><description><![CDATA[
<b>GAZ-0361</b><br/>
stratum: forest_loss<br/>
lat, lon: 24.187267, 90.345514<br/>
<hr/>
Record your answer in:<br/>
<code>data/reference/interpretation_gazipur_author_b.csv</code><br/><br/>
Fields: class_t0, class_t3, confidence, notes<br/>
Classes: 0 non-forest, 1 natural forest, 2 plantation/tea, 3 water
]]></description><styleUrl>#forest_loss</styleUrl><Point><coordinates>90.345514,24.187267,0</coordinates></Point></Placemark>
<Placemark><name>GAZ-0362</name><description><![CDATA[
<b>GAZ-0362</b><br/>
stratum: forest_loss<br/>
lat, lon: 24.164630, 90.268169<br/>
<hr/>
Record your answer in:<br/>
<code>data/reference/interpretation_gazipur_author_b.csv</code><br/><br/>
Fields: class_t0, class_t3, confidence, notes<br/>
Classes: 0 non-forest, 1 natural forest, 2 plantation/tea, 3 water
]]></description><styleUrl>#forest_loss</styleUrl><Point><coordinates>90.268169,24.164630,0</coordinates></Point></Placemark>
<Placemark><name>GAZ-0363</name><description><![CDATA[
<b>GAZ-0363</b><br/>
stratum: forest_loss<br/>
lat, lon: 24.191849, 90.402378<br/>
<hr/>
Record your answer in:<br/>
<code>data/reference/interpretation_gazipur_author_b.csv</code><br/><br/>
Fields: class_t0, class_t3, confidence, notes<br/>
Classes: 0 non-forest, 1 natural forest, 2 plantation/tea, 3 water
]]></description><styleUrl>#forest_loss</styleUrl><Point><coordinates>90.402378,24.191849,0</coordinates></Point></Placemark>
<Placemark><name>GAZ-0364</name><description><![CDATA[
<b>GAZ-0364</b><br/>
stratum: forest_loss<br/>
lat, lon: 24.183225, 90.397527<br/>
<hr/>
Record your answer in:<br/>
<code>data/reference/interpretation_gazipur_author_b.csv</code><br/><br/>
Fields: class_t0, class_t3, confidence, notes<br/>
Classes: 0 non-forest, 1 natural forest, 2 plantation/tea, 3 water
]]></description><styleUrl>#forest_loss</styleUrl><Point><coordinates>90.397527,24.183225,0</coordinates></Point></Placemark>
<Placemark><name>GAZ-0365</name><description><![CDATA[
<b>GAZ-0365</b><br/>
stratum: forest_loss<br/>
lat, lon: 24.154389, 90.366535<br/>
<hr/>
Record your answer in:<br/>
<code>data/reference/interpretation_gazipur_author_b.csv</code><br/><br/>
Fields: class_t0, class_t3, confidence, notes<br/>
Classes: 0 non-forest, 1 natural forest, 2 plantation/tea, 3 water
]]></description><styleUrl>#forest_loss</styleUrl><Point><coordinates>90.366535,24.154389,0</coordinates></Point></Placemark>
<Placemark><name>GAZ-0366</name><description><![CDATA[
<b>GAZ-0366</b><br/>
stratum: forest_loss<br/>
lat, lon: 24.162204, 90.251461<br/>
<hr/>
Record your answer in:<br/>
<code>data/reference/interpretation_gazipur_author_b.csv</code><br/><br/>
Fields: class_t0, class_t3, confidence, notes<br/>
Classes: 0 non-forest, 1 natural forest, 2 plantation/tea, 3 water
]]></description><styleUrl>#forest_loss</styleUrl><Point><coordinates>90.251461,24.162204,0</coordinates></Point></Placemark>
<Placemark><name>GAZ-0367</name><description><![CDATA[
<b>GAZ-0367</b><br/>
stratum: forest_loss<br/>
lat, lon: 24.072193, 90.450617<br/>
<hr/>
Record your answer in:<br/>
<code>data/reference/interpretation_gazipur_author_b.csv</code><br/><br/>
Fields: class_t0, class_t3, confidence, notes<br/>
Classes: 0 non-forest, 1 natural forest, 2 plantation/tea, 3 water
]]></description><styleUrl>#forest_loss</styleUrl><Point><coordinates>90.450617,24.072193,0</coordinates></Point></Placemark>
<Placemark><name>GAZ-0368</name><description><![CDATA[
<b>GAZ-0368</b><br/>
stratum: forest_loss<br/>
lat, lon: 24.093214, 90.372733<br/>
<hr/>
Record your answer in:<br/>
<code>data/reference/interpretation_gazipur_author_b.csv</code><br/><br/>
Fields: class_t0, class_t3, confidence, notes<br/>
Classes: 0 non-forest, 1 natural forest, 2 plantation/tea, 3 water
]]></description><styleUrl>#forest_loss</styleUrl><Point><coordinates>90.372733,24.093214,0</coordinates></Point></Placemark>
<Placemark><name>GAZ-0369</name><description><![CDATA[
<b>GAZ-0369</b><br/>
stratum: forest_loss<br/>
lat, lon: 24.230925, 90.306168<br/>
<hr/>
Record your answer in:<br/>
<code>data/reference/interpretation_gazipur_author_b.csv</code><br/><br/>
Fields: class_t0, class_t3, confidence, notes<br/>
Classes: 0 non-forest, 1 natural forest, 2 plantation/tea, 3 water
]]></description><styleUrl>#forest_loss</styleUrl><Point><coordinates>90.306168,24.230925,0</coordinates></Point></Placemark>
<Placemark><name>GAZ-0370</name><description><![CDATA[
<b>GAZ-0370</b><br/>
stratum: forest_loss<br/>
lat, lon: 24.308001, 90.451426<br/>
<hr/>
Record your answer in:<br/>
<code>data/reference/interpretation_gazipur_author_b.csv</code><br/><br/>
Fields: class_t0, class_t3, confidence, notes<br/>
Classes: 0 non-forest, 1 natural forest, 2 plantation/tea, 3 water
]]></description><styleUrl>#forest_loss</styleUrl><Point><coordinates>90.451426,24.308001,0</coordinates></Point></Placemark>
<Placemark><name>GAZ-0371</name><description><![CDATA[
<b>GAZ-0371</b><br/>
stratum: forest_loss<br/>
lat, lon: 24.152233, 90.274368<br/>
<hr/>
Record your answer in:<br/>
<code>data/reference/interpretation_gazipur_author_b.csv</code><br/><br/>
Fields: class_t0, class_t3, confidence, notes<br/>
Classes: 0 non-forest, 1 natural forest, 2 plantation/tea, 3 water
]]></description><styleUrl>#forest_loss</styleUrl><Point><coordinates>90.274368,24.152233,0</coordinates></Point></Placemark>
<Placemark><name>GAZ-0372</name><description><![CDATA[
<b>GAZ-0372</b><br/>
stratum: forest_loss<br/>
lat, lon: 24.161126, 90.259815<br/>
<hr/>
Record your answer in:<br/>
<code>data/reference/interpretation_gazipur_author_b.csv</code><br/><br/>
Fields: class_t0, class_t3, confidence, notes<br/>
Classes: 0 non-forest, 1 natural forest, 2 plantation/tea, 3 water
]]></description><styleUrl>#forest_loss</styleUrl><Point><coordinates>90.259815,24.161126,0</coordinates></Point></Placemark>
<Placemark><name>GAZ-0373</name><description><![CDATA[
<b>GAZ-0373</b><br/>
stratum: forest_loss<br/>
lat, lon: 24.158970, 90.263049<br/>
<hr/>
Record your answer in:<br/>
<code>data/reference/interpretation_gazipur_author_b.csv</code><br/><br/>
Fields: class_t0, class_t3, confidence, notes<br/>
Classes: 0 non-forest, 1 natural forest, 2 plantation/tea, 3 water
]]></description><styleUrl>#forest_loss</styleUrl><Point><coordinates>90.263049,24.158970,0</coordinates></Point></Placemark>
<Placemark><name>GAZ-0374</name><description><![CDATA[
<b>GAZ-0374</b><br/>
stratum: forest_loss<br/>
lat, lon: 24.155197, 90.265205<br/>
<hr/>
Record your answer in:<br/>
<code>data/reference/interpretation_gazipur_author_b.csv</code><br/><br/>
Fields: class_t0, class_t3, confidence, notes<br/>
Classes: 0 non-forest, 1 natural forest, 2 plantation/tea, 3 water
]]></description><styleUrl>#forest_loss</styleUrl><Point><coordinates>90.265205,24.155197,0</coordinates></Point></Placemark>
<Placemark><name>GAZ-0375</name><description><![CDATA[
<b>GAZ-0375</b><br/>
stratum: forest_loss<br/>
lat, lon: 24.246825, 90.297814<br/>
<hr/>
Record your answer in:<br/>
<code>data/reference/interpretation_gazipur_author_b.csv</code><br/><br/>
Fields: class_t0, class_t3, confidence, notes<br/>
Classes: 0 non-forest, 1 natural forest, 2 plantation/tea, 3 water
]]></description><styleUrl>#forest_loss</styleUrl><Point><coordinates>90.297814,24.246825,0</coordinates></Point></Placemark>
<Placemark><name>GAZ-0376</name><description><![CDATA[
<b>GAZ-0376</b><br/>
stratum: forest_loss<br/>
lat, lon: 24.173253, 90.393484<br/>
<hr/>
Record your answer in:<br/>
<code>data/reference/interpretation_gazipur_author_b.csv</code><br/><br/>
Fields: class_t0, class_t3, confidence, notes<br/>
Classes: 0 non-forest, 1 natural forest, 2 plantation/tea, 3 water
]]></description><styleUrl>#forest_loss</styleUrl><Point><coordinates>90.393484,24.173253,0</coordinates></Point></Placemark>
<Placemark><name>GAZ-0377</name><description><![CDATA[
<b>GAZ-0377</b><br/>
stratum: forest_loss<br/>
lat, lon: 24.199394, 90.318834<br/>
<hr/>
Record your answer in:<br/>
<code>data/reference/interpretation_gazipur_author_b.csv</code><br/><br/>
Fields: class_t0, class_t3, confidence, notes<br/>
Classes: 0 non-forest, 1 natural forest, 2 plantation/tea, 3 water
]]></description><styleUrl>#forest_loss</styleUrl><Point><coordinates>90.318834,24.199394,0</coordinates></Point></Placemark>
<Placemark><name>GAZ-0378</name><description><![CDATA[
<b>GAZ-0378</b><br/>
stratum: forest_loss<br/>
lat, lon: 24.262726, 90.464362<br/>
<hr/>
Record your answer in:<br/>
<code>data/reference/interpretation_gazipur_author_b.csv</code><br/><br/>
Fields: class_t0, class_t3, confidence, notes<br/>
Classes: 0 non-forest, 1 natural forest, 2 plantation/tea, 3 water
]]></description><styleUrl>#forest_loss</styleUrl><Point><coordinates>90.464362,24.262726,0</coordinates></Point></Placemark>
<Placemark><name>GAZ-0379</name><description><![CDATA[
<b>GAZ-0379</b><br/>
stratum: forest_loss<br/>
lat, lon: 24.161665, 90.270056<br/>
<hr/>
Record your answer in:<br/>
<code>data/reference/interpretation_gazipur_author_b.csv</code><br/><br/>
Fields: class_t0, class_t3, confidence, notes<br/>
Classes: 0 non-forest, 1 natural forest, 2 plantation/tea, 3 water
]]></description><styleUrl>#forest_loss</styleUrl><Point><coordinates>90.270056,24.161665,0</coordinates></Point></Placemark>
<Placemark><name>GAZ-0380</name><description><![CDATA[
<b>GAZ-0380</b><br/>
stratum: forest_loss<br/>
lat, lon: 24.119085, 90.385130<br/>
<hr/>
Record your answer in:<br/>
<code>data/reference/interpretation_gazipur_author_b.csv</code><br/><br/>
Fields: class_t0, class_t3, confidence, notes<br/>
Classes: 0 non-forest, 1 natural forest, 2 plantation/tea, 3 water
]]></description><styleUrl>#forest_loss</styleUrl><Point><coordinates>90.385130,24.119085,0</coordinates></Point></Placemark>
<Placemark><name>GAZ-0381</name><description><![CDATA[
<b>GAZ-0381</b><br/>
stratum: forest_loss<br/>
lat, lon: 24.174062, 90.279219<br/>
<hr/>
Record your answer in:<br/>
<code>data/reference/interpretation_gazipur_author_b.csv</code><br/><br/>
Fields: class_t0, class_t3, confidence, notes<br/>
Classes: 0 non-forest, 1 natural forest, 2 plantation/tea, 3 water
]]></description><styleUrl>#forest_loss</styleUrl><Point><coordinates>90.279219,24.174062,0</coordinates></Point></Placemark>
<Placemark><name>GAZ-0382</name><description><![CDATA[
<b>GAZ-0382</b><br/>
stratum: forest_loss<br/>
lat, lon: 24.136602, 90.390520<br/>
<hr/>
Record your answer in:<br/>
<code>data/reference/interpretation_gazipur_author_b.csv</code><br/><br/>
Fields: class_t0, class_t3, confidence, notes<br/>
Classes: 0 non-forest, 1 natural forest, 2 plantation/tea, 3 water
]]></description><styleUrl>#forest_loss</styleUrl><Point><coordinates>90.390520,24.136602,0</coordinates></Point></Placemark>
<Placemark><name>GAZ-0383</name><description><![CDATA[
<b>GAZ-0383</b><br/>
stratum: forest_loss<br/>
lat, lon: 24.169481, 90.414774<br/>
<hr/>
Record your answer in:<br/>
<code>data/reference/interpretation_gazipur_author_b.csv</code><br/><br/>
Fields: class_t0, class_t3, confidence, notes<br/>
Classes: 0 non-forest, 1 natural forest, 2 plantation/tea, 3 water
]]></description><styleUrl>#forest_loss</styleUrl><Point><coordinates>90.414774,24.169481,0</coordinates></Point></Placemark>
<Placemark><name>GAZ-0384</name><description><![CDATA[
<b>GAZ-0384</b><br/>
stratum: forest_loss<br/>
lat, lon: 24.279434, 90.388364<br/>
<hr/>
Record your answer in:<br/>
<code>data/reference/interpretation_gazipur_author_b.csv</code><br/><br/>
Fields: class_t0, class_t3, confidence, notes<br/>
Classes: 0 non-forest, 1 natural forest, 2 plantation/tea, 3 water
]]></description><styleUrl>#forest_loss</styleUrl><Point><coordinates>90.388364,24.279434,0</coordinates></Point></Placemark>
<Placemark><name>GAZ-0385</name><description><![CDATA[
<b>GAZ-0385</b><br/>
stratum: forest_loss<br/>
lat, lon: 24.249251, 90.486730<br/>
<hr/>
Record your answer in:<br/>
<code>data/reference/interpretation_gazipur_author_b.csv</code><br/><br/>
Fields: class_t0, class_t3, confidence, notes<br/>
Classes: 0 non-forest, 1 natural forest, 2 plantation/tea, 3 water
]]></description><styleUrl>#forest_loss</styleUrl><Point><coordinates>90.486730,24.249251,0</coordinates></Point></Placemark>
<Placemark><name>GAZ-0386</name><description><![CDATA[
<b>GAZ-0386</b><br/>
stratum: forest_loss<br/>
lat, lon: 24.220145, 90.510984<br/>
<hr/>
Record your answer in:<br/>
<code>data/reference/interpretation_gazipur_author_b.csv</code><br/><br/>
Fields: class_t0, class_t3, confidence, notes<br/>
Classes: 0 non-forest, 1 natural forest, 2 plantation/tea, 3 water
]]></description><styleUrl>#forest_loss</styleUrl><Point><coordinates>90.510984,24.220145,0</coordinates></Point></Placemark>
<Placemark><name>GAZ-0387</name><description><![CDATA[
<b>GAZ-0387</b><br/>
stratum: forest_loss<br/>
lat, lon: 24.058179, 90.233405<br/>
<hr/>
Record your answer in:<br/>
<code>data/reference/interpretation_gazipur_author_b.csv</code><br/><br/>
Fields: class_t0, class_t3, confidence, notes<br/>
Classes: 0 non-forest, 1 natural forest, 2 plantation/tea, 3 water
]]></description><styleUrl>#forest_loss</styleUrl><Point><coordinates>90.233405,24.058179,0</coordinates></Point></Placemark>
<Placemark><name>GAZ-0388</name><description><![CDATA[
<b>GAZ-0388</b><br/>
stratum: forest_loss<br/>
lat, lon: 24.057101, 90.451965<br/>
<hr/>
Record your answer in:<br/>
<code>data/reference/interpretation_gazipur_author_b.csv</code><br/><br/>
Fields: class_t0, class_t3, confidence, notes<br/>
Classes: 0 non-forest, 1 natural forest, 2 plantation/tea, 3 water
]]></description><styleUrl>#forest_loss</styleUrl><Point><coordinates>90.451965,24.057101,0</coordinates></Point></Placemark>
<Placemark><name>GAZ-0389</name><description><![CDATA[
<b>GAZ-0389</b><br/>
stratum: forest_loss<br/>
lat, lon: 24.034733, 90.596683<br/>
<hr/>
Record your answer in:<br/>
<code>data/reference/interpretation_gazipur_author_b.csv</code><br/><br/>
Fields: class_t0, class_t3, confidence, notes<br/>
Classes: 0 non-forest, 1 natural forest, 2 plantation/tea, 3 water
]]></description><styleUrl>#forest_loss</styleUrl><Point><coordinates>90.596683,24.034733,0</coordinates></Point></Placemark>
<Placemark><name>GAZ-0390</name><description><![CDATA[
<b>GAZ-0390</b><br/>
stratum: forest_loss<br/>
lat, lon: 24.081625, 90.321529<br/>
<hr/>
Record your answer in:<br/>
<code>data/reference/interpretation_gazipur_author_b.csv</code><br/><br/>
Fields: class_t0, class_t3, confidence, notes<br/>
Classes: 0 non-forest, 1 natural forest, 2 plantation/tea, 3 water
]]></description><styleUrl>#forest_loss</styleUrl><Point><coordinates>90.321529,24.081625,0</coordinates></Point></Placemark>
<Placemark><name>GAZ-0391</name><description><![CDATA[
<b>GAZ-0391</b><br/>
stratum: forest_loss<br/>
lat, lon: 24.104263, 90.512601<br/>
<hr/>
Record your answer in:<br/>
<code>data/reference/interpretation_gazipur_author_b.csv</code><br/><br/>
Fields: class_t0, class_t3, confidence, notes<br/>
Classes: 0 non-forest, 1 natural forest, 2 plantation/tea, 3 water
]]></description><styleUrl>#forest_loss</styleUrl><Point><coordinates>90.512601,24.104263,0</coordinates></Point></Placemark>
<Placemark><name>GAZ-0392</name><description><![CDATA[
<b>GAZ-0392</b><br/>
stratum: forest_loss<br/>
lat, lon: 24.202628, 90.315331<br/>
<hr/>
Record your answer in:<br/>
<code>data/reference/interpretation_gazipur_author_b.csv</code><br/><br/>
Fields: class_t0, class_t3, confidence, notes<br/>
Classes: 0 non-forest, 1 natural forest, 2 plantation/tea, 3 water
]]></description><styleUrl>#forest_loss</styleUrl><Point><coordinates>90.315331,24.202628,0</coordinates></Point></Placemark>
<Placemark><name>GAZ-0393</name><description><![CDATA[
<b>GAZ-0393</b><br/>
stratum: forest_loss<br/>
lat, lon: 24.161665, 90.230710<br/>
<hr/>
Record your answer in:<br/>
<code>data/reference/interpretation_gazipur_author_b.csv</code><br/><br/>
Fields: class_t0, class_t3, confidence, notes<br/>
Classes: 0 non-forest, 1 natural forest, 2 plantation/tea, 3 water
]]></description><styleUrl>#forest_loss</styleUrl><Point><coordinates>90.230710,24.161665,0</coordinates></Point></Placemark>
<Placemark><name>GAZ-0394</name><description><![CDATA[
<b>GAZ-0394</b><br/>
stratum: forest_loss<br/>
lat, lon: 24.122319, 90.261163<br/>
<hr/>
Record your answer in:<br/>
<code>data/reference/interpretation_gazipur_author_b.csv</code><br/><br/>
Fields: class_t0, class_t3, confidence, notes<br/>
Classes: 0 non-forest, 1 natural forest, 2 plantation/tea, 3 water
]]></description><styleUrl>#forest_loss</styleUrl><Point><coordinates>90.261163,24.122319,0</coordinates></Point></Placemark>
<Placemark><name>GAZ-0395</name><description><![CDATA[
<b>GAZ-0395</b><br/>
stratum: forest_loss<br/>
lat, lon: 24.079739, 90.290537<br/>
<hr/>
Record your answer in:<br/>
<code>data/reference/interpretation_gazipur_author_b.csv</code><br/><br/>
Fields: class_t0, class_t3, confidence, notes<br/>
Classes: 0 non-forest, 1 natural forest, 2 plantation/tea, 3 water
]]></description><styleUrl>#forest_loss</styleUrl><Point><coordinates>90.290537,24.079739,0</coordinates></Point></Placemark>
<Placemark><name>GAZ-0396</name><description><![CDATA[
<b>GAZ-0396</b><br/>
stratum: forest_loss<br/>
lat, lon: 24.263534, 90.495892<br/>
<hr/>
Record your answer in:<br/>
<code>data/reference/interpretation_gazipur_author_b.csv</code><br/><br/>
Fields: class_t0, class_t3, confidence, notes<br/>
Classes: 0 non-forest, 1 natural forest, 2 plantation/tea, 3 water
]]></description><styleUrl>#forest_loss</styleUrl><Point><coordinates>90.495892,24.263534,0</coordinates></Point></Placemark>
<Placemark><name>GAZ-0397</name><description><![CDATA[
<b>GAZ-0397</b><br/>
stratum: forest_loss<br/>
lat, lon: 24.184572, 90.548713<br/>
<hr/>
Record your answer in:<br/>
<code>data/reference/interpretation_gazipur_author_b.csv</code><br/><br/>
Fields: class_t0, class_t3, confidence, notes<br/>
Classes: 0 non-forest, 1 natural forest, 2 plantation/tea, 3 water
]]></description><styleUrl>#forest_loss</styleUrl><Point><coordinates>90.548713,24.184572,0</coordinates></Point></Placemark>
<Placemark><name>GAZ-0398</name><description><![CDATA[
<b>GAZ-0398</b><br/>
stratum: forest_loss<br/>
lat, lon: 24.127709, 90.326650<br/>
<hr/>
Record your answer in:<br/>
<code>data/reference/interpretation_gazipur_author_b.csv</code><br/><br/>
Fields: class_t0, class_t3, confidence, notes<br/>
Classes: 0 non-forest, 1 natural forest, 2 plantation/tea, 3 water
]]></description><styleUrl>#forest_loss</styleUrl><Point><coordinates>90.326650,24.127709,0</coordinates></Point></Placemark>
<Placemark><name>GAZ-0399</name><description><![CDATA[
<b>GAZ-0399</b><br/>
stratum: forest_loss<br/>
lat, lon: 24.147921, 90.236100<br/>
<hr/>
Record your answer in:<br/>
<code>data/reference/interpretation_gazipur_author_b.csv</code><br/><br/>
Fields: class_t0, class_t3, confidence, notes<br/>
Classes: 0 non-forest, 1 natural forest, 2 plantation/tea, 3 water
]]></description><styleUrl>#forest_loss</styleUrl><Point><coordinates>90.236100,24.147921,0</coordinates></Point></Placemark>
<Placemark><name>GAZ-0400</name><description><![CDATA[
<b>GAZ-0400</b><br/>
stratum: forest_loss<br/>
lat, lon: 24.095639, 90.426632<br/>
<hr/>
Record your answer in:<br/>
<code>data/reference/interpretation_gazipur_author_b.csv</code><br/><br/>
Fields: class_t0, class_t3, confidence, notes<br/>
Classes: 0 non-forest, 1 natural forest, 2 plantation/tea, 3 water
]]></description><styleUrl>#forest_loss</styleUrl><Point><coordinates>90.426632,24.095639,0</coordinates></Point></Placemark>
<Placemark><name>GAZ-0401</name><description><![CDATA[
<b>GAZ-0401</b><br/>
stratum: forest_loss<br/>
lat, lon: 23.978139, 90.311558<br/>
<hr/>
Record your answer in:<br/>
<code>data/reference/interpretation_gazipur_author_b.csv</code><br/><br/>
Fields: class_t0, class_t3, confidence, notes<br/>
Classes: 0 non-forest, 1 natural forest, 2 plantation/tea, 3 water
]]></description><styleUrl>#forest_loss</styleUrl><Point><coordinates>90.311558,23.978139,0</coordinates></Point></Placemark>
<Placemark><name>GAZ-0402</name><description><![CDATA[
<b>GAZ-0402</b><br/>
stratum: forest_loss<br/>
lat, lon: 23.863065, 90.500474<br/>
<hr/>
Record your answer in:<br/>
<code>data/reference/interpretation_gazipur_author_b.csv</code><br/><br/>
Fields: class_t0, class_t3, confidence, notes<br/>
Classes: 0 non-forest, 1 natural forest, 2 plantation/tea, 3 water
]]></description><styleUrl>#forest_loss</styleUrl><Point><coordinates>90.500474,23.863065,0</coordinates></Point></Placemark>
<Placemark><name>GAZ-0403</name><description><![CDATA[
<b>GAZ-0403</b><br/>
stratum: forest_loss<br/>
lat, lon: 24.175409, 90.327728<br/>
<hr/>
Record your answer in:<br/>
<code>data/reference/interpretation_gazipur_author_b.csv</code><br/><br/>
Fields: class_t0, class_t3, confidence, notes<br/>
Classes: 0 non-forest, 1 natural forest, 2 plantation/tea, 3 water
]]></description><styleUrl>#forest_loss</styleUrl><Point><coordinates>90.327728,24.175409,0</coordinates></Point></Placemark>
<Placemark><name>GAZ-0404</name><description><![CDATA[
<b>GAZ-0404</b><br/>
stratum: forest_loss<br/>
lat, lon: 24.037967, 90.253617<br/>
<hr/>
Record your answer in:<br/>
<code>data/reference/interpretation_gazipur_author_b.csv</code><br/><br/>
Fields: class_t0, class_t3, confidence, notes<br/>
Classes: 0 non-forest, 1 natural forest, 2 plantation/tea, 3 water
]]></description><styleUrl>#forest_loss</styleUrl><Point><coordinates>90.253617,24.037967,0</coordinates></Point></Placemark>
<Placemark><name>GAZ-0405</name><description><![CDATA[
<b>GAZ-0405</b><br/>
stratum: forest_loss<br/>
lat, lon: 23.862526, 90.499396<br/>
<hr/>
Record your answer in:<br/>
<code>data/reference/interpretation_gazipur_author_b.csv</code><br/><br/>
Fields: class_t0, class_t3, confidence, notes<br/>
Classes: 0 non-forest, 1 natural forest, 2 plantation/tea, 3 water
]]></description><styleUrl>#forest_loss</styleUrl><Point><coordinates>90.499396,23.862526,0</coordinates></Point></Placemark>
<Placemark><name>GAZ-0406</name><description><![CDATA[
<b>GAZ-0406</b><br/>
stratum: forest_loss<br/>
lat, lon: 24.085398, 90.354947<br/>
<hr/>
Record your answer in:<br/>
<code>data/reference/interpretation_gazipur_author_b.csv</code><br/><br/>
Fields: class_t0, class_t3, confidence, notes<br/>
Classes: 0 non-forest, 1 natural forest, 2 plantation/tea, 3 water
]]></description><styleUrl>#forest_loss</styleUrl><Point><coordinates>90.354947,24.085398,0</coordinates></Point></Placemark>
<Placemark><name>GAZ-0407</name><description><![CDATA[
<b>GAZ-0407</b><br/>
stratum: forest_loss<br/>
lat, lon: 24.093214, 90.298353<br/>
<hr/>
Record your answer in:<br/>
<code>data/reference/interpretation_gazipur_author_b.csv</code><br/><br/>
Fields: class_t0, class_t3, confidence, notes<br/>
Classes: 0 non-forest, 1 natural forest, 2 plantation/tea, 3 water
]]></description><styleUrl>#forest_loss</styleUrl><Point><coordinates>90.298353,24.093214,0</coordinates></Point></Placemark>
<Placemark><name>GAZ-0408</name><description><![CDATA[
<b>GAZ-0408</b><br/>
stratum: forest_loss<br/>
lat, lon: 24.074618, 90.246340<br/>
<hr/>
Record your answer in:<br/>
<code>data/reference/interpretation_gazipur_author_b.csv</code><br/><br/>
Fields: class_t0, class_t3, confidence, notes<br/>
Classes: 0 non-forest, 1 natural forest, 2 plantation/tea, 3 water
]]></description><styleUrl>#forest_loss</styleUrl><Point><coordinates>90.246340,24.074618,0</coordinates></Point></Placemark>
<Placemark><name>GAZ-0409</name><description><![CDATA[
<b>GAZ-0409</b><br/>
stratum: forest_loss<br/>
lat, lon: 24.088093, 90.444688<br/>
<hr/>
Record your answer in:<br/>
<code>data/reference/interpretation_gazipur_author_b.csv</code><br/><br/>
Fields: class_t0, class_t3, confidence, notes<br/>
Classes: 0 non-forest, 1 natural forest, 2 plantation/tea, 3 water
]]></description><styleUrl>#forest_loss</styleUrl><Point><coordinates>90.444688,24.088093,0</coordinates></Point></Placemark>
<Placemark><name>GAZ-0410</name><description><![CDATA[
<b>GAZ-0410</b><br/>
stratum: forest_loss<br/>
lat, lon: 24.182955, 90.393754<br/>
<hr/>
Record your answer in:<br/>
<code>data/reference/interpretation_gazipur_author_b.csv</code><br/><br/>
Fields: class_t0, class_t3, confidence, notes<br/>
Classes: 0 non-forest, 1 natural forest, 2 plantation/tea, 3 water
]]></description><styleUrl>#forest_loss</styleUrl><Point><coordinates>90.393754,24.182955,0</coordinates></Point></Placemark>
<Placemark><name>GAZ-0411</name><description><![CDATA[
<b>GAZ-0411</b><br/>
stratum: forest_loss<br/>
lat, lon: 24.209905, 90.281914<br/>
<hr/>
Record your answer in:<br/>
<code>data/reference/interpretation_gazipur_author_b.csv</code><br/><br/>
Fields: class_t0, class_t3, confidence, notes<br/>
Classes: 0 non-forest, 1 natural forest, 2 plantation/tea, 3 water
]]></description><styleUrl>#forest_loss</styleUrl><Point><coordinates>90.281914,24.209905,0</coordinates></Point></Placemark>
<Placemark><name>GAZ-0412</name><description><![CDATA[
<b>GAZ-0412</b><br/>
stratum: forest_loss<br/>
lat, lon: 24.150077, 90.276524<br/>
<hr/>
Record your answer in:<br/>
<code>data/reference/interpretation_gazipur_author_b.csv</code><br/><br/>
Fields: class_t0, class_t3, confidence, notes<br/>
Classes: 0 non-forest, 1 natural forest, 2 plantation/tea, 3 water
]]></description><styleUrl>#forest_loss</styleUrl><Point><coordinates>90.276524,24.150077,0</coordinates></Point></Placemark>
<Placemark><name>GAZ-0413</name><description><![CDATA[
<b>GAZ-0413</b><br/>
stratum: forest_loss<br/>
lat, lon: 24.052250, 90.294310<br/>
<hr/>
Record your answer in:<br/>
<code>data/reference/interpretation_gazipur_author_b.csv</code><br/><br/>
Fields: class_t0, class_t3, confidence, notes<br/>
Classes: 0 non-forest, 1 natural forest, 2 plantation/tea, 3 water
]]></description><styleUrl>#forest_loss</styleUrl><Point><coordinates>90.294310,24.052250,0</coordinates></Point></Placemark>
<Placemark><name>GAZ-0414</name><description><![CDATA[
<b>GAZ-0414</b><br/>
stratum: forest_loss<br/>
lat, lon: 24.051172, 90.465439<br/>
<hr/>
Record your answer in:<br/>
<code>data/reference/interpretation_gazipur_author_b.csv</code><br/><br/>
Fields: class_t0, class_t3, confidence, notes<br/>
Classes: 0 non-forest, 1 natural forest, 2 plantation/tea, 3 water
]]></description><styleUrl>#forest_loss</styleUrl><Point><coordinates>90.465439,24.051172,0</coordinates></Point></Placemark>
<Placemark><name>GAZ-0415</name><description><![CDATA[
<b>GAZ-0415</b><br/>
stratum: forest_loss<br/>
lat, lon: 24.165438, 90.274368<br/>
<hr/>
Record your answer in:<br/>
<code>data/reference/interpretation_gazipur_author_b.csv</code><br/><br/>
Fields: class_t0, class_t3, confidence, notes<br/>
Classes: 0 non-forest, 1 natural forest, 2 plantation/tea, 3 water
]]></description><styleUrl>#forest_loss</styleUrl><Point><coordinates>90.274368,24.165438,0</coordinates></Point></Placemark>
<Placemark><name>GAZ-0416</name><description><![CDATA[
<b>GAZ-0416</b><br/>
stratum: forest_loss<br/>
lat, lon: 24.133099, 90.486730<br/>
<hr/>
Record your answer in:<br/>
<code>data/reference/interpretation_gazipur_author_b.csv</code><br/><br/>
Fields: class_t0, class_t3, confidence, notes<br/>
Classes: 0 non-forest, 1 natural forest, 2 plantation/tea, 3 water
]]></description><styleUrl>#forest_loss</styleUrl><Point><coordinates>90.486730,24.133099,0</coordinates></Point></Placemark>
<Placemark><name>GAZ-0417</name><description><![CDATA[
<b>GAZ-0417</b><br/>
stratum: forest_loss<br/>
lat, lon: 24.242514, 90.445227<br/>
<hr/>
Record your answer in:<br/>
<code>data/reference/interpretation_gazipur_author_b.csv</code><br/><br/>
Fields: class_t0, class_t3, confidence, notes<br/>
Classes: 0 non-forest, 1 natural forest, 2 plantation/tea, 3 water
]]></description><styleUrl>#forest_loss</styleUrl><Point><coordinates>90.445227,24.242514,0</coordinates></Point></Placemark>
<Placemark><name>GAZ-0418</name><description><![CDATA[
<b>GAZ-0418</b><br/>
stratum: forest_loss<br/>
lat, lon: 24.021797, 90.273290<br/>
<hr/>
Record your answer in:<br/>
<code>data/reference/interpretation_gazipur_author_b.csv</code><br/><br/>
Fields: class_t0, class_t3, confidence, notes<br/>
Classes: 0 non-forest, 1 natural forest, 2 plantation/tea, 3 water
]]></description><styleUrl>#forest_loss</styleUrl><Point><coordinates>90.273290,24.021797,0</coordinates></Point></Placemark>
<Placemark><name>GAZ-0419</name><description><![CDATA[
<b>GAZ-0419</b><br/>
stratum: forest_loss<br/>
lat, lon: 24.139028, 90.345514<br/>
<hr/>
Record your answer in:<br/>
<code>data/reference/interpretation_gazipur_author_b.csv</code><br/><br/>
Fields: class_t0, class_t3, confidence, notes<br/>
Classes: 0 non-forest, 1 natural forest, 2 plantation/tea, 3 water
]]></description><styleUrl>#forest_loss</styleUrl><Point><coordinates>90.345514,24.139028,0</coordinates></Point></Placemark>
<Placemark><name>GAZ-0420</name><description><![CDATA[
<b>GAZ-0420</b><br/>
stratum: forest_loss<br/>
lat, lon: 24.054406, 90.259815<br/>
<hr/>
Record your answer in:<br/>
<code>data/reference/interpretation_gazipur_author_b.csv</code><br/><br/>
Fields: class_t0, class_t3, confidence, notes<br/>
Classes: 0 non-forest, 1 natural forest, 2 plantation/tea, 3 water
]]></description><styleUrl>#forest_loss</styleUrl><Point><coordinates>90.259815,24.054406,0</coordinates></Point></Placemark>
<Placemark><name>GAZ-0421</name><description><![CDATA[
<b>GAZ-0421</b><br/>
stratum: forest_loss<br/>
lat, lon: 24.102646, 90.365996<br/>
<hr/>
Record your answer in:<br/>
<code>data/reference/interpretation_gazipur_author_b.csv</code><br/><br/>
Fields: class_t0, class_t3, confidence, notes<br/>
Classes: 0 non-forest, 1 natural forest, 2 plantation/tea, 3 water
]]></description><styleUrl>#forest_loss</styleUrl><Point><coordinates>90.365996,24.102646,0</coordinates></Point></Placemark>
<Placemark><name>GAZ-0422</name><description><![CDATA[
<b>GAZ-0422</b><br/>
stratum: forest_loss<br/>
lat, lon: 24.164630, 90.256851<br/>
<hr/>
Record your answer in:<br/>
<code>data/reference/interpretation_gazipur_author_b.csv</code><br/><br/>
Fields: class_t0, class_t3, confidence, notes<br/>
Classes: 0 non-forest, 1 natural forest, 2 plantation/tea, 3 water
]]></description><styleUrl>#forest_loss</styleUrl><Point><coordinates>90.256851,24.164630,0</coordinates></Point></Placemark>
<Placemark><name>GAZ-0423</name><description><![CDATA[
<b>GAZ-0423</b><br/>
stratum: forest_loss<br/>
lat, lon: 24.075157, 90.449539<br/>
<hr/>
Record your answer in:<br/>
<code>data/reference/interpretation_gazipur_author_b.csv</code><br/><br/>
Fields: class_t0, class_t3, confidence, notes<br/>
Classes: 0 non-forest, 1 natural forest, 2 plantation/tea, 3 water
]]></description><styleUrl>#forest_loss</styleUrl><Point><coordinates>90.449539,24.075157,0</coordinates></Point></Placemark>
<Placemark><name>GAZ-0424</name><description><![CDATA[
<b>GAZ-0424</b><br/>
stratum: forest_loss<br/>
lat, lon: 24.083512, 90.226128<br/>
<hr/>
Record your answer in:<br/>
<code>data/reference/interpretation_gazipur_author_b.csv</code><br/><br/>
Fields: class_t0, class_t3, confidence, notes<br/>
Classes: 0 non-forest, 1 natural forest, 2 plantation/tea, 3 water
]]></description><styleUrl>#forest_loss</styleUrl><Point><coordinates>90.226128,24.083512,0</coordinates></Point></Placemark>
<Placemark><name>GAZ-0425</name><description><![CDATA[
<b>GAZ-0425</b><br/>
stratum: forest_loss<br/>
lat, lon: 24.269194, 90.490502<br/>
<hr/>
Record your answer in:<br/>
<code>data/reference/interpretation_gazipur_author_b.csv</code><br/><br/>
Fields: class_t0, class_t3, confidence, notes<br/>
Classes: 0 non-forest, 1 natural forest, 2 plantation/tea, 3 water
]]></description><styleUrl>#forest_loss</styleUrl><Point><coordinates>90.490502,24.269194,0</coordinates></Point></Placemark>
<Placemark><name>GAZ-0426</name><description><![CDATA[
<b>GAZ-0426</b><br/>
stratum: forest_loss<br/>
lat, lon: 24.151424, 90.257659<br/>
<hr/>
Record your answer in:<br/>
<code>data/reference/interpretation_gazipur_author_b.csv</code><br/><br/>
Fields: class_t0, class_t3, confidence, notes<br/>
Classes: 0 non-forest, 1 natural forest, 2 plantation/tea, 3 water
]]></description><styleUrl>#forest_loss</styleUrl><Point><coordinates>90.257659,24.151424,0</coordinates></Point></Placemark>
<Placemark><name>GAZ-0427</name><description><![CDATA[
<b>GAZ-0427</b><br/>
stratum: forest_loss<br/>
lat, lon: 24.052250, 90.294041<br/>
<hr/>
Record your answer in:<br/>
<code>data/reference/interpretation_gazipur_author_b.csv</code><br/><br/>
Fields: class_t0, class_t3, confidence, notes<br/>
Classes: 0 non-forest, 1 natural forest, 2 plantation/tea, 3 water
]]></description><styleUrl>#forest_loss</styleUrl><Point><coordinates>90.294041,24.052250,0</coordinates></Point></Placemark>
<Placemark><name>GAZ-0428</name><description><![CDATA[
<b>GAZ-0428</b><br/>
stratum: forest_loss<br/>
lat, lon: 24.154389, 90.277871<br/>
<hr/>
Record your answer in:<br/>
<code>data/reference/interpretation_gazipur_author_b.csv</code><br/><br/>
Fields: class_t0, class_t3, confidence, notes<br/>
Classes: 0 non-forest, 1 natural forest, 2 plantation/tea, 3 water
]]></description><styleUrl>#forest_loss</styleUrl><Point><coordinates>90.277871,24.154389,0</coordinates></Point></Placemark>
<Placemark><name>GAZ-0429</name><description><![CDATA[
<b>GAZ-0429</b><br/>
stratum: forest_loss<br/>
lat, lon: 24.074349, 90.450348<br/>
<hr/>
Record your answer in:<br/>
<code>data/reference/interpretation_gazipur_author_b.csv</code><br/><br/>
Fields: class_t0, class_t3, confidence, notes<br/>
Classes: 0 non-forest, 1 natural forest, 2 plantation/tea, 3 water
]]></description><styleUrl>#forest_loss</styleUrl><Point><coordinates>90.450348,24.074349,0</coordinates></Point></Placemark>
<Placemark><name>GAZ-0430</name><description><![CDATA[
<b>GAZ-0430</b><br/>
stratum: forest_loss<br/>
lat, lon: 24.078661, 90.239603<br/>
<hr/>
Record your answer in:<br/>
<code>data/reference/interpretation_gazipur_author_b.csv</code><br/><br/>
Fields: class_t0, class_t3, confidence, notes<br/>
Classes: 0 non-forest, 1 natural forest, 2 plantation/tea, 3 water
]]></description><styleUrl>#forest_loss</styleUrl><Point><coordinates>90.239603,24.078661,0</coordinates></Point></Placemark>
<Placemark><name>GAZ-0431</name><description><![CDATA[
<b>GAZ-0431</b><br/>
stratum: forest_loss<br/>
lat, lon: 24.203437, 90.274637<br/>
<hr/>
Record your answer in:<br/>
<code>data/reference/interpretation_gazipur_author_b.csv</code><br/><br/>
Fields: class_t0, class_t3, confidence, notes<br/>
Classes: 0 non-forest, 1 natural forest, 2 plantation/tea, 3 water
]]></description><styleUrl>#forest_loss</styleUrl><Point><coordinates>90.274637,24.203437,0</coordinates></Point></Placemark>
<Placemark><name>GAZ-0432</name><description><![CDATA[
<b>GAZ-0432</b><br/>
stratum: forest_loss<br/>
lat, lon: 24.097256, 90.300509<br/>
<hr/>
Record your answer in:<br/>
<code>data/reference/interpretation_gazipur_author_b.csv</code><br/><br/>
Fields: class_t0, class_t3, confidence, notes<br/>
Classes: 0 non-forest, 1 natural forest, 2 plantation/tea, 3 water
]]></description><styleUrl>#forest_loss</styleUrl><Point><coordinates>90.300509,24.097256,0</coordinates></Point></Placemark>
<Placemark><name>GAZ-0433</name><description><![CDATA[
<b>GAZ-0433</b><br/>
stratum: forest_loss<br/>
lat, lon: 24.243322, 90.301317<br/>
<hr/>
Record your answer in:<br/>
<code>data/reference/interpretation_gazipur_author_b.csv</code><br/><br/>
Fields: class_t0, class_t3, confidence, notes<br/>
Classes: 0 non-forest, 1 natural forest, 2 plantation/tea, 3 water
]]></description><styleUrl>#forest_loss</styleUrl><Point><coordinates>90.301317,24.243322,0</coordinates></Point></Placemark>
<Placemark><name>GAZ-0434</name><description><![CDATA[
<b>GAZ-0434</b><br/>
stratum: forest_loss<br/>
lat, lon: 24.049555, 90.599648<br/>
<hr/>
Record your answer in:<br/>
<code>data/reference/interpretation_gazipur_author_b.csv</code><br/><br/>
Fields: class_t0, class_t3, confidence, notes<br/>
Classes: 0 non-forest, 1 natural forest, 2 plantation/tea, 3 water
]]></description><styleUrl>#forest_loss</styleUrl><Point><coordinates>90.599648,24.049555,0</coordinates></Point></Placemark>
<Placemark><name>GAZ-0435</name><description><![CDATA[
<b>GAZ-0435</b><br/>
stratum: forest_loss<br/>
lat, lon: 23.851477, 90.483226<br/>
<hr/>
Record your answer in:<br/>
<code>data/reference/interpretation_gazipur_author_b.csv</code><br/><br/>
Fields: class_t0, class_t3, confidence, notes<br/>
Classes: 0 non-forest, 1 natural forest, 2 plantation/tea, 3 water
]]></description><styleUrl>#forest_loss</styleUrl><Point><coordinates>90.483226,23.851477,0</coordinates></Point></Placemark>
<Placemark><name>GAZ-0436</name><description><![CDATA[
<b>GAZ-0436</b><br/>
stratum: forest_loss<br/>
lat, lon: 24.067342, 90.245801<br/>
<hr/>
Record your answer in:<br/>
<code>data/reference/interpretation_gazipur_author_b.csv</code><br/><br/>
Fields: class_t0, class_t3, confidence, notes<br/>
Classes: 0 non-forest, 1 natural forest, 2 plantation/tea, 3 water
]]></description><styleUrl>#forest_loss</styleUrl><Point><coordinates>90.245801,24.067342,0</coordinates></Point></Placemark>
<Placemark><name>GAZ-0437</name><description><![CDATA[
<b>GAZ-0437</b><br/>
stratum: forest_loss<br/>
lat, lon: 24.172175, 90.281105<br/>
<hr/>
Record your answer in:<br/>
<code>data/reference/interpretation_gazipur_author_b.csv</code><br/><br/>
Fields: class_t0, class_t3, confidence, notes<br/>
Classes: 0 non-forest, 1 natural forest, 2 plantation/tea, 3 water
]]></description><styleUrl>#forest_loss</styleUrl><Point><coordinates>90.281105,24.172175,0</coordinates></Point></Placemark>
<Placemark><name>GAZ-0438</name><description><![CDATA[
<b>GAZ-0438</b><br/>
stratum: forest_loss<br/>
lat, lon: 24.179721, 90.282722<br/>
<hr/>
Record your answer in:<br/>
<code>data/reference/interpretation_gazipur_author_b.csv</code><br/><br/>
Fields: class_t0, class_t3, confidence, notes<br/>
Classes: 0 non-forest, 1 natural forest, 2 plantation/tea, 3 water
]]></description><styleUrl>#forest_loss</styleUrl><Point><coordinates>90.282722,24.179721,0</coordinates></Point></Placemark>
<Placemark><name>GAZ-0439</name><description><![CDATA[
<b>GAZ-0439</b><br/>
stratum: forest_loss<br/>
lat, lon: 24.207479, 90.310480<br/>
<hr/>
Record your answer in:<br/>
<code>data/reference/interpretation_gazipur_author_b.csv</code><br/><br/>
Fields: class_t0, class_t3, confidence, notes<br/>
Classes: 0 non-forest, 1 natural forest, 2 plantation/tea, 3 water
]]></description><styleUrl>#forest_loss</styleUrl><Point><coordinates>90.310480,24.207479,0</coordinates></Point></Placemark>
<Placemark><name>GAZ-0440</name><description><![CDATA[
<b>GAZ-0440</b><br/>
stratum: forest_loss<br/>
lat, lon: 24.180799, 90.584556<br/>
<hr/>
Record your answer in:<br/>
<code>data/reference/interpretation_gazipur_author_b.csv</code><br/><br/>
Fields: class_t0, class_t3, confidence, notes<br/>
Classes: 0 non-forest, 1 natural forest, 2 plantation/tea, 3 water
]]></description><styleUrl>#forest_loss</styleUrl><Point><coordinates>90.584556,24.180799,0</coordinates></Point></Placemark>
<Placemark><name>GAZ-0441</name><description><![CDATA[
<b>GAZ-0441</b><br/>
stratum: forest_loss<br/>
lat, lon: 24.165438, 90.375428<br/>
<hr/>
Record your answer in:<br/>
<code>data/reference/interpretation_gazipur_author_b.csv</code><br/><br/>
Fields: class_t0, class_t3, confidence, notes<br/>
Classes: 0 non-forest, 1 natural forest, 2 plantation/tea, 3 water
]]></description><styleUrl>#forest_loss</styleUrl><Point><coordinates>90.375428,24.165438,0</coordinates></Point></Placemark>
<Placemark><name>GAZ-0442</name><description><![CDATA[
<b>GAZ-0442</b><br/>
stratum: forest_loss<br/>
lat, lon: 24.232273, 90.326650<br/>
<hr/>
Record your answer in:<br/>
<code>data/reference/interpretation_gazipur_author_b.csv</code><br/><br/>
Fields: class_t0, class_t3, confidence, notes<br/>
Classes: 0 non-forest, 1 natural forest, 2 plantation/tea, 3 water
]]></description><styleUrl>#forest_loss</styleUrl><Point><coordinates>90.326650,24.232273,0</coordinates></Point></Placemark>
<Placemark><name>GAZ-0443</name><description><![CDATA[
<b>GAZ-0443</b><br/>
stratum: forest_loss<br/>
lat, lon: 24.141992, 90.441724<br/>
<hr/>
Record your answer in:<br/>
<code>data/reference/interpretation_gazipur_author_b.csv</code><br/><br/>
Fields: class_t0, class_t3, confidence, notes<br/>
Classes: 0 non-forest, 1 natural forest, 2 plantation/tea, 3 water
]]></description><styleUrl>#forest_loss</styleUrl><Point><coordinates>90.441724,24.141992,0</coordinates></Point></Placemark>
<Placemark><name>GAZ-0444</name><description><![CDATA[
<b>GAZ-0444</b><br/>
stratum: forest_loss<br/>
lat, lon: 24.172175, 90.395640<br/>
<hr/>
Record your answer in:<br/>
<code>data/reference/interpretation_gazipur_author_b.csv</code><br/><br/>
Fields: class_t0, class_t3, confidence, notes<br/>
Classes: 0 non-forest, 1 natural forest, 2 plantation/tea, 3 water
]]></description><styleUrl>#forest_loss</styleUrl><Point><coordinates>90.395640,24.172175,0</coordinates></Point></Placemark>
<Placemark><name>GAZ-0445</name><description><![CDATA[
<b>GAZ-0445</b><br/>
stratum: forest_loss<br/>
lat, lon: 24.050364, 90.313175<br/>
<hr/>
Record your answer in:<br/>
<code>data/reference/interpretation_gazipur_author_b.csv</code><br/><br/>
Fields: class_t0, class_t3, confidence, notes<br/>
Classes: 0 non-forest, 1 natural forest, 2 plantation/tea, 3 water
]]></description><styleUrl>#forest_loss</styleUrl><Point><coordinates>90.313175,24.050364,0</coordinates></Point></Placemark>
<Placemark><name>GAZ-0446</name><description><![CDATA[
<b>GAZ-0446</b><br/>
stratum: forest_loss<br/>
lat, lon: 24.160318, 90.600187<br/>
<hr/>
Record your answer in:<br/>
<code>data/reference/interpretation_gazipur_author_b.csv</code><br/><br/>
Fields: class_t0, class_t3, confidence, notes<br/>
Classes: 0 non-forest, 1 natural forest, 2 plantation/tea, 3 water
]]></description><styleUrl>#forest_loss</styleUrl><Point><coordinates>90.600187,24.160318,0</coordinates></Point></Placemark>
<Placemark><name>GAZ-0447</name><description><![CDATA[
<b>GAZ-0447</b><br/>
stratum: forest_loss<br/>
lat, lon: 24.237663, 90.443071<br/>
<hr/>
Record your answer in:<br/>
<code>data/reference/interpretation_gazipur_author_b.csv</code><br/><br/>
Fields: class_t0, class_t3, confidence, notes<br/>
Classes: 0 non-forest, 1 natural forest, 2 plantation/tea, 3 water
]]></description><styleUrl>#forest_loss</styleUrl><Point><coordinates>90.443071,24.237663,0</coordinates></Point></Placemark>
<Placemark><name>GAZ-0448</name><description><![CDATA[
<b>GAZ-0448</b><br/>
stratum: forest_loss<br/>
lat, lon: 24.025840, 90.425554<br/>
<hr/>
Record your answer in:<br/>
<code>data/reference/interpretation_gazipur_author_b.csv</code><br/><br/>
Fields: class_t0, class_t3, confidence, notes<br/>
Classes: 0 non-forest, 1 natural forest, 2 plantation/tea, 3 water
]]></description><styleUrl>#forest_loss</styleUrl><Point><coordinates>90.425554,24.025840,0</coordinates></Point></Placemark>
<Placemark><name>GAZ-0449</name><description><![CDATA[
<b>GAZ-0449</b><br/>
stratum: forest_loss<br/>
lat, lon: 24.072462, 90.431483<br/>
<hr/>
Record your answer in:<br/>
<code>data/reference/interpretation_gazipur_author_b.csv</code><br/><br/>
Fields: class_t0, class_t3, confidence, notes<br/>
Classes: 0 non-forest, 1 natural forest, 2 plantation/tea, 3 water
]]></description><styleUrl>#forest_loss</styleUrl><Point><coordinates>90.431483,24.072462,0</coordinates></Point></Placemark>
<Placemark><name>GAZ-0450</name><description><![CDATA[
<b>GAZ-0450</b><br/>
stratum: forest_loss<br/>
lat, lon: 24.271619, 90.359259<br/>
<hr/>
Record your answer in:<br/>
<code>data/reference/interpretation_gazipur_author_b.csv</code><br/><br/>
Fields: class_t0, class_t3, confidence, notes<br/>
Classes: 0 non-forest, 1 natural forest, 2 plantation/tea, 3 water
]]></description><styleUrl>#forest_loss</styleUrl><Point><coordinates>90.359259,24.271619,0</coordinates></Point></Placemark>
<Placemark><name>GAZ-0451</name><description><![CDATA[
<b>GAZ-0451</b><br/>
stratum: forest_loss<br/>
lat, lon: 23.928283, 90.442532<br/>
<hr/>
Record your answer in:<br/>
<code>data/reference/interpretation_gazipur_author_b.csv</code><br/><br/>
Fields: class_t0, class_t3, confidence, notes<br/>
Classes: 0 non-forest, 1 natural forest, 2 plantation/tea, 3 water
]]></description><styleUrl>#forest_loss</styleUrl><Point><coordinates>90.442532,23.928283,0</coordinates></Point></Placemark>
<Placemark><name>GAZ-0452</name><description><![CDATA[
<b>GAZ-0452</b><br/>
stratum: forest_loss<br/>
lat, lon: 24.173792, 90.393215<br/>
<hr/>
Record your answer in:<br/>
<code>data/reference/interpretation_gazipur_author_b.csv</code><br/><br/>
Fields: class_t0, class_t3, confidence, notes<br/>
Classes: 0 non-forest, 1 natural forest, 2 plantation/tea, 3 water
]]></description><styleUrl>#forest_loss</styleUrl><Point><coordinates>90.393215,24.173792,0</coordinates></Point></Placemark>
<Placemark><name>GAZ-0453</name><description><![CDATA[
<b>GAZ-0453</b><br/>
stratum: forest_loss<br/>
lat, lon: 24.096986, 90.354947<br/>
<hr/>
Record your answer in:<br/>
<code>data/reference/interpretation_gazipur_author_b.csv</code><br/><br/>
Fields: class_t0, class_t3, confidence, notes<br/>
Classes: 0 non-forest, 1 natural forest, 2 plantation/tea, 3 water
]]></description><styleUrl>#forest_loss</styleUrl><Point><coordinates>90.354947,24.096986,0</coordinates></Point></Placemark>
<Placemark><name>GAZ-0454</name><description><![CDATA[
<b>GAZ-0454</b><br/>
stratum: forest_loss<br/>
lat, lon: 24.240358, 90.300239<br/>
<hr/>
Record your answer in:<br/>
<code>data/reference/interpretation_gazipur_author_b.csv</code><br/><br/>
Fields: class_t0, class_t3, confidence, notes<br/>
Classes: 0 non-forest, 1 natural forest, 2 plantation/tea, 3 water
]]></description><styleUrl>#forest_loss</styleUrl><Point><coordinates>90.300239,24.240358,0</coordinates></Point></Placemark>
<Placemark><name>GAZ-0455</name><description><![CDATA[
<b>GAZ-0455</b><br/>
stratum: forest_loss<br/>
lat, lon: 24.198855, 90.319643<br/>
<hr/>
Record your answer in:<br/>
<code>data/reference/interpretation_gazipur_author_b.csv</code><br/><br/>
Fields: class_t0, class_t3, confidence, notes<br/>
Classes: 0 non-forest, 1 natural forest, 2 plantation/tea, 3 water
]]></description><styleUrl>#forest_loss</styleUrl><Point><coordinates>90.319643,24.198855,0</coordinates></Point></Placemark>
<Placemark><name>GAZ-0456</name><description><![CDATA[
<b>GAZ-0456</b><br/>
stratum: forest_loss<br/>
lat, lon: 24.157353, 90.339855<br/>
<hr/>
Record your answer in:<br/>
<code>data/reference/interpretation_gazipur_author_b.csv</code><br/><br/>
Fields: class_t0, class_t3, confidence, notes<br/>
Classes: 0 non-forest, 1 natural forest, 2 plantation/tea, 3 water
]]></description><styleUrl>#forest_loss</styleUrl><Point><coordinates>90.339855,24.157353,0</coordinates></Point></Placemark>
<Placemark><name>GAZ-0457</name><description><![CDATA[
<b>GAZ-0457</b><br/>
stratum: forest_loss<br/>
lat, lon: 24.071654, 90.254425<br/>
<hr/>
Record your answer in:<br/>
<code>data/reference/interpretation_gazipur_author_b.csv</code><br/><br/>
Fields: class_t0, class_t3, confidence, notes<br/>
Classes: 0 non-forest, 1 natural forest, 2 plantation/tea, 3 water
]]></description><styleUrl>#forest_loss</styleUrl><Point><coordinates>90.254425,24.071654,0</coordinates></Point></Placemark>
<Placemark><name>GAZ-0458</name><description><![CDATA[
<b>GAZ-0458</b><br/>
stratum: forest_loss<br/>
lat, lon: 24.137141, 90.387017<br/>
<hr/>
Record your answer in:<br/>
<code>data/reference/interpretation_gazipur_author_b.csv</code><br/><br/>
Fields: class_t0, class_t3, confidence, notes<br/>
Classes: 0 non-forest, 1 natural forest, 2 plantation/tea, 3 water
]]></description><styleUrl>#forest_loss</styleUrl><Point><coordinates>90.387017,24.137141,0</coordinates></Point></Placemark>
<Placemark><name>GAZ-0459</name><description><![CDATA[
<b>GAZ-0459</b><br/>
stratum: forest_loss<br/>
lat, lon: 24.071384, 90.246071<br/>
<hr/>
Record your answer in:<br/>
<code>data/reference/interpretation_gazipur_author_b.csv</code><br/><br/>
Fields: class_t0, class_t3, confidence, notes<br/>
Classes: 0 non-forest, 1 natural forest, 2 plantation/tea, 3 water
]]></description><styleUrl>#forest_loss</styleUrl><Point><coordinates>90.246071,24.071384,0</coordinates></Point></Placemark>
<Placemark><name>GAZ-0460</name><description><![CDATA[
<b>GAZ-0460</b><br/>
stratum: forest_loss<br/>
lat, lon: 24.161396, 90.264397<br/>
<hr/>
Record your answer in:<br/>
<code>data/reference/interpretation_gazipur_author_b.csv</code><br/><br/>
Fields: class_t0, class_t3, confidence, notes<br/>
Classes: 0 non-forest, 1 natural forest, 2 plantation/tea, 3 water
]]></description><styleUrl>#forest_loss</styleUrl><Point><coordinates>90.264397,24.161396,0</coordinates></Point></Placemark>
<Placemark><name>GAZ-0461</name><description><![CDATA[
<b>GAZ-0461</b><br/>
stratum: forest_loss<br/>
lat, lon: 24.174062, 90.401839<br/>
<hr/>
Record your answer in:<br/>
<code>data/reference/interpretation_gazipur_author_b.csv</code><br/><br/>
Fields: class_t0, class_t3, confidence, notes<br/>
Classes: 0 non-forest, 1 natural forest, 2 plantation/tea, 3 water
]]></description><styleUrl>#forest_loss</styleUrl><Point><coordinates>90.401839,24.174062,0</coordinates></Point></Placemark>
<Placemark><name>GAZ-0462</name><description><![CDATA[
<b>GAZ-0462</b><br/>
stratum: forest_loss<br/>
lat, lon: 24.134177, 90.445227<br/>
<hr/>
Record your answer in:<br/>
<code>data/reference/interpretation_gazipur_author_b.csv</code><br/><br/>
Fields: class_t0, class_t3, confidence, notes<br/>
Classes: 0 non-forest, 1 natural forest, 2 plantation/tea, 3 water
]]></description><styleUrl>#forest_loss</styleUrl><Point><coordinates>90.445227,24.134177,0</coordinates></Point></Placemark>
<Placemark><name>GAZ-0463</name><description><![CDATA[
<b>GAZ-0463</b><br/>
stratum: forest_loss<br/>
lat, lon: 24.158970, 90.262780<br/>
<hr/>
Record your answer in:<br/>
<code>data/reference/interpretation_gazipur_author_b.csv</code><br/><br/>
Fields: class_t0, class_t3, confidence, notes<br/>
Classes: 0 non-forest, 1 natural forest, 2 plantation/tea, 3 water
]]></description><styleUrl>#forest_loss</styleUrl><Point><coordinates>90.262780,24.158970,0</coordinates></Point></Placemark>
<Placemark><name>GAZ-0464</name><description><![CDATA[
<b>GAZ-0464</b><br/>
stratum: forest_loss<br/>
lat, lon: 24.028265, 90.603421<br/>
<hr/>
Record your answer in:<br/>
<code>data/reference/interpretation_gazipur_author_b.csv</code><br/><br/>
Fields: class_t0, class_t3, confidence, notes<br/>
Classes: 0 non-forest, 1 natural forest, 2 plantation/tea, 3 water
]]></description><styleUrl>#forest_loss</styleUrl><Point><coordinates>90.603421,24.028265,0</coordinates></Point></Placemark>
<Placemark><name>GAZ-0465</name><description><![CDATA[
<b>GAZ-0465</b><br/>
stratum: forest_loss<br/>
lat, lon: 24.096178, 90.384322<br/>
<hr/>
Record your answer in:<br/>
<code>data/reference/interpretation_gazipur_author_b.csv</code><br/><br/>
Fields: class_t0, class_t3, confidence, notes<br/>
Classes: 0 non-forest, 1 natural forest, 2 plantation/tea, 3 water
]]></description><styleUrl>#forest_loss</styleUrl><Point><coordinates>90.384322,24.096178,0</coordinates></Point></Placemark>
<Placemark><name>GAZ-0466</name><description><![CDATA[
<b>GAZ-0466</b><br/>
stratum: forest_loss<br/>
lat, lon: 24.172445, 90.328806<br/>
<hr/>
Record your answer in:<br/>
<code>data/reference/interpretation_gazipur_author_b.csv</code><br/><br/>
Fields: class_t0, class_t3, confidence, notes<br/>
Classes: 0 non-forest, 1 natural forest, 2 plantation/tea, 3 water
]]></description><styleUrl>#forest_loss</styleUrl><Point><coordinates>90.328806,24.172445,0</coordinates></Point></Placemark>
<Placemark><name>GAZ-0467</name><description><![CDATA[
<b>GAZ-0467</b><br/>
stratum: forest_loss<br/>
lat, lon: 24.304228, 90.438221<br/>
<hr/>
Record your answer in:<br/>
<code>data/reference/interpretation_gazipur_author_b.csv</code><br/><br/>
Fields: class_t0, class_t3, confidence, notes<br/>
Classes: 0 non-forest, 1 natural forest, 2 plantation/tea, 3 water
]]></description><styleUrl>#forest_loss</styleUrl><Point><coordinates>90.438221,24.304228,0</coordinates></Point></Placemark>
<Placemark><name>GAZ-0468</name><description><![CDATA[
<b>GAZ-0468</b><br/>
stratum: forest_loss<br/>
lat, lon: 24.229847, 90.306438<br/>
<hr/>
Record your answer in:<br/>
<code>data/reference/interpretation_gazipur_author_b.csv</code><br/><br/>
Fields: class_t0, class_t3, confidence, notes<br/>
Classes: 0 non-forest, 1 natural forest, 2 plantation/tea, 3 water
]]></description><styleUrl>#forest_loss</styleUrl><Point><coordinates>90.306438,24.229847,0</coordinates></Point></Placemark>
<Placemark><name>GAZ-0469</name><description><![CDATA[
<b>GAZ-0469</b><br/>
stratum: forest_loss<br/>
lat, lon: 24.051442, 90.600995<br/>
<hr/>
Record your answer in:<br/>
<code>data/reference/interpretation_gazipur_author_b.csv</code><br/><br/>
Fields: class_t0, class_t3, confidence, notes<br/>
Classes: 0 non-forest, 1 natural forest, 2 plantation/tea, 3 water
]]></description><styleUrl>#forest_loss</styleUrl><Point><coordinates>90.600995,24.051442,0</coordinates></Point></Placemark>
<Placemark><name>GAZ-0470</name><description><![CDATA[
<b>GAZ-0470</b><br/>
stratum: forest_loss<br/>
lat, lon: 24.161126, 90.262780<br/>
<hr/>
Record your answer in:<br/>
<code>data/reference/interpretation_gazipur_author_b.csv</code><br/><br/>
Fields: class_t0, class_t3, confidence, notes<br/>
Classes: 0 non-forest, 1 natural forest, 2 plantation/tea, 3 water
]]></description><styleUrl>#forest_loss</styleUrl><Point><coordinates>90.262780,24.161126,0</coordinates></Point></Placemark>
<Placemark><name>GAZ-0471</name><description><![CDATA[
<b>GAZ-0471</b><br/>
stratum: forest_loss<br/>
lat, lon: 23.963856, 90.319643<br/>
<hr/>
Record your answer in:<br/>
<code>data/reference/interpretation_gazipur_author_b.csv</code><br/><br/>
Fields: class_t0, class_t3, confidence, notes<br/>
Classes: 0 non-forest, 1 natural forest, 2 plantation/tea, 3 water
]]></description><styleUrl>#forest_loss</styleUrl><Point><coordinates>90.319643,23.963856,0</coordinates></Point></Placemark>
<Placemark><name>GAZ-0472</name><description><![CDATA[
<b>GAZ-0472</b><br/>
stratum: forest_loss<br/>
lat, lon: 24.087554, 90.444149<br/>
<hr/>
Record your answer in:<br/>
<code>data/reference/interpretation_gazipur_author_b.csv</code><br/><br/>
Fields: class_t0, class_t3, confidence, notes<br/>
Classes: 0 non-forest, 1 natural forest, 2 plantation/tea, 3 water
]]></description><styleUrl>#forest_loss</styleUrl><Point><coordinates>90.444149,24.087554,0</coordinates></Point></Placemark>
<Placemark><name>GAZ-0473</name><description><![CDATA[
<b>GAZ-0473</b><br/>
stratum: forest_loss<br/>
lat, lon: 24.190232, 90.319912<br/>
<hr/>
Record your answer in:<br/>
<code>data/reference/interpretation_gazipur_author_b.csv</code><br/><br/>
Fields: class_t0, class_t3, confidence, notes<br/>
Classes: 0 non-forest, 1 natural forest, 2 plantation/tea, 3 water
]]></description><styleUrl>#forest_loss</styleUrl><Point><coordinates>90.319912,24.190232,0</coordinates></Point></Placemark>
<Placemark><name>GAZ-0474</name><description><![CDATA[
<b>GAZ-0474</b><br/>
stratum: forest_loss<br/>
lat, lon: 24.251407, 90.602073<br/>
<hr/>
Record your answer in:<br/>
<code>data/reference/interpretation_gazipur_author_b.csv</code><br/><br/>
Fields: class_t0, class_t3, confidence, notes<br/>
Classes: 0 non-forest, 1 natural forest, 2 plantation/tea, 3 water
]]></description><styleUrl>#forest_loss</styleUrl><Point><coordinates>90.602073,24.251407,0</coordinates></Point></Placemark>
<Placemark><name>GAZ-0475</name><description><![CDATA[
<b>GAZ-0475</b><br/>
stratum: forest_loss<br/>
lat, lon: 24.164360, 90.273290<br/>
<hr/>
Record your answer in:<br/>
<code>data/reference/interpretation_gazipur_author_b.csv</code><br/><br/>
Fields: class_t0, class_t3, confidence, notes<br/>
Classes: 0 non-forest, 1 natural forest, 2 plantation/tea, 3 water
]]></description><styleUrl>#forest_loss</styleUrl><Point><coordinates>90.273290,24.164360,0</coordinates></Point></Placemark>
<Placemark><name>GAZ-0476</name><description><![CDATA[
<b>GAZ-0476</b><br/>
stratum: forest_loss<br/>
lat, lon: 24.172175, 90.384861<br/>
<hr/>
Record your answer in:<br/>
<code>data/reference/interpretation_gazipur_author_b.csv</code><br/><br/>
Fields: class_t0, class_t3, confidence, notes<br/>
Classes: 0 non-forest, 1 natural forest, 2 plantation/tea, 3 water
]]></description><styleUrl>#forest_loss</styleUrl><Point><coordinates>90.384861,24.172175,0</coordinates></Point></Placemark>
<Placemark><name>GAZ-0477</name><description><![CDATA[
<b>GAZ-0477</b><br/>
stratum: forest_loss<br/>
lat, lon: 24.067612, 90.249574<br/>
<hr/>
Record your answer in:<br/>
<code>data/reference/interpretation_gazipur_author_b.csv</code><br/><br/>
Fields: class_t0, class_t3, confidence, notes<br/>
Classes: 0 non-forest, 1 natural forest, 2 plantation/tea, 3 water
]]></description><styleUrl>#forest_loss</styleUrl><Point><coordinates>90.249574,24.067612,0</coordinates></Point></Placemark>
<Placemark><name>GAZ-0478</name><description><![CDATA[
<b>GAZ-0478</b><br/>
stratum: forest_loss<br/>
lat, lon: 24.056023, 90.234752<br/>
<hr/>
Record your answer in:<br/>
<code>data/reference/interpretation_gazipur_author_b.csv</code><br/><br/>
Fields: class_t0, class_t3, confidence, notes<br/>
Classes: 0 non-forest, 1 natural forest, 2 plantation/tea, 3 water
]]></description><styleUrl>#forest_loss</styleUrl><Point><coordinates>90.234752,24.056023,0</coordinates></Point></Placemark>
<Placemark><name>GAZ-0479</name><description><![CDATA[
<b>GAZ-0479</b><br/>
stratum: forest_loss<br/>
lat, lon: 24.182416, 90.392676<br/>
<hr/>
Record your answer in:<br/>
<code>data/reference/interpretation_gazipur_author_b.csv</code><br/><br/>
Fields: class_t0, class_t3, confidence, notes<br/>
Classes: 0 non-forest, 1 natural forest, 2 plantation/tea, 3 water
]]></description><styleUrl>#forest_loss</styleUrl><Point><coordinates>90.392676,24.182416,0</coordinates></Point></Placemark>
<Placemark><name>GAZ-0480</name><description><![CDATA[
<b>GAZ-0480</b><br/>
stratum: forest_loss<br/>
lat, lon: 24.179452, 90.284070<br/>
<hr/>
Record your answer in:<br/>
<code>data/reference/interpretation_gazipur_author_b.csv</code><br/><br/>
Fields: class_t0, class_t3, confidence, notes<br/>
Classes: 0 non-forest, 1 natural forest, 2 plantation/tea, 3 water
]]></description><styleUrl>#forest_loss</styleUrl><Point><coordinates>90.284070,24.179452,0</coordinates></Point></Placemark>
<Placemark><name>GAZ-0481</name><description><![CDATA[
<b>GAZ-0481</b><br/>
stratum: forest_loss<br/>
lat, lon: 24.072193, 90.449539<br/>
<hr/>
Record your answer in:<br/>
<code>data/reference/interpretation_gazipur_author_b.csv</code><br/><br/>
Fields: class_t0, class_t3, confidence, notes<br/>
Classes: 0 non-forest, 1 natural forest, 2 plantation/tea, 3 water
]]></description><styleUrl>#forest_loss</styleUrl><Point><coordinates>90.449539,24.072193,0</coordinates></Point></Placemark>
<Placemark><name>GAZ-0482</name><description><![CDATA[
<b>GAZ-0482</b><br/>
stratum: forest_loss<br/>
lat, lon: 24.104532, 90.433370<br/>
<hr/>
Record your answer in:<br/>
<code>data/reference/interpretation_gazipur_author_b.csv</code><br/><br/>
Fields: class_t0, class_t3, confidence, notes<br/>
Classes: 0 non-forest, 1 natural forest, 2 plantation/tea, 3 water
]]></description><styleUrl>#forest_loss</styleUrl><Point><coordinates>90.433370,24.104532,0</coordinates></Point></Placemark>
<Placemark><name>GAZ-0483</name><description><![CDATA[
<b>GAZ-0483</b><br/>
stratum: forest_loss<br/>
lat, lon: 24.138219, 90.291076<br/>
<hr/>
Record your answer in:<br/>
<code>data/reference/interpretation_gazipur_author_b.csv</code><br/><br/>
Fields: class_t0, class_t3, confidence, notes<br/>
Classes: 0 non-forest, 1 natural forest, 2 plantation/tea, 3 water
]]></description><styleUrl>#forest_loss</styleUrl><Point><coordinates>90.291076,24.138219,0</coordinates></Point></Placemark>
<Placemark><name>GAZ-0484</name><description><![CDATA[
<b>GAZ-0484</b><br/>
stratum: forest_loss<br/>
lat, lon: 24.073810, 90.439299<br/>
<hr/>
Record your answer in:<br/>
<code>data/reference/interpretation_gazipur_author_b.csv</code><br/><br/>
Fields: class_t0, class_t3, confidence, notes<br/>
Classes: 0 non-forest, 1 natural forest, 2 plantation/tea, 3 water
]]></description><styleUrl>#forest_loss</styleUrl><Point><coordinates>90.439299,24.073810,0</coordinates></Point></Placemark>
<Placemark><name>GAZ-0485</name><description><![CDATA[
<b>GAZ-0485</b><br/>
stratum: forest_loss<br/>
lat, lon: 24.204515, 90.303473<br/>
<hr/>
Record your answer in:<br/>
<code>data/reference/interpretation_gazipur_author_b.csv</code><br/><br/>
Fields: class_t0, class_t3, confidence, notes<br/>
Classes: 0 non-forest, 1 natural forest, 2 plantation/tea, 3 water
]]></description><styleUrl>#forest_loss</styleUrl><Point><coordinates>90.303473,24.204515,0</coordinates></Point></Placemark>
<Placemark><name>GAZ-0486</name><description><![CDATA[
<b>GAZ-0486</b><br/>
stratum: forest_loss<br/>
lat, lon: 24.073810, 90.447114<br/>
<hr/>
Record your answer in:<br/>
<code>data/reference/interpretation_gazipur_author_b.csv</code><br/><br/>
Fields: class_t0, class_t3, confidence, notes<br/>
Classes: 0 non-forest, 1 natural forest, 2 plantation/tea, 3 water
]]></description><styleUrl>#forest_loss</styleUrl><Point><coordinates>90.447114,24.073810,0</coordinates></Point></Placemark>
<Placemark><name>GAZ-0487</name><description><![CDATA[
<b>GAZ-0487</b><br/>
stratum: forest_loss<br/>
lat, lon: 24.035003, 90.280836<br/>
<hr/>
Record your answer in:<br/>
<code>data/reference/interpretation_gazipur_author_b.csv</code><br/><br/>
Fields: class_t0, class_t3, confidence, notes<br/>
Classes: 0 non-forest, 1 natural forest, 2 plantation/tea, 3 water
]]></description><styleUrl>#forest_loss</styleUrl><Point><coordinates>90.280836,24.035003,0</coordinates></Point></Placemark>
<Placemark><name>GAZ-0488</name><description><![CDATA[
<b>GAZ-0488</b><br/>
stratum: forest_loss<br/>
lat, lon: 24.093753, 90.574315<br/>
<hr/>
Record your answer in:<br/>
<code>data/reference/interpretation_gazipur_author_b.csv</code><br/><br/>
Fields: class_t0, class_t3, confidence, notes<br/>
Classes: 0 non-forest, 1 natural forest, 2 plantation/tea, 3 water
]]></description><styleUrl>#forest_loss</styleUrl><Point><coordinates>90.574315,24.093753,0</coordinates></Point></Placemark>
<Placemark><name>GAZ-0489</name><description><![CDATA[
<b>GAZ-0489</b><br/>
stratum: forest_loss<br/>
lat, lon: 23.967899, 90.536586<br/>
<hr/>
Record your answer in:<br/>
<code>data/reference/interpretation_gazipur_author_b.csv</code><br/><br/>
Fields: class_t0, class_t3, confidence, notes<br/>
Classes: 0 non-forest, 1 natural forest, 2 plantation/tea, 3 water
]]></description><styleUrl>#forest_loss</styleUrl><Point><coordinates>90.536586,23.967899,0</coordinates></Point></Placemark>
<Placemark><name>GAZ-0490</name><description><![CDATA[
<b>GAZ-0490</b><br/>
stratum: forest_loss<br/>
lat, lon: 24.071923, 90.450617<br/>
<hr/>
Record your answer in:<br/>
<code>data/reference/interpretation_gazipur_author_b.csv</code><br/><br/>
Fields: class_t0, class_t3, confidence, notes<br/>
Classes: 0 non-forest, 1 natural forest, 2 plantation/tea, 3 water
]]></description><styleUrl>#forest_loss</styleUrl><Point><coordinates>90.450617,24.071923,0</coordinates></Point></Placemark>
<Placemark><name>GAZ-0491</name><description><![CDATA[
<b>GAZ-0491</b><br/>
stratum: forest_loss<br/>
lat, lon: 24.180530, 90.284878<br/>
<hr/>
Record your answer in:<br/>
<code>data/reference/interpretation_gazipur_author_b.csv</code><br/><br/>
Fields: class_t0, class_t3, confidence, notes<br/>
Classes: 0 non-forest, 1 natural forest, 2 plantation/tea, 3 water
]]></description><styleUrl>#forest_loss</styleUrl><Point><coordinates>90.284878,24.180530,0</coordinates></Point></Placemark>
<Placemark><name>GAZ-0492</name><description><![CDATA[
<b>GAZ-0492</b><br/>
stratum: forest_loss<br/>
lat, lon: 24.160857, 90.263049<br/>
<hr/>
Record your answer in:<br/>
<code>data/reference/interpretation_gazipur_author_b.csv</code><br/><br/>
Fields: class_t0, class_t3, confidence, notes<br/>
Classes: 0 non-forest, 1 natural forest, 2 plantation/tea, 3 water
]]></description><styleUrl>#forest_loss</styleUrl><Point><coordinates>90.263049,24.160857,0</coordinates></Point></Placemark>
<Placemark><name>GAZ-0493</name><description><![CDATA[
<b>GAZ-0493</b><br/>
stratum: forest_loss<br/>
lat, lon: 24.237932, 90.434717<br/>
<hr/>
Record your answer in:<br/>
<code>data/reference/interpretation_gazipur_author_b.csv</code><br/><br/>
Fields: class_t0, class_t3, confidence, notes<br/>
Classes: 0 non-forest, 1 natural forest, 2 plantation/tea, 3 water
]]></description><styleUrl>#forest_loss</styleUrl><Point><coordinates>90.434717,24.237932,0</coordinates></Point></Placemark>
<Placemark><name>GAZ-0494</name><description><![CDATA[
<b>GAZ-0494</b><br/>
stratum: forest_loss<br/>
lat, lon: 24.189423, 90.288921<br/>
<hr/>
Record your answer in:<br/>
<code>data/reference/interpretation_gazipur_author_b.csv</code><br/><br/>
Fields: class_t0, class_t3, confidence, notes<br/>
Classes: 0 non-forest, 1 natural forest, 2 plantation/tea, 3 water
]]></description><styleUrl>#forest_loss</styleUrl><Point><coordinates>90.288921,24.189423,0</coordinates></Point></Placemark>
<Placemark><name>GAZ-0495</name><description><![CDATA[
<b>GAZ-0495</b><br/>
stratum: forest_loss<br/>
lat, lon: 24.150616, 90.271942<br/>
<hr/>
Record your answer in:<br/>
<code>data/reference/interpretation_gazipur_author_b.csv</code><br/><br/>
Fields: class_t0, class_t3, confidence, notes<br/>
Classes: 0 non-forest, 1 natural forest, 2 plantation/tea, 3 water
]]></description><styleUrl>#forest_loss</styleUrl><Point><coordinates>90.271942,24.150616,0</coordinates></Point></Placemark>
<Placemark><name>GAZ-0496</name><description><![CDATA[
<b>GAZ-0496</b><br/>
stratum: forest_loss<br/>
lat, lon: 24.191310, 90.348748<br/>
<hr/>
Record your answer in:<br/>
<code>data/reference/interpretation_gazipur_author_b.csv</code><br/><br/>
Fields: class_t0, class_t3, confidence, notes<br/>
Classes: 0 non-forest, 1 natural forest, 2 plantation/tea, 3 water
]]></description><styleUrl>#forest_loss</styleUrl><Point><coordinates>90.348748,24.191310,0</coordinates></Point></Placemark>
<Placemark><name>GAZ-0497</name><description><![CDATA[
<b>GAZ-0497</b><br/>
stratum: forest_loss<br/>
lat, lon: 24.145226, 90.520147<br/>
<hr/>
Record your answer in:<br/>
<code>data/reference/interpretation_gazipur_author_b.csv</code><br/><br/>
Fields: class_t0, class_t3, confidence, notes<br/>
Classes: 0 non-forest, 1 natural forest, 2 plantation/tea, 3 water
]]></description><styleUrl>#forest_loss</styleUrl><Point><coordinates>90.520147,24.145226,0</coordinates></Point></Placemark>
<Placemark><name>GAZ-0498</name><description><![CDATA[
<b>GAZ-0498</b><br/>
stratum: forest_loss<br/>
lat, lon: 24.168672, 90.323416<br/>
<hr/>
Record your answer in:<br/>
<code>data/reference/interpretation_gazipur_author_b.csv</code><br/><br/>
Fields: class_t0, class_t3, confidence, notes<br/>
Classes: 0 non-forest, 1 natural forest, 2 plantation/tea, 3 water
]]></description><styleUrl>#forest_loss</styleUrl><Point><coordinates>90.323416,24.168672,0</coordinates></Point></Placemark>
<Placemark><name>GAZ-0499</name><description><![CDATA[
<b>GAZ-0499</b><br/>
stratum: forest_loss<br/>
lat, lon: 24.080817, 90.182470<br/>
<hr/>
Record your answer in:<br/>
<code>data/reference/interpretation_gazipur_author_b.csv</code><br/><br/>
Fields: class_t0, class_t3, confidence, notes<br/>
Classes: 0 non-forest, 1 natural forest, 2 plantation/tea, 3 water
]]></description><styleUrl>#forest_loss</styleUrl><Point><coordinates>90.182470,24.080817,0</coordinates></Point></Placemark>
<Placemark><name>GAZ-0500</name><description><![CDATA[
<b>GAZ-0500</b><br/>
stratum: forest_loss<br/>
lat, lon: 24.069498, 90.321260<br/>
<hr/>
Record your answer in:<br/>
<code>data/reference/interpretation_gazipur_author_b.csv</code><br/><br/>
Fields: class_t0, class_t3, confidence, notes<br/>
Classes: 0 non-forest, 1 natural forest, 2 plantation/tea, 3 water
]]></description><styleUrl>#forest_loss</styleUrl><Point><coordinates>90.321260,24.069498,0</coordinates></Point></Placemark>
</Folder>
</Document></kml>