<?xml version="1.0" encoding="UTF-8"?>
<kml xmlns="http://www.opengis.net/kml/2.2"><Document>
<name>EcoVision — sylhet (author_b)</name>
<Style id="stable_non_forest"><IconStyle><color>ff2020e1</color><scale>0.9</scale><Icon><href>http://maps.google.com/mapfiles/kml/shapes/placemark_circle.png</href></Icon></IconStyle><LabelStyle><scale>0.7</scale></LabelStyle></Style>
<Style id="stable_forest"><IconStyle><color>ff4fa159</color><scale>0.9</scale><Icon><href>http://maps.google.com/mapfiles/kml/shapes/placemark_circle.png</href></Icon></IconStyle><LabelStyle><scale>0.7</scale></LabelStyle></Style>
<Style id="forest_loss"><IconStyle><color>ff5957e1</color><scale>0.9</scale><Icon><href>http://maps.google.com/mapfiles/kml/shapes/placemark_circle.png</href></Icon></IconStyle><LabelStyle><scale>0.7</scale></LabelStyle></Style>
<Style id="cyclical"><IconStyle><color>ff02a2f0</color><scale>0.9</scale><Icon><href>http://maps.google.com/mapfiles/kml/shapes/placemark_circle.png</href></Icon></IconStyle><LabelStyle><scale>0.7</scale></LabelStyle></Style>
<Style id="plantation"><IconStyle><color>ffb4783a</color><scale>0.9</scale><Icon><href>http://maps.google.com/mapfiles/kml/shapes/placemark_circle.png</href></Icon></IconStyle><LabelStyle><scale>0.7</scale></LabelStyle></Style>
<Folder><name>Stable non-forest (150)</name>
<Placemark><name>SYL-0001</name><description><![CDATA[
<b>SYL-0001</b><br/>
stratum: stable_non_forest<br/>
lat, lon: 24.895768, 91.929334<br/>
<hr/>
Record your answer in:<br/>
<code>data/reference/interpretation_sylhet_author_b.csv</code><br/><br/>
Fields: class_t0, class_t3, confidence, notes<br/>
Classes: 0 non-forest, 1 natural forest, 2 plantation/tea, 3 water
]]></description><styleUrl>#stable_non_forest</styleUrl><Point><coordinates>91.929334,24.895768,0</coordinates></Point></Placemark>
<Placemark><name>SYL-0002</name><description><![CDATA[
<b>SYL-0002</b><br/>
stratum: stable_non_forest<br/>
lat, lon: 24.840522, 91.963290<br/>
<hr/>
Record your answer in:<br/>
<code>data/reference/interpretation_sylhet_author_b.csv</code><br/><br/>
Fields: class_t0, class_t3, confidence, notes<br/>
Classes: 0 non-forest, 1 natural forest, 2 plantation/tea, 3 water
]]></description><styleUrl>#stable_non_forest</styleUrl><Point><coordinates>91.963290,24.840522,0</coordinates></Point></Placemark>
<Placemark><name>SYL-0003</name><description><![CDATA[
<b>SYL-0003</b><br/>
stratum: stable_non_forest<br/>
lat, lon: 25.091691, 92.110165<br/>
<hr/>
Record your answer in:<br/>
<code>data/reference/interpretation_sylhet_author_b.csv</code><br/><br/>
Fields: class_t0, class_t3, confidence, notes<br/>
Classes: 0 non-forest, 1 natural forest, 2 plantation/tea, 3 water
]]></description><styleUrl>#stable_non_forest</styleUrl><Point><coordinates>92.110165,25.091691,0</coordinates></Point></Placemark>
<Placemark><name>SYL-0004</name><description><![CDATA[
<b>SYL-0004</b><br/>
stratum: stable_non_forest<br/>
lat, lon: 25.003836, 92.096421<br/>
<hr/>
Record your answer in:<br/>
<code>data/reference/interpretation_sylhet_author_b.csv</code><br/><br/>
Fields: class_t0, class_t3, confidence, notes<br/>
Classes: 0 non-forest, 1 natural forest, 2 plantation/tea, 3 water
]]></description><styleUrl>#stable_non_forest</styleUrl><Point><coordinates>92.096421,25.003836,0</coordinates></Point></Placemark>
<Placemark><name>SYL-0005</name><description><![CDATA[
<b>SYL-0005</b><br/>
stratum: stable_non_forest<br/>
lat, lon: 24.932150, 91.753354<br/>
<hr/>
Record your answer in:<br/>
<code>data/reference/interpretation_sylhet_author_b.csv</code><br/><br/>
Fields: class_t0, class_t3, confidence, notes<br/>
Classes: 0 non-forest, 1 natural forest, 2 plantation/tea, 3 water
]]></description><styleUrl>#stable_non_forest</styleUrl><Point><coordinates>91.753354,24.932150,0</coordinates></Point></Placemark>
<Placemark><name>SYL-0006</name><description><![CDATA[
<b>SYL-0006</b><br/>
stratum: stable_non_forest<br/>
lat, lon: 25.073635, 92.193978<br/>
<hr/>
Record your answer in:<br/>
<code>data/reference/interpretation_sylhet_author_b.csv</code><br/><br/>
Fields: class_t0, class_t3, confidence, notes<br/>
Classes: 0 non-forest, 1 natural forest, 2 plantation/tea, 3 water
]]></description><styleUrl>#stable_non_forest</styleUrl><Point><coordinates>92.193978,25.073635,0</coordinates></Point></Placemark>
<Placemark><name>SYL-0007</name><description><![CDATA[
<b>SYL-0007</b><br/>
stratum: stable_non_forest<br/>
lat, lon: 25.105166, 91.861691<br/>
<hr/>
Record your answer in:<br/>
<code>data/reference/interpretation_sylhet_author_b.csv</code><br/><br/>
Fields: class_t0, class_t3, confidence, notes<br/>
Classes: 0 non-forest, 1 natural forest, 2 plantation/tea, 3 water
]]></description><styleUrl>#stable_non_forest</styleUrl><Point><coordinates>91.861691,25.105166,0</coordinates></Point></Placemark>
<Placemark><name>SYL-0008</name><description><![CDATA[
<b>SYL-0008</b><br/>
stratum: stable_non_forest<br/>
lat, lon: 24.703888, 91.891874<br/>
<hr/>
Record your answer in:<br/>
<code>data/reference/interpretation_sylhet_author_b.csv</code><br/><br/>
Fields: class_t0, class_t3, confidence, notes<br/>
Classes: 0 non-forest, 1 natural forest, 2 plantation/tea, 3 water
]]></description><styleUrl>#stable_non_forest</styleUrl><Point><coordinates>91.891874,24.703888,0</coordinates></Point></Placemark>
<Placemark><name>SYL-0009</name><description><![CDATA[
<b>SYL-0009</b><br/>
stratum: stable_non_forest<br/>
lat, lon: 24.785006, 92.095882<br/>
<hr/>
Record your answer in:<br/>
<code>data/reference/interpretation_sylhet_author_b.csv</code><br/><br/>
Fields: class_t0, class_t3, confidence, notes<br/>
Classes: 0 non-forest, 1 natural forest, 2 plantation/tea, 3 water
]]></description><styleUrl>#stable_non_forest</styleUrl><Point><coordinates>92.095882,24.785006,0</coordinates></Point></Placemark>
<Placemark><name>SYL-0010</name><description><![CDATA[
<b>SYL-0010</b><br/>
stratum: stable_non_forest<br/>
lat, lon: 25.053153, 91.879208<br/>
<hr/>
Record your answer in:<br/>
<code>data/reference/interpretation_sylhet_author_b.csv</code><br/><br/>
Fields: class_t0, class_t3, confidence, notes<br/>
Classes: 0 non-forest, 1 natural forest, 2 plantation/tea, 3 water
]]></description><styleUrl>#stable_non_forest</styleUrl><Point><coordinates>91.879208,25.053153,0</coordinates></Point></Placemark>
<Placemark><name>SYL-0011</name><description><![CDATA[
<b>SYL-0011</b><br/>
stratum: stable_non_forest<br/>
lat, lon: 24.794169, 91.690023<br/>
<hr/>
Record your answer in:<br/>
<code>data/reference/interpretation_sylhet_author_b.csv</code><br/><br/>
Fields: class_t0, class_t3, confidence, notes<br/>
Classes: 0 non-forest, 1 natural forest, 2 plantation/tea, 3 water
]]></description><styleUrl>#stable_non_forest</styleUrl><Point><coordinates>91.690023,24.794169,0</coordinates></Point></Placemark>
<Placemark><name>SYL-0012</name><description><![CDATA[
<b>SYL-0012</b><br/>
stratum: stable_non_forest<br/>
lat, lon: 24.926491, 92.157057<br/>
<hr/>
Record your answer in:<br/>
<code>data/reference/interpretation_sylhet_author_b.csv</code><br/><br/>
Fields: class_t0, class_t3, confidence, notes<br/>
Classes: 0 non-forest, 1 natural forest, 2 plantation/tea, 3 water
]]></description><styleUrl>#stable_non_forest</styleUrl><Point><coordinates>92.157057,24.926491,0</coordinates></Point></Placemark>
<Placemark><name>SYL-0013</name><description><![CDATA[
<b>SYL-0013</b><br/>
stratum: stable_non_forest<br/>
lat, lon: 25.063933, 92.300967<br/>
<hr/>
Record your answer in:<br/>
<code>data/reference/interpretation_sylhet_author_b.csv</code><br/><br/>
Fields: class_t0, class_t3, confidence, notes<br/>
Classes: 0 non-forest, 1 natural forest, 2 plantation/tea, 3 water
]]></description><styleUrl>#stable_non_forest</styleUrl><Point><coordinates>92.300967,25.063933,0</coordinates></Point></Placemark>
<Placemark><name>SYL-0014</name><description><![CDATA[
<b>SYL-0014</b><br/>
stratum: stable_non_forest<br/>
lat, lon: 24.713590, 91.795934<br/>
<hr/>
Record your answer in:<br/>
<code>data/reference/interpretation_sylhet_author_b.csv</code><br/><br/>
Fields: class_t0, class_t3, confidence, notes<br/>
Classes: 0 non-forest, 1 natural forest, 2 plantation/tea, 3 water
]]></description><styleUrl>#stable_non_forest</styleUrl><Point><coordinates>91.795934,24.713590,0</coordinates></Point></Placemark>
<Placemark><name>SYL-0015</name><description><![CDATA[
<b>SYL-0015</b><br/>
stratum: stable_non_forest<br/>
lat, lon: 24.927838, 91.897803<br/>
<hr/>
Record your answer in:<br/>
<code>data/reference/interpretation_sylhet_author_b.csv</code><br/><br/>
Fields: class_t0, class_t3, confidence, notes<br/>
Classes: 0 non-forest, 1 natural forest, 2 plantation/tea, 3 water
]]></description><styleUrl>#stable_non_forest</styleUrl><Point><coordinates>91.897803,24.927838,0</coordinates></Point></Placemark>
<Placemark><name>SYL-0016</name><description><![CDATA[
<b>SYL-0016</b><br/>
stratum: stable_non_forest<br/>
lat, lon: 24.967723, 91.781382<br/>
<hr/>
Record your answer in:<br/>
<code>data/reference/interpretation_sylhet_author_b.csv</code><br/><br/>
Fields: class_t0, class_t3, confidence, notes<br/>
Classes: 0 non-forest, 1 natural forest, 2 plantation/tea, 3 water
]]></description><styleUrl>#stable_non_forest</styleUrl><Point><coordinates>91.781382,24.967723,0</coordinates></Point></Placemark>
<Placemark><name>SYL-0017</name><description><![CDATA[
<b>SYL-0017</b><br/>
stratum: stable_non_forest<br/>
lat, lon: 25.044260, 91.902385<br/>
<hr/>
Record your answer in:<br/>
<code>data/reference/interpretation_sylhet_author_b.csv</code><br/><br/>
Fields: class_t0, class_t3, confidence, notes<br/>
Classes: 0 non-forest, 1 natural forest, 2 plantation/tea, 3 water
]]></description><styleUrl>#stable_non_forest</styleUrl><Point><coordinates>91.902385,25.044260,0</coordinates></Point></Placemark>
<Placemark><name>SYL-0018</name><description><![CDATA[
<b>SYL-0018</b><br/>
stratum: stable_non_forest<br/>
lat, lon: 24.821657, 92.192900<br/>
<hr/>
Record your answer in:<br/>
<code>data/reference/interpretation_sylhet_author_b.csv</code><br/><br/>
Fields: class_t0, class_t3, confidence, notes<br/>
Classes: 0 non-forest, 1 natural forest, 2 plantation/tea, 3 water
]]></description><styleUrl>#stable_non_forest</styleUrl><Point><coordinates>92.192900,24.821657,0</coordinates></Point></Placemark>
<Placemark><name>SYL-0019</name><description><![CDATA[
<b>SYL-0019</b><br/>
stratum: stable_non_forest<br/>
lat, lon: 25.040757, 91.884867<br/>
<hr/>
Record your answer in:<br/>
<code>data/reference/interpretation_sylhet_author_b.csv</code><br/><br/>
Fields: class_t0, class_t3, confidence, notes<br/>
Classes: 0 non-forest, 1 natural forest, 2 plantation/tea, 3 water
]]></description><styleUrl>#stable_non_forest</styleUrl><Point><coordinates>91.884867,25.040757,0</coordinates></Point></Placemark>
<Placemark><name>SYL-0020</name><description><![CDATA[
<b>SYL-0020</b><br/>
stratum: stable_non_forest<br/>
lat, lon: 24.833785, 91.689214<br/>
<hr/>
Record your answer in:<br/>
<code>data/reference/interpretation_sylhet_author_b.csv</code><br/><br/>
Fields: class_t0, class_t3, confidence, notes<br/>
Classes: 0 non-forest, 1 natural forest, 2 plantation/tea, 3 water
]]></description><styleUrl>#stable_non_forest</styleUrl><Point><coordinates>91.689214,24.833785,0</coordinates></Point></Placemark>
<Placemark><name>SYL-0021</name><description><![CDATA[
<b>SYL-0021</b><br/>
stratum: stable_non_forest<br/>
lat, lon: 24.602558, 91.710774<br/>
<hr/>
Record your answer in:<br/>
<code>data/reference/interpretation_sylhet_author_b.csv</code><br/><br/>
Fields: class_t0, class_t3, confidence, notes<br/>
Classes: 0 non-forest, 1 natural forest, 2 plantation/tea, 3 water
]]></description><styleUrl>#stable_non_forest</styleUrl><Point><coordinates>91.710774,24.602558,0</coordinates></Point></Placemark>
<Placemark><name>SYL-0022</name><description><![CDATA[
<b>SYL-0022</b><br/>
stratum: stable_non_forest<br/>
lat, lon: 24.868549, 92.140887<br/>
<hr/>
Record your answer in:<br/>
<code>data/reference/interpretation_sylhet_author_b.csv</code><br/><br/>
Fields: class_t0, class_t3, confidence, notes<br/>
Classes: 0 non-forest, 1 natural forest, 2 plantation/tea, 3 water
]]></description><styleUrl>#stable_non_forest</styleUrl><Point><coordinates>92.140887,24.868549,0</coordinates></Point></Placemark>
<Placemark><name>SYL-0023</name><description><![CDATA[
<b>SYL-0023</b><br/>
stratum: stable_non_forest<br/>
lat, lon: 25.166880, 91.868159<br/>
<hr/>
Record your answer in:<br/>
<code>data/reference/interpretation_sylhet_author_b.csv</code><br/><br/>
Fields: class_t0, class_t3, confidence, notes<br/>
Classes: 0 non-forest, 1 natural forest, 2 plantation/tea, 3 water
]]></description><styleUrl>#stable_non_forest</styleUrl><Point><coordinates>91.868159,25.166880,0</coordinates></Point></Placemark>
<Placemark><name>SYL-0024</name><description><![CDATA[
<b>SYL-0024</b><br/>
stratum: stable_non_forest<br/>
lat, lon: 24.787971, 91.840401<br/>
<hr/>
Record your answer in:<br/>
<code>data/reference/interpretation_sylhet_author_b.csv</code><br/><br/>
Fields: class_t0, class_t3, confidence, notes<br/>
Classes: 0 non-forest, 1 natural forest, 2 plantation/tea, 3 water
]]></description><styleUrl>#stable_non_forest</styleUrl><Point><coordinates>91.840401,24.787971,0</coordinates></Point></Placemark>
<Placemark><name>SYL-0025</name><description><![CDATA[
<b>SYL-0025</b><br/>
stratum: stable_non_forest<br/>
lat, lon: 24.697420, 91.753624<br/>
<hr/>
Record your answer in:<br/>
<code>data/reference/interpretation_sylhet_author_b.csv</code><br/><br/>
Fields: class_t0, class_t3, confidence, notes<br/>
Classes: 0 non-forest, 1 natural forest, 2 plantation/tea, 3 water
]]></description><styleUrl>#stable_non_forest</styleUrl><Point><coordinates>91.753624,24.697420,0</coordinates></Point></Placemark>
<Placemark><name>SYL-0026</name><description><![CDATA[
<b>SYL-0026</b><br/>
stratum: stable_non_forest<br/>
lat, lon: 25.096811, 91.960865<br/>
<hr/>
Record your answer in:<br/>
<code>data/reference/interpretation_sylhet_author_b.csv</code><br/><br/>
Fields: class_t0, class_t3, confidence, notes<br/>
Classes: 0 non-forest, 1 natural forest, 2 plantation/tea, 3 water
]]></description><styleUrl>#stable_non_forest</styleUrl><Point><coordinates>91.960865,25.096811,0</coordinates></Point></Placemark>
<Placemark><name>SYL-0027</name><description><![CDATA[
<b>SYL-0027</b><br/>
stratum: stable_non_forest<br/>
lat, lon: 25.142895, 91.930143<br/>
<hr/>
Record your answer in:<br/>
<code>data/reference/interpretation_sylhet_author_b.csv</code><br/><br/>
Fields: class_t0, class_t3, confidence, notes<br/>
Classes: 0 non-forest, 1 natural forest, 2 plantation/tea, 3 water
]]></description><styleUrl>#stable_non_forest</styleUrl><Point><coordinates>91.930143,25.142895,0</coordinates></Point></Placemark>
<Placemark><name>SYL-0028</name><description><![CDATA[
<b>SYL-0028</b><br/>
stratum: stable_non_forest<br/>
lat, lon: 24.843756, 92.214729<br/>
<hr/>
Record your answer in:<br/>
<code>data/reference/interpretation_sylhet_author_b.csv</code><br/><br/>
Fields: class_t0, class_t3, confidence, notes<br/>
Classes: 0 non-forest, 1 natural forest, 2 plantation/tea, 3 water
]]></description><styleUrl>#stable_non_forest</styleUrl><Point><coordinates>92.214729,24.843756,0</coordinates></Point></Placemark>
<Placemark><name>SYL-0029</name><description><![CDATA[
<b>SYL-0029</b><br/>
stratum: stable_non_forest<br/>
lat, lon: 25.152058, 91.779226<br/>
<hr/>
Record your answer in:<br/>
<code>data/reference/interpretation_sylhet_author_b.csv</code><br/><br/>
Fields: class_t0, class_t3, confidence, notes<br/>
Classes: 0 non-forest, 1 natural forest, 2 plantation/tea, 3 water
]]></description><styleUrl>#stable_non_forest</styleUrl><Point><coordinates>91.779226,25.152058,0</coordinates></Point></Placemark>
<Placemark><name>SYL-0030</name><description><![CDATA[
<b>SYL-0030</b><br/>
stratum: stable_non_forest<br/>
lat, lon: 24.976078, 91.852798<br/>
<hr/>
Record your answer in:<br/>
<code>data/reference/interpretation_sylhet_author_b.csv</code><br/><br/>
Fields: class_t0, class_t3, confidence, notes<br/>
Classes: 0 non-forest, 1 natural forest, 2 plantation/tea, 3 water
]]></description><styleUrl>#stable_non_forest</styleUrl><Point><coordinates>91.852798,24.976078,0</coordinates></Point></Placemark>
<Placemark><name>SYL-0031</name><description><![CDATA[
<b>SYL-0031</b><br/>
stratum: stable_non_forest<br/>
lat, lon: 24.806566, 91.753893<br/>
<hr/>
Record your answer in:<br/>
<code>data/reference/interpretation_sylhet_author_b.csv</code><br/><br/>
Fields: class_t0, class_t3, confidence, notes<br/>
Classes: 0 non-forest, 1 natural forest, 2 plantation/tea, 3 water
]]></description><styleUrl>#stable_non_forest</styleUrl><Point><coordinates>91.753893,24.806566,0</coordinates></Point></Placemark>
<Placemark><name>SYL-0032</name><description><![CDATA[
<b>SYL-0032</b><br/>
stratum: stable_non_forest<br/>
lat, lon: 25.155292, 92.009643<br/>
<hr/>
Record your answer in:<br/>
<code>data/reference/interpretation_sylhet_author_b.csv</code><br/><br/>
Fields: class_t0, class_t3, confidence, notes<br/>
Classes: 0 non-forest, 1 natural forest, 2 plantation/tea, 3 water
]]></description><styleUrl>#stable_non_forest</styleUrl><Point><coordinates>92.009643,25.155292,0</coordinates></Point></Placemark>
<Placemark><name>SYL-0033</name><description><![CDATA[
<b>SYL-0033</b><br/>
stratum: stable_non_forest<br/>
lat, lon: 24.824622, 91.685711<br/>
<hr/>
Record your answer in:<br/>
<code>data/reference/interpretation_sylhet_author_b.csv</code><br/><br/>
Fields: class_t0, class_t3, confidence, notes<br/>
Classes: 0 non-forest, 1 natural forest, 2 plantation/tea, 3 water
]]></description><styleUrl>#stable_non_forest</styleUrl><Point><coordinates>91.685711,24.824622,0</coordinates></Point></Placemark>
<Placemark><name>SYL-0034</name><description><![CDATA[
<b>SYL-0034</b><br/>
stratum: stable_non_forest<br/>
lat, lon: 25.008687, 91.980269<br/>
<hr/>
Record your answer in:<br/>
<code>data/reference/interpretation_sylhet_author_b.csv</code><br/><br/>
Fields: class_t0, class_t3, confidence, notes<br/>
Classes: 0 non-forest, 1 natural forest, 2 plantation/tea, 3 water
]]></description><styleUrl>#stable_non_forest</styleUrl><Point><coordinates>91.980269,25.008687,0</coordinates></Point></Placemark>
<Placemark><name>SYL-0035</name><description><![CDATA[
<b>SYL-0035</b><br/>
stratum: stable_non_forest<br/>
lat, lon: 25.138853, 91.905619<br/>
<hr/>
Record your answer in:<br/>
<code>data/reference/interpretation_sylhet_author_b.csv</code><br/><br/>
Fields: class_t0, class_t3, confidence, notes<br/>
Classes: 0 non-forest, 1 natural forest, 2 plantation/tea, 3 water
]]></description><styleUrl>#stable_non_forest</styleUrl><Point><coordinates>91.905619,25.138853,0</coordinates></Point></Placemark>
<Placemark><name>SYL-0036</name><description><![CDATA[
<b>SYL-0036</b><br/>
stratum: stable_non_forest<br/>
lat, lon: 24.603906, 91.742305<br/>
<hr/>
Record your answer in:<br/>
<code>data/reference/interpretation_sylhet_author_b.csv</code><br/><br/>
Fields: class_t0, class_t3, confidence, notes<br/>
Classes: 0 non-forest, 1 natural forest, 2 plantation/tea, 3 water
]]></description><styleUrl>#stable_non_forest</styleUrl><Point><coordinates>91.742305,24.603906,0</coordinates></Point></Placemark>
<Placemark><name>SYL-0037</name><description><![CDATA[
<b>SYL-0037</b><br/>
stratum: stable_non_forest<br/>
lat, lon: 24.751319, 91.784346<br/>
<hr/>
Record your answer in:<br/>
<code>data/reference/interpretation_sylhet_author_b.csv</code><br/><br/>
Fields: class_t0, class_t3, confidence, notes<br/>
Classes: 0 non-forest, 1 natural forest, 2 plantation/tea, 3 water
]]></description><styleUrl>#stable_non_forest</styleUrl><Point><coordinates>91.784346,24.751319,0</coordinates></Point></Placemark>
<Placemark><name>SYL-0038</name><description><![CDATA[
<b>SYL-0038</b><br/>
stratum: stable_non_forest<br/>
lat, lon: 24.955057, 92.450267<br/>
<hr/>
Record your answer in:<br/>
<code>data/reference/interpretation_sylhet_author_b.csv</code><br/><br/>
Fields: class_t0, class_t3, confidence, notes<br/>
Classes: 0 non-forest, 1 natural forest, 2 plantation/tea, 3 water
]]></description><styleUrl>#stable_non_forest</styleUrl><Point><coordinates>92.450267,24.955057,0</coordinates></Point></Placemark>
<Placemark><name>SYL-0039</name><description><![CDATA[
<b>SYL-0039</b><br/>
stratum: stable_non_forest<br/>
lat, lon: 24.839983, 91.876244<br/>
<hr/>
Record your answer in:<br/>
<code>data/reference/interpretation_sylhet_author_b.csv</code><br/><br/>
Fields: class_t0, class_t3, confidence, notes<br/>
Classes: 0 non-forest, 1 natural forest, 2 plantation/tea, 3 water
]]></description><styleUrl>#stable_non_forest</styleUrl><Point><coordinates>91.876244,24.839983,0</coordinates></Point></Placemark>
<Placemark><name>SYL-0040</name><description><![CDATA[
<b>SYL-0040</b><br/>
stratum: stable_non_forest<br/>
lat, lon: 25.100045, 92.089683<br/>
<hr/>
Record your answer in:<br/>
<code>data/reference/interpretation_sylhet_author_b.csv</code><br/><br/>
Fields: class_t0, class_t3, confidence, notes<br/>
Classes: 0 non-forest, 1 natural forest, 2 plantation/tea, 3 water
]]></description><styleUrl>#stable_non_forest</styleUrl><Point><coordinates>92.089683,25.100045,0</coordinates></Point></Placemark>
<Placemark><name>SYL-0041</name><description><![CDATA[
<b>SYL-0041</b><br/>
stratum: stable_non_forest<br/>
lat, lon: 24.857231, 92.053032<br/>
<hr/>
Record your answer in:<br/>
<code>data/reference/interpretation_sylhet_author_b.csv</code><br/><br/>
Fields: class_t0, class_t3, confidence, notes<br/>
Classes: 0 non-forest, 1 natural forest, 2 plantation/tea, 3 water
]]></description><styleUrl>#stable_non_forest</styleUrl><Point><coordinates>92.053032,24.857231,0</coordinates></Point></Placemark>
<Placemark><name>SYL-0042</name><description><![CDATA[
<b>SYL-0042</b><br/>
stratum: stable_non_forest<br/>
lat, lon: 24.722214, 91.734759<br/>
<hr/>
Record your answer in:<br/>
<code>data/reference/interpretation_sylhet_author_b.csv</code><br/><br/>
Fields: class_t0, class_t3, confidence, notes<br/>
Classes: 0 non-forest, 1 natural forest, 2 plantation/tea, 3 water
]]></description><styleUrl>#stable_non_forest</styleUrl><Point><coordinates>91.734759,24.722214,0</coordinates></Point></Placemark>
<Placemark><name>SYL-0043</name><description><![CDATA[
<b>SYL-0043</b><br/>
stratum: stable_non_forest<br/>
lat, lon: 24.961525, 92.445955<br/>
<hr/>
Record your answer in:<br/>
<code>data/reference/interpretation_sylhet_author_b.csv</code><br/><br/>
Fields: class_t0, class_t3, confidence, notes<br/>
Classes: 0 non-forest, 1 natural forest, 2 plantation/tea, 3 water
]]></description><styleUrl>#stable_non_forest</styleUrl><Point><coordinates>92.445955,24.961525,0</coordinates></Point></Placemark>
<Placemark><name>SYL-0044</name><description><![CDATA[
<b>SYL-0044</b><br/>
stratum: stable_non_forest<br/>
lat, lon: 25.000063, 92.107200<br/>
<hr/>
Record your answer in:<br/>
<code>data/reference/interpretation_sylhet_author_b.csv</code><br/><br/>
Fields: class_t0, class_t3, confidence, notes<br/>
Classes: 0 non-forest, 1 natural forest, 2 plantation/tea, 3 water
]]></description><styleUrl>#stable_non_forest</styleUrl><Point><coordinates>92.107200,25.000063,0</coordinates></Point></Placemark>
<Placemark><name>SYL-0045</name><description><![CDATA[
<b>SYL-0045</b><br/>
stratum: stable_non_forest<br/>
lat, lon: 24.785276, 91.788927<br/>
<hr/>
Record your answer in:<br/>
<code>data/reference/interpretation_sylhet_author_b.csv</code><br/><br/>
Fields: class_t0, class_t3, confidence, notes<br/>
Classes: 0 non-forest, 1 natural forest, 2 plantation/tea, 3 water
]]></description><styleUrl>#stable_non_forest</styleUrl><Point><coordinates>91.788927,24.785276,0</coordinates></Point></Placemark>
<Placemark><name>SYL-0046</name><description><![CDATA[
<b>SYL-0046</b><br/>
stratum: stable_non_forest<br/>
lat, lon: 25.077408, 91.828004<br/>
<hr/>
Record your answer in:<br/>
<code>data/reference/interpretation_sylhet_author_b.csv</code><br/><br/>
Fields: class_t0, class_t3, confidence, notes<br/>
Classes: 0 non-forest, 1 natural forest, 2 plantation/tea, 3 water
]]></description><styleUrl>#stable_non_forest</styleUrl><Point><coordinates>91.828004,25.077408,0</coordinates></Point></Placemark>
<Placemark><name>SYL-0047</name><description><![CDATA[
<b>SYL-0047</b><br/>
stratum: stable_non_forest<br/>
lat, lon: 24.850763, 91.778417<br/>
<hr/>
Record your answer in:<br/>
<code>data/reference/interpretation_sylhet_author_b.csv</code><br/><br/>
Fields: class_t0, class_t3, confidence, notes<br/>
Classes: 0 non-forest, 1 natural forest, 2 plantation/tea, 3 water
]]></description><styleUrl>#stable_non_forest</styleUrl><Point><coordinates>91.778417,24.850763,0</coordinates></Point></Placemark>
<Placemark><name>SYL-0048</name><description><![CDATA[
<b>SYL-0048</b><br/>
stratum: stable_non_forest<br/>
lat, lon: 24.906009, 91.979999<br/>
<hr/>
Record your answer in:<br/>
<code>data/reference/interpretation_sylhet_author_b.csv</code><br/><br/>
Fields: class_t0, class_t3, confidence, notes<br/>
Classes: 0 non-forest, 1 natural forest, 2 plantation/tea, 3 water
]]></description><styleUrl>#stable_non_forest</styleUrl><Point><coordinates>91.979999,24.906009,0</coordinates></Point></Placemark>
<Placemark><name>SYL-0049</name><description><![CDATA[
<b>SYL-0049</b><br/>
stratum: stable_non_forest<br/>
lat, lon: 24.734072, 91.858457<br/>
<hr/>
Record your answer in:<br/>
<code>data/reference/interpretation_sylhet_author_b.csv</code><br/><br/>
Fields: class_t0, class_t3, confidence, notes<br/>
Classes: 0 non-forest, 1 natural forest, 2 plantation/tea, 3 water
]]></description><styleUrl>#stable_non_forest</styleUrl><Point><coordinates>91.858457,24.734072,0</coordinates></Point></Placemark>
<Placemark><name>SYL-0050</name><description><![CDATA[
<b>SYL-0050</b><br/>
stratum: stable_non_forest<br/>
lat, lon: 24.841331, 91.760900<br/>
<hr/>
Record your answer in:<br/>
<code>data/reference/interpretation_sylhet_author_b.csv</code><br/><br/>
Fields: class_t0, class_t3, confidence, notes<br/>
Classes: 0 non-forest, 1 natural forest, 2 plantation/tea, 3 water
]]></description><styleUrl>#stable_non_forest</styleUrl><Point><coordinates>91.760900,24.841331,0</coordinates></Point></Placemark>
<Placemark><name>SYL-0051</name><description><![CDATA[
<b>SYL-0051</b><br/>
stratum: stable_non_forest<br/>
lat, lon: 24.957213, 92.396099<br/>
<hr/>
Record your answer in:<br/>
<code>data/reference/interpretation_sylhet_author_b.csv</code><br/><br/>
Fields: class_t0, class_t3, confidence, notes<br/>
Classes: 0 non-forest, 1 natural forest, 2 plantation/tea, 3 water
]]></description><styleUrl>#stable_non_forest</styleUrl><Point><coordinates>92.396099,24.957213,0</coordinates></Point></Placemark>
<Placemark><name>SYL-0052</name><description><![CDATA[
<b>SYL-0052</b><br/>
stratum: stable_non_forest<br/>
lat, lon: 25.088727, 92.144930<br/>
<hr/>
Record your answer in:<br/>
<code>data/reference/interpretation_sylhet_author_b.csv</code><br/><br/>
Fields: class_t0, class_t3, confidence, notes<br/>
Classes: 0 non-forest, 1 natural forest, 2 plantation/tea, 3 water
]]></description><styleUrl>#stable_non_forest</styleUrl><Point><coordinates>92.144930,25.088727,0</coordinates></Point></Placemark>
<Placemark><name>SYL-0053</name><description><![CDATA[
<b>SYL-0053</b><br/>
stratum: stable_non_forest<br/>
lat, lon: 25.064472, 92.052763<br/>
<hr/>
Record your answer in:<br/>
<code>data/reference/interpretation_sylhet_author_b.csv</code><br/><br/>
Fields: class_t0, class_t3, confidence, notes<br/>
Classes: 0 non-forest, 1 natural forest, 2 plantation/tea, 3 water
]]></description><styleUrl>#stable_non_forest</styleUrl><Point><coordinates>92.052763,25.064472,0</coordinates></Point></Placemark>
<Placemark><name>SYL-0054</name><description><![CDATA[
<b>SYL-0054</b><br/>
stratum: stable_non_forest<br/>
lat, lon: 24.992517, 91.792161<br/>
<hr/>
Record your answer in:<br/>
<code>data/reference/interpretation_sylhet_author_b.csv</code><br/><br/>
Fields: class_t0, class_t3, confidence, notes<br/>
Classes: 0 non-forest, 1 natural forest, 2 plantation/tea, 3 water
]]></description><styleUrl>#stable_non_forest</styleUrl><Point><coordinates>91.792161,24.992517,0</coordinates></Point></Placemark>
<Placemark><name>SYL-0055</name><description><![CDATA[
<b>SYL-0055</b><br/>
stratum: stable_non_forest<br/>
lat, lon: 24.975000, 91.721015<br/>
<hr/>
Record your answer in:<br/>
<code>data/reference/interpretation_sylhet_author_b.csv</code><br/><br/>
Fields: class_t0, class_t3, confidence, notes<br/>
Classes: 0 non-forest, 1 natural forest, 2 plantation/tea, 3 water
]]></description><styleUrl>#stable_non_forest</styleUrl><Point><coordinates>91.721015,24.975000,0</coordinates></Point></Placemark>
<Placemark><name>SYL-0056</name><description><![CDATA[
<b>SYL-0056</b><br/>
stratum: stable_non_forest<br/>
lat, lon: 24.871244, 92.195056<br/>
<hr/>
Record your answer in:<br/>
<code>data/reference/interpretation_sylhet_author_b.csv</code><br/><br/>
Fields: class_t0, class_t3, confidence, notes<br/>
Classes: 0 non-forest, 1 natural forest, 2 plantation/tea, 3 water
]]></description><styleUrl>#stable_non_forest</styleUrl><Point><coordinates>92.195056,24.871244,0</coordinates></Point></Placemark>
<Placemark><name>SYL-0057</name><description><![CDATA[
<b>SYL-0057</b><br/>
stratum: stable_non_forest<br/>
lat, lon: 25.123761, 91.818302<br/>
<hr/>
Record your answer in:<br/>
<code>data/reference/interpretation_sylhet_author_b.csv</code><br/><br/>
Fields: class_t0, class_t3, confidence, notes<br/>
Classes: 0 non-forest, 1 natural forest, 2 plantation/tea, 3 water
]]></description><styleUrl>#stable_non_forest</styleUrl><Point><coordinates>91.818302,25.123761,0</coordinates></Point></Placemark>
<Placemark><name>SYL-0058</name><description><![CDATA[
<b>SYL-0058</b><br/>
stratum: stable_non_forest<br/>
lat, lon: 24.887953, 92.064351<br/>
<hr/>
Record your answer in:<br/>
<code>data/reference/interpretation_sylhet_author_b.csv</code><br/><br/>
Fields: class_t0, class_t3, confidence, notes<br/>
Classes: 0 non-forest, 1 natural forest, 2 plantation/tea, 3 water
]]></description><styleUrl>#stable_non_forest</styleUrl><Point><coordinates>92.064351,24.887953,0</coordinates></Point></Placemark>
<Placemark><name>SYL-0059</name><description><![CDATA[
<b>SYL-0059</b><br/>
stratum: stable_non_forest<br/>
lat, lon: 25.026473, 91.761439<br/>
<hr/>
Record your answer in:<br/>
<code>data/reference/interpretation_sylhet_author_b.csv</code><br/><br/>
Fields: class_t0, class_t3, confidence, notes<br/>
Classes: 0 non-forest, 1 natural forest, 2 plantation/tea, 3 water
]]></description><styleUrl>#stable_non_forest</styleUrl><Point><coordinates>91.761439,25.026473,0</coordinates></Point></Placemark>
<Placemark><name>SYL-0060</name><description><![CDATA[
<b>SYL-0060</b><br/>
stratum: stable_non_forest<br/>
lat, lon: 24.717632, 91.844174<br/>
<hr/>
Record your answer in:<br/>
<code>data/reference/interpretation_sylhet_author_b.csv</code><br/><br/>
Fields: class_t0, class_t3, confidence, notes<br/>
Classes: 0 non-forest, 1 natural forest, 2 plantation/tea, 3 water
]]></description><styleUrl>#stable_non_forest</styleUrl><Point><coordinates>91.844174,24.717632,0</coordinates></Point></Placemark>
<Placemark><name>SYL-0061</name><description><![CDATA[
<b>SYL-0061</b><br/>
stratum: stable_non_forest<br/>
lat, lon: 25.024587, 91.843635<br/>
<hr/>
Record your answer in:<br/>
<code>data/reference/interpretation_sylhet_author_b.csv</code><br/><br/>
Fields: class_t0, class_t3, confidence, notes<br/>
Classes: 0 non-forest, 1 natural forest, 2 plantation/tea, 3 water
]]></description><styleUrl>#stable_non_forest</styleUrl><Point><coordinates>91.843635,25.024587,0</coordinates></Point></Placemark>
<Placemark><name>SYL-0062</name><description><![CDATA[
<b>SYL-0062</b><br/>
stratum: stable_non_forest<br/>
lat, lon: 24.977964, 92.324683<br/>
<hr/>
Record your answer in:<br/>
<code>data/reference/interpretation_sylhet_author_b.csv</code><br/><br/>
Fields: class_t0, class_t3, confidence, notes<br/>
Classes: 0 non-forest, 1 natural forest, 2 plantation/tea, 3 water
]]></description><styleUrl>#stable_non_forest</styleUrl><Point><coordinates>92.324683,24.977964,0</coordinates></Point></Placemark>
<Placemark><name>SYL-0063</name><description><![CDATA[
<b>SYL-0063</b><br/>
stratum: stable_non_forest<br/>
lat, lon: 24.820849, 91.839323<br/>
<hr/>
Record your answer in:<br/>
<code>data/reference/interpretation_sylhet_author_b.csv</code><br/><br/>
Fields: class_t0, class_t3, confidence, notes<br/>
Classes: 0 non-forest, 1 natural forest, 2 plantation/tea, 3 water
]]></description><styleUrl>#stable_non_forest</styleUrl><Point><coordinates>91.839323,24.820849,0</coordinates></Point></Placemark>
<Placemark><name>SYL-0064</name><description><![CDATA[
<b>SYL-0064</b><br/>
stratum: stable_non_forest<br/>
lat, lon: 24.666698, 91.655528<br/>
<hr/>
Record your answer in:<br/>
<code>data/reference/interpretation_sylhet_author_b.csv</code><br/><br/>
Fields: class_t0, class_t3, confidence, notes<br/>
Classes: 0 non-forest, 1 natural forest, 2 plantation/tea, 3 water
]]></description><styleUrl>#stable_non_forest</styleUrl><Point><coordinates>91.655528,24.666698,0</coordinates></Point></Placemark>
<Placemark><name>SYL-0065</name><description><![CDATA[
<b>SYL-0065</b><br/>
stratum: stable_non_forest<br/>
lat, lon: 24.779886, 91.881903<br/>
<hr/>
Record your answer in:<br/>
<code>data/reference/interpretation_sylhet_author_b.csv</code><br/><br/>
Fields: class_t0, class_t3, confidence, notes<br/>
Classes: 0 non-forest, 1 natural forest, 2 plantation/tea, 3 water
]]></description><styleUrl>#stable_non_forest</styleUrl><Point><coordinates>91.881903,24.779886,0</coordinates></Point></Placemark>
<Placemark><name>SYL-0066</name><description><![CDATA[
<b>SYL-0066</b><br/>
stratum: stable_non_forest<br/>
lat, lon: 25.142356, 92.043330<br/>
<hr/>
Record your answer in:<br/>
<code>data/reference/interpretation_sylhet_author_b.csv</code><br/><br/>
Fields: class_t0, class_t3, confidence, notes<br/>
Classes: 0 non-forest, 1 natural forest, 2 plantation/tea, 3 water
]]></description><styleUrl>#stable_non_forest</styleUrl><Point><coordinates>92.043330,25.142356,0</coordinates></Point></Placemark>
<Placemark><name>SYL-0067</name><description><![CDATA[
<b>SYL-0067</b><br/>
stratum: stable_non_forest<br/>
lat, lon: 25.114868, 91.746078<br/>
<hr/>
Record your answer in:<br/>
<code>data/reference/interpretation_sylhet_author_b.csv</code><br/><br/>
Fields: class_t0, class_t3, confidence, notes<br/>
Classes: 0 non-forest, 1 natural forest, 2 plantation/tea, 3 water
]]></description><styleUrl>#stable_non_forest</styleUrl><Point><coordinates>91.746078,25.114868,0</coordinates></Point></Placemark>
<Placemark><name>SYL-0068</name><description><![CDATA[
<b>SYL-0068</b><br/>
stratum: stable_non_forest<br/>
lat, lon: 24.727065, 91.838784<br/>
<hr/>
Record your answer in:<br/>
<code>data/reference/interpretation_sylhet_author_b.csv</code><br/><br/>
Fields: class_t0, class_t3, confidence, notes<br/>
Classes: 0 non-forest, 1 natural forest, 2 plantation/tea, 3 water
]]></description><styleUrl>#stable_non_forest</styleUrl><Point><coordinates>91.838784,24.727065,0</coordinates></Point></Placemark>
<Placemark><name>SYL-0069</name><description><![CDATA[
<b>SYL-0069</b><br/>
stratum: stable_non_forest<br/>
lat, lon: 24.880946, 91.871123<br/>
<hr/>
Record your answer in:<br/>
<code>data/reference/interpretation_sylhet_author_b.csv</code><br/><br/>
Fields: class_t0, class_t3, confidence, notes<br/>
Classes: 0 non-forest, 1 natural forest, 2 plantation/tea, 3 water
]]></description><styleUrl>#stable_non_forest</styleUrl><Point><coordinates>91.871123,24.880946,0</coordinates></Point></Placemark>
<Placemark><name>SYL-0070</name><description><![CDATA[
<b>SYL-0070</b><br/>
stratum: stable_non_forest<br/>
lat, lon: 24.789588, 92.051954<br/>
<hr/>
Record your answer in:<br/>
<code>data/reference/interpretation_sylhet_author_b.csv</code><br/><br/>
Fields: class_t0, class_t3, confidence, notes<br/>
Classes: 0 non-forest, 1 natural forest, 2 plantation/tea, 3 water
]]></description><styleUrl>#stable_non_forest</styleUrl><Point><coordinates>92.051954,24.789588,0</coordinates></Point></Placemark>
<Placemark><name>SYL-0071</name><description><![CDATA[
<b>SYL-0071</b><br/>
stratum: stable_non_forest<br/>
lat, lon: 24.750780, 91.845521<br/>
<hr/>
Record your answer in:<br/>
<code>data/reference/interpretation_sylhet_author_b.csv</code><br/><br/>
Fields: class_t0, class_t3, confidence, notes<br/>
Classes: 0 non-forest, 1 natural forest, 2 plantation/tea, 3 water
]]></description><styleUrl>#stable_non_forest</styleUrl><Point><coordinates>91.845521,24.750780,0</coordinates></Point></Placemark>
<Placemark><name>SYL-0072</name><description><![CDATA[
<b>SYL-0072</b><br/>
stratum: stable_non_forest<br/>
lat, lon: 25.077947, 91.785424<br/>
<hr/>
Record your answer in:<br/>
<code>data/reference/interpretation_sylhet_author_b.csv</code><br/><br/>
Fields: class_t0, class_t3, confidence, notes<br/>
Classes: 0 non-forest, 1 natural forest, 2 plantation/tea, 3 water
]]></description><styleUrl>#stable_non_forest</styleUrl><Point><coordinates>91.785424,25.077947,0</coordinates></Point></Placemark>
<Placemark><name>SYL-0073</name><description><![CDATA[
<b>SYL-0073</b><br/>
stratum: stable_non_forest<br/>
lat, lon: 25.016771, 92.252189<br/>
<hr/>
Record your answer in:<br/>
<code>data/reference/interpretation_sylhet_author_b.csv</code><br/><br/>
Fields: class_t0, class_t3, confidence, notes<br/>
Classes: 0 non-forest, 1 natural forest, 2 plantation/tea, 3 water
]]></description><styleUrl>#stable_non_forest</styleUrl><Point><coordinates>92.252189,25.016771,0</coordinates></Point></Placemark>
<Placemark><name>SYL-0074</name><description><![CDATA[
<b>SYL-0074</b><br/>
stratum: stable_non_forest<br/>
lat, lon: 24.699846, 91.975148<br/>
<hr/>
Record your answer in:<br/>
<code>data/reference/interpretation_sylhet_author_b.csv</code><br/><br/>
Fields: class_t0, class_t3, confidence, notes<br/>
Classes: 0 non-forest, 1 natural forest, 2 plantation/tea, 3 water
]]></description><styleUrl>#stable_non_forest</styleUrl><Point><coordinates>91.975148,24.699846,0</coordinates></Point></Placemark>
<Placemark><name>SYL-0075</name><description><![CDATA[
<b>SYL-0075</b><br/>
stratum: stable_non_forest<br/>
lat, lon: 25.000332, 92.246260<br/>
<hr/>
Record your answer in:<br/>
<code>data/reference/interpretation_sylhet_author_b.csv</code><br/><br/>
Fields: class_t0, class_t3, confidence, notes<br/>
Classes: 0 non-forest, 1 natural forest, 2 plantation/tea, 3 water
]]></description><styleUrl>#stable_non_forest</styleUrl><Point><coordinates>92.246260,25.000332,0</coordinates></Point></Placemark>
<Placemark><name>SYL-0076</name><description><![CDATA[
<b>SYL-0076</b><br/>
stratum: stable_non_forest<br/>
lat, lon: 24.786084, 92.140618<br/>
<hr/>
Record your answer in:<br/>
<code>data/reference/interpretation_sylhet_author_b.csv</code><br/><br/>
Fields: class_t0, class_t3, confidence, notes<br/>
Classes: 0 non-forest, 1 natural forest, 2 plantation/tea, 3 water
]]></description><styleUrl>#stable_non_forest</styleUrl><Point><coordinates>92.140618,24.786084,0</coordinates></Point></Placemark>
<Placemark><name>SYL-0077</name><description><![CDATA[
<b>SYL-0077</b><br/>
stratum: stable_non_forest<br/>
lat, lon: 24.892534, 91.906158<br/>
<hr/>
Record your answer in:<br/>
<code>data/reference/interpretation_sylhet_author_b.csv</code><br/><br/>
Fields: class_t0, class_t3, confidence, notes<br/>
Classes: 0 non-forest, 1 natural forest, 2 plantation/tea, 3 water
]]></description><styleUrl>#stable_non_forest</styleUrl><Point><coordinates>91.906158,24.892534,0</coordinates></Point></Placemark>
<Placemark><name>SYL-0078</name><description><![CDATA[
<b>SYL-0078</b><br/>
stratum: stable_non_forest<br/>
lat, lon: 24.626543, 91.696760<br/>
<hr/>
Record your answer in:<br/>
<code>data/reference/interpretation_sylhet_author_b.csv</code><br/><br/>
Fields: class_t0, class_t3, confidence, notes<br/>
Classes: 0 non-forest, 1 natural forest, 2 plantation/tea, 3 water
]]></description><styleUrl>#stable_non_forest</styleUrl><Point><coordinates>91.696760,24.626543,0</coordinates></Point></Placemark>
<Placemark><name>SYL-0079</name><description><![CDATA[
<b>SYL-0079</b><br/>
stratum: stable_non_forest<br/>
lat, lon: 25.147476, 91.813182<br/>
<hr/>
Record your answer in:<br/>
<code>data/reference/interpretation_sylhet_author_b.csv</code><br/><br/>
Fields: class_t0, class_t3, confidence, notes<br/>
Classes: 0 non-forest, 1 natural forest, 2 plantation/tea, 3 water
]]></description><styleUrl>#stable_non_forest</styleUrl><Point><coordinates>91.813182,25.147476,0</coordinates></Point></Placemark>
<Placemark><name>SYL-0080</name><description><![CDATA[
<b>SYL-0080</b><br/>
stratum: stable_non_forest<br/>
lat, lon: 25.096272, 92.061386<br/>
<hr/>
Record your answer in:<br/>
<code>data/reference/interpretation_sylhet_author_b.csv</code><br/><br/>
Fields: class_t0, class_t3, confidence, notes<br/>
Classes: 0 non-forest, 1 natural forest, 2 plantation/tea, 3 water
]]></description><styleUrl>#stable_non_forest</styleUrl><Point><coordinates>92.061386,25.096272,0</coordinates></Point></Placemark>
<Placemark><name>SYL-0081</name><description><![CDATA[
<b>SYL-0081</b><br/>
stratum: stable_non_forest<br/>
lat, lon: 25.010843, 92.260543<br/>
<hr/>
Record your answer in:<br/>
<code>data/reference/interpretation_sylhet_author_b.csv</code><br/><br/>
Fields: class_t0, class_t3, confidence, notes<br/>
Classes: 0 non-forest, 1 natural forest, 2 plantation/tea, 3 water
]]></description><styleUrl>#stable_non_forest</styleUrl><Point><coordinates>92.260543,25.010843,0</coordinates></Point></Placemark>
<Placemark><name>SYL-0082</name><description><![CDATA[
<b>SYL-0082</b><br/>
stratum: stable_non_forest<br/>
lat, lon: 24.779077, 91.722901<br/>
<hr/>
Record your answer in:<br/>
<code>data/reference/interpretation_sylhet_author_b.csv</code><br/><br/>
Fields: class_t0, class_t3, confidence, notes<br/>
Classes: 0 non-forest, 1 natural forest, 2 plantation/tea, 3 water
]]></description><styleUrl>#stable_non_forest</styleUrl><Point><coordinates>91.722901,24.779077,0</coordinates></Point></Placemark>
<Placemark><name>SYL-0083</name><description><![CDATA[
<b>SYL-0083</b><br/>
stratum: stable_non_forest<br/>
lat, lon: 25.087649, 92.115285<br/>
<hr/>
Record your answer in:<br/>
<code>data/reference/interpretation_sylhet_author_b.csv</code><br/><br/>
Fields: class_t0, class_t3, confidence, notes<br/>
Classes: 0 non-forest, 1 natural forest, 2 plantation/tea, 3 water
]]></description><styleUrl>#stable_non_forest</styleUrl><Point><coordinates>92.115285,25.087649,0</coordinates></Point></Placemark>
<Placemark><name>SYL-0084</name><description><![CDATA[
<b>SYL-0084</b><br/>
stratum: stable_non_forest<br/>
lat, lon: 24.745660, 92.045217<br/>
<hr/>
Record your answer in:<br/>
<code>data/reference/interpretation_sylhet_author_b.csv</code><br/><br/>
Fields: class_t0, class_t3, confidence, notes<br/>
Classes: 0 non-forest, 1 natural forest, 2 plantation/tea, 3 water
]]></description><styleUrl>#stable_non_forest</styleUrl><Point><coordinates>92.045217,24.745660,0</coordinates></Point></Placemark>
<Placemark><name>SYL-0085</name><description><![CDATA[
<b>SYL-0085</b><br/>
stratum: stable_non_forest<br/>
lat, lon: 25.145320, 91.951702<br/>
<hr/>
Record your answer in:<br/>
<code>data/reference/interpretation_sylhet_author_b.csv</code><br/><br/>
Fields: class_t0, class_t3, confidence, notes<br/>
Classes: 0 non-forest, 1 natural forest, 2 plantation/tea, 3 water
]]></description><styleUrl>#stable_non_forest</styleUrl><Point><coordinates>91.951702,25.145320,0</coordinates></Point></Placemark>
<Placemark><name>SYL-0086</name><description><![CDATA[
<b>SYL-0086</b><br/>
stratum: stable_non_forest<br/>
lat, lon: 24.958830, 91.927717<br/>
<hr/>
Record your answer in:<br/>
<code>data/reference/interpretation_sylhet_author_b.csv</code><br/><br/>
Fields: class_t0, class_t3, confidence, notes<br/>
Classes: 0 non-forest, 1 natural forest, 2 plantation/tea, 3 water
]]></description><styleUrl>#stable_non_forest</styleUrl><Point><coordinates>91.927717,24.958830,0</coordinates></Point></Placemark>
<Placemark><name>SYL-0087</name><description><![CDATA[
<b>SYL-0087</b><br/>
stratum: stable_non_forest<br/>
lat, lon: 24.992247, 91.697030<br/>
<hr/>
Record your answer in:<br/>
<code>data/reference/interpretation_sylhet_author_b.csv</code><br/><br/>
Fields: class_t0, class_t3, confidence, notes<br/>
Classes: 0 non-forest, 1 natural forest, 2 plantation/tea, 3 water
]]></description><styleUrl>#stable_non_forest</styleUrl><Point><coordinates>91.697030,24.992247,0</coordinates></Point></Placemark>
<Placemark><name>SYL-0088</name><description><![CDATA[
<b>SYL-0088</b><br/>
stratum: stable_non_forest<br/>
lat, lon: 24.979312, 91.907236<br/>
<hr/>
Record your answer in:<br/>
<code>data/reference/interpretation_sylhet_author_b.csv</code><br/><br/>
Fields: class_t0, class_t3, confidence, notes<br/>
Classes: 0 non-forest, 1 natural forest, 2 plantation/tea, 3 water
]]></description><styleUrl>#stable_non_forest</styleUrl><Point><coordinates>91.907236,24.979312,0</coordinates></Point></Placemark>
<Placemark><name>SYL-0089</name><description><![CDATA[
<b>SYL-0089</b><br/>
stratum: stable_non_forest<br/>
lat, lon: 24.926760, 92.004793<br/>
<hr/>
Record your answer in:<br/>
<code>data/reference/interpretation_sylhet_author_b.csv</code><br/><br/>
Fields: class_t0, class_t3, confidence, notes<br/>
Classes: 0 non-forest, 1 natural forest, 2 plantation/tea, 3 water
]]></description><styleUrl>#stable_non_forest</styleUrl><Point><coordinates>92.004793,24.926760,0</coordinates></Point></Placemark>
<Placemark><name>SYL-0090</name><description><![CDATA[
<b>SYL-0090</b><br/>
stratum: stable_non_forest<br/>
lat, lon: 24.829203, 91.681130<br/>
<hr/>
Record your answer in:<br/>
<code>data/reference/interpretation_sylhet_author_b.csv</code><br/><br/>
Fields: class_t0, class_t3, confidence, notes<br/>
Classes: 0 non-forest, 1 natural forest, 2 plantation/tea, 3 water
]]></description><styleUrl>#stable_non_forest</styleUrl><Point><coordinates>91.681130,24.829203,0</coordinates></Point></Placemark>
<Placemark><name>SYL-0091</name><description><![CDATA[
<b>SYL-0091</b><br/>
stratum: stable_non_forest<br/>
lat, lon: 25.087379, 91.753624<br/>
<hr/>
Record your answer in:<br/>
<code>data/reference/interpretation_sylhet_author_b.csv</code><br/><br/>
Fields: class_t0, class_t3, confidence, notes<br/>
Classes: 0 non-forest, 1 natural forest, 2 plantation/tea, 3 water
]]></description><styleUrl>#stable_non_forest</styleUrl><Point><coordinates>91.753624,25.087379,0</coordinates></Point></Placemark>
<Placemark><name>SYL-0092</name><description><![CDATA[
<b>SYL-0092</b><br/>
stratum: stable_non_forest<br/>
lat, lon: 24.896577, 92.010721<br/>
<hr/>
Record your answer in:<br/>
<code>data/reference/interpretation_sylhet_author_b.csv</code><br/><br/>
Fields: class_t0, class_t3, confidence, notes<br/>
Classes: 0 non-forest, 1 natural forest, 2 plantation/tea, 3 water
]]></description><styleUrl>#stable_non_forest</styleUrl><Point><coordinates>92.010721,24.896577,0</coordinates></Point></Placemark>
<Placemark><name>SYL-0093</name><description><![CDATA[
<b>SYL-0093</b><br/>
stratum: stable_non_forest<br/>
lat, lon: 24.914094, 92.480989<br/>
<hr/>
Record your answer in:<br/>
<code>data/reference/interpretation_sylhet_author_b.csv</code><br/><br/>
Fields: class_t0, class_t3, confidence, notes<br/>
Classes: 0 non-forest, 1 natural forest, 2 plantation/tea, 3 water
]]></description><styleUrl>#stable_non_forest</styleUrl><Point><coordinates>92.480989,24.914094,0</coordinates></Point></Placemark>
<Placemark><name>SYL-0094</name><description><![CDATA[
<b>SYL-0094</b><br/>
stratum: stable_non_forest<br/>
lat, lon: 24.720866, 91.928526<br/>
<hr/>
Record your answer in:<br/>
<code>data/reference/interpretation_sylhet_author_b.csv</code><br/><br/>
Fields: class_t0, class_t3, confidence, notes<br/>
Classes: 0 non-forest, 1 natural forest, 2 plantation/tea, 3 water
]]></description><styleUrl>#stable_non_forest</styleUrl><Point><coordinates>91.928526,24.720866,0</coordinates></Point></Placemark>
<Placemark><name>SYL-0095</name><description><![CDATA[
<b>SYL-0095</b><br/>
stratum: stable_non_forest<br/>
lat, lon: 24.819501, 91.854954<br/>
<hr/>
Record your answer in:<br/>
<code>data/reference/interpretation_sylhet_author_b.csv</code><br/><br/>
Fields: class_t0, class_t3, confidence, notes<br/>
Classes: 0 non-forest, 1 natural forest, 2 plantation/tea, 3 water
]]></description><styleUrl>#stable_non_forest</styleUrl><Point><coordinates>91.854954,24.819501,0</coordinates></Point></Placemark>
<Placemark><name>SYL-0096</name><description><![CDATA[
<b>SYL-0096</b><br/>
stratum: stable_non_forest<br/>
lat, lon: 25.058543, 91.878400<br/>
<hr/>
Record your answer in:<br/>
<code>data/reference/interpretation_sylhet_author_b.csv</code><br/><br/>
Fields: class_t0, class_t3, confidence, notes<br/>
Classes: 0 non-forest, 1 natural forest, 2 plantation/tea, 3 water
]]></description><styleUrl>#stable_non_forest</styleUrl><Point><coordinates>91.878400,25.058543,0</coordinates></Point></Placemark>
<Placemark><name>SYL-0097</name><description><![CDATA[
<b>SYL-0097</b><br/>
stratum: stable_non_forest<br/>
lat, lon: 24.814112, 91.898073<br/>
<hr/>
Record your answer in:<br/>
<code>data/reference/interpretation_sylhet_author_b.csv</code><br/><br/>
Fields: class_t0, class_t3, confidence, notes<br/>
Classes: 0 non-forest, 1 natural forest, 2 plantation/tea, 3 water
]]></description><styleUrl>#stable_non_forest</styleUrl><Point><coordinates>91.898073,24.814112,0</coordinates></Point></Placemark>
<Placemark><name>SYL-0098</name><description><![CDATA[
<b>SYL-0098</b><br/>
stratum: stable_non_forest<br/>
lat, lon: 24.827586, 92.182928<br/>
<hr/>
Record your answer in:<br/>
<code>data/reference/interpretation_sylhet_author_b.csv</code><br/><br/>
Fields: class_t0, class_t3, confidence, notes<br/>
Classes: 0 non-forest, 1 natural forest, 2 plantation/tea, 3 water
]]></description><styleUrl>#stable_non_forest</styleUrl><Point><coordinates>92.182928,24.827586,0</coordinates></Point></Placemark>
<Placemark><name>SYL-0099</name><description><![CDATA[
<b>SYL-0099</b><br/>
stratum: stable_non_forest<br/>
lat, lon: 24.713051, 92.002637<br/>
<hr/>
Record your answer in:<br/>
<code>data/reference/interpretation_sylhet_author_b.csv</code><br/><br/>
Fields: class_t0, class_t3, confidence, notes<br/>
Classes: 0 non-forest, 1 natural forest, 2 plantation/tea, 3 water
]]></description><styleUrl>#stable_non_forest</styleUrl><Point><coordinates>92.002637,24.713051,0</coordinates></Point></Placemark>
<Placemark><name>SYL-0100</name><description><![CDATA[
<b>SYL-0100</b><br/>
stratum: stable_non_forest<br/>
lat, lon: 25.164724, 92.014494<br/>
<hr/>
Record your answer in:<br/>
<code>data/reference/interpretation_sylhet_author_b.csv</code><br/><br/>
Fields: class_t0, class_t3, confidence, notes<br/>
Classes: 0 non-forest, 1 natural forest, 2 plantation/tea, 3 water
]]></description><styleUrl>#stable_non_forest</styleUrl><Point><coordinates>92.014494,25.164724,0</coordinates></Point></Placemark>
<Placemark><name>SYL-0101</name><description><![CDATA[
<b>SYL-0101</b><br/>
stratum: stable_non_forest<br/>
lat, lon: 25.045607, 91.965177<br/>
<hr/>
Record your answer in:<br/>
<code>data/reference/interpretation_sylhet_author_b.csv</code><br/><br/>
Fields: class_t0, class_t3, confidence, notes<br/>
Classes: 0 non-forest, 1 natural forest, 2 plantation/tea, 3 water
]]></description><styleUrl>#stable_non_forest</styleUrl><Point><coordinates>91.965177,25.045607,0</coordinates></Point></Placemark>
<Placemark><name>SYL-0102</name><description><![CDATA[
<b>SYL-0102</b><br/>
stratum: stable_non_forest<br/>
lat, lon: 25.027821, 92.071627<br/>
<hr/>
Record your answer in:<br/>
<code>data/reference/interpretation_sylhet_author_b.csv</code><br/><br/>
Fields: class_t0, class_t3, confidence, notes<br/>
Classes: 0 non-forest, 1 natural forest, 2 plantation/tea, 3 water
]]></description><styleUrl>#stable_non_forest</styleUrl><Point><coordinates>92.071627,25.027821,0</coordinates></Point></Placemark>
<Placemark><name>SYL-0103</name><description><![CDATA[
<b>SYL-0103</b><br/>
stratum: stable_non_forest<br/>
lat, lon: 24.908974, 92.344895<br/>
<hr/>
Record your answer in:<br/>
<code>data/reference/interpretation_sylhet_author_b.csv</code><br/><br/>
Fields: class_t0, class_t3, confidence, notes<br/>
Classes: 0 non-forest, 1 natural forest, 2 plantation/tea, 3 water
]]></description><styleUrl>#stable_non_forest</styleUrl><Point><coordinates>92.344895,24.908974,0</coordinates></Point></Placemark>
<Placemark><name>SYL-0104</name><description><![CDATA[
<b>SYL-0104</b><br/>
stratum: stable_non_forest<br/>
lat, lon: 24.827047, 92.162716<br/>
<hr/>
Record your answer in:<br/>
<code>data/reference/interpretation_sylhet_author_b.csv</code><br/><br/>
Fields: class_t0, class_t3, confidence, notes<br/>
Classes: 0 non-forest, 1 natural forest, 2 plantation/tea, 3 water
]]></description><styleUrl>#stable_non_forest</styleUrl><Point><coordinates>92.162716,24.827047,0</coordinates></Point></Placemark>
<Placemark><name>SYL-0105</name><description><![CDATA[
<b>SYL-0105</b><br/>
stratum: stable_non_forest<br/>
lat, lon: 25.106513, 91.737723<br/>
<hr/>
Record your answer in:<br/>
<code>data/reference/interpretation_sylhet_author_b.csv</code><br/><br/>
Fields: class_t0, class_t3, confidence, notes<br/>
Classes: 0 non-forest, 1 natural forest, 2 plantation/tea, 3 water
]]></description><styleUrl>#stable_non_forest</styleUrl><Point><coordinates>91.737723,25.106513,0</coordinates></Point></Placemark>
<Placemark><name>SYL-0106</name><description><![CDATA[
<b>SYL-0106</b><br/>
stratum: stable_non_forest<br/>
lat, lon: 24.862621, 91.945234<br/>
<hr/>
Record your answer in:<br/>
<code>data/reference/interpretation_sylhet_author_b.csv</code><br/><br/>
Fields: class_t0, class_t3, confidence, notes<br/>
Classes: 0 non-forest, 1 natural forest, 2 plantation/tea, 3 water
]]></description><styleUrl>#stable_non_forest</styleUrl><Point><coordinates>91.945234,24.862621,0</coordinates></Point></Placemark>
<Placemark><name>SYL-0107</name><description><![CDATA[
<b>SYL-0107</b><br/>
stratum: stable_non_forest<br/>
lat, lon: 24.816807, 92.144121<br/>
<hr/>
Record your answer in:<br/>
<code>data/reference/interpretation_sylhet_author_b.csv</code><br/><br/>
Fields: class_t0, class_t3, confidence, notes<br/>
Classes: 0 non-forest, 1 natural forest, 2 plantation/tea, 3 water
]]></description><styleUrl>#stable_non_forest</styleUrl><Point><coordinates>92.144121,24.816807,0</coordinates></Point></Placemark>
<Placemark><name>SYL-0108</name><description><![CDATA[
<b>SYL-0108</b><br/>
stratum: stable_non_forest<br/>
lat, lon: 24.765872, 91.946043<br/>
<hr/>
Record your answer in:<br/>
<code>data/reference/interpretation_sylhet_author_b.csv</code><br/><br/>
Fields: class_t0, class_t3, confidence, notes<br/>
Classes: 0 non-forest, 1 natural forest, 2 plantation/tea, 3 water
]]></description><styleUrl>#stable_non_forest</styleUrl><Point><coordinates>91.946043,24.765872,0</coordinates></Point></Placemark>
<Placemark><name>SYL-0109</name><description><![CDATA[
<b>SYL-0109</b><br/>
stratum: stable_non_forest<br/>
lat, lon: 24.955866, 92.174574<br/>
<hr/>
Record your answer in:<br/>
<code>data/reference/interpretation_sylhet_author_b.csv</code><br/><br/>
Fields: class_t0, class_t3, confidence, notes<br/>
Classes: 0 non-forest, 1 natural forest, 2 plantation/tea, 3 water
]]></description><styleUrl>#stable_non_forest</styleUrl><Point><coordinates>92.174574,24.955866,0</coordinates></Point></Placemark>
<Placemark><name>SYL-0110</name><description><![CDATA[
<b>SYL-0110</b><br/>
stratum: stable_non_forest<br/>
lat, lon: 24.764794, 92.137114<br/>
<hr/>
Record your answer in:<br/>
<code>data/reference/interpretation_sylhet_author_b.csv</code><br/><br/>
Fields: class_t0, class_t3, confidence, notes<br/>
Classes: 0 non-forest, 1 natural forest, 2 plantation/tea, 3 water
]]></description><styleUrl>#stable_non_forest</styleUrl><Point><coordinates>92.137114,24.764794,0</coordinates></Point></Placemark>
<Placemark><name>SYL-0111</name><description><![CDATA[
<b>SYL-0111</b><br/>
stratum: stable_non_forest<br/>
lat, lon: 24.835132, 92.212034<br/>
<hr/>
Record your answer in:<br/>
<code>data/reference/interpretation_sylhet_author_b.csv</code><br/><br/>
Fields: class_t0, class_t3, confidence, notes<br/>
Classes: 0 non-forest, 1 natural forest, 2 plantation/tea, 3 water
]]></description><styleUrl>#stable_non_forest</styleUrl><Point><coordinates>92.212034,24.835132,0</coordinates></Point></Placemark>
<Placemark><name>SYL-0112</name><description><![CDATA[
<b>SYL-0112</b><br/>
stratum: stable_non_forest<br/>
lat, lon: 24.983085, 92.323874<br/>
<hr/>
Record your answer in:<br/>
<code>data/reference/interpretation_sylhet_author_b.csv</code><br/><br/>
Fields: class_t0, class_t3, confidence, notes<br/>
Classes: 0 non-forest, 1 natural forest, 2 plantation/tea, 3 water
]]></description><styleUrl>#stable_non_forest</styleUrl><Point><coordinates>92.323874,24.983085,0</coordinates></Point></Placemark>
<Placemark><name>SYL-0113</name><description><![CDATA[
<b>SYL-0113</b><br/>
stratum: stable_non_forest<br/>
lat, lon: 25.091152, 92.098577<br/>
<hr/>
Record your answer in:<br/>
<code>data/reference/interpretation_sylhet_author_b.csv</code><br/><br/>
Fields: class_t0, class_t3, confidence, notes<br/>
Classes: 0 non-forest, 1 natural forest, 2 plantation/tea, 3 water
]]></description><styleUrl>#stable_non_forest</styleUrl><Point><coordinates>92.098577,25.091152,0</coordinates></Point></Placemark>
<Placemark><name>SYL-0114</name><description><![CDATA[
<b>SYL-0114</b><br/>
stratum: stable_non_forest<br/>
lat, lon: 25.060430, 92.049259<br/>
<hr/>
Record your answer in:<br/>
<code>data/reference/interpretation_sylhet_author_b.csv</code><br/><br/>
Fields: class_t0, class_t3, confidence, notes<br/>
Classes: 0 non-forest, 1 natural forest, 2 plantation/tea, 3 water
]]></description><styleUrl>#stable_non_forest</styleUrl><Point><coordinates>92.049259,25.060430,0</coordinates></Point></Placemark>
<Placemark><name>SYL-0115</name><description><![CDATA[
<b>SYL-0115</b><br/>
stratum: stable_non_forest<br/>
lat, lon: 24.878251, 92.025274<br/>
<hr/>
Record your answer in:<br/>
<code>data/reference/interpretation_sylhet_author_b.csv</code><br/><br/>
Fields: class_t0, class_t3, confidence, notes<br/>
Classes: 0 non-forest, 1 natural forest, 2 plantation/tea, 3 water
]]></description><styleUrl>#stable_non_forest</styleUrl><Point><coordinates>92.025274,24.878251,0</coordinates></Point></Placemark>
<Placemark><name>SYL-0116</name><description><![CDATA[
<b>SYL-0116</b><br/>
stratum: stable_non_forest<br/>
lat, lon: 25.047763, 91.782190<br/>
<hr/>
Record your answer in:<br/>
<code>data/reference/interpretation_sylhet_author_b.csv</code><br/><br/>
Fields: class_t0, class_t3, confidence, notes<br/>
Classes: 0 non-forest, 1 natural forest, 2 plantation/tea, 3 water
]]></description><styleUrl>#stable_non_forest</styleUrl><Point><coordinates>91.782190,25.047763,0</coordinates></Point></Placemark>
<Placemark><name>SYL-0117</name><description><![CDATA[
<b>SYL-0117</b><br/>
stratum: stable_non_forest<br/>
lat, lon: 24.850493, 92.226048<br/>
<hr/>
Record your answer in:<br/>
<code>data/reference/interpretation_sylhet_author_b.csv</code><br/><br/>
Fields: class_t0, class_t3, confidence, notes<br/>
Classes: 0 non-forest, 1 natural forest, 2 plantation/tea, 3 water
]]></description><styleUrl>#stable_non_forest</styleUrl><Point><coordinates>92.226048,24.850493,0</coordinates></Point></Placemark>
<Placemark><name>SYL-0118</name><description><![CDATA[
<b>SYL-0118</b><br/>
stratum: stable_non_forest<br/>
lat, lon: 24.735689, 91.698647<br/>
<hr/>
Record your answer in:<br/>
<code>data/reference/interpretation_sylhet_author_b.csv</code><br/><br/>
Fields: class_t0, class_t3, confidence, notes<br/>
Classes: 0 non-forest, 1 natural forest, 2 plantation/tea, 3 water
]]></description><styleUrl>#stable_non_forest</styleUrl><Point><coordinates>91.698647,24.735689,0</coordinates></Point></Placemark>
<Placemark><name>SYL-0119</name><description><![CDATA[
<b>SYL-0119</b><br/>
stratum: stable_non_forest<br/>
lat, lon: 25.069053, 92.129838<br/>
<hr/>
Record your answer in:<br/>
<code>data/reference/interpretation_sylhet_author_b.csv</code><br/><br/>
Fields: class_t0, class_t3, confidence, notes<br/>
Classes: 0 non-forest, 1 natural forest, 2 plantation/tea, 3 water
]]></description><styleUrl>#stable_non_forest</styleUrl><Point><coordinates>92.129838,25.069053,0</coordinates></Point></Placemark>
<Placemark><name>SYL-0120</name><description><![CDATA[
<b>SYL-0120</b><br/>
stratum: stable_non_forest<br/>
lat, lon: 24.900350, 92.423048<br/>
<hr/>
Record your answer in:<br/>
<code>data/reference/interpretation_sylhet_author_b.csv</code><br/><br/>
Fields: class_t0, class_t3, confidence, notes<br/>
Classes: 0 non-forest, 1 natural forest, 2 plantation/tea, 3 water
]]></description><styleUrl>#stable_non_forest</styleUrl><Point><coordinates>92.423048,24.900350,0</coordinates></Point></Placemark>
<Placemark><name>SYL-0121</name><description><![CDATA[
<b>SYL-0121</b><br/>
stratum: stable_non_forest<br/>
lat, lon: 24.874478, 91.891874<br/>
<hr/>
Record your answer in:<br/>
<code>data/reference/interpretation_sylhet_author_b.csv</code><br/><br/>
Fields: class_t0, class_t3, confidence, notes<br/>
Classes: 0 non-forest, 1 natural forest, 2 plantation/tea, 3 water
]]></description><styleUrl>#stable_non_forest</styleUrl><Point><coordinates>91.891874,24.874478,0</coordinates></Point></Placemark>
<Placemark><name>SYL-0122</name><description><![CDATA[
<b>SYL-0122</b><br/>
stratum: stable_non_forest<br/>
lat, lon: 24.939696, 92.185893<br/>
<hr/>
Record your answer in:<br/>
<code>data/reference/interpretation_sylhet_author_b.csv</code><br/><br/>
Fields: class_t0, class_t3, confidence, notes<br/>
Classes: 0 non-forest, 1 natural forest, 2 plantation/tea, 3 water
]]></description><styleUrl>#stable_non_forest</styleUrl><Point><coordinates>92.185893,24.939696,0</coordinates></Point></Placemark>
<Placemark><name>SYL-0123</name><description><![CDATA[
<b>SYL-0123</b><br/>
stratum: stable_non_forest<br/>
lat, lon: 24.789588, 92.103967<br/>
<hr/>
Record your answer in:<br/>
<code>data/reference/interpretation_sylhet_author_b.csv</code><br/><br/>
Fields: class_t0, class_t3, confidence, notes<br/>
Classes: 0 non-forest, 1 natural forest, 2 plantation/tea, 3 water
]]></description><styleUrl>#stable_non_forest</styleUrl><Point><coordinates>92.103967,24.789588,0</coordinates></Point></Placemark>
<Placemark><name>SYL-0124</name><description><![CDATA[
<b>SYL-0124</b><br/>
stratum: stable_non_forest<br/>
lat, lon: 24.992517, 92.092109<br/>
<hr/>
Record your answer in:<br/>
<code>data/reference/interpretation_sylhet_author_b.csv</code><br/><br/>
Fields: class_t0, class_t3, confidence, notes<br/>
Classes: 0 non-forest, 1 natural forest, 2 plantation/tea, 3 water
]]></description><styleUrl>#stable_non_forest</styleUrl><Point><coordinates>92.092109,24.992517,0</coordinates></Point></Placemark>
<Placemark><name>SYL-0125</name><description><![CDATA[
<b>SYL-0125</b><br/>
stratum: stable_non_forest<br/>
lat, lon: 24.807105, 91.964638<br/>
<hr/>
Record your answer in:<br/>
<code>data/reference/interpretation_sylhet_author_b.csv</code><br/><br/>
Fields: class_t0, class_t3, confidence, notes<br/>
Classes: 0 non-forest, 1 natural forest, 2 plantation/tea, 3 water
]]></description><styleUrl>#stable_non_forest</styleUrl><Point><coordinates>91.964638,24.807105,0</coordinates></Point></Placemark>
<Placemark><name>SYL-0126</name><description><![CDATA[
<b>SYL-0126</b><br/>
stratum: stable_non_forest<br/>
lat, lon: 24.717363, 91.981616<br/>
<hr/>
Record your answer in:<br/>
<code>data/reference/interpretation_sylhet_author_b.csv</code><br/><br/>
Fields: class_t0, class_t3, confidence, notes<br/>
Classes: 0 non-forest, 1 natural forest, 2 plantation/tea, 3 water
]]></description><styleUrl>#stable_non_forest</styleUrl><Point><coordinates>91.981616,24.717363,0</coordinates></Point></Placemark>
<Placemark><name>SYL-0127</name><description><![CDATA[
<b>SYL-0127</b><br/>
stratum: stable_non_forest<br/>
lat, lon: 24.794708, 92.012608<br/>
<hr/>
Record your answer in:<br/>
<code>data/reference/interpretation_sylhet_author_b.csv</code><br/><br/>
Fields: class_t0, class_t3, confidence, notes<br/>
Classes: 0 non-forest, 1 natural forest, 2 plantation/tea, 3 water
]]></description><styleUrl>#stable_non_forest</styleUrl><Point><coordinates>92.012608,24.794708,0</coordinates></Point></Placemark>
<Placemark><name>SYL-0128</name><description><![CDATA[
<b>SYL-0128</b><br/>
stratum: stable_non_forest<br/>
lat, lon: 25.126186, 92.091031<br/>
<hr/>
Record your answer in:<br/>
<code>data/reference/interpretation_sylhet_author_b.csv</code><br/><br/>
Fields: class_t0, class_t3, confidence, notes<br/>
Classes: 0 non-forest, 1 natural forest, 2 plantation/tea, 3 water
]]></description><styleUrl>#stable_non_forest</styleUrl><Point><coordinates>92.091031,25.126186,0</coordinates></Point></Placemark>
<Placemark><name>SYL-0129</name><description><![CDATA[
<b>SYL-0129</b><br/>
stratum: stable_non_forest<br/>
lat, lon: 24.989283, 92.095882<br/>
<hr/>
Record your answer in:<br/>
<code>data/reference/interpretation_sylhet_author_b.csv</code><br/><br/>
Fields: class_t0, class_t3, confidence, notes<br/>
Classes: 0 non-forest, 1 natural forest, 2 plantation/tea, 3 water
]]></description><styleUrl>#stable_non_forest</styleUrl><Point><coordinates>92.095882,24.989283,0</coordinates></Point></Placemark>
<Placemark><name>SYL-0130</name><description><![CDATA[
<b>SYL-0130</b><br/>
stratum: stable_non_forest<br/>
lat, lon: 24.705236, 91.922866<br/>
<hr/>
Record your answer in:<br/>
<code>data/reference/interpretation_sylhet_author_b.csv</code><br/><br/>
Fields: class_t0, class_t3, confidence, notes<br/>
Classes: 0 non-forest, 1 natural forest, 2 plantation/tea, 3 water
]]></description><styleUrl>#stable_non_forest</styleUrl><Point><coordinates>91.922866,24.705236,0</coordinates></Point></Placemark>
<Placemark><name>SYL-0131</name><description><![CDATA[
<b>SYL-0131</b><br/>
stratum: stable_non_forest<br/>
lat, lon: 24.923257, 91.867350<br/>
<hr/>
Record your answer in:<br/>
<code>data/reference/interpretation_sylhet_author_b.csv</code><br/><br/>
Fields: class_t0, class_t3, confidence, notes<br/>
Classes: 0 non-forest, 1 natural forest, 2 plantation/tea, 3 water
]]></description><styleUrl>#stable_non_forest</styleUrl><Point><coordinates>91.867350,24.923257,0</coordinates></Point></Placemark>
<Placemark><name>SYL-0132</name><description><![CDATA[
<b>SYL-0132</b><br/>
stratum: stable_non_forest<br/>
lat, lon: 24.929455, 92.154901<br/>
<hr/>
Record your answer in:<br/>
<code>data/reference/interpretation_sylhet_author_b.csv</code><br/><br/>
Fields: class_t0, class_t3, confidence, notes<br/>
Classes: 0 non-forest, 1 natural forest, 2 plantation/tea, 3 water
]]></description><styleUrl>#stable_non_forest</styleUrl><Point><coordinates>92.154901,24.929455,0</coordinates></Point></Placemark>
<Placemark><name>SYL-0133</name><description><![CDATA[
<b>SYL-0133</b><br/>
stratum: stable_non_forest<br/>
lat, lon: 24.994403, 91.911278<br/>
<hr/>
Record your answer in:<br/>
<code>data/reference/interpretation_sylhet_author_b.csv</code><br/><br/>
Fields: class_t0, class_t3, confidence, notes<br/>
Classes: 0 non-forest, 1 natural forest, 2 plantation/tea, 3 water
]]></description><styleUrl>#stable_non_forest</styleUrl><Point><coordinates>91.911278,24.994403,0</coordinates></Point></Placemark>
<Placemark><name>SYL-0134</name><description><![CDATA[
<b>SYL-0134</b><br/>
stratum: stable_non_forest<br/>
lat, lon: 24.633550, 91.670619<br/>
<hr/>
Record your answer in:<br/>
<code>data/reference/interpretation_sylhet_author_b.csv</code><br/><br/>
Fields: class_t0, class_t3, confidence, notes<br/>
Classes: 0 non-forest, 1 natural forest, 2 plantation/tea, 3 water
]]></description><styleUrl>#stable_non_forest</styleUrl><Point><coordinates>91.670619,24.633550,0</coordinates></Point></Placemark>
<Placemark><name>SYL-0135</name><description><![CDATA[
<b>SYL-0135</b><br/>
stratum: stable_non_forest<br/>
lat, lon: 25.160682, 91.891605<br/>
<hr/>
Record your answer in:<br/>
<code>data/reference/interpretation_sylhet_author_b.csv</code><br/><br/>
Fields: class_t0, class_t3, confidence, notes<br/>
Classes: 0 non-forest, 1 natural forest, 2 plantation/tea, 3 water
]]></description><styleUrl>#stable_non_forest</styleUrl><Point><coordinates>91.891605,25.160682,0</coordinates></Point></Placemark>
<Placemark><name>SYL-0136</name><description><![CDATA[
<b>SYL-0136</b><br/>
stratum: stable_non_forest<br/>
lat, lon: 24.989283, 92.393404<br/>
<hr/>
Record your answer in:<br/>
<code>data/reference/interpretation_sylhet_author_b.csv</code><br/><br/>
Fields: class_t0, class_t3, confidence, notes<br/>
Classes: 0 non-forest, 1 natural forest, 2 plantation/tea, 3 water
]]></description><styleUrl>#stable_non_forest</styleUrl><Point><coordinates>92.393404,24.989283,0</coordinates></Point></Placemark>
<Placemark><name>SYL-0137</name><description><![CDATA[
<b>SYL-0137</b><br/>
stratum: stable_non_forest<br/>
lat, lon: 24.879060, 91.923405<br/>
<hr/>
Record your answer in:<br/>
<code>data/reference/interpretation_sylhet_author_b.csv</code><br/><br/>
Fields: class_t0, class_t3, confidence, notes<br/>
Classes: 0 non-forest, 1 natural forest, 2 plantation/tea, 3 water
]]></description><styleUrl>#stable_non_forest</styleUrl><Point><coordinates>91.923405,24.879060,0</coordinates></Point></Placemark>
<Placemark><name>SYL-0138</name><description><![CDATA[
<b>SYL-0138</b><br/>
stratum: stable_non_forest<br/>
lat, lon: 25.029707, 91.874896<br/>
<hr/>
Record your answer in:<br/>
<code>data/reference/interpretation_sylhet_author_b.csv</code><br/><br/>
Fields: class_t0, class_t3, confidence, notes<br/>
Classes: 0 non-forest, 1 natural forest, 2 plantation/tea, 3 water
]]></description><styleUrl>#stable_non_forest</styleUrl><Point><coordinates>91.874896,25.029707,0</coordinates></Point></Placemark>
<Placemark><name>SYL-0139</name><description><![CDATA[
<b>SYL-0139</b><br/>
stratum: stable_non_forest<br/>
lat, lon: 24.786623, 92.064081<br/>
<hr/>
Record your answer in:<br/>
<code>data/reference/interpretation_sylhet_author_b.csv</code><br/><br/>
Fields: class_t0, class_t3, confidence, notes<br/>
Classes: 0 non-forest, 1 natural forest, 2 plantation/tea, 3 water
]]></description><styleUrl>#stable_non_forest</styleUrl><Point><coordinates>92.064081,24.786623,0</coordinates></Point></Placemark>
<Placemark><name>SYL-0140</name><description><![CDATA[
<b>SYL-0140</b><br/>
stratum: stable_non_forest<br/>
lat, lon: 25.011112, 91.945504<br/>
<hr/>
Record your answer in:<br/>
<code>data/reference/interpretation_sylhet_author_b.csv</code><br/><br/>
Fields: class_t0, class_t3, confidence, notes<br/>
Classes: 0 non-forest, 1 natural forest, 2 plantation/tea, 3 water
]]></description><styleUrl>#stable_non_forest</styleUrl><Point><coordinates>91.945504,25.011112,0</coordinates></Point></Placemark>
<Placemark><name>SYL-0141</name><description><![CDATA[
<b>SYL-0141</b><br/>
stratum: stable_non_forest<br/>
lat, lon: 24.823813, 92.040096<br/>
<hr/>
Record your answer in:<br/>
<code>data/reference/interpretation_sylhet_author_b.csv</code><br/><br/>
Fields: class_t0, class_t3, confidence, notes<br/>
Classes: 0 non-forest, 1 natural forest, 2 plantation/tea, 3 water
]]></description><styleUrl>#stable_non_forest</styleUrl><Point><coordinates>92.040096,24.823813,0</coordinates></Point></Placemark>
<Placemark><name>SYL-0142</name><description><![CDATA[
<b>SYL-0142</b><br/>
stratum: stable_non_forest<br/>
lat, lon: 25.038870, 91.782999<br/>
<hr/>
Record your answer in:<br/>
<code>data/reference/interpretation_sylhet_author_b.csv</code><br/><br/>
Fields: class_t0, class_t3, confidence, notes<br/>
Classes: 0 non-forest, 1 natural forest, 2 plantation/tea, 3 water
]]></description><styleUrl>#stable_non_forest</styleUrl><Point><coordinates>91.782999,25.038870,0</coordinates></Point></Placemark>
<Placemark><name>SYL-0143</name><description><![CDATA[
<b>SYL-0143</b><br/>
stratum: stable_non_forest<br/>
lat, lon: 24.980929, 92.296116<br/>
<hr/>
Record your answer in:<br/>
<code>data/reference/interpretation_sylhet_author_b.csv</code><br/><br/>
Fields: class_t0, class_t3, confidence, notes<br/>
Classes: 0 non-forest, 1 natural forest, 2 plantation/tea, 3 water
]]></description><styleUrl>#stable_non_forest</styleUrl><Point><coordinates>92.296116,24.980929,0</coordinates></Point></Placemark>
<Placemark><name>SYL-0144</name><description><![CDATA[
<b>SYL-0144</b><br/>
stratum: stable_non_forest<br/>
lat, lon: 25.006800, 92.212034<br/>
<hr/>
Record your answer in:<br/>
<code>data/reference/interpretation_sylhet_author_b.csv</code><br/><br/>
Fields: class_t0, class_t3, confidence, notes<br/>
Classes: 0 non-forest, 1 natural forest, 2 plantation/tea, 3 water
]]></description><styleUrl>#stable_non_forest</styleUrl><Point><coordinates>92.212034,25.006800,0</coordinates></Point></Placemark>
<Placemark><name>SYL-0145</name><description><![CDATA[
<b>SYL-0145</b><br/>
stratum: stable_non_forest<br/>
lat, lon: 24.862082, 92.078365<br/>
<hr/>
Record your answer in:<br/>
<code>data/reference/interpretation_sylhet_author_b.csv</code><br/><br/>
Fields: class_t0, class_t3, confidence, notes<br/>
Classes: 0 non-forest, 1 natural forest, 2 plantation/tea, 3 water
]]></description><styleUrl>#stable_non_forest</styleUrl><Point><coordinates>92.078365,24.862082,0</coordinates></Point></Placemark>
<Placemark><name>SYL-0146</name><description><![CDATA[
<b>SYL-0146</b><br/>
stratum: stable_non_forest<br/>
lat, lon: 24.965837, 92.219580<br/>
<hr/>
Record your answer in:<br/>
<code>data/reference/interpretation_sylhet_author_b.csv</code><br/><br/>
Fields: class_t0, class_t3, confidence, notes<br/>
Classes: 0 non-forest, 1 natural forest, 2 plantation/tea, 3 water
]]></description><styleUrl>#stable_non_forest</styleUrl><Point><coordinates>92.219580,24.965837,0</coordinates></Point></Placemark>
<Placemark><name>SYL-0147</name><description><![CDATA[
<b>SYL-0147</b><br/>
stratum: stable_non_forest<br/>
lat, lon: 24.928647, 91.901307<br/>
<hr/>
Record your answer in:<br/>
<code>data/reference/interpretation_sylhet_author_b.csv</code><br/><br/>
Fields: class_t0, class_t3, confidence, notes<br/>
Classes: 0 non-forest, 1 natural forest, 2 plantation/tea, 3 water
]]></description><styleUrl>#stable_non_forest</styleUrl><Point><coordinates>91.901307,24.928647,0</coordinates></Point></Placemark>
<Placemark><name>SYL-0148</name><description><![CDATA[
<b>SYL-0148</b><br/>
stratum: stable_non_forest<br/>
lat, lon: 24.758865, 91.722901<br/>
<hr/>
Record your answer in:<br/>
<code>data/reference/interpretation_sylhet_author_b.csv</code><br/><br/>
Fields: class_t0, class_t3, confidence, notes<br/>
Classes: 0 non-forest, 1 natural forest, 2 plantation/tea, 3 water
]]></description><styleUrl>#stable_non_forest</styleUrl><Point><coordinates>91.722901,24.758865,0</coordinates></Point></Placemark>
<Placemark><name>SYL-0149</name><description><![CDATA[
<b>SYL-0149</b><br/>
stratum: stable_non_forest<br/>
lat, lon: 24.953440, 91.859535<br/>
<hr/>
Record your answer in:<br/>
<code>data/reference/interpretation_sylhet_author_b.csv</code><br/><br/>
Fields: class_t0, class_t3, confidence, notes<br/>
Classes: 0 non-forest, 1 natural forest, 2 plantation/tea, 3 water
]]></description><styleUrl>#stable_non_forest</styleUrl><Point><coordinates>91.859535,24.953440,0</coordinates></Point></Placemark>
<Placemark><name>SYL-0150</name><description><![CDATA[
<b>SYL-0150</b><br/>
stratum: stable_non_forest<br/>
lat, lon: 24.994942, 92.401219<br/>
<hr/>
Record your answer in:<br/>
<code>data/reference/interpretation_sylhet_author_b.csv</code><br/><br/>
Fields: class_t0, class_t3, confidence, notes<br/>
Classes: 0 non-forest, 1 natural forest, 2 plantation/tea, 3 water
]]></description><styleUrl>#stable_non_forest</styleUrl><Point><coordinates>92.401219,24.994942,0</coordinates></Point></Placemark>
</Folder>
<Folder><name>Stable natural forest (150)</name>
<Placemark><name>SYL-0151</name><description><![CDATA[
<b>SYL-0151</b><br/>
stratum: stable_forest<br/>
lat, lon: 25.077408, 91.818033<br/>
<hr/>
Record your answer in:<br/>
<code>data/reference/interpretation_sylhet_author_b.csv</code><br/><br/>
Fields: class_t0, class_t3, confidence, notes<br/>
Classes: 0 non-forest, 1 natural forest, 2 plantation/tea, 3 water
]]></description><styleUrl>#stable_forest</styleUrl><Point><coordinates>91.818033,25.077408,0</coordinates></Point></Placemark>
<Placemark><name>SYL-0152</name><description><![CDATA[
<b>SYL-0152</b><br/>
stratum: stable_forest<br/>
lat, lon: 25.035636, 91.719128<br/>
<hr/>
Record your answer in:<br/>
<code>data/reference/interpretation_sylhet_author_b.csv</code><br/><br/>
Fields: class_t0, class_t3, confidence, notes<br/>
Classes: 0 non-forest, 1 natural forest, 2 plantation/tea, 3 water
]]></description><styleUrl>#stable_forest</styleUrl><Point><coordinates>91.719128,25.035636,0</coordinates></Point></Placemark>
<Placemark><name>SYL-0153</name><description><![CDATA[
<b>SYL-0153</b><br/>
stratum: stable_forest<br/>
lat, lon: 24.781233, 91.768176<br/>
<hr/>
Record your answer in:<br/>
<code>data/reference/interpretation_sylhet_author_b.csv</code><br/><br/>
Fields: class_t0, class_t3, confidence, notes<br/>
Classes: 0 non-forest, 1 natural forest, 2 plantation/tea, 3 water
]]></description><styleUrl>#stable_forest</styleUrl><Point><coordinates>91.768176,24.781233,0</coordinates></Point></Placemark>
<Placemark><name>SYL-0154</name><description><![CDATA[
<b>SYL-0154</b><br/>
stratum: stable_forest<br/>
lat, lon: 24.757787, 91.684902<br/>
<hr/>
Record your answer in:<br/>
<code>data/reference/interpretation_sylhet_author_b.csv</code><br/><br/>
Fields: class_t0, class_t3, confidence, notes<br/>
Classes: 0 non-forest, 1 natural forest, 2 plantation/tea, 3 water
]]></description><styleUrl>#stable_forest</styleUrl><Point><coordinates>91.684902,24.757787,0</coordinates></Point></Placemark>
<Placemark><name>SYL-0155</name><description><![CDATA[
<b>SYL-0155</b><br/>
stratum: stable_forest<br/>
lat, lon: 24.885528, 92.396368<br/>
<hr/>
Record your answer in:<br/>
<code>data/reference/interpretation_sylhet_author_b.csv</code><br/><br/>
Fields: class_t0, class_t3, confidence, notes<br/>
Classes: 0 non-forest, 1 natural forest, 2 plantation/tea, 3 water
]]></description><styleUrl>#stable_forest</styleUrl><Point><coordinates>92.396368,24.885528,0</coordinates></Point></Placemark>
<Placemark><name>SYL-0156</name><description><![CDATA[
<b>SYL-0156</b><br/>
stratum: stable_forest<br/>
lat, lon: 24.967184, 91.958709<br/>
<hr/>
Record your answer in:<br/>
<code>data/reference/interpretation_sylhet_author_b.csv</code><br/><br/>
Fields: class_t0, class_t3, confidence, notes<br/>
Classes: 0 non-forest, 1 natural forest, 2 plantation/tea, 3 water
]]></description><styleUrl>#stable_forest</styleUrl><Point><coordinates>91.958709,24.967184,0</coordinates></Point></Placemark>
<Placemark><name>SYL-0157</name><description><![CDATA[
<b>SYL-0157</b><br/>
stratum: stable_forest<br/>
lat, lon: 24.654301, 91.962751<br/>
<hr/>
Record your answer in:<br/>
<code>data/reference/interpretation_sylhet_author_b.csv</code><br/><br/>
Fields: class_t0, class_t3, confidence, notes<br/>
Classes: 0 non-forest, 1 natural forest, 2 plantation/tea, 3 water
]]></description><styleUrl>#stable_forest</styleUrl><Point><coordinates>91.962751,24.654301,0</coordinates></Point></Placemark>
<Placemark><name>SYL-0158</name><description><![CDATA[
<b>SYL-0158</b><br/>
stratum: stable_forest<br/>
lat, lon: 24.880677, 91.746617<br/>
<hr/>
Record your answer in:<br/>
<code>data/reference/interpretation_sylhet_author_b.csv</code><br/><br/>
Fields: class_t0, class_t3, confidence, notes<br/>
Classes: 0 non-forest, 1 natural forest, 2 plantation/tea, 3 water
]]></description><styleUrl>#stable_forest</styleUrl><Point><coordinates>91.746617,24.880677,0</coordinates></Point></Placemark>
<Placemark><name>SYL-0159</name><description><![CDATA[
<b>SYL-0159</b><br/>
stratum: stable_forest<br/>
lat, lon: 24.966645, 91.987545<br/>
<hr/>
Record your answer in:<br/>
<code>data/reference/interpretation_sylhet_author_b.csv</code><br/><br/>
Fields: class_t0, class_t3, confidence, notes<br/>
Classes: 0 non-forest, 1 natural forest, 2 plantation/tea, 3 water
]]></description><styleUrl>#stable_forest</styleUrl><Point><coordinates>91.987545,24.966645,0</coordinates></Point></Placemark>
<Placemark><name>SYL-0160</name><description><![CDATA[
<b>SYL-0160</b><br/>
stratum: stable_forest<br/>
lat, lon: 24.849685, 91.901576<br/>
<hr/>
Record your answer in:<br/>
<code>data/reference/interpretation_sylhet_author_b.csv</code><br/><br/>
Fields: class_t0, class_t3, confidence, notes<br/>
Classes: 0 non-forest, 1 natural forest, 2 plantation/tea, 3 water
]]></description><styleUrl>#stable_forest</styleUrl><Point><coordinates>91.901576,24.849685,0</coordinates></Point></Placemark>
<Placemark><name>SYL-0161</name><description><![CDATA[
<b>SYL-0161</b><br/>
stratum: stable_forest<br/>
lat, lon: 25.028360, 92.379929<br/>
<hr/>
Record your answer in:<br/>
<code>data/reference/interpretation_sylhet_author_b.csv</code><br/><br/>
Fields: class_t0, class_t3, confidence, notes<br/>
Classes: 0 non-forest, 1 natural forest, 2 plantation/tea, 3 water
]]></description><styleUrl>#stable_forest</styleUrl><Point><coordinates>92.379929,25.028360,0</coordinates></Point></Placemark>
<Placemark><name>SYL-0162</name><description><![CDATA[
<b>SYL-0162</b><br/>
stratum: stable_forest<br/>
lat, lon: 24.814381, 91.939305<br/>
<hr/>
Record your answer in:<br/>
<code>data/reference/interpretation_sylhet_author_b.csv</code><br/><br/>
Fields: class_t0, class_t3, confidence, notes<br/>
Classes: 0 non-forest, 1 natural forest, 2 plantation/tea, 3 water
]]></description><styleUrl>#stable_forest</styleUrl><Point><coordinates>91.939305,24.814381,0</coordinates></Point></Placemark>
<Placemark><name>SYL-0163</name><description><![CDATA[
<b>SYL-0163</b><br/>
stratum: stable_forest<br/>
lat, lon: 24.722214, 91.712121<br/>
<hr/>
Record your answer in:<br/>
<code>data/reference/interpretation_sylhet_author_b.csv</code><br/><br/>
Fields: class_t0, class_t3, confidence, notes<br/>
Classes: 0 non-forest, 1 natural forest, 2 plantation/tea, 3 water
]]></description><styleUrl>#stable_forest</styleUrl><Point><coordinates>91.712121,24.722214,0</coordinates></Point></Placemark>
<Placemark><name>SYL-0164</name><description><![CDATA[
<b>SYL-0164</b><br/>
stratum: stable_forest<br/>
lat, lon: 25.021622, 92.364029<br/>
<hr/>
Record your answer in:<br/>
<code>data/reference/interpretation_sylhet_author_b.csv</code><br/><br/>
Fields: class_t0, class_t3, confidence, notes<br/>
Classes: 0 non-forest, 1 natural forest, 2 plantation/tea, 3 water
]]></description><styleUrl>#stable_forest</styleUrl><Point><coordinates>92.364029,25.021622,0</coordinates></Point></Placemark>
<Placemark><name>SYL-0165</name><description><![CDATA[
<b>SYL-0165</b><br/>
stratum: stable_forest<br/>
lat, lon: 24.955866, 92.140887<br/>
<hr/>
Record your answer in:<br/>
<code>data/reference/interpretation_sylhet_author_b.csv</code><br/><br/>
Fields: class_t0, class_t3, confidence, notes<br/>
Classes: 0 non-forest, 1 natural forest, 2 plantation/tea, 3 water
]]></description><styleUrl>#stable_forest</styleUrl><Point><coordinates>92.140887,24.955866,0</coordinates></Point></Placemark>
<Placemark><name>SYL-0166</name><description><![CDATA[
<b>SYL-0166</b><br/>
stratum: stable_forest<br/>
lat, lon: 24.961525, 92.368341<br/>
<hr/>
Record your answer in:<br/>
<code>data/reference/interpretation_sylhet_author_b.csv</code><br/><br/>
Fields: class_t0, class_t3, confidence, notes<br/>
Classes: 0 non-forest, 1 natural forest, 2 plantation/tea, 3 water
]]></description><styleUrl>#stable_forest</styleUrl><Point><coordinates>92.368341,24.961525,0</coordinates></Point></Placemark>
<Placemark><name>SYL-0167</name><description><![CDATA[
<b>SYL-0167</b><br/>
stratum: stable_forest<br/>
lat, lon: 24.925952, 91.901846<br/>
<hr/>
Record your answer in:<br/>
<code>data/reference/interpretation_sylhet_author_b.csv</code><br/><br/>
Fields: class_t0, class_t3, confidence, notes<br/>
Classes: 0 non-forest, 1 natural forest, 2 plantation/tea, 3 water
]]></description><styleUrl>#stable_forest</styleUrl><Point><coordinates>91.901846,24.925952,0</coordinates></Point></Placemark>
<Placemark><name>SYL-0168</name><description><![CDATA[
<b>SYL-0168</b><br/>
stratum: stable_forest<br/>
lat, lon: 24.887953, 92.427899<br/>
<hr/>
Record your answer in:<br/>
<code>data/reference/interpretation_sylhet_author_b.csv</code><br/><br/>
Fields: class_t0, class_t3, confidence, notes<br/>
Classes: 0 non-forest, 1 natural forest, 2 plantation/tea, 3 water
]]></description><styleUrl>#stable_forest</styleUrl><Point><coordinates>92.427899,24.887953,0</coordinates></Point></Placemark>
<Placemark><name>SYL-0169</name><description><![CDATA[
<b>SYL-0169</b><br/>
stratum: stable_forest<br/>
lat, lon: 25.093308, 92.149511<br/>
<hr/>
Record your answer in:<br/>
<code>data/reference/interpretation_sylhet_author_b.csv</code><br/><br/>
Fields: class_t0, class_t3, confidence, notes<br/>
Classes: 0 non-forest, 1 natural forest, 2 plantation/tea, 3 water
]]></description><styleUrl>#stable_forest</styleUrl><Point><coordinates>92.149511,25.093308,0</coordinates></Point></Placemark>
<Placemark><name>SYL-0170</name><description><![CDATA[
<b>SYL-0170</b><br/>
stratum: stable_forest<br/>
lat, lon: 24.978773, 91.957362<br/>
<hr/>
Record your answer in:<br/>
<code>data/reference/interpretation_sylhet_author_b.csv</code><br/><br/>
Fields: class_t0, class_t3, confidence, notes<br/>
Classes: 0 non-forest, 1 natural forest, 2 plantation/tea, 3 water
]]></description><styleUrl>#stable_forest</styleUrl><Point><coordinates>91.957362,24.978773,0</coordinates></Point></Placemark>
<Placemark><name>SYL-0171</name><description><![CDATA[
<b>SYL-0171</b><br/>
stratum: stable_forest<br/>
lat, lon: 25.082528, 92.036323<br/>
<hr/>
Record your answer in:<br/>
<code>data/reference/interpretation_sylhet_author_b.csv</code><br/><br/>
Fields: class_t0, class_t3, confidence, notes<br/>
Classes: 0 non-forest, 1 natural forest, 2 plantation/tea, 3 water
]]></description><styleUrl>#stable_forest</styleUrl><Point><coordinates>92.036323,25.082528,0</coordinates></Point></Placemark>
<Placemark><name>SYL-0172</name><description><![CDATA[
<b>SYL-0172</b><br/>
stratum: stable_forest<br/>
lat, lon: 25.029977, 92.399333<br/>
<hr/>
Record your answer in:<br/>
<code>data/reference/interpretation_sylhet_author_b.csv</code><br/><br/>
Fields: class_t0, class_t3, confidence, notes<br/>
Classes: 0 non-forest, 1 natural forest, 2 plantation/tea, 3 water
]]></description><styleUrl>#stable_forest</styleUrl><Point><coordinates>92.399333,25.029977,0</coordinates></Point></Placemark>
<Placemark><name>SYL-0173</name><description><![CDATA[
<b>SYL-0173</b><br/>
stratum: stable_forest<br/>
lat, lon: 24.854805, 92.128760<br/>
<hr/>
Record your answer in:<br/>
<code>data/reference/interpretation_sylhet_author_b.csv</code><br/><br/>
Fields: class_t0, class_t3, confidence, notes<br/>
Classes: 0 non-forest, 1 natural forest, 2 plantation/tea, 3 water
]]></description><styleUrl>#stable_forest</styleUrl><Point><coordinates>92.128760,24.854805,0</coordinates></Point></Placemark>
<Placemark><name>SYL-0174</name><description><![CDATA[
<b>SYL-0174</b><br/>
stratum: stable_forest<br/>
lat, lon: 24.761830, 91.730447<br/>
<hr/>
Record your answer in:<br/>
<code>data/reference/interpretation_sylhet_author_b.csv</code><br/><br/>
Fields: class_t0, class_t3, confidence, notes<br/>
Classes: 0 non-forest, 1 natural forest, 2 plantation/tea, 3 water
]]></description><styleUrl>#stable_forest</styleUrl><Point><coordinates>91.730447,24.761830,0</coordinates></Point></Placemark>
<Placemark><name>SYL-0175</name><description><![CDATA[
<b>SYL-0175</b><br/>
stratum: stable_forest<br/>
lat, lon: 24.631125, 91.632621<br/>
<hr/>
Record your answer in:<br/>
<code>data/reference/interpretation_sylhet_author_b.csv</code><br/><br/>
Fields: class_t0, class_t3, confidence, notes<br/>
Classes: 0 non-forest, 1 natural forest, 2 plantation/tea, 3 water
]]></description><styleUrl>#stable_forest</styleUrl><Point><coordinates>91.632621,24.631125,0</coordinates></Point></Placemark>
<Placemark><name>SYL-0176</name><description><![CDATA[
<b>SYL-0176</b><br/>
stratum: stable_forest<br/>
lat, lon: 25.117023, 92.217693<br/>
<hr/>
Record your answer in:<br/>
<code>data/reference/interpretation_sylhet_author_b.csv</code><br/><br/>
Fields: class_t0, class_t3, confidence, notes<br/>
Classes: 0 non-forest, 1 natural forest, 2 plantation/tea, 3 water
]]></description><styleUrl>#stable_forest</styleUrl><Point><coordinates>92.217693,25.117023,0</coordinates></Point></Placemark>
<Placemark><name>SYL-0177</name><description><![CDATA[
<b>SYL-0177</b><br/>
stratum: stable_forest<br/>
lat, lon: 25.036175, 92.113668<br/>
<hr/>
Record your answer in:<br/>
<code>data/reference/interpretation_sylhet_author_b.csv</code><br/><br/>
Fields: class_t0, class_t3, confidence, notes<br/>
Classes: 0 non-forest, 1 natural forest, 2 plantation/tea, 3 water
]]></description><styleUrl>#stable_forest</styleUrl><Point><coordinates>92.113668,25.036175,0</coordinates></Point></Placemark>
<Placemark><name>SYL-0178</name><description><![CDATA[
<b>SYL-0178</b><br/>
stratum: stable_forest<br/>
lat, lon: 25.100045, 92.136036<br/>
<hr/>
Record your answer in:<br/>
<code>data/reference/interpretation_sylhet_author_b.csv</code><br/><br/>
Fields: class_t0, class_t3, confidence, notes<br/>
Classes: 0 non-forest, 1 natural forest, 2 plantation/tea, 3 water
]]></description><styleUrl>#stable_forest</styleUrl><Point><coordinates>92.136036,25.100045,0</coordinates></Point></Placemark>
<Placemark><name>SYL-0179</name><description><![CDATA[
<b>SYL-0179</b><br/>
stratum: stable_forest<br/>
lat, lon: 24.772879, 91.728830<br/>
<hr/>
Record your answer in:<br/>
<code>data/reference/interpretation_sylhet_author_b.csv</code><br/><br/>
Fields: class_t0, class_t3, confidence, notes<br/>
Classes: 0 non-forest, 1 natural forest, 2 plantation/tea, 3 water
]]></description><styleUrl>#stable_forest</styleUrl><Point><coordinates>91.728830,24.772879,0</coordinates></Point></Placemark>
<Placemark><name>SYL-0180</name><description><![CDATA[
<b>SYL-0180</b><br/>
stratum: stable_forest<br/>
lat, lon: 25.059082, 92.194247<br/>
<hr/>
Record your answer in:<br/>
<code>data/reference/interpretation_sylhet_author_b.csv</code><br/><br/>
Fields: class_t0, class_t3, confidence, notes<br/>
Classes: 0 non-forest, 1 natural forest, 2 plantation/tea, 3 water
]]></description><styleUrl>#stable_forest</styleUrl><Point><coordinates>92.194247,25.059082,0</coordinates></Point></Placemark>
<Placemark><name>SYL-0181</name><description><![CDATA[
<b>SYL-0181</b><br/>
stratum: stable_forest<br/>
lat, lon: 25.159604, 91.849564<br/>
<hr/>
Record your answer in:<br/>
<code>data/reference/interpretation_sylhet_author_b.csv</code><br/><br/>
Fields: class_t0, class_t3, confidence, notes<br/>
Classes: 0 non-forest, 1 natural forest, 2 plantation/tea, 3 water
]]></description><styleUrl>#stable_forest</styleUrl><Point><coordinates>91.849564,25.159604,0</coordinates></Point></Placemark>
<Placemark><name>SYL-0182</name><description><![CDATA[
<b>SYL-0182</b><br/>
stratum: stable_forest<br/>
lat, lon: 24.917328, 92.279408<br/>
<hr/>
Record your answer in:<br/>
<code>data/reference/interpretation_sylhet_author_b.csv</code><br/><br/>
Fields: class_t0, class_t3, confidence, notes<br/>
Classes: 0 non-forest, 1 natural forest, 2 plantation/tea, 3 water
]]></description><styleUrl>#stable_forest</styleUrl><Point><coordinates>92.279408,24.917328,0</coordinates></Point></Placemark>
<Placemark><name>SYL-0183</name><description><![CDATA[
<b>SYL-0183</b><br/>
stratum: stable_forest<br/>
lat, lon: 24.816807, 91.969489<br/>
<hr/>
Record your answer in:<br/>
<code>data/reference/interpretation_sylhet_author_b.csv</code><br/><br/>
Fields: class_t0, class_t3, confidence, notes<br/>
Classes: 0 non-forest, 1 natural forest, 2 plantation/tea, 3 water
]]></description><styleUrl>#stable_forest</styleUrl><Point><coordinates>91.969489,24.816807,0</coordinates></Point></Placemark>
<Placemark><name>SYL-0184</name><description><![CDATA[
<b>SYL-0184</b><br/>
stratum: stable_forest<br/>
lat, lon: 24.908704, 92.148164<br/>
<hr/>
Record your answer in:<br/>
<code>data/reference/interpretation_sylhet_author_b.csv</code><br/><br/>
Fields: class_t0, class_t3, confidence, notes<br/>
Classes: 0 non-forest, 1 natural forest, 2 plantation/tea, 3 water
]]></description><styleUrl>#stable_forest</styleUrl><Point><coordinates>92.148164,24.908704,0</coordinates></Point></Placemark>
<Placemark><name>SYL-0185</name><description><![CDATA[
<b>SYL-0185</b><br/>
stratum: stable_forest<br/>
lat, lon: 24.818423, 91.831508<br/>
<hr/>
Record your answer in:<br/>
<code>data/reference/interpretation_sylhet_author_b.csv</code><br/><br/>
Fields: class_t0, class_t3, confidence, notes<br/>
Classes: 0 non-forest, 1 natural forest, 2 plantation/tea, 3 water
]]></description><styleUrl>#stable_forest</styleUrl><Point><coordinates>91.831508,24.818423,0</coordinates></Point></Placemark>
<Placemark><name>SYL-0186</name><description><![CDATA[
<b>SYL-0186</b><br/>
stratum: stable_forest<br/>
lat, lon: 24.886067, 92.112051<br/>
<hr/>
Record your answer in:<br/>
<code>data/reference/interpretation_sylhet_author_b.csv</code><br/><br/>
Fields: class_t0, class_t3, confidence, notes<br/>
Classes: 0 non-forest, 1 natural forest, 2 plantation/tea, 3 water
]]></description><styleUrl>#stable_forest</styleUrl><Point><coordinates>92.112051,24.886067,0</coordinates></Point></Placemark>
<Placemark><name>SYL-0187</name><description><![CDATA[
<b>SYL-0187</b><br/>
stratum: stable_forest<br/>
lat, lon: 24.804949, 92.149781<br/>
<hr/>
Record your answer in:<br/>
<code>data/reference/interpretation_sylhet_author_b.csv</code><br/><br/>
Fields: class_t0, class_t3, confidence, notes<br/>
Classes: 0 non-forest, 1 natural forest, 2 plantation/tea, 3 water
]]></description><styleUrl>#stable_forest</styleUrl><Point><coordinates>92.149781,24.804949,0</coordinates></Point></Placemark>
<Placemark><name>SYL-0188</name><description><![CDATA[
<b>SYL-0188</b><br/>
stratum: stable_forest<br/>
lat, lon: 25.081989, 92.185893<br/>
<hr/>
Record your answer in:<br/>
<code>data/reference/interpretation_sylhet_author_b.csv</code><br/><br/>
Fields: class_t0, class_t3, confidence, notes<br/>
Classes: 0 non-forest, 1 natural forest, 2 plantation/tea, 3 water
]]></description><styleUrl>#stable_forest</styleUrl><Point><coordinates>92.185893,25.081989,0</coordinates></Point></Placemark>
<Placemark><name>SYL-0189</name><description><![CDATA[
<b>SYL-0189</b><br/>
stratum: stable_forest<br/>
lat, lon: 24.751319, 91.726405<br/>
<hr/>
Record your answer in:<br/>
<code>data/reference/interpretation_sylhet_author_b.csv</code><br/><br/>
Fields: class_t0, class_t3, confidence, notes<br/>
Classes: 0 non-forest, 1 natural forest, 2 plantation/tea, 3 water
]]></description><styleUrl>#stable_forest</styleUrl><Point><coordinates>91.726405,24.751319,0</coordinates></Point></Placemark>
<Placemark><name>SYL-0190</name><description><![CDATA[
<b>SYL-0190</b><br/>
stratum: stable_forest<br/>
lat, lon: 25.145320, 91.976496<br/>
<hr/>
Record your answer in:<br/>
<code>data/reference/interpretation_sylhet_author_b.csv</code><br/><br/>
Fields: class_t0, class_t3, confidence, notes<br/>
Classes: 0 non-forest, 1 natural forest, 2 plantation/tea, 3 water
]]></description><styleUrl>#stable_forest</styleUrl><Point><coordinates>91.976496,25.145320,0</coordinates></Point></Placemark>
<Placemark><name>SYL-0191</name><description><![CDATA[
<b>SYL-0191</b><br/>
stratum: stable_forest<br/>
lat, lon: 24.812495, 92.151667<br/>
<hr/>
Record your answer in:<br/>
<code>data/reference/interpretation_sylhet_author_b.csv</code><br/><br/>
Fields: class_t0, class_t3, confidence, notes<br/>
Classes: 0 non-forest, 1 natural forest, 2 plantation/tea, 3 water
]]></description><styleUrl>#stable_forest</styleUrl><Point><coordinates>92.151667,24.812495,0</coordinates></Point></Placemark>
<Placemark><name>SYL-0192</name><description><![CDATA[
<b>SYL-0192</b><br/>
stratum: stable_forest<br/>
lat, lon: 24.655379, 91.963290<br/>
<hr/>
Record your answer in:<br/>
<code>data/reference/interpretation_sylhet_author_b.csv</code><br/><br/>
Fields: class_t0, class_t3, confidence, notes<br/>
Classes: 0 non-forest, 1 natural forest, 2 plantation/tea, 3 water
]]></description><styleUrl>#stable_forest</styleUrl><Point><coordinates>91.963290,24.655379,0</coordinates></Point></Placemark>
<Placemark><name>SYL-0193</name><description><![CDATA[
<b>SYL-0193</b><br/>
stratum: stable_forest<br/>
lat, lon: 24.873670, 92.472635<br/>
<hr/>
Record your answer in:<br/>
<code>data/reference/interpretation_sylhet_author_b.csv</code><br/><br/>
Fields: class_t0, class_t3, confidence, notes<br/>
Classes: 0 non-forest, 1 natural forest, 2 plantation/tea, 3 water
]]></description><styleUrl>#stable_forest</styleUrl><Point><coordinates>92.472635,24.873670,0</coordinates></Point></Placemark>
<Placemark><name>SYL-0194</name><description><![CDATA[
<b>SYL-0194</b><br/>
stratum: stable_forest<br/>
lat, lon: 24.875287, 92.414694<br/>
<hr/>
Record your answer in:<br/>
<code>data/reference/interpretation_sylhet_author_b.csv</code><br/><br/>
Fields: class_t0, class_t3, confidence, notes<br/>
Classes: 0 non-forest, 1 natural forest, 2 plantation/tea, 3 water
]]></description><styleUrl>#stable_forest</styleUrl><Point><coordinates>92.414694,24.875287,0</coordinates></Point></Placemark>
<Placemark><name>SYL-0195</name><description><![CDATA[
<b>SYL-0195</b><br/>
stratum: stable_forest<br/>
lat, lon: 24.741348, 91.925831<br/>
<hr/>
Record your answer in:<br/>
<code>data/reference/interpretation_sylhet_author_b.csv</code><br/><br/>
Fields: class_t0, class_t3, confidence, notes<br/>
Classes: 0 non-forest, 1 natural forest, 2 plantation/tea, 3 water
]]></description><styleUrl>#stable_forest</styleUrl><Point><coordinates>91.925831,24.741348,0</coordinates></Point></Placemark>
<Placemark><name>SYL-0196</name><description><![CDATA[
<b>SYL-0196</b><br/>
stratum: stable_forest<br/>
lat, lon: 25.024856, 92.291535<br/>
<hr/>
Record your answer in:<br/>
<code>data/reference/interpretation_sylhet_author_b.csv</code><br/><br/>
Fields: class_t0, class_t3, confidence, notes<br/>
Classes: 0 non-forest, 1 natural forest, 2 plantation/tea, 3 water
]]></description><styleUrl>#stable_forest</styleUrl><Point><coordinates>92.291535,25.024856,0</coordinates></Point></Placemark>
<Placemark><name>SYL-0197</name><description><![CDATA[
<b>SYL-0197</b><br/>
stratum: stable_forest<br/>
lat, lon: 24.692839, 91.915859<br/>
<hr/>
Record your answer in:<br/>
<code>data/reference/interpretation_sylhet_author_b.csv</code><br/><br/>
Fields: class_t0, class_t3, confidence, notes<br/>
Classes: 0 non-forest, 1 natural forest, 2 plantation/tea, 3 water
]]></description><styleUrl>#stable_forest</styleUrl><Point><coordinates>91.915859,24.692839,0</coordinates></Point></Placemark>
<Placemark><name>SYL-0198</name><description><![CDATA[
<b>SYL-0198</b><br/>
stratum: stable_forest<br/>
lat, lon: 25.061238, 91.842287<br/>
<hr/>
Record your answer in:<br/>
<code>data/reference/interpretation_sylhet_author_b.csv</code><br/><br/>
Fields: class_t0, class_t3, confidence, notes<br/>
Classes: 0 non-forest, 1 natural forest, 2 plantation/tea, 3 water
]]></description><styleUrl>#stable_forest</styleUrl><Point><coordinates>91.842287,25.061238,0</coordinates></Point></Placemark>
<Placemark><name>SYL-0199</name><description><![CDATA[
<b>SYL-0199</b><br/>
stratum: stable_forest<br/>
lat, lon: 24.850493, 92.121214<br/>
<hr/>
Record your answer in:<br/>
<code>data/reference/interpretation_sylhet_author_b.csv</code><br/><br/>
Fields: class_t0, class_t3, confidence, notes<br/>
Classes: 0 non-forest, 1 natural forest, 2 plantation/tea, 3 water
]]></description><styleUrl>#stable_forest</styleUrl><Point><coordinates>92.121214,24.850493,0</coordinates></Point></Placemark>
<Placemark><name>SYL-0200</name><description><![CDATA[
<b>SYL-0200</b><br/>
stratum: stable_forest<br/>
lat, lon: 25.093577, 92.187510<br/>
<hr/>
Record your answer in:<br/>
<code>data/reference/interpretation_sylhet_author_b.csv</code><br/><br/>
Fields: class_t0, class_t3, confidence, notes<br/>
Classes: 0 non-forest, 1 natural forest, 2 plantation/tea, 3 water
]]></description><styleUrl>#stable_forest</styleUrl><Point><coordinates>92.187510,25.093577,0</coordinates></Point></Placemark>
<Placemark><name>SYL-0201</name><description><![CDATA[
<b>SYL-0201</b><br/>
stratum: stable_forest<br/>
lat, lon: 24.658344, 91.902385<br/>
<hr/>
Record your answer in:<br/>
<code>data/reference/interpretation_sylhet_author_b.csv</code><br/><br/>
Fields: class_t0, class_t3, confidence, notes<br/>
Classes: 0 non-forest, 1 natural forest, 2 plantation/tea, 3 water
]]></description><styleUrl>#stable_forest</styleUrl><Point><coordinates>91.902385,24.658344,0</coordinates></Point></Placemark>
<Placemark><name>SYL-0202</name><description><![CDATA[
<b>SYL-0202</b><br/>
stratum: stable_forest<br/>
lat, lon: 25.121605, 92.144121<br/>
<hr/>
Record your answer in:<br/>
<code>data/reference/interpretation_sylhet_author_b.csv</code><br/><br/>
Fields: class_t0, class_t3, confidence, notes<br/>
Classes: 0 non-forest, 1 natural forest, 2 plantation/tea, 3 water
]]></description><styleUrl>#stable_forest</styleUrl><Point><coordinates>92.144121,25.121605,0</coordinates></Point></Placemark>
<Placemark><name>SYL-0203</name><description><![CDATA[
<b>SYL-0203</b><br/>
stratum: stable_forest<br/>
lat, lon: 25.084954, 92.163255<br/>
<hr/>
Record your answer in:<br/>
<code>data/reference/interpretation_sylhet_author_b.csv</code><br/><br/>
Fields: class_t0, class_t3, confidence, notes<br/>
Classes: 0 non-forest, 1 natural forest, 2 plantation/tea, 3 water
]]></description><styleUrl>#stable_forest</styleUrl><Point><coordinates>92.163255,25.084954,0</coordinates></Point></Placemark>
<Placemark><name>SYL-0204</name><description><![CDATA[
<b>SYL-0204</b><br/>
stratum: stable_forest<br/>
lat, lon: 24.875826, 91.830969<br/>
<hr/>
Record your answer in:<br/>
<code>data/reference/interpretation_sylhet_author_b.csv</code><br/><br/>
Fields: class_t0, class_t3, confidence, notes<br/>
Classes: 0 non-forest, 1 natural forest, 2 plantation/tea, 3 water
]]></description><styleUrl>#stable_forest</styleUrl><Point><coordinates>91.830969,24.875826,0</coordinates></Point></Placemark>
<Placemark><name>SYL-0205</name><description><![CDATA[
<b>SYL-0205</b><br/>
stratum: stable_forest<br/>
lat, lon: 24.932150, 91.889718<br/>
<hr/>
Record your answer in:<br/>
<code>data/reference/interpretation_sylhet_author_b.csv</code><br/><br/>
Fields: class_t0, class_t3, confidence, notes<br/>
Classes: 0 non-forest, 1 natural forest, 2 plantation/tea, 3 water
]]></description><styleUrl>#stable_forest</styleUrl><Point><coordinates>91.889718,24.932150,0</coordinates></Point></Placemark>
<Placemark><name>SYL-0206</name><description><![CDATA[
<b>SYL-0206</b><br/>
stratum: stable_forest<br/>
lat, lon: 24.787162, 92.157326<br/>
<hr/>
Record your answer in:<br/>
<code>data/reference/interpretation_sylhet_author_b.csv</code><br/><br/>
Fields: class_t0, class_t3, confidence, notes<br/>
Classes: 0 non-forest, 1 natural forest, 2 plantation/tea, 3 water
]]></description><styleUrl>#stable_forest</styleUrl><Point><coordinates>92.157326,24.787162,0</coordinates></Point></Placemark>
<Placemark><name>SYL-0207</name><description><![CDATA[
<b>SYL-0207</b><br/>
stratum: stable_forest<br/>
lat, lon: 24.959908, 91.999403<br/>
<hr/>
Record your answer in:<br/>
<code>data/reference/interpretation_sylhet_author_b.csv</code><br/><br/>
Fields: class_t0, class_t3, confidence, notes<br/>
Classes: 0 non-forest, 1 natural forest, 2 plantation/tea, 3 water
]]></description><styleUrl>#stable_forest</styleUrl><Point><coordinates>91.999403,24.959908,0</coordinates></Point></Placemark>
<Placemark><name>SYL-0208</name><description><![CDATA[
<b>SYL-0208</b><br/>
stratum: stable_forest<br/>
lat, lon: 25.136697, 92.138192<br/>
<hr/>
Record your answer in:<br/>
<code>data/reference/interpretation_sylhet_author_b.csv</code><br/><br/>
Fields: class_t0, class_t3, confidence, notes<br/>
Classes: 0 non-forest, 1 natural forest, 2 plantation/tea, 3 water
]]></description><styleUrl>#stable_forest</styleUrl><Point><coordinates>92.138192,25.136697,0</coordinates></Point></Placemark>
<Placemark><name>SYL-0209</name><description><![CDATA[
<b>SYL-0209</b><br/>
stratum: stable_forest<br/>
lat, lon: 24.787432, 92.182659<br/>
<hr/>
Record your answer in:<br/>
<code>data/reference/interpretation_sylhet_author_b.csv</code><br/><br/>
Fields: class_t0, class_t3, confidence, notes<br/>
Classes: 0 non-forest, 1 natural forest, 2 plantation/tea, 3 water
]]></description><styleUrl>#stable_forest</styleUrl><Point><coordinates>92.182659,24.787432,0</coordinates></Point></Placemark>
<Placemark><name>SYL-0210</name><description><![CDATA[
<b>SYL-0210</b><br/>
stratum: stable_forest<br/>
lat, lon: 24.877982, 92.371575<br/>
<hr/>
Record your answer in:<br/>
<code>data/reference/interpretation_sylhet_author_b.csv</code><br/><br/>
Fields: class_t0, class_t3, confidence, notes<br/>
Classes: 0 non-forest, 1 natural forest, 2 plantation/tea, 3 water
]]></description><styleUrl>#stable_forest</styleUrl><Point><coordinates>92.371575,24.877982,0</coordinates></Point></Placemark>
<Placemark><name>SYL-0211</name><description><![CDATA[
<b>SYL-0211</b><br/>
stratum: stable_forest<br/>
lat, lon: 24.883102, 91.790005<br/>
<hr/>
Record your answer in:<br/>
<code>data/reference/interpretation_sylhet_author_b.csv</code><br/><br/>
Fields: class_t0, class_t3, confidence, notes<br/>
Classes: 0 non-forest, 1 natural forest, 2 plantation/tea, 3 water
]]></description><styleUrl>#stable_forest</styleUrl><Point><coordinates>91.790005,24.883102,0</coordinates></Point></Placemark>
<Placemark><name>SYL-0212</name><description><![CDATA[
<b>SYL-0212</b><br/>
stratum: stable_forest<br/>
lat, lon: 25.138314, 92.136575<br/>
<hr/>
Record your answer in:<br/>
<code>data/reference/interpretation_sylhet_author_b.csv</code><br/><br/>
Fields: class_t0, class_t3, confidence, notes<br/>
Classes: 0 non-forest, 1 natural forest, 2 plantation/tea, 3 water
]]></description><styleUrl>#stable_forest</styleUrl><Point><coordinates>92.136575,25.138314,0</coordinates></Point></Placemark>
<Placemark><name>SYL-0213</name><description><![CDATA[
<b>SYL-0213</b><br/>
stratum: stable_forest<br/>
lat, lon: 24.743773, 91.834202<br/>
<hr/>
Record your answer in:<br/>
<code>data/reference/interpretation_sylhet_author_b.csv</code><br/><br/>
Fields: class_t0, class_t3, confidence, notes<br/>
Classes: 0 non-forest, 1 natural forest, 2 plantation/tea, 3 water
]]></description><styleUrl>#stable_forest</styleUrl><Point><coordinates>91.834202,24.743773,0</coordinates></Point></Placemark>
<Placemark><name>SYL-0214</name><description><![CDATA[
<b>SYL-0214</b><br/>
stratum: stable_forest<br/>
lat, lon: 24.949398, 91.951433<br/>
<hr/>
Record your answer in:<br/>
<code>data/reference/interpretation_sylhet_author_b.csv</code><br/><br/>
Fields: class_t0, class_t3, confidence, notes<br/>
Classes: 0 non-forest, 1 natural forest, 2 plantation/tea, 3 water
]]></description><styleUrl>#stable_forest</styleUrl><Point><coordinates>91.951433,24.949398,0</coordinates></Point></Placemark>
<Placemark><name>SYL-0215</name><description><![CDATA[
<b>SYL-0215</b><br/>
stratum: stable_forest<br/>
lat, lon: 24.905470, 92.079443<br/>
<hr/>
Record your answer in:<br/>
<code>data/reference/interpretation_sylhet_author_b.csv</code><br/><br/>
Fields: class_t0, class_t3, confidence, notes<br/>
Classes: 0 non-forest, 1 natural forest, 2 plantation/tea, 3 water
]]></description><styleUrl>#stable_forest</styleUrl><Point><coordinates>92.079443,24.905470,0</coordinates></Point></Placemark>
<Placemark><name>SYL-0216</name><description><![CDATA[
<b>SYL-0216</b><br/>
stratum: stable_forest<br/>
lat, lon: 25.008417, 91.809948<br/>
<hr/>
Record your answer in:<br/>
<code>data/reference/interpretation_sylhet_author_b.csv</code><br/><br/>
Fields: class_t0, class_t3, confidence, notes<br/>
Classes: 0 non-forest, 1 natural forest, 2 plantation/tea, 3 water
]]></description><styleUrl>#stable_forest</styleUrl><Point><coordinates>91.809948,25.008417,0</coordinates></Point></Placemark>
<Placemark><name>SYL-0217</name><description><![CDATA[
<b>SYL-0217</b><br/>
stratum: stable_forest<br/>
lat, lon: 24.940235, 91.861960<br/>
<hr/>
Record your answer in:<br/>
<code>data/reference/interpretation_sylhet_author_b.csv</code><br/><br/>
Fields: class_t0, class_t3, confidence, notes<br/>
Classes: 0 non-forest, 1 natural forest, 2 plantation/tea, 3 water
]]></description><styleUrl>#stable_forest</styleUrl><Point><coordinates>91.861960,24.940235,0</coordinates></Point></Placemark>
<Placemark><name>SYL-0218</name><description><![CDATA[
<b>SYL-0218</b><br/>
stratum: stable_forest<br/>
lat, lon: 24.675861, 91.755780<br/>
<hr/>
Record your answer in:<br/>
<code>data/reference/interpretation_sylhet_author_b.csv</code><br/><br/>
Fields: class_t0, class_t3, confidence, notes<br/>
Classes: 0 non-forest, 1 natural forest, 2 plantation/tea, 3 water
]]></description><styleUrl>#stable_forest</styleUrl><Point><coordinates>91.755780,24.675861,0</coordinates></Point></Placemark>
<Placemark><name>SYL-0219</name><description><![CDATA[
<b>SYL-0219</b><br/>
stratum: stable_forest<br/>
lat, lon: 25.029707, 92.158674<br/>
<hr/>
Record your answer in:<br/>
<code>data/reference/interpretation_sylhet_author_b.csv</code><br/><br/>
Fields: class_t0, class_t3, confidence, notes<br/>
Classes: 0 non-forest, 1 natural forest, 2 plantation/tea, 3 water
]]></description><styleUrl>#stable_forest</styleUrl><Point><coordinates>92.158674,25.029707,0</coordinates></Point></Placemark>
<Placemark><name>SYL-0220</name><description><![CDATA[
<b>SYL-0220</b><br/>
stratum: stable_forest<br/>
lat, lon: 24.999524, 91.888640<br/>
<hr/>
Record your answer in:<br/>
<code>data/reference/interpretation_sylhet_author_b.csv</code><br/><br/>
Fields: class_t0, class_t3, confidence, notes<br/>
Classes: 0 non-forest, 1 natural forest, 2 plantation/tea, 3 water
]]></description><styleUrl>#stable_forest</styleUrl><Point><coordinates>91.888640,24.999524,0</coordinates></Point></Placemark>
<Placemark><name>SYL-0221</name><description><![CDATA[
<b>SYL-0221</b><br/>
stratum: stable_forest<br/>
lat, lon: 24.917867, 92.133880<br/>
<hr/>
Record your answer in:<br/>
<code>data/reference/interpretation_sylhet_author_b.csv</code><br/><br/>
Fields: class_t0, class_t3, confidence, notes<br/>
Classes: 0 non-forest, 1 natural forest, 2 plantation/tea, 3 water
]]></description><styleUrl>#stable_forest</styleUrl><Point><coordinates>92.133880,24.917867,0</coordinates></Point></Placemark>
<Placemark><name>SYL-0222</name><description><![CDATA[
<b>SYL-0222</b><br/>
stratum: stable_forest<br/>
lat, lon: 24.916250, 92.486918<br/>
<hr/>
Record your answer in:<br/>
<code>data/reference/interpretation_sylhet_author_b.csv</code><br/><br/>
Fields: class_t0, class_t3, confidence, notes<br/>
Classes: 0 non-forest, 1 natural forest, 2 plantation/tea, 3 water
]]></description><styleUrl>#stable_forest</styleUrl><Point><coordinates>92.486918,24.916250,0</coordinates></Point></Placemark>
<Placemark><name>SYL-0223</name><description><![CDATA[
<b>SYL-0223</b><br/>
stratum: stable_forest<br/>
lat, lon: 24.940235, 91.905888<br/>
<hr/>
Record your answer in:<br/>
<code>data/reference/interpretation_sylhet_author_b.csv</code><br/><br/>
Fields: class_t0, class_t3, confidence, notes<br/>
Classes: 0 non-forest, 1 natural forest, 2 plantation/tea, 3 water
]]></description><styleUrl>#stable_forest</styleUrl><Point><coordinates>91.905888,24.940235,0</coordinates></Point></Placemark>
<Placemark><name>SYL-0224</name><description><![CDATA[
<b>SYL-0224</b><br/>
stratum: stable_forest<br/>
lat, lon: 24.938618, 91.932029<br/>
<hr/>
Record your answer in:<br/>
<code>data/reference/interpretation_sylhet_author_b.csv</code><br/><br/>
Fields: class_t0, class_t3, confidence, notes<br/>
Classes: 0 non-forest, 1 natural forest, 2 plantation/tea, 3 water
]]></description><styleUrl>#stable_forest</styleUrl><Point><coordinates>91.932029,24.938618,0</coordinates></Point></Placemark>
<Placemark><name>SYL-0225</name><description><![CDATA[
<b>SYL-0225</b><br/>
stratum: stable_forest<br/>
lat, lon: 24.709009, 91.677626<br/>
<hr/>
Record your answer in:<br/>
<code>data/reference/interpretation_sylhet_author_b.csv</code><br/><br/>
Fields: class_t0, class_t3, confidence, notes<br/>
Classes: 0 non-forest, 1 natural forest, 2 plantation/tea, 3 water
]]></description><styleUrl>#stable_forest</styleUrl><Point><coordinates>91.677626,24.709009,0</coordinates></Point></Placemark>
<Placemark><name>SYL-0226</name><description><![CDATA[
<b>SYL-0226</b><br/>
stratum: stable_forest<br/>
lat, lon: 24.830012, 92.161099<br/>
<hr/>
Record your answer in:<br/>
<code>data/reference/interpretation_sylhet_author_b.csv</code><br/><br/>
Fields: class_t0, class_t3, confidence, notes<br/>
Classes: 0 non-forest, 1 natural forest, 2 plantation/tea, 3 water
]]></description><styleUrl>#stable_forest</styleUrl><Point><coordinates>92.161099,24.830012,0</coordinates></Point></Placemark>
<Placemark><name>SYL-0227</name><description><![CDATA[
<b>SYL-0227</b><br/>
stratum: stable_forest<br/>
lat, lon: 24.771801, 91.824231<br/>
<hr/>
Record your answer in:<br/>
<code>data/reference/interpretation_sylhet_author_b.csv</code><br/><br/>
Fields: class_t0, class_t3, confidence, notes<br/>
Classes: 0 non-forest, 1 natural forest, 2 plantation/tea, 3 water
]]></description><styleUrl>#stable_forest</styleUrl><Point><coordinates>91.824231,24.771801,0</coordinates></Point></Placemark>
<Placemark><name>SYL-0228</name><description><![CDATA[
<b>SYL-0228</b><br/>
stratum: stable_forest<br/>
lat, lon: 25.014077, 91.892952<br/>
<hr/>
Record your answer in:<br/>
<code>data/reference/interpretation_sylhet_author_b.csv</code><br/><br/>
Fields: class_t0, class_t3, confidence, notes<br/>
Classes: 0 non-forest, 1 natural forest, 2 plantation/tea, 3 water
]]></description><styleUrl>#stable_forest</styleUrl><Point><coordinates>91.892952,25.014077,0</coordinates></Point></Placemark>
<Placemark><name>SYL-0229</name><description><![CDATA[
<b>SYL-0229</b><br/>
stratum: stable_forest<br/>
lat, lon: 24.784737, 91.824231<br/>
<hr/>
Record your answer in:<br/>
<code>data/reference/interpretation_sylhet_author_b.csv</code><br/><br/>
Fields: class_t0, class_t3, confidence, notes<br/>
Classes: 0 non-forest, 1 natural forest, 2 plantation/tea, 3 water
]]></description><styleUrl>#stable_forest</styleUrl><Point><coordinates>91.824231,24.784737,0</coordinates></Point></Placemark>
<Placemark><name>SYL-0230</name><description><![CDATA[
<b>SYL-0230</b><br/>
stratum: stable_forest<br/>
lat, lon: 25.064203, 92.341391<br/>
<hr/>
Record your answer in:<br/>
<code>data/reference/interpretation_sylhet_author_b.csv</code><br/><br/>
Fields: class_t0, class_t3, confidence, notes<br/>
Classes: 0 non-forest, 1 natural forest, 2 plantation/tea, 3 water
]]></description><styleUrl>#stable_forest</styleUrl><Point><coordinates>92.341391,25.064203,0</coordinates></Point></Placemark>
<Placemark><name>SYL-0231</name><description><![CDATA[
<b>SYL-0231</b><br/>
stratum: stable_forest<br/>
lat, lon: 24.914094, 92.148433<br/>
<hr/>
Record your answer in:<br/>
<code>data/reference/interpretation_sylhet_author_b.csv</code><br/><br/>
Fields: class_t0, class_t3, confidence, notes<br/>
Classes: 0 non-forest, 1 natural forest, 2 plantation/tea, 3 water
]]></description><styleUrl>#stable_forest</styleUrl><Point><coordinates>92.148433,24.914094,0</coordinates></Point></Placemark>
<Placemark><name>SYL-0232</name><description><![CDATA[
<b>SYL-0232</b><br/>
stratum: stable_forest<br/>
lat, lon: 24.874748, 92.438140<br/>
<hr/>
Record your answer in:<br/>
<code>data/reference/interpretation_sylhet_author_b.csv</code><br/><br/>
Fields: class_t0, class_t3, confidence, notes<br/>
Classes: 0 non-forest, 1 natural forest, 2 plantation/tea, 3 water
]]></description><styleUrl>#stable_forest</styleUrl><Point><coordinates>92.438140,24.874748,0</coordinates></Point></Placemark>
<Placemark><name>SYL-0233</name><description><![CDATA[
<b>SYL-0233</b><br/>
stratum: stable_forest<br/>
lat, lon: 24.986049, 92.395021<br/>
<hr/>
Record your answer in:<br/>
<code>data/reference/interpretation_sylhet_author_b.csv</code><br/><br/>
Fields: class_t0, class_t3, confidence, notes<br/>
Classes: 0 non-forest, 1 natural forest, 2 plantation/tea, 3 water
]]></description><styleUrl>#stable_forest</styleUrl><Point><coordinates>92.395021,24.986049,0</coordinates></Point></Placemark>
<Placemark><name>SYL-0234</name><description><![CDATA[
<b>SYL-0234</b><br/>
stratum: stable_forest<br/>
lat, lon: 24.678017, 91.709696<br/>
<hr/>
Record your answer in:<br/>
<code>data/reference/interpretation_sylhet_author_b.csv</code><br/><br/>
Fields: class_t0, class_t3, confidence, notes<br/>
Classes: 0 non-forest, 1 natural forest, 2 plantation/tea, 3 water
]]></description><styleUrl>#stable_forest</styleUrl><Point><coordinates>91.709696,24.678017,0</coordinates></Point></Placemark>
<Placemark><name>SYL-0235</name><description><![CDATA[
<b>SYL-0235</b><br/>
stratum: stable_forest<br/>
lat, lon: 24.949128, 91.978652<br/>
<hr/>
Record your answer in:<br/>
<code>data/reference/interpretation_sylhet_author_b.csv</code><br/><br/>
Fields: class_t0, class_t3, confidence, notes<br/>
Classes: 0 non-forest, 1 natural forest, 2 plantation/tea, 3 water
]]></description><styleUrl>#stable_forest</styleUrl><Point><coordinates>91.978652,24.949128,0</coordinates></Point></Placemark>
<Placemark><name>SYL-0236</name><description><![CDATA[
<b>SYL-0236</b><br/>
stratum: stable_forest<br/>
lat, lon: 24.963412, 91.991587<br/>
<hr/>
Record your answer in:<br/>
<code>data/reference/interpretation_sylhet_author_b.csv</code><br/><br/>
Fields: class_t0, class_t3, confidence, notes<br/>
Classes: 0 non-forest, 1 natural forest, 2 plantation/tea, 3 water
]]></description><styleUrl>#stable_forest</styleUrl><Point><coordinates>91.991587,24.963412,0</coordinates></Point></Placemark>
<Placemark><name>SYL-0237</name><description><![CDATA[
<b>SYL-0237</b><br/>
stratum: stable_forest<br/>
lat, lon: 24.689066, 91.947660<br/>
<hr/>
Record your answer in:<br/>
<code>data/reference/interpretation_sylhet_author_b.csv</code><br/><br/>
Fields: class_t0, class_t3, confidence, notes<br/>
Classes: 0 non-forest, 1 natural forest, 2 plantation/tea, 3 water
]]></description><styleUrl>#stable_forest</styleUrl><Point><coordinates>91.947660,24.689066,0</coordinates></Point></Placemark>
<Placemark><name>SYL-0238</name><description><![CDATA[
<b>SYL-0238</b><br/>
stratum: stable_forest<br/>
lat, lon: 24.805757, 92.165681<br/>
<hr/>
Record your answer in:<br/>
<code>data/reference/interpretation_sylhet_author_b.csv</code><br/><br/>
Fields: class_t0, class_t3, confidence, notes<br/>
Classes: 0 non-forest, 1 natural forest, 2 plantation/tea, 3 water
]]></description><styleUrl>#stable_forest</styleUrl><Point><coordinates>92.165681,24.805757,0</coordinates></Point></Placemark>
<Placemark><name>SYL-0239</name><description><![CDATA[
<b>SYL-0239</b><br/>
stratum: stable_forest<br/>
lat, lon: 25.066089, 91.838514<br/>
<hr/>
Record your answer in:<br/>
<code>data/reference/interpretation_sylhet_author_b.csv</code><br/><br/>
Fields: class_t0, class_t3, confidence, notes<br/>
Classes: 0 non-forest, 1 natural forest, 2 plantation/tea, 3 water
]]></description><styleUrl>#stable_forest</styleUrl><Point><coordinates>91.838514,25.066089,0</coordinates></Point></Placemark>
<Placemark><name>SYL-0240</name><description><![CDATA[
<b>SYL-0240</b><br/>
stratum: stable_forest<br/>
lat, lon: 24.692839, 91.809678<br/>
<hr/>
Record your answer in:<br/>
<code>data/reference/interpretation_sylhet_author_b.csv</code><br/><br/>
Fields: class_t0, class_t3, confidence, notes<br/>
Classes: 0 non-forest, 1 natural forest, 2 plantation/tea, 3 water
]]></description><styleUrl>#stable_forest</styleUrl><Point><coordinates>91.809678,24.692839,0</coordinates></Point></Placemark>
<Placemark><name>SYL-0241</name><description><![CDATA[
<b>SYL-0241</b><br/>
stratum: stable_forest<br/>
lat, lon: 25.075252, 92.188318<br/>
<hr/>
Record your answer in:<br/>
<code>data/reference/interpretation_sylhet_author_b.csv</code><br/><br/>
Fields: class_t0, class_t3, confidence, notes<br/>
Classes: 0 non-forest, 1 natural forest, 2 plantation/tea, 3 water
]]></description><styleUrl>#stable_forest</styleUrl><Point><coordinates>92.188318,25.075252,0</coordinates></Point></Placemark>
<Placemark><name>SYL-0242</name><description><![CDATA[
<b>SYL-0242</b><br/>
stratum: stable_forest<br/>
lat, lon: 24.882563, 91.785693<br/>
<hr/>
Record your answer in:<br/>
<code>data/reference/interpretation_sylhet_author_b.csv</code><br/><br/>
Fields: class_t0, class_t3, confidence, notes<br/>
Classes: 0 non-forest, 1 natural forest, 2 plantation/tea, 3 water
]]></description><styleUrl>#stable_forest</styleUrl><Point><coordinates>91.785693,24.882563,0</coordinates></Point></Placemark>
<Placemark><name>SYL-0243</name><description><![CDATA[
<b>SYL-0243</b><br/>
stratum: stable_forest<br/>
lat, lon: 25.063664, 91.904002<br/>
<hr/>
Record your answer in:<br/>
<code>data/reference/interpretation_sylhet_author_b.csv</code><br/><br/>
Fields: class_t0, class_t3, confidence, notes<br/>
Classes: 0 non-forest, 1 natural forest, 2 plantation/tea, 3 water
]]></description><styleUrl>#stable_forest</styleUrl><Point><coordinates>91.904002,25.063664,0</coordinates></Point></Placemark>
<Placemark><name>SYL-0244</name><description><![CDATA[
<b>SYL-0244</b><br/>
stratum: stable_forest<br/>
lat, lon: 24.920023, 92.474522<br/>
<hr/>
Record your answer in:<br/>
<code>data/reference/interpretation_sylhet_author_b.csv</code><br/><br/>
Fields: class_t0, class_t3, confidence, notes<br/>
Classes: 0 non-forest, 1 natural forest, 2 plantation/tea, 3 water
]]></description><styleUrl>#stable_forest</styleUrl><Point><coordinates>92.474522,24.920023,0</coordinates></Point></Placemark>
<Placemark><name>SYL-0245</name><description><![CDATA[
<b>SYL-0245</b><br/>
stratum: stable_forest<br/>
lat, lon: 24.664542, 91.995360<br/>
<hr/>
Record your answer in:<br/>
<code>data/reference/interpretation_sylhet_author_b.csv</code><br/><br/>
Fields: class_t0, class_t3, confidence, notes<br/>
Classes: 0 non-forest, 1 natural forest, 2 plantation/tea, 3 water
]]></description><styleUrl>#stable_forest</styleUrl><Point><coordinates>91.995360,24.664542,0</coordinates></Point></Placemark>
<Placemark><name>SYL-0246</name><description><![CDATA[
<b>SYL-0246</b><br/>
stratum: stable_forest<br/>
lat, lon: 24.807374, 91.862230<br/>
<hr/>
Record your answer in:<br/>
<code>data/reference/interpretation_sylhet_author_b.csv</code><br/><br/>
Fields: class_t0, class_t3, confidence, notes<br/>
Classes: 0 non-forest, 1 natural forest, 2 plantation/tea, 3 water
]]></description><styleUrl>#stable_forest</styleUrl><Point><coordinates>91.862230,24.807374,0</coordinates></Point></Placemark>
<Placemark><name>SYL-0247</name><description><![CDATA[
<b>SYL-0247</b><br/>
stratum: stable_forest<br/>
lat, lon: 24.941044, 91.979191<br/>
<hr/>
Record your answer in:<br/>
<code>data/reference/interpretation_sylhet_author_b.csv</code><br/><br/>
Fields: class_t0, class_t3, confidence, notes<br/>
Classes: 0 non-forest, 1 natural forest, 2 plantation/tea, 3 water
]]></description><styleUrl>#stable_forest</styleUrl><Point><coordinates>91.979191,24.941044,0</coordinates></Point></Placemark>
<Placemark><name>SYL-0248</name><description><![CDATA[
<b>SYL-0248</b><br/>
stratum: stable_forest<br/>
lat, lon: 24.932959, 92.227665<br/>
<hr/>
Record your answer in:<br/>
<code>data/reference/interpretation_sylhet_author_b.csv</code><br/><br/>
Fields: class_t0, class_t3, confidence, notes<br/>
Classes: 0 non-forest, 1 natural forest, 2 plantation/tea, 3 water
]]></description><styleUrl>#stable_forest</styleUrl><Point><coordinates>92.227665,24.932959,0</coordinates></Point></Placemark>
<Placemark><name>SYL-0249</name><description><![CDATA[
<b>SYL-0249</b><br/>
stratum: stable_forest<br/>
lat, lon: 25.130498, 91.771949<br/>
<hr/>
Record your answer in:<br/>
<code>data/reference/interpretation_sylhet_author_b.csv</code><br/><br/>
Fields: class_t0, class_t3, confidence, notes<br/>
Classes: 0 non-forest, 1 natural forest, 2 plantation/tea, 3 water
]]></description><styleUrl>#stable_forest</styleUrl><Point><coordinates>91.771949,25.130498,0</coordinates></Point></Placemark>
<Placemark><name>SYL-0250</name><description><![CDATA[
<b>SYL-0250</b><br/>
stratum: stable_forest<br/>
lat, lon: 24.793899, 92.162177<br/>
<hr/>
Record your answer in:<br/>
<code>data/reference/interpretation_sylhet_author_b.csv</code><br/><br/>
Fields: class_t0, class_t3, confidence, notes<br/>
Classes: 0 non-forest, 1 natural forest, 2 plantation/tea, 3 water
]]></description><styleUrl>#stable_forest</styleUrl><Point><coordinates>92.162177,24.793899,0</coordinates></Point></Placemark>
<Placemark><name>SYL-0251</name><description><![CDATA[
<b>SYL-0251</b><br/>
stratum: stable_forest<br/>
lat, lon: 24.814651, 91.876244<br/>
<hr/>
Record your answer in:<br/>
<code>data/reference/interpretation_sylhet_author_b.csv</code><br/><br/>
Fields: class_t0, class_t3, confidence, notes<br/>
Classes: 0 non-forest, 1 natural forest, 2 plantation/tea, 3 water
]]></description><styleUrl>#stable_forest</styleUrl><Point><coordinates>91.876244,24.814651,0</coordinates></Point></Placemark>
<Placemark><name>SYL-0252</name><description><![CDATA[
<b>SYL-0252</b><br/>
stratum: stable_forest<br/>
lat, lon: 24.687719, 91.761169<br/>
<hr/>
Record your answer in:<br/>
<code>data/reference/interpretation_sylhet_author_b.csv</code><br/><br/>
Fields: class_t0, class_t3, confidence, notes<br/>
Classes: 0 non-forest, 1 natural forest, 2 plantation/tea, 3 water
]]></description><styleUrl>#stable_forest</styleUrl><Point><coordinates>91.761169,24.687719,0</coordinates></Point></Placemark>
<Placemark><name>SYL-0253</name><description><![CDATA[
<b>SYL-0253</b><br/>
stratum: stable_forest<br/>
lat, lon: 25.083337, 92.192630<br/>
<hr/>
Record your answer in:<br/>
<code>data/reference/interpretation_sylhet_author_b.csv</code><br/><br/>
Fields: class_t0, class_t3, confidence, notes<br/>
Classes: 0 non-forest, 1 natural forest, 2 plantation/tea, 3 water
]]></description><styleUrl>#stable_forest</styleUrl><Point><coordinates>92.192630,25.083337,0</coordinates></Point></Placemark>
<Placemark><name>SYL-0254</name><description><![CDATA[
<b>SYL-0254</b><br/>
stratum: stable_forest<br/>
lat, lon: 24.970688, 92.022849<br/>
<hr/>
Record your answer in:<br/>
<code>data/reference/interpretation_sylhet_author_b.csv</code><br/><br/>
Fields: class_t0, class_t3, confidence, notes<br/>
Classes: 0 non-forest, 1 natural forest, 2 plantation/tea, 3 water
]]></description><styleUrl>#stable_forest</styleUrl><Point><coordinates>92.022849,24.970688,0</coordinates></Point></Placemark>
<Placemark><name>SYL-0255</name><description><![CDATA[
<b>SYL-0255</b><br/>
stratum: stable_forest<br/>
lat, lon: 24.948589, 92.309591<br/>
<hr/>
Record your answer in:<br/>
<code>data/reference/interpretation_sylhet_author_b.csv</code><br/><br/>
Fields: class_t0, class_t3, confidence, notes<br/>
Classes: 0 non-forest, 1 natural forest, 2 plantation/tea, 3 water
]]></description><styleUrl>#stable_forest</styleUrl><Point><coordinates>92.309591,24.948589,0</coordinates></Point></Placemark>
<Placemark><name>SYL-0256</name><description><![CDATA[
<b>SYL-0256</b><br/>
stratum: stable_forest<br/>
lat, lon: 25.113520, 92.176461<br/>
<hr/>
Record your answer in:<br/>
<code>data/reference/interpretation_sylhet_author_b.csv</code><br/><br/>
Fields: class_t0, class_t3, confidence, notes<br/>
Classes: 0 non-forest, 1 natural forest, 2 plantation/tea, 3 water
]]></description><styleUrl>#stable_forest</styleUrl><Point><coordinates>92.176461,25.113520,0</coordinates></Point></Placemark>
<Placemark><name>SYL-0257</name><description><![CDATA[
<b>SYL-0257</b><br/>
stratum: stable_forest<br/>
lat, lon: 25.016502, 91.923675<br/>
<hr/>
Record your answer in:<br/>
<code>data/reference/interpretation_sylhet_author_b.csv</code><br/><br/>
Fields: class_t0, class_t3, confidence, notes<br/>
Classes: 0 non-forest, 1 natural forest, 2 plantation/tea, 3 water
]]></description><styleUrl>#stable_forest</styleUrl><Point><coordinates>91.923675,25.016502,0</coordinates></Point></Placemark>
<Placemark><name>SYL-0258</name><description><![CDATA[
<b>SYL-0258</b><br/>
stratum: stable_forest<br/>
lat, lon: 24.957213, 91.920980<br/>
<hr/>
Record your answer in:<br/>
<code>data/reference/interpretation_sylhet_author_b.csv</code><br/><br/>
Fields: class_t0, class_t3, confidence, notes<br/>
Classes: 0 non-forest, 1 natural forest, 2 plantation/tea, 3 water
]]></description><styleUrl>#stable_forest</styleUrl><Point><coordinates>91.920980,24.957213,0</coordinates></Point></Placemark>
<Placemark><name>SYL-0259</name><description><![CDATA[
<b>SYL-0259</b><br/>
stratum: stable_forest<br/>
lat, lon: 24.938349, 92.330881<br/>
<hr/>
Record your answer in:<br/>
<code>data/reference/interpretation_sylhet_author_b.csv</code><br/><br/>
Fields: class_t0, class_t3, confidence, notes<br/>
Classes: 0 non-forest, 1 natural forest, 2 plantation/tea, 3 water
]]></description><styleUrl>#stable_forest</styleUrl><Point><coordinates>92.330881,24.938349,0</coordinates></Point></Placemark>
<Placemark><name>SYL-0260</name><description><![CDATA[
<b>SYL-0260</b><br/>
stratum: stable_forest<br/>
lat, lon: 24.756170, 91.706732<br/>
<hr/>
Record your answer in:<br/>
<code>data/reference/interpretation_sylhet_author_b.csv</code><br/><br/>
Fields: class_t0, class_t3, confidence, notes<br/>
Classes: 0 non-forest, 1 natural forest, 2 plantation/tea, 3 water
]]></description><styleUrl>#stable_forest</styleUrl><Point><coordinates>91.706732,24.756170,0</coordinates></Point></Placemark>
<Placemark><name>SYL-0261</name><description><![CDATA[
<b>SYL-0261</b><br/>
stratum: stable_forest<br/>
lat, lon: 25.119718, 92.198290<br/>
<hr/>
Record your answer in:<br/>
<code>data/reference/interpretation_sylhet_author_b.csv</code><br/><br/>
Fields: class_t0, class_t3, confidence, notes<br/>
Classes: 0 non-forest, 1 natural forest, 2 plantation/tea, 3 water
]]></description><styleUrl>#stable_forest</styleUrl><Point><coordinates>92.198290,25.119718,0</coordinates></Point></Placemark>
<Placemark><name>SYL-0262</name><description><![CDATA[
<b>SYL-0262</b><br/>
stratum: stable_forest<br/>
lat, lon: 25.037523, 92.112321<br/>
<hr/>
Record your answer in:<br/>
<code>data/reference/interpretation_sylhet_author_b.csv</code><br/><br/>
Fields: class_t0, class_t3, confidence, notes<br/>
Classes: 0 non-forest, 1 natural forest, 2 plantation/tea, 3 water
]]></description><styleUrl>#stable_forest</styleUrl><Point><coordinates>92.112321,25.037523,0</coordinates></Point></Placemark>
<Placemark><name>SYL-0263</name><description><![CDATA[
<b>SYL-0263</b><br/>
stratum: stable_forest<br/>
lat, lon: 24.755631, 91.780034<br/>
<hr/>
Record your answer in:<br/>
<code>data/reference/interpretation_sylhet_author_b.csv</code><br/><br/>
Fields: class_t0, class_t3, confidence, notes<br/>
Classes: 0 non-forest, 1 natural forest, 2 plantation/tea, 3 water
]]></description><styleUrl>#stable_forest</styleUrl><Point><coordinates>91.780034,24.755631,0</coordinates></Point></Placemark>
<Placemark><name>SYL-0264</name><description><![CDATA[
<b>SYL-0264</b><br/>
stratum: stable_forest<br/>
lat, lon: 24.969340, 92.031742<br/>
<hr/>
Record your answer in:<br/>
<code>data/reference/interpretation_sylhet_author_b.csv</code><br/><br/>
Fields: class_t0, class_t3, confidence, notes<br/>
Classes: 0 non-forest, 1 natural forest, 2 plantation/tea, 3 water
]]></description><styleUrl>#stable_forest</styleUrl><Point><coordinates>92.031742,24.969340,0</coordinates></Point></Placemark>
<Placemark><name>SYL-0265</name><description><![CDATA[
<b>SYL-0265</b><br/>
stratum: stable_forest<br/>
lat, lon: 24.918675, 92.406878<br/>
<hr/>
Record your answer in:<br/>
<code>data/reference/interpretation_sylhet_author_b.csv</code><br/><br/>
Fields: class_t0, class_t3, confidence, notes<br/>
Classes: 0 non-forest, 1 natural forest, 2 plantation/tea, 3 water
]]></description><styleUrl>#stable_forest</styleUrl><Point><coordinates>92.406878,24.918675,0</coordinates></Point></Placemark>
<Placemark><name>SYL-0266</name><description><![CDATA[
<b>SYL-0266</b><br/>
stratum: stable_forest<br/>
lat, lon: 25.012729, 91.894300<br/>
<hr/>
Record your answer in:<br/>
<code>data/reference/interpretation_sylhet_author_b.csv</code><br/><br/>
Fields: class_t0, class_t3, confidence, notes<br/>
Classes: 0 non-forest, 1 natural forest, 2 plantation/tea, 3 water
]]></description><styleUrl>#stable_forest</styleUrl><Point><coordinates>91.894300,25.012729,0</coordinates></Point></Placemark>
<Placemark><name>SYL-0267</name><description><![CDATA[
<b>SYL-0267</b><br/>
stratum: stable_forest<br/>
lat, lon: 24.795786, 92.066507<br/>
<hr/>
Record your answer in:<br/>
<code>data/reference/interpretation_sylhet_author_b.csv</code><br/><br/>
Fields: class_t0, class_t3, confidence, notes<br/>
Classes: 0 non-forest, 1 natural forest, 2 plantation/tea, 3 water
]]></description><styleUrl>#stable_forest</styleUrl><Point><coordinates>92.066507,24.795786,0</coordinates></Point></Placemark>
<Placemark><name>SYL-0268</name><description><![CDATA[
<b>SYL-0268</b><br/>
stratum: stable_forest<br/>
lat, lon: 24.931072, 92.149242<br/>
<hr/>
Record your answer in:<br/>
<code>data/reference/interpretation_sylhet_author_b.csv</code><br/><br/>
Fields: class_t0, class_t3, confidence, notes<br/>
Classes: 0 non-forest, 1 natural forest, 2 plantation/tea, 3 water
]]></description><styleUrl>#stable_forest</styleUrl><Point><coordinates>92.149242,24.931072,0</coordinates></Point></Placemark>
<Placemark><name>SYL-0269</name><description><![CDATA[
<b>SYL-0269</b><br/>
stratum: stable_forest<br/>
lat, lon: 25.006531, 92.225509<br/>
<hr/>
Record your answer in:<br/>
<code>data/reference/interpretation_sylhet_author_b.csv</code><br/><br/>
Fields: class_t0, class_t3, confidence, notes<br/>
Classes: 0 non-forest, 1 natural forest, 2 plantation/tea, 3 water
]]></description><styleUrl>#stable_forest</styleUrl><Point><coordinates>92.225509,25.006531,0</coordinates></Point></Placemark>
<Placemark><name>SYL-0270</name><description><![CDATA[
<b>SYL-0270</b><br/>
stratum: stable_forest<br/>
lat, lon: 25.133193, 92.123640<br/>
<hr/>
Record your answer in:<br/>
<code>data/reference/interpretation_sylhet_author_b.csv</code><br/><br/>
Fields: class_t0, class_t3, confidence, notes<br/>
Classes: 0 non-forest, 1 natural forest, 2 plantation/tea, 3 water
]]></description><styleUrl>#stable_forest</styleUrl><Point><coordinates>92.123640,25.133193,0</coordinates></Point></Placemark>
<Placemark><name>SYL-0271</name><description><![CDATA[
<b>SYL-0271</b><br/>
stratum: stable_forest<br/>
lat, lon: 24.944008, 91.918824<br/>
<hr/>
Record your answer in:<br/>
<code>data/reference/interpretation_sylhet_author_b.csv</code><br/><br/>
Fields: class_t0, class_t3, confidence, notes<br/>
Classes: 0 non-forest, 1 natural forest, 2 plantation/tea, 3 water
]]></description><styleUrl>#stable_forest</styleUrl><Point><coordinates>91.918824,24.944008,0</coordinates></Point></Placemark>
<Placemark><name>SYL-0272</name><description><![CDATA[
<b>SYL-0272</b><br/>
stratum: stable_forest<br/>
lat, lon: 25.094386, 92.159213<br/>
<hr/>
Record your answer in:<br/>
<code>data/reference/interpretation_sylhet_author_b.csv</code><br/><br/>
Fields: class_t0, class_t3, confidence, notes<br/>
Classes: 0 non-forest, 1 natural forest, 2 plantation/tea, 3 water
]]></description><styleUrl>#stable_forest</styleUrl><Point><coordinates>92.159213,25.094386,0</coordinates></Point></Placemark>
<Placemark><name>SYL-0273</name><description><![CDATA[
<b>SYL-0273</b><br/>
stratum: stable_forest<br/>
lat, lon: 25.023778, 92.260543<br/>
<hr/>
Record your answer in:<br/>
<code>data/reference/interpretation_sylhet_author_b.csv</code><br/><br/>
Fields: class_t0, class_t3, confidence, notes<br/>
Classes: 0 non-forest, 1 natural forest, 2 plantation/tea, 3 water
]]></description><styleUrl>#stable_forest</styleUrl><Point><coordinates>92.260543,25.023778,0</coordinates></Point></Placemark>
<Placemark><name>SYL-0274</name><description><![CDATA[
<b>SYL-0274</b><br/>
stratum: stable_forest<br/>
lat, lon: 24.802523, 91.730447<br/>
<hr/>
Record your answer in:<br/>
<code>data/reference/interpretation_sylhet_author_b.csv</code><br/><br/>
Fields: class_t0, class_t3, confidence, notes<br/>
Classes: 0 non-forest, 1 natural forest, 2 plantation/tea, 3 water
]]></description><styleUrl>#stable_forest</styleUrl><Point><coordinates>91.730447,24.802523,0</coordinates></Point></Placemark>
<Placemark><name>SYL-0275</name><description><![CDATA[
<b>SYL-0275</b><br/>
stratum: stable_forest<br/>
lat, lon: 24.726256, 91.740418<br/>
<hr/>
Record your answer in:<br/>
<code>data/reference/interpretation_sylhet_author_b.csv</code><br/><br/>
Fields: class_t0, class_t3, confidence, notes<br/>
Classes: 0 non-forest, 1 natural forest, 2 plantation/tea, 3 water
]]></description><styleUrl>#stable_forest</styleUrl><Point><coordinates>91.740418,24.726256,0</coordinates></Point></Placemark>
<Placemark><name>SYL-0276</name><description><![CDATA[
<b>SYL-0276</b><br/>
stratum: stable_forest<br/>
lat, lon: 24.971766, 92.022579<br/>
<hr/>
Record your answer in:<br/>
<code>data/reference/interpretation_sylhet_author_b.csv</code><br/><br/>
Fields: class_t0, class_t3, confidence, notes<br/>
Classes: 0 non-forest, 1 natural forest, 2 plantation/tea, 3 water
]]></description><styleUrl>#stable_forest</styleUrl><Point><coordinates>92.022579,24.971766,0</coordinates></Point></Placemark>
<Placemark><name>SYL-0277</name><description><![CDATA[
<b>SYL-0277</b><br/>
stratum: stable_forest<br/>
lat, lon: 25.141547, 92.127952<br/>
<hr/>
Record your answer in:<br/>
<code>data/reference/interpretation_sylhet_author_b.csv</code><br/><br/>
Fields: class_t0, class_t3, confidence, notes<br/>
Classes: 0 non-forest, 1 natural forest, 2 plantation/tea, 3 water
]]></description><styleUrl>#stable_forest</styleUrl><Point><coordinates>92.127952,25.141547,0</coordinates></Point></Placemark>
<Placemark><name>SYL-0278</name><description><![CDATA[
<b>SYL-0278</b><br/>
stratum: stable_forest<br/>
lat, lon: 24.917058, 92.407148<br/>
<hr/>
Record your answer in:<br/>
<code>data/reference/interpretation_sylhet_author_b.csv</code><br/><br/>
Fields: class_t0, class_t3, confidence, notes<br/>
Classes: 0 non-forest, 1 natural forest, 2 plantation/tea, 3 water
]]></description><styleUrl>#stable_forest</styleUrl><Point><coordinates>92.407148,24.917058,0</coordinates></Point></Placemark>
<Placemark><name>SYL-0279</name><description><![CDATA[
<b>SYL-0279</b><br/>
stratum: stable_forest<br/>
lat, lon: 24.822196, 92.167837<br/>
<hr/>
Record your answer in:<br/>
<code>data/reference/interpretation_sylhet_author_b.csv</code><br/><br/>
Fields: class_t0, class_t3, confidence, notes<br/>
Classes: 0 non-forest, 1 natural forest, 2 plantation/tea, 3 water
]]></description><styleUrl>#stable_forest</styleUrl><Point><coordinates>92.167837,24.822196,0</coordinates></Point></Placemark>
<Placemark><name>SYL-0280</name><description><![CDATA[
<b>SYL-0280</b><br/>
stratum: stable_forest<br/>
lat, lon: 24.985510, 92.382085<br/>
<hr/>
Record your answer in:<br/>
<code>data/reference/interpretation_sylhet_author_b.csv</code><br/><br/>
Fields: class_t0, class_t3, confidence, notes<br/>
Classes: 0 non-forest, 1 natural forest, 2 plantation/tea, 3 water
]]></description><styleUrl>#stable_forest</styleUrl><Point><coordinates>92.382085,24.985510,0</coordinates></Point></Placemark>
<Placemark><name>SYL-0281</name><description><![CDATA[
<b>SYL-0281</b><br/>
stratum: stable_forest<br/>
lat, lon: 24.660769, 91.956553<br/>
<hr/>
Record your answer in:<br/>
<code>data/reference/interpretation_sylhet_author_b.csv</code><br/><br/>
Fields: class_t0, class_t3, confidence, notes<br/>
Classes: 0 non-forest, 1 natural forest, 2 plantation/tea, 3 water
]]></description><styleUrl>#stable_forest</styleUrl><Point><coordinates>91.956553,24.660769,0</coordinates></Point></Placemark>
<Placemark><name>SYL-0282</name><description><![CDATA[
<b>SYL-0282</b><br/>
stratum: stable_forest<br/>
lat, lon: 24.955596, 91.974609<br/>
<hr/>
Record your answer in:<br/>
<code>data/reference/interpretation_sylhet_author_b.csv</code><br/><br/>
Fields: class_t0, class_t3, confidence, notes<br/>
Classes: 0 non-forest, 1 natural forest, 2 plantation/tea, 3 water
]]></description><styleUrl>#stable_forest</styleUrl><Point><coordinates>91.974609,24.955596,0</coordinates></Point></Placemark>
<Placemark><name>SYL-0283</name><description><![CDATA[
<b>SYL-0283</b><br/>
stratum: stable_forest<br/>
lat, lon: 25.100584, 92.210686<br/>
<hr/>
Record your answer in:<br/>
<code>data/reference/interpretation_sylhet_author_b.csv</code><br/><br/>
Fields: class_t0, class_t3, confidence, notes<br/>
Classes: 0 non-forest, 1 natural forest, 2 plantation/tea, 3 water
]]></description><styleUrl>#stable_forest</styleUrl><Point><coordinates>92.210686,25.100584,0</coordinates></Point></Placemark>
<Placemark><name>SYL-0284</name><description><![CDATA[
<b>SYL-0284</b><br/>
stratum: stable_forest<br/>
lat, lon: 24.827047, 92.114746<br/>
<hr/>
Record your answer in:<br/>
<code>data/reference/interpretation_sylhet_author_b.csv</code><br/><br/>
Fields: class_t0, class_t3, confidence, notes<br/>
Classes: 0 non-forest, 1 natural forest, 2 plantation/tea, 3 water
]]></description><styleUrl>#stable_forest</styleUrl><Point><coordinates>92.114746,24.827047,0</coordinates></Point></Placemark>
<Placemark><name>SYL-0285</name><description><![CDATA[
<b>SYL-0285</b><br/>
stratum: stable_forest<br/>
lat, lon: 25.156100, 91.842287<br/>
<hr/>
Record your answer in:<br/>
<code>data/reference/interpretation_sylhet_author_b.csv</code><br/><br/>
Fields: class_t0, class_t3, confidence, notes<br/>
Classes: 0 non-forest, 1 natural forest, 2 plantation/tea, 3 water
]]></description><styleUrl>#stable_forest</styleUrl><Point><coordinates>91.842287,25.156100,0</coordinates></Point></Placemark>
<Placemark><name>SYL-0286</name><description><![CDATA[
<b>SYL-0286</b><br/>
stratum: stable_forest<br/>
lat, lon: 24.835402, 92.242487<br/>
<hr/>
Record your answer in:<br/>
<code>data/reference/interpretation_sylhet_author_b.csv</code><br/><br/>
Fields: class_t0, class_t3, confidence, notes<br/>
Classes: 0 non-forest, 1 natural forest, 2 plantation/tea, 3 water
]]></description><styleUrl>#stable_forest</styleUrl><Point><coordinates>92.242487,24.835402,0</coordinates></Point></Placemark>
<Placemark><name>SYL-0287</name><description><![CDATA[
<b>SYL-0287</b><br/>
stratum: stable_forest<br/>
lat, lon: 24.943738, 91.929873<br/>
<hr/>
Record your answer in:<br/>
<code>data/reference/interpretation_sylhet_author_b.csv</code><br/><br/>
Fields: class_t0, class_t3, confidence, notes<br/>
Classes: 0 non-forest, 1 natural forest, 2 plantation/tea, 3 water
]]></description><styleUrl>#stable_forest</styleUrl><Point><coordinates>91.929873,24.943738,0</coordinates></Point></Placemark>
<Placemark><name>SYL-0288</name><description><![CDATA[
<b>SYL-0288</b><br/>
stratum: stable_forest<br/>
lat, lon: 25.183319, 92.068124<br/>
<hr/>
Record your answer in:<br/>
<code>data/reference/interpretation_sylhet_author_b.csv</code><br/><br/>
Fields: class_t0, class_t3, confidence, notes<br/>
Classes: 0 non-forest, 1 natural forest, 2 plantation/tea, 3 water
]]></description><styleUrl>#stable_forest</styleUrl><Point><coordinates>92.068124,25.183319,0</coordinates></Point></Placemark>
<Placemark><name>SYL-0289</name><description><![CDATA[
<b>SYL-0289</b><br/>
stratum: stable_forest<br/>
lat, lon: 24.921101, 91.709157<br/>
<hr/>
Record your answer in:<br/>
<code>data/reference/interpretation_sylhet_author_b.csv</code><br/><br/>
Fields: class_t0, class_t3, confidence, notes<br/>
Classes: 0 non-forest, 1 natural forest, 2 plantation/tea, 3 water
]]></description><styleUrl>#stable_forest</styleUrl><Point><coordinates>91.709157,24.921101,0</coordinates></Point></Placemark>
<Placemark><name>SYL-0290</name><description><![CDATA[
<b>SYL-0290</b><br/>
stratum: stable_forest<br/>
lat, lon: 24.687719, 91.744191<br/>
<hr/>
Record your answer in:<br/>
<code>data/reference/interpretation_sylhet_author_b.csv</code><br/><br/>
Fields: class_t0, class_t3, confidence, notes<br/>
Classes: 0 non-forest, 1 natural forest, 2 plantation/tea, 3 water
]]></description><styleUrl>#stable_forest</styleUrl><Point><coordinates>91.744191,24.687719,0</coordinates></Point></Placemark>
<Placemark><name>SYL-0291</name><description><![CDATA[
<b>SYL-0291</b><br/>
stratum: stable_forest<br/>
lat, lon: 24.951823, 91.961943<br/>
<hr/>
Record your answer in:<br/>
<code>data/reference/interpretation_sylhet_author_b.csv</code><br/><br/>
Fields: class_t0, class_t3, confidence, notes<br/>
Classes: 0 non-forest, 1 natural forest, 2 plantation/tea, 3 water
]]></description><styleUrl>#stable_forest</styleUrl><Point><coordinates>91.961943,24.951823,0</coordinates></Point></Placemark>
<Placemark><name>SYL-0292</name><description><![CDATA[
<b>SYL-0292</b><br/>
stratum: stable_forest<br/>
lat, lon: 24.693917, 91.999672<br/>
<hr/>
Record your answer in:<br/>
<code>data/reference/interpretation_sylhet_author_b.csv</code><br/><br/>
Fields: class_t0, class_t3, confidence, notes<br/>
Classes: 0 non-forest, 1 natural forest, 2 plantation/tea, 3 water
]]></description><styleUrl>#stable_forest</styleUrl><Point><coordinates>91.999672,24.693917,0</coordinates></Point></Placemark>
<Placemark><name>SYL-0293</name><description><![CDATA[
<b>SYL-0293</b><br/>
stratum: stable_forest<br/>
lat, lon: 25.173078, 91.998594<br/>
<hr/>
Record your answer in:<br/>
<code>data/reference/interpretation_sylhet_author_b.csv</code><br/><br/>
Fields: class_t0, class_t3, confidence, notes<br/>
Classes: 0 non-forest, 1 natural forest, 2 plantation/tea, 3 water
]]></description><styleUrl>#stable_forest</styleUrl><Point><coordinates>91.998594,25.173078,0</coordinates></Point></Placemark>
<Placemark><name>SYL-0294</name><description><![CDATA[
<b>SYL-0294</b><br/>
stratum: stable_forest<br/>
lat, lon: 24.720058, 91.805367<br/>
<hr/>
Record your answer in:<br/>
<code>data/reference/interpretation_sylhet_author_b.csv</code><br/><br/>
Fields: class_t0, class_t3, confidence, notes<br/>
Classes: 0 non-forest, 1 natural forest, 2 plantation/tea, 3 water
]]></description><styleUrl>#stable_forest</styleUrl><Point><coordinates>91.805367,24.720058,0</coordinates></Point></Placemark>
<Placemark><name>SYL-0295</name><description><![CDATA[
<b>SYL-0295</b><br/>
stratum: stable_forest<br/>
lat, lon: 25.029977, 91.910469<br/>
<hr/>
Record your answer in:<br/>
<code>data/reference/interpretation_sylhet_author_b.csv</code><br/><br/>
Fields: class_t0, class_t3, confidence, notes<br/>
Classes: 0 non-forest, 1 natural forest, 2 plantation/tea, 3 water
]]></description><styleUrl>#stable_forest</styleUrl><Point><coordinates>91.910469,25.029977,0</coordinates></Point></Placemark>
<Placemark><name>SYL-0296</name><description><![CDATA[
<b>SYL-0296</b><br/>
stratum: stable_forest<br/>
lat, lon: 24.957483, 91.988353<br/>
<hr/>
Record your answer in:<br/>
<code>data/reference/interpretation_sylhet_author_b.csv</code><br/><br/>
Fields: class_t0, class_t3, confidence, notes<br/>
Classes: 0 non-forest, 1 natural forest, 2 plantation/tea, 3 water
]]></description><styleUrl>#stable_forest</styleUrl><Point><coordinates>91.988353,24.957483,0</coordinates></Point></Placemark>
<Placemark><name>SYL-0297</name><description><![CDATA[
<b>SYL-0297</b><br/>
stratum: stable_forest<br/>
lat, lon: 24.963142, 91.937149<br/>
<hr/>
Record your answer in:<br/>
<code>data/reference/interpretation_sylhet_author_b.csv</code><br/><br/>
Fields: class_t0, class_t3, confidence, notes<br/>
Classes: 0 non-forest, 1 natural forest, 2 plantation/tea, 3 water
]]></description><styleUrl>#stable_forest</styleUrl><Point><coordinates>91.937149,24.963142,0</coordinates></Point></Placemark>
<Placemark><name>SYL-0298</name><description><![CDATA[
<b>SYL-0298</b><br/>
stratum: stable_forest<br/>
lat, lon: 24.976078, 92.275365<br/>
<hr/>
Record your answer in:<br/>
<code>data/reference/interpretation_sylhet_author_b.csv</code><br/><br/>
Fields: class_t0, class_t3, confidence, notes<br/>
Classes: 0 non-forest, 1 natural forest, 2 plantation/tea, 3 water
]]></description><styleUrl>#stable_forest</styleUrl><Point><coordinates>92.275365,24.976078,0</coordinates></Point></Placemark>
<Placemark><name>SYL-0299</name><description><![CDATA[
<b>SYL-0299</b><br/>
stratum: stable_forest<br/>
lat, lon: 24.963681, 91.929065<br/>
<hr/>
Record your answer in:<br/>
<code>data/reference/interpretation_sylhet_author_b.csv</code><br/><br/>
Fields: class_t0, class_t3, confidence, notes<br/>
Classes: 0 non-forest, 1 natural forest, 2 plantation/tea, 3 water
]]></description><styleUrl>#stable_forest</styleUrl><Point><coordinates>91.929065,24.963681,0</coordinates></Point></Placemark>
<Placemark><name>SYL-0300</name><description><![CDATA[
<b>SYL-0300</b><br/>
stratum: stable_forest<br/>
lat, lon: 24.953171, 91.919902<br/>
<hr/>
Record your answer in:<br/>
<code>data/reference/interpretation_sylhet_author_b.csv</code><br/><br/>
Fields: class_t0, class_t3, confidence, notes<br/>
Classes: 0 non-forest, 1 natural forest, 2 plantation/tea, 3 water
]]></description><styleUrl>#stable_forest</styleUrl><Point><coordinates>91.919902,24.953171,0</coordinates></Point></Placemark>
</Folder>
<Folder><name>Forest loss (200)</name>
<Placemark><name>SYL-0301</name><description><![CDATA[
<b>SYL-0301</b><br/>
stratum: forest_loss<br/>
lat, lon: 24.961525, 91.942000<br/>
<hr/>
Record your answer in:<br/>
<code>data/reference/interpretation_sylhet_author_b.csv</code><br/><br/>
Fields: class_t0, class_t3, confidence, notes<br/>
Classes: 0 non-forest, 1 natural forest, 2 plantation/tea, 3 water
]]></description><styleUrl>#forest_loss</styleUrl><Point><coordinates>91.942000,24.961525,0</coordinates></Point></Placemark>
<Placemark><name>SYL-0302</name><description><![CDATA[
<b>SYL-0302</b><br/>
stratum: forest_loss<br/>
lat, lon: 25.084145, 92.186701<br/>
<hr/>
Record your answer in:<br/>
<code>data/reference/interpretation_sylhet_author_b.csv</code><br/><br/>
Fields: class_t0, class_t3, confidence, notes<br/>
Classes: 0 non-forest, 1 natural forest, 2 plantation/tea, 3 water
]]></description><styleUrl>#forest_loss</styleUrl><Point><coordinates>92.186701,25.084145,0</coordinates></Point></Placemark>
<Placemark><name>SYL-0303</name><description><![CDATA[
<b>SYL-0303</b><br/>
stratum: forest_loss<br/>
lat, lon: 24.672896, 91.943887<br/>
<hr/>
Record your answer in:<br/>
<code>data/reference/interpretation_sylhet_author_b.csv</code><br/><br/>
Fields: class_t0, class_t3, confidence, notes<br/>
Classes: 0 non-forest, 1 natural forest, 2 plantation/tea, 3 water
]]></description><styleUrl>#forest_loss</styleUrl><Point><coordinates>91.943887,24.672896,0</coordinates></Point></Placemark>
<Placemark><name>SYL-0304</name><description><![CDATA[
<b>SYL-0304</b><br/>
stratum: forest_loss<br/>
lat, lon: 24.932150, 91.946043<br/>
<hr/>
Record your answer in:<br/>
<code>data/reference/interpretation_sylhet_author_b.csv</code><br/><br/>
Fields: class_t0, class_t3, confidence, notes<br/>
Classes: 0 non-forest, 1 natural forest, 2 plantation/tea, 3 water
]]></description><styleUrl>#forest_loss</styleUrl><Point><coordinates>91.946043,24.932150,0</coordinates></Point></Placemark>
<Placemark><name>SYL-0305</name><description><![CDATA[
<b>SYL-0305</b><br/>
stratum: forest_loss<br/>
lat, lon: 24.941313, 91.858726<br/>
<hr/>
Record your answer in:<br/>
<code>data/reference/interpretation_sylhet_author_b.csv</code><br/><br/>
Fields: class_t0, class_t3, confidence, notes<br/>
Classes: 0 non-forest, 1 natural forest, 2 plantation/tea, 3 water
]]></description><styleUrl>#forest_loss</styleUrl><Point><coordinates>91.858726,24.941313,0</coordinates></Point></Placemark>
<Placemark><name>SYL-0306</name><description><![CDATA[
<b>SYL-0306</b><br/>
stratum: forest_loss<br/>
lat, lon: 24.937540, 91.908583<br/>
<hr/>
Record your answer in:<br/>
<code>data/reference/interpretation_sylhet_author_b.csv</code><br/><br/>
Fields: class_t0, class_t3, confidence, notes<br/>
Classes: 0 non-forest, 1 natural forest, 2 plantation/tea, 3 water
]]></description><styleUrl>#forest_loss</styleUrl><Point><coordinates>91.908583,24.937540,0</coordinates></Point></Placemark>
<Placemark><name>SYL-0307</name><description><![CDATA[
<b>SYL-0307</b><br/>
stratum: forest_loss<br/>
lat, lon: 25.136427, 92.127143<br/>
<hr/>
Record your answer in:<br/>
<code>data/reference/interpretation_sylhet_author_b.csv</code><br/><br/>
Fields: class_t0, class_t3, confidence, notes<br/>
Classes: 0 non-forest, 1 natural forest, 2 plantation/tea, 3 water
]]></description><styleUrl>#forest_loss</styleUrl><Point><coordinates>92.127143,25.136427,0</coordinates></Point></Placemark>
<Placemark><name>SYL-0308</name><description><![CDATA[
<b>SYL-0308</b><br/>
stratum: forest_loss<br/>
lat, lon: 25.072826, 91.835550<br/>
<hr/>
Record your answer in:<br/>
<code>data/reference/interpretation_sylhet_author_b.csv</code><br/><br/>
Fields: class_t0, class_t3, confidence, notes<br/>
Classes: 0 non-forest, 1 natural forest, 2 plantation/tea, 3 water
]]></description><styleUrl>#forest_loss</styleUrl><Point><coordinates>91.835550,25.072826,0</coordinates></Point></Placemark>
<Placemark><name>SYL-0309</name><description><![CDATA[
<b>SYL-0309</b><br/>
stratum: forest_loss<br/>
lat, lon: 24.948589, 91.974070<br/>
<hr/>
Record your answer in:<br/>
<code>data/reference/interpretation_sylhet_author_b.csv</code><br/><br/>
Fields: class_t0, class_t3, confidence, notes<br/>
Classes: 0 non-forest, 1 natural forest, 2 plantation/tea, 3 water
]]></description><styleUrl>#forest_loss</styleUrl><Point><coordinates>91.974070,24.948589,0</coordinates></Point></Placemark>
<Placemark><name>SYL-0310</name><description><![CDATA[
<b>SYL-0310</b><br/>
stratum: forest_loss<br/>
lat, lon: 25.025126, 91.926909<br/>
<hr/>
Record your answer in:<br/>
<code>data/reference/interpretation_sylhet_author_b.csv</code><br/><br/>
Fields: class_t0, class_t3, confidence, notes<br/>
Classes: 0 non-forest, 1 natural forest, 2 plantation/tea, 3 water
]]></description><styleUrl>#forest_loss</styleUrl><Point><coordinates>91.926909,25.025126,0</coordinates></Point></Placemark>
<Placemark><name>SYL-0311</name><description><![CDATA[
<b>SYL-0311</b><br/>
stratum: forest_loss<br/>
lat, lon: 24.976347, 91.951433<br/>
<hr/>
Record your answer in:<br/>
<code>data/reference/interpretation_sylhet_author_b.csv</code><br/><br/>
Fields: class_t0, class_t3, confidence, notes<br/>
Classes: 0 non-forest, 1 natural forest, 2 plantation/tea, 3 water
]]></description><styleUrl>#forest_loss</styleUrl><Point><coordinates>91.951433,24.976347,0</coordinates></Point></Placemark>
<Placemark><name>SYL-0312</name><description><![CDATA[
<b>SYL-0312</b><br/>
stratum: forest_loss<br/>
lat, lon: 25.055040, 92.310130<br/>
<hr/>
Record your answer in:<br/>
<code>data/reference/interpretation_sylhet_author_b.csv</code><br/><br/>
Fields: class_t0, class_t3, confidence, notes<br/>
Classes: 0 non-forest, 1 natural forest, 2 plantation/tea, 3 water
]]></description><styleUrl>#forest_loss</styleUrl><Point><coordinates>92.310130,25.055040,0</coordinates></Point></Placemark>
<Placemark><name>SYL-0313</name><description><![CDATA[
<b>SYL-0313</b><br/>
stratum: forest_loss<br/>
lat, lon: 25.169305, 92.080251<br/>
<hr/>
Record your answer in:<br/>
<code>data/reference/interpretation_sylhet_author_b.csv</code><br/><br/>
Fields: class_t0, class_t3, confidence, notes<br/>
Classes: 0 non-forest, 1 natural forest, 2 plantation/tea, 3 water
]]></description><styleUrl>#forest_loss</styleUrl><Point><coordinates>92.080251,25.169305,0</coordinates></Point></Placemark>
<Placemark><name>SYL-0314</name><description><![CDATA[
<b>SYL-0314</b><br/>
stratum: forest_loss<br/>
lat, lon: 24.654571, 91.981347<br/>
<hr/>
Record your answer in:<br/>
<code>data/reference/interpretation_sylhet_author_b.csv</code><br/><br/>
Fields: class_t0, class_t3, confidence, notes<br/>
Classes: 0 non-forest, 1 natural forest, 2 plantation/tea, 3 water
]]></description><styleUrl>#forest_loss</styleUrl><Point><coordinates>91.981347,24.654571,0</coordinates></Point></Placemark>
<Placemark><name>SYL-0315</name><description><![CDATA[
<b>SYL-0315</b><br/>
stratum: forest_loss<br/>
lat, lon: 25.092769, 91.859535<br/>
<hr/>
Record your answer in:<br/>
<code>data/reference/interpretation_sylhet_author_b.csv</code><br/><br/>
Fields: class_t0, class_t3, confidence, notes<br/>
Classes: 0 non-forest, 1 natural forest, 2 plantation/tea, 3 water
]]></description><styleUrl>#forest_loss</styleUrl><Point><coordinates>91.859535,25.092769,0</coordinates></Point></Placemark>
<Placemark><name>SYL-0316</name><description><![CDATA[
<b>SYL-0316</b><br/>
stratum: forest_loss<br/>
lat, lon: 24.668315, 91.958170<br/>
<hr/>
Record your answer in:<br/>
<code>data/reference/interpretation_sylhet_author_b.csv</code><br/><br/>
Fields: class_t0, class_t3, confidence, notes<br/>
Classes: 0 non-forest, 1 natural forest, 2 plantation/tea, 3 water
]]></description><styleUrl>#forest_loss</styleUrl><Point><coordinates>91.958170,24.668315,0</coordinates></Point></Placemark>
<Placemark><name>SYL-0317</name><description><![CDATA[
<b>SYL-0317</b><br/>
stratum: forest_loss<br/>
lat, lon: 25.096272, 91.847138<br/>
<hr/>
Record your answer in:<br/>
<code>data/reference/interpretation_sylhet_author_b.csv</code><br/><br/>
Fields: class_t0, class_t3, confidence, notes<br/>
Classes: 0 non-forest, 1 natural forest, 2 plantation/tea, 3 water
]]></description><styleUrl>#forest_loss</styleUrl><Point><coordinates>91.847138,25.096272,0</coordinates></Point></Placemark>
<Placemark><name>SYL-0318</name><description><![CDATA[
<b>SYL-0318</b><br/>
stratum: forest_loss<br/>
lat, lon: 25.067436, 92.285875<br/>
<hr/>
Record your answer in:<br/>
<code>data/reference/interpretation_sylhet_author_b.csv</code><br/><br/>
Fields: class_t0, class_t3, confidence, notes<br/>
Classes: 0 non-forest, 1 natural forest, 2 plantation/tea, 3 water
]]></description><styleUrl>#forest_loss</styleUrl><Point><coordinates>92.285875,25.067436,0</coordinates></Point></Placemark>
<Placemark><name>SYL-0319</name><description><![CDATA[
<b>SYL-0319</b><br/>
stratum: forest_loss<br/>
lat, lon: 25.179546, 92.017459<br/>
<hr/>
Record your answer in:<br/>
<code>data/reference/interpretation_sylhet_author_b.csv</code><br/><br/>
Fields: class_t0, class_t3, confidence, notes<br/>
Classes: 0 non-forest, 1 natural forest, 2 plantation/tea, 3 water
]]></description><styleUrl>#forest_loss</styleUrl><Point><coordinates>92.017459,25.179546,0</coordinates></Point></Placemark>
<Placemark><name>SYL-0320</name><description><![CDATA[
<b>SYL-0320</b><br/>
stratum: forest_loss<br/>
lat, lon: 25.014885, 92.365107<br/>
<hr/>
Record your answer in:<br/>
<code>data/reference/interpretation_sylhet_author_b.csv</code><br/><br/>
Fields: class_t0, class_t3, confidence, notes<br/>
Classes: 0 non-forest, 1 natural forest, 2 plantation/tea, 3 water
]]></description><styleUrl>#forest_loss</styleUrl><Point><coordinates>92.365107,25.014885,0</coordinates></Point></Placemark>
<Placemark><name>SYL-0321</name><description><![CDATA[
<b>SYL-0321</b><br/>
stratum: forest_loss<br/>
lat, lon: 24.986319, 91.988353<br/>
<hr/>
Record your answer in:<br/>
<code>data/reference/interpretation_sylhet_author_b.csv</code><br/><br/>
Fields: class_t0, class_t3, confidence, notes<br/>
Classes: 0 non-forest, 1 natural forest, 2 plantation/tea, 3 water
]]></description><styleUrl>#forest_loss</styleUrl><Point><coordinates>91.988353,24.986319,0</coordinates></Point></Placemark>
<Placemark><name>SYL-0322</name><description><![CDATA[
<b>SYL-0322</b><br/>
stratum: forest_loss<br/>
lat, lon: 25.083337, 92.165950<br/>
<hr/>
Record your answer in:<br/>
<code>data/reference/interpretation_sylhet_author_b.csv</code><br/><br/>
Fields: class_t0, class_t3, confidence, notes<br/>
Classes: 0 non-forest, 1 natural forest, 2 plantation/tea, 3 water
]]></description><styleUrl>#forest_loss</styleUrl><Point><coordinates>92.165950,25.083337,0</coordinates></Point></Placemark>
<Placemark><name>SYL-0323</name><description><![CDATA[
<b>SYL-0323</b><br/>
stratum: forest_loss<br/>
lat, lon: 24.934576, 91.926909<br/>
<hr/>
Record your answer in:<br/>
<code>data/reference/interpretation_sylhet_author_b.csv</code><br/><br/>
Fields: class_t0, class_t3, confidence, notes<br/>
Classes: 0 non-forest, 1 natural forest, 2 plantation/tea, 3 water
]]></description><styleUrl>#forest_loss</styleUrl><Point><coordinates>91.926909,24.934576,0</coordinates></Point></Placemark>
<Placemark><name>SYL-0324</name><description><![CDATA[
<b>SYL-0324</b><br/>
stratum: forest_loss<br/>
lat, lon: 25.063394, 92.277252<br/>
<hr/>
Record your answer in:<br/>
<code>data/reference/interpretation_sylhet_author_b.csv</code><br/><br/>
Fields: class_t0, class_t3, confidence, notes<br/>
Classes: 0 non-forest, 1 natural forest, 2 plantation/tea, 3 water
]]></description><styleUrl>#forest_loss</styleUrl><Point><coordinates>92.277252,25.063394,0</coordinates></Point></Placemark>
<Placemark><name>SYL-0325</name><description><![CDATA[
<b>SYL-0325</b><br/>
stratum: forest_loss<br/>
lat, lon: 24.654301, 91.981347<br/>
<hr/>
Record your answer in:<br/>
<code>data/reference/interpretation_sylhet_author_b.csv</code><br/><br/>
Fields: class_t0, class_t3, confidence, notes<br/>
Classes: 0 non-forest, 1 natural forest, 2 plantation/tea, 3 water
]]></description><styleUrl>#forest_loss</styleUrl><Point><coordinates>91.981347,24.654301,0</coordinates></Point></Placemark>
<Placemark><name>SYL-0326</name><description><![CDATA[
<b>SYL-0326</b><br/>
stratum: forest_loss<br/>
lat, lon: 25.102201, 91.875435<br/>
<hr/>
Record your answer in:<br/>
<code>data/reference/interpretation_sylhet_author_b.csv</code><br/><br/>
Fields: class_t0, class_t3, confidence, notes<br/>
Classes: 0 non-forest, 1 natural forest, 2 plantation/tea, 3 water
]]></description><styleUrl>#forest_loss</styleUrl><Point><coordinates>91.875435,25.102201,0</coordinates></Point></Placemark>
<Placemark><name>SYL-0327</name><description><![CDATA[
<b>SYL-0327</b><br/>
stratum: forest_loss<br/>
lat, lon: 24.647833, 91.970836<br/>
<hr/>
Record your answer in:<br/>
<code>data/reference/interpretation_sylhet_author_b.csv</code><br/><br/>
Fields: class_t0, class_t3, confidence, notes<br/>
Classes: 0 non-forest, 1 natural forest, 2 plantation/tea, 3 water
]]></description><styleUrl>#forest_loss</styleUrl><Point><coordinates>91.970836,24.647833,0</coordinates></Point></Placemark>
<Placemark><name>SYL-0328</name><description><![CDATA[
<b>SYL-0328</b><br/>
stratum: forest_loss<br/>
lat, lon: 24.795247, 92.168645<br/>
<hr/>
Record your answer in:<br/>
<code>data/reference/interpretation_sylhet_author_b.csv</code><br/><br/>
Fields: class_t0, class_t3, confidence, notes<br/>
Classes: 0 non-forest, 1 natural forest, 2 plantation/tea, 3 water
]]></description><styleUrl>#forest_loss</styleUrl><Point><coordinates>92.168645,24.795247,0</coordinates></Point></Placemark>
<Placemark><name>SYL-0329</name><description><![CDATA[
<b>SYL-0329</b><br/>
stratum: forest_loss<br/>
lat, lon: 25.176043, 91.961673<br/>
<hr/>
Record your answer in:<br/>
<code>data/reference/interpretation_sylhet_author_b.csv</code><br/><br/>
Fields: class_t0, class_t3, confidence, notes<br/>
Classes: 0 non-forest, 1 natural forest, 2 plantation/tea, 3 water
]]></description><styleUrl>#forest_loss</styleUrl><Point><coordinates>91.961673,25.176043,0</coordinates></Point></Placemark>
<Placemark><name>SYL-0330</name><description><![CDATA[
<b>SYL-0330</b><br/>
stratum: forest_loss<br/>
lat, lon: 25.077677, 91.839862<br/>
<hr/>
Record your answer in:<br/>
<code>data/reference/interpretation_sylhet_author_b.csv</code><br/><br/>
Fields: class_t0, class_t3, confidence, notes<br/>
Classes: 0 non-forest, 1 natural forest, 2 plantation/tea, 3 water
]]></description><styleUrl>#forest_loss</styleUrl><Point><coordinates>91.839862,25.077677,0</coordinates></Point></Placemark>
<Placemark><name>SYL-0331</name><description><![CDATA[
<b>SYL-0331</b><br/>
stratum: forest_loss<br/>
lat, lon: 24.646755, 91.971375<br/>
<hr/>
Record your answer in:<br/>
<code>data/reference/interpretation_sylhet_author_b.csv</code><br/><br/>
Fields: class_t0, class_t3, confidence, notes<br/>
Classes: 0 non-forest, 1 natural forest, 2 plantation/tea, 3 water
]]></description><styleUrl>#forest_loss</styleUrl><Point><coordinates>91.971375,24.646755,0</coordinates></Point></Placemark>
<Placemark><name>SYL-0332</name><description><![CDATA[
<b>SYL-0332</b><br/>
stratum: forest_loss<br/>
lat, lon: 24.930533, 91.930412<br/>
<hr/>
Record your answer in:<br/>
<code>data/reference/interpretation_sylhet_author_b.csv</code><br/><br/>
Fields: class_t0, class_t3, confidence, notes<br/>
Classes: 0 non-forest, 1 natural forest, 2 plantation/tea, 3 water
]]></description><styleUrl>#forest_loss</styleUrl><Point><coordinates>91.930412,24.930533,0</coordinates></Point></Placemark>
<Placemark><name>SYL-0333</name><description><![CDATA[
<b>SYL-0333</b><br/>
stratum: forest_loss<br/>
lat, lon: 25.035906, 92.032550<br/>
<hr/>
Record your answer in:<br/>
<code>data/reference/interpretation_sylhet_author_b.csv</code><br/><br/>
Fields: class_t0, class_t3, confidence, notes<br/>
Classes: 0 non-forest, 1 natural forest, 2 plantation/tea, 3 water
]]></description><styleUrl>#forest_loss</styleUrl><Point><coordinates>92.032550,25.035906,0</coordinates></Point></Placemark>
<Placemark><name>SYL-0334</name><description><![CDATA[
<b>SYL-0334</b><br/>
stratum: forest_loss<br/>
lat, lon: 24.673435, 91.939036<br/>
<hr/>
Record your answer in:<br/>
<code>data/reference/interpretation_sylhet_author_b.csv</code><br/><br/>
Fields: class_t0, class_t3, confidence, notes<br/>
Classes: 0 non-forest, 1 natural forest, 2 plantation/tea, 3 water
]]></description><styleUrl>#forest_loss</styleUrl><Point><coordinates>91.939036,24.673435,0</coordinates></Point></Placemark>
<Placemark><name>SYL-0335</name><description><![CDATA[
<b>SYL-0335</b><br/>
stratum: forest_loss<br/>
lat, lon: 24.959908, 92.047103<br/>
<hr/>
Record your answer in:<br/>
<code>data/reference/interpretation_sylhet_author_b.csv</code><br/><br/>
Fields: class_t0, class_t3, confidence, notes<br/>
Classes: 0 non-forest, 1 natural forest, 2 plantation/tea, 3 water
]]></description><styleUrl>#forest_loss</styleUrl><Point><coordinates>92.047103,24.959908,0</coordinates></Point></Placemark>
<Placemark><name>SYL-0336</name><description><![CDATA[
<b>SYL-0336</b><br/>
stratum: forest_loss<br/>
lat, lon: 24.658344, 91.978113<br/>
<hr/>
Record your answer in:<br/>
<code>data/reference/interpretation_sylhet_author_b.csv</code><br/><br/>
Fields: class_t0, class_t3, confidence, notes<br/>
Classes: 0 non-forest, 1 natural forest, 2 plantation/tea, 3 water
]]></description><styleUrl>#forest_loss</styleUrl><Point><coordinates>91.978113,24.658344,0</coordinates></Point></Placemark>
<Placemark><name>SYL-0337</name><description><![CDATA[
<b>SYL-0337</b><br/>
stratum: forest_loss<br/>
lat, lon: 24.674783, 91.987275<br/>
<hr/>
Record your answer in:<br/>
<code>data/reference/interpretation_sylhet_author_b.csv</code><br/><br/>
Fields: class_t0, class_t3, confidence, notes<br/>
Classes: 0 non-forest, 1 natural forest, 2 plantation/tea, 3 water
]]></description><styleUrl>#forest_loss</styleUrl><Point><coordinates>91.987275,24.674783,0</coordinates></Point></Placemark>
<Placemark><name>SYL-0338</name><description><![CDATA[
<b>SYL-0338</b><br/>
stratum: forest_loss<br/>
lat, lon: 24.925143, 91.945773<br/>
<hr/>
Record your answer in:<br/>
<code>data/reference/interpretation_sylhet_author_b.csv</code><br/><br/>
Fields: class_t0, class_t3, confidence, notes<br/>
Classes: 0 non-forest, 1 natural forest, 2 plantation/tea, 3 water
]]></description><styleUrl>#forest_loss</styleUrl><Point><coordinates>91.945773,24.925143,0</coordinates></Point></Placemark>
<Placemark><name>SYL-0339</name><description><![CDATA[
<b>SYL-0339</b><br/>
stratum: forest_loss<br/>
lat, lon: 25.077138, 91.743113<br/>
<hr/>
Record your answer in:<br/>
<code>data/reference/interpretation_sylhet_author_b.csv</code><br/><br/>
Fields: class_t0, class_t3, confidence, notes<br/>
Classes: 0 non-forest, 1 natural forest, 2 plantation/tea, 3 water
]]></description><styleUrl>#forest_loss</styleUrl><Point><coordinates>91.743113,25.077138,0</coordinates></Point></Placemark>
<Placemark><name>SYL-0340</name><description><![CDATA[
<b>SYL-0340</b><br/>
stratum: forest_loss<br/>
lat, lon: 25.025126, 91.899420<br/>
<hr/>
Record your answer in:<br/>
<code>data/reference/interpretation_sylhet_author_b.csv</code><br/><br/>
Fields: class_t0, class_t3, confidence, notes<br/>
Classes: 0 non-forest, 1 natural forest, 2 plantation/tea, 3 water
]]></description><styleUrl>#forest_loss</styleUrl><Point><coordinates>91.899420,25.025126,0</coordinates></Point></Placemark>
<Placemark><name>SYL-0341</name><description><![CDATA[
<b>SYL-0341</b><br/>
stratum: forest_loss<br/>
lat, lon: 24.807105, 92.162177<br/>
<hr/>
Record your answer in:<br/>
<code>data/reference/interpretation_sylhet_author_b.csv</code><br/><br/>
Fields: class_t0, class_t3, confidence, notes<br/>
Classes: 0 non-forest, 1 natural forest, 2 plantation/tea, 3 water
]]></description><styleUrl>#forest_loss</styleUrl><Point><coordinates>92.162177,24.807105,0</coordinates></Point></Placemark>
<Placemark><name>SYL-0342</name><description><![CDATA[
<b>SYL-0342</b><br/>
stratum: forest_loss<br/>
lat, lon: 25.058813, 92.313094<br/>
<hr/>
Record your answer in:<br/>
<code>data/reference/interpretation_sylhet_author_b.csv</code><br/><br/>
Fields: class_t0, class_t3, confidence, notes<br/>
Classes: 0 non-forest, 1 natural forest, 2 plantation/tea, 3 water
]]></description><styleUrl>#forest_loss</styleUrl><Point><coordinates>92.313094,25.058813,0</coordinates></Point></Placemark>
<Placemark><name>SYL-0343</name><description><![CDATA[
<b>SYL-0343</b><br/>
stratum: forest_loss<br/>
lat, lon: 25.097350, 91.720745<br/>
<hr/>
Record your answer in:<br/>
<code>data/reference/interpretation_sylhet_author_b.csv</code><br/><br/>
Fields: class_t0, class_t3, confidence, notes<br/>
Classes: 0 non-forest, 1 natural forest, 2 plantation/tea, 3 water
]]></description><styleUrl>#forest_loss</styleUrl><Point><coordinates>91.720745,25.097350,0</coordinates></Point></Placemark>
<Placemark><name>SYL-0344</name><description><![CDATA[
<b>SYL-0344</b><br/>
stratum: forest_loss<br/>
lat, lon: 24.967993, 91.963560<br/>
<hr/>
Record your answer in:<br/>
<code>data/reference/interpretation_sylhet_author_b.csv</code><br/><br/>
Fields: class_t0, class_t3, confidence, notes<br/>
Classes: 0 non-forest, 1 natural forest, 2 plantation/tea, 3 water
]]></description><styleUrl>#forest_loss</styleUrl><Point><coordinates>91.963560,24.967993,0</coordinates></Point></Placemark>
<Placemark><name>SYL-0345</name><description><![CDATA[
<b>SYL-0345</b><br/>
stratum: forest_loss<br/>
lat, lon: 25.062316, 91.940114<br/>
<hr/>
Record your answer in:<br/>
<code>data/reference/interpretation_sylhet_author_b.csv</code><br/><br/>
Fields: class_t0, class_t3, confidence, notes<br/>
Classes: 0 non-forest, 1 natural forest, 2 plantation/tea, 3 water
]]></description><styleUrl>#forest_loss</styleUrl><Point><coordinates>91.940114,25.062316,0</coordinates></Point></Placemark>
<Placemark><name>SYL-0346</name><description><![CDATA[
<b>SYL-0346</b><br/>
stratum: forest_loss<br/>
lat, lon: 24.672896, 91.944426<br/>
<hr/>
Record your answer in:<br/>
<code>data/reference/interpretation_sylhet_author_b.csv</code><br/><br/>
Fields: class_t0, class_t3, confidence, notes<br/>
Classes: 0 non-forest, 1 natural forest, 2 plantation/tea, 3 water
]]></description><styleUrl>#forest_loss</styleUrl><Point><coordinates>91.944426,24.672896,0</coordinates></Point></Placemark>
<Placemark><name>SYL-0347</name><description><![CDATA[
<b>SYL-0347</b><br/>
stratum: forest_loss<br/>
lat, lon: 24.971496, 91.914781<br/>
<hr/>
Record your answer in:<br/>
<code>data/reference/interpretation_sylhet_author_b.csv</code><br/><br/>
Fields: class_t0, class_t3, confidence, notes<br/>
Classes: 0 non-forest, 1 natural forest, 2 plantation/tea, 3 water
]]></description><styleUrl>#forest_loss</styleUrl><Point><coordinates>91.914781,24.971496,0</coordinates></Point></Placemark>
<Placemark><name>SYL-0348</name><description><![CDATA[
<b>SYL-0348</b><br/>
stratum: forest_loss<br/>
lat, lon: 24.972305, 91.929334<br/>
<hr/>
Record your answer in:<br/>
<code>data/reference/interpretation_sylhet_author_b.csv</code><br/><br/>
Fields: class_t0, class_t3, confidence, notes<br/>
Classes: 0 non-forest, 1 natural forest, 2 plantation/tea, 3 water
]]></description><styleUrl>#forest_loss</styleUrl><Point><coordinates>91.929334,24.972305,0</coordinates></Point></Placemark>
<Placemark><name>SYL-0349</name><description><![CDATA[
<b>SYL-0349</b><br/>
stratum: forest_loss<br/>
lat, lon: 24.646755, 91.971106<br/>
<hr/>
Record your answer in:<br/>
<code>data/reference/interpretation_sylhet_author_b.csv</code><br/><br/>
Fields: class_t0, class_t3, confidence, notes<br/>
Classes: 0 non-forest, 1 natural forest, 2 plantation/tea, 3 water
]]></description><styleUrl>#forest_loss</styleUrl><Point><coordinates>91.971106,24.646755,0</coordinates></Point></Placemark>
<Placemark><name>SYL-0350</name><description><![CDATA[
<b>SYL-0350</b><br/>
stratum: forest_loss<br/>
lat, lon: 24.933767, 91.867620<br/>
<hr/>
Record your answer in:<br/>
<code>data/reference/interpretation_sylhet_author_b.csv</code><br/><br/>
Fields: class_t0, class_t3, confidence, notes<br/>
Classes: 0 non-forest, 1 natural forest, 2 plantation/tea, 3 water
]]></description><styleUrl>#forest_loss</styleUrl><Point><coordinates>91.867620,24.933767,0</coordinates></Point></Placemark>
<Placemark><name>SYL-0351</name><description><![CDATA[
<b>SYL-0351</b><br/>
stratum: forest_loss<br/>
lat, lon: 24.802793, 92.037132<br/>
<hr/>
Record your answer in:<br/>
<code>data/reference/interpretation_sylhet_author_b.csv</code><br/><br/>
Fields: class_t0, class_t3, confidence, notes<br/>
Classes: 0 non-forest, 1 natural forest, 2 plantation/tea, 3 water
]]></description><styleUrl>#forest_loss</styleUrl><Point><coordinates>92.037132,24.802793,0</coordinates></Point></Placemark>
<Placemark><name>SYL-0352</name><description><![CDATA[
<b>SYL-0352</b><br/>
stratum: forest_loss<br/>
lat, lon: 24.657805, 91.976496<br/>
<hr/>
Record your answer in:<br/>
<code>data/reference/interpretation_sylhet_author_b.csv</code><br/><br/>
Fields: class_t0, class_t3, confidence, notes<br/>
Classes: 0 non-forest, 1 natural forest, 2 plantation/tea, 3 water
]]></description><styleUrl>#forest_loss</styleUrl><Point><coordinates>91.976496,24.657805,0</coordinates></Point></Placemark>
<Placemark><name>SYL-0353</name><description><![CDATA[
<b>SYL-0353</b><br/>
stratum: forest_loss<br/>
lat, lon: 24.925413, 92.022579<br/>
<hr/>
Record your answer in:<br/>
<code>data/reference/interpretation_sylhet_author_b.csv</code><br/><br/>
Fields: class_t0, class_t3, confidence, notes<br/>
Classes: 0 non-forest, 1 natural forest, 2 plantation/tea, 3 water
]]></description><styleUrl>#forest_loss</styleUrl><Point><coordinates>92.022579,24.925413,0</coordinates></Point></Placemark>
<Placemark><name>SYL-0354</name><description><![CDATA[
<b>SYL-0354</b><br/>
stratum: forest_loss<br/>
lat, lon: 25.109747, 92.183198<br/>
<hr/>
Record your answer in:<br/>
<code>data/reference/interpretation_sylhet_author_b.csv</code><br/><br/>
Fields: class_t0, class_t3, confidence, notes<br/>
Classes: 0 non-forest, 1 natural forest, 2 plantation/tea, 3 water
]]></description><styleUrl>#forest_loss</styleUrl><Point><coordinates>92.183198,25.109747,0</coordinates></Point></Placemark>
<Placemark><name>SYL-0355</name><description><![CDATA[
<b>SYL-0355</b><br/>
stratum: forest_loss<br/>
lat, lon: 24.714399, 91.732603<br/>
<hr/>
Record your answer in:<br/>
<code>data/reference/interpretation_sylhet_author_b.csv</code><br/><br/>
Fields: class_t0, class_t3, confidence, notes<br/>
Classes: 0 non-forest, 1 natural forest, 2 plantation/tea, 3 water
]]></description><styleUrl>#forest_loss</styleUrl><Point><coordinates>91.732603,24.714399,0</coordinates></Point></Placemark>
<Placemark><name>SYL-0356</name><description><![CDATA[
<b>SYL-0356</b><br/>
stratum: forest_loss<br/>
lat, lon: 24.653762, 91.978652<br/>
<hr/>
Record your answer in:<br/>
<code>data/reference/interpretation_sylhet_author_b.csv</code><br/><br/>
Fields: class_t0, class_t3, confidence, notes<br/>
Classes: 0 non-forest, 1 natural forest, 2 plantation/tea, 3 water
]]></description><styleUrl>#forest_loss</styleUrl><Point><coordinates>91.978652,24.653762,0</coordinates></Point></Placemark>
<Placemark><name>SYL-0357</name><description><![CDATA[
<b>SYL-0357</b><br/>
stratum: forest_loss<br/>
lat, lon: 24.965298, 91.986736<br/>
<hr/>
Record your answer in:<br/>
<code>data/reference/interpretation_sylhet_author_b.csv</code><br/><br/>
Fields: class_t0, class_t3, confidence, notes<br/>
Classes: 0 non-forest, 1 natural forest, 2 plantation/tea, 3 water
]]></description><styleUrl>#forest_loss</styleUrl><Point><coordinates>91.986736,24.965298,0</coordinates></Point></Placemark>
<Placemark><name>SYL-0358</name><description><![CDATA[
<b>SYL-0358</b><br/>
stratum: forest_loss<br/>
lat, lon: 25.041834, 91.897803<br/>
<hr/>
Record your answer in:<br/>
<code>data/reference/interpretation_sylhet_author_b.csv</code><br/><br/>
Fields: class_t0, class_t3, confidence, notes<br/>
Classes: 0 non-forest, 1 natural forest, 2 plantation/tea, 3 water
]]></description><styleUrl>#forest_loss</styleUrl><Point><coordinates>91.897803,25.041834,0</coordinates></Point></Placemark>
<Placemark><name>SYL-0359</name><description><![CDATA[
<b>SYL-0359</b><br/>
stratum: forest_loss<br/>
lat, lon: 24.658344, 91.974340<br/>
<hr/>
Record your answer in:<br/>
<code>data/reference/interpretation_sylhet_author_b.csv</code><br/><br/>
Fields: class_t0, class_t3, confidence, notes<br/>
Classes: 0 non-forest, 1 natural forest, 2 plantation/tea, 3 water
]]></description><styleUrl>#forest_loss</styleUrl><Point><coordinates>91.974340,24.658344,0</coordinates></Point></Placemark>
<Placemark><name>SYL-0360</name><description><![CDATA[
<b>SYL-0360</b><br/>
stratum: forest_loss<br/>
lat, lon: 24.969879, 91.940383<br/>
<hr/>
Record your answer in:<br/>
<code>data/reference/interpretation_sylhet_author_b.csv</code><br/><br/>
Fields: class_t0, class_t3, confidence, notes<br/>
Classes: 0 non-forest, 1 natural forest, 2 plantation/tea, 3 water
]]></description><styleUrl>#forest_loss</styleUrl><Point><coordinates>91.940383,24.969879,0</coordinates></Point></Placemark>
<Placemark><name>SYL-0361</name><description><![CDATA[
<b>SYL-0361</b><br/>
stratum: forest_loss<br/>
lat, lon: 24.825700, 91.815068<br/>
<hr/>
Record your answer in:<br/>
<code>data/reference/interpretation_sylhet_author_b.csv</code><br/><br/>
Fields: class_t0, class_t3, confidence, notes<br/>
Classes: 0 non-forest, 1 natural forest, 2 plantation/tea, 3 water
]]></description><styleUrl>#forest_loss</styleUrl><Point><coordinates>91.815068,24.825700,0</coordinates></Point></Placemark>
<Placemark><name>SYL-0362</name><description><![CDATA[
<b>SYL-0362</b><br/>
stratum: forest_loss<br/>
lat, lon: 24.797672, 92.178347<br/>
<hr/>
Record your answer in:<br/>
<code>data/reference/interpretation_sylhet_author_b.csv</code><br/><br/>
Fields: class_t0, class_t3, confidence, notes<br/>
Classes: 0 non-forest, 1 natural forest, 2 plantation/tea, 3 water
]]></description><styleUrl>#forest_loss</styleUrl><Point><coordinates>92.178347,24.797672,0</coordinates></Point></Placemark>
<Placemark><name>SYL-0363</name><description><![CDATA[
<b>SYL-0363</b><br/>
stratum: forest_loss<br/>
lat, lon: 25.077138, 91.840670<br/>
<hr/>
Record your answer in:<br/>
<code>data/reference/interpretation_sylhet_author_b.csv</code><br/><br/>
Fields: class_t0, class_t3, confidence, notes<br/>
Classes: 0 non-forest, 1 natural forest, 2 plantation/tea, 3 water
]]></description><styleUrl>#forest_loss</styleUrl><Point><coordinates>91.840670,25.077138,0</coordinates></Point></Placemark>
<Placemark><name>SYL-0364</name><description><![CDATA[
<b>SYL-0364</b><br/>
stratum: forest_loss<br/>
lat, lon: 25.074443, 91.836897<br/>
<hr/>
Record your answer in:<br/>
<code>data/reference/interpretation_sylhet_author_b.csv</code><br/><br/>
Fields: class_t0, class_t3, confidence, notes<br/>
Classes: 0 non-forest, 1 natural forest, 2 plantation/tea, 3 water
]]></description><styleUrl>#forest_loss</styleUrl><Point><coordinates>91.836897,25.074443,0</coordinates></Point></Placemark>
<Placemark><name>SYL-0365</name><description><![CDATA[
<b>SYL-0365</b><br/>
stratum: forest_loss<br/>
lat, lon: 24.880946, 91.851989<br/>
<hr/>
Record your answer in:<br/>
<code>data/reference/interpretation_sylhet_author_b.csv</code><br/><br/>
Fields: class_t0, class_t3, confidence, notes<br/>
Classes: 0 non-forest, 1 natural forest, 2 plantation/tea, 3 water
]]></description><styleUrl>#forest_loss</styleUrl><Point><coordinates>91.851989,24.880946,0</coordinates></Point></Placemark>
<Placemark><name>SYL-0366</name><description><![CDATA[
<b>SYL-0366</b><br/>
stratum: forest_loss<br/>
lat, lon: 25.089266, 91.843096<br/>
<hr/>
Record your answer in:<br/>
<code>data/reference/interpretation_sylhet_author_b.csv</code><br/><br/>
Fields: class_t0, class_t3, confidence, notes<br/>
Classes: 0 non-forest, 1 natural forest, 2 plantation/tea, 3 water
]]></description><styleUrl>#forest_loss</styleUrl><Point><coordinates>91.843096,25.089266,0</coordinates></Point></Placemark>
<Placemark><name>SYL-0367</name><description><![CDATA[
<b>SYL-0367</b><br/>
stratum: forest_loss<br/>
lat, lon: 25.178199, 92.066237<br/>
<hr/>
Record your answer in:<br/>
<code>data/reference/interpretation_sylhet_author_b.csv</code><br/><br/>
Fields: class_t0, class_t3, confidence, notes<br/>
Classes: 0 non-forest, 1 natural forest, 2 plantation/tea, 3 water
]]></description><styleUrl>#forest_loss</styleUrl><Point><coordinates>92.066237,25.178199,0</coordinates></Point></Placemark>
<Placemark><name>SYL-0368</name><description><![CDATA[
<b>SYL-0368</b><br/>
stratum: forest_loss<br/>
lat, lon: 25.063933, 92.280216<br/>
<hr/>
Record your answer in:<br/>
<code>data/reference/interpretation_sylhet_author_b.csv</code><br/><br/>
Fields: class_t0, class_t3, confidence, notes<br/>
Classes: 0 non-forest, 1 natural forest, 2 plantation/tea, 3 water
]]></description><styleUrl>#forest_loss</styleUrl><Point><coordinates>92.280216,25.063933,0</coordinates></Point></Placemark>
<Placemark><name>SYL-0369</name><description><![CDATA[
<b>SYL-0369</b><br/>
stratum: forest_loss<br/>
lat, lon: 25.106244, 91.840401<br/>
<hr/>
Record your answer in:<br/>
<code>data/reference/interpretation_sylhet_author_b.csv</code><br/><br/>
Fields: class_t0, class_t3, confidence, notes<br/>
Classes: 0 non-forest, 1 natural forest, 2 plantation/tea, 3 water
]]></description><styleUrl>#forest_loss</styleUrl><Point><coordinates>91.840401,25.106244,0</coordinates></Point></Placemark>
<Placemark><name>SYL-0370</name><description><![CDATA[
<b>SYL-0370</b><br/>
stratum: forest_loss<br/>
lat, lon: 24.682329, 91.945773<br/>
<hr/>
Record your answer in:<br/>
<code>data/reference/interpretation_sylhet_author_b.csv</code><br/><br/>
Fields: class_t0, class_t3, confidence, notes<br/>
Classes: 0 non-forest, 1 natural forest, 2 plantation/tea, 3 water
]]></description><styleUrl>#forest_loss</styleUrl><Point><coordinates>91.945773,24.682329,0</coordinates></Point></Placemark>
<Placemark><name>SYL-0371</name><description><![CDATA[
<b>SYL-0371</b><br/>
stratum: forest_loss<br/>
lat, lon: 24.952362, 91.922327<br/>
<hr/>
Record your answer in:<br/>
<code>data/reference/interpretation_sylhet_author_b.csv</code><br/><br/>
Fields: class_t0, class_t3, confidence, notes<br/>
Classes: 0 non-forest, 1 natural forest, 2 plantation/tea, 3 water
]]></description><styleUrl>#forest_loss</styleUrl><Point><coordinates>91.922327,24.952362,0</coordinates></Point></Placemark>
<Placemark><name>SYL-0372</name><description><![CDATA[
<b>SYL-0372</b><br/>
stratum: forest_loss<br/>
lat, lon: 24.805757, 92.032820<br/>
<hr/>
Record your answer in:<br/>
<code>data/reference/interpretation_sylhet_author_b.csv</code><br/><br/>
Fields: class_t0, class_t3, confidence, notes<br/>
Classes: 0 non-forest, 1 natural forest, 2 plantation/tea, 3 water
]]></description><styleUrl>#forest_loss</styleUrl><Point><coordinates>92.032820,24.805757,0</coordinates></Point></Placemark>
<Placemark><name>SYL-0373</name><description><![CDATA[
<b>SYL-0373</b><br/>
stratum: forest_loss<br/>
lat, lon: 25.108400, 91.845252<br/>
<hr/>
Record your answer in:<br/>
<code>data/reference/interpretation_sylhet_author_b.csv</code><br/><br/>
Fields: class_t0, class_t3, confidence, notes<br/>
Classes: 0 non-forest, 1 natural forest, 2 plantation/tea, 3 water
]]></description><styleUrl>#forest_loss</styleUrl><Point><coordinates>91.845252,25.108400,0</coordinates></Point></Placemark>
<Placemark><name>SYL-0374</name><description><![CDATA[
<b>SYL-0374</b><br/>
stratum: forest_loss<br/>
lat, lon: 24.947781, 91.911278<br/>
<hr/>
Record your answer in:<br/>
<code>data/reference/interpretation_sylhet_author_b.csv</code><br/><br/>
Fields: class_t0, class_t3, confidence, notes<br/>
Classes: 0 non-forest, 1 natural forest, 2 plantation/tea, 3 water
]]></description><styleUrl>#forest_loss</styleUrl><Point><coordinates>91.911278,24.947781,0</coordinates></Point></Placemark>
<Placemark><name>SYL-0375</name><description><![CDATA[
<b>SYL-0375</b><br/>
stratum: forest_loss<br/>
lat, lon: 25.021083, 91.901846<br/>
<hr/>
Record your answer in:<br/>
<code>data/reference/interpretation_sylhet_author_b.csv</code><br/><br/>
Fields: class_t0, class_t3, confidence, notes<br/>
Classes: 0 non-forest, 1 natural forest, 2 plantation/tea, 3 water
]]></description><styleUrl>#forest_loss</styleUrl><Point><coordinates>91.901846,25.021083,0</coordinates></Point></Placemark>
<Placemark><name>SYL-0376</name><description><![CDATA[
<b>SYL-0376</b><br/>
stratum: forest_loss<br/>
lat, lon: 24.666698, 91.976765<br/>
<hr/>
Record your answer in:<br/>
<code>data/reference/interpretation_sylhet_author_b.csv</code><br/><br/>
Fields: class_t0, class_t3, confidence, notes<br/>
Classes: 0 non-forest, 1 natural forest, 2 plantation/tea, 3 water
]]></description><styleUrl>#forest_loss</styleUrl><Point><coordinates>91.976765,24.666698,0</coordinates></Point></Placemark>
<Placemark><name>SYL-0377</name><description><![CDATA[
<b>SYL-0377</b><br/>
stratum: forest_loss<br/>
lat, lon: 24.917328, 91.974609<br/>
<hr/>
Record your answer in:<br/>
<code>data/reference/interpretation_sylhet_author_b.csv</code><br/><br/>
Fields: class_t0, class_t3, confidence, notes<br/>
Classes: 0 non-forest, 1 natural forest, 2 plantation/tea, 3 water
]]></description><styleUrl>#forest_loss</styleUrl><Point><coordinates>91.974609,24.917328,0</coordinates></Point></Placemark>
<Placemark><name>SYL-0378</name><description><![CDATA[
<b>SYL-0378</b><br/>
stratum: forest_loss<br/>
lat, lon: 25.080642, 91.814260<br/>
<hr/>
Record your answer in:<br/>
<code>data/reference/interpretation_sylhet_author_b.csv</code><br/><br/>
Fields: class_t0, class_t3, confidence, notes<br/>
Classes: 0 non-forest, 1 natural forest, 2 plantation/tea, 3 water
]]></description><styleUrl>#forest_loss</styleUrl><Point><coordinates>91.814260,25.080642,0</coordinates></Point></Placemark>
<Placemark><name>SYL-0379</name><description><![CDATA[
<b>SYL-0379</b><br/>
stratum: forest_loss<br/>
lat, lon: 24.993325, 91.976765<br/>
<hr/>
Record your answer in:<br/>
<code>data/reference/interpretation_sylhet_author_b.csv</code><br/><br/>
Fields: class_t0, class_t3, confidence, notes<br/>
Classes: 0 non-forest, 1 natural forest, 2 plantation/tea, 3 water
]]></description><styleUrl>#forest_loss</styleUrl><Point><coordinates>91.976765,24.993325,0</coordinates></Point></Placemark>
<Placemark><name>SYL-0380</name><description><![CDATA[
<b>SYL-0380</b><br/>
stratum: forest_loss<br/>
lat, lon: 25.137505, 91.827465<br/>
<hr/>
Record your answer in:<br/>
<code>data/reference/interpretation_sylhet_author_b.csv</code><br/><br/>
Fields: class_t0, class_t3, confidence, notes<br/>
Classes: 0 non-forest, 1 natural forest, 2 plantation/tea, 3 water
]]></description><styleUrl>#forest_loss</styleUrl><Point><coordinates>91.827465,25.137505,0</coordinates></Point></Placemark>
<Placemark><name>SYL-0381</name><description><![CDATA[
<b>SYL-0381</b><br/>
stratum: forest_loss<br/>
lat, lon: 24.683407, 91.947390<br/>
<hr/>
Record your answer in:<br/>
<code>data/reference/interpretation_sylhet_author_b.csv</code><br/><br/>
Fields: class_t0, class_t3, confidence, notes<br/>
Classes: 0 non-forest, 1 natural forest, 2 plantation/tea, 3 water
]]></description><styleUrl>#forest_loss</styleUrl><Point><coordinates>91.947390,24.683407,0</coordinates></Point></Placemark>
<Placemark><name>SYL-0382</name><description><![CDATA[
<b>SYL-0382</b><br/>
stratum: forest_loss<br/>
lat, lon: 24.902775, 92.146547<br/>
<hr/>
Record your answer in:<br/>
<code>data/reference/interpretation_sylhet_author_b.csv</code><br/><br/>
Fields: class_t0, class_t3, confidence, notes<br/>
Classes: 0 non-forest, 1 natural forest, 2 plantation/tea, 3 water
]]></description><styleUrl>#forest_loss</styleUrl><Point><coordinates>92.146547,24.902775,0</coordinates></Point></Placemark>
<Placemark><name>SYL-0383</name><description><![CDATA[
<b>SYL-0383</b><br/>
stratum: forest_loss<br/>
lat, lon: 24.956674, 91.954128<br/>
<hr/>
Record your answer in:<br/>
<code>data/reference/interpretation_sylhet_author_b.csv</code><br/><br/>
Fields: class_t0, class_t3, confidence, notes<br/>
Classes: 0 non-forest, 1 natural forest, 2 plantation/tea, 3 water
]]></description><styleUrl>#forest_loss</styleUrl><Point><coordinates>91.954128,24.956674,0</coordinates></Point></Placemark>
<Placemark><name>SYL-0384</name><description><![CDATA[
<b>SYL-0384</b><br/>
stratum: forest_loss<br/>
lat, lon: 25.088188, 92.155440<br/>
<hr/>
Record your answer in:<br/>
<code>data/reference/interpretation_sylhet_author_b.csv</code><br/><br/>
Fields: class_t0, class_t3, confidence, notes<br/>
Classes: 0 non-forest, 1 natural forest, 2 plantation/tea, 3 water
]]></description><styleUrl>#forest_loss</styleUrl><Point><coordinates>92.155440,25.088188,0</coordinates></Point></Placemark>
<Placemark><name>SYL-0385</name><description><![CDATA[
<b>SYL-0385</b><br/>
stratum: forest_loss<br/>
lat, lon: 25.114059, 92.196134<br/>
<hr/>
Record your answer in:<br/>
<code>data/reference/interpretation_sylhet_author_b.csv</code><br/><br/>
Fields: class_t0, class_t3, confidence, notes<br/>
Classes: 0 non-forest, 1 natural forest, 2 plantation/tea, 3 water
]]></description><styleUrl>#forest_loss</styleUrl><Point><coordinates>92.196134,25.114059,0</coordinates></Point></Placemark>
<Placemark><name>SYL-0386</name><description><![CDATA[
<b>SYL-0386</b><br/>
stratum: forest_loss<br/>
lat, lon: 24.974730, 92.066776<br/>
<hr/>
Record your answer in:<br/>
<code>data/reference/interpretation_sylhet_author_b.csv</code><br/><br/>
Fields: class_t0, class_t3, confidence, notes<br/>
Classes: 0 non-forest, 1 natural forest, 2 plantation/tea, 3 water
]]></description><styleUrl>#forest_loss</styleUrl><Point><coordinates>92.066776,24.974730,0</coordinates></Point></Placemark>
<Placemark><name>SYL-0387</name><description><![CDATA[
<b>SYL-0387</b><br/>
stratum: forest_loss<br/>
lat, lon: 25.105166, 91.990779<br/>
<hr/>
Record your answer in:<br/>
<code>data/reference/interpretation_sylhet_author_b.csv</code><br/><br/>
Fields: class_t0, class_t3, confidence, notes<br/>
Classes: 0 non-forest, 1 natural forest, 2 plantation/tea, 3 water
]]></description><styleUrl>#forest_loss</styleUrl><Point><coordinates>91.990779,25.105166,0</coordinates></Point></Placemark>
<Placemark><name>SYL-0388</name><description><![CDATA[
<b>SYL-0388</b><br/>
stratum: forest_loss<br/>
lat, lon: 24.969071, 92.004254<br/>
<hr/>
Record your answer in:<br/>
<code>data/reference/interpretation_sylhet_author_b.csv</code><br/><br/>
Fields: class_t0, class_t3, confidence, notes<br/>
Classes: 0 non-forest, 1 natural forest, 2 plantation/tea, 3 water
]]></description><styleUrl>#forest_loss</styleUrl><Point><coordinates>92.004254,24.969071,0</coordinates></Point></Placemark>
<Placemark><name>SYL-0389</name><description><![CDATA[
<b>SYL-0389</b><br/>
stratum: forest_loss<br/>
lat, lon: 25.168766, 92.010991<br/>
<hr/>
Record your answer in:<br/>
<code>data/reference/interpretation_sylhet_author_b.csv</code><br/><br/>
Fields: class_t0, class_t3, confidence, notes<br/>
Classes: 0 non-forest, 1 natural forest, 2 plantation/tea, 3 water
]]></description><styleUrl>#forest_loss</styleUrl><Point><coordinates>92.010991,25.168766,0</coordinates></Point></Placemark>
<Placemark><name>SYL-0390</name><description><![CDATA[
<b>SYL-0390</b><br/>
stratum: forest_loss<br/>
lat, lon: 25.017580, 91.885676<br/>
<hr/>
Record your answer in:<br/>
<code>data/reference/interpretation_sylhet_author_b.csv</code><br/><br/>
Fields: class_t0, class_t3, confidence, notes<br/>
Classes: 0 non-forest, 1 natural forest, 2 plantation/tea, 3 water
]]></description><styleUrl>#forest_loss</styleUrl><Point><coordinates>91.885676,25.017580,0</coordinates></Point></Placemark>
<Placemark><name>SYL-0391</name><description><![CDATA[
<b>SYL-0391</b><br/>
stratum: forest_loss<br/>
lat, lon: 25.093577, 91.723171<br/>
<hr/>
Record your answer in:<br/>
<code>data/reference/interpretation_sylhet_author_b.csv</code><br/><br/>
Fields: class_t0, class_t3, confidence, notes<br/>
Classes: 0 non-forest, 1 natural forest, 2 plantation/tea, 3 water
]]></description><styleUrl>#forest_loss</styleUrl><Point><coordinates>91.723171,25.093577,0</coordinates></Point></Placemark>
<Placemark><name>SYL-0392</name><description><![CDATA[
<b>SYL-0392</b><br/>
stratum: forest_loss<br/>
lat, lon: 24.976617, 91.944156<br/>
<hr/>
Record your answer in:<br/>
<code>data/reference/interpretation_sylhet_author_b.csv</code><br/><br/>
Fields: class_t0, class_t3, confidence, notes<br/>
Classes: 0 non-forest, 1 natural forest, 2 plantation/tea, 3 water
]]></description><styleUrl>#forest_loss</styleUrl><Point><coordinates>91.944156,24.976617,0</coordinates></Point></Placemark>
<Placemark><name>SYL-0393</name><description><![CDATA[
<b>SYL-0393</b><br/>
stratum: forest_loss<br/>
lat, lon: 25.086840, 91.725057<br/>
<hr/>
Record your answer in:<br/>
<code>data/reference/interpretation_sylhet_author_b.csv</code><br/><br/>
Fields: class_t0, class_t3, confidence, notes<br/>
Classes: 0 non-forest, 1 natural forest, 2 plantation/tea, 3 water
]]></description><styleUrl>#forest_loss</styleUrl><Point><coordinates>91.725057,25.086840,0</coordinates></Point></Placemark>
<Placemark><name>SYL-0394</name><description><![CDATA[
<b>SYL-0394</b><br/>
stratum: forest_loss<br/>
lat, lon: 24.788779, 92.165411<br/>
<hr/>
Record your answer in:<br/>
<code>data/reference/interpretation_sylhet_author_b.csv</code><br/><br/>
Fields: class_t0, class_t3, confidence, notes<br/>
Classes: 0 non-forest, 1 natural forest, 2 plantation/tea, 3 water
]]></description><styleUrl>#forest_loss</styleUrl><Point><coordinates>92.165411,24.788779,0</coordinates></Point></Placemark>
<Placemark><name>SYL-0395</name><description><![CDATA[
<b>SYL-0395</b><br/>
stratum: forest_loss<br/>
lat, lon: 24.670740, 91.944156<br/>
<hr/>
Record your answer in:<br/>
<code>data/reference/interpretation_sylhet_author_b.csv</code><br/><br/>
Fields: class_t0, class_t3, confidence, notes<br/>
Classes: 0 non-forest, 1 natural forest, 2 plantation/tea, 3 water
]]></description><styleUrl>#forest_loss</styleUrl><Point><coordinates>91.944156,24.670740,0</coordinates></Point></Placemark>
<Placemark><name>SYL-0396</name><description><![CDATA[
<b>SYL-0396</b><br/>
stratum: forest_loss<br/>
lat, lon: 25.067975, 92.290726<br/>
<hr/>
Record your answer in:<br/>
<code>data/reference/interpretation_sylhet_author_b.csv</code><br/><br/>
Fields: class_t0, class_t3, confidence, notes<br/>
Classes: 0 non-forest, 1 natural forest, 2 plantation/tea, 3 water
]]></description><styleUrl>#forest_loss</styleUrl><Point><coordinates>92.290726,25.067975,0</coordinates></Point></Placemark>
<Placemark><name>SYL-0397</name><description><![CDATA[
<b>SYL-0397</b><br/>
stratum: forest_loss<br/>
lat, lon: 25.061777, 92.292613<br/>
<hr/>
Record your answer in:<br/>
<code>data/reference/interpretation_sylhet_author_b.csv</code><br/><br/>
Fields: class_t0, class_t3, confidence, notes<br/>
Classes: 0 non-forest, 1 natural forest, 2 plantation/tea, 3 water
]]></description><styleUrl>#forest_loss</styleUrl><Point><coordinates>92.292613,25.061777,0</coordinates></Point></Placemark>
<Placemark><name>SYL-0398</name><description><![CDATA[
<b>SYL-0398</b><br/>
stratum: forest_loss<br/>
lat, lon: 25.177660, 92.081868<br/>
<hr/>
Record your answer in:<br/>
<code>data/reference/interpretation_sylhet_author_b.csv</code><br/><br/>
Fields: class_t0, class_t3, confidence, notes<br/>
Classes: 0 non-forest, 1 natural forest, 2 plantation/tea, 3 water
]]></description><styleUrl>#forest_loss</styleUrl><Point><coordinates>92.081868,25.177660,0</coordinates></Point></Placemark>
<Placemark><name>SYL-0399</name><description><![CDATA[
<b>SYL-0399</b><br/>
stratum: forest_loss<br/>
lat, lon: 24.981737, 91.963021<br/>
<hr/>
Record your answer in:<br/>
<code>data/reference/interpretation_sylhet_author_b.csv</code><br/><br/>
Fields: class_t0, class_t3, confidence, notes<br/>
Classes: 0 non-forest, 1 natural forest, 2 plantation/tea, 3 water
]]></description><styleUrl>#forest_loss</styleUrl><Point><coordinates>91.963021,24.981737,0</coordinates></Point></Placemark>
<Placemark><name>SYL-0400</name><description><![CDATA[
<b>SYL-0400</b><br/>
stratum: forest_loss<br/>
lat, lon: 24.781772, 92.187510<br/>
<hr/>
Record your answer in:<br/>
<code>data/reference/interpretation_sylhet_author_b.csv</code><br/><br/>
Fields: class_t0, class_t3, confidence, notes<br/>
Classes: 0 non-forest, 1 natural forest, 2 plantation/tea, 3 water
]]></description><styleUrl>#forest_loss</styleUrl><Point><coordinates>92.187510,24.781772,0</coordinates></Point></Placemark>
<Placemark><name>SYL-0401</name><description><![CDATA[
<b>SYL-0401</b><br/>
stratum: forest_loss<br/>
lat, lon: 24.961795, 92.057613<br/>
<hr/>
Record your answer in:<br/>
<code>data/reference/interpretation_sylhet_author_b.csv</code><br/><br/>
Fields: class_t0, class_t3, confidence, notes<br/>
Classes: 0 non-forest, 1 natural forest, 2 plantation/tea, 3 water
]]></description><styleUrl>#forest_loss</styleUrl><Point><coordinates>92.057613,24.961795,0</coordinates></Point></Placemark>
<Placemark><name>SYL-0402</name><description><![CDATA[
<b>SYL-0402</b><br/>
stratum: forest_loss<br/>
lat, lon: 25.040487, 91.722362<br/>
<hr/>
Record your answer in:<br/>
<code>data/reference/interpretation_sylhet_author_b.csv</code><br/><br/>
Fields: class_t0, class_t3, confidence, notes<br/>
Classes: 0 non-forest, 1 natural forest, 2 plantation/tea, 3 water
]]></description><styleUrl>#forest_loss</styleUrl><Point><coordinates>91.722362,25.040487,0</coordinates></Point></Placemark>
<Placemark><name>SYL-0403</name><description><![CDATA[
<b>SYL-0403</b><br/>
stratum: forest_loss<br/>
lat, lon: 24.675052, 91.956553<br/>
<hr/>
Record your answer in:<br/>
<code>data/reference/interpretation_sylhet_author_b.csv</code><br/><br/>
Fields: class_t0, class_t3, confidence, notes<br/>
Classes: 0 non-forest, 1 natural forest, 2 plantation/tea, 3 water
]]></description><styleUrl>#forest_loss</styleUrl><Point><coordinates>91.956553,24.675052,0</coordinates></Point></Placemark>
<Placemark><name>SYL-0404</name><description><![CDATA[
<b>SYL-0404</b><br/>
stratum: forest_loss<br/>
lat, lon: 24.674513, 91.939305<br/>
<hr/>
Record your answer in:<br/>
<code>data/reference/interpretation_sylhet_author_b.csv</code><br/><br/>
Fields: class_t0, class_t3, confidence, notes<br/>
Classes: 0 non-forest, 1 natural forest, 2 plantation/tea, 3 water
]]></description><styleUrl>#forest_loss</styleUrl><Point><coordinates>91.939305,24.674513,0</coordinates></Point></Placemark>
<Placemark><name>SYL-0405</name><description><![CDATA[
<b>SYL-0405</b><br/>
stratum: forest_loss<br/>
lat, lon: 25.022161, 91.890257<br/>
<hr/>
Record your answer in:<br/>
<code>data/reference/interpretation_sylhet_author_b.csv</code><br/><br/>
Fields: class_t0, class_t3, confidence, notes<br/>
Classes: 0 non-forest, 1 natural forest, 2 plantation/tea, 3 water
]]></description><styleUrl>#forest_loss</styleUrl><Point><coordinates>91.890257,25.022161,0</coordinates></Point></Placemark>
<Placemark><name>SYL-0406</name><description><![CDATA[
<b>SYL-0406</b><br/>
stratum: forest_loss<br/>
lat, lon: 24.914364, 91.855762<br/>
<hr/>
Record your answer in:<br/>
<code>data/reference/interpretation_sylhet_author_b.csv</code><br/><br/>
Fields: class_t0, class_t3, confidence, notes<br/>
Classes: 0 non-forest, 1 natural forest, 2 plantation/tea, 3 water
]]></description><styleUrl>#forest_loss</styleUrl><Point><coordinates>91.855762,24.914364,0</coordinates></Point></Placemark>
<Placemark><name>SYL-0407</name><description><![CDATA[
<b>SYL-0407</b><br/>
stratum: forest_loss<br/>
lat, lon: 24.648911, 91.969219<br/>
<hr/>
Record your answer in:<br/>
<code>data/reference/interpretation_sylhet_author_b.csv</code><br/><br/>
Fields: class_t0, class_t3, confidence, notes<br/>
Classes: 0 non-forest, 1 natural forest, 2 plantation/tea, 3 water
]]></description><styleUrl>#forest_loss</styleUrl><Point><coordinates>91.969219,24.648911,0</coordinates></Point></Placemark>
<Placemark><name>SYL-0408</name><description><![CDATA[
<b>SYL-0408</b><br/>
stratum: forest_loss<br/>
lat, lon: 25.027012, 91.885676<br/>
<hr/>
Record your answer in:<br/>
<code>data/reference/interpretation_sylhet_author_b.csv</code><br/><br/>
Fields: class_t0, class_t3, confidence, notes<br/>
Classes: 0 non-forest, 1 natural forest, 2 plantation/tea, 3 water
]]></description><styleUrl>#forest_loss</styleUrl><Point><coordinates>91.885676,25.027012,0</coordinates></Point></Placemark>
<Placemark><name>SYL-0409</name><description><![CDATA[
<b>SYL-0409</b><br/>
stratum: forest_loss<br/>
lat, lon: 25.080103, 92.184545<br/>
<hr/>
Record your answer in:<br/>
<code>data/reference/interpretation_sylhet_author_b.csv</code><br/><br/>
Fields: class_t0, class_t3, confidence, notes<br/>
Classes: 0 non-forest, 1 natural forest, 2 plantation/tea, 3 water
]]></description><styleUrl>#forest_loss</styleUrl><Point><coordinates>92.184545,25.080103,0</coordinates></Point></Placemark>
<Placemark><name>SYL-0410</name><description><![CDATA[
<b>SYL-0410</b><br/>
stratum: forest_loss<br/>
lat, lon: 25.076599, 92.179425<br/>
<hr/>
Record your answer in:<br/>
<code>data/reference/interpretation_sylhet_author_b.csv</code><br/><br/>
Fields: class_t0, class_t3, confidence, notes<br/>
Classes: 0 non-forest, 1 natural forest, 2 plantation/tea, 3 water
]]></description><styleUrl>#forest_loss</styleUrl><Point><coordinates>92.179425,25.076599,0</coordinates></Point></Placemark>
<Placemark><name>SYL-0411</name><description><![CDATA[
<b>SYL-0411</b><br/>
stratum: forest_loss<br/>
lat, lon: 25.025395, 92.348398<br/>
<hr/>
Record your answer in:<br/>
<code>data/reference/interpretation_sylhet_author_b.csv</code><br/><br/>
Fields: class_t0, class_t3, confidence, notes<br/>
Classes: 0 non-forest, 1 natural forest, 2 plantation/tea, 3 water
]]></description><styleUrl>#forest_loss</styleUrl><Point><coordinates>92.348398,25.025395,0</coordinates></Point></Placemark>
<Placemark><name>SYL-0412</name><description><![CDATA[
<b>SYL-0412</b><br/>
stratum: forest_loss<br/>
lat, lon: 24.675322, 91.941461<br/>
<hr/>
Record your answer in:<br/>
<code>data/reference/interpretation_sylhet_author_b.csv</code><br/><br/>
Fields: class_t0, class_t3, confidence, notes<br/>
Classes: 0 non-forest, 1 natural forest, 2 plantation/tea, 3 water
]]></description><styleUrl>#forest_loss</styleUrl><Point><coordinates>91.941461,24.675322,0</coordinates></Point></Placemark>
<Placemark><name>SYL-0413</name><description><![CDATA[
<b>SYL-0413</b><br/>
stratum: forest_loss<br/>
lat, lon: 24.671279, 91.954936<br/>
<hr/>
Record your answer in:<br/>
<code>data/reference/interpretation_sylhet_author_b.csv</code><br/><br/>
Fields: class_t0, class_t3, confidence, notes<br/>
Classes: 0 non-forest, 1 natural forest, 2 plantation/tea, 3 water
]]></description><styleUrl>#forest_loss</styleUrl><Point><coordinates>91.954936,24.671279,0</coordinates></Point></Placemark>
<Placemark><name>SYL-0414</name><description><![CDATA[
<b>SYL-0414</b><br/>
stratum: forest_loss<br/>
lat, lon: 24.952093, 92.057883<br/>
<hr/>
Record your answer in:<br/>
<code>data/reference/interpretation_sylhet_author_b.csv</code><br/><br/>
Fields: class_t0, class_t3, confidence, notes<br/>
Classes: 0 non-forest, 1 natural forest, 2 plantation/tea, 3 water
]]></description><styleUrl>#forest_loss</styleUrl><Point><coordinates>92.057883,24.952093,0</coordinates></Point></Placemark>
<Placemark><name>SYL-0415</name><description><![CDATA[
<b>SYL-0415</b><br/>
stratum: forest_loss<br/>
lat, lon: 25.150980, 92.062464<br/>
<hr/>
Record your answer in:<br/>
<code>data/reference/interpretation_sylhet_author_b.csv</code><br/><br/>
Fields: class_t0, class_t3, confidence, notes<br/>
Classes: 0 non-forest, 1 natural forest, 2 plantation/tea, 3 water
]]></description><styleUrl>#forest_loss</styleUrl><Point><coordinates>92.062464,25.150980,0</coordinates></Point></Placemark>
<Placemark><name>SYL-0416</name><description><![CDATA[
<b>SYL-0416</b><br/>
stratum: forest_loss<br/>
lat, lon: 24.930803, 91.926639<br/>
<hr/>
Record your answer in:<br/>
<code>data/reference/interpretation_sylhet_author_b.csv</code><br/><br/>
Fields: class_t0, class_t3, confidence, notes<br/>
Classes: 0 non-forest, 1 natural forest, 2 plantation/tea, 3 water
]]></description><styleUrl>#forest_loss</styleUrl><Point><coordinates>91.926639,24.930803,0</coordinates></Point></Placemark>
<Placemark><name>SYL-0417</name><description><![CDATA[
<b>SYL-0417</b><br/>
stratum: forest_loss<br/>
lat, lon: 24.793630, 92.171879<br/>
<hr/>
Record your answer in:<br/>
<code>data/reference/interpretation_sylhet_author_b.csv</code><br/><br/>
Fields: class_t0, class_t3, confidence, notes<br/>
Classes: 0 non-forest, 1 natural forest, 2 plantation/tea, 3 water
]]></description><styleUrl>#forest_loss</styleUrl><Point><coordinates>92.171879,24.793630,0</coordinates></Point></Placemark>
<Placemark><name>SYL-0418</name><description><![CDATA[
<b>SYL-0418</b><br/>
stratum: forest_loss<br/>
lat, lon: 24.949128, 91.915320<br/>
<hr/>
Record your answer in:<br/>
<code>data/reference/interpretation_sylhet_author_b.csv</code><br/><br/>
Fields: class_t0, class_t3, confidence, notes<br/>
Classes: 0 non-forest, 1 natural forest, 2 plantation/tea, 3 water
]]></description><styleUrl>#forest_loss</styleUrl><Point><coordinates>91.915320,24.949128,0</coordinates></Point></Placemark>
<Placemark><name>SYL-0419</name><description><![CDATA[
<b>SYL-0419</b><br/>
stratum: forest_loss<br/>
lat, lon: 24.929725, 91.942809<br/>
<hr/>
Record your answer in:<br/>
<code>data/reference/interpretation_sylhet_author_b.csv</code><br/><br/>
Fields: class_t0, class_t3, confidence, notes<br/>
Classes: 0 non-forest, 1 natural forest, 2 plantation/tea, 3 water
]]></description><styleUrl>#forest_loss</styleUrl><Point><coordinates>91.942809,24.929725,0</coordinates></Point></Placemark>
<Placemark><name>SYL-0420</name><description><![CDATA[
<b>SYL-0420</b><br/>
stratum: forest_loss<br/>
lat, lon: 24.781233, 92.186162<br/>
<hr/>
Record your answer in:<br/>
<code>data/reference/interpretation_sylhet_author_b.csv</code><br/><br/>
Fields: class_t0, class_t3, confidence, notes<br/>
Classes: 0 non-forest, 1 natural forest, 2 plantation/tea, 3 water
]]></description><styleUrl>#forest_loss</styleUrl><Point><coordinates>92.186162,24.781233,0</coordinates></Point></Placemark>
<Placemark><name>SYL-0421</name><description><![CDATA[
<b>SYL-0421</b><br/>
stratum: forest_loss<br/>
lat, lon: 24.969071, 91.995630<br/>
<hr/>
Record your answer in:<br/>
<code>data/reference/interpretation_sylhet_author_b.csv</code><br/><br/>
Fields: class_t0, class_t3, confidence, notes<br/>
Classes: 0 non-forest, 1 natural forest, 2 plantation/tea, 3 water
]]></description><styleUrl>#forest_loss</styleUrl><Point><coordinates>91.995630,24.969071,0</coordinates></Point></Placemark>
<Placemark><name>SYL-0422</name><description><![CDATA[
<b>SYL-0422</b><br/>
stratum: forest_loss<br/>
lat, lon: 25.036714, 92.042522<br/>
<hr/>
Record your answer in:<br/>
<code>data/reference/interpretation_sylhet_author_b.csv</code><br/><br/>
Fields: class_t0, class_t3, confidence, notes<br/>
Classes: 0 non-forest, 1 natural forest, 2 plantation/tea, 3 water
]]></description><styleUrl>#forest_loss</styleUrl><Point><coordinates>92.042522,25.036714,0</coordinates></Point></Placemark>
<Placemark><name>SYL-0423</name><description><![CDATA[
<b>SYL-0423</b><br/>
stratum: forest_loss<br/>
lat, lon: 24.937001, 91.908583<br/>
<hr/>
Record your answer in:<br/>
<code>data/reference/interpretation_sylhet_author_b.csv</code><br/><br/>
Fields: class_t0, class_t3, confidence, notes<br/>
Classes: 0 non-forest, 1 natural forest, 2 plantation/tea, 3 water
]]></description><styleUrl>#forest_loss</styleUrl><Point><coordinates>91.908583,24.937001,0</coordinates></Point></Placemark>
<Placemark><name>SYL-0424</name><description><![CDATA[
<b>SYL-0424</b><br/>
stratum: forest_loss<br/>
lat, lon: 24.916250, 91.850103<br/>
<hr/>
Record your answer in:<br/>
<code>data/reference/interpretation_sylhet_author_b.csv</code><br/><br/>
Fields: class_t0, class_t3, confidence, notes<br/>
Classes: 0 non-forest, 1 natural forest, 2 plantation/tea, 3 water
]]></description><styleUrl>#forest_loss</styleUrl><Point><coordinates>91.850103,24.916250,0</coordinates></Point></Placemark>
<Placemark><name>SYL-0425</name><description><![CDATA[
<b>SYL-0425</b><br/>
stratum: forest_loss<br/>
lat, lon: 25.059352, 91.793239<br/>
<hr/>
Record your answer in:<br/>
<code>data/reference/interpretation_sylhet_author_b.csv</code><br/><br/>
Fields: class_t0, class_t3, confidence, notes<br/>
Classes: 0 non-forest, 1 natural forest, 2 plantation/tea, 3 water
]]></description><styleUrl>#forest_loss</styleUrl><Point><coordinates>91.793239,25.059352,0</coordinates></Point></Placemark>
<Placemark><name>SYL-0426</name><description><![CDATA[
<b>SYL-0426</b><br/>
stratum: forest_loss<br/>
lat, lon: 24.942930, 91.909930<br/>
<hr/>
Record your answer in:<br/>
<code>data/reference/interpretation_sylhet_author_b.csv</code><br/><br/>
Fields: class_t0, class_t3, confidence, notes<br/>
Classes: 0 non-forest, 1 natural forest, 2 plantation/tea, 3 water
]]></description><styleUrl>#forest_loss</styleUrl><Point><coordinates>91.909930,24.942930,0</coordinates></Point></Placemark>
<Placemark><name>SYL-0427</name><description><![CDATA[
<b>SYL-0427</b><br/>
stratum: forest_loss<br/>
lat, lon: 24.968532, 91.998594<br/>
<hr/>
Record your answer in:<br/>
<code>data/reference/interpretation_sylhet_author_b.csv</code><br/><br/>
Fields: class_t0, class_t3, confidence, notes<br/>
Classes: 0 non-forest, 1 natural forest, 2 plantation/tea, 3 water
]]></description><styleUrl>#forest_loss</styleUrl><Point><coordinates>91.998594,24.968532,0</coordinates></Point></Placemark>
<Placemark><name>SYL-0428</name><description><![CDATA[
<b>SYL-0428</b><br/>
stratum: forest_loss<br/>
lat, lon: 25.111095, 92.004793<br/>
<hr/>
Record your answer in:<br/>
<code>data/reference/interpretation_sylhet_author_b.csv</code><br/><br/>
Fields: class_t0, class_t3, confidence, notes<br/>
Classes: 0 non-forest, 1 natural forest, 2 plantation/tea, 3 water
]]></description><styleUrl>#forest_loss</styleUrl><Point><coordinates>92.004793,25.111095,0</coordinates></Point></Placemark>
<Placemark><name>SYL-0429</name><description><![CDATA[
<b>SYL-0429</b><br/>
stratum: forest_loss<br/>
lat, lon: 25.083337, 92.184545<br/>
<hr/>
Record your answer in:<br/>
<code>data/reference/interpretation_sylhet_author_b.csv</code><br/><br/>
Fields: class_t0, class_t3, confidence, notes<br/>
Classes: 0 non-forest, 1 natural forest, 2 plantation/tea, 3 water
]]></description><styleUrl>#forest_loss</styleUrl><Point><coordinates>92.184545,25.083337,0</coordinates></Point></Placemark>
<Placemark><name>SYL-0430</name><description><![CDATA[
<b>SYL-0430</b><br/>
stratum: forest_loss<br/>
lat, lon: 24.795247, 92.026083<br/>
<hr/>
Record your answer in:<br/>
<code>data/reference/interpretation_sylhet_author_b.csv</code><br/><br/>
Fields: class_t0, class_t3, confidence, notes<br/>
Classes: 0 non-forest, 1 natural forest, 2 plantation/tea, 3 water
]]></description><styleUrl>#forest_loss</styleUrl><Point><coordinates>92.026083,24.795247,0</coordinates></Point></Placemark>
<Placemark><name>SYL-0431</name><description><![CDATA[
<b>SYL-0431</b><br/>
stratum: forest_loss<br/>
lat, lon: 24.789049, 92.165411<br/>
<hr/>
Record your answer in:<br/>
<code>data/reference/interpretation_sylhet_author_b.csv</code><br/><br/>
Fields: class_t0, class_t3, confidence, notes<br/>
Classes: 0 non-forest, 1 natural forest, 2 plantation/tea, 3 water
]]></description><styleUrl>#forest_loss</styleUrl><Point><coordinates>92.165411,24.789049,0</coordinates></Point></Placemark>
<Placemark><name>SYL-0432</name><description><![CDATA[
<b>SYL-0432</b><br/>
stratum: forest_loss<br/>
lat, lon: 24.934037, 91.967872<br/>
<hr/>
Record your answer in:<br/>
<code>data/reference/interpretation_sylhet_author_b.csv</code><br/><br/>
Fields: class_t0, class_t3, confidence, notes<br/>
Classes: 0 non-forest, 1 natural forest, 2 plantation/tea, 3 water
]]></description><styleUrl>#forest_loss</styleUrl><Point><coordinates>91.967872,24.934037,0</coordinates></Point></Placemark>
<Placemark><name>SYL-0433</name><description><![CDATA[
<b>SYL-0433</b><br/>
stratum: forest_loss<br/>
lat, lon: 24.668045, 91.939844<br/>
<hr/>
Record your answer in:<br/>
<code>data/reference/interpretation_sylhet_author_b.csv</code><br/><br/>
Fields: class_t0, class_t3, confidence, notes<br/>
Classes: 0 non-forest, 1 natural forest, 2 plantation/tea, 3 water
]]></description><styleUrl>#forest_loss</styleUrl><Point><coordinates>91.939844,24.668045,0</coordinates></Point></Placemark>
<Placemark><name>SYL-0434</name><description><![CDATA[
<b>SYL-0434</b><br/>
stratum: forest_loss<br/>
lat, lon: 25.088188, 91.826657<br/>
<hr/>
Record your answer in:<br/>
<code>data/reference/interpretation_sylhet_author_b.csv</code><br/><br/>
Fields: class_t0, class_t3, confidence, notes<br/>
Classes: 0 non-forest, 1 natural forest, 2 plantation/tea, 3 water
]]></description><styleUrl>#forest_loss</styleUrl><Point><coordinates>91.826657,25.088188,0</coordinates></Point></Placemark>
<Placemark><name>SYL-0435</name><description><![CDATA[
<b>SYL-0435</b><br/>
stratum: forest_loss<br/>
lat, lon: 24.972574, 91.998864<br/>
<hr/>
Record your answer in:<br/>
<code>data/reference/interpretation_sylhet_author_b.csv</code><br/><br/>
Fields: class_t0, class_t3, confidence, notes<br/>
Classes: 0 non-forest, 1 natural forest, 2 plantation/tea, 3 water
]]></description><styleUrl>#forest_loss</styleUrl><Point><coordinates>91.998864,24.972574,0</coordinates></Point></Placemark>
<Placemark><name>SYL-0436</name><description><![CDATA[
<b>SYL-0436</b><br/>
stratum: forest_loss<br/>
lat, lon: 24.943199, 91.883789<br/>
<hr/>
Record your answer in:<br/>
<code>data/reference/interpretation_sylhet_author_b.csv</code><br/><br/>
Fields: class_t0, class_t3, confidence, notes<br/>
Classes: 0 non-forest, 1 natural forest, 2 plantation/tea, 3 water
]]></description><styleUrl>#forest_loss</styleUrl><Point><coordinates>91.883789,24.943199,0</coordinates></Point></Placemark>
<Placemark><name>SYL-0437</name><description><![CDATA[
<b>SYL-0437</b><br/>
stratum: forest_loss<br/>
lat, lon: 24.920023, 92.353519<br/>
<hr/>
Record your answer in:<br/>
<code>data/reference/interpretation_sylhet_author_b.csv</code><br/><br/>
Fields: class_t0, class_t3, confidence, notes<br/>
Classes: 0 non-forest, 1 natural forest, 2 plantation/tea, 3 water
]]></description><styleUrl>#forest_loss</styleUrl><Point><coordinates>92.353519,24.920023,0</coordinates></Point></Placemark>
<Placemark><name>SYL-0438</name><description><![CDATA[
<b>SYL-0438</b><br/>
stratum: forest_loss<br/>
lat, lon: 25.095464, 92.229821<br/>
<hr/>
Record your answer in:<br/>
<code>data/reference/interpretation_sylhet_author_b.csv</code><br/><br/>
Fields: class_t0, class_t3, confidence, notes<br/>
Classes: 0 non-forest, 1 natural forest, 2 plantation/tea, 3 water
]]></description><styleUrl>#forest_loss</styleUrl><Point><coordinates>92.229821,25.095464,0</coordinates></Point></Placemark>
<Placemark><name>SYL-0439</name><description><![CDATA[
<b>SYL-0439</b><br/>
stratum: forest_loss<br/>
lat, lon: 24.810339, 92.164603<br/>
<hr/>
Record your answer in:<br/>
<code>data/reference/interpretation_sylhet_author_b.csv</code><br/><br/>
Fields: class_t0, class_t3, confidence, notes<br/>
Classes: 0 non-forest, 1 natural forest, 2 plantation/tea, 3 water
]]></description><styleUrl>#forest_loss</styleUrl><Point><coordinates>92.164603,24.810339,0</coordinates></Point></Placemark>
<Placemark><name>SYL-0440</name><description><![CDATA[
<b>SYL-0440</b><br/>
stratum: forest_loss<br/>
lat, lon: 24.806835, 92.161638<br/>
<hr/>
Record your answer in:<br/>
<code>data/reference/interpretation_sylhet_author_b.csv</code><br/><br/>
Fields: class_t0, class_t3, confidence, notes<br/>
Classes: 0 non-forest, 1 natural forest, 2 plantation/tea, 3 water
]]></description><styleUrl>#forest_loss</styleUrl><Point><coordinates>92.161638,24.806835,0</coordinates></Point></Placemark>
<Placemark><name>SYL-0441</name><description><![CDATA[
<b>SYL-0441</b><br/>
stratum: forest_loss<br/>
lat, lon: 24.844295, 92.034167<br/>
<hr/>
Record your answer in:<br/>
<code>data/reference/interpretation_sylhet_author_b.csv</code><br/><br/>
Fields: class_t0, class_t3, confidence, notes<br/>
Classes: 0 non-forest, 1 natural forest, 2 plantation/tea, 3 water
]]></description><styleUrl>#forest_loss</styleUrl><Point><coordinates>92.034167,24.844295,0</coordinates></Point></Placemark>
<Placemark><name>SYL-0442</name><description><![CDATA[
<b>SYL-0442</b><br/>
stratum: forest_loss<br/>
lat, lon: 25.170922, 91.814529<br/>
<hr/>
Record your answer in:<br/>
<code>data/reference/interpretation_sylhet_author_b.csv</code><br/><br/>
Fields: class_t0, class_t3, confidence, notes<br/>
Classes: 0 non-forest, 1 natural forest, 2 plantation/tea, 3 water
]]></description><styleUrl>#forest_loss</styleUrl><Point><coordinates>91.814529,25.170922,0</coordinates></Point></Placemark>
<Placemark><name>SYL-0443</name><description><![CDATA[
<b>SYL-0443</b><br/>
stratum: forest_loss<br/>
lat, lon: 25.168766, 92.012338<br/>
<hr/>
Record your answer in:<br/>
<code>data/reference/interpretation_sylhet_author_b.csv</code><br/><br/>
Fields: class_t0, class_t3, confidence, notes<br/>
Classes: 0 non-forest, 1 natural forest, 2 plantation/tea, 3 water
]]></description><styleUrl>#forest_loss</styleUrl><Point><coordinates>92.012338,25.168766,0</coordinates></Point></Placemark>
<Placemark><name>SYL-0444</name><description><![CDATA[
<b>SYL-0444</b><br/>
stratum: forest_loss<br/>
lat, lon: 25.031863, 92.341661<br/>
<hr/>
Record your answer in:<br/>
<code>data/reference/interpretation_sylhet_author_b.csv</code><br/><br/>
Fields: class_t0, class_t3, confidence, notes<br/>
Classes: 0 non-forest, 1 natural forest, 2 plantation/tea, 3 water
]]></description><styleUrl>#forest_loss</styleUrl><Point><coordinates>92.341661,25.031863,0</coordinates></Point></Placemark>
<Placemark><name>SYL-0445</name><description><![CDATA[
<b>SYL-0445</b><br/>
stratum: forest_loss<br/>
lat, lon: 25.067167, 91.921788<br/>
<hr/>
Record your answer in:<br/>
<code>data/reference/interpretation_sylhet_author_b.csv</code><br/><br/>
Fields: class_t0, class_t3, confidence, notes<br/>
Classes: 0 non-forest, 1 natural forest, 2 plantation/tea, 3 water
]]></description><styleUrl>#forest_loss</styleUrl><Point><coordinates>91.921788,25.067167,0</coordinates></Point></Placemark>
<Placemark><name>SYL-0446</name><description><![CDATA[
<b>SYL-0446</b><br/>
stratum: forest_loss<br/>
lat, lon: 25.127803, 91.817494<br/>
<hr/>
Record your answer in:<br/>
<code>data/reference/interpretation_sylhet_author_b.csv</code><br/><br/>
Fields: class_t0, class_t3, confidence, notes<br/>
Classes: 0 non-forest, 1 natural forest, 2 plantation/tea, 3 water
]]></description><styleUrl>#forest_loss</styleUrl><Point><coordinates>91.817494,25.127803,0</coordinates></Point></Placemark>
<Placemark><name>SYL-0447</name><description><![CDATA[
<b>SYL-0447</b><br/>
stratum: forest_loss<br/>
lat, lon: 25.106244, 92.190474<br/>
<hr/>
Record your answer in:<br/>
<code>data/reference/interpretation_sylhet_author_b.csv</code><br/><br/>
Fields: class_t0, class_t3, confidence, notes<br/>
Classes: 0 non-forest, 1 natural forest, 2 plantation/tea, 3 water
]]></description><styleUrl>#forest_loss</styleUrl><Point><coordinates>92.190474,25.106244,0</coordinates></Point></Placemark>
<Placemark><name>SYL-0448</name><description><![CDATA[
<b>SYL-0448</b><br/>
stratum: forest_loss<br/>
lat, lon: 24.926491, 91.944156<br/>
<hr/>
Record your answer in:<br/>
<code>data/reference/interpretation_sylhet_author_b.csv</code><br/><br/>
Fields: class_t0, class_t3, confidence, notes<br/>
Classes: 0 non-forest, 1 natural forest, 2 plantation/tea, 3 water
]]></description><styleUrl>#forest_loss</styleUrl><Point><coordinates>91.944156,24.926491,0</coordinates></Point></Placemark>
<Placemark><name>SYL-0449</name><description><![CDATA[
<b>SYL-0449</b><br/>
stratum: forest_loss<br/>
lat, lon: 24.807644, 92.161638<br/>
<hr/>
Record your answer in:<br/>
<code>data/reference/interpretation_sylhet_author_b.csv</code><br/><br/>
Fields: class_t0, class_t3, confidence, notes<br/>
Classes: 0 non-forest, 1 natural forest, 2 plantation/tea, 3 water
]]></description><styleUrl>#forest_loss</styleUrl><Point><coordinates>92.161638,24.807644,0</coordinates></Point></Placemark>
<Placemark><name>SYL-0450</name><description><![CDATA[
<b>SYL-0450</b><br/>
stratum: forest_loss<br/>
lat, lon: 24.965029, 91.987275<br/>
<hr/>
Record your answer in:<br/>
<code>data/reference/interpretation_sylhet_author_b.csv</code><br/><br/>
Fields: class_t0, class_t3, confidence, notes<br/>
Classes: 0 non-forest, 1 natural forest, 2 plantation/tea, 3 water
]]></description><styleUrl>#forest_loss</styleUrl><Point><coordinates>91.987275,24.965029,0</coordinates></Point></Placemark>
<Placemark><name>SYL-0451</name><description><![CDATA[
<b>SYL-0451</b><br/>
stratum: forest_loss<br/>
lat, lon: 25.104896, 92.022040<br/>
<hr/>
Record your answer in:<br/>
<code>data/reference/interpretation_sylhet_author_b.csv</code><br/><br/>
Fields: class_t0, class_t3, confidence, notes<br/>
Classes: 0 non-forest, 1 natural forest, 2 plantation/tea, 3 water
]]></description><styleUrl>#forest_loss</styleUrl><Point><coordinates>92.022040,25.104896,0</coordinates></Point></Placemark>
<Placemark><name>SYL-0452</name><description><![CDATA[
<b>SYL-0452</b><br/>
stratum: forest_loss<br/>
lat, lon: 25.106244, 91.860613<br/>
<hr/>
Record your answer in:<br/>
<code>data/reference/interpretation_sylhet_author_b.csv</code><br/><br/>
Fields: class_t0, class_t3, confidence, notes<br/>
Classes: 0 non-forest, 1 natural forest, 2 plantation/tea, 3 water
]]></description><styleUrl>#forest_loss</styleUrl><Point><coordinates>91.860613,25.106244,0</coordinates></Point></Placemark>
<Placemark><name>SYL-0453</name><description><![CDATA[
<b>SYL-0453</b><br/>
stratum: forest_loss<br/>
lat, lon: 24.954788, 92.065429<br/>
<hr/>
Record your answer in:<br/>
<code>data/reference/interpretation_sylhet_author_b.csv</code><br/><br/>
Fields: class_t0, class_t3, confidence, notes<br/>
Classes: 0 non-forest, 1 natural forest, 2 plantation/tea, 3 water
]]></description><styleUrl>#forest_loss</styleUrl><Point><coordinates>92.065429,24.954788,0</coordinates></Point></Placemark>
<Placemark><name>SYL-0454</name><description><![CDATA[
<b>SYL-0454</b><br/>
stratum: forest_loss<br/>
lat, lon: 25.172270, 92.085102<br/>
<hr/>
Record your answer in:<br/>
<code>data/reference/interpretation_sylhet_author_b.csv</code><br/><br/>
Fields: class_t0, class_t3, confidence, notes<br/>
Classes: 0 non-forest, 1 natural forest, 2 plantation/tea, 3 water
]]></description><styleUrl>#forest_loss</styleUrl><Point><coordinates>92.085102,25.172270,0</coordinates></Point></Placemark>
<Placemark><name>SYL-0455</name><description><![CDATA[
<b>SYL-0455</b><br/>
stratum: forest_loss<br/>
lat, lon: 24.676400, 91.941461<br/>
<hr/>
Record your answer in:<br/>
<code>data/reference/interpretation_sylhet_author_b.csv</code><br/><br/>
Fields: class_t0, class_t3, confidence, notes<br/>
Classes: 0 non-forest, 1 natural forest, 2 plantation/tea, 3 water
]]></description><styleUrl>#forest_loss</styleUrl><Point><coordinates>91.941461,24.676400,0</coordinates></Point></Placemark>
<Placemark><name>SYL-0456</name><description><![CDATA[
<b>SYL-0456</b><br/>
stratum: forest_loss<br/>
lat, lon: 24.935654, 92.083754<br/>
<hr/>
Record your answer in:<br/>
<code>data/reference/interpretation_sylhet_author_b.csv</code><br/><br/>
Fields: class_t0, class_t3, confidence, notes<br/>
Classes: 0 non-forest, 1 natural forest, 2 plantation/tea, 3 water
]]></description><styleUrl>#forest_loss</styleUrl><Point><coordinates>92.083754,24.935654,0</coordinates></Point></Placemark>
<Placemark><name>SYL-0457</name><description><![CDATA[
<b>SYL-0457</b><br/>
stratum: forest_loss<br/>
lat, lon: 25.062316, 91.939844<br/>
<hr/>
Record your answer in:<br/>
<code>data/reference/interpretation_sylhet_author_b.csv</code><br/><br/>
Fields: class_t0, class_t3, confidence, notes<br/>
Classes: 0 non-forest, 1 natural forest, 2 plantation/tea, 3 water
]]></description><styleUrl>#forest_loss</styleUrl><Point><coordinates>91.939844,25.062316,0</coordinates></Point></Placemark>
<Placemark><name>SYL-0458</name><description><![CDATA[
<b>SYL-0458</b><br/>
stratum: forest_loss<br/>
lat, lon: 25.064203, 92.345164<br/>
<hr/>
Record your answer in:<br/>
<code>data/reference/interpretation_sylhet_author_b.csv</code><br/><br/>
Fields: class_t0, class_t3, confidence, notes<br/>
Classes: 0 non-forest, 1 natural forest, 2 plantation/tea, 3 water
]]></description><styleUrl>#forest_loss</styleUrl><Point><coordinates>92.345164,25.064203,0</coordinates></Point></Placemark>
<Placemark><name>SYL-0459</name><description><![CDATA[
<b>SYL-0459</b><br/>
stratum: forest_loss<br/>
lat, lon: 25.090613, 91.840940<br/>
<hr/>
Record your answer in:<br/>
<code>data/reference/interpretation_sylhet_author_b.csv</code><br/><br/>
Fields: class_t0, class_t3, confidence, notes<br/>
Classes: 0 non-forest, 1 natural forest, 2 plantation/tea, 3 water
]]></description><styleUrl>#forest_loss</styleUrl><Point><coordinates>91.840940,25.090613,0</coordinates></Point></Placemark>
<Placemark><name>SYL-0460</name><description><![CDATA[
<b>SYL-0460</b><br/>
stratum: forest_loss<br/>
lat, lon: 25.124839, 92.199368<br/>
<hr/>
Record your answer in:<br/>
<code>data/reference/interpretation_sylhet_author_b.csv</code><br/><br/>
Fields: class_t0, class_t3, confidence, notes<br/>
Classes: 0 non-forest, 1 natural forest, 2 plantation/tea, 3 water
]]></description><styleUrl>#forest_loss</styleUrl><Point><coordinates>92.199368,25.124839,0</coordinates></Point></Placemark>
<Placemark><name>SYL-0461</name><description><![CDATA[
<b>SYL-0461</b><br/>
stratum: forest_loss<br/>
lat, lon: 24.815729, 92.163794<br/>
<hr/>
Record your answer in:<br/>
<code>data/reference/interpretation_sylhet_author_b.csv</code><br/><br/>
Fields: class_t0, class_t3, confidence, notes<br/>
Classes: 0 non-forest, 1 natural forest, 2 plantation/tea, 3 water
]]></description><styleUrl>#forest_loss</styleUrl><Point><coordinates>92.163794,24.815729,0</coordinates></Point></Placemark>
<Placemark><name>SYL-0462</name><description><![CDATA[
<b>SYL-0462</b><br/>
stratum: forest_loss<br/>
lat, lon: 25.114059, 91.806984<br/>
<hr/>
Record your answer in:<br/>
<code>data/reference/interpretation_sylhet_author_b.csv</code><br/><br/>
Fields: class_t0, class_t3, confidence, notes<br/>
Classes: 0 non-forest, 1 natural forest, 2 plantation/tea, 3 water
]]></description><styleUrl>#forest_loss</styleUrl><Point><coordinates>91.806984,25.114059,0</coordinates></Point></Placemark>
<Placemark><name>SYL-0463</name><description><![CDATA[
<b>SYL-0463</b><br/>
stratum: forest_loss<br/>
lat, lon: 24.951823, 91.994282<br/>
<hr/>
Record your answer in:<br/>
<code>data/reference/interpretation_sylhet_author_b.csv</code><br/><br/>
Fields: class_t0, class_t3, confidence, notes<br/>
Classes: 0 non-forest, 1 natural forest, 2 plantation/tea, 3 water
]]></description><styleUrl>#forest_loss</styleUrl><Point><coordinates>91.994282,24.951823,0</coordinates></Point></Placemark>
<Placemark><name>SYL-0464</name><description><![CDATA[
<b>SYL-0464</b><br/>
stratum: forest_loss<br/>
lat, lon: 24.672627, 91.943887<br/>
<hr/>
Record your answer in:<br/>
<code>data/reference/interpretation_sylhet_author_b.csv</code><br/><br/>
Fields: class_t0, class_t3, confidence, notes<br/>
Classes: 0 non-forest, 1 natural forest, 2 plantation/tea, 3 water
]]></description><styleUrl>#forest_loss</styleUrl><Point><coordinates>91.943887,24.672627,0</coordinates></Point></Placemark>
<Placemark><name>SYL-0465</name><description><![CDATA[
<b>SYL-0465</b><br/>
stratum: forest_loss<br/>
lat, lon: 24.976347, 91.952241<br/>
<hr/>
Record your answer in:<br/>
<code>data/reference/interpretation_sylhet_author_b.csv</code><br/><br/>
Fields: class_t0, class_t3, confidence, notes<br/>
Classes: 0 non-forest, 1 natural forest, 2 plantation/tea, 3 water
]]></description><styleUrl>#forest_loss</styleUrl><Point><coordinates>91.952241,24.976347,0</coordinates></Point></Placemark>
<Placemark><name>SYL-0466</name><description><![CDATA[
<b>SYL-0466</b><br/>
stratum: forest_loss<br/>
lat, lon: 25.062586, 91.943887<br/>
<hr/>
Record your answer in:<br/>
<code>data/reference/interpretation_sylhet_author_b.csv</code><br/><br/>
Fields: class_t0, class_t3, confidence, notes<br/>
Classes: 0 non-forest, 1 natural forest, 2 plantation/tea, 3 water
]]></description><styleUrl>#forest_loss</styleUrl><Point><coordinates>91.943887,25.062586,0</coordinates></Point></Placemark>
<Placemark><name>SYL-0467</name><description><![CDATA[
<b>SYL-0467</b><br/>
stratum: forest_loss<br/>
lat, lon: 25.048033, 91.891335<br/>
<hr/>
Record your answer in:<br/>
<code>data/reference/interpretation_sylhet_author_b.csv</code><br/><br/>
Fields: class_t0, class_t3, confidence, notes<br/>
Classes: 0 non-forest, 1 natural forest, 2 plantation/tea, 3 water
]]></description><styleUrl>#forest_loss</styleUrl><Point><coordinates>91.891335,25.048033,0</coordinates></Point></Placemark>
<Placemark><name>SYL-0468</name><description><![CDATA[
<b>SYL-0468</b><br/>
stratum: forest_loss<br/>
lat, lon: 24.928377, 91.927717<br/>
<hr/>
Record your answer in:<br/>
<code>data/reference/interpretation_sylhet_author_b.csv</code><br/><br/>
Fields: class_t0, class_t3, confidence, notes<br/>
Classes: 0 non-forest, 1 natural forest, 2 plantation/tea, 3 water
]]></description><styleUrl>#forest_loss</styleUrl><Point><coordinates>91.927717,24.928377,0</coordinates></Point></Placemark>
<Placemark><name>SYL-0469</name><description><![CDATA[
<b>SYL-0469</b><br/>
stratum: forest_loss<br/>
lat, lon: 24.941852, 91.904271<br/>
<hr/>
Record your answer in:<br/>
<code>data/reference/interpretation_sylhet_author_b.csv</code><br/><br/>
Fields: class_t0, class_t3, confidence, notes<br/>
Classes: 0 non-forest, 1 natural forest, 2 plantation/tea, 3 water
]]></description><styleUrl>#forest_loss</styleUrl><Point><coordinates>91.904271,24.941852,0</coordinates></Point></Placemark>
<Placemark><name>SYL-0470</name><description><![CDATA[
<b>SYL-0470</b><br/>
stratum: forest_loss<br/>
lat, lon: 25.025126, 91.899690<br/>
<hr/>
Record your answer in:<br/>
<code>data/reference/interpretation_sylhet_author_b.csv</code><br/><br/>
Fields: class_t0, class_t3, confidence, notes<br/>
Classes: 0 non-forest, 1 natural forest, 2 plantation/tea, 3 water
]]></description><styleUrl>#forest_loss</styleUrl><Point><coordinates>91.899690,25.025126,0</coordinates></Point></Placemark>
<Placemark><name>SYL-0471</name><description><![CDATA[
<b>SYL-0471</b><br/>
stratum: forest_loss<br/>
lat, lon: 25.182241, 92.065698<br/>
<hr/>
Record your answer in:<br/>
<code>data/reference/interpretation_sylhet_author_b.csv</code><br/><br/>
Fields: class_t0, class_t3, confidence, notes<br/>
Classes: 0 non-forest, 1 natural forest, 2 plantation/tea, 3 water
]]></description><styleUrl>#forest_loss</styleUrl><Point><coordinates>92.065698,25.182241,0</coordinates></Point></Placemark>
<Placemark><name>SYL-0472</name><description><![CDATA[
<b>SYL-0472</b><br/>
stratum: forest_loss<br/>
lat, lon: 24.780425, 92.169454<br/>
<hr/>
Record your answer in:<br/>
<code>data/reference/interpretation_sylhet_author_b.csv</code><br/><br/>
Fields: class_t0, class_t3, confidence, notes<br/>
Classes: 0 non-forest, 1 natural forest, 2 plantation/tea, 3 water
]]></description><styleUrl>#forest_loss</styleUrl><Point><coordinates>92.169454,24.780425,0</coordinates></Point></Placemark>
<Placemark><name>SYL-0473</name><description><![CDATA[
<b>SYL-0473</b><br/>
stratum: forest_loss<br/>
lat, lon: 24.815190, 92.167028<br/>
<hr/>
Record your answer in:<br/>
<code>data/reference/interpretation_sylhet_author_b.csv</code><br/><br/>
Fields: class_t0, class_t3, confidence, notes<br/>
Classes: 0 non-forest, 1 natural forest, 2 plantation/tea, 3 water
]]></description><styleUrl>#forest_loss</styleUrl><Point><coordinates>92.167028,24.815190,0</coordinates></Point></Placemark>
<Placemark><name>SYL-0474</name><description><![CDATA[
<b>SYL-0474</b><br/>
stratum: forest_loss<br/>
lat, lon: 24.675591, 91.940383<br/>
<hr/>
Record your answer in:<br/>
<code>data/reference/interpretation_sylhet_author_b.csv</code><br/><br/>
Fields: class_t0, class_t3, confidence, notes<br/>
Classes: 0 non-forest, 1 natural forest, 2 plantation/tea, 3 water
]]></description><styleUrl>#forest_loss</styleUrl><Point><coordinates>91.940383,24.675591,0</coordinates></Point></Placemark>
<Placemark><name>SYL-0475</name><description><![CDATA[
<b>SYL-0475</b><br/>
stratum: forest_loss<br/>
lat, lon: 24.669932, 91.961404<br/>
<hr/>
Record your answer in:<br/>
<code>data/reference/interpretation_sylhet_author_b.csv</code><br/><br/>
Fields: class_t0, class_t3, confidence, notes<br/>
Classes: 0 non-forest, 1 natural forest, 2 plantation/tea, 3 water
]]></description><styleUrl>#forest_loss</styleUrl><Point><coordinates>91.961404,24.669932,0</coordinates></Point></Placemark>
<Placemark><name>SYL-0476</name><description><![CDATA[
<b>SYL-0476</b><br/>
stratum: forest_loss<br/>
lat, lon: 25.125378, 92.199907<br/>
<hr/>
Record your answer in:<br/>
<code>data/reference/interpretation_sylhet_author_b.csv</code><br/><br/>
Fields: class_t0, class_t3, confidence, notes<br/>
Classes: 0 non-forest, 1 natural forest, 2 plantation/tea, 3 water
]]></description><styleUrl>#forest_loss</styleUrl><Point><coordinates>92.199907,25.125378,0</coordinates></Point></Placemark>
<Placemark><name>SYL-0477</name><description><![CDATA[
<b>SYL-0477</b><br/>
stratum: forest_loss<br/>
lat, lon: 25.079564, 91.815607<br/>
<hr/>
Record your answer in:<br/>
<code>data/reference/interpretation_sylhet_author_b.csv</code><br/><br/>
Fields: class_t0, class_t3, confidence, notes<br/>
Classes: 0 non-forest, 1 natural forest, 2 plantation/tea, 3 water
]]></description><styleUrl>#forest_loss</styleUrl><Point><coordinates>91.815607,25.079564,0</coordinates></Point></Placemark>
<Placemark><name>SYL-0478</name><description><![CDATA[
<b>SYL-0478</b><br/>
stratum: forest_loss<br/>
lat, lon: 25.074443, 91.907236<br/>
<hr/>
Record your answer in:<br/>
<code>data/reference/interpretation_sylhet_author_b.csv</code><br/><br/>
Fields: class_t0, class_t3, confidence, notes<br/>
Classes: 0 non-forest, 1 natural forest, 2 plantation/tea, 3 water
]]></description><styleUrl>#forest_loss</styleUrl><Point><coordinates>91.907236,25.074443,0</coordinates></Point></Placemark>
<Placemark><name>SYL-0479</name><description><![CDATA[
<b>SYL-0479</b><br/>
stratum: forest_loss<br/>
lat, lon: 24.842947, 92.036862<br/>
<hr/>
Record your answer in:<br/>
<code>data/reference/interpretation_sylhet_author_b.csv</code><br/><br/>
Fields: class_t0, class_t3, confidence, notes<br/>
Classes: 0 non-forest, 1 natural forest, 2 plantation/tea, 3 water
]]></description><styleUrl>#forest_loss</styleUrl><Point><coordinates>92.036862,24.842947,0</coordinates></Point></Placemark>
<Placemark><name>SYL-0480</name><description><![CDATA[
<b>SYL-0480</b><br/>
stratum: forest_loss<br/>
lat, lon: 24.939157, 91.886484<br/>
<hr/>
Record your answer in:<br/>
<code>data/reference/interpretation_sylhet_author_b.csv</code><br/><br/>
Fields: class_t0, class_t3, confidence, notes<br/>
Classes: 0 non-forest, 1 natural forest, 2 plantation/tea, 3 water
]]></description><styleUrl>#forest_loss</styleUrl><Point><coordinates>91.886484,24.939157,0</coordinates></Point></Placemark>
<Placemark><name>SYL-0481</name><description><![CDATA[
<b>SYL-0481</b><br/>
stratum: forest_loss<br/>
lat, lon: 25.079025, 91.730178<br/>
<hr/>
Record your answer in:<br/>
<code>data/reference/interpretation_sylhet_author_b.csv</code><br/><br/>
Fields: class_t0, class_t3, confidence, notes<br/>
Classes: 0 non-forest, 1 natural forest, 2 plantation/tea, 3 water
]]></description><styleUrl>#forest_loss</styleUrl><Point><coordinates>91.730178,25.079025,0</coordinates></Point></Placemark>
<Placemark><name>SYL-0482</name><description><![CDATA[
<b>SYL-0482</b><br/>
stratum: forest_loss<br/>
lat, lon: 25.072287, 91.912086<br/>
<hr/>
Record your answer in:<br/>
<code>data/reference/interpretation_sylhet_author_b.csv</code><br/><br/>
Fields: class_t0, class_t3, confidence, notes<br/>
Classes: 0 non-forest, 1 natural forest, 2 plantation/tea, 3 water
]]></description><styleUrl>#forest_loss</styleUrl><Point><coordinates>91.912086,25.072287,0</coordinates></Point></Placemark>
<Placemark><name>SYL-0483</name><description><![CDATA[
<b>SYL-0483</b><br/>
stratum: forest_loss<br/>
lat, lon: 24.960178, 92.004523<br/>
<hr/>
Record your answer in:<br/>
<code>data/reference/interpretation_sylhet_author_b.csv</code><br/><br/>
Fields: class_t0, class_t3, confidence, notes<br/>
Classes: 0 non-forest, 1 natural forest, 2 plantation/tea, 3 water
]]></description><styleUrl>#forest_loss</styleUrl><Point><coordinates>92.004523,24.960178,0</coordinates></Point></Placemark>
<Placemark><name>SYL-0484</name><description><![CDATA[
<b>SYL-0484</b><br/>
stratum: forest_loss<br/>
lat, lon: 24.675322, 91.940383<br/>
<hr/>
Record your answer in:<br/>
<code>data/reference/interpretation_sylhet_author_b.csv</code><br/><br/>
Fields: class_t0, class_t3, confidence, notes<br/>
Classes: 0 non-forest, 1 natural forest, 2 plantation/tea, 3 water
]]></description><styleUrl>#forest_loss</styleUrl><Point><coordinates>91.940383,24.675322,0</coordinates></Point></Placemark>
<Placemark><name>SYL-0485</name><description><![CDATA[
<b>SYL-0485</b><br/>
stratum: forest_loss<br/>
lat, lon: 25.108939, 91.987275<br/>
<hr/>
Record your answer in:<br/>
<code>data/reference/interpretation_sylhet_author_b.csv</code><br/><br/>
Fields: class_t0, class_t3, confidence, notes<br/>
Classes: 0 non-forest, 1 natural forest, 2 plantation/tea, 3 water
]]></description><styleUrl>#forest_loss</styleUrl><Point><coordinates>91.987275,25.108939,0</coordinates></Point></Placemark>
<Placemark><name>SYL-0486</name><description><![CDATA[
<b>SYL-0486</b><br/>
stratum: forest_loss<br/>
lat, lon: 24.651337, 91.982424<br/>
<hr/>
Record your answer in:<br/>
<code>data/reference/interpretation_sylhet_author_b.csv</code><br/><br/>
Fields: class_t0, class_t3, confidence, notes<br/>
Classes: 0 non-forest, 1 natural forest, 2 plantation/tea, 3 water
]]></description><styleUrl>#forest_loss</styleUrl><Point><coordinates>91.982424,24.651337,0</coordinates></Point></Placemark>
<Placemark><name>SYL-0487</name><description><![CDATA[
<b>SYL-0487</b><br/>
stratum: forest_loss<br/>
lat, lon: 24.955596, 92.008026<br/>
<hr/>
Record your answer in:<br/>
<code>data/reference/interpretation_sylhet_author_b.csv</code><br/><br/>
Fields: class_t0, class_t3, confidence, notes<br/>
Classes: 0 non-forest, 1 natural forest, 2 plantation/tea, 3 water
]]></description><styleUrl>#forest_loss</styleUrl><Point><coordinates>92.008026,24.955596,0</coordinates></Point></Placemark>
<Placemark><name>SYL-0488</name><description><![CDATA[
<b>SYL-0488</b><br/>
stratum: forest_loss<br/>
lat, lon: 24.660769, 91.981347<br/>
<hr/>
Record your answer in:<br/>
<code>data/reference/interpretation_sylhet_author_b.csv</code><br/><br/>
Fields: class_t0, class_t3, confidence, notes<br/>
Classes: 0 non-forest, 1 natural forest, 2 plantation/tea, 3 water
]]></description><styleUrl>#forest_loss</styleUrl><Point><coordinates>91.981347,24.660769,0</coordinates></Point></Placemark>
<Placemark><name>SYL-0489</name><description><![CDATA[
<b>SYL-0489</b><br/>
stratum: forest_loss<br/>
lat, lon: 24.663195, 91.960595<br/>
<hr/>
Record your answer in:<br/>
<code>data/reference/interpretation_sylhet_author_b.csv</code><br/><br/>
Fields: class_t0, class_t3, confidence, notes<br/>
Classes: 0 non-forest, 1 natural forest, 2 plantation/tea, 3 water
]]></description><styleUrl>#forest_loss</styleUrl><Point><coordinates>91.960595,24.663195,0</coordinates></Point></Placemark>
<Placemark><name>SYL-0490</name><description><![CDATA[
<b>SYL-0490</b><br/>
stratum: forest_loss<br/>
lat, lon: 25.136697, 91.791083<br/>
<hr/>
Record your answer in:<br/>
<code>data/reference/interpretation_sylhet_author_b.csv</code><br/><br/>
Fields: class_t0, class_t3, confidence, notes<br/>
Classes: 0 non-forest, 1 natural forest, 2 plantation/tea, 3 water
]]></description><styleUrl>#forest_loss</styleUrl><Point><coordinates>91.791083,25.136697,0</coordinates></Point></Placemark>
<Placemark><name>SYL-0491</name><description><![CDATA[
<b>SYL-0491</b><br/>
stratum: forest_loss<br/>
lat, lon: 24.779616, 92.147625<br/>
<hr/>
Record your answer in:<br/>
<code>data/reference/interpretation_sylhet_author_b.csv</code><br/><br/>
Fields: class_t0, class_t3, confidence, notes<br/>
Classes: 0 non-forest, 1 natural forest, 2 plantation/tea, 3 water
]]></description><styleUrl>#forest_loss</styleUrl><Point><coordinates>92.147625,24.779616,0</coordinates></Point></Placemark>
<Placemark><name>SYL-0492</name><description><![CDATA[
<b>SYL-0492</b><br/>
stratum: forest_loss<br/>
lat, lon: 24.847798, 92.003984<br/>
<hr/>
Record your answer in:<br/>
<code>data/reference/interpretation_sylhet_author_b.csv</code><br/><br/>
Fields: class_t0, class_t3, confidence, notes<br/>
Classes: 0 non-forest, 1 natural forest, 2 plantation/tea, 3 water
]]></description><styleUrl>#forest_loss</styleUrl><Point><coordinates>92.003984,24.847798,0</coordinates></Point></Placemark>
<Placemark><name>SYL-0493</name><description><![CDATA[
<b>SYL-0493</b><br/>
stratum: forest_loss<br/>
lat, lon: 24.963412, 91.907236<br/>
<hr/>
Record your answer in:<br/>
<code>data/reference/interpretation_sylhet_author_b.csv</code><br/><br/>
Fields: class_t0, class_t3, confidence, notes<br/>
Classes: 0 non-forest, 1 natural forest, 2 plantation/tea, 3 water
]]></description><styleUrl>#forest_loss</styleUrl><Point><coordinates>91.907236,24.963412,0</coordinates></Point></Placemark>
<Placemark><name>SYL-0494</name><description><![CDATA[
<b>SYL-0494</b><br/>
stratum: forest_loss<br/>
lat, lon: 24.673166, 91.940383<br/>
<hr/>
Record your answer in:<br/>
<code>data/reference/interpretation_sylhet_author_b.csv</code><br/><br/>
Fields: class_t0, class_t3, confidence, notes<br/>
Classes: 0 non-forest, 1 natural forest, 2 plantation/tea, 3 water
]]></description><styleUrl>#forest_loss</styleUrl><Point><coordinates>91.940383,24.673166,0</coordinates></Point></Placemark>
<Placemark><name>SYL-0495</name><description><![CDATA[
<b>SYL-0495</b><br/>
stratum: forest_loss<br/>
lat, lon: 24.941313, 92.033628<br/>
<hr/>
Record your answer in:<br/>
<code>data/reference/interpretation_sylhet_author_b.csv</code><br/><br/>
Fields: class_t0, class_t3, confidence, notes<br/>
Classes: 0 non-forest, 1 natural forest, 2 plantation/tea, 3 water
]]></description><styleUrl>#forest_loss</styleUrl><Point><coordinates>92.033628,24.941313,0</coordinates></Point></Placemark>
<Placemark><name>SYL-0496</name><description><![CDATA[
<b>SYL-0496</b><br/>
stratum: forest_loss<br/>
lat, lon: 25.110556, 92.003445<br/>
<hr/>
Record your answer in:<br/>
<code>data/reference/interpretation_sylhet_author_b.csv</code><br/><br/>
Fields: class_t0, class_t3, confidence, notes<br/>
Classes: 0 non-forest, 1 natural forest, 2 plantation/tea, 3 water
]]></description><styleUrl>#forest_loss</styleUrl><Point><coordinates>92.003445,25.110556,0</coordinates></Point></Placemark>
<Placemark><name>SYL-0497</name><description><![CDATA[
<b>SYL-0497</b><br/>
stratum: forest_loss<br/>
lat, lon: 24.961525, 91.958170<br/>
<hr/>
Record your answer in:<br/>
<code>data/reference/interpretation_sylhet_author_b.csv</code><br/><br/>
Fields: class_t0, class_t3, confidence, notes<br/>
Classes: 0 non-forest, 1 natural forest, 2 plantation/tea, 3 water
]]></description><styleUrl>#forest_loss</styleUrl><Point><coordinates>91.958170,24.961525,0</coordinates></Point></Placemark>
<Placemark><name>SYL-0498</name><description><![CDATA[
<b>SYL-0498</b><br/>
stratum: forest_loss<br/>
lat, lon: 25.075791, 91.993204<br/>
<hr/>
Record your answer in:<br/>
<code>data/reference/interpretation_sylhet_author_b.csv</code><br/><br/>
Fields: class_t0, class_t3, confidence, notes<br/>
Classes: 0 non-forest, 1 natural forest, 2 plantation/tea, 3 water
]]></description><styleUrl>#forest_loss</styleUrl><Point><coordinates>91.993204,25.075791,0</coordinates></Point></Placemark>
<Placemark><name>SYL-0499</name><description><![CDATA[
<b>SYL-0499</b><br/>
stratum: forest_loss<br/>
lat, lon: 24.948320, 91.963021<br/>
<hr/>
Record your answer in:<br/>
<code>data/reference/interpretation_sylhet_author_b.csv</code><br/><br/>
Fields: class_t0, class_t3, confidence, notes<br/>
Classes: 0 non-forest, 1 natural forest, 2 plantation/tea, 3 water
]]></description><styleUrl>#forest_loss</styleUrl><Point><coordinates>91.963021,24.948320,0</coordinates></Point></Placemark>
<Placemark><name>SYL-0500</name><description><![CDATA[
<b>SYL-0500</b><br/>
stratum: forest_loss<br/>
lat, lon: 24.966376, 91.974609<br/>
<hr/>
Record your answer in:<br/>
<code>data/reference/interpretation_sylhet_author_b.csv</code><br/><br/>
Fields: class_t0, class_t3, confidence, notes<br/>
Classes: 0 non-forest, 1 natural forest, 2 plantation/tea, 3 water
]]></description><styleUrl>#forest_loss</styleUrl><Point><coordinates>91.974609,24.966376,0</coordinates></Point></Placemark>
</Folder>
</Document></kml>